date,era5_land_sm,esa_cci_sm,smap_ib_sm,smap_dca_sm,smap_scav_sm,smos_ic_sm,smos_l3_sm,mcd12c1_IGBP_land_cover,soilgrid_clay_fraction,soilgrid_bulk_density,era5_surface_temperature,vwc_mod13_sf_land,smap_tb_v_corrected,smap_tb_h_corrected,era5_prep,era5_evap,koppen_climate_5_types,pgml_sm,insitu_sm
20150401.0,0.154368907213211,0.2556041479110718,,0.1395297795534134,0.1417315453290939,,,10.0,0.1798536628484726,1.3645503520965576,287.32086181640625,1.498132348060608,267.0108642578125,255.5503845214844,0.0034309474285691,2.572826147079468,300.0,0.1428114175796508,0.1390017158229707
20150402.0,0.1496237218379974,0.2639639377593994,,,,,,,,,,,,,,,,,
20150403.0,0.1447827965021133,0.2549186944961548,0.1916473954916,0.1310896128416061,0.1314990818500518,0.0642498806118965,0.0534379109740257,10.0,0.1798536628484726,1.3645503520965576,286.7416381835937,1.479684829711914,267.213623046875,254.36087036132807,0.0008523463038727,2.7630157470703125,300.0,0.1418084651231765,0.1332483316057097
20150404.0,0.1400007009506225,0.2592222988605499,,,,,,,,,,,,,,,,,
20150405.0,0.1381411105394363,0.2470511496067047,,,,0.0656124204397201,0.0583513900637626,,,,,,,,,,,,
20150406.0,0.1836492866277694,0.26056769490242,0.240784540772438,0.1329736858606338,0.1340308189392089,,0.029053620994091,10.0,0.1798536628484726,1.3645503520965576,282.9666748046875,1.4525797367095947,264.9447631835937,252.6455078125,0.2630645334720611,2.187349796295166,300.0,0.1345974802970886,0.1257497194719975
20150407.0,0.2320829927921295,0.2637636661529541,,,,,,,,,,,,,,,,,
20150408.0,0.3594633936882019,0.3260556161403656,0.3683118224143982,0.2786286771297455,0.2484059780836105,0.2045709192752838,0.2361217141151428,10.0,0.1798536628484726,1.3645503520965576,282.98321533203125,1.429505705833435,251.07254028320312,236.30044555664065,3.2695279121398926,3.040122032165528,300.0,0.2920102179050445,0.2251211202945857
20150409.0,0.3074540197849273,0.2980788350105285,0.3537218272686004,0.2377938628196716,0.2164245545864105,,,10.0,0.1798536628484726,1.3645503520965576,284.3551025390625,1.4150569438934326,254.70993041992188,240.57470703125,0.0008597277919761,3.252690553665161,300.0,0.2529062032699585,0.2101849597276433
20150410.0,0.2768035531044006,0.2822447717189789,,,,,0.2108523845672607,,,,,,,,,,,,
20150411.0,0.2506377100944519,0.2725248038768768,0.3308588862419128,0.2218701988458633,0.2083482444286346,,0.1418195068836212,10.0,0.1798536628484726,1.3645503520965576,287.4691467285156,1.3875811100006104,257.79217529296875,240.33970642089844,0.0025629987940192,3.3878426551818848,300.0,0.2411410510540008,0.1951608476531039
20150412.0,0.2289453297853469,0.2813563048839569,,,,,,,,,,,,,,,,,
20150413.0,0.2088987380266189,0.2650100588798523,,,,0.1325142234563827,0.1593676507472992,,,,,,,,,,,,
20150414.0,0.1946360915899276,0.2602376639842987,0.2768469154834747,0.1829672157764434,0.1746604740619659,,,10.0,0.1798536628484726,1.3645503520965576,287.2474365234375,1.3465280532836914,262.66729736328125,249.63671875,0.5389868021011353,3.346090078353882,300.0,0.1846921443939209,0.1768050000058144
20150415.0,0.1822925209999084,0.2595758736133575,,,,,0.0923184901475906,,,,,,,,,,,,
20150416.0,0.1671724915504455,0.2738174796104431,0.1904626786708831,0.1504536122083664,0.1467643529176712,0.0849045813083648,0.0786767154932022,10.0,0.1798536628484726,1.3645503520965576,289.2841186523437,1.3194236755371094,265.73291015625,251.5247802734375,0.000435113790445,3.621567964553833,300.0,0.164030522108078,0.1660037748691556
20150417.0,0.1553845107555389,0.2692211866378784,0.2384563833475113,0.1329425573348999,0.1372263729572296,,,10.0,0.1798536628484726,1.3645503520965576,290.4664306640625,1.3059511184692385,268.04931640625,257.17254638671875,0.0008523463038727,3.40403151512146,300.0,0.1394672393798828,0.1612321308123597
20150418.0,0.1460479795932769,0.2579320669174194,,,,0.0850147828459739,0.0949430838227272,,,,,,,,,,,,
20150419.0,0.1390030682086944,0.2563954293727875,0.2119351178407669,0.1259703785181045,0.1256817877292633,,,10.0,0.1798536628484726,1.3645503520965576,292.0706787109375,1.2791640758514404,271.02081298828125,257.4747619628906,0.0,2.868000030517578,300.0,0.1248363256454467,0.1516062105011764
20150420.0,0.1335963606834411,0.2549414336681366,,,,,,,,,,,,,,,,,
20150421.0,0.1299161612987518,0.2470830976963043,,,,0.0743219330906868,0.0557268001139164,,,,,,,,,,,,
20150422.0,0.1283361315727234,0.252410888671875,0.1754131615161895,0.1021690294146537,0.1024914383888244,,,10.0,0.1798536628484726,1.3645503520965576,290.37274169921875,1.239405393600464,272.50445556640625,259.2939758300781,0.0889552384614944,1.867480754852295,300.0,0.1065367236733436,0.1397322824163159
20150423.0,0.1271586269140243,0.2448710948228836,,,,0.066702090203762,0.0644856095314025,,,,,,,,,,,,
20150424.0,0.125415489077568,0.2428823411464691,,0.1046894118189811,0.1100841164588928,,0.0191351063549518,10.0,0.1798536628484726,1.3645503520965576,290.90155029296875,1.2128429412841797,272.4849548339844,260.76470947265625,0.3461889028549194,1.891716241836548,300.0,0.1054198965430259,0.1316772771000844
20150425.0,0.2751982510089874,0.2287055999040603,0.3671829402446747,0.2780557572841644,0.2498820126056671,,,10.0,0.1798536628484726,1.3645503520965576,287.97222900390625,1.199456810951233,253.83151245117188,237.54347229003903,24.791650772094727,3.0853211879730225,300.0,0.2441795319318771,0.183993772671118
20150426.0,0.3279822170734405,,,,,0.1802428215742111,0.1956541687250137,,,,,,,,,,,,
20150427.0,0.2774805128574371,0.2767537534236908,0.3324130177497864,0.199361115694046,0.1936609297990799,,,10.0,0.1798536628484726,1.3645503520965576,290.18902587890625,1.1729300022125244,260.694580078125,239.1220550537109,0.0017275479622185,4.343978404998779,300.0,0.2079528123140335,0.18550320027181
20150428.0,0.2433613687753677,0.2852483093738556,,,,,0.1788079440593719,,,,,,,,,,,,
20150429.0,0.2159878611564636,0.2695823311805725,,,,,0.1121555194258689,,,,,,,,,,,,
20150430.0,0.1938233524560928,0.2664365768432617,0.2565168142318725,0.1686200648546219,0.1608416438102722,,,10.0,0.1798536628484726,1.3645503520965576,292.66015625,1.1335406303405762,266.8245849609375,252.3391876220703,0.0008523463038727,3.888983964920044,300.0,0.1550455689430236,0.1624776958727618
20150501.0,0.1738424003124237,0.2601655125617981,,,,0.0953690707683563,0.1013824865221977,,,,,,,,,,,,
20150502.0,0.1562454998493194,0.2497178465127945,0.1924662292003631,0.1443862020969391,0.1392364799976349,,,10.0,0.1798536628484726,1.3645503520965576,294.8178100585937,1.1075576543807983,271.0887451171875,255.6244354248047,0.0,3.587042808532715,300.0,0.1331085413694381,0.1473572322774778
20150503.0,0.1442128866910934,0.2439922094345092,0.1981572806835174,0.1234070733189582,0.1262472569942474,,0.0590227991342544,10.0,0.1798536628484726,1.3645503520965576,293.4114685058594,1.0946494340896606,272.0086364746094,259.9414978027344,0.0012951614335179,3.057780742645264,300.0,0.1052819266915321,0.1400318837885006
20150504.0,0.1363459825515747,0.2358585894107818,,,,0.0484979525208473,0.0280465111136436,,,,,,,,,,,,
20150505.0,0.1310405135154724,0.226022332906723,0.1688650250434875,0.1060453951358795,0.1072569116950035,,,10.0,0.1798536628484726,1.3645503520965576,291.0732421875,1.0689990520477295,272.39483642578125,259.1190490722656,0.0,2.45750093460083,300.0,0.095567986369133,0.1298480057981458
20150506.0,0.1270274519920349,0.2317176312208175,,,,0.0732591226696968,0.0746482759714126,,,,,,,,,,,,
20150507.0,0.1303306370973587,0.2260805964469909,,,,,,,,,,,,,,,,,
20150508.0,0.1465263366699218,,0.2110754698514938,0.1474877148866653,0.1473228633403778,,,10.0,0.1798536628484726,1.3645503520965576,288.3645324707031,1.030846357345581,265.5735168457031,254.4089508056641,0.2215240150690078,2.1134982109069824,300.0,0.1247345358133316,0.1192274511601118
20150509.0,0.1393315494060516,0.25147545337677,,,,0.082478754222393,0.0698873847723007,,,,,,,,,,,,
20150510.0,0.1320807635784149,0.2442219406366348,0.1661593914031982,0.1254853308200836,0.1253934055566787,,,10.0,0.1798536628484726,1.3645503520965576,291.9171142578125,1.0068734884262085,270.1459655761719,256.86962890625,0.0008523463038727,2.408172845840454,300.0,0.1108046174049377,0.1165523431201287
20150511.0,0.1263155043125152,0.2396372556686401,0.1953828185796737,0.1071184277534484,0.1143524348735809,0.070384532213211,0.0661030933260917,10.0,0.1798536628484726,1.3645503520965576,291.5737609863281,0.9956498146057128,271.7897033691406,260.8212280273437,0.0025932530406862,2.15902042388916,300.0,0.0954743400216102,0.1137858470469976
20150512.0,0.1226789429783821,0.2209897637367248,,,,,0.0202948097139596,,,,,,,,,,,,
20150514.0,0.1184376403689384,0.2015519887208938,,,,0.0471527017652988,0.0362865068018436,,,,,,,,,,,,
20150515.0,0.128829687833786,0.2430669665336609,,,,,,,,,,,,,,,,,
20150516.0,0.1276566535234451,0.2555448710918426,0.2807475626468658,0.17884162068367,0.1683756411075592,,0.1933347582817077,10.0,0.1798536628484726,1.3645503520965576,291.0682067871094,0.9395429491996764,263.079345703125,248.4871826171875,0.0188242401927709,1.7937592267990112,300.0,0.1681955754756927,0.1927889129940818
20150517.0,0.1235872358083725,0.2456748932600021,,,,,0.0975371599197387,,,,,,,,,,,,
20150518.0,0.121766984462738,0.2360940128564834,0.2294639945030212,0.1370934098958969,0.1304888278245926,,,10.0,0.1798536628484726,1.3645503520965576,290.9365539550781,0.9174359440803528,268.160400390625,251.21832275390625,0.0074194916523993,1.710675597190857,300.0,0.1255536377429962,0.1770963265237781
20150519.0,0.1187418848276138,0.2344584465026855,0.233977660536766,0.1394184976816177,0.1378475427627563,0.0999102368950843,0.1020844131708145,10.0,0.1798536628484726,1.3645503520965576,291.44342041015625,0.9064513444900512,267.3480224609375,254.53585815429688,0.011239088140428,1.7850183248519895,300.0,0.1286543607711792,0.1712442667053014
20150520.0,0.1164165139198303,0.2309875041246414,,,,,,,,,,,,,,,,,
20150521.0,0.1162181496620178,0.2220001965761184,0.1953510344028473,0.1158146560192108,0.115167461335659,,0.0766624957323074,10.0,0.1798536628484726,1.3645503520965576,291.2041015625,0.8846194744110107,271.021728515625,257.120361328125,0.8987654447555542,1.4383951425552368,300.0,0.0953707247972488,0.1596573575242865
20150522.0,0.1281109452247619,0.2217275947332382,,,,0.0625157207250595,0.0363170281052589,,,,,,,,,,,,
20150523.0,0.1317098140716552,0.212207019329071,,,,,,,,,,,,,,,,,
20150524.0,0.1281298398971557,0.2288138270378112,0.1982548981904983,0.1041123643517494,0.1097893416881561,0.0785164237022399,0.0816370099782943,10.0,0.1798536628484726,1.3645503520965576,292.64044189453125,0.8522835969924927,272.0594787597656,260.53228759765625,0.0017084161518141,1.9724104404449463,300.0,0.0925375521183013,0.1471197369410973
20150525.0,0.1218848079442977,0.2222590893507003,,,,,,,,,,,,,,,,,
20150526.0,0.1174974516034126,0.2173985689878463,0.1343025863170623,0.1063659787178039,0.1103713512420654,,,10.0,0.1798536628484726,1.3645503520965576,293.5774841308594,0.8300883173942566,272.713623046875,260.5780334472656,0.0,1.7976027727127075,300.0,0.0928620845079422,0.1377080220655191
20150527.0,0.1147174835205078,0.2144990712404251,0.1628364026546478,0.0958002507686615,0.0997415632009506,0.0542823150753974,0.0333262123167514,10.0,0.1798536628484726,1.3645503520965576,293.9638977050781,0.8185626268386841,274.24493408203125,261.7320556640625,0.0008642672910355,1.804171442985535,300.0,0.0855856388807296,0.1334547547671782
20150528.0,0.1128139793872833,0.215509682893753,,,,,,,,,,,,,,,,,
20150529.0,0.1117250695824623,0.2036762237548828,0.1499900072813034,0.0933237671852111,0.0970069915056228,0.053455576300621,0.048707541078329,10.0,0.1798536628484726,1.3645503520965576,295.5268249511719,0.7958849668502808,275.60992431640625,262.74786376953125,0.0008523463620804,1.7518260478973389,300.0,0.0805298313498497,0.1274169806512364
20150530.0,0.1107075065374374,0.208099752664566,,,,,0.0,,,,,,,,,,,,
20150531.0,0.109948880970478,0.1937949061393737,,,,,,,,,,,,,,,,,
20150601.0,0.1095635816454887,0.1822951436042785,0.1371926665306091,0.0878521203994751,0.0988520383834838,0.041594460606575,0.0245368815958499,10.0,0.1798536628484726,1.3645503520965576,293.5459289550781,0.7622279524803162,275.3671569824219,264.609619140625,0.0037418054416775,1.3196921348571775,300.0,0.0695822536945343,0.116849352398595
20150602.0,0.1094309315085411,0.1908829659223556,,,,,,,,,,,,,,,,,
20150603.0,0.1090657040476799,0.1953994184732437,0.1274125874042511,0.0953771248459816,0.0956209748983383,0.0653205066919326,0.0641193911433219,10.0,0.1798536628484726,1.3645503520965576,296.5454406738281,0.7400561571121216,276.7948608398437,262.75665283203125,0.0008583068847656,1.5378812551498413,300.0,0.070235751569271,0.1142587968951184
20150604.0,0.1088237166404724,0.1853722184896469,0.1234085783362388,0.0775658637285232,0.0938048362731933,,0.0,10.0,0.1798536628484726,1.3645503520965576,294.90118408203125,0.7290500998497009,276.2255859375,266.54278564453125,0.0026211701333522,1.4236818552017212,300.0,0.0668793469667434,0.11196638618026
20150605.0,0.1085761934518814,0.1894271075725555,,,,,,,,,,,,,,,,,
20150606.0,0.109759084880352,0.192385122179985,0.1489142328500747,0.0843572095036506,0.0868604183197021,0.0474213324487209,0.0414136163890361,10.0,0.1798536628484726,1.3645503520965576,298.05426025390625,0.7071976661682129,279.1363830566406,265.7633056640625,0.0048051928170025,1.6184487342834473,300.0,0.0598092749714851,0.1089335296809176
20150607.0,0.1088667884469032,0.1970936208963394,,,,,,,,,,,,,,,,,
20150608.0,0.1082726567983627,0.1869792342185974,,,,,0.0615558326244354,,,,,,,,,,,,
20150609.0,0.1077527850866317,0.1897481977939605,0.1453156024217605,0.0996309742331504,0.1027485206723213,0.039032582193613,0.0186773277819156,10.0,0.1798536628484726,1.3645503520965576,302.3741760253906,0.6744331121444702,281.43292236328125,268.38153076171875,0.0,1.3711053133010864,300.0,0.0428782701492309,0.1056184249190556
20150610.0,0.1338444203138351,0.1906926929950714,,,,,,,,,,,,,,,,,
20150611.0,0.1845270544290542,0.2043616324663162,0.1306863874197006,0.1068020239472389,0.1102313920855522,0.0752133801579475,0.0697347968816757,10.0,0.1798536628484726,1.3645503520965576,296.7606506347656,0.6577954888343811,277.0424194335937,264.5738220214844,0.0062414151616394,2.91612195968628,300.0,0.0681995302438736,0.0992472545281423
20150612.0,0.1599946767091751,0.2093983590602874,0.1584004759788513,0.0982682555913925,0.1014585644006729,,,10.0,0.1798536628484726,1.3645503520965576,299.1253967285156,0.6523926854133606,279.68927001953125,266.74383544921875,0.0,3.0168895721435547,300.0,0.0608908534049987,0.1036133455016732
20150613.0,0.139715775847435,0.18670654296875,,,,,,,,,,,,,,,,,
20150614.0,0.1255117803812027,0.1612861007452011,0.1264213621616363,0.0924247875809669,0.0951158106327056,0.0408569350838661,0.0224616229534149,10.0,0.1798536628484726,1.3645503520965576,298.36700439453125,0.6404155492782593,280.717041015625,267.1827697753906,0.0004418622993398,2.0827412605285645,300.0,0.0557323805987834,0.0984550644078842
20150615.0,0.1179167032241821,0.1681282222270965,,,,,,,,,,,,,,,,,
20150616.0,0.1138296574354171,0.1556458622217178,,,,0.04672522097826,0.0362865068018436,,,,,,,,,,,,
20150617.0,0.1112807020545005,0.1715174317359924,,,,,,,,,,,,,,,,,
20150618.0,0.1097938492894172,0.1630767285823822,,,,,,,,,,,,,,,,,
20150619.0,0.1089561358094215,0.1578908562660217,0.0907009243965148,0.0906445682048797,0.0987744107842445,0.0423366203904151,0.0248725861310958,10.0,0.1798536628484726,1.3645503520965576,298.3886108398437,0.6111451387405396,279.0529479980469,267.431640625,0.0012814998626708,1.518861174583435,300.0,0.0532574467360973,0.0892223083073193
20150620.0,0.1083635613322258,0.1708062142133712,0.138544499874115,,,,,,,,,,,,,,,,
20150621.0,0.1079375967383384,0.1683940440416336,,,,0.0415825173258781,0.0259712524712085,,,,,,,,,,,,
20150622.0,0.1077326759696006,0.1572042256593704,0.1128205358982086,0.0789242312312126,0.0906184613704681,,0.0047914059832692,10.0,0.1798536628484726,1.3645503520965576,297.3240661621094,0.5937827825546265,279.66119384765625,268.7550048828125,0.0,1.3423259258270264,300.0,0.0501069910824298,0.0838234314030671
20150623.0,0.1075504124164581,0.1508016884326934,,,,,,,,,,,,,,,,,
20150624.0,0.1073815077543258,0.1613386273384094,,,,0.0404012091457843,0.0251472517848014,,,,,,,,,,,,
20150625.0,0.1072452589869499,0.1574708223342895,,,,,,,,,,,,,,,,,
20150626.0,0.1070807129144668,0.1664004325866699,,,,,0.0255439933389425,,,,,,,,,,,,
20150627.0,0.1070074364542961,0.1489564776420593,,0.0804239585995674,0.0878451317548751,,0.0,10.0,0.1798536628484726,1.3645503520965576,302.0130310058594,0.5688408613204956,283.8704833984375,271.6475830078125,0.0,1.2893590927124023,300.0,0.035070639103651,0.079503850239369
20150628.0,0.1070471778512001,0.1444603651762008,,0.0535914152860641,0.0558837614953517,,,10.0,0.1798536628484726,1.3645503520965576,301.3458251953125,0.5675985813140869,286.644775390625,273.925048828125,0.0079444479197263,1.1805884838104248,300.0,0.029804402962327,0.0779733334589851
20150629.0,0.1070666462182998,0.1645380407571792,,,,,,,,,,,,,,,,,
20150630.0,0.1070371717214584,0.1574733704328537,0.120858184993267,0.0820522010326385,0.0861375704407692,,,10.0,0.1798536628484726,1.3645503520965576,303.74822998046875,0.5640766620635986,284.0933837890625,270.8754272460937,0.0221512019634246,1.3247162103652954,300.0,0.0325586833059787,0.0766866756837224
20150701.0,0.1070614457130432,0.1627614796161651,,,,,0.075746938586235,,,,,,,,,,,,
20150702.0,0.1070748940110206,0.1663830876350402,,,,0.0460329353809356,0.0359202846884727,,,,,,,,,,,,
20150703.0,0.1069970354437828,0.1598616391420364,0.1270157396793365,0.0961268693208694,0.1003353595733642,,,10.0,0.1798536628484726,1.3645503520965576,303.32159423828125,0.5590002536773682,282.70556640625,269.9290466308594,0.0058349310420453,1.1368671655654907,300.0,0.0310207344591617,0.0734339077166845
20150704.0,0.1069965735077858,0.1679246574640274,,,,0.043212104588747,0.0333262123167514,,,,,,,,,,,,
20150705.0,0.1069884225726127,0.153323158621788,0.0820920839905738,0.0884563401341438,0.094193086028099,,,10.0,0.1798536628484726,1.3645503520965576,301.4404296875,0.5556232929229736,283.0431213378906,270.3464050292969,0.0017253230325877,1.0901848077774048,300.0,0.0318939425051212,0.0727205794367475
20150706.0,0.1070171073079109,0.1518477946519851,0.0917070209980011,0.0699821189045906,0.0769293829798698,,,10.0,0.1798536628484726,1.3645503520965576,299.5551452636719,0.5539371371269226,283.9212341308594,271.72186279296875,0.0008559238631278,1.0418614149093628,300.0,0.0317858420312404,0.0711436275686908
20150707.0,0.1070143058896064,0.154426634311676,,,,0.0370467416942119,0.0194097720086574,,,,,,,,,,,,
20150708.0,0.1070655584335327,0.1489191502332687,,0.0777725130319595,0.0876109674572944,,,10.0,0.1798536628484726,1.3645503520965576,297.84588623046875,0.5505691170692444,281.5931396484375,270.1188049316406,0.0071415309794247,0.8137561678886414,300.0,0.029126014560461,0.0695186900872761
20150709.0,0.1115539893507957,0.1579166948795318,,,,0.0350872837007045,0.0115359965711832,,,,,,,,,,,,
20150710.0,0.1558462977409362,0.143964797258377,,,,,0.0042725913226604,,,,,,,,,,,,
20150711.0,0.1683701276779174,0.1473332345485687,0.1229920834302902,0.0818405076861381,0.0872986316680908,,,10.0,0.1798536628484726,1.3645503520965576,296.2657470703125,0.5455467700958252,280.3217163085937,267.68231201171875,0.0026340698823332,2.1792869567871094,300.0,0.0559783354401588,0.0673697610503526
20150712.0,0.1490237712860107,0.1592300534248352,,,,0.035372719168663,0.020050661638379,,,,,,,,,,,,
20150713.0,0.1338708996772766,0.1509077697992324,0.0800442174077034,0.0793869420886039,0.0822458863258361,,,10.0,0.1798536628484726,1.3645503520965576,298.4109191894531,0.5419673323631287,281.77069091796875,268.3666381835937,0.0012904405593872,1.812943935394287,300.0,0.0498539432883262,0.0679628499247294
20150714.0,0.1228216588497161,0.1569548100233078,0.1008854359388351,0.0694395005702972,0.0815614834427833,,0.0443739145994186,10.0,0.1798536628484726,1.3645503520965576,298.9212341308594,0.5400413274765015,282.329833984375,271.47332763671875,0.0012814997462555,1.478058695793152,300.0,0.0436342768371105,0.0677172716422359
20150715.0,0.1164038479328155,0.1298706978559494,,,,0.0199164263904094,0.0004577776417136,,,,,,,,,,,,
20150716.0,0.1124398633837699,0.1492615044116974,0.0936613157391548,0.0706927105784416,0.07992684841156,,,10.0,0.1798536628484726,1.3645503520965576,301.50653076171875,0.5362540483474731,283.0743408203125,271.44390869140625,0.0017166137695312,1.2508957386016846,300.0,0.0349245406687259,0.0675668763091165
20150717.0,0.1102920398116111,0.1536391675472259,,,,0.038662314414978,0.0223090313374996,,,,,,,,,,,,
20150718.0,0.1090849936008453,0.1416960954666137,,,,,,,,,,,,,,,,,
20150719.0,0.1084566414356231,0.149536907672882,0.1022687777876854,0.0919730439782142,0.1000521779060363,,0.0358592495322227,10.0,0.1798536628484726,1.3645503520965576,301.0351867675781,0.5305764675140381,281.3772277832031,269.80352783203125,0.0010004072682932,0.9557792544364928,300.0,0.0294383857399225,0.0659718629307416
20150720.0,0.1080649495124816,0.1542347371578216,,,,0.0381808131933212,0.0183111056685447,,,,,,,,,,,,
20150721.0,0.107699729502201,0.1670812964439392,0.0772198960185051,0.0878526642918586,0.0943982675671577,,,10.0,0.1798536628484726,1.3645503520965576,303.4234619140625,0.5268008708953857,284.2210693359375,271.7212219238281,0.0008583068847656,0.9943366050720216,300.0,0.0255094654858112,0.0665991178084661
20150722.0,0.1075006499886512,0.1499931216239929,0.1008376777172088,0.0721402689814567,0.0846616476774215,0.0452137142419815,0.0343333221971988,10.0,0.1798536628484726,1.3645503520965576,300.7018127441406,0.5249159932136536,283.90753173828125,273.0770874023437,0.0155611364170908,0.8632079362869263,300.0,0.0231293104588985,0.0651949422080255
20150723.0,0.1075015738606453,0.1422098129987716,,,,,,,,,,,,,,,,,
20150724.0,0.1073740348219871,0.1462976932525634,0.0695181638002395,0.0741587653756141,0.0782286524772644,,,10.0,0.1798536628484726,1.3645503520965576,297.8486022949219,0.5211520195007324,282.112548828125,269.1108703613281,0.0008612871170043,0.8948520421981812,300.0,0.0314484015107154,0.0624574160200557
20150725.0,0.1072216182947158,0.1459486931562423,,,,0.0413305312395095,0.0194708090275526,,,,,,,,,,,,
20150726.0,0.1071501597762107,0.1347168087959289,,,,,,,,,,,,,,,,,
20150727.0,0.1070855557918548,0.1502438485622406,0.1042808219790458,0.0770976766943931,0.0809201151132583,0.0408772379159927,0.0224005859345197,10.0,0.1798536628484726,1.3645503520965576,300.1342468261719,0.515406608581543,282.4517822265625,269.3124694824219,0.0,0.9470726251602172,300.0,0.0297504626214504,0.061899902176128
20150728.0,0.1069789603352546,0.1373914182186126,,,,,0.0,,,,,,,,,,,,
20150729.0,0.1068717613816261,0.1525598764419555,0.073933407664299,,,,,,,,,,,,,,,,
20150730.0,0.1068268790841102,0.1418673247098922,0.0818510204553604,0.0774073079228401,0.0838682800531387,0.0302699469029903,0.0183721426874399,10.0,0.1798536628484726,1.3645503520965576,303.7371826171875,0.512729823589325,285.8192749023437,273.264892578125,0.0021468144841492,0.989754855632782,300.0,0.022877287119627,0.0620297550561732
20150731.0,0.1068607941269874,0.1358547359704971,,,,,,,,,,,,,,,,,
20150801.0,0.1069839149713516,0.1343441605567932,0.0678048953413963,,,,0.0366527289152145,,,,,,,,,,,,
20150802.0,0.1069507449865341,0.1304120123386383,,,,,0.017975402995944,,,,,,,,,,,,
20150803.0,0.1069653555750846,0.1320440620183944,,,,,,,,,,,,,,,,,
20150804.0,0.106983982026577,0.1405948102474212,0.0804790556430816,0.0807077512145042,0.0884626805782318,0.0425347834825515,0.024933623149991,10.0,0.1798536628484726,1.3645503520965576,297.2783203125,0.5102806687355042,282.1723937988281,270.0963134765625,0.0349242500960826,0.5983636975288391,300.0,0.0210873335599899,0.058941930960865
20150805.0,0.1076624393463134,0.1329748183488845,,,,,,,,,,,,,,,,,
20150806.0,0.1072669476270675,0.128201812505722,,0.0698370337486267,0.0755360051989555,,0.0328073985874652,10.0,0.1798536628484726,1.3645503520965576,299.6049499511719,0.5093201398849487,283.57000732421875,271.04449462890625,0.0012904404429718,0.6834338903427124,300.0,0.0203078985214233,0.0584723180727368
20150807.0,0.1075446978211402,0.1318640112876892,0.0850196704268455,0.0695246011018753,0.0763775631785392,0.0397510975599288,0.0223090313374996,10.0,0.1798536628484726,1.3645503520965576,300.3294982910156,0.508840024471283,283.6913757324219,271.4703674316406,0.1098600476980209,0.8082364201545715,300.0,0.0226894523948431,0.0590212802731136
20150808.0,0.1075108498334884,0.1320272982120514,,,,,,,,,,,,,,,,,
20150809.0,0.107218325138092,0.1293665766716003,0.0654385760426521,0.0786076560616493,0.0818026736378669,0.0460180342197418,0.0394909530878067,10.0,0.1798536628484726,1.3645503520965576,299.02294921875,0.5078800916671753,282.3111572265625,268.9520263671875,0.0,0.7650930881500244,300.0,0.02530437707901,0.0583473530653893
20150810.0,0.1070687100291252,0.1366463005542755,,,,,,,,,,,,,,,,,
20150811.0,0.1070316582918167,0.1361170411109924,,,,,,,,,,,,,,,,,
20150812.0,0.1069845035672187,0.1340172737836837,,0.0714185833930969,0.0778742283582687,0.0363447107374668,0.0225836969912052,10.0,0.1798536628484726,1.3645503520965576,298.86676025390625,0.5065221786499023,282.6659545898437,270.32568359375,0.0,0.7321938276290894,300.0,0.0232150685042142,0.0578541222655684
20150813.0,0.1069511100649833,0.1341289728879928,,,,,,,,,,,,,,,,,
20150814.0,0.1069425344467163,0.1416845172643661,0.065969169139862,0.0856703221797943,0.0865144729614257,0.0387084335088729,0.0187994018197059,10.0,0.1798536628484726,1.3645503520965576,298.3451232910156,0.5045728087425232,281.729248046875,267.57818603515625,0.0008553265361115,0.7098758220672607,300.0,0.0252926349639892,0.0573010407530494
20150815.0,0.1069140061736106,0.1407605856657028,0.0813700780272483,0.0754985958337783,0.0942163616418838,,0.0,10.0,0.1798536628484726,1.3645503520965576,299.8997802734375,0.5029910802841187,280.9862976074219,271.8427124023437,0.0,0.7898538112640381,300.0,0.0243512261658906,0.0571434315716548
20150816.0,0.1068377718329429,0.122243583202362,,,,,,,,,,,,,,,,,
20150817.0,0.1067788898944854,0.1246451660990715,0.0871608406305313,0.0792860612273216,0.0816117599606514,0.0290012136101722,0.016785180196166,10.0,0.1798536628484726,1.3645503520965576,303.3895568847656,0.5000895261764526,285.0584716796875,271.3048095703125,0.0008523463038727,0.865216076374054,300.0,0.0223157927393913,0.0573886078649349
20150818.0,0.1067639589309692,0.1377912759780883,,,,,,,,,,,,,,,,,
20150819.0,0.1068059727549552,0.1344900280237198,,,,,0.0266731772571802,,,,,,,,,,,,
20150820.0,0.1068513020873069,0.1275825947523117,0.0676968395709991,0.0757002830505371,0.0828330814838409,,9.155552834272385e-05,10.0,0.1798536628484726,1.3645503520965576,298.0361022949219,0.4956976175308227,282.7294921875,270.4915466308594,0.0017662330064922,0.6300641894340515,300.0,0.020629147067666,0.0552435025972606
20150821.0,0.1069036424160003,0.1275071948766708,,,,,,,,,,,,,,,,,
20150822.0,0.1069324240088462,0.1341196894645691,0.0523297674953937,0.0769637152552604,0.0792111679911613,0.0348189026117324,0.0251777712255716,10.0,0.1798536628484726,1.3645503520965576,297.7572631835937,0.4927756786346435,282.04864501953125,268.48846435546875,0.0,0.6145645380020142,300.0,0.0218200702220201,0.0552815000554579
20150823.0,0.1069330349564552,0.1356434971094131,0.07545006275177,0.0785395354032516,0.0808529481291771,,,10.0,0.1798536628484726,1.3645503520965576,298.31103515625,0.4913164973258972,282.2366943359375,268.6561889648437,0.0008583068847656,0.606133222579956,300.0,0.0208067335188388,0.0554794437549039
20150824.0,0.1069261282682418,0.1275253742933273,,,,,0.0091555528342723,,,,,,,,,,,,
20150825.0,0.1069103479385376,0.1331199258565902,0.0786363556981086,0.0743567943572998,0.0816700980067253,0.026726771146059,0.011047700420022,10.0,0.1798536628484726,1.3645503520965576,299.4000549316406,0.4884016215801239,282.70184326171875,270.5238037109375,0.0017225742340087,0.6600854396820068,300.0,0.0204272642731666,0.0551596080207349
20150826.0,0.1068771183490753,0.1300974488258361,,,,,,,,,,,,,,,,,
20150827.0,0.1068354099988937,0.1395949721336364,,,,0.0399382635951042,0.0281075481325387,,,,,,,,,,,,
20150828.0,0.1067957133054733,0.1368589997291565,0.0866549760103225,0.0749045237898826,0.0756396129727363,,,10.0,0.1798536628484726,1.3645503520965576,302.7950439453125,0.4837590754032135,286.16192626953125,271.9937438964844,0.0,0.6245677471160889,300.0,0.016624154523015,0.0556457667280659
20150829.0,0.1072835996747016,0.1376329362392425,,,,,,,,,,,,,,,,,
20150830.0,0.1077062860131263,0.1244320571422576,0.0549991279840469,0.0789810121059417,0.0863268971443176,0.0402827933430671,0.0263679921627044,10.0,0.1798536628484726,1.3645503520965576,297.814208984375,0.4842768907546997,282.6138916015625,270.41436767578125,0.0008583068847656,0.5785402059555054,300.0,0.0192065872251987,0.0541986277022442
20150831.0,0.107312262058258,0.1303139775991439,0.0896397829055786,0.0841557383537292,0.0947256609797477,,,10.0,0.1798536628484726,1.3645503520965576,298.1459350585937,0.4866402745246887,280.9791259765625,269.79010009765625,0.000870227755513,0.6053087115287781,300.0,0.0214986950159072,0.0536227453723484
20150901.0,0.1070781797170639,0.1328643262386322,,,,0.0344477035105228,0.0184636991471052,,,,,,,,,,,,
20150902.0,0.1069800779223442,0.131097987294197,0.0973487496376037,0.0832249969244003,0.083577960729599,,0.0037232581526041,10.0,0.1798536628484726,1.3645503520965576,298.20416259765625,0.4904793500900268,282.291748046875,267.980224609375,0.0008523463038727,0.5151770114898682,300.0,0.0180860869586467,0.0534051472119366
20150903.0,0.1069838181138038,0.1298620253801345,,,,,,,,,,,,,,,,,
20150904.0,0.1069909259676933,0.1335444152355194,,,,0.0317324697971344,0.0219733268022537,,,,,,,,,,,,
20150905.0,0.1070032343268394,0.120982214808464,0.0699534490704536,0.0687248855829238,0.0753350853919982,,,10.0,0.1798536628484726,1.3645503520965576,294.8369445800781,0.4964221119880676,280.5643310546875,268.41070556640625,0.0,0.510168194770813,300.0,0.021434262394905,0.0512970100134801
20150906.0,0.1069517135620117,0.1282287538051605,,,,,0.0227668080478906,,,,,,,,,,,,
20150907.0,0.1068872809410095,0.1264563798904419,0.0503667294979095,0.0755362063646316,0.0799371153116226,,0.0086367381736636,10.0,0.1798536628484726,1.3645503520965576,297.4891052246094,0.5003948211669922,281.0816650390625,268.1875,0.0,0.6098158955574036,300.0,0.0231368411332368,0.0513099887045785
20150908.0,0.1068302318453788,0.1269378513097763,0.0734875723719596,0.0660265162587165,0.0728815048933029,,,10.0,0.1798536628484726,1.3645503520965576,299.25537109375,0.502384603023529,282.94561767578125,270.83062744140625,0.0012958926381543,0.6473645567893982,300.0,0.0200037434697151,0.0512254191200915
20150909.0,0.1067794412374496,0.1291728615760803,,,,0.0383835919201374,0.0246589556336402,,,,,,,,,,,,
20150910.0,0.1067459061741828,0.1374893337488174,0.0911375060677528,0.0958118811249733,0.1028924286365509,,,10.0,0.1798536628484726,1.3645503520965576,303.5282287597656,0.506370484828949,282.59967041015625,271.0596923828125,0.002574220765382,0.6162880659103394,300.0,0.019803961738944,0.0523777995428733
20150911.0,0.1067564114928245,0.1381810158491134,,,,,0.0230414755642414,,,,,,,,,,,,
20150912.0,0.1067693158984184,0.1383668929338455,,,,0.0273857675492763,0.0119632557034492,,,,,,,,,,,,
20150913.0,0.1068703606724739,0.1309154629707336,0.0761487260460853,0.0739800706505775,0.0718813762068748,,,10.0,0.1798536628484726,1.3645503520965576,299.5224914550781,0.5125250816345215,285.38104248046875,270.5050048828125,0.0317130647599697,0.4433692991733551,300.0,0.0132707431912422,0.0523445955009109
20150914.0,0.107209526002407,0.1440441757440567,,,,0.051387183368206,0.0444654673337936,,,,,,,,,,,,
20150915.0,0.1542164087295532,0.1422121822834015,0.0749282240867614,0.0819124802947044,0.087925337255001,,,10.0,0.1798536628484726,1.3645503520965576,293.43927001953125,0.514577329158783,280.45147705078125,267.952880859375,4.0062665939331055,1.3629659414291382,300.0,0.0454228855669498,0.0521795212623327
20150916.0,0.1565110236406326,0.1407553553581237,0.078361801803112,0.0725390091538429,0.0797140002250671,,,10.0,0.1798536628484726,1.3645503520965576,291.3706970214844,0.5144033432006836,279.5582275390625,267.5330810546875,0.0448354594409465,1.002522110939026,300.0,0.0377161391079425,0.0504933686332946
20150917.0,0.1467344313859939,0.1429419964551925,,,,0.0470019020140171,0.0302133243530988,,,,,,,,,,,,
20150918.0,0.1364705115556717,0.1437241584062576,0.0844057872891426,0.0814829021692276,0.0799602419137954,,,10.0,0.1798536628484726,1.3645503520965576,293.7833557128906,0.5145657062530518,279.6541442871094,264.974609375,0.0017108175670728,1.0507546663284302,300.0,0.0430807434022426,0.0512330395956914
20150919.0,0.1276930868625641,0.1261033713817596,,,,0.0380162596702575,0.0271919928491115,,,,,,,,,,,,
20150920.0,0.1200995296239852,0.1329833567142486,,,,,,,,,,,,,,,,,
20150921.0,0.1142510026693344,0.1410545706748962,0.0923459008336067,0.0945606678724289,0.0996212884783744,,,10.0,0.1798536628484726,1.3645503520965576,299.92529296875,0.5147135853767395,280.13690185546875,267.6668701171875,0.0012755142524838,0.8157351613044739,300.0,0.0287428684532642,0.0515447278714448
20150922.0,0.1111314967274665,0.1447253674268722,,,,0.0360720492899417,0.023316141217947,,,,,,,,,,,,
20150923.0,0.1099673584103584,0.1526316404342651,,,,,,,,,,,,,,,,,
20150924.0,0.1091996729373931,0.1365172266960144,,0.0820227488875389,0.0883112922310829,,0.027375103905797,10.0,0.1798536628484726,1.3645503520965576,296.896728515625,0.514861524105072,280.599609375,268.1898193359375,0.0017081112600862,0.4887215495109558,300.0,0.0201706048101186,0.0498313550779841
20150925.0,0.108510822057724,0.1372040659189224,,,,,0.0045472579076886,,,,,,,,,,,,
20150926.0,0.1080087423324585,0.1370922029018402,0.0766308233141899,0.0883509665727615,0.0868628099560737,,,10.0,0.1798536628484726,1.3645503520965576,298.7541809082031,0.5149600505828857,282.4382019042969,267.40966796875,0.0008523463038727,0.4719519019126892,300.0,0.0169411245733499,0.050175000304484
20150927.0,0.1077413633465766,0.1424899846315384,,,,0.0413884632289409,0.0313425101339817,,,,,,,,,,,,
20150928.0,0.1076041087508201,0.140541210770607,,,,,,,,,,,,,,,,,
20150929.0,0.1074661836028099,0.1389457583427429,0.0655846893787384,0.0827841758728027,0.0804803296923637,,0.0356151014566421,10.0,0.1798536628484726,1.3645503520965576,295.5112609863281,0.5152282118797302,282.02752685546875,266.92059326171875,0.0008523463038727,0.3274188637733459,300.0,0.0139235006645321,0.0487904675284189
20150930.0,0.1085862889885902,0.1385549902915954,,,,0.0320456698536872,0.01434369944036,,,,,,,,,,,,
20151001.0,0.1777690798044204,0.1633443385362625,0.264314591884613,0.2139019072055816,0.1909779459238052,,,10.0,0.1798536628484726,1.3645503520965576,290.89129638671875,0.513853132724762,263.15338134765625,245.2547912597656,14.55677890777588,1.4363505840301514,300.0,0.0729528814554214,0.0482095638801947
20151002.0,0.2805473804473877,0.1981220096349716,0.1843237876892089,0.1544013172388076,0.1449835300445556,0.1148986965417862,0.1376689970493316,10.0,0.1798536628484726,1.3645503520965576,291.3560485839844,0.5122615694999695,269.3589782714844,253.7423095703125,0.0017199954017996,2.013821840286255,300.0,0.0748204141855239,0.0514201477572491
20151003.0,0.2422179728746414,0.1791729032993316,,,,,,,,,,,,,,,,,
20151004.0,0.2195579558610916,0.1652524769306183,0.1354025304317474,0.1264322698116302,0.1228240728378295,,,10.0,0.1798536628484726,1.3645503520965576,291.13482666015625,0.5094663500785828,273.0811462402344,258.16668701171875,0.5861865282058716,1.6636528968811035,300.0,0.0621060021221637,0.0565365942586911
20151005.0,0.2009207159280777,0.1625182926654815,,,,0.0637053996324539,0.0528885759413242,,,,,,,,,,,,
20151006.0,0.1836974620819091,0.1577645093202591,,,,,,,,,,,,,,,,,
20151007.0,0.1699179261922836,0.161178708076477,0.1148848459124565,0.1045009270310401,0.1071752086281776,0.0490999892354011,0.0367442853748798,10.0,0.1798536628484726,1.3645503520965576,292.8277893066406,0.5052096843719482,275.9808959960937,263.1932373046875,0.000435113790445,1.1163288354873655,300.0,0.0534082576632499,0.0588587255304693
20151008.0,0.1586434543132782,0.1569125652313232,,,,,0.0048524430021643,,,,,,,,,,,,
20151009.0,0.1488959640264511,0.1587165296077728,0.0845182985067367,0.0980158820748329,0.0985933691263198,,,10.0,0.1798536628484726,1.3645503520965576,295.2235107421875,0.5023775696754456,278.8309936523437,264.73065185546875,0.000426173210144,1.0682986974716189,300.0,0.0462959222495555,0.0571880074813947
20151010.0,0.1390819102525711,0.1503545641899109,,0.0941917672753334,0.0985103026032447,0.0381617620587348,0.0258491784334182,10.0,0.1798536628484726,1.3645503520965576,293.9346923828125,0.5009631514549255,278.715087890625,265.9862060546875,0.0008523463038727,0.9177136421203612,300.0,0.0415895767509937,0.0581617156798757
20151011.0,0.1315017640590667,0.151705726981163,,,,,,,,,,,,,,,,,
20151012.0,0.1254799664020538,0.1525260508060455,,0.0829218029975891,0.0825571194291114,,0.0328989550471305,10.0,0.1798536628484726,1.3645503520965576,295.470458984375,0.4981375336647033,280.715576171875,266.3037414550781,0.0008523463038727,0.758942186832428,300.0,0.0309373140335083,0.0561120722066256
20151013.0,0.1201751083135604,0.1497600972652435,,,,,0.0027771843597292,,,,,,,,,,,,
20151014.0,0.1161226704716682,0.1445232033729553,,,,,,,,,,,,,,,,,
20151015.0,0.1138140931725502,0.1466749608516693,0.0886035114526748,0.0856733918190002,0.0910027176141738,0.0474821254611015,0.0435804314911365,10.0,0.1798536628484726,1.3645503520965576,296.27197265625,0.492967426776886,281.0921630859375,268.3515014648437,0.2267162203788757,0.4291014373302459,300.0,0.0173483900725841,0.0546006633162695
20151016.0,0.1146563217043876,0.1519849896430969,,,,,,,,,,,,,,,,,
20151017.0,0.1327757984399795,0.1901417225599289,0.3377294540405273,0.2706375420093536,0.2431458979845047,,0.2760704457759857,10.0,0.1798536628484726,1.3645503520965576,293.3180236816406,0.5016927719116211,256.50439453125,235.464096069336,5.155306816101074,1.3480678796768188,300.0,0.1241369619965553,0.1005890826927063
20151018.0,0.1669362187385559,0.2143395543098449,0.229524478316307,0.1902301609516143,0.1717990189790725,0.1066073328256607,0.0935392305254936,10.0,0.1798536628484726,1.3645503520965576,291.8007507324219,0.5132122039794922,265.3954772949219,249.88331604003903,0.059895496815443,0.8257821798324585,300.0,0.0837823748588562,0.1508374840357151
20151019.0,0.1588184237480163,0.1980848461389541,,,,,,,,,,,,,,,,,
20151020.0,0.1513498723506927,0.1823709458112716,0.1872641146183014,0.1688978672027588,0.156934767961502,0.0989408046007156,0.1041291579604148,10.0,0.1798536628484726,1.3645503520965576,290.5360412597656,0.5333925485610962,266.7904052734375,253.18850708007807,0.0008523463620804,0.8664125204086304,300.0,0.0798529386520385,0.1453053601872634
20151021.0,0.1417017728090286,0.179374486207962,,,,,,,,,,,,,,,,,
20151022.0,0.1337131410837173,0.1913603991270065,,,,,,,,,,,,,,,,,
20151023.0,0.1272245496511459,0.1813814789056778,0.154860571026802,,,0.0659042596817016,0.0552079826593399,,,,,,,,,,,,
20151024.0,0.1231507211923599,0.1788441240787506,,,,,,,,,,,,,,,,,
20151025.0,0.120099663734436,0.1646429896354675,0.1384551674127578,,,0.0737594962120056,0.0714133158326149,,,,,,,,,,,,
20151026.0,0.1178172826766967,0.1671864837408065,0.1243671029806137,0.1263757795095443,0.1253112703561782,,0.0279244370758533,10.0,0.1798536628484726,1.3645503520965576,290.7172546386719,0.5964434146881104,271.99462890625,258.85675048828125,0.0005740662454627,0.4185246229171753,300.0,0.0436317659914493,0.1243196425339441
20151027.0,0.115789495408535,0.1648240834474563,,,,,,,,,,,,,,,,,
20151028.0,0.1241114363074302,0.1773843169212341,,0.1100563630461692,0.108065627515316,0.0663288012146949,0.051149021834135,10.0,0.1798536628484726,1.3645503520965576,290.2786865234375,0.6179168224334717,274.8973999023437,259.87115478515625,3.752657175064087,0.9510985612869264,300.0,0.0545088276267051,0.1203042649327598
20151030.0,0.1459835469722747,0.1727989614009857,,,,0.0684007257223129,0.0662862062454223,,,,,,,,,,,,
20151031.0,,,,,,,,10.0,0.1798536628484726,1.3645503520965576,291.00396728515625,0.6506320834159851,272.33416748046875,259.4996337890625,0.0008523463038727,0.7281081080436707,300.0,0.0593574456870555,0.1134755700658444
20151101.0,0.1372150331735611,0.1758353859186172,,,,,,,,,,,,,,,,,
20151102.0,0.3117456138134002,0.2339777797460556,,0.3439960181713104,0.280435562133789,0.273888885974884,0.3310342729091644,10.0,0.1798536628484726,1.3645503520965576,287.6605834960937,0.6717208623886108,248.6739196777344,231.737060546875,47.50627899169922,1.163171648979187,300.0,0.1805999726057052,0.1307966060912813
20151103.0,0.3788249492645263,,0.2865305244922638,0.2510535717010498,0.2157718539237976,,,10.0,0.1798536628484726,1.3645503520965576,284.0543518066406,0.6817538142204285,254.8798217773437,238.97657775878903,2.6981453895568848,1.4057437181472778,300.0,0.1501403599977493,0.1951124984875522
20151104.0,0.3397845029830932,0.2428897321224212,,,,,0.2111880928277969,,,,,,,,,,,,
20151105.0,0.3144483864307403,,0.2657749652862549,0.2416624873876571,0.2168877869844436,0.1455095112323761,0.1404767036437988,10.0,0.1798536628484726,1.3645503520965576,281.73590087890625,0.7022125124931335,253.20391845703125,234.21725463867188,0.0021483011078089,1.541462540626526,300.0,0.1515611112117767,0.163251122305737
20151106.0,0.3001529276371002,0.2274660319089889,,,,,,,,,,,,,,,,,
20151107.0,0.288921058177948,0.2173944115638733,,,,0.1565092056989669,0.1568040996789932,,,,,,,,,,,,
20151108.0,0.2825314998626709,0.2116108387708664,0.2469120323657989,0.2065486311912536,0.1871815621852874,,,10.0,0.1798536628484726,1.3645503520965576,282.4488220214844,0.7332107424736023,257.7197570800781,240.2043609619141,6.75868558883667,0.9890378713607788,300.0,0.117069199681282,0.1482031622091646
20151109.0,0.394734114408493,,,,,,,,,,,,,,,,,,
20151110.0,0.4034346640110016,,0.3769437968730926,0.2722391784191131,0.2527915835380554,0.2503291368484497,0.2708822786808014,10.0,0.1798536628484726,1.3645503520965576,282.30108642578125,0.7541143298149109,247.3296813964844,225.7406005859375,6.088638305664063,1.533689260482788,300.0,0.2316477298736572,0.187003900436317
20151111.0,0.3673884868621826,,0.307827353477478,0.2652523517608642,0.2327969670295715,,,10.0,0.1798536628484726,1.3645503520965576,280.1348876953125,0.7646375894546509,249.0435791015625,231.1049652099609,0.0017430934822186,1.241627216339111,300.0,0.187344878911972,0.1779199266319709
20151112.0,0.348820686340332,,,,,0.188419684767723,0.1998962312936782,,,,,,,,,,,,
20151113.0,0.3348536193370819,,0.2799814343452453,0.2207168489694595,0.2060905396938324,,0.1155735924839973,10.0,0.1798536628484726,1.3645503520965576,281.1275939941406,0.7858270406723022,252.75035095214844,231.87969970703125,0.0021355680655688,1.2907273769378662,300.0,0.1559912413358688,0.1674267709248823
20151114.0,0.3239664733409881,0.2286355942487716,,,,,,,,,,,,,,,,,
20151115.0,0.3461175560951233,0.2367767691612243,,,,0.1525375694036483,0.1661427617073059,,,,,,,,,,,,
20151116.0,0.3873744308948517,,0.3284278512001037,0.2749744653701782,0.2409937530755996,,,10.0,0.1798536628484726,1.3645503520965576,278.38238525390625,0.817621111869812,247.33917236328125,229.4625396728516,0.2597065269947052,1.847432971000672,300.0,0.2152392119169235,0.1777962679114252
20151117.0,0.3543591499328613,0.2472081184387207,,,,0.1947866231203079,0.2195806801319122,,,,,,,,,,,,
20151118.0,0.3409378230571747,,0.2987770140171051,0.2589239180088043,0.230626180768013,,0.1430707722902298,10.0,0.1798536628484726,1.3645503520965576,280.96600341796875,0.8435817956924438,249.42042541503903,231.17349243164065,0.0,1.1049091815948486,300.0,0.1956404000520706,0.1686371351222445
20151119.0,0.3305024802684784,0.2444803565740585,,0.2381539791822433,0.2127012610435485,,,10.0,0.1798536628484726,1.3645503520965576,282.2538757324219,0.8593219518661499,252.7630615234375,235.3507080078125,0.000426173210144,1.099829912185669,300.0,0.1753407567739486,0.1658575077264986
20151120.0,0.3211732506752014,0.2520052492618561,,,,0.1564099639654159,0.1808526813983917,,,,,,,,,,,,
20151121.0,0.3124135434627533,0.2330643683671951,0.2867577970027923,0.2402925193309784,0.2139895260334015,,,10.0,0.1798536628484726,1.3645503520965576,284.2515869140625,0.8899545669555664,254.46969604492188,237.3623046875,0.0030100336298346,1.210379958152771,300.0,0.1838166266679763,0.1612262798508505
20151122.0,0.3038795888423919,0.2361210882663726,,,,,0.1835383176803589,,,,,,,,,,,,
20151123.0,0.296967089176178,0.2266438454389572,,,,0.1212188526988029,0.1265907734632492,,,,,,,,,,,,
20151124.0,0.3013600707054138,0.2275460362434387,0.2937763929367065,0.2357682138681411,0.2080036252737045,,,10.0,0.1798536628484726,1.3645503520965576,281.5404663085937,0.9368101358413696,255.4882354736328,240.25640869140625,7.706587791442871,0.6961970925331116,300.0,0.160746619105339,0.1553731811145718
20151125.0,0.3628137707710266,,,,,0.1925496011972427,0.1883602440357208,,,,,,,,,,,,
20151126.0,0.3466894328594208,0.251167893409729,,,,,,,,,,,,,,,,,
20151127.0,0.3283730745315552,0.2340354174375534,0.2719046175479889,0.2259665578603744,0.210909754037857,,0.2187566757202148,10.0,0.1798536628484726,1.3645503520965576,276.6983642578125,0.9844997525215148,250.46774291992188,230.4374542236328,0.0021575249265879,1.1319358348846436,300.0,0.1628502309322357,0.1591266909563326
20151128.0,0.3140924870967865,,,,,0.1492230147123336,0.1400799602270126,,,,,,,,,,,,
20151129.0,0.3042849600315094,,,,,,,,,,,,,,,,,,
20151130.0,0.2976767420768738,0.2399270385503769,,,,0.1510635763406753,0.1476180255413055,,,,,,,,,,,,
20151201.0,0.2991507947444916,,,,,,,,,,,,,,,,,,
20151202.0,0.2937915623188019,,0.2689243257045746,0.210232138633728,0.1906766444444656,,,10.0,0.1798536628484726,1.3645503520965576,278.412109375,1.0670124292373655,253.7489318847656,237.66848754882807,0.5966864824295044,0.670665442943573,300.0,0.1522165983915329,0.1492322095688981
20151203.0,0.2957039177417755,0.2439343482255935,,,,0.1231676042079925,0.1395001113414764,,,,,,,,,,,,
20151204.0,0.3918220400810241,,0.3511728048324585,0.2951389253139496,0.2603945434093475,,,10.0,0.1798536628484726,1.3645503520965576,281.70147705078125,1.0856530666351318,245.7640686035156,227.48892211914065,5.173678874969482,0.982175350189209,300.0,0.2845123410224914,0.1961955454787209
20151205.0,0.3533379137516022,0.2651570439338684,,,,0.1852909475564956,0.2686239182949066,,,,,,,,,,,,
20151206.0,0.3499566912651062,0.2636169195175171,,,,,0.1073946356773376,,,,,,,,,,,,
20151207.0,0.3549308776855469,0.2612006664276123,0.3228486180305481,0.2374886721372604,0.2173172384500503,,,10.0,0.1798536628484726,1.3645503520965576,283.78765869140625,1.0907418727874756,252.3086700439453,233.3389892578125,0.0522815659642219,0.7662999033927917,300.0,0.2168236225843429,0.1820890335533733
20151208.0,0.339077889919281,0.2510844469070434,,,,0.1481499522924423,0.1571703255176544,,,,,,,,,,,,
20151209.0,0.331241250038147,0.2452365756034851,,,,,,,,,,,,,,,,,
20151210.0,0.3592625856399536,0.2700355648994446,0.3324820101261139,0.2764915525913238,0.2314326614141464,,0.2557451128959656,10.0,0.1798536628484726,1.3645503520965576,284.2828369140625,1.0970280170440674,251.92074584960932,238.9564514160156,15.49217128753662,1.321582913398743,300.0,0.2402127534151077,0.1827676969542106
20151211.0,0.4123051762580871,0.2991894781589508,,,,,0.2291940003633499,,,,,,,,,,,,
20151212.0,0.3903690874576568,0.2929050326347351,0.3271881937980652,0.2431305050849914,0.2362579107284546,,,10.0,0.1798536628484726,1.3645503520965576,278.9266967773437,1.1012263298034668,249.018783569336,226.450439453125,0.1069589555263519,0.8151959776878357,300.0,0.2033150643110275,0.1950752592205321
20151213.0,0.3867866098880768,0.2796500921249389,0.3660072386264801,0.2535504400730133,0.2340667992830276,0.2323044240474701,0.234260082244873,10.0,0.1798536628484726,1.3645503520965576,281.1991882324219,1.1033276319503784,249.7044982910156,230.04855346679688,15.628031730651855,1.2076834440231323,300.0,0.2399867475032806,0.1990111892673021
20151214.0,0.4042188227176666,,,,,,,,,,,,,,,,,,
20151215.0,0.3786378502845764,0.2729549705982208,,,,,0.2734458446502685,,,,,,,,,,,,
20151217.0,0.3554544150829315,0.2880783081054687,,,,,,,,,,,,,,,,,
20151218.0,0.3490088582038879,0.2769513130187988,0.3384455740451813,0.2661262154579162,0.2447597980499267,0.1979665011167526,0.2137821614742279,10.0,0.1798536628484726,1.3645503520965576,277.4288024902344,1.1142901182174685,245.7091064453125,226.3743438720703,0.0025940204504877,0.935653269290924,300.0,0.2445470541715622,0.1918850488164552
20151219.0,0.3992539346218109,0.2953631281852722,,,,,,,,,,,,,,,,,
20151220.0,0.3988408744335174,0.3107961416244507,0.3653584718704223,0.2862601280212402,0.2580806016921997,,,10.0,0.1798536628484726,1.3645503520965576,276.7152404785156,1.1131906509399414,244.3458251953125,225.79803466796875,1.9406061172485352,0.3540613949298858,300.0,0.2466328144073486,0.2182404171345011
20151221.0,0.419806957244873,0.3307650685310364,0.4094871282577514,0.3313906788825989,0.27944016456604,0.241739735007286,0.2701498568058014,10.0,0.1798536628484726,1.3645503520965576,279.9791564941406,1.10937762260437,242.5367584228516,226.67889404296875,32.442020416259766,1.7720273733139038,300.0,0.3144619464874267,0.2235704452186425
20151222.0,0.4283845722675323,0.3487606942653656,,,,,,,,,,,,,,,,,
20151223.0,0.4088884592056274,,0.4364978671073913,0.3386106193065643,0.2969354093074798,,,10.0,0.1798536628484726,1.3645503520965576,282.4328918457031,1.103149175643921,241.90023803710932,223.85986328125,0.9025617241859436,1.2848376035690308,300.0,0.3210920691490173,0.2343450012795919
20151224.0,0.4041929244995117,,,,,,0.1422162503004074,,,,,,,,,,,,
20151225.0,0.4078994691371918,0.3080255389213562,,,,,,,,,,,,,,,,,
20151226.0,0.3875143826007843,,0.3925652801990509,0.3377503156661987,0.3037097454071045,0.2564471364021301,0.264534443616867,10.0,0.1798536628484726,1.3645503520965576,274.7158508300781,1.093572020530701,237.1927795410156,218.35580444335932,0.0008523463038727,0.9186696410179138,300.0,0.3099591434001922,0.2299769450399831
20151227.0,0.3768284618854522,,,,,,,,,,,,,,,,,,
20151228.0,0.3746367394924164,0.2891051471233368,0.3693791031837463,0.269479364156723,0.2461366504430771,,0.5972167253494263,10.0,0.1798536628484726,1.3645503520965576,276.12713623046875,1.0872039794921875,243.87081909179688,225.194091796875,0.7932644486427307,0.8635776042938232,300.0,0.2540660500526428,0.2260952835029662
20151229.0,0.3691458702087402,,0.3632752895355224,0.3189983665943146,0.2872216999530792,,0.2005981653928756,10.0,0.1798536628484726,1.3645503520965576,274.31317138671875,1.0839402675628662,238.66207885742188,220.1081085205078,0.000435113790445,0.6718255281448364,300.0,0.2911483645439148,0.2208648388127983
20151230.0,0.3628734350204468,0.2758288085460663,,,,,,,,,,,,,,,,,
20151231.0,0.3589926958084106,0.2800713777542114,0.3647504448890686,0.279312252998352,0.2699048817157745,0.2437176704406738,0.2506485283374786,10.0,0.1798536628484726,1.3645503520965576,274.873046875,1.0764057636260986,240.96270751953125,219.36981201171875,0.0,0.7460377812385559,300.0,0.2707468271255493,0.2192642427255637
20160101.0,0.3537766337394714,0.2692620158195495,,,,,,,,,,,,,,,,,
20160102.0,0.3497002124786377,,,,,,0.2128971219062805,,,,,,,,,,,,
20160103.0,0.346438854932785,0.276849627494812,0.3754256665706634,0.2772776782512665,0.2588813900947571,0.2150376588106155,0.2226935625076294,10.0,0.1798536628484726,1.3645503520965576,277.804443359375,1.0999515056610107,243.6269073486328,223.74343872070312,0.0,0.8325351476669312,300.0,0.2771133482456207,0.217011091888636
20160104.0,0.3451859652996063,0.2756456136703491,,,,,,,,,,,,,,,,,
20160105.0,0.3992097973823547,0.29219850897789,0.4585722088813782,0.3969244956970215,0.3621300756931305,0.3533990979194641,0.3434247970581054,10.0,0.1798536628484726,1.3645503520965576,282.0536193847656,1.1245766878128052,234.91110229492188,216.93408203125,27.04128074645996,1.6744869947433472,300.0,0.3593389093875885,0.2478437043951082
20160106.0,0.4234092831611633,0.3479441106319427,0.4267266988754272,0.3352593779563904,0.3007697165012359,,,10.0,0.1798536628484726,1.3645503520965576,280.3243408203125,1.1372239589691162,241.09164428710932,222.593505859375,18.550518035888672,1.5375840663909912,300.0,0.325845867395401,0.2567211722118498
20160107.0,0.425388753414154,,,,,,,,,,,,,,,,,,
20160108.0,0.4020396471023559,0.3302056491374969,0.4185328483581543,0.3813604414463043,0.3411662578582763,0.2473358511924743,0.2760704457759857,10.0,0.1798536628484726,1.3645503520965576,277.54254150390625,1.162674903869629,234.8803253173828,216.31109619140625,0.0130996443331241,0.7457828521728516,300.0,0.3315705060958862,0.2399620980793648
20160109.0,0.3936419486999511,0.3097752332687378,,,,,,,,,,,,,,,,,
20160110.0,0.3972499370574951,,,,,0.2731913030147552,0.3275551497936249,,,,,,,,,,,,
20160111.0,0.3853444755077362,0.3106728792190552,0.424505352973938,0.3162508308887481,0.2926129102706909,,0.1641285419464111,10.0,0.1798536628484726,1.3645503520965576,279.970947265625,1.201242208480835,241.413803100586,221.6294708251953,0.0,0.9029585719108582,300.0,0.3126266896724701,0.2339596004031854
20160112.0,0.3755150139331817,0.3011633455753326,,,,,,,,,,,,,,,,,
20160113.0,0.3912726640701294,0.3045602142810821,0.4766467213630676,0.3427285850048065,0.3107473254203796,0.2725513875484466,0.2923978269100189,10.0,0.1798536628484726,1.3645503520965576,282.6415710449219,1.2272145748138428,240.07183837890625,220.9410400390625,13.66873264312744,2.005897521972656,300.0,0.3365772366523742,0.2375086924847206
20160114.0,0.4045870006084442,0.3201511800289154,0.4237428307533264,0.3292368948459625,0.2871295809745788,,,10.0,0.1798536628484726,1.3645503520965576,278.8490295410156,1.2403197288513184,242.03761291503903,224.83908081054688,4.4272990226745605,0.4410808384418487,300.0,0.3080268204212188,0.2359761140396298
20160115.0,0.4223436713218689,,,,,,0.5661488771438599,,,,,,,,,,,,
20160116.0,0.4174795746803283,0.3314169049263,0.4907225668430328,0.3574853837490082,0.3196036517620086,,0.2627338469028473,10.0,0.1798536628484726,1.3645503520965576,282.01678466796875,1.2671798467636108,239.26986694335932,220.627685546875,8.409122467041016,1.0882930755615234,300.0,0.3335115313529968,0.2491380593998954
20160117.0,0.4080055058002472,,,,,,,,,,,,,,,,,,
20160118.0,0.4251092970371246,0.358984112739563,,,,0.4848675727844238,0.5066987872123718,,,,,,,,,,,,
20160119.0,0.4128214120864868,0.3485034704208374,0.5241174697875977,0.3969244956970215,0.3766691386699676,,,10.0,0.1798536628484726,1.3645503520965576,283.1090087890625,1.2908947467803955,235.2382659912109,217.97694396972656,18.029541015625,1.492375135421753,300.0,0.3570700585842132,0.2814816869829772
20160120.0,0.4113460183143616,0.3673591911792755,,,,,0.334971159696579,,,,,,,,,,,,
20160121.0,0.3944981396198272,0.3238037824630737,0.5037453770637512,0.3969244956970215,0.3594659566879272,0.319205641746521,0.3190405070781708,10.0,0.1798536628484726,1.3645503520965576,282.7833557128906,1.3025388717651367,236.6978454589844,219.1239624023437,0.0017046927241608,1.2518558502197266,300.0,0.3447867035865783,0.2632108261953446
20160122.0,0.3890634477138519,0.329330563545227,0.510198712348938,0.3420059382915497,0.3232987225055694,,,10.0,0.1798536628484726,1.3645503520965576,284.92730712890625,1.308251142501831,240.9755859375,220.44265747070312,9.614442825317385,1.7889442443847656,300.0,0.3305644392967224,0.2600186451644089
20160123.0,0.4271066188812256,0.3771222829818725,,,,0.3923900425434112,0.4125491976737976,,,,,,,,,,,,
20160124.0,0.407938003540039,0.3482756316661834,0.4902184009552002,0.3969244956970215,0.3744271099567413,,,10.0,0.1798536628484726,1.3645503520965576,282.02410888671875,1.3197046518325806,235.21926879882807,218.90872192382807,1.496713638305664,1.0738999843597412,300.0,0.3592905104160309,0.2776815202349341
20160125.0,0.3923196792602539,0.3343352377414703,,,,,,,,,,,,,,,,,
20160126.0,0.3806557059288025,0.3201623857021332,,,,0.264104276895523,0.2719199061393738,,,,,,,,,,,,
20160127.0,0.3728654682636261,0.3227978050708771,0.4953917264938354,0.3405637443065643,0.3184637129306793,,,10.0,0.1798536628484726,1.3645503520965576,281.1479187011719,1.3369561433792114,240.376220703125,220.57730102539065,0.0008523463038727,1.1404783725738523,300.0,0.325125128030777,0.2514979364705703
20160128.0,0.3656477630138397,0.3139258325099945,,,,0.2865385115146637,0.4010437428951263,,,,,,,,,,,,
20160129.0,0.4012357294559479,0.322068303823471,0.5127654671669006,0.3498961329460144,0.3313902616500854,,0.1460005491971969,10.0,0.1798536628484726,1.3645503520965576,283.7626953125,1.3485052585601809,240.72723388671875,220.4377899169922,13.832077026367188,0.6081585884094238,300.0,0.3334086537361145,0.2517112697740222
20160130.0,0.4262888431549072,0.3588740527629852,0.5150078535079956,0.3969244956970215,0.384042888879776,,,10.0,0.1798536628484726,1.3645503520965576,284.5346069335937,1.3542399406433103,236.24136352539065,222.17941284179688,25.03317070007324,1.05320942401886,300.0,0.3678625226020813,0.2872582342234868
20160131.0,0.4125538468360901,0.3410294651985168,,,,0.3089107275009155,0.3245338201522827,,,,,,,,,,,,
20160201.0,0.3946468532085418,0.3312353789806366,,0.3786837458610534,0.3842388689517975,,,10.0,0.1798536628484726,1.3645503520965576,279.3782958984375,1.365085482597351,232.88278198242188,210.81298828125,0.0524150133132934,2.293230533599853,300.0,0.358323335647583,0.2720614386604487
20160202.0,0.381003588438034,0.3232586979866028,,,,,0.4789269566535949,,,,,,,,,,,,
20160203.0,0.3780044913291931,0.3212901353836059,,,,,0.2542191743850708,,,,,,,,,,,,
20160204.0,0.3708534240722656,0.3227850198745727,0.5199396014213562,0.3625262975692749,0.3330633044242859,,,10.0,0.1798536628484726,1.3645503520965576,281.17822265625,1.4038398265838623,237.4203491210937,218.69937133789065,0.3498763144016266,1.5052117109298706,300.0,0.3431150615215301,0.2547719494194231
20160205.0,0.3617604374885559,0.31838458776474,,,,0.2814367115497589,0.2923673093318939,,,,,,,,,,,,
20160206.0,0.3546905815601349,0.3176994919776916,0.492025077342987,0.3265780806541443,0.3228397369384765,,,10.0,0.1798536628484726,1.3645503520965576,281.33612060546875,1.4355854988098145,239.7873992919922,218.19061279296875,0.0017106533050537,1.498809814453125,300.0,0.3270543813705444,0.2477176160421487
20160207.0,0.3474648892879486,0.3153552114963531,0.4578488171100616,0.3496442139148712,0.3213587403297424,,0.1822260171175003,10.0,0.1798536628484726,1.3645503520965576,281.8793029785156,1.4517288208007812,240.5143585205078,221.66368103027344,0.0008523463038727,1.6321276426315308,300.0,0.3322352766990661,0.245408460384928
20160208.0,0.3402830064296722,0.3050041794776916,,,,0.2073764204978943,0.2265388965606689,,,,,,,,,,,,
20160209.0,0.3331854939460754,0.3156710863113403,0.4828333556652069,0.3483491837978363,0.3218771517276764,,,10.0,0.1798536628484726,1.3645503520965576,284.2709350585937,1.484227180480957,241.8803100585937,222.62887573242188,0.0,1.8416231870651243,300.0,0.3324176669120788,0.2420959326795853
20160210.0,0.3272353112697601,0.3102059066295624,,,,0.2392861694097519,0.2709433138370514,,,,,,,,,,,,
20160211.0,0.3218937516212463,0.3032953441143036,,,,,,,,,,,,,,,,,
20160212.0,0.3178432583808899,0.3074363768100738,0.4612255990505218,0.3257890939712524,0.2915545105934143,,,10.0,0.1798536628484726,1.3645503520965576,284.6602783203125,1.5335042476654053,245.59686279296875,227.6825256347656,0.0,1.424484133720398,300.0,0.318240076303482,0.236088569251998
20160213.0,0.3141205906867981,0.3014000058174133,,,,0.2293991297483444,0.2701498568058014,,,,,,,,,,,,
20160214.0,0.3066060543060303,0.3055546283721924,,0.3218815624713897,0.2861519753932953,,,10.0,0.1798536628484726,1.3645503520965576,284.41949462890625,1.5667080879211426,246.1269989013672,228.49078369140625,0.0,2.1408135890960693,300.0,0.325424462556839,0.2316519134506409
20160215.0,0.2982924580574035,0.3006980419158935,0.4361442923545837,0.2819274067878723,0.2621746063232422,0.2270563393831253,0.2842493951320648,10.0,0.1798536628484726,1.3645503520965576,286.3565673828125,1.5834780931472778,249.17562866210932,229.67221069335932,0.0030100336298346,2.079318761825561,300.0,0.3126751780509949,0.2294917140050683
20160216.0,0.2929915189743042,0.3006982505321502,,,,,0.0913113802671432,,,,,,,,,,,,
20160217.0,0.2869680523872375,0.3030348420143127,0.4850438833236694,0.2668873965740204,0.259935587644577,,,10.0,0.1798536628484726,1.3645503520965576,287.7550964355469,1.6179819107055664,251.0595703125,229.3075256347656,0.045283704996109,2.002230167388916,300.0,0.3071098327636719,0.226309850437301
20160218.0,0.3813110589981079,0.2947597503662109,,,,0.3263365924358368,0.3670156002044678,,,,,,,,,,,,
20160219.0,0.3889633417129516,0.3354105353355407,,,,,,,,,,,,,,,,,
20160220.0,0.3732473254203796,0.3241784572601318,0.4745994508266449,0.3470508456230163,0.3086064457893371,,0.3975035846233368,10.0,0.1798536628484726,1.3645503520965576,283.4193420410156,1.644411325454712,242.8368530273437,225.3267822265625,0.5604854822158813,1.5248839855194092,300.0,0.3362109661102295,0.2544581882933775
20160221.0,0.3619426786899566,0.3174960017204284,,,,,0.219306007027626,,,,,,,,,,,,
20160222.0,0.3515492975711822,,0.4547449350357055,0.3443257808685303,0.3074246048927307,,,10.0,0.1798536628484726,1.3645503520965576,282.4850769042969,1.6556438207626345,242.8448638916016,225.35427856445312,0.0017223851755261,2.241451501846313,300.0,0.3407362997531891,0.244894974174817
20160223.0,0.3407365679740906,0.296014130115509,0.432812750339508,0.2982087135314941,0.2819514274597168,0.2310397773981094,0.2578814029693603,10.0,0.1798536628484726,1.3645503520965576,282.7215270996094,1.6610820293426514,246.1846466064453,226.43930053710932,0.0,2.195923089981079,300.0,0.3221331834793091,0.241407458417338
20160224.0,0.3333568871021271,0.3097635209560394,,,,,,,,,,,,,,,,,
20160225.0,0.3265899419784546,0.3106323480606079,0.425387293100357,0.3023399412631988,0.2767220139503479,,0.2059083878993988,10.0,0.1798536628484726,1.3645503520965576,285.14666748046875,1.671979904174805,247.9771423339844,229.9452209472656,0.0008583068847656,2.0782947540283203,300.0,0.3186350464820862,0.2905427778036063
20160226.0,0.319812923669815,0.3119492828845978,,,,0.2117547392845153,0.2453688234090805,,,,,,,,,,,,
20160227.0,0.31756392121315,0.3076584339141845,,,,,,,,,,,,,,,,,
20160228.0,0.3124865591526031,0.2968592941761017,0.4004486203193664,0.2571896016597748,0.2408517003059387,0.1988192349672317,0.2392040789127349,10.0,0.1798536628484726,1.3645503520965576,284.79718017578125,1.688380479812622,252.27813720703125,233.6470947265625,0.0029986954759806,1.790631890296936,300.0,0.2960469126701355,0.2729816659987633
20160229.0,0.3060575425624847,0.296099305152893,,,,,,,,,,,,,,,,,
20160301.0,0.2952866852283478,0.2918102741241455,0.4082274436950683,0.2685308754444122,0.2461378276348114,,,10.0,0.1798536628484726,1.3645503520965576,286.1918334960937,1.699350118637085,252.223388671875,234.8927001953125,0.0017177979461848,2.649214744567871,300.0,0.307298332452774,0.2607258329280217
20160302.0,0.2861898243427276,0.2938861846923828,0.3757946193218231,0.2580830752849579,0.2353740632534027,0.154776856303215,0.1598864644765854,10.0,0.1798536628484726,1.3645503520965576,285.6205444335937,1.7048919200897217,253.41207885742188,236.81594848632807,0.0,2.2624402046203613,300.0,0.2930418848991394,0.2538163901531696
20160303.0,0.2834957838058471,0.3015481233596802,,,,,,,,,,,,,,,,,
20160304.0,0.2887566387653351,0.3088896572589874,0.3631747364997864,0.2192685157060623,0.2034189403057098,0.1761043071746826,0.1921750605106353,10.0,0.1798536628484726,1.3645503520965576,287.6187438964844,1.7165530920028689,258.21533203125,242.0394287109375,6.89028263092041,1.4829864501953125,300.0,0.2702338993549347,0.2579859130963446
20160305.0,0.4235477149486542,0.3281556963920593,,,,,0.1637012809514999,,,,,,,,,,,,
20160306.0,0.421379804611206,0.3390045166015625,,,,,,,,,,,,,,,,,
20160307.0,0.426448255777359,,0.5204896330833435,0.3969244956970215,0.3969244956970215,0.4405176043510437,0.5060884356498718,10.0,0.1798536628484726,1.3645503520965576,282.3769836425781,1.715095043182373,231.86436462402344,216.27197265625,31.65046501159668,2.4987664222717285,300.0,0.3970487117767334,0.368061250631809
20160308.0,0.4040948450565338,0.3475096225738525,,,,,,,,,,,,,,,,,
20160309.0,0.3886875212192535,0.3331717550754547,0.4855861663818359,0.3531963527202606,0.3300673961639404,0.3425488471984863,0.6725668907165527,10.0,0.1798536628484726,1.3645503520965576,282.735107421875,1.709378719329834,241.8930053710937,222.98617553710932,0.0707604885101318,0.9013803005218506,300.0,0.3358135521411896,0.3266899997635685
20160310.0,0.3809674680233001,0.339470773935318,0.4809424877166748,0.3299919068813324,0.3108501136302948,,0.2270882278680801,10.0,0.1798536628484726,1.3645503520965576,286.0522155761719,1.7063846588134766,245.00765991210932,225.78045654296875,3.4933207035064697,1.0829523801803589,300.0,0.3313516974449157,0.3522436100468373
20160311.0,0.4227643013000488,0.3328467905521393,,,,,,,,,,,,,,,,,
20160312.0,0.4173314571380615,,0.4733965694904327,0.3969244956970215,0.3959479331970215,0.4057771265506744,0.4641865193843841,10.0,0.1798536628484726,1.3645503520965576,282.5719299316406,1.7004032135009766,236.18882751464844,221.66387939453125,10.102519989013672,2.2969987392425537,300.0,0.3739807903766632,0.3608441672825815
20160313.0,0.4240273833274841,0.3804752826690674,,,,,,,,,,,,,,,,,
20160314.0,0.4148474037647247,,,,,,0.6608783006668091,,,,,,,,,,,,
20160315.0,,,,,,,,10.0,0.1798536628484726,1.3645503520965576,282.5819091796875,1.6914470195770264,237.88282775878903,220.27053833007807,0.0008523463620804,2.9884073734283447,300.0,0.3674932718276977,0.336201667250792
20160316.0,0.3619867861270904,0.3400608897209167,,,,,,,,,,,,,,,,,
20160317.0,0.3483310341835022,0.345263659954071,0.4936292171478271,0.3969244956970215,0.3511218428611755,0.3014961779117584,0.3443708717823028,10.0,0.1798536628484726,1.3645503520965576,285.8877258300781,1.6854867935180664,241.12429809570312,225.10464477539065,0.0017145100282505,2.9182350635528564,300.0,0.3618945181369781,0.3461427766784033
20160318.0,0.33649542927742,0.3274152278900146,0.476393461227417,0.3546835482120514,0.3090251684188843,,,10.0,0.1798536628484726,1.3645503520965576,286.883544921875,1.6824278831481934,246.25714111328125,230.475814819336,0.0017106533050537,2.7843260765075684,300.0,0.3407159447669983,0.3350416668481297
20160319.0,0.3263863027095794,0.3241565227508545,,,,,,,,,,,,,,,,,
20160320.0,0.3208670616149902,0.3217073082923889,0.4754893481731415,0.3274037837982178,0.2947796285152435,0.2523770332336426,0.252082884311676,10.0,0.1798536628484726,1.3645503520965576,288.24200439453125,1.675333857536316,247.86456298828125,230.96145629882807,4.359319686889648,2.319921493530273,300.0,0.3344318866729736,0.3194011863213477
20160321.0,0.4032281637191772,0.3461710214614868,,,,,,,,,,,,,,,,,
20160322.0,0.4184382855892181,,,,,0.3205783367156982,0.3685415089130401,,,,,,,,,,,,
20160323.0,0.3899988234043121,0.3220690786838531,0.4610971808433532,0.3671430051326751,0.3136650323867798,,0.1001312285661697,10.0,0.1798536628484726,1.3645503520965576,282.7495422363281,1.6983189582824707,243.73684692382807,229.0507202148437,0.0008523463038727,3.2188286781311035,300.0,0.3552424609661102,0.3473605565304227
20160324.0,0.3722833395004272,0.3284669816493988,,,,,,,,,,,,,,,,,
20160325.0,0.3587729930877685,0.3118306994438171,,0.2978400588035583,0.2847351431846618,0.235100969672203,0.2460097074508667,10.0,0.1798536628484726,1.3645503520965576,285.6115417480469,1.722198486328125,248.31808471679688,228.8212432861328,0.0009208783740177,3.226269721984864,300.0,0.3302026689052582,0.3252111114554937
20160326.0,0.3454473912715912,0.3058761358261108,0.4609418511390686,0.3259551227092743,0.2861289381980896,,,10.0,0.1798536628484726,1.3645503520965576,285.2300720214844,1.7344379425048828,248.1545867919922,232.8166656494141,0.0,3.5547595024108887,300.0,0.3384400010108948,0.314276111877362
20160327.0,0.3325625360012054,0.307497888803482,,,,0.2062435746192932,0.3502609431743622,,,,,,,,,,,,
20160328.0,0.3307964205741882,0.2985414862632751,0.4489419758319855,0.2943175137042999,0.2702152729034424,,0.1615955084562301,10.0,0.1798536628484726,1.3645503520965576,285.6020812988281,1.7590223550796509,250.29135131835932,232.88003540039065,2.6289303302764893,3.1420812606811523,300.0,0.3300833106040954,0.294500835581753
20160329.0,0.3358616828918457,,,,,,,,,,,,,,,,,,
20160330.0,0.3220115005970001,,,,,0.1969436407089233,0.2406689673662185,,,,,,,,,,,,
20160331.0,0.308573454618454,0.3058639466762543,0.4141141474246979,0.2475004345178604,0.2241657078266143,,,10.0,0.1798536628484726,1.3645503520965576,284.9424133300781,1.796162486076355,253.9999542236328,239.73513793945312,2.3614144083694555e-05,3.0953032970428467,300.0,0.2896202802658081,0.2687161093047593
20160401.0,0.2974185347557068,0.3028538227081299,,,,,0.2316049635410308,,,,,,,,,,,,
20160402.0,0.2873334288597107,0.2940857410430908,0.3692815601825714,0.2468912154436111,0.2237028777599334,0.1496880948543548,0.1813104599714279,10.0,0.1798536628484726,1.3645503520965576,287.3832702636719,1.8210984468460083,255.33230590820312,240.9093017578125,0.0008657936123199,3.2630302906036377,300.0,0.2936393916606903,0.251398890163766
20160403.0,0.2770557105541229,0.291131317615509,0.3890170454978943,0.2334276437759399,0.2125852108001709,,,10.0,0.1798536628484726,1.3645503520965576,288.29156494140625,1.8337767124176023,257.6547241210937,244.2563323974609,0.0016788414213806,3.1838552951812744,300.0,0.2743352949619293,0.2424505564214786
20160404.0,0.26765838265419,0.2881779968738556,,,,0.1846359670162201,0.2098147571086883,,,,,,,,,,,,
20160405.0,0.2561564147472381,0.2737739384174347,0.3530688881874084,0.204922616481781,0.1915288567543029,,,10.0,0.1798536628484726,1.3645503520965576,288.044921875,1.8611431121826167,260.0102233886719,245.3418884277344,0.000435113790445,3.995095252990722,300.0,0.251975953578949,0.222397222449051
20160406.0,0.2425020039081573,0.2876599431037903,,,,,,,,,,,,,,,,,
20160407.0,0.2285666763782501,0.2826011478900909,,,,0.119847148656845,0.1238135918974876,,,,,,,,,,,,
20160408.0,0.2196153700351715,0.2768187820911407,0.3314553201198578,0.1862485706806183,0.1767471134662628,,,10.0,0.1798536628484726,1.3645503520965576,289.8499450683594,1.8374295234680176,263.4365234375,249.25933837890625,0.0463126264512538,3.1897993087768555,300.0,0.2304241359233856,0.1915005541677606
20160409.0,0.236981987953186,0.3015987575054168,,,,0.191806674003601,0.2182378619909286,,,,,,,,,,,,
20160410.0,0.3472045063972473,,0.4263798892498016,0.2856217324733734,0.2593792676925659,,,10.0,0.1798536628484726,1.3645503520965576,287.3158874511719,1.8056014776229856,252.97027587890625,236.3311767578125,6.43263578414917,1.662826418876648,300.0,0.3084005713462829,0.2510687011446904
20160411.0,0.3350925147533417,0.3454416990280151,0.4226528406143188,0.2869642078876495,0.2511782944202423,,,10.0,0.1798536628484726,1.3645503520965576,287.1567687988281,1.7893047332763672,253.37957763671875,239.8012542724609,0.3595944941043854,1.8493330478668213,300.0,0.3051214814186096,0.2483545586167177
20160412.0,0.3169896006584167,0.3185309469699859,,,,0.2074354141950607,0.2028565257787704,,,,,,,,,,,,
20160413.0,0.3002343773841858,0.3003264665603637,0.4106189310550689,0.2454665452241897,0.2309660911560058,,,10.0,0.1798536628484726,1.3645503520965576,287.05340576171875,1.7568923234939575,255.48391723632807,237.2466583251953,0.0101280873641371,3.581843376159668,300.0,0.2957156896591186,0.2344500004020209
20160414.0,0.2911229431629181,0.2965238094329834,,,,0.227959394454956,0.2853785753250122,,,,,,,,,,,,
20160415.0,0.2846935987472534,0.2957202792167663,,,,,0.1370586305856704,,,,,,,,,,,,
20160416.0,0.2572128772735595,0.2829696536064148,0.3947030007839203,0.2361108958721161,0.2169825136661529,,,10.0,0.1798536628484726,1.3645503520965576,287.8140869140625,1.708726167678833,256.0595397949219,240.5130615234375,0.0,4.620335102081299,300.0,0.280963122844696,0.2218903653645888
20160417.0,0.2371774613857269,0.2770843803882599,,,,0.1535657346248626,0.1918088346719741,,,,,,,,,,,,
20160418.0,0.221328929066658,0.2735296487808227,0.3239443600177765,0.194282054901123,0.1832299083471298,,,10.0,0.1798536628484726,1.3645503520965576,291.6998596191406,1.6769174337387085,262.6021423339844,245.98358154296875,0.0008523463038727,4.2243852615356445,300.0,0.2330141514539718,0.209469532663909
20160419.0,0.2070700973272323,0.2795078754425049,0.3477773666381836,0.2053980678319931,0.1915083229541778,,0.171391949057579,10.0,0.1798536628484726,1.3645503520965576,291.8714599609375,1.6611378192901611,262.50274658203125,249.5048217773437,0.0,4.139353275299072,300.0,0.2238017618656158,0.2029524771091748
20160420.0,0.1940048933029174,0.2730835676193237,,,,0.1057004183530807,0.1086764112114906,,,,,,,,,,,,
20160421.0,0.1823352724313736,0.2737913429737091,0.3398277759552002,0.1641148179769516,0.1573268473148346,,,10.0,0.1798536628484726,1.3645503520965576,290.4129638671875,1.6301696300506592,266.1175537109375,250.9715881347656,0.0027269923593848,3.2536885738372803,300.0,0.1903486549854278,0.1900896878762543
20160422.0,0.207112118601799,0.2697125077247619,,,,0.1240908503532409,0.1168248578906059,,,,,,,,,,,,
20160423.0,0.3658421039581299,,,,,,,,,,,,,,,,,,
20160424.0,0.3181059658527374,0.3127196431159973,0.395987331867218,0.2104610949754715,0.1958183795213699,,0.2727439105510711,10.0,0.1798536628484726,1.3645503520965576,286.6477966308594,1.5703210830688477,259.5177001953125,243.5716552734375,0.162743791937828,3.4631850719451904,300.0,0.233728140592575,0.2103099477421029
20160425.0,0.3412584364414215,0.2871883809566498,,,,0.145609512925148,0.1457869261503219,,,,,,,,,,,,
20160426.0,0.3074322640895843,0.273468941450119,0.3164790272712707,0.1777687817811966,0.1680336147546768,,,10.0,0.1798536628484726,1.3645503520965576,285.4476928710937,1.527497172355652,261.1676330566406,243.56784057617188,0.0034301592968404,3.704906463623047,300.0,0.2049886882305145,0.1927719364193946
20160427.0,0.2815583050251007,0.2564996480941772,0.339219868183136,0.1692964732646942,0.1610163897275924,0.1434811204671859,0.1609851419925689,10.0,0.1798536628484726,1.3645503520965576,287.13543701171875,1.50616192817688,262.57086181640625,247.49090576171875,2.1890225410461426,3.1269876956939697,300.0,0.2043776214122772,0.1925595378304482
20160428.0,0.3186269402503967,,,,,,,,,,,,,,,,,,
20160429.0,0.2866265475749969,0.2836858332157135,0.3812923729419708,0.1994462013244629,0.185460090637207,,,10.0,0.1798536628484726,1.3645503520965576,288.4658203125,1.4638471603393557,260.0224609375,244.19772338867188,0.0011334789451211,4.07152271270752,300.0,0.2240169495344162,0.2309412219434456
20160430.0,0.2653670608997345,0.271648645401001,,,,0.1297577768564224,0.1438947767019271,,,,,,,,,,,,
20160502.0,0.2160388082265854,0.2745648324489593,,,,0.1239422261714935,0.136234626173973,,,,,,,,,,,,
20160503.0,0.1999931335449218,0.2746725976467132,,,,,0.0665913894772529,,,,,,,,,,,,
20160504.0,0.1917327940464019,0.2614501118659973,0.304753839969635,0.1504196524620056,0.1455430686473846,,,10.0,0.1798536628484726,1.3645503520965576,291.5539855957031,1.360134840011597,267.79400634765625,253.76303100585932,0.0138102183118462,2.7767646312713623,300.0,0.1634504199028015,0.1994759097719678
20160505.0,0.2321832925081253,0.2534433007240295,0.2959997355937958,0.1497456133365631,0.1451499313116073,0.0988042876124382,0.1008636727929115,10.0,0.1798536628484726,1.3645503520965576,289.7328491210937,1.3397843837738037,267.025634765625,253.17274475097656,9.267267227172852,2.593057632446289,300.0,0.154029443860054,0.1964064070154229
20160506.0,0.3096699118614197,0.2663646340370178,,,,,,,,,,,,,,,,,
20160507.0,0.3180844485759735,0.292736142873764,0.3232364654541015,0.1770126670598983,0.1665814518928527,,0.2376476377248764,10.0,0.1798536628484726,1.3645503520965576,286.8844909667969,1.299870252609253,263.10113525390625,248.1776733398437,3.99549412727356,1.6040886640548706,300.0,0.1770889014005661,0.2053969281635964
20160508.0,0.3334478437900543,0.291857361793518,,,,,0.1077608540654182,,,,,,,,,,,,
20160509.0,0.3138954639434814,0.3023900687694549,,,,,,,,,,,,,,,,,
20160510.0,0.2889053225517273,0.2618008255958557,0.3114919066429138,0.1616690009832382,0.1549641788005828,0.1318961083889007,0.1324808448553085,10.0,0.1798536628484726,1.3645503520965576,290.4761657714844,1.226396918296814,265.7966003417969,251.73245239257807,2.3614144083694555e-05,4.034314155578613,300.0,0.1605602204799652,0.1997466121604509
20160511.0,0.2598126530647278,0.2599326372146606,,,,,,,,,,,,,,,,,
20160512.0,0.2335464656352996,0.2650204598903656,,0.1516544818878173,0.1515519320964813,,0.1063264906406402,10.0,0.1798536628484726,1.3645503520965576,293.576171875,1.1747562885284424,267.4842834472656,256.7680053710937,0.001716989907436,4.53992223739624,300.0,0.1580078601837158,0.1866932377165965
20160513.0,0.2110428214073181,0.2514553368091583,0.2698467075824737,0.1277433186769485,0.1311429291963577,0.0767678394913673,0.0662556812167167,10.0,0.1798536628484726,1.3645503520965576,293.3571472167969,1.149144411087036,270.62890625,259.11383056640625,0.0017225767951458,4.073785305023193,300.0,0.1294882148504257,0.178523169541374
20160514.0,0.1937146335840225,0.2465060800313949,,,,,,,,,,,,,,,,,
20160515.0,0.1826895624399185,0.2355769276618957,0.2374743074178695,0.1182860136032104,0.1199967414140701,0.0811984986066818,0.0777001231908798,10.0,0.1798536628484726,1.3645503520965576,291.3475036621094,1.0985496044158936,270.8001708984375,258.0318603515625,0.0021633410360664,3.3886351585388184,300.0,0.1071990951895713,0.1683223961875153
20160516.0,0.1712758839130401,0.2426821738481521,,,,,,,,,,,,,,,,,
20160517.0,0.1588761210441589,0.2429690361022949,,,,,,,,,,,,,,,,,
20160518.0,0.1459611356258392,0.2308738827705383,0.2505348324775696,0.104092352092266,0.1062939763069152,0.0724941790103912,0.0607318356633186,10.0,0.1798536628484726,1.3645503520965576,296.5399475097656,1.0242292881011963,274.88055419921875,261.8497314453125,0.0,4.337891101837158,300.0,0.1119392067193985,0.1522257072080325
20160519.0,0.1359286308288574,0.2284281104803085,,,,,,,,,,,,,,,,,
20160520.0,0.1333501189947128,0.2252078056335449,0.1730420142412185,0.1002872511744499,0.098171517252922,0.0560829304158687,0.049867246299982,10.0,0.1798536628484726,1.3645503520965576,290.7292785644531,0.9757302403450012,274.4010314941406,259.73223876953125,1.1683008670806885,2.7409019470214844,300.0,0.0816561728715896,0.1415211460401862
20160521.0,0.1416094899177551,,0.2116851210594177,0.1056177243590354,0.1113081648945808,,0.0230719931423664,10.0,0.1798536628484726,1.3645503520965576,288.8505249023437,0.9517673850059508,270.54296875,259.119384765625,1.3786900043487549,2.4464540481567383,300.0,0.087359495460987,0.1374819792422156
20160522.0,0.1734365373849868,0.235921710729599,,,,,,,,,,,,,,,,,
20160523.0,0.168275237083435,0.2238755673170089,0.2210737466812133,0.0974993258714675,0.0914180725812912,0.0658382400870323,0.0606097616255283,10.0,0.1798536628484726,1.3645503520965576,288.70623779296875,0.904146671295166,272.1877136230469,256.4858703613281,0.9606102705001832,2.695375680923462,300.0,0.080569289624691,0.1329674450279287
20160524.0,0.1676751226186752,0.2222503423690796,,,,,,,,,,,,,,,,,
20160525.0,0.1602397561073303,0.2383208721876144,,,,,0.0988494530320167,,,,,,,,,,,,
20160526.0,0.1515225023031234,0.2312602400779724,0.2345628440380096,0.1005527898669242,0.1007289960980415,,0.0401013232767581,10.0,0.1798536628484726,1.3645503520965576,292.7928771972656,0.8451447486877441,272.71649169921875,258.8912658691406,0.0713624283671379,3.068814516067505,300.0,0.0831446498632431,0.1275076373557638
20160527.0,0.1413234174251556,0.2201270312070846,,,,,,,,,,,,,,,,,
20160528.0,0.1316763162612915,0.2112598270177841,0.1930567473173141,0.1034831255674362,0.0973152667284011,0.0693092569708824,0.0698263496160507,10.0,0.1798536628484726,1.3645503520965576,295.9225769042969,0.8092436790466309,274.78961181640625,257.8282470703125,0.0008523463038727,3.5467567443847656,300.0,0.0864891931414604,0.1235328793933545
20160529.0,0.1242105439305305,0.2058653831481933,0.2184663563966751,0.0929920896887779,0.0967004597187042,,,10.0,0.1798536628484726,1.3645503520965576,297.0057067871094,0.7915673851966858,275.5355529785156,262.6928100585937,0.0,3.40400505065918,300.0,0.082269437611103,0.1210804688420456
20160530.0,0.1193606555461883,0.2077638059854507,,,,,0.0569475404918193,,,,,,,,,,,,
20160531.0,0.1161835193634033,0.2077046185731887,0.2052441388368606,0.0930671617388725,0.0973159149289131,0.0491740629076957,0.0377208776772022,10.0,0.1798536628484726,1.3645503520965576,299.67926025390625,0.7566043138504028,277.1353759765625,264.37139892578125,0.0017166137695312,3.2811760902404785,300.0,0.076316013932228,0.1168763448606411
20160601.0,0.1137545555830001,0.2029758989810943,,,,,,,,,,,,,,,,,
20160602.0,0.1122492626309394,0.193365216255188,,,,0.0511664189398288,0.0509659126400947,,,,,,,,,,,,
20160603.0,0.1111783161759376,0.1889000833034515,0.1976448148488998,0.0860019847750663,0.0940078869462013,,,10.0,0.1798536628484726,1.3645503520965576,300.4471130371094,0.7051331996917725,278.1139831542969,266.2861328125,0.0017195938853546,3.1459004878997803,300.0,0.069100372493267,0.1096714626074958
20160604.0,0.1102541834115982,0.1930028200149536,,,,,,,,,,,,,,,,,
20160605.0,0.1099080070853233,0.1910055577754974,0.1582110673189163,0.103625901043415,0.1061905696988105,0.0574941597878932,0.0529801324009895,10.0,0.1798536628484726,1.3645503520965576,300.0041198730469,0.6714681386947632,277.4541320800781,264.439697265625,0.0017120314296334,2.852978467941284,300.0,0.070375807583332,0.1083810557974345
20160606.0,0.1094690114259719,0.1879328489303589,0.1532758176326751,0.0892999246716499,0.0978853702545166,,,10.0,0.1798536628484726,1.3645503520965576,300.19873046875,0.654769241809845,278.72833251953125,267.17236328125,0.0008583068847656,2.7341196537017822,300.0,0.0634933561086654,0.1074160609678894
20160607.0,0.1092954576015472,0.183003544807434,,,,0.0534881688654422,0.0537125766277313,,,,,,,,,,,,
20160608.0,0.1092269718647003,0.1697746217250824,0.1386436969041824,0.0858583375811576,0.0841763764619827,,0.0100711081176996,10.0,0.1798536628484726,1.3645503520965576,296.9925537109375,0.6210422515869141,279.1861572265625,264.5362243652344,0.0043437127023935,2.2989656925201416,300.0,0.0614090450108051,0.1038001011140238
20160609.0,0.1091502606868743,0.1691527515649795,,,,,,,,,,,,,,,,,
20160610.0,0.1090395301580429,0.1689506024122238,,,,0.0524213761091232,0.0477614663541317,,,,,,,,,,,,
20160611.0,0.1088552102446556,0.1650433391332626,0.1483134776353836,0.0735909417271614,0.080858014523983,,,10.0,0.1798536628484726,1.3645503520965576,296.40777587890625,0.5956516861915588,277.84747314453125,265.95361328125,0.0008583068847656,2.4338278770446777,300.0,0.0635090395808219,0.0986592220343185
20160612.0,0.1084811687469482,0.1711635142564773,,,,,0.0764183476567268,,,,,,,,,,,,
20160613.0,0.1083788126707077,0.1789256632328033,0.1333058029413223,0.0908518582582473,0.0893629044294357,,0.0147099215537309,10.0,0.1798536628484726,1.3645503520965576,297.8424377441406,0.5849490761756897,278.19500732421875,263.51763916015625,0.0004497873596847,2.210963249206543,300.0,0.0631500929594039,0.0966562221153041
20160614.0,0.1083289459347724,0.1731072664260864,0.135339468717575,0.0708628445863723,0.0753037929534912,,,10.0,0.1798536628484726,1.3645503520965576,295.16461181640625,0.5797960162162781,278.7509155273437,266.1999816894531,0.0,1.9984209537506104,300.0,0.0600413605570793,0.0950039998842411
20160615.0,0.1085269600152969,0.1595132797956466,,,,0.0537050180137157,0.0424817651510238,,,,,,,,,,,,
20160616.0,0.1099000200629234,0.1574391573667526,0.1396025717258453,0.0802648365497589,0.0828934982419014,,,10.0,0.1798536628484726,1.3645503520965576,291.9537048339844,0.5695304870605469,275.6682434082031,262.5374450683594,0.0017096917144954,1.7969976663589478,300.0,0.0630564391613006,0.0913513889053297
20160617.0,0.1092204451560974,0.1638545244932174,,,,,0.0349436923861503,,,,,,,,,,,,
20160618.0,0.1104280948638916,0.1680143922567367,,,,0.0379532985389232,0.023316141217947,,,,,,,,,,,,
20160619.0,0.109413556754589,0.1768587231636047,0.1642748564481735,0.0804516077041626,0.0855744183063507,,,10.0,0.1798536628484726,1.3645503520965576,298.2009582519531,0.5542330145835876,277.666015625,265.0956420898437,0.0,2.359484434127808,300.0,0.0620584674179554,0.0906642225341327
20160620.0,0.108409009873867,0.165866419672966,,,,0.0638830810785293,0.0555742047727108,,,,,,,,,,,,
20160621.0,0.1078233793377876,0.1553674489259719,0.1233223006129264,0.0842599272727966,0.080507181584835,,,10.0,0.1798536628484726,1.3645503520965576,300.8359680175781,0.5441020727157593,280.110107421875,264.7372436523437,0.0008612871170043,2.531273365020752,300.0,0.0574734397232532,0.0893975000970231
20160622.0,0.1075212508440017,0.1544224023818969,0.1344163417816162,0.0775037705898284,0.0819094777107238,,,10.0,0.1798536628484726,1.3645503520965576,301.111572265625,0.5390398502349854,280.8252258300781,267.9712829589844,0.000435113790445,2.354682207107544,300.0,0.0526606813073158,0.0883426365342501
20160623.0,0.1074494943022728,0.150538221001625,,,,0.0473481379449367,0.0334482863545417,,,,,,,,,,,,
20160624.0,0.1074209511280059,0.1569073796272277,0.1382339000701904,0.0823939517140388,0.0819093212485313,,,10.0,0.1798536628484726,1.3645503520965576,299.32635498046875,0.5287529826164246,280.21356201171875,265.85302734375,0.0008523463620804,2.163986921310425,300.0,0.0538706481456756,0.0852635000359993
20160625.0,0.1073402613401413,0.1568867862224578,,,,0.0448355600237846,0.0460524298250675,,,,,,,,,,,,
20160626.0,0.1072007194161415,0.1551732867956161,,,,,0.016754662618041,,,,,,,,,,,,
20160627.0,0.1071041822433471,0.1541920602321624,0.1427850425243377,0.0754183605313301,0.0887665748596191,,,10.0,0.1798536628484726,1.3645503520965576,303.670654296875,0.5203165411949158,281.73876953125,271.181396484375,0.0,2.421303033828736,300.0,0.0463741719722747,0.083209298960702
20160628.0,0.1070324853062629,0.1572587937116623,,,,0.0408866256475448,0.039674062281847,,,,,,,,,,,,
20160629.0,0.1070338860154151,0.1510121822357177,0.0808277800679206,0.0759228467941284,0.0750340819358825,,,10.0,0.1798536628484726,1.3645503520965576,302.2607727050781,0.5164365768432617,284.42254638671875,269.9413452148437,0.0025683841668069,2.143709897994995,300.0,0.0434803143143653,0.0810272679030365
20160630.0,0.1070805639028549,0.1540891677141189,0.1262674927711486,0.0762121304869651,0.0897245034575462,,0.05117953941226,10.0,0.1798536628484726,1.3645503520965576,300.2860717773437,0.5145500898361206,281.3287353515625,270.85125732421875,0.0008583068847656,2.1041581630706787,300.0,0.0477302186191082,0.0792986111620399
20160701.0,0.1070694997906684,0.1429952681064605,,,,,0.0021057771518826,,,,,,,,,,,,
20160702.0,0.1070721521973609,0.1435610204935073,0.1157327815890312,0.073867529630661,0.0773527324199676,,,10.0,0.1798536628484726,1.3645503520965576,301.3930358886719,0.5107829570770264,282.92559814453125,269.7616577148437,0.0,1.9636328220367432,300.0,0.0448362044990062,0.0777146112127469
20160703.0,0.107090063393116,0.1501479595899582,,,,0.0501400306820869,0.039674062281847,,,,,,,,,,,,
20160704.0,0.107094757258892,0.1553536057472229,,,,,,,,,,,,,,,,,
20160705.0,0.107110284268856,0.1535453647375106,0.1123914048075676,0.0713661983609199,0.0720202922821044,,0.0367748029530048,10.0,0.1798536628484726,1.3645503520965576,298.8433837890625,0.5051467418670654,282.4057006835937,268.6251220703125,0.0,1.697667121887207,300.0,0.0462460219860076,0.0731783232411259
20160706.0,0.1071506440639495,0.14360411465168,,,,0.035215962678194,0.0209356974810361,,,,,,,,,,,,
20160707.0,0.1071909815073013,0.1484150737524032,0.0766292363405227,0.0662032589316368,0.0610440261662006,,,10.0,0.1798536628484726,1.3645503520965576,297.46044921875,0.5013989210128784,282.372802734375,267.381591796875,0.0021851100027561,1.57820725440979,300.0,0.0464334711432457,0.0697920142771124
20160708.0,0.1072288155555725,0.1448711305856704,0.0871264711022377,0.0677947998046875,0.0782995373010635,0.053286962211132,0.0489211715757846,10.0,0.1798536628484726,1.3645503520965576,297.17010498046875,0.4995319247245788,280.3515625,269.21197509765625,0.0048317429609596,1.58999502658844,300.0,0.0493332184851169,0.0691854520022201
20160709.0,0.1072098314762115,0.1454811096191406,,,,,,,,,,,,,,,,,
20160710.0,0.1072200089693069,0.1429134905338287,0.1084047630429267,0.0753224715590477,0.0785997211933136,,,10.0,0.1798536628484726,1.3645503520965576,296.0951538085937,0.4958527386188507,280.30694580078125,267.1737976074219,0.0,1.5774931907653809,300.0,0.0506923571228981,0.0678186113326334
20160711.0,0.1071540266275405,0.1384636908769607,,,,0.0470659174025058,0.0339671000838279,,,,,,,,,,,,
20160712.0,0.1070736125111579,0.149158164858818,,,,,,,,,,,,,,,,,
20160713.0,0.1070570200681686,0.1376008540391922,0.1126485094428062,0.068875253200531,0.0747543573379516,0.043812345713377,0.0380260646343231,10.0,0.1798536628484726,1.3645503520965576,299.68170166015625,0.4886845052242279,281.59722900390625,269.2333984375,0.0,1.8387120962142944,300.0,0.0468199253082275,0.0668581667409986
20160714.0,0.1069687828421592,0.1437545418739318,,,,,0.014557329006493,,,,,,,,,,,,
20160715.0,0.1069251298904419,0.1474124491214752,0.0857643336057663,0.0678299441933631,0.067705899477005,,,10.0,0.1798536628484726,1.3645503520965576,301.6795959472656,0.483506441116333,284.66705322265625,270.6967163085937,0.0,1.8325012922286987,300.0,0.0406914688646793,0.0667448890055815
20160716.0,0.1069356650114059,0.1448291689157486,0.1066779419779777,0.0803468376398086,0.0818551927804946,0.0335320644080638,0.0242316965013742,10.0,0.1798536628484726,1.3645503520965576,300.15069580078125,0.480910986661911,282.91180419921875,269.04443359375,0.0,1.6459366083145142,300.0,0.0429039821028709,0.0655845239302468
20160717.0,0.106986679136753,0.1343277692794799,,,,,,,,,,,,,,,,,
20160718.0,0.1070606261491775,0.1337438225746154,0.1007267385721206,0.0753317102789878,0.0801643729209899,,0.0397961363196373,10.0,0.1798536628484726,1.3645503520965576,297.2334899902344,0.4757314026355743,281.1754150390625,268.4085693359375,0.0026468217838555,1.3851536512374878,300.0,0.0450941734015941,0.0618170619677366
20160719.0,0.1071097180247306,0.1345973163843155,,,,,0.0092165898531675,,,,,,,,,,,,
20160720.0,0.1070849150419235,0.1353635638952255,,,,,,,,,,,,,,,,,
20160721.0,0.107029415667057,0.1416444778442382,0.1048730984330177,0.080636978149414,0.0925280749797821,0.047891080379486,0.040559098124504,10.0,0.1798536628484726,1.3645503520965576,298.8705749511719,0.4679906070232391,280.159912109375,269.3091735839844,0.0,1.5619051456451416,300.0,0.0462871603667736,0.0607043455639235
20160722.0,0.1070108637213707,0.1349977850914001,,,,,,,,,,,,,,,,,
20160723.0,0.106960080564022,0.1275238692760467,0.0653483569622039,0.0872780084609985,0.0928841680288314,,0.0488906539976596,10.0,0.1798536628484726,1.3645503520965576,300.8910522460937,0.4628490507602691,280.6771240234375,268.0417175292969,0.0017166130710393,1.7340153455734253,300.0,0.0455740019679069,0.0600944837412565
20160724.0,0.10689028352499,0.1375979036092758,0.1113693192601203,0.0686299279332161,0.0789049193263053,0.0378739163279533,0.0223090313374996,10.0,0.1798536628484726,1.3645503520965576,302.55535888671875,0.4602742493152618,283.56463623046875,272.21881103515625,0.0,1.7521973848342896,300.0,0.039149560034275,0.0605845240409885
20160725.0,0.106872484087944,0.1608502715826034,,,,,,,,,,,,,,,,,
20160726.0,0.1068721488118171,0.1285776495933532,0.102406196296215,0.0694134682416915,0.0781715437769889,0.055051390081644,0.0576799847185611,10.0,0.1798536628484726,1.3645503520965576,302.6759948730469,0.4550197720527649,284.20184326171875,272.4218444824219,0.0008523463038727,1.7271283864974976,300.0,0.0381373986601829,0.0598361907159128
20160727.0,0.1068292781710624,0.1342986226081848,,,,,,,,,,,,,,,,,
20160728.0,0.1068089604377746,0.1438686698675155,,,,,,,,,,,,,,,,,
20160729.0,0.1068215891718864,0.1430473923683166,0.1160261183977127,0.1034191995859146,0.1071727871894836,0.0399582795798778,0.0249031037092208,10.0,0.1798536628484726,1.3645503520965576,303.8612976074219,0.4511301815509796,282.6371459960937,270.0527038574219,0.001278486684896,1.7109040021896362,300.0,0.038427859544754,0.0576494781826895
20160730.0,0.1068184375762939,0.1487747728824615,,,,,,,,,,,,,,,,,
20160731.0,0.1068402156233787,0.141379714012146,0.0755671262741088,0.09693593531847,0.0973406881093978,0.0499436594545841,0.0382396914064884,10.0,0.1798536628484726,1.3645503520965576,302.0432434082031,0.4495339393615722,283.5595092773437,269.15777587890625,0.000435113790445,1.4860402345657349,300.0,0.0375487729907035,0.0562709622477337
20160801.0,0.106889858841896,0.1444081664085388,0.0842705518007278,0.0859389007091522,0.0981954783201217,,0.0,10.0,0.1798536628484726,1.3645503520965576,300.5233154296875,0.448765367269516,282.285400390625,271.67919921875,0.0017041251994669,1.3991526365280151,300.0,0.0379838272929191,0.0568604812020616
20160802.0,0.1069287806749343,0.1306719928979873,,,,,,,,,,,,,,,,,
20160803.0,0.1069313213229179,0.1329349279403686,0.0957105979323387,0.0846350044012069,0.0857324376702308,0.0347524732351303,0.0185857731848955,10.0,0.1798536628484726,1.3645503520965576,300.52783203125,0.447229266166687,283.1942443847656,269.05889892578125,0.0012906801421195,1.435861349105835,300.0,0.0387291796505451,0.0562445979355827
20160804.0,0.1069331690669059,0.1251213550567627,,,,,,,,,,,,,,,,,
20160805.0,0.1070048063993454,0.1311720013618469,,,,,0.0311593990772962,,,,,,,,,,,,
20160806.0,0.1070642694830894,0.1267482340335846,0.0894794538617134,0.0676930248737335,0.0665168017148971,,0.0125431073829531,10.0,0.1798536628484726,1.3645503520965576,296.9935913085937,0.4449277520179748,283.08160400390625,268.90948486328125,0.0017166137695312,1.202293872833252,300.0,0.0381983146071434,0.0537849216057102
20160807.0,0.1070581972599029,0.1309149265289306,,,,,,,,,,,,,,,,,
20160808.0,0.1070296689867973,0.1391926407814026,0.0548422634601593,0.0779684633016586,0.0861971527338028,0.0435861721634864,0.0349131748080253,10.0,0.1798536628484726,1.3645503520965576,298.1826171875,0.4433951079845428,280.9898681640625,269.1148681640625,0.0008611339144408,1.2743412256240845,300.0,0.0417107455432415,0.0537571487907029
20160809.0,0.1070028319954872,0.1291025876998901,0.0843968018889427,0.0685049593448638,0.0729366317391395,,,10.0,0.1798536628484726,1.3645503520965576,298.5457458496094,0.442609429359436,282.96099853515625,270.1937561035156,0.000435113790445,1.2705888748168943,300.0,0.0384155809879303,0.0536421155895541
20160810.0,0.1069735065102577,0.1308439522981643,,,,,0.0341196954250335,,,,,,,,,,,,
20160811.0,0.1069655418395996,0.1413947641849517,0.0921783670783042,0.0715687647461891,0.0651582479476928,0.039080798625946,0.019653920084238,10.0,0.1798536628484726,1.3645503520965576,299.8247375488281,0.440801739692688,284.42974853515625,268.5325927734375,0.0,1.286998271942139,300.0,0.036090787500143,0.0535582111058488
20160812.0,0.1069458648562431,0.1359194815158844,,,,,,,,,,,,,,,,,
20160813.0,0.106927677989006,0.1450285464525222,,,,0.0577173344790935,0.0538041330873966,,,,,,,,,,,,
20160814.0,0.1068940982222557,0.1284397542476654,0.0915742889046669,0.0922713875770568,0.0973718240857124,,,10.0,0.1798536628484726,1.3645503520965576,301.8143615722656,0.4462116658687591,282.88116455078125,270.1051025390625,0.0008670523529872,1.394296646118164,300.0,0.0363083593547344,0.0537639104787489
20160815.0,0.1068662330508232,0.1294689774513244,,,,,,,,,,,,,,,,,
20160816.0,0.1069003939628601,0.1311003565788269,0.0553983226418495,0.0779430344700813,0.072525754570961,0.0434605181217193,0.0291451774537563,10.0,0.1798536628484726,1.3645503520965576,300.42449951171875,0.4518705606460571,285.1270446777344,269.1004638671875,0.0017141756834462,1.2510699033737185,300.0,0.0342983789741992,0.0520360416715509
20160817.0,0.1069128811359405,0.1235954388976097,0.0762823298573494,0.0821074768900871,0.0919420644640922,,,10.0,0.1798536628484726,1.3645503520965576,300.3760070800781,0.4547669291496277,282.9675598144531,271.4774475097656,0.0017136334208771,1.2614120244979858,300.0,0.0351544618606567,0.0521796969613059
20160818.0,0.1069083511829376,0.1292554885149002,,,,0.0435603372752666,0.0338450260460376,,,,,,,,,,,,
20160819.0,0.1068978756666183,0.1322349607944488,0.0858592391014099,0.0801081582903862,0.0802129581570625,,0.0,10.0,0.1798536628484726,1.3645503520965576,300.61944580078125,0.4605745077133178,284.50311279296875,270.0802917480469,0.000426173210144,1.1441960334777832,300.0,0.031948197633028,0.0518496154209226
20160820.0,0.1069245487451553,0.13059763610363,,,,,,,,,,,,,,,,,
20160821.0,0.1069327816367149,0.1328163295984268,,,,0.040992435067892,0.0256355479359626,,,,,,,,,,,,
20160822.0,0.1069542616605758,0.1293303072452545,,,,,,,,,,,,,,,,,
20160823.0,0.1069752722978591,0.1322649419307708,,,,0.0419783815741539,0.0336619168519973,,,,,,,,,,,,
20160824.0,0.1069816276431083,0.1253602057695388,0.0668366253376007,0.080530859529972,0.0771447122097015,,0.011047700420022,10.0,0.1798536628484726,1.3645503520965576,297.64666748046875,0.4751789569854736,282.77508544921875,267.3417053222656,0.0008523463038727,1.0287624597549438,300.0,0.0351621434092521,0.0522163683912129
20160825.0,0.1069932356476783,0.1243453994393348,0.0736624002456665,0.0784626007080078,0.0870591849088668,,,10.0,0.1798536628484726,1.3645503520965576,296.9461364746094,0.4781382977962494,281.4290771484375,269.6473999023437,0.0008608131902292,0.9971138834953308,300.0,0.0355840511620044,0.0519708333165408
20160826.0,0.1070191264152526,0.1097253710031509,,,,0.0376739166676998,0.0284127332270145,,,,,,,,,,,,
20160827.0,0.1070654839277267,0.1306933164596557,0.0825549662113189,0.0912345871329307,0.0964619815349578,,,10.0,0.1798536628484726,1.3645503520965576,296.0601501464844,0.4843589961528778,279.42694091796875,266.7749328613281,0.0029741718899458,0.8871479630470276,300.0,0.0375241264700889,0.0509559381025517
20160828.0,0.1070957779884338,0.1245847716927528,,,,,0.0321054719388484,,,,,,,,,,,,
20160829.0,0.1070770397782325,0.1262381821870803,,,,0.0380066968500614,0.0186162907630205,,,,,,,,,,,,
20160830.0,0.1070543229579925,0.1309681087732315,0.0929107591509819,0.0904764086008071,0.0938706696033477,,,10.0,0.1798536628484726,1.3645503520965576,297.6517333984375,0.4839101731777191,280.1654052734375,266.8451538085937,0.0017358944751322,0.9810694456100464,300.0,0.0377118252217769,0.0512772805071815
20160831.0,0.107011005282402,0.1293764263391494,,,,0.0608761124312877,0.0460829511284828,,,,,,,,,,,,
20160901.0,0.107037216424942,0.1265802383422851,0.0597008951008319,0.0796331390738487,0.0824473276734352,,,10.0,0.1798536628484726,1.3645503520965576,296.3614196777344,0.4811612963676452,281.70806884765625,268.2489624023437,0.0043305251747369,0.8795443773269653,300.0,0.0321725308895111,0.0508142582823843
20160902.0,0.1070690378546714,0.1261197179555893,0.0809816569089889,0.0895560011267662,0.0991953834891319,,,10.0,0.1798536628484726,1.3645503520965576,296.6651306152344,0.479716956615448,279.13873291015625,268.0328063964844,0.0008523463038727,0.9132561087608336,300.0,0.0374885089695453,0.0502468311326892
20160903.0,0.1070377752184867,0.1303408294916153,,,,0.0456055216491222,0.0293893255293369,,,,,,,,,,,,
20160904.0,0.10707638412714,0.1321117728948593,0.0904111862182617,0.0863457396626472,0.0890069082379341,,,10.0,0.1798536628484726,1.3645503520965576,294.5018310546875,0.4768317639827728,279.6250915527344,266.1224975585937,0.0010708342306315,0.7669397592544556,300.0,0.0331664010882377,0.0637133493994074
20160905.0,0.1071094200015068,0.1307044178247451,,,,0.0462286882102489,0.0344248786568641,,,,,,,,,,,,
20160906.0,0.1070622876286506,0.1383941769599914,,,,,0.0034485915675759,,,,,,,,,,,,
20160907.0,0.1069832667708396,0.1361097246408462,0.093586154282093,0.0848097577691078,0.0925734862685203,,,10.0,0.1798536628484726,1.3645503520965576,298.1436767578125,0.4725127816200256,279.92169189453125,267.94488525390625,0.0008491133921779,1.021109700202942,300.0,0.0380452275276184,0.0641987500468854
20160908.0,0.1069310829043388,0.1319366693496704,,,,0.0389991626143455,0.0210272539407014,,,,,,,,,,,,
20160909.0,0.1069671213626861,0.126171126961708,0.0550871826708316,0.0865417644381523,0.0844109654426574,,,10.0,0.1798536628484726,1.3645503520965576,297.5877990722656,0.4696393609046936,281.64306640625,266.49078369140625,0.0012822679709643,0.8758513927459717,300.0,0.0312501415610313,0.0586123163002405
20160910.0,0.1069701835513114,0.134682297706604,0.0800727158784866,,,0.0435960069298744,0.0301828067749738,,,,,,,,,,,,
20160911.0,0.1069723144173622,0.1361633688211441,,,,,0.0147404400631785,,,,,,,,,,,,
20160912.0,0.1070481985807418,0.1345664113759994,0.0892606079578399,0.0812682285904884,0.0795406326651573,,,10.0,0.1798536628484726,1.3645503520965576,294.39239501953125,0.4652175009250641,280.9471435546875,266.13458251953125,0.0057804058305919,0.6616508364677429,300.0,0.0262958072125911,0.059022262049225
20160913.0,0.1071511134505271,0.1307423114776611,,,,0.040847361087799,0.0288399923592805,,,,,,,,,,,,
20160914.0,0.1072034612298011,0.1367454975843429,,,,,,,,,,,,,,,,,
20160915.0,0.1071851626038551,0.1297355592250824,,0.0728740692138671,0.0764375627040863,,0.0459913946688175,10.0,0.1798536628484726,1.3645503520965576,294.3587646484375,0.4640472531318664,279.71600341796875,266.71710205078125,0.0,0.747018039226532,300.0,0.0318260975182056,0.0584100594881088
20160916.0,0.1071377247571945,0.1343003809452057,,,,0.0368218272924423,0.0213324390351772,,,,,,,,,,,,
20160917.0,0.1070961356163024,0.1354981064796447,0.0446777567267417,0.0869742110371589,0.0918640419840812,,,10.0,0.1798536628484726,1.3645503520965576,296.62225341796875,0.464091420173645,279.592529296875,266.7870788574219,0.0017209643265232,0.8394211530685425,300.0,0.0337737128138542,0.0628808333159876
20160918.0,0.107018269598484,0.1386830359697342,0.0751459300518035,0.0847337320446968,0.0916349366307258,0.0531231760978698,0.0391857661306858,10.0,0.1798536628484726,1.3645503520965576,298.24078369140625,0.4641376733779907,280.6956787109375,268.4595947265625,0.0,0.9046016335487366,300.0,0.0322048887610435,0.0707193264160656
20160919.0,0.106937251985073,0.1578516364097595,,,,,,,,,,,,,,,,,
20160920.0,0.1069065704941749,0.1501191109418869,0.0959144756197929,0.0975991338491439,0.0965486392378807,,0.052308727055788,10.0,0.1798536628484726,1.3645503520965576,299.44256591796875,0.4642300009727478,281.99444580078125,266.99285888671875,0.0004375456774141,0.8081409931182861,300.0,0.0262883808463811,0.071176767593905
20160921.0,0.1071893349289894,0.1287303417921066,,,,0.046035461127758,0.0307321399450302,,,,,,,,,,,,
20160922.0,0.1073752716183662,0.1337582468986511,,,,,,,,,,,,,,,,,
20160923.0,0.1075909882783889,0.1339603066444397,,0.0870124399662017,0.0828515887260437,0.052752312272787,0.0438550971448421,10.0,0.1798536628484726,1.3645503520965576,291.56854248046875,0.464368611574173,278.343505859375,262.71844482421875,0.0,0.6610203385353088,300.0,0.0309624969959259,0.0456968865992262
20160924.0,0.1073914319276809,0.1309949904680252,,,,,,,,,,,,,,,,,
20160925.0,0.1072107851505279,0.1367224305868148,0.0477596893906593,0.0896732211112976,0.096222311258316,,,10.0,0.1798536628484726,1.3645503520965576,296.6339111328125,0.4644609689712524,278.9979248046875,266.7684936523437,0.0008702276973053,0.8019868731498718,300.0,0.0330075696110725,0.0696001027206157
20160926.0,0.1070451959967613,0.1352888643741607,0.0873874500393867,0.0910044610500335,0.0960659012198448,0.0448375754058361,0.033509325236082,10.0,0.1798536628484726,1.3645503520965576,298.6815795898437,0.4645070433616638,280.64227294921875,267.8948974609375,0.0,0.8811107277870178,300.0,0.0308489855378866,0.0713889744185025
20160928.0,0.1068984568119049,0.1484661251306533,,,,0.0439456775784492,0.03482161834836,,,,,,,,,,,,
20160929.0,0.1069252118468284,0.1399158239364624,,,,,0.0093997009098529,,,,,,,,,,,,
20160930.0,0.1069813147187233,0.1341574192047119,,,,,,,,,,,,,,,,,
20161001.0,0.1070573776960372,0.1313559412956237,0.0698495358228683,0.097064271569252,0.1006354689598083,0.0411829277873039,0.0285348072648048,10.0,0.1798536628484726,1.3645503520965576,290.6698608398437,0.4647675156593323,276.6983642578125,264.0259094238281,0.0,0.5388216972351074,300.0,0.0281988941133022,0.0445071914576628
20161002.0,0.1085843816399574,0.126018077135086,,,,,,,,,,,,,,,,,
20161003.0,0.1401469409465789,0.1553167849779129,0.1010512933135032,0.1036183312535286,0.1035100892186164,,0.0530411712825298,10.0,0.1798536628484726,1.3645503520965576,285.9091796875,0.4648882746696472,273.9216613769531,259.82574462890625,1.253220558166504,0.6337973475456238,300.0,0.0330780521035194,0.0433651119088861
20161004.0,0.1439222693443298,0.1555182039737701,0.1251299679279327,0.0987660139799118,0.1007730737328529,0.0300463922321796,0.0281685851514339,10.0,0.1798536628484726,1.3645503520965576,288.7718200683594,0.4649489223957062,273.9065246582031,260.7313842773437,0.0060629425570368,0.8753744959831238,300.0,0.0459013171494007,0.0429861535206838
20161005.0,0.1370505094528198,0.1491585671901703,,,,,,,,,,,,,,,,,
20161006.0,0.1302090585231781,0.1387857496738433,0.0810618698596954,0.0866794288158416,0.0805441215634346,0.0535396598279476,0.0413830988109111,10.0,0.1798536628484726,1.3645503520965576,289.3483581542969,0.4650702178478241,276.5531005859375,260.40838623046875,0.0017285346984863,0.950069010257721,300.0,0.04070745408535,0.0436662275576538
20161007.0,0.1241755858063697,0.1449522078037262,,,,,,,,,,,,,,,,,
20161008.0,0.1191169470548629,0.1550463885068893,,,,,0.037232581526041,,,,,,,,,,,,
20161009.0,0.1150708422064781,0.1455669105052948,0.0817748606204986,0.1059925183653831,0.1079118698835372,0.0427046455442905,0.0262154005467891,10.0,0.1798536628484726,1.3645503520965576,293.7142333984375,0.4652521312236786,275.8631591796875,262.7711181640625,0.0025749204214662,0.8535772562026978,300.0,0.0454192869365215,0.0448691669862039
20161010.0,0.1124398559331893,0.1462811976671219,,,,,,,,,,,,,,,,,
20161011.0,0.1110869497060775,0.1492265164852142,0.0647350773215293,0.1029149144887924,0.1018030121922493,0.0485568083822727,0.0424512475728988,10.0,0.1798536628484726,1.3645503520965576,291.4745483398437,0.4653733968734741,276.511474609375,261.73858642578125,0.0025951866991817,0.5114187002182007,300.0,0.0295230094343423,0.044022733537748
20161012.0,0.1104280054569244,0.1394536346197128,0.0846558287739753,0.1021427363157272,0.106295645236969,,,10.0,0.1798536628484726,1.3645503520965576,291.0899658203125,0.4652714431285858,274.9557800292969,262.8186340332031,0.0076194461435079,0.4612584114074707,300.0,0.0302685834467411,0.0435586892222507
20161013.0,0.1099611744284629,0.1520023494958877,,,,,,,,,,,,,,,,,
20161014.0,0.1822036653757095,0.1599570661783218,0.1039634570479393,0.0878474414348602,0.0888954922556877,0.0551567003130912,0.0461439862847328,10.0,0.1798536628484726,1.3645503520965576,289.0672302246094,0.4631173610687256,277.50640869140625,263.6019592285156,36.36899185180664,1.0333433151245115,300.0,0.0429154261946678,0.0742463808734365
20161015.0,0.3828698396682739,,,,,,,,,,,,,,,,,,
20161016.0,0.4063396155834198,0.2827442288398742,,,,0.2910946011543274,0.4368114173412323,,,,,,,,,,,,
20161017.0,0.419425368309021,,0.3336433172225952,0.3387062847614288,0.267055869102478,,0.1616565436124801,10.0,0.1798536628484726,1.3645503520965576,288.0155029296875,0.5275920629501343,248.7808532714844,233.4378204345703,13.610837936401367,2.435173273086548,300.0,0.2019322365522384,0.2525702593529985
20161018.0,0.3860782384872436,0.2686299383640289,,,,,,,,,,,,,,,,,
20161019.0,0.3608449101448059,0.2562055289745331,0.314582496881485,0.2796708941459656,0.2573233544826507,0.2227669209241867,0.2682271897792816,10.0,0.1798536628484726,1.3645503520965576,286.4107666015625,0.5896155834197998,248.8072509765625,226.830795288086,0.0008523463038727,2.4477946758270264,300.0,0.2389658987522125,0.2208983391424626
20161020.0,0.3427830934524536,0.2548170685768127,0.2940783202648163,0.272949755191803,0.2421411126852035,,,10.0,0.1798536628484726,1.3645503520965576,287.3843078613281,0.6219075918197632,251.55252075195312,231.71987915039065,0.0,2.245656013488769,300.0,0.2078970372676849,0.2156112504780834
20161021.0,0.328438401222229,0.2508101761341095,,,,,0.4661397039890289,,,,,,,,,,,,
20161022.0,0.316818356513977,0.2316751480102539,0.3000548183917999,0.2766925990581512,0.241769477725029,,0.1951048374176025,10.0,0.1798536628484726,1.3645503520965576,288.41802978515625,0.6880422234535217,252.52862548828125,233.5443420410156,0.0008523463038727,1.7374197244644165,300.0,0.2092082053422927,0.2209258519191203
20161023.0,0.3074184060096741,0.2488838583230972,,,,,,,,,,,,,,,,,
20161024.0,0.3104772865772247,0.2229533940553665,,,,0.2180480808019638,0.2331308871507644,,,,,,,,,,,,
20161025.0,0.3528635799884796,0.2391772419214248,0.2768217623233795,0.2425248473882675,0.2113705575466156,,,10.0,0.1798536628484726,1.3645503520965576,288.5308532714844,0.7911203503608704,257.71881103515625,240.75390625,6.909649848937988,1.7238891124725342,300.0,0.1641156375408172,0.2171095881507247
20161026.0,0.3476040363311767,0.2334364503622055,,,,,0.1908322423696518,,,,,,,,,,,,
20161027.0,0.3285331130027771,0.2309078723192215,0.2783350348472595,0.2508123815059662,0.217591717839241,0.1767226904630661,0.1769768297672271,10.0,0.1798536628484726,1.3645503520965576,287.1152648925781,0.8624232411384583,256.4994201660156,239.42092895507807,9.412946701049805,0.7110098004341125,300.0,0.179429143667221,0.2208514590082177
20161028.0,0.427599549293518,,0.3314768970012665,0.3666321635246277,0.279258131980896,,,10.0,0.1798536628484726,1.3645503520965576,288.2117614746094,0.8989578485488892,247.6708374023437,233.6984405517578,31.539100646972656,0.4850586950778961,300.0,0.2749371230602264,0.2722293614788237
20161029.0,0.4088158905506134,,,,,0.3087736368179321,0.2800378501415252,,,,,,,,,,,,
20161030.0,0.3937677443027496,0.2700898647308349,0.3252499401569366,0.2756131589412689,0.2362589389085769,,,10.0,0.1798536628484726,1.3645503520965576,286.904541015625,0.9749167561531068,253.633544921875,236.1777801513672,16.044506072998047,1.305253267288208,300.0,0.2182788401842117,0.2575613748959014
20161031.0,0.4196358919143677,,,,,,,,,,,,,,,,,,
20161101.0,0.4060201048851013,0.2749771773815155,,,,0.2490677535533905,0.2641376852989197,,,,,,,,,,,,
20161102.0,0.3847797513008117,0.2688103020191192,0.3150615990161896,0.3559711575508117,0.2681892514228821,,,10.0,0.1798536628484726,1.3645503520965576,284.6056823730469,1.0459357500076294,246.61846923828125,234.1962280273437,0.0004410743713378,1.6046830415725708,300.0,0.293011724948883,0.2509853527730935
20161103.0,0.3670951426029205,0.2790777683258056,,,,0.2465444356203079,0.2939848005771637,,,,,,,,,,,,
20161104.0,0.3544698655605316,0.2639294564723968,0.308058351278305,0.3035427033901214,0.2575739622116089,,0.0975981950759887,10.0,0.1798536628484726,1.3645503520965576,285.69879150390625,1.082441806793213,248.7098693847656,231.0469665527344,0.0,1.6243289709091189,300.0,0.2858664393424988,0.2418096428621425
20161105.0,0.3440238237380981,0.2815920114517212,0.2747449278831482,0.3269068896770477,0.2626858651638031,,,10.0,0.1798536628484726,1.3645503520965576,285.3225402832031,1.100517749786377,248.1015014648437,232.91390991210932,4.950541915604845e-05,1.43892502784729,300.0,0.2881543040275574,0.2384685083107083
20161106.0,0.3363425135612488,0.2668849229812622,,,,0.2483590245246887,0.2623676359653473,,,,,,,,,,,,
20161107.0,0.3322426974773407,0.2486220300197601,0.3103505671024322,0.2934183776378631,0.2466165870428085,,,10.0,0.1798536628484726,1.3645503520965576,287.27813720703125,1.1369974613189695,251.524169921875,234.92645263671875,0.0004414210561662,1.3288779258728027,300.0,0.2734785377979278,0.2342741671381546
20161108.0,0.3246862292289734,0.2622268795967102,,,,,0.4756309688091278,,,,,,,,,,,,
20161109.0,0.316796213388443,0.248022124171257,,,,,0.1717886924743652,,,,,,,,,,,,
20161110.0,0.3094596266746521,0.2597547769546509,0.2819203436374664,0.2751928269863128,0.2353777140378952,,,10.0,0.1798536628484726,1.3645503520965576,287.6742858886719,1.1925368309020996,253.6639709472656,236.8414306640625,0.0025689587928354,1.357695460319519,300.0,0.2598133385181427,0.2262923722641438
20161111.0,0.3036330938339233,0.2681164443492889,,,,0.2194432616233825,0.2550126612186432,,,,,,,,,,,,
20161112.0,0.2968834340572357,0.2493604868650436,0.2876417934894562,0.2738798260688782,0.2358688563108444,,,10.0,0.1798536628484726,1.3645503520965576,288.4593505859375,1.2301095724105835,254.4042205810547,237.1972198486328,0.0008523463038727,1.4088256359100342,300.0,0.2641267776489258,0.2214821065479015
20161113.0,0.291429340839386,0.2475236505270004,0.255259096622467,0.2503030002117157,0.2198580652475357,,0.1558580249547958,10.0,0.1798536628484726,1.3645503520965576,286.5498046875,1.249120593070984,255.90786743164065,238.5163726806641,0.0008553265361115,1.4252697229385376,300.0,0.2370291948318481,0.2183532743153566
20161114.0,0.2861161828041076,0.2414508759975433,,,,0.1611561030149459,0.1488387733697891,,,,,,,,,,,,
20161115.0,0.2818344831466675,0.2352126091718673,0.306435763835907,0.2718177437782287,0.2263534665107727,,,10.0,0.1798536628484726,1.3645503520965576,285.11248779296875,1.2882097959518433,254.1819000244141,240.49148559570312,0.5912426710128784,0.914021909236908,300.0,0.240944430232048,0.2127801371970107
20161116.0,0.309964507818222,0.2573164105415344,,,,0.1823628544807434,0.2156437933444976,,,,,,,,,,,,
20161117.0,0.3049243092536926,0.2307293713092804,,,,,,,,,,,,,,,,,
20161118.0,0.2941723167896271,,0.2845372259616852,0.2813280522823334,0.2298442274332046,,,10.0,0.1798536628484726,1.3645503520965576,280.666259765625,1.3221888542175293,250.40089416503903,238.7341461181641,0.0,1.6525970697402954,300.0,0.252557098865509,0.2069427388731223
20161119.0,0.295513242483139,0.2419421821832656,,,,0.1948722600936889,0.2006592005491256,,,,,,,,,,,,
20161120.0,0.4218523502349853,0.3013482391834259,0.4225976467132568,0.3786306083202362,0.2958979308605194,,,10.0,0.1798536628484726,1.3645503520965576,284.4402160644531,1.338629961013794,243.84683227539065,229.4901123046875,37.04771423339844,1.396149516105652,300.0,0.3344269394874573,0.2678652309431305
20161121.0,0.4151537418365478,0.3278882205486297,0.3678878545761108,0.3502139747142792,0.2694472968578338,0.3002455234527588,0.3704641759395599,10.0,0.1798536628484726,1.3645503520965576,283.0934753417969,1.3466923236846924,246.9604339599609,235.0038146972656,2.503925323486328,0.8933072090148926,300.0,0.3069872856140136,0.2679747456617691
20161122.0,0.3952912986278534,0.2865892648696899,,,,,0.1178319677710533,,,,,,,,,,,,
20161123.0,0.3990999162197113,0.2495283931493759,0.3796246647834778,0.335722804069519,0.2669620215892792,,,10.0,0.1798536628484726,1.3645503520965576,282.7980651855469,1.3628729581832886,246.3235321044922,233.1314392089844,8.11070442199707,1.1951618194580078,300.0,0.3108615279197693,0.2555097167409941
20161124.0,0.3887917399406433,0.2784867584705353,,,,0.2306786924600601,0.2755210995674133,,,,,,,,,,,,
20161125.0,0.3752406537532806,0.2574852705001831,,,,,,,,,,,,,,,,,
20161126.0,0.3775796592235565,0.2703010439872741,0.3437278866767883,0.262962281703949,0.2296196371316909,,0.473738819360733,10.0,0.1798536628484726,1.3645503520965576,280.2883605957031,1.3872833251953125,248.8602600097656,232.75552368164065,12.396899223327637,0.7049853801727295,300.0,0.2795844674110412,0.2581416228215445
20161127.0,0.4224100708961487,,,,,,0.3088167905807495,,,,,,,,,,,,
20161128.0,0.402950257062912,,0.3774226009845733,0.3282966911792755,0.2722370028495788,,,10.0,0.1798536628484726,1.3645503520965576,280.5910339355469,1.403650164604187,243.9389495849609,228.4500732421875,2.321441173553467,0.860306978225708,300.0,0.3166911602020263,0.2742042371760306
20161129.0,0.3920747637748718,0.3003071844577789,0.3349774181842804,0.3200088441371918,0.2573518753051758,0.2927042841911316,0.335306853055954,10.0,0.1798536628484726,1.3645503520965576,278.7828674316406,1.4119083881378174,244.38204956054688,231.49082946777344,0.0014607291668653,1.0714002847671509,300.0,0.3063077926635742,0.2746246915562769
20161130.0,0.3782698810100555,0.2969893515110016,,,,,,,,,,,,,,,,,
20161201.0,0.3720960617065429,0.3045525252819061,0.3380796015262604,0.3069386184215545,0.2531366646289825,,0.3014923632144928,10.0,0.1798536628484726,1.3645503520965576,279.8207397460937,1.4290478229522705,244.9952392578125,230.8616943359375,0.0004291534423828,1.11067795753479,300.0,0.3082314431667328,0.2596532983833594
20161202.0,0.3621852993965149,,,,,0.2567257583141327,0.2023071944713592,,,,,,,,,,,,
20161203.0,0.3529345691204071,,,,,,,,,,,,,,,,,,
20161204.0,0.3486735224723816,,0.3581407368183136,0.3061996400356293,0.2613451778888702,0.2614360153675079,0.2776879072189331,10.0,0.1798536628484726,1.3645503520965576,279.10089111328125,1.43547785282135,244.1839599609375,227.62234497070312,0.0,0.8646239042282104,300.0,0.3067922592163086,0.2565442681379444
20161205.0,0.3456246852874756,0.2580293715000152,,,,,,,,,,,,,,,,,
20161206.0,0.3435657322406769,,0.3541549742221832,0.2724550366401672,0.2466578632593155,,,10.0,0.1798536628484726,1.3645503520965576,278.38848876953125,1.4349167346954346,245.7451019287109,226.693359375,0.1089707165956497,0.6184523701667786,300.0,0.2840076088905334,0.2523525029030233
20161207.0,0.3418172597885132,0.2643917500972748,0.3529777228832245,0.3012134432792663,0.2627245485782623,0.2327104657888412,0.2374950349330902,10.0,0.1798536628484726,1.3645503520965576,276.83807373046875,1.4344942569732666,243.29754638671875,225.83297729492188,0.3956764340400696,0.5060302019119263,300.0,0.2949118316173553,0.2529959363577159
20161208.0,0.396169900894165,,,,,,,,,,,,,,,,,,
20161209.0,0.4205488562583923,0.349943071603775,0.4079795777797699,0.3237251937389374,0.2582955360412597,0.3055110573768616,0.3398846387863159,10.0,0.1798536628484726,1.3645503520965576,284.854248046875,1.4336495399475098,246.71694946289065,234.3565826416016,11.660265922546388,1.044865369796753,300.0,0.3228798508644104,0.2649326955745908
20161210.0,0.4215888679027557,0.3216525018215179,,,,,0.1144749298691749,,,,,,,,,,,,
20161211.0,0.4050760567188263,0.2952315807342529,,,,,,,,,,,,,,,,,
20161212.0,0.3904023766517639,0.2952245771884918,0.3917067945003509,0.3618839681148529,0.2850590348243713,0.2779180109500885,0.2939237654209137,10.0,0.1798536628484726,1.3645503520965576,281.9720764160156,1.4323827028274536,243.1576690673828,229.88375854492188,0.0008470237953588,0.9033495783805848,300.0,0.3269206583499908,0.2874424735809585
20161213.0,0.3811890780925751,0.2909689843654632,,,,,,,,,,,,,,,,,
20161214.0,0.3995827436447143,0.3077346682548523,0.4287256002426147,0.3458133041858673,0.2776369452476501,,,10.0,0.1798536628484726,1.3645503520965576,284.2991638183594,1.4315385818481443,245.2017974853516,231.51150512695312,3.348391056060791,0.9977717399597168,300.0,0.3249112665653229,0.2821809798840639
20161215.0,0.3952115774154663,0.344547837972641,0.4494551122188568,0.3187040984630584,0.2663289308547973,,0.2526322305202484,10.0,0.1798536628484726,1.3645503520965576,284.96307373046875,1.431114673614502,247.1455535888672,231.96728515625,17.662002563476562,1.0533896684646606,300.0,0.3262153565883636,0.2697401677202191
20161216.0,0.4201820194721222,0.3659205138683319,,,,,,,,,,,,,,,,,
20161217.0,0.3956753313541412,0.3040136098861694,0.4111828804016113,0.383688360452652,0.3282139301300049,0.3324789702892303,0.3400372266769409,10.0,0.1798536628484726,1.3645503520965576,276.02398681640625,1.430243968963623,236.32876586914065,218.89971923828125,0.0006611960707232,0.9625616073608398,300.0,0.3320544362068176,0.2978716580888039
20161218.0,0.3830319941043854,0.3102791309356689,,,,,,,,,,,,,,,,,
20161219.0,0.3747220039367676,0.2773554921150207,,,,,0.4415723085403442,,,,,,,,,,,,
20161220.0,0.3682816624641418,,0.3873951733112335,0.3370454013347626,0.2936142086982727,0.2599273025989532,0.2375560849905014,10.0,0.1798536628484726,1.3645503520965576,276.545166015625,1.4297173023223877,238.39230346679688,220.8865966796875,0.0,0.8033257126808167,300.0,0.318666934967041,0.2762805628089394
20161221.0,0.3633935749530792,0.2948786914348602,,,,,,,,,,,,,,,,,
20161222.0,0.3597282767295837,,0.4159257709980011,0.3771639764308929,0.3165305554866791,0.300487607717514,0.3558152914047241,10.0,0.1798536628484726,1.3645503520965576,278.768798828125,1.4295616149902344,238.0135955810547,221.5094451904297,0.000435113790445,0.8486236333847046,300.0,0.3323887288570404,0.2716202192875523
20161223.0,0.3779058158397674,,0.4274272620677948,0.3328166306018829,0.2714080214500427,,,10.0,0.1798536628484726,1.3645503520965576,279.5415344238281,1.429489254951477,243.98269653320312,230.19248962402344,12.008203506469728,1.351103901863098,300.0,0.3177994191646576,0.2695341680235829
20161224.0,0.4140621125698089,0.3297682106494903,,,,,,,,,,,,,,,,,
20161225.0,0.3941805362701416,,0.4318561553955078,0.3083602786064148,0.3029915690422058,0.2976216673851013,0.3088167905807495,10.0,0.1798536628484726,1.3645503520965576,274.81573486328125,1.429344654083252,237.77398681640625,215.34255981445312,0.0046354853548109,0.7540444135665894,300.0,0.3041098415851593,0.2817350418984786
20161226.0,0.3839155733585357,,,,,,,,,,,,,,,,,,
20161227.0,0.3768247365951538,,,,,0.3038215041160583,0.2927030324935913,,,,,,,,,,,,
20161228.0,0.3715521097183227,,0.4211560189723968,0.3136239945888519,0.2903494536876678,,0.1229285597801208,10.0,0.1798536628484726,1.3645503520965576,276.74273681640625,1.4291276931762695,239.47390747070312,219.62286376953125,0.0008523463038727,0.8894505500793457,300.0,0.3139403760433197,0.2694214006642414
20161229.0,0.3660605251789093,,,,,,,,,,,,,,,,,,
20161230.0,0.3612095713615417,,0.4154643714427948,0.3309171795845032,0.3030366897583008,0.2591346502304077,0.2847987413406372,10.0,0.1798536628484726,1.3645503520965576,278.5304260253906,1.4289674758911133,239.52755737304688,220.03390502929688,0.0008612870587967,0.8296522498130798,300.0,0.3195436596870422,0.2647500708380341
20161231.0,0.3690507709980011,0.303372323513031,0.4331895112991333,0.3338432013988495,0.2721880674362182,,,10.0,0.1798536628484726,1.3645503520965576,280.1488647460937,1.4289497137069702,243.891845703125,230.50840759277344,3.964231491088867,0.8323333859443665,300.0,0.3200033009052276,0.2670159594900742
20170101.0,0.3796142339706421,,,,,,0.3612781167030334,,,,,,,,,,,,
20170102.0,0.3745715022087097,,0.4368312656879425,0.3261744678020477,0.2710255682468414,,0.2080446779727935,9.0,0.1798536628484726,1.3645503520965576,278.0968017578125,2.6769676208496094,243.15969848632807,228.9392852783203,3.470860242843628,0.9372900128364564,300.0,0.3135474622249603,0.2604620534724112
20170103.0,0.4164709448814392,0.3139991164207458,,,,,,,,,,,,,,,,,
20170104.0,0.4257106482982635,0.3434288799762726,,,,0.4837738871574402,0.6049073934555054,,,,,,,,,,,,
20170105.0,0.4168512225151062,0.3928812742233276,0.4607056081295013,0.3925919532775879,0.3195763826370239,,,9.0,0.1798536628484726,1.3645503520965576,281.3905944824219,2.676033973693848,239.09719848632807,224.15802001953125,9.764663696289062,0.973851203918457,300.0,0.3324877619743347,0.3332168473343392
20170106.0,0.394871324300766,,,,,,0.3309732377529144,,,,,,,,,,,,
20170107.0,0.4037342369556427,0.3105839490890503,0.4879120588302612,0.3969244956970215,0.3305686116218567,0.3144948780536651,0.3762626945972442,9.0,0.1798536628484726,1.3645503520965576,279.9205627441406,2.6754262447357178,236.20323181152344,222.09494018554688,18.67752456665039,1.4127346277236938,300.0,0.3430038094520569,0.304505806459416
20170108.0,0.4213252067565918,0.3506343364715576,0.5400999784469604,0.3969244956970215,0.3518714904785156,,,9.0,0.1798536628484726,1.3645503520965576,285.6432800292969,2.675122737884521,236.7301025390625,221.969467163086,45.30859375,2.026716470718384,300.0,0.3247221708297729,0.3318082330513215
20170109.0,0.4256432354450226,0.3734678030014038,,,,0.5081708431243896,0.6510818600654602,,,,,,,,,,,,
20170110.0,0.4290416836738586,0.3642860651016235,0.5538957118988037,0.3969244956970215,0.3969244956970215,,,9.0,0.1798536628484726,1.3645503520965576,282.2619934082031,2.67451548576355,230.9495849609375,215.13507080078125,42.94573593139648,1.7841964960098269,300.0,0.3417531549930572,0.3073230096387742
20170111.0,0.425568014383316,0.3687039911746979,,,,,,,,,,,,,,,,,
20170112.0,0.4241958260536194,0.3571072518825531,,,,0.3581241965293884,0.4514908194541931,,,,,,,,,,,,
20170113.0,0.4083386659622192,0.3455852270126343,0.4943373799324035,0.3969244956970215,0.3451254963874817,,,9.0,0.1798536628484726,1.3645503520965576,277.0184326171875,2.673605442047119,235.29209899902344,218.53298950195312,0.099073089659214,1.0315325260162354,300.0,0.3205921053886413,0.3071597704457224
20170114.0,0.3873616456985473,0.3424385786056518,,,,0.377269983291626,0.360759288072586,,,,,,,,,,,,
20170115.0,0.3756543099880218,0.3246882259845733,0.4811322093009949,0.3809936344623565,0.3335123360157013,,0.1906186044216156,9.0,0.1798536628484726,1.3645503520965576,276.9427795410156,2.6731274127960205,236.06637573242188,218.16278076171875,0.000435113790445,0.8799698352813721,300.0,0.3149469494819641,0.2844965800459591
20170116.0,0.3675276935100555,0.3391660749912262,,,,,,,,,,,,,,,,,
20170117.0,0.3616412878036499,0.3250848650932312,,,,0.3105790913105011,0.3290200531482696,,,,,,,,,,,,
20170118.0,0.3681616485118866,0.3376839458942413,0.4995926022529602,0.3937729299068451,0.3208301961421966,,,9.0,0.1798536628484726,1.3645503520965576,279.56109619140625,2.675702810287476,237.5355529785156,222.6202392578125,14.220582962036133,0.986538589000702,300.0,0.3361145555973053,0.2846490069020704
20170119.0,0.4251987338066101,,,,,0.5069915056228638,0.6300546526908875,,,,,,,,,,,,
20170120.0,0.4252192080020904,0.3486283123493194,,,,,0.3456526398658752,,,,,,,,,,,,
20170121.0,0.4231883883476257,0.3663767576217651,0.5335144996643066,0.3969244956970215,0.3520189225673675,,,9.0,0.1798536628484726,1.3645503520965576,279.8166809082031,2.686988115310669,234.7884826660156,219.41671752929688,7.78654670715332,1.2920514345169067,300.0,0.3410010933876037,0.3126559607114315
20170122.0,0.4248298406600952,0.3651554584503174,,,,0.4624707996845245,0.4622028172016144,,,,,,,,,,,,
20170123.0,0.4245622754096985,0.3726326823234558,0.5768214464187622,0.3969244956970215,0.3969244956970215,,,9.0,0.1798536628484726,1.3645503520965576,280.1355285644531,2.694356203079224,227.3960723876953,209.84051513671875,17.47152328491211,1.4550248384475708,300.0,0.3469201326370239,0.3377974297528223
20170124.0,0.4122430384159088,0.3562548458576202,0.5276327729225159,0.3969244956970215,0.3571930825710296,,0.5822321176528931,9.0,0.1798536628484726,1.3645503520965576,277.6511535644531,2.6980576515197754,233.62405395507807,219.6080322265625,1.586418390274048,1.2583913803100586,300.0,0.3393844962120056,0.3334701409216442
20170125.0,0.3876357078552246,0.351216197013855,,,,0.3639489412307739,0.3523667156696319,,,,,,,,,,,,
20170126.0,0.374988317489624,0.3451065123081207,0.535750687122345,0.3969244956970215,0.3630355894565582,,,9.0,0.1798536628484726,1.3645503520965576,276.5980834960937,2.705496311187744,232.3605194091797,215.3302764892578,0.000435113790445,1.2022823095321655,300.0,0.3274769186973572,0.293406577166891
20170127.0,0.3642180263996124,0.3375457525253296,,,,0.3894963562488556,0.4070253670215606,,,,,,,,,,,,
20170128.0,0.356365293264389,0.3233673572540283,,,,,,,,,,,,,,,,,
20170129.0,0.3498156070709228,0.333403080701828,0.5231181979179382,0.3628909885883331,0.3404719233512878,,,9.0,0.1798536628484726,1.3645503520965576,278.4046325683594,2.7167422771453857,235.6346435546875,215.93508911132807,0.0008612871170043,1.2203880548477173,300.0,0.3181008994579315,0.2870734742347897
20170130.0,0.3446476757526397,0.3310712873935699,,,,0.285628080368042,0.3077181279659271,,,,,,,,,,,,
20170131.0,0.3406773507595062,0.3226404190063476,0.5134299397468567,0.3828488886356354,0.3580838739871979,,,9.0,0.1798536628484726,1.3645503520965576,279.7322692871094,2.724230527877808,235.06268310546875,215.55856323242188,0.0021150140091776,1.1132829189300537,300.0,0.3223727941513061,0.2762561663593603
20170201.0,0.3366964161396026,0.3242690563201904,,0.3886610567569732,0.336826354265213,0.3476287126541137,0.3701590001583099,9.0,0.1798536628484726,1.3645503520965576,280.6001281738281,2.7282638549804688,238.05084228515625,221.2858123779297,0.0012764175189659,0.976764678955078,300.0,0.3218191564083099,0.2741460640816435
20170202.0,0.3508108854293823,0.3250341415405273,,,,,0.2917874753475189,,,,,,,,,,,,
20170203.0,0.4069776237010956,0.339365154504776,0.5664679408073425,0.3969244956970215,0.3588700294494629,,,9.0,0.1798536628484726,1.3645503520965576,285.3674011230469,2.733797311782837,238.32565307617188,221.43817138671875,27.468765258789062,1.6005592346191406,300.0,0.3365086615085602,0.2808527297032286
20170204.0,0.4236597120761871,0.3473797738552093,,,,0.3679278194904327,0.4021729230880737,,,,,,,,,,,,
20170205.0,0.4030318260192871,0.3379293084144592,,,,,,,,,,,,,,,,,
20170206.0,0.420941561460495,0.3568471670150757,0.5883805751800537,0.3969244956970215,0.389241099357605,0.4681431949138641,0.6152836680412292,9.0,0.1798536628484726,1.3645503520965576,283.9877624511719,2.7388172149658203,235.4922637939453,218.9530639648437,21.80073547363281,1.5248863697052002,300.0,0.3405398726463318,0.3139999616754231
20170207.0,0.4271392524242401,0.371461272239685,,,,,0.395367294549942,,,,,,,,,,,,
20170208.0,0.4266740381717682,0.3620888590812683,0.589745044708252,0.3969244956970215,0.3969244956970215,,,9.0,0.1798536628484726,1.3645503520965576,286.6869812011719,2.7422897815704346,235.6084442138672,218.36117553710932,22.98081398010254,0.5851301550865173,300.0,0.3379582464694977,0.3447136673852248
20170209.0,0.4160858988761902,,0.602154016494751,0.3969244956970215,0.3648289144039154,0.4543319940567016,0.4669331908226013,9.0,0.1798536628484726,1.3645503520965576,287.0943603515625,2.7440295219421387,239.3671264648437,222.654037475586,18.23545837402344,0.9625546336174012,300.0,0.33379727602005,0.3430477909600549
20170210.0,0.4228248596191406,,,,,,,,,,,,,,,,,,
20170211.0,0.4058201014995575,0.3628601133823395,0.5792896151542664,0.3969244956970215,0.3969244956970215,,0.3945738077163696,9.0,0.1798536628484726,1.3645503520965576,282.24761962890625,2.747516393661499,233.4615478515625,216.69488525390625,2.209632873535156,1.88026225566864,300.0,0.3452182114124298,0.3337653710291121
20170212.0,0.3847091197967529,0.3562310934066772,,,,0.352512389421463,0.3620410859584808,,,,,,,,,,,,
20170213.0,0.3728671073913574,0.3323109447956085,,,,,,,,,,,,,,,,,
20170214.0,0.3652400076389313,0.3370594084262848,0.552192747592926,0.3969244956970215,0.377393901348114,0.4132454395294189,0.4215521812438965,9.0,0.1798536628484726,1.3645503520965576,282.5071716308594,2.7527647018432617,234.6783447265625,218.697265625,0.000435113790445,1.7516977787017822,300.0,0.3382583856582641,0.2892651051151718
20170215.0,0.3570610880851745,0.347798228263855,,,,,,,,,,,,,,,,,
20170216.0,0.3761411607265472,0.3466039299964905,0.6169019937515259,0.3969244956970215,0.3969244956970215,,,9.0,0.1798536628484726,1.3645503520965576,286.436279296875,2.7561256885528564,234.216064453125,218.22073364257807,13.600502967834473,2.2573320865631104,300.0,0.347245991230011,0.2878397232352599
20170217.0,0.4130996465682983,0.3561079502105713,0.6199043989181519,0.3969244956970215,0.3572888374328613,0.3201785981655121,0.3693349957466125,9.0,0.1798536628484726,1.3645503520965576,283.6605224609375,2.7584104537963867,238.3839111328125,221.66629028320312,16.460222244262695,1.8018546104431152,300.0,0.3382537961006164,0.3023938888163698
20170218.0,0.4272415339946747,0.3642080426216125,,,,,,,,,,,,,,,,,
20170219.0,0.417083740234375,0.3447942435741424,0.589384913444519,0.3969244956970215,0.3756034970283508,0.3936364650726318,0.4226508438587188,9.0,0.1798536628484726,1.3645503520965576,282.33990478515625,2.757326602935791,235.7884063720703,216.73895263671875,6.728575229644775,1.6626307964324951,300.0,0.3355379700660705,0.2961411691334048
20170220.0,0.4302339851856231,0.3501318991184234,,,,,,,,,,,,,,,,,
20170221.0,0.424498975276947,,,,,,,,,,,,,,,,,,
20170222.0,0.4173642694950104,0.3600475192070007,0.595260500907898,0.3969244956970215,0.3969244956970215,0.3852323293685913,0.4749900698661804,9.0,0.1798536628484726,1.3645503520965576,282.21142578125,2.748455047607422,232.15982055664065,218.3178100585937,7.422332286834717,1.8587794303894043,300.0,0.3535687923431396,0.3579330747086373
20170223.0,0.3978419303894043,0.3404430747032165,,,,,,,,,,,,,,,,,
20170224.0,0.3807206749916076,0.340801328420639,,0.3969244956970215,0.3969244956970215,0.3841690719127655,0.5292214751243591,9.0,0.1798536628484726,1.3645503520965576,277.1337280273437,2.7428219318389893,228.9395446777344,207.97593688964844,0.0386759974062442,1.684889316558838,300.0,0.3353778421878814,0.2934987446194514
20170225.0,0.3676293194293976,0.3433876931667328,0.6038733720779419,0.3957757651805877,0.3640787601470947,,0.221808522939682,9.0,0.1798536628484726,1.3645503520965576,278.7281188964844,2.7400150299072266,235.27301025390625,216.80262756347656,0.203095868229866,1.7340021133422852,300.0,0.3294875919818878,0.2851579213806714
20170226.0,0.3575576841831207,0.3355506062507629,,,,,,,,,,,,,,,,,
20170227.0,0.3615338504314422,0.3335247039794922,0.5837073922157288,0.3774695992469787,0.3496080338954925,0.3575747609138489,0.3933225572109222,9.0,0.1798536628484726,1.3645503520965576,280.9026184082031,2.734419584274292,237.19808959960932,218.52194213867188,3.1922860145568848,2.153494358062744,300.0,0.3392525315284729,0.2833563311972849
20170228.0,0.3615257740020752,0.3361217975616455,,,,,,,,,,,,,,,,,
20170301.0,0.3458921015262604,0.3342927694320678,,,,,0.4525589644908905,,,,,,,,,,,,
20170302.0,0.3358465433120727,0.3250090777873993,0.5490432977676392,0.3576155006885528,0.3384516537189483,0.3061318099498749,0.2948393225669861,9.0,0.1798536628484726,1.3645503520965576,280.74102783203125,2.726073741912842,238.0049743652344,218.63967895507807,0.0025689601898193,2.1922500133514404,300.0,0.3289643228054046,0.2753512510383636
20170303.0,0.3273882567882538,0.3255034387111664,,,,,,,,,,,,,,,,,
20170304.0,0.3225615322589874,0.3329976201057434,,0.3570366203784942,0.3432635068893432,0.3676248490810394,0.3397320508956909,9.0,0.1798536628484726,1.3645503520965576,282.0473022460937,2.72098159790039,239.53863525390625,219.54205322265625,0.1632967442274093,1.6213788986206057,300.0,0.3186406195163727,0.2722578147063273
20170305.0,0.3904551565647125,,0.6157257556915283,0.3969244956970215,0.3794671893119812,,,9.0,0.1798536628484726,1.3645503520965576,281.6759033203125,2.7166857719421387,236.4928436279297,222.112533569336,20.01669311523437,2.3099470138549805,300.0,0.3484192788600921,0.37969
20170306.0,0.4035106897354126,0.35029137134552,,,,,0.5868098735809326,,,,,,,,,,,,
20170307.0,0.3901409804821014,0.3306603729724884,0.5910343527793884,0.3803581297397613,0.3643012940883636,0.3257833421230316,0.3149204850196838,9.0,0.1798536628484726,1.3645503520965576,280.3041381835937,2.7246651649475098,235.48458862304688,215.88314819335932,0.648345947265625,1.6360375881195068,300.0,0.3307219743728637,0.3715938887822627
20170308.0,0.3766217827796936,0.3319958746433258,,,,,,,,,,,,,,,,,
20170309.0,0.3609474599361419,0.3338372707366943,,,,0.3469493985176086,0.3558458089828491,,,,,,,,,,,,
20170310.0,0.3506170511245727,0.3362323641777038,0.5868693590164185,0.3809715211391449,0.339381456375122,,,9.0,0.1798536628484726,1.3645503520965576,286.1762390136719,2.758551836013794,241.86770629882807,224.66900634765625,0.0030951278749853,1.648790717124939,300.0,0.3254235386848449,0.3473738891047904
20170311.0,0.3440522253513336,0.3339843451976776,,,,,,,,,,,,,,,,,
20170312.0,0.3338983654975891,0.3423996865749359,0.5699424743652344,0.3910425901412964,0.3459604382514953,0.2667805254459381,0.2864162027835846,9.0,0.1798536628484726,1.3645503520965576,286.3080444335937,2.780880689620972,241.97882080078125,224.99783325195312,0.000435113790445,2.980191946029663,300.0,0.336348295211792,0.3332577787049609
20170313.0,0.3213638067245483,0.3254480063915252,,0.3560646772384643,0.3102717995643616,,,9.0,0.1798536628484726,1.3645503520965576,286.36981201171875,2.792187452316284,245.6124267578125,229.6312255859375,0.0,2.881525993347168,300.0,0.3208894729614258,0.3247541689508493
20170314.0,0.3110339641571045,0.3220147788524627,,,,0.2674429416656494,0.3794976770877838,,,,,,,,,,,,
20170315.0,0.3004561960697174,0.3180742859840393,0.5538522005081177,0.3228943049907684,0.2913887798786163,,0.1957457214593887,9.0,0.1798536628484726,1.3645503520965576,288.5967102050781,2.8150858879089355,249.4751434326172,232.1666259765625,0.1807676404714584,2.7286784648895264,300.0,0.2990100383758545,0.307365831368367
20170316.0,0.2974985837936401,0.3109137713909149,,,,,,,,,,,,,,,,,
20170317.0,0.2895136177539825,0.3134151399135589,,,,0.2378724366426468,0.2827234864234924,,,,,,,,,,,,
20170318.0,0.2802621722221374,0.3076263666152954,0.5113390684127808,0.3162733912467956,0.2704319953918457,,,9.0,0.1798536628484726,1.3645503520965576,287.34527587890625,2.8501453399658203,251.85855102539065,238.2553558349609,0.0963770225644111,1.60822331905365,300.0,0.2728607356548309,0.2841327767731086
20170319.0,0.278041809797287,0.3119378983974457,,,,,0.4272896647453308,,,,,,,,,,,,
20170320.0,0.2729194164276123,0.3019277155399322,,0.3040393888950348,0.2686601877212524,,0.2354197800159454,9.0,0.1798536628484726,1.3645503520965576,287.8853454589844,2.873621225357056,251.7951202392578,236.3880615234375,0.1084747388958931,1.873127818107605,300.0,0.276407390832901,0.275380277587043
20170321.0,0.3694410026073456,0.3360932171344757,0.573948860168457,0.3969244956970215,0.3176845610141754,,,9.0,0.1798536628484726,1.3645503520965576,286.6039123535156,2.8869967460632324,246.58547973632807,234.4271240234375,42.11526870727539,2.762298345565796,300.0,0.3101839423179626,0.3143008697077499
20170322.0,0.4155205488204956,0.3589910864830017,,,,0.4999761581420898,0.5283364653587341,,,,,,,,,,,,
20170323.0,0.4099979698657989,0.3416461944580078,0.5767961740493774,0.3611646294593811,0.334855318069458,,,9.0,0.1798536628484726,1.3645503520965576,282.8997497558594,2.899796962738037,242.59326171875,224.2950134277344,3.468026161193848,2.262498140335083,300.0,0.3285751938819885,0.3672274994417029
20170324.0,0.3957100510597229,0.3348914384841919,,,,,0.5458540320396423,,,,,,,,,,,,
20170325.0,0.4205665290355682,,,,,0.3353114128112793,0.4233222305774688,,,,,,,,,,,,
20170326.0,0.393746018409729,0.3391255438327789,0.5687377452850342,0.3943381011486053,0.3396127223968506,,,9.0,0.1798536628484726,1.3645503520965576,282.97955322265625,2.900747060775757,242.3515014648437,226.8598022460937,0.4669772982597351,1.3617327213287354,300.0,0.3222388923168182,0.3782938883822493
20170327.0,0.410741925239563,0.3477571606636047,,,,0.3432908654212951,0.3686330616474151,,,,,,,,,,,,
20170328.0,0.3834797441959381,0.3306313753128052,0.5544112920761108,0.3739089667797088,0.3411769270896911,,,9.0,0.1798536628484726,1.3645503520965576,284.16424560546875,2.90201187133789,241.5068359375,223.8641662597656,0.0008523463038727,3.757033348083496,300.0,0.343315988779068,0.3666877771916657
20170329.0,0.3614351749420166,0.3189232349395752,0.5741882920265198,0.3584856390953064,0.311271995306015,,,9.0,0.1798536628484726,1.3645503520965576,286.08795166015625,2.902644634246826,245.38674926757807,229.94400024414065,0.0017225742340087,3.4204564094543457,300.0,0.3341050148010254,0.352737777783076
20170330.0,0.3766648769378662,0.3282634019851684,,,,0.2730787098407745,0.2773827314376831,,,,,,,,,,,,
20170331.0,0.3688011467456817,0.3174437582492828,0.5825114846229553,0.3513488471508026,0.3106272518634796,,,9.0,0.1798536628484726,1.3645503520965576,284.7550354003906,2.9039111137390137,244.5599670410156,228.34957885742188,0.0013022476341575,5.0032877922058105,300.0,0.3319153189659118,0.3330241660547257
20170401.0,0.3411187529563904,0.3289089500904083,,,,0.2284543365240097,0.3016144335269928,,,,,,,,,,,,
20170402.0,0.3283853828907013,0.3098644614219665,,,,,0.1499374359846115,,,,,,,,,,,,
20170403.0,0.3152872920036316,0.303252637386322,0.5358347296714783,0.3278121948242187,0.2773772478103637,,,9.0,0.1798536628484726,1.3645503520965576,286.79217529296875,2.9058125019073486,250.46630859375,237.30967712402344,0.0021376363001763,3.9396369457244873,300.0,0.3186510503292084,0.2928044454166623
20170404.0,0.3009902536869049,0.3071596324443817,,,,0.1939484626054763,0.2302316427230835,,,,,,,,,,,,
20170405.0,0.2902424931526184,0.2978710234165191,0.4856344163417816,0.244203895330429,0.2324417829513549,,,9.0,0.1798536628484726,1.3645503520965576,288.4231872558594,2.906917095184326,255.96365356445312,236.72265625,0.0030240435153245,3.229581594467163,300.0,0.254035085439682,0.2723141691157553
20170406.0,0.2829043269157409,0.2995396256446838,0.52229905128479,0.2791585624217987,0.2495874315500259,,0.3390301167964935,9.0,0.1798536628484726,1.3645503520965576,287.8104248046875,2.9081273078918457,254.4226226806641,239.0916748046875,2.090906858444214,1.48619544506073,300.0,0.2599779069423675,0.2687030544743936
20170407.0,0.4004422426223755,,,,,,0.3765984177589416,,,,,,,,,,,,
20170408.0,0.4219908118247986,0.311430424451828,0.5620787143707275,0.3455070257186889,0.3120182752609253,,,9.0,0.1798536628484726,1.3645503520965576,283.6970520019531,2.904362678527832,245.50523376464844,228.2603759765625,25.8625717163086,2.5407159328460693,300.0,0.3217569291591644,0.391616250711282
20170409.0,0.4077304005622864,,,,,0.3161177635192871,0.3295693695545196,,,,,,,,,,,,
20170410.0,0.3795171678066253,0.3359466791152954,,,,,,,,,,,,,,,,,
20170411.0,0.3667044639587402,0.3308936059474945,0.553555965423584,0.3297752737998962,0.2998985052108764,,0.2273629009723663,9.0,0.1798536628484726,1.3645503520965576,285.3594970703125,2.89082932472229,246.8629608154297,229.4691162109375,1.3237228393554688,2.047697067260742,300.0,0.3092823922634125,0.3514024995271363
20170412.0,0.3705447912216186,0.3152685761451721,,,,0.268651396036148,0.2830896973609924,,,,,,,,,,,,
20170413.0,0.4157255887985229,0.3356129825115204,,0.3546178042888641,0.307511568069458,,,9.0,0.1798536628484726,1.3645503520965576,286.0197448730469,2.882141590118408,246.78204345703125,231.4150390625,21.85435676574707,3.444495916366577,300.0,0.3260536789894104,0.33776
20170414.0,0.4042376577854156,,0.5558323860168457,0.3346577882766723,0.2926132678985595,0.2921109199523926,0.3276161849498749,9.0,0.1798536628484726,1.3645503520965576,283.3595275878906,2.877815961837769,246.27243041992188,230.99365234375,0.1492698490619659,3.879387140274048,300.0,0.3337656855583191,0.356422728310751
20170415.0,0.3752539753913879,0.3177605271339416,,,,,,,,,,,,,,,,,
20170416.0,0.3627314567565918,0.3047604858875274,0.5594258308410645,0.3194842636585235,0.2904050052165985,,,9.0,0.1798536628484726,1.3645503520965576,285.1261291503906,2.869201183319092,247.8179931640625,230.58181762695312,6.814233779907227,1.6959084272384644,300.0,0.3084264397621155,0.33882043589592
20170417.0,0.4226562678813934,,,,,0.270093709230423,0.3096713125705719,,,,,,,,,,,,
20170418.0,0.4213904142379761,0.357929527759552,,,,,,,,,,,,,,,,,
20170419.0,0.3936628401279449,0.3223147988319397,0.5887486338615417,0.3170556724071502,0.2991672158241272,0.3062644004821777,0.3835566341876983,9.0,0.1798536628484726,1.3645503520965576,286.7178955078125,2.8563711643218994,247.3621063232422,228.1789703369141,0.063420258462429,3.70287823677063,300.0,0.3274295926094055,0.3627925006953875
20170420.0,0.3825235068798065,0.3145139813423157,,,,,0.1297036707401275,,,,,,,,,,,,
20170421.0,0.3665498793125152,0.3086750507354736,0.5542694330215454,0.302293449640274,0.2793074548244476,,,9.0,0.1798536628484726,1.3645503520965576,286.9170227050781,2.8475515842437744,249.01348876953125,230.824951171875,0.0017246679635718,4.457260608673096,300.0,0.3271976113319397,0.3500766664342087
20170422.0,0.3463917672634125,0.3157619535923004,0.5509461164474487,0.2910421788692474,0.2652146816253662,0.2353939265012741,0.2796410918235779,9.0,0.1798536628484726,1.3645503520965576,287.4670715332031,2.844465732574463,251.48828125,234.13433837890625,0.0,3.173565626144409,300.0,0.2894482016563415,0.3363966679481663
20170423.0,0.3362674415111542,0.3142354190349579,,,,,,,,,,,,,,,,,
20170424.0,0.3218738436698913,0.2967079281806946,0.5263627171516418,0.2540665864944458,0.2346417009830474,,0.4014709889888763,9.0,0.1798536628484726,1.3645503520965576,286.5329895019531,2.8261373043060303,254.64288330078125,237.14044189453125,0.976063072681427,1.9350420236587524,300.0,0.2483827173709869,0.3132238908598156
20170425.0,0.3313708901405334,0.3025320768356323,,,,,0.2009949088096618,,,,,,,,,,,,
20170426.0,0.319255381822586,0.3054231703281402,,,,,,,,,,,,,,,,,
20170427.0,0.362747460603714,0.3328265845775604,,0.2359980344772339,0.215048611164093,0.2280768305063247,0.2461622953414917,9.0,0.1798536628484726,1.3645503520965576,288.6738586425781,2.783854722976685,257.03826904296875,241.3736572265625,1.6035916805267334,4.524464130401611,300.0,0.2617169320583343,0.2915924995940263
20170428.0,0.3267717063426971,0.305663138628006,,,,,,,,,,,,,,,,,
20170429.0,0.2954276502132416,0.2829081416130066,0.4891903102397918,0.221695601940155,0.2118245512247085,,0.2587359249591827,9.0,0.1798536628484726,1.3645503520965576,288.1159362792969,2.756894588470459,255.72792053222656,235.3961639404297,0.0,5.36497688293457,300.0,0.2775769531726837,0.2614555562082266
20170430.0,0.2759034633636474,0.2792235314846039,0.5079052448272705,0.2166040539741516,0.198410302400589,0.1593911796808242,0.1835383176803589,9.0,0.1798536628484726,1.3645503520965576,289.54888916015625,2.743621587753296,258.6698913574219,243.5378875732422,0.0,4.597414493560791,300.0,0.235163927078247,0.247103335108227
20170501.0,0.259822815656662,0.2849739193916321,,,,,,,,,,,,,,,,,
20170502.0,0.2397804856300354,0.2784942388534546,0.483621746301651,0.1654664427042007,0.1568071842193603,0.1833429038524627,0.2098757922649383,9.0,0.1798536628484726,1.3645503520965576,293.3608093261719,2.7174909114837646,266.60870361328125,247.6844024658203,0.0017082500271499,5.397840023040772,300.0,0.1818030327558517,0.215371666156716
20170503.0,0.2224306315183639,0.2724612355232239,,,,,,,,,,,,,,,,,
20170504.0,0.2093331217765808,0.2794652283191681,,,,,,,,,,,,,,,,,
20170505.0,0.196765050292015,0.2673745453357696,0.4101362526416778,0.1751338392496109,0.1648943126201629,0.1208084821701049,0.1157567054033279,9.0,0.1798536628484726,1.3645503520965576,293.61724853515625,2.6793317794799805,267.011962890625,251.60455322265625,0.0,4.272654056549072,300.0,0.1352418363094329,0.169912777483066
20170506.0,0.1873365491628646,0.2550902664661407,,,,,,,,,,,,,,,,,
20170507.0,0.2185635715723037,0.2685076594352722,,0.1404518634080886,0.1386606842279434,0.1059419810771942,0.1326944828033447,9.0,0.1798536628484726,1.3645503520965576,288.9892578125,2.654366970062256,267.05029296875,254.07443237304688,3.831695795059204,4.0501627922058105,300.0,0.1187715306878089,0.1508033335209223
20170508.0,0.2119921892881393,0.2576787173748016,0.405900776386261,0.1419863700866699,0.1384404152631759,,0.0480361357331275,9.0,0.1798536628484726,1.3645503520965576,290.9230041503906,2.6429522037506104,267.51763916015625,253.49473571777344,0.0,4.155126094818115,300.0,0.1181758195161819,0.1428641663044026
20170509.0,0.196528211236,0.2546656131744385,,,,,,,,,,,,,,,,,
20170510.0,0.1816450357437133,0.2622889876365661,0.4027706980705261,0.1421629041433334,0.1388157159090042,0.0999840199947357,0.0983001217246055,9.0,0.1798536628484726,1.3645503520965576,293.0815734863281,2.6126275062561035,269.107666015625,255.0838928222656,0.0008583068847656,4.000305652618408,300.0,0.1049940586090087,0.1224233334455886
20170511.0,0.1717475801706314,0.2426770180463791,,,,,,,,,,,,,,,,,
20170512.0,0.1640713363885879,0.2572589814662933,,,,,0.1324503272771835,,,,,,,,,,,,
20170513.0,0.1565552651882171,0.239962637424469,0.4564829170703888,0.1436731368303299,0.1450704932212829,,0.0708944946527481,9.0,0.1798536628484726,1.3645503520965576,288.72125244140625,2.559238910675049,265.8167419433594,254.88455200195312,0.0059059951454401,3.614768743515015,300.0,0.1063315123319625,0.0943080561405089
20170514.0,0.1505780965089798,0.2304378747940063,,,,,,,,,,,,,,,,,
20170515.0,0.1464295238256454,0.2334826588630676,,0.1275431662797927,0.1241013258695602,0.0649949833750724,0.0658284276723861,9.0,0.1798536628484726,1.3645503520965576,289.40191650390625,2.52563738822937,268.1517333984375,253.26583862304688,0.0156946387141942,3.289183616638184,300.0,0.0948883071541786,0.0857263887212508
20170516.0,0.1417557001113891,0.2247395068407058,0.4353837668895721,0.1211283504962921,0.1272445172071457,,,9.0,0.1798536628484726,1.3645503520965576,289.0540466308594,2.509330034255981,268.1571655273437,257.5072631835937,0.2546089887619018,1.8638341426849363,300.0,0.0825172066688537,0.082460833216359
20170517.0,0.1532709598541259,0.2370093166828155,,,,,0.0946073830127716,,,,,,,,,,,,
20170518.0,0.148154079914093,0.2385572642087936,0.47894287109375,0.1313350796699524,0.1352650672197342,0.0792667642235755,0.0774559751152992,9.0,0.1798536628484726,1.3645503520965576,290.6127014160156,2.477702140808105,266.69049072265625,255.97613525390625,0.0034451477695256,3.9391798973083496,300.0,0.1031219586730003,0.077888611080067
20170519.0,0.1387422829866409,0.2367753833532333,,,,,,,,,,,,,,,,,
20170520.0,0.1310376524925232,0.2449482977390289,,,,0.1028054356575012,0.12479018419981,,,,,,,,,,,,
20170521.0,0.1253096014261245,0.233914628624916,0.5047789216041565,0.108975850045681,0.1146504804491996,,,9.0,0.1798536628484726,1.3645503520965576,297.3951110839844,2.4327268600463867,273.8094482421875,262.3208312988281,0.0,3.777257204055786,300.0,0.0723143815994262,0.0702497219717998
20170522.0,0.1210517957806587,0.2355659455060959,,,,,,,,,,,,,,,,,
20170523.0,0.1182049140334129,0.2292489409446716,0.3733769953250885,0.1016062945127487,0.1014022156596183,0.0698895901441574,0.0520645789802074,9.0,0.1798536628484726,1.3645503520965576,299.4828796386719,2.40464186668396,277.5411071777344,263.33612060546875,0.0,3.5492472648620605,300.0,0.0627419725060463,0.0664200004541543
20170524.0,0.1163588911294937,0.2218013256788253,0.393957108259201,0.1010980904102325,0.1113649904727935,,,9.0,0.1798536628484726,1.3645503520965576,297.3809814453125,2.3900933265686035,275.5308837890625,265.5191650390625,0.0008553265361115,2.871898412704468,300.0,0.0566233992576599,0.0630305555734369
20170525.0,0.1159810125827789,0.2086169123649597,,,,,,,,,,,,,,,,,
20170526.0,0.1159214377403259,0.2044052928686142,0.3192487359046936,0.1045697852969169,0.1069261059165,,0.0221259202808141,9.0,0.1798536628484726,1.3645503520965576,292.2948608398437,2.371018886566162,273.2162170410156,260.3125,0.0042050476185977,2.0812456607818604,300.0,0.0622860975563526,0.0579674999454452
20170527.0,0.1159226596355438,0.207210972905159,,,,,,,,,,,,,,,,,
20170528.0,0.1151439473032951,0.2062379866838455,,,,0.0660281553864479,0.0546281337738037,,,,,,,,,,,,
20170529.0,0.1142667680978775,0.2151204496622085,0.3727687001228332,0.0963493734598159,0.1014448925852775,,,9.0,0.1798536628484726,1.3645503520965576,295.6167297363281,2.354748010635376,275.1842041015625,263.09735107421875,0.0008583068847656,2.5557291507720947,300.0,0.0580978915095329,0.0573944443747401
20170530.0,0.113679826259613,0.2046279162168502,,,,,0.0632953867316246,,,,,,,,,,,,
20170531.0,0.139969065785408,0.2402129173278808,0.5038573145866394,0.2149867117404937,0.193490520119667,,0.1154515221714973,9.0,0.1798536628484726,1.3645503520965576,291.8498840332031,2.3438191413879395,260.9229736328125,244.2294158935547,5.652024745941162,2.683297872543335,300.0,0.1384008973836898,0.0563813894151482
20170601.0,0.1699198186397552,0.2337740063667297,0.4846848845481872,0.1606016159057617,0.1517674028873443,,,9.0,0.1798536628484726,1.3645503520965576,294.14569091796875,2.338449478149414,266.85986328125,252.44419860839844,0.0042248903773725,3.4610960483551025,300.0,0.0984528437256813,0.0577162560597177
20170602.0,0.1530527621507644,0.237438827753067,,,,0.1156438142061233,0.1342814415693283,,,,,,,,,,,,
20170603.0,0.1384196132421493,0.2316469401121139,0.3834659457206726,0.126753494143486,0.1228624954819679,,,9.0,0.1798536628484726,1.3645503520965576,296.7295227050781,2.3279001712799072,272.791748046875,257.3660888671875,0.0008523463620804,3.318791389465332,300.0,0.0750157460570335,0.0581225001557999
20170604.0,0.1278633028268814,0.2148712873458862,,,,,0.1269875168800354,,,,,,,,,,,,
20170605.0,0.1207061409950256,0.2006377726793289,,,,0.0598368383944034,0.0440992452204227,,,,,,,,,,,,
20170606.0,0.1157710403203964,0.2046132534742355,0.4095434248447418,0.1021787002682685,0.1036398336291313,,,9.0,0.1798536628484726,1.3645503520965576,297.67388916015625,2.312550067901612,275.472412109375,262.03009033203125,0.0008523463038727,2.9929230213165283,300.0,0.059736680239439,0.0575208331880469
20170607.0,0.1131609231233596,0.198391392827034,,,,0.0815212950110435,0.0817285701632499,,,,,,,,,,,,
20170608.0,0.1325310617685318,0.1987985372543335,0.3182985484600067,0.0993927642703056,0.0987747311592102,,,9.0,0.1798536628484726,1.3645503520965576,291.1795349121094,2.3027031421661377,275.98272705078125,261.584716796875,7.053731918334961,1.724942922592163,300.0,0.0484199039638042,0.0556105559967127
20170609.0,0.1952162981033325,,,0.126609668135643,0.12476297467947,,,9.0,0.1798536628484726,1.3645503520965576,291.4949035644531,2.297597169876098,271.7164611816406,257.9359741210937,1.4475425481796265,1.972523808479309,300.0,0.0670583695173263,0.0553747953475767
20170610.0,0.1908485740423202,0.2241374850273132,,,,0.0820099860429763,0.0690939053893089,,,,,,,,,,,,
20170611.0,0.1699439585208892,0.2106170505285263,0.3470882177352905,0.1059294715523719,0.1092364490032196,,,9.0,0.1798536628484726,1.3645503520965576,290.4857177734375,2.290128231048584,271.87017822265625,259.52374267578125,1.0379282236099243,2.564213752746582,300.0,0.0637569203972816,0.0545988889010581
20170612.0,0.1964099705219268,0.2234594970941543,,,,0.1087530255317688,0.1189306303858757,,,,,,,,,,,,
20170613.0,0.1822974234819412,0.2221457064151764,,,,,0.024964140728116,,,,,,,,,,,,
20170614.0,0.162099689245224,0.2266828566789627,0.5011454820632935,0.0940941199660301,0.0887008234858512,,,9.0,0.1798536628484726,1.3645503520965576,294.7555236816406,2.28240180015564,275.578125,259.6461181640625,0.000435113790445,3.65578031539917,300.0,0.0609017126262187,0.0561466665700574
20170615.0,0.1440469622611999,0.2165804058313369,,,,0.0685488134622573,0.0635090172290802,,,,,,,,,,,,
20170616.0,0.1304919868707656,0.20974662899971,0.4269120395183563,0.1021616831421852,0.1057282164692878,,,9.0,0.1798536628484726,1.3645503520965576,299.9169006347656,2.277238130569458,275.88653564453125,263.3818664550781,0.0012987833470106,3.4575469493865967,300.0,0.0586825609207153,0.0528155556665692
20170617.0,0.1205191984772682,0.2042345851659774,0.4767278730869293,0.0840021967887878,0.0918521732091903,0.0752333328127861,0.0929593816399574,9.0,0.1798536628484726,1.3645503520965576,302.8567810058594,2.274686098098755,279.84820556640625,267.9293212890625,0.0008583068847656,3.2847135066986084,300.0,0.0453254021704196,0.0538333335913717
20170618.0,0.1147281005978584,0.2005025148391723,,,,,0.0472426526248455,,,,,,,,,,,,
20170619.0,0.1116213053464889,0.2084588259458542,0.4405775666236877,0.1049542799592018,0.1045576781034469,,,9.0,0.1798536628484726,1.3645503520965576,306.6861267089844,2.2696425914764404,281.2225341796875,266.6038818359375,0.0022097565233707,3.0499536991119385,300.0,0.0429876558482646,0.0554308335104915
20170620.0,0.1100838929414749,0.2109281867742538,,,,0.0711303278803825,0.0747093111276626,,,,,,,,,,,,
20170621.0,0.1092363521456718,0.1994213163852691,,,,,,,,,,,,,,,,,
20170622.0,0.1086412444710731,0.2058221697807312,0.4461160898208618,0.1001565307378768,0.1057834848761558,,0.1054719686508178,9.0,0.1798536628484726,1.3645503520965576,306.5130920410156,2.2622270584106445,281.6434936523437,269.73907470703125,0.0008523463620804,2.864734172821045,300.0,0.0375027433037757,0.0547219446662233
20170623.0,0.1081340014934539,0.1987494826316833,,,,0.0577493421733379,0.0362254716455936,,,,,,,,,,,,
20170624.0,0.1079167798161506,0.1816928535699844,,0.090683028101921,0.091132752597332,,,9.0,0.1798536628484726,1.3645503520965576,302.3262023925781,2.257421493530273,282.80780029296875,268.4522705078125,0.0030052869115024,2.4182915687561035,300.0,0.0381078347563743,0.0519255557593703
20170625.0,0.1078472360968589,0.1840159595012664,0.3631027042865753,0.0861726105213165,0.0904915332794189,0.079983539879322,0.0612811669707298,9.0,0.1798536628484726,1.3645503520965576,301.61444091796875,2.254897117614746,282.32861328125,269.2660522460937,0.0,2.2994256019592285,300.0,0.0376843586564064,0.0507091671101418
20170626.0,0.1077742800116539,0.1829040199518203,,,,,,,,,,,,,,,,,
20170627.0,0.107760801911354,0.1766364723443985,0.2688480019569397,0.0887401029467582,0.0936605036258697,,,9.0,0.1798536628484726,1.3645503520965576,297.72967529296875,2.2513160705566406,279.8739624023437,267.066650390625,0.0,2.0224294662475586,300.0,0.0419915467500686,0.047377500032203
20170628.0,0.1077606528997421,0.1667936444282531,,,,,,,,,,,,,,,,,
20170629.0,0.1077009588479995,0.1608961820602417,,,,,,,,,,,,,,,,,
20170630.0,0.1075989603996276,0.1739003360271453,,0.0765942633152008,0.0754906684160232,0.0630514398217201,0.0545060597360134,9.0,0.1798536628484726,1.3645503520965576,299.2419128417969,2.247810125350952,281.85986328125,267.4290466308594,0.0,2.1356077194213867,300.0,0.0394859537482261,0.045839444179866
20170701.0,0.1075244545936584,0.1710626780986786,,,,,,,,,,,,,,,,,
20170702.0,0.10749501734972,0.1715780049562454,0.2498145699501037,0.0945140272378921,0.0961151495575904,,,9.0,0.1798536628484726,1.3645503520965576,299.4623413085937,2.245436906814575,279.52032470703125,265.7107238769531,0.0,2.1201059818267822,300.0,0.043537463992834,0.0447799999832776
20170703.0,0.1074171587824821,0.1662215590476989,0.3886469006538391,0.0796042010188102,0.0828935354948043,0.0532826781272888,0.0408642850816249,9.0,0.1798536628484726,1.3645503520965576,300.4090881347656,2.244258403778076,281.4564819335937,268.2081604003906,0.0,2.121759414672852,300.0,0.0388939008116722,0.0443072222024368
20170704.0,0.1073354855179786,0.1667862385511398,,,,,,,,,,,,,,,,,
20170705.0,0.1072744280099868,0.1756418347358703,0.3266299664974212,0.0951008945703506,0.0998184829950332,0.0573405772447586,0.0463270992040634,9.0,0.1798536628484726,1.3645503520965576,300.5683288574219,2.24191689491272,279.8830261230469,267.33306884765625,0.0155970659106969,2.0934276580810547,300.0,0.0413457751274108,0.0427249999292195
20170706.0,0.1073411256074905,0.1694923192262649,,,,,0.0188604388386011,,,,,,,,,,,,
20170707.0,0.1071619540452957,0.1748149096965789,,,,,,,,,,,,,,,,,
20170708.0,0.1070258393883705,0.1664804816246032,0.3973656892776489,0.0888079032301902,0.0903987064957618,0.0555538274347782,0.0512100607156753,9.0,0.1798536628484726,1.3645503520965576,305.4043884277344,2.2384440898895264,283.97998046875,269.9331359863281,0.0008640664746053,2.4662623405456543,300.0,0.0327907875180244,0.0425922224099768
20170709.0,0.1069563031196594,0.1657777279615402,,,,,,,,,,,,,,,,,
20170710.0,0.1069591119885444,0.1523912101984024,0.3046650886535644,0.1053056344389915,0.1054658368229866,,0.0985747873783111,9.0,0.1798536628484726,1.3645503520965576,302.9697570800781,2.236172914505005,281.71197509765625,267.38629150390625,0.0,2.1806282997131348,300.0,0.0383028611540794,0.0409016666818989
20170711.0,0.1069983318448066,0.1526997983455658,0.3619034588336944,0.088680051267147,0.0962152555584907,0.0395892821252346,0.0244758445769548,9.0,0.1798536628484726,1.3645503520965576,301.8021545410156,2.234975576400757,282.75616455078125,270.67987060546875,0.0008523463038727,2.0531489849090576,300.0,0.0348039269447326,0.0399474999808768
20170712.0,0.1070309802889823,0.1473601758480072,,,,,,,,,,,,,,,,,
20170713.0,0.1070412248373031,0.1570457816123962,0.286066472530365,0.0978663712739944,0.1050942316651344,0.0646061822772026,0.0488906539976596,9.0,0.1798536628484726,1.3645503520965576,301.3416442871094,2.233246088027954,280.6656188964844,269.4340209960937,0.000853921228554,2.010157823562622,300.0,0.0377413742244243,0.0381583333487311
20170714.0,0.1070375218987464,0.1529832780361175,,,,,,,,,,,,,,,,,
20170715.0,0.1070370227098465,0.1632265895605087,,,,,0.0818201228976249,,,,,,,,,,,,
20170716.0,0.1069785580039024,0.1591710448265075,,,,0.0521972961723804,0.0370494723320007,,,,,,,,,,,,
20170717.0,0.1068973466753959,0.1574755162000656,,,,,,,,,,,,,,,,,
20170718.0,0.1068990007042884,0.1484047770500183,0.2749492228031158,0.0967006534337997,0.0999404415488243,0.0628868713974952,0.0601214654743671,9.0,0.1798536628484726,1.3645503520965576,301.9847412109375,2.230318069458008,282.71636962890625,269.59637451171875,0.002133845584467,1.929033160209656,300.0,0.0355278365314006,0.0358763890416672
20170719.0,0.106973759829998,0.1436510980129242,0.3306408524513244,0.0885182917118072,0.1033862605690956,,,9.0,0.1798536628484726,1.3645503520965576,299.3666076660156,2.2297282218933105,280.6561279296875,271.33251953125,0.0,1.86617374420166,300.0,0.0362158343195915,0.0346458334741493
20170720.0,0.1069895699620246,0.1536715924739837,,,,,,,,,,,,,,,,,
20170721.0,0.1070080399513244,0.1422641426324844,0.2279724180698394,0.0922723785042762,0.0982102528214454,0.0508716590702533,0.0403759889304637,9.0,0.1798536628484726,1.3645503520965576,300.07379150390625,2.228553056716919,281.12628173828125,268.74444580078125,0.0,1.804805874824524,300.0,0.0377012491226196,0.0340316667081829
20170722.0,0.1070014238357544,0.1405569165945053,,,,,,,,,,,,,,,,,
20170723.0,0.1069387644529342,0.1570363938808441,,,,0.0622682087123394,0.0545670948922634,,,,,,,,,,,,
20170724.0,0.1068976297974586,0.1444974094629287,,,,,0.0142216254025697,,,,,,,,,,,,
20170725.0,0.1069486290216445,0.1415265202522277,,,,,,,,,,,,,,,,,
20170726.0,0.1069732010364532,0.1568943262100219,0.2727104425430298,0.0981784984469413,0.0981912240386009,0.0431445203721523,0.0377819165587425,9.0,0.1798536628484726,1.3645503520965576,300.78082275390625,2.2256557941436768,282.0289001464844,267.50250244140625,0.0012814997462555,1.739221453666687,300.0,0.0382802113890647,0.0328644444261491
20170727.0,0.1069570556282997,0.1687156558036804,,,,,,,,,,,,,,,,,
20170728.0,0.1069087088108062,0.1475813835859298,,,,,0.0805078297853469,,,,,,,,,,,,
20170729.0,0.1069110035896301,0.1403868198394775,0.2375217378139495,0.103613294661045,0.1092567071318626,0.0277802255004644,0.0218207351863384,9.0,0.1798536628484726,1.3645503520965576,301.4526062011719,2.2243094444274902,281.2767944335937,269.6273193359375,0.0017046927241608,1.7607784271240234,300.0,0.0362687408924102,0.0337502778836174
20170730.0,0.1069331094622612,0.1354741305112838,,,,,,,,,,,,,,,,,
20170731.0,0.1069243475794792,0.151882529258728,,,,0.0538965128362178,0.0422376170754432,,,,,,,,,,,,
20170801.0,0.1069142296910286,0.1522087007761001,0.3272475004196167,0.1042260006070137,0.1103592589497566,,,9.0,0.1798536628484726,1.3645503520965576,302.5877990722656,2.223917245864868,281.5198974609375,270.1427917480469,0.0017184909665957,1.7639224529266355,300.0,0.0351860448718071,0.0340502777620487
20170802.0,0.106885977089405,0.1516166627407074,,,,,0.048677023500204,,,,,,,,,,,,
20170803.0,0.1068736016750335,0.1495269238948822,0.3123077750205993,0.0879018902778625,0.0842112153768539,0.0534255467355251,0.0390942096710205,9.0,0.1798536628484726,1.3645503520965576,304.32720947265625,2.2236328125,287.2613830566406,271.1951904296875,0.0008583068847656,1.6714237928390503,300.0,0.0286487136036157,0.0340550001556757
20170804.0,0.1068541258573532,0.1416427195072174,0.3593622744083404,0.0946481749415397,0.1032641977071762,,,9.0,0.1798536628484726,1.3645503520965576,304.3874206542969,2.2234907150268555,284.3189697265625,273.23370361328125,0.0005569359636865,1.5888338088989258,300.0,0.0301618874073028,0.0337655555099828
20170805.0,0.1074318587779998,0.1518463343381881,,,,0.0632241293787956,0.0644245743751525,,,,,,,,,,,,
20170806.0,0.1079249009490013,0.1353813707828521,0.3308136463165283,0.1118620485067367,0.1117523610591888,,,9.0,0.1798536628484726,1.3645503520965576,300.6810913085937,2.223206758499145,281.3069152832031,267.1481628417969,0.0008583068847656,1.5334452390670776,300.0,0.0386875011026859,0.0376583335407078
20170807.0,0.1074315756559372,0.1482749879360199,,,,,,,,,,,,,,,,,
20170808.0,0.1072403639554977,0.1469997614622116,,,,0.0530812628567218,0.0383312478661537,,,,,,,,,,,,
20170809.0,0.1071423143148422,0.1441463977098465,0.2856661379337311,0.0888224244117736,0.0933897942304611,,,9.0,0.1798536628484726,1.3645503520965576,299.6835327148437,2.2227816581726074,282.4720458984375,269.4244384765625,0.0012910282239317,1.3910149335861206,300.0,0.0338364355266094,0.0372541666995734
20170810.0,0.1071188002824783,0.1447212249040603,,,,0.0486528575420379,0.035981323570013,,,,,,,,,,,,
20170811.0,0.1070812493562698,0.1415341049432754,,0.0933086201548576,0.0928122773766517,,0.0109256263822317,9.0,0.1798536628484726,1.3645503520965576,300.04498291015625,2.2225122451782227,282.47772216796875,267.7259826660156,0.0,1.443540334701538,300.0,0.0357200317084789,0.0376133334630976
20170812.0,0.1070320010185241,0.1505919694900512,0.3473580181598663,0.0975586548447609,0.1022939980030059,,,9.0,0.1798536628484726,1.3645503520965576,300.854736328125,2.222323417663574,281.7186889648437,269.38580322265625,0.0,1.4276281595230105,300.0,0.0357403382658958,0.0377516667529691
20170813.0,0.1070167943835258,0.1488978415727615,,,,0.0413953922688961,0.0334177687764167,,,,,,,,,,,,
20170814.0,0.1070750951766967,0.1467579901218414,,0.0957846716046333,0.0951948389410972,,,9.0,0.1798536628484726,1.3645503520965576,298.74969482421875,2.2224559783935547,282.0477294921875,267.2498779296875,0.0161548145115375,1.118155598640442,300.0,0.0345845334231853,0.0367900001117587
20170815.0,0.1071813181042671,0.1460155546665191,,,,,0.0571001321077346,,,,,,,,,,,,
20170816.0,0.1071661934256553,0.1525165736675262,,,,,0.0212103649973869,,,,,,,,,,,,
20170817.0,0.1071182712912559,0.155379831790924,0.3257157504558563,0.0939298048615455,0.104128323495388,,,9.0,0.1798536628484726,1.3645503520965576,300.0552978515625,2.223313570022583,280.0038757324219,269.57672119140625,0.0004351138486526,1.314855933189392,300.0,0.0370266176760196,0.03710583345068
20170818.0,0.1070586442947387,0.1574050784111023,,,,0.0544697232544422,0.0452894680202007,,,,,,,,,,,,
20170819.0,0.1070172861218452,0.1520183682441711,,0.0982352420687675,0.1022602170705795,,,9.0,0.1798536628484726,1.3645503520965576,300.783935546875,2.2238645553588867,281.5335693359375,268.8951416015625,0.0,1.3029297590255735,300.0,0.0364938601851463,0.0372741667405516
20170820.0,0.1070046797394752,0.1558881402015686,0.263292133808136,0.0984415039420127,0.1049686223268508,,0.0488296151161193,9.0,0.1798536628484726,1.3645503520965576,300.1297607421875,2.2241404056549072,280.87030029296875,269.3918151855469,0.0,1.2228217124938965,300.0,0.0361656695604324,0.0356274999764065
20170821.0,0.107010930776596,0.1476746201515197,,,,0.0472265146672725,0.0328989550471305,,,,,,,,,,,,
20170822.0,0.1070481613278389,0.1479869335889816,0.1407126188278198,0.1011314541101455,0.1070345565676689,,,9.0,0.1798536628484726,1.3645503520965576,299.1473693847656,2.224693536758423,279.5485534667969,267.96514892578125,2.3614144083694555e-05,1.1747329235076904,300.0,0.0386587679386138,0.0351458330862224
20170823.0,0.1070226952433586,0.1539361029863357,,,,0.0555485747754573,0.0537430942058563,,,,,,,,,,,,
20170824.0,0.1070059984922409,0.1540526151657104,,,,,,,,,,,,,,,,,
20170825.0,0.107011079788208,0.1502664536237716,0.1309670507907867,0.0951359122991561,0.1017712131142616,,,9.0,0.1798536628484726,1.3645503520965576,299.2680969238281,2.225525379180908,280.9047241210937,269.147216796875,0.0012844800949096,1.2718812227249146,300.0,0.0355952344834804,0.0349416664984077
20170826.0,0.1069593355059623,0.1500207483768463,,,,0.0455168038606643,0.0343943610787391,,,,,,,,,,,,
20170827.0,0.1068649888038635,0.1445458829402923,,0.0998220071196556,0.1009770408272743,,,9.0,0.1798536628484726,1.3645503520965576,303.79205322265625,2.226045846939087,283.60076904296875,269.540283203125,0.000426173210144,1.4049617052078247,300.0,0.0339233726263046,0.0357699999273568
20170828.0,0.1068304851651191,0.1500300765037536,0.1452481597661972,0.1001813039183616,0.1030584946274757,0.0484033524990081,0.0451368764042854,9.0,0.1798536628484726,1.3645503520965576,304.5780944824219,2.2264504432678223,284.13922119140625,270.9389343261719,0.0017046927241608,1.514448881149292,300.0,0.0322575122117996,0.0361450000254561
20170829.0,0.1068122386932373,0.1508079171180725,,,,,0.0090945158153772,,,,,,,,,,,,
20170830.0,0.1068734154105186,0.1470465958118438,0.1307275295257568,0.1061128675937652,0.1098571717739105,,,9.0,0.1798536628484726,1.3645503520965576,301.314697265625,2.2259058952331543,282.668701171875,270.22021484375,0.000426173210144,1.2708899974822998,300.0,0.0342303551733493,0.0346724998329827
20170831.0,0.1068934798240661,0.1476465910673141,,,,0.0387289263308048,0.0359202846884727,,,,,,,,,,,,
20170901.0,0.1068276613950729,0.1531918048858642,,,,,,,,,,,,,,,,,
20170902.0,0.1067790687084198,0.1552057415246963,0.1745328307151794,0.1112818643450737,0.1146583631634712,,0.093234047293663,9.0,0.1798536628484726,1.3645503520965576,305.7680053710937,2.223363876342773,283.1894226074219,270.94354248046875,0.0017046927241608,1.480825424194336,300.0,0.0337356813251972,0.0352841664903362
20170903.0,0.1067657992243766,0.1506468653678894,,,,,0.0251472517848014,,,,,,,,,,,,
20170904.0,0.1067742928862571,0.1541257798671722,0.1300966888666153,0.1064979881048202,0.1093425005674362,,,9.0,0.1798536628484726,1.3645503520965576,304.78582763671875,2.2217440605163574,284.5650634765625,271.6260986328125,0.0017144021112471,1.1111915111541748,300.0,0.0310884453356266,0.034883333151415
20170905.0,0.1068957597017288,0.1469956040382385,0.1572932004928589,0.1089337691664695,0.1145138815045356,0.0613114684820175,0.0610980577766895,9.0,0.1798536628484726,1.3645503520965576,301.96307373046875,2.2209386825561523,282.25787353515625,271.0193786621094,0.0053215282969176,0.9884623885154724,300.0,0.0332017019391059,0.0479166662941376
20170906.0,0.106960192322731,0.1504198014736175,,,,,,,,,,,,,,,,,
20170907.0,0.1070950254797935,0.1496309041976928,,0.1122553572058677,0.1144274920225143,,0.0474562831223011,9.0,0.1798536628484726,1.3645503520965576,299.2411499023437,2.219336748123169,280.54376220703125,267.7950439453125,0.005558896344155,0.8395196795463562,300.0,0.0363920740783214,0.0345199999552965
20170908.0,0.1071716323494911,0.1495442390441894,,,,0.0429598838090896,0.0280465111136436,,,,,,,,,,,,
20170909.0,0.1071735769510269,0.1473947912454605,,,,,,,,,,,,,,,,,
20170910.0,0.1071111112833023,0.1523058861494064,0.1861212402582168,0.1087851673364639,0.1119789183139801,0.0618442557752132,0.0625934600830078,9.0,0.1798536628484726,1.3645503520965576,300.32061767578125,2.216956377029419,280.0731811523437,267.635986328125,0.0,1.1038821935653689,300.0,0.0394334755837917,0.0493333330377936
20170911.0,0.1070033609867096,0.1568507254123687,,,,,,,,,,,,,,,,,
20170912.0,0.1077490672469139,0.1594454795122146,,0.1017564237117767,0.0979499742388725,,,9.0,0.1798536628484726,1.3645503520965576,301.6766052246094,2.2154228687286377,284.0470886230469,267.2611999511719,0.2361395359039306,0.9757249355316162,300.0,0.0333913639187812,0.0474166666778425
20170913.0,0.1086587831377983,0.1529682725667953,0.1434741616249084,0.0997504517436027,0.1014848425984382,0.0635153874754905,0.0584124289453029,9.0,0.1798536628484726,1.3645503520965576,299.3243408203125,2.214507818222046,282.19598388671875,268.51202392578125,0.0457580909132957,0.8394944071769714,300.0,0.0325492173433303,0.0459583339591821
20170914.0,0.1084104031324386,0.1537225693464279,,,,,,,,,,,,,,,,,
20170915.0,0.1084895879030227,0.1470858454704284,0.1314645558595657,0.1002674400806427,0.1096385493874549,0.0556869730353355,0.0491042807698249,9.0,0.1798536628484726,1.3645503520965576,294.8860778808594,2.21411681175232,277.9003295898437,267.80572509765625,0.0009291493333876,0.8149499893188477,300.0,0.0361054576933383,0.0438750002843638
20170916.0,0.107990026473999,0.1511780470609665,,,,,0.0276192519813776,,,,,,,,,,,,
20170917.0,0.1076772585511207,0.1593537628650665,,,,,,,,,,,,,,,,,
20170918.0,0.1075413897633552,0.1482776552438736,0.1596256345510482,0.1014114245772361,0.1054306477308273,0.0523137636482715,0.0424512475728988,9.0,0.1798536628484726,1.3645503520965576,294.7785339355469,2.215378522872925,278.1573486328125,265.78302001953125,0.0900629311800003,0.6519075036048889,300.0,0.034740999341011,0.0431666672229767
20170919.0,0.1082686781883239,0.1461485922336578,,,,,,,,,,,,,,,,,
20170920.0,0.1082013398408889,0.1456791013479232,,0.0933443307876586,0.0954848825931549,,,9.0,0.1798536628484726,1.3645503520965576,292.7297058105469,2.2161598205566406,278.35693359375,264.7410888671875,0.4754987955093384,0.5341986417770386,300.0,0.0310550741851329,0.0412916669932505
20170921.0,0.1133136823773384,0.1501805633306503,0.1567175239324569,0.1026004403829574,0.1073513776063919,,0.0231025125831365,9.0,0.1798536628484726,1.3645503520965576,292.0030212402344,2.2165515422821045,275.43267822265625,263.57916259765625,0.2470585256814956,0.8239009976387024,300.0,0.0426201894879341,0.0407916670665145
20170922.0,0.1124446541070938,0.149589866399765,,,,,,,,,,,,,,,,,
20170923.0,0.1110540404915809,0.14802186191082,0.1282739788293838,0.0920765474438667,0.0978734046220779,0.0445619449019432,0.0435193963348865,9.0,0.1798536628484726,1.3645503520965576,291.39019775390625,2.2173373699188232,275.9022827148437,263.67236328125,0.0,0.8859793543815613,300.0,0.0413517355918884,0.0389999998733401
20170924.0,0.1096628233790397,0.1456599682569503,,,,,,,,,,,,,,,,,
20170925.0,0.1087798401713371,0.1502342075109481,,,,,0.0518509484827518,,,,,,,,,,,,
20170926.0,0.1081782355904579,0.142898604273796,0.1453037708997726,0.1071201264858245,0.1083655133843422,0.0445527248084545,0.0310068055987358,9.0,0.1798536628484726,1.3645503520965576,295.045654296875,2.2185215950012207,276.5159606933594,263.1062316894531,0.0,0.9064688086509703,300.0,0.0430134236812591,0.0399166668454806
20170927.0,0.1077151969075203,0.1510602235794067,,,,,,,,,,,,,,,,,
20170928.0,0.1074441000819206,0.1500816941261291,0.1044027060270309,0.1048381105065345,0.1044964268803596,0.0556867681443691,0.056917019188404,9.0,0.1798536628484726,1.3645503520965576,296.9036560058594,2.2193400859832764,278.92095947265625,264.4676513671875,0.0025765981990844,0.8938074707984924,300.0,0.0380126386880874,0.0409473688586762
20170929.0,0.1073310449719429,0.1468567848205566,,0.1087658926844596,0.1132140830159187,,,9.0,0.1798536628484726,1.3645503520965576,295.28692626953125,2.219649076461792,277.4495849609375,265.7736511230469,0.0008523463620804,0.7095745205879211,300.0,0.0368262119591236,0.0407916669112941
20170930.0,0.1073909178376197,0.1429962664842605,,,,,,,,,,,,,,,,,
20171001.0,0.1074120104312896,0.1545075327157974,0.138152077794075,0.111336626112461,0.1133103966712951,0.0407146364450454,0.0345164351165294,9.0,0.1798536628484726,1.3645503520965576,293.5323181152344,2.2212283611297607,275.918701171875,263.1704406738281,0.0,0.7173675894737244,300.0,0.0410404130816459,0.0390833335307737
20171002.0,0.1073320135474205,0.1393692940473556,,,,,,,,,,,,,,,,,
20171003.0,0.1072936728596687,0.1589841991662979,,,,0.0481192916631698,0.0438245795667171,,,,,,,,,,,,
20171004.0,0.1072841733694076,0.1449703723192215,0.109361357986927,0.1099915355443954,0.1171102449297905,,0.0237739197909832,9.0,0.1798536628484726,1.3645503520965576,291.3736267089844,2.22487473487854,273.0335388183594,262.83660888671875,0.0017046927241608,0.6867348551750183,300.0,0.0446670874953269,0.0368333330067495
20171005.0,0.1072596907615661,0.1502174139022827,,,,,,,,,,,,,,,,,
20171006.0,0.1072200611233711,0.1337046772241592,,0.1032660752534866,0.1024452745914459,0.0374319776892662,0.0313425101339817,9.0,0.1798536628484726,1.3645503520965576,292.4726867675781,2.227295398712158,275.6420288085937,261.0819702148437,0.0008583068847656,0.7355394959449768,300.0,0.0429855026304721,0.038416666444391
20171007.0,0.1071776151657104,0.1415372043848037,0.0902338773012161,0.1022911071777343,0.104161649942398,,,9.0,0.1798536628484726,1.3645503520965576,293.7089538574219,2.228515386581421,276.0562744140625,262.82489013671875,0.0008583068847656,0.7362286448478699,300.0,0.0416755676269531,0.039124999816219
20171008.0,0.1071602255105972,0.1507599949836731,,,,,0.0539872422814369,,,,,,,,,,,,
20171009.0,0.1071449816226959,0.146758958697319,0.1246109679341316,0.1033758670091629,0.1075445935130119,,0.0221869572997093,9.0,0.1798536628484726,1.3645503520965576,293.7419128417969,2.230975151062012,275.5809936523437,263.46746826171875,0.0008614663383923,0.691318690776825,300.0,0.0412636958062648,0.0377499998236696
20171010.0,0.1071287170052528,0.148816242814064,,,,,,,,,,,,,,,,,
20171011.0,0.1071202084422111,0.1509114801883697,,,,0.0368036590516567,0.0519119836390018,,,,,,,,,,,,
20171012.0,0.1071705669164657,0.1454943418502807,0.0977250337600708,0.0998098775744438,0.1012847125530242,,,9.0,0.1798536628484726,1.3645503520965576,289.205322265625,2.234713315963745,274.2845764160156,260.8566589355469,0.0012874602107331,0.5920202732086182,300.0,0.0378560349345207,0.034833333765467
20171013.0,0.1071981787681579,0.1414017528295517,,,,,0.0415051728487014,,,,,,,,,,,,
20171014.0,0.1072008609771728,0.1386609226465225,,0.0943722054362297,0.0885249003767967,0.0373731143772602,0.0277108065783977,9.0,0.1798536628484726,1.3645503520965576,290.0738525390625,2.2371914386749268,275.88677978515625,259.5892944335937,0.0004410743713378,0.5907523036003113,300.0,0.036832220852375,0.0349583335531255
20171015.0,0.1072064861655235,0.1519160717725753,0.0897060707211494,0.0962306037545204,0.1009634286165237,,,9.0,0.1798536628484726,1.3645503520965576,290.50347900390625,2.238626480102539,274.453857421875,262.31201171875,0.0,0.6359661221504211,300.0,0.0394714772701263,0.035666666769733
20171016.0,0.1071730926632881,0.1472607254981994,,,,0.0466328971087932,0.0464796908199787,,,,,,,,,,,,
20171017.0,0.1071738079190254,0.1494658887386322,0.0911682844161987,0.0885646641254425,0.0934514924883842,,,9.0,0.1798536628484726,1.3645503520965576,291.5626525878906,2.2397499084472656,275.19976806640625,262.5910949707031,0.0004351138486526,0.5946536064147949,300.0,0.0377548336982727,0.036208333602796
20171018.0,0.1071754395961761,0.1490108370780944,,,,,,,,,,,,,,,,,
20171019.0,0.1072375476360321,0.1503843069076538,,,,,,,,,,,,,,,,,
20171022.0,0.2054184377193451,0.2033290714025497,0.2325307130813598,0.1667378544807434,0.1575336009263992,,0.0620441287755966,9.0,0.1798536628484726,1.3645503520965576,287.2369079589844,2.238856554031372,263.9323425292969,242.41818237304688,0.0,1.3038736581802368,300.0,0.0931318253278732,0.0595999991521239
20171023.0,0.1902666389942169,0.204733520746231,0.2247170209884643,0.1685904860496521,0.1564272344112396,,,9.0,0.1798536628484726,1.3645503520965576,289.8858947753906,2.238701581954956,265.3616943359375,250.4664306640625,0.0008523463038727,1.361233115196228,300.0,0.0879550203680992,0.0614545453678478
20171024.0,0.1770273447036743,0.2034903466701507,,,,0.0714786648750305,0.0753196850419044,,,,,,,,,,,,
20171025.0,0.1650648564100265,0.2078607529401779,0.1982399225234985,0.1720255464315414,0.1594552993774414,,,9.0,0.1798536628484726,1.3645503520965576,292.6731872558594,2.238391876220703,267.6834716796875,254.1658935546875,0.0,1.2270147800445557,300.0,0.0791890323162078,0.0622083332079152
20171026.0,0.1548151522874832,0.2003874778747558,,,,0.0781154111027717,0.0912808626890182,,,,,,,,,,,,
20171027.0,0.1458548009395599,0.1931899189949035,,,,,0.0542313903570175,,,,,,,,,,,,
20171028.0,0.1381205171346664,0.1946293711662292,0.1786536276340484,0.1419823169708252,0.1371089816093444,,,9.0,0.1798536628484726,1.3645503520965576,291.9445495605469,2.2379281520843506,271.2210693359375,257.4690856933594,0.0008602795423939,0.956631600856781,300.0,0.0602241829037666,0.0605416662680606
20171029.0,0.1321876049041748,0.1933453232049942,,,,0.0393380969762802,0.0599383525550365,,,,,,,,,,,,
20171030.0,0.1281680464744568,0.1872732043266296,0.1379828006029129,0.1252590417861938,0.1223794743418693,,,9.0,0.1798536628484726,1.3645503520965576,288.920654296875,2.237760543823242,272.2473449707031,257.687744140625,0.0096983490511775,0.4807255566120147,300.0,0.0431127734482288,0.0575416665524244
20171031.0,0.1257134526968002,0.1744629889726638,0.1154006123542785,,,,0.0552079826593399,,,,,,,,,,,,
20171101.0,0.1234335154294967,0.1799942255020141,,,,0.0488824807107448,0.0361033976078033,,,,,,,,,,,,
20171102.0,0.1214895397424697,0.1897553205490112,0.143129214644432,0.1075818538665771,0.1097597777843475,,,9.0,0.1798536628484726,1.3645503520965576,286.64715576171875,2.2411439418792725,271.66259765625,258.9041748046875,0.000426173210144,0.3678451776504516,300.0,0.0366005674004554,0.0538750005265077
20171103.0,0.1236930713057518,0.1984545886516571,,,,0.0851802974939346,0.0871608629822731,,,,,,,,,,,,
20171104.0,0.179229125380516,0.2149665057659149,,,,,,,,,,,,,,,,,
20171105.0,0.2597350776195526,0.2234399020671844,0.2074971050024032,0.167387455701828,0.1573787480592727,,,9.0,0.1798536628484726,1.3645503520965576,283.5831604003906,2.2544875144958496,263.00341796875,250.86196899414065,0.7401278018951416,1.354600191116333,300.0,0.0892213955521583,0.0602749998745819
20171106.0,0.23968406021595,,,,,0.0788856223225593,0.0705587938427925,,,,,,,,,,,,
20171107.0,0.2245795875787735,0.202714741230011,0.1858176589012146,0.1401714235544204,0.1349578648805618,,,9.0,0.1798536628484726,1.3645503520965576,282.8274230957031,2.263493061065674,264.473876953125,250.19503784179688,0.0008523463038727,1.0197913646697998,300.0,0.0783037990331649,0.0533016664940615
20171108.0,0.211496889591217,0.2056431621313095,0.230909913778305,0.1424180716276168,0.1360316276550293,0.0883851870894432,0.0890224948525428,9.0,0.1798536628484726,1.3645503520965576,283.7895202636719,2.268099784851074,264.9071655273437,249.8167724609375,0.6595161557197571,0.844631016254425,300.0,0.076168842613697,0.039638333665505
20171109.0,0.3040398359298706,0.2045287936925888,,,,,0.1081270799040794,,,,,,,,,,,,
20171110.0,0.3308508694171905,0.2570454776287079,0.3330552279949188,0.2202157229185104,0.1954227983951568,,,9.0,0.1798536628484726,1.3645503520965576,286.1615600585937,2.277522563934326,257.9490966796875,241.90956115722656,0.8493925929069519,0.9300743937492372,300.0,0.143085777759552,0.0392599626219863
20171111.0,0.3020946681499481,0.250933438539505,,,,0.130502238869667,0.1244239658117294,,,,,,,,,,,,
20171112.0,0.2807490825653076,0.2280959486961364,,,,,,,,,,,,,,,,,
20171113.0,0.265556126832962,0.2224977314472198,0.285021424293518,0.2059875726699829,0.1846308708190918,0.1384704858064651,0.1559800952672958,9.0,0.1798536628484726,1.3645503520965576,283.5972900390625,2.29217791557312,258.09869384765625,243.29266357421875,0.1236459463834762,0.7858752608299255,300.0,0.1260799467563629,0.0503193484674847
20171114.0,0.3065288066864013,0.2317468225955963,,,,,0.1293679624795913,,,,,,,,,,,,
20171115.0,0.304702490568161,0.2543291747570038,0.3409315943717956,0.1913257837295532,0.174973115324974,,,9.0,0.1798536628484726,1.3645503520965576,284.3779602050781,2.3022806644439697,260.6410522460937,244.22705078125,5.69777774810791,0.8305349349975586,300.0,0.1121213659644126,0.0613550007256865
20171116.0,0.4025994837284088,0.2382377386093139,0.5058978199958801,0.3969244956970215,0.3249038159847259,0.3013173341751098,0.3337504267692566,9.0,0.1798536628484726,1.3645503520965576,286.0218505859375,2.307497978210449,240.5931701660156,227.05548095703125,77.95870971679688,1.320040225982666,300.0,0.2540613114833832,0.309096249939278
20171117.0,0.4189211428165436,0.3831660747528076,,,,,,,,,,,,,,,,,
20171118.0,0.3870816826820373,0.2825371921062469,0.3999642431735992,0.2950664460659027,0.2553990185260772,,0.2213507443666458,9.0,0.1798536628484726,1.3645503520965576,281.48419189453125,2.317547082901001,247.008544921875,229.35543823242188,0.0021452235523611,1.3361661434173584,300.0,0.2806266248226166,0.316931665475236
20171119.0,0.3699922263622284,0.2663063704967499,,,,0.2244265228509903,0.2563249468803406,,,,,,,,,,,,
20171120.0,0.3592670261859894,0.2892220318317413,,,,,,,,,,,,,,,,,
20171121.0,0.3614638149738312,0.2893129289150238,0.4199713766574859,0.2768404185771942,0.2443179041147232,0.2692851126194,0.2603228986263275,9.0,0.1798536628484726,1.3645503520965576,286.1918334960937,2.3322973251342773,250.11996459960932,232.0232086181641,0.3748342394828796,1.08204984664917,300.0,0.2714985907077789,0.2890841639275019
20171122.0,0.3501501381397247,0.2780642807483673,,,,,,,,,,,,,,,,,
20171123.0,0.3403064608573913,0.2936320304870605,0.4367090463638305,0.2799350023269653,0.2522319257259369,,,9.0,0.1798536628484726,1.3645503520965576,287.78668212890625,2.3424441814422607,251.07778930664065,231.71568298339844,0.0012734454357996,0.9547629356384276,300.0,0.2603953778743744,0.279274720434414
20171124.0,0.3327251672744751,0.2675454914569855,0.3712545931339264,0.3118219077587127,0.2571475803852081,0.2085794955492019,0.2127445340156555,9.0,0.1798536628484726,1.3645503520965576,287.4099426269531,2.3476040363311768,250.35467529296875,235.61569213867188,0.0008523463038727,1.041653037071228,300.0,0.2681270241737366,0.2748283335065176
20171125.0,0.3251537978649139,0.2726834416389465,,,,,,,,,,,,,,,,,
20171126.0,0.3214226067066192,0.2725714743137359,0.4065921604633331,0.2755650281906128,0.2438144385814666,0.234195664525032,0.2255317866802215,9.0,0.1798536628484726,1.3645503520965576,287.0165710449219,2.358095407485962,252.80160522460932,234.8343811035156,9.293096542358398,0.5703524947166443,300.0,0.2504902482032776,0.300339166803426
20171127.0,0.4222033023834228,0.2743118405342102,,,,,,,,,,,,,,,,,
20171128.0,0.3930366635322571,0.2644568979740143,,,,,,,,,,,,,,,,,
20171129.0,0.375755250453949,0.2645486891269684,0.3447536826133728,0.303705632686615,0.2527902126312256,0.2136566638946533,0.2388988882303238,9.0,0.1798536628484726,1.3645503520965576,281.3707580566406,2.374263286590576,247.19189453125,232.47543334960932,0.000870227755513,1.0741794109344482,300.0,0.282347023487091,0.318280554923084
20171130.0,0.3636870682239532,0.2683566808700561,,,,,,,,,,,,,,,,,
20171201.0,0.3544388115406036,0.265549749135971,0.3587084710597992,0.2889782190322876,0.2502996921539306,0.2114850133657455,0.2785424292087555,9.0,0.1798536628484726,1.3645503520965576,280.8438415527344,2.38523530960083,247.0987091064453,230.22108459472656,0.0,0.856744110584259,300.0,0.2810828983783722,0.3067099988383717
20171202.0,0.3476319015026092,0.2780696153640747,0.3450741767883301,0.3012326657772064,0.2448032200336456,,0.1116367056965828,9.0,0.1798536628484726,1.3645503520965576,280.3707275390625,2.3911852836608887,247.74468994140625,235.181396484375,0.0008523463038727,0.5988198518753052,300.0,0.2677243649959564,0.302297777800295
20171203.0,0.3705725967884063,0.2677684724330902,,,,,,,,,,,,,,,,,
20171204.0,0.3649229109287262,0.2823136746883392,,,,0.2227327823638916,0.2433851063251495,,,,,,,,,,,,
20171205.0,0.3459260463714599,,,,,,,,,,,,,,,,,,
20171206.0,0.3367580771446228,0.2731313109397888,,,,,0.3284707069396972,,,,,,,,,,,,
20171207.0,0.3300152122974396,0.2652682960033417,0.3594629168510437,0.2722041606903076,0.2481351047754287,0.1806074529886245,0.1782586127519607,9.0,0.1798536628484726,1.3645503520965576,278.7968444824219,2.407808780670166,246.1372985839844,226.64454650878903,0.0012867958284914,1.0692683458328247,300.0,0.2803045809268951,0.290254167542855
20171208.0,0.3239473700523376,0.2641745209693908,,,,,,,,,,,,,,,,,
20171209.0,0.3182655870914459,,0.3531359732151031,0.2626404762268066,0.2410395294427871,0.2272451370954513,0.2141789048910141,9.0,0.1798536628484726,1.3645503520965576,279.9073181152344,2.413481950759888,247.5061798095703,227.9061584472656,0.0,1.0240800380706787,300.0,0.2738110423088074,0.2828999989923503
20171210.0,0.3134284019470215,,,0.3031681478023529,0.2580502331256866,,,9.0,0.1798536628484726,1.3645503520965576,280.0373229980469,2.4163389205932617,245.2630920410156,229.2938537597656,0.0008523463038727,1.0160307884216309,300.0,0.293465793132782,0.279462498503261
20171211.0,0.3087851107120514,0.2648252248764038,,,,,0.2791833281517029,,,,,,,,,,,,
20171212.0,0.3048121333122253,0.2642400860786438,0.3295534253120422,0.2513551414012909,0.2315505146980285,0.1753851473331451,0.1723380237817764,9.0,0.1798536628484726,1.3645503520965576,278.6725158691406,2.422093391418457,248.06231689453125,228.62973022460932,0.0012895470717921,0.9450473785400392,300.0,0.259291797876358,0.2728844433083137
20171213.0,0.3009127974510193,0.2613694965839386,,,,,,,,,,,,,,,,,
20171214.0,0.2973385155200958,0.2603505551815033,,,,0.1967704892158508,0.1873226165771484,,,,,,,,,,,,
20171215.0,0.2943949997425079,,0.340522438287735,0.2610957324504852,0.2322505414485931,,,9.0,0.1798536628484726,1.3645503520965576,279.9957275390625,2.430826425552368,248.3663330078125,231.34500122070312,0.0,0.6449272036552429,300.0,0.2614145874977112,0.2646786118647786
20171216.0,0.2918010056018829,0.2562698721885681,,,,,,,,,,,,,,,,,
20171217.0,0.2799654603004455,,0.3766001164913177,0.2471108883619308,0.2328394502401352,0.1900653392076492,0.2032837867736816,9.0,0.1798536628484726,1.3645503520965576,281.1167297363281,2.436699151992798,248.2930908203125,227.69781494140625,0.0017186318291351,1.5037833452224731,300.0,0.2693589329719543,0.2574830566559233
20171218.0,0.2751754224300384,0.2683436870574951,,0.2461302131414413,0.2225551754236221,,,9.0,0.1798536628484726,1.3645503520965576,279.5166931152344,2.43972396850586,249.40036010742188,231.79920959472656,0.000426173210144,0.9868364334106444,300.0,0.2484621107578277,0.2541516658176316
20171219.0,0.2730402052402496,0.2637031674385071,,,,0.1723389476537704,0.2596514821052551,,,,,,,,,,,,
20171220.0,0.3041840493679046,0.2779228389263153,0.411868542432785,0.3234776258468628,0.2664708197116852,,0.1244239658117294,9.0,0.1798536628484726,1.3645503520965576,281.8246765136719,2.4451663494110107,244.96876525878903,230.7849884033203,5.68993616104126,1.2302584648132324,300.0,0.3160733878612518,0.30222
20171221.0,0.322757750749588,0.2931614220142364,,,,,,,,,,,,,,,,,
20171222.0,0.3090819120407104,,,,,0.1958570033311844,0.221442312002182,,,,,,,,,,,,
20171223.0,0.3012935817241668,,0.3375568389892578,0.2746366858482361,0.2383332401514053,,,9.0,0.1798536628484726,1.3645503520965576,279.03582763671875,2.4525680541992188,246.85516357421875,231.42144775390625,0.0025700263213366,0.7755737900733948,300.0,0.273358404636383,0.2692249985204803
20171224.0,0.2953112125396728,0.2874040007591247,,,,,0.4677266776561737,,,,,,,,,,,,
20171225.0,0.2922259271144867,,0.3660739958286285,0.2644163370132446,0.2483412623405456,,0.1960203796625137,9.0,0.1798536628484726,1.3645503520965576,280.319091796875,2.4575769901275635,246.9134063720703,226.44906616210932,0.0021334919147193,0.7456374168395996,300.0,0.2822635769844055,0.2647016656374933
20171226.0,0.2874139249324798,,0.3246201574802398,0.2568701505661011,0.2384317815303802,,,9.0,0.1798536628484726,1.3645503520965576,280.1352233886719,2.4600954055786133,248.1192321777344,228.46218872070312,0.000435113790445,0.8110905289649963,300.0,0.2713096737861633,0.26187583436052
20171227.0,0.2828946709632873,,,,,0.2040851563215255,0.2072817236185073,,,,,,,,,,,,
20171228.0,0.2792555689811706,,0.3123863935470581,0.2551706433296203,0.2296623736619949,,,9.0,0.1798536628484726,1.3645503520965576,278.7864685058594,2.4651594161987305,248.30935668945312,230.9938507080078,0.0,0.7164382934570312,300.0,0.2568108141422272,0.25416972307788
20171229.0,0.2761082053184509,0.2662676274776459,,,,,0.2046876400709152,,,,,,,,,,,,
20171230.0,0.272659420967102,,,,,0.1711620986461639,0.1811883896589279,,,,,,,,,,,,
20171231.0,0.2690113484859466,0.2626939117908478,,0.2659774720668793,0.2343171685934066,,,9.0,0.1798536628484726,1.3645503520965576,280.5491027832031,2.4724011421203613,248.8842620849609,232.9609375,0.0,0.7719131708145142,300.0,0.2624706625938415,0.2481136098905403
20180101.0,0.2661877274513244,,,,,0.1710959076881408,0.1939756423234939,,,,,,,,,,,,
20180102.0,0.2627600133419037,0.2643026411533355,0.3537750244140625,0.2440254390239715,0.2229377627372741,,,10.0,0.1798536628484726,1.3645503520965576,282.271728515625,1.0619800090789795,251.21759033203125,233.28875732421875,0.0008523463038727,0.8326048254966736,300.0,0.2102442532777786,0.2436980569277869
20180103.0,0.259554773569107,0.2744447588920593,0.3406598269939422,0.2700459957122803,0.2343489378690719,,,10.0,0.1798536628484726,1.3645503520965576,283.1748352050781,1.078880786895752,250.6954040527344,235.99465942382807,0.1336915642023086,0.628344714641571,300.0,0.2314673662185669,0.2421180556724466
20180104.0,0.3056953847408294,0.267417311668396,,,,0.2377215027809143,0.2666402161121368,,,,,,,,,,,,
20180105.0,0.3244136869907379,0.3069775104522705,0.4049936532974243,0.2727959454059601,0.244516372680664,,,10.0,0.1798536628484726,1.3645503520965576,286.4076538085937,1.110193133354187,251.00059509277344,233.54132080078125,6.684567451477051,0.7494472861289978,300.0,0.2720128297805786,0.2522007228142973
20180106.0,0.4096686244010925,,,,,0.2889357805252075,0.5332499146461487,,,,,,,,,,,,
20180107.0,0.3740687668323517,0.2856293022632599,,,,,0.1114536002278328,,,,,,,,,,,,
20180108.0,0.3857637941837311,0.3100630640983581,0.394903302192688,0.3046939373016357,0.2538571357727051,,,10.0,0.1798536628484726,1.3645503520965576,283.2186279296875,1.158305048942566,249.48977661132807,236.05963134765625,27.90596580505371,0.6487900018692017,300.0,0.2974593043327331,0.34077087015539
20180109.0,0.4286227822303772,,,,,0.4206415116786957,0.4981841444969177,,,,,,,,,,,,
20180110.0,0.4195036590099334,,0.4514282345771789,0.3881448805332184,0.3108864426612854,,,10.0,0.1798536628484726,1.3645503520965576,283.5572509765625,1.1907976865768433,242.71783447265625,228.37973022460932,12.954004287719728,0.7343919277191162,300.0,0.3320785462856293,0.3711516677206754
20180111.0,0.4004911780357361,0.3451617360115051,0.3961415588855743,0.3640037178993225,0.2870387434959411,,0.5720084309577942,10.0,0.1798536628484726,1.3645503520965576,280.3625183105469,1.2071696519851685,243.46206665039065,230.93035888671875,0.0077485376968979,0.5662924647331238,300.0,0.3122985064983368,0.3658830567688413
20180112.0,0.3868650197982788,0.3253703415393829,,,,,0.2385326772928238,,,,,,,,,,,,
20180113.0,0.3773589432239532,0.3353467583656311,0.4904528856277466,0.3074206411838531,0.2717669904232025,,,10.0,0.1798536628484726,1.3645503520965576,281.6861877441406,1.240164041519165,245.1153564453125,227.57815551757807,0.0054956418462097,0.8610645532608032,300.0,0.3016874194145202,0.3469908346062236
20180114.0,0.3702781498432159,0.3253799080848694,,,,0.2992085814476013,0.2805261313915252,,,,,,,,,,,,
20180115.0,0.3640677332878113,0.3215264081954956,,,,,,,,,,,,,,,,,
20180116.0,0.3642447292804718,0.3205478191375732,0.5052064061164856,0.3630660772323608,0.2852035760879516,,0.4070558845996856,10.0,0.1798536628484726,1.3645503520965576,282.8309020996094,1.2906087636947632,244.83078002929688,232.4954833984375,1.2817015647888184,0.7651724219322205,300.0,0.3191462159156799,0.3366250006490283
20180117.0,0.3642729222774505,0.324060320854187,,,,0.2444604039192199,0.2709738314151764,,,,,,,,,,,,
20180118.0,0.3570182025432586,0.3159413039684295,0.5026305317878723,0.3602326810359955,0.291001409292221,,,10.0,0.1798536628484726,1.3645503520965576,282.5201416015625,1.320420265197754,244.3172607421875,230.49050903320312,0.3571786284446716,0.7079483270645142,300.0,0.3224118053913116,0.338026202228512
20180119.0,0.4142453968524933,0.3371519446372986,0.5137804746627808,0.3969244956970215,0.3176189363002777,0.3125531077384949,0.329691469669342,10.0,0.1798536628484726,1.3645503520965576,283.5196533203125,1.33294415473938,241.79525756835932,231.6763610839844,18.626689910888672,1.4604878425598145,300.0,0.3481351137161255,0.3773066654447715
20180120.0,0.3936305046081543,0.3245819509029388,,,,,,,,,,,,,,,,,
20180121.0,0.3800750970840454,0.3191365003585815,0.5047593116760254,,,,,,,,,,,,,,,,
20180122.0,0.3862674236297607,0.3248282670974731,,,,0.2715853452682495,0.2879726588726043,,,,,,,,,,,,
20180123.0,0.3845928013324737,0.3547524511814117,,,,,,,,,,,,,,,,,
20180124.0,0.3726221323013305,0.3354502618312835,0.5094029307365417,0.3636588156223297,0.2932228147983551,0.2791178226470947,0.3809015154838562,10.0,0.1798536628484726,1.3645503520965576,279.8650817871094,1.3987247943878174,242.16851806640625,228.9247589111328,0.0859229266643524,0.8547468781471252,300.0,0.3235749304294586,0.3580141687071323
20180125.0,0.4162814617156982,0.3469218313694,,,,,0.123447373509407,,,,,,,,,,,,
20180126.0,0.4142048954963684,,0.5253525376319885,0.3951956629753113,0.3103220462799072,,,10.0,0.1798536628484726,1.3645503520965576,279.9305725097656,1.4253253936767578,240.00314331054688,227.35641479492188,3.3794517517089844,1.2694690227508545,300.0,0.3432928621768951,0.3790038902306556
20180127.0,0.3915689587593078,0.3273484408855438,0.5070343017578125,0.3275804817676544,0.2776592969894409,0.2702388167381286,0.2913296818733215,10.0,0.1798536628484726,1.3645503520965576,279.3414306640625,1.4386990070343018,243.25784301757807,228.45925903320312,0.0,1.4241673946380615,300.0,0.319037914276123,0.3638180558363597
20180128.0,0.3789073824882507,0.3358915746212005,,,,,,,,,,,,,,,,,
20180129.0,0.3716908693313598,0.3255595862865448,0.5267829298973083,0.3613542020320892,0.3035773038864136,,0.522354781627655,10.0,0.1798536628484726,1.3645503520965576,281.404541015625,1.4655919075012207,241.8847198486328,226.69566345214844,0.0,0.8083539009094238,300.0,0.3284521102905273,0.3527116661626763
20180130.0,0.3673958778381347,0.3366045355796814,,,,,0.2557756304740906,,,,,,,,,,,,
20180131.0,0.360500156879425,0.3126063048839569,,,,,,,,,,,,,,,,,
20180201.0,0.3534621000289917,0.3275217711925506,0.5130736827850342,0.3266847431659698,0.2869266271591186,0.288720428943634,0.286935031414032,10.0,0.1798536628484726,1.3645503520965576,283.0738220214844,1.507810115814209,245.04702758789065,228.36114501953125,0.0012934207916259,1.5671565532684326,300.0,0.3197478652000427,0.3376555559376873
20180202.0,0.34689861536026,0.3225745856761932,,,,,,,,,,,,,,,,,
20180203.0,0.3409303724765777,0.3245846629142761,0.5206490755081177,0.3388513624668121,0.2967812418937683,,0.2837000787258148,10.0,0.1798536628484726,1.3645503520965576,284.0025939941406,1.516565203666687,245.17251586914065,228.4599609375,0.0,1.691294550895691,300.0,0.323040246963501,0.3294169437483946
20180204.0,0.3349163234233856,0.3045162856578827,0.511726438999176,0.334207147359848,0.2841133177280426,0.2288955897092819,0.2286446690559387,10.0,0.1798536628484726,1.3645503520965576,284.2810363769531,1.5095351934432983,247.03582763671875,232.0824584960937,0.0,1.5202959775924685,300.0,0.3148195147514343,0.3251016632804603
20180205.0,0.3301298022270202,0.3107347786426544,,,,,,,,,,,,,,,,,
20180206.0,0.3254401385784149,0.306244432926178,0.4899384677410126,0.3274263143539428,0.2870397269725799,0.2442069500684738,0.2637714743614197,10.0,0.1798536628484726,1.3645503520965576,283.5011901855469,1.500343918800354,246.51329040527344,229.98214721679688,0.000435113790445,1.8288931846618648,300.0,0.3183844983577728,0.3163386098666986
20180207.0,0.3184344172477722,0.3060907423496246,,,,,,,,,,,,,,,,,
20180208.0,0.3125113248825073,0.3178845643997192,,,,,,,,,,,,,,,,,
20180209.0,0.3073483109474182,0.3078272342681885,0.4556256234645843,0.3150486052036285,0.2636860013008117,0.1932848244905471,0.20645771920681,10.0,0.1798536628484726,1.3645503520965576,284.4581604003906,1.485695481300354,249.30441284179688,236.00146484375,0.0,1.7356449365615845,300.0,0.3021763265132904,0.2990283325776787
20180210.0,0.3025550544261932,0.3088555634021759,,,,,,,,,,,,,,,,,
20180211.0,0.2937517166137695,0.3108314871788025,0.4622678756713867,0.2963676154613495,0.2673286199569702,0.2178243547677993,0.2619708776473999,10.0,0.1798536628484726,1.3645503520965576,280.75506591796875,1.475961446762085,247.1761474609375,229.41424560546875,0.0008583068847656,1.6806992292404177,300.0,0.2993601262569427,0.285922497475412
20180212.0,0.2917812466621399,0.2924681901931762,0.4254561960697174,0.2860492467880249,0.2432037889957428,,0.1181981861591339,10.0,0.1798536628484726,1.3645503520965576,279.9942626953125,1.4711039066314695,248.3487091064453,235.6972045898437,0.1482863873243332,1.537721037864685,300.0,0.2796671986579895,0.2804422255607446
20180213.0,0.2881939709186554,0.2909781336784363,,,,,,,,,,,,,,,,,
20180214.0,0.2826246917247772,,0.4162397682666778,0.2854754328727722,0.2504397928714752,0.1918959617614746,0.2031311988830566,10.0,0.1798536628484726,1.3645503520965576,279.9126281738281,1.4614076614379885,247.30319213867188,231.58367919921875,0.0017288035014644,1.7386232614517212,300.0,0.2925276160240173,0.269364165219267
20180215.0,0.277814120054245,,,,,,,,,,,,,,,,,,
20180216.0,0.2710548043251037,,,,,,0.2962736785411834,,,,,,,,,,,,
20180217.0,0.2666512429714203,,0.4080106019973755,0.2696205377578735,0.2366265654563903,,0.1828058660030365,10.0,0.1798536628484726,1.3645503520965576,281.35723876953125,1.4459047317504885,249.3253173828125,234.6095123291016,0.0025836692657321,1.8702574968338013,300.0,0.2810261845588684,0.2549394425877599
20180218.0,0.2632148861885071,,,,,,,,,,,,,,,,,,
20180219.0,0.2702978849411011,,0.393313318490982,0.2565330266952514,0.2367419749498367,0.192669078707695,0.1960509121417999,10.0,0.1798536628484726,1.3645503520965576,277.6244506835937,1.4485836029052734,248.62112426757807,230.46661376953125,0.8764457106590271,2.033445358276367,300.0,0.2722553610801697,0.258794999538064
20180220.0,0.2658227384090423,,0.3594964444637298,0.2300085425376892,0.2147561311721801,,,10.0,0.1798536628484726,1.3645503520965576,275.8641357421875,1.457507610321045,249.6070251464844,231.31170654296875,0.0013169213198125,1.66272234916687,300.0,0.2347420006990432,0.2431296994466613
20180221.0,0.2607158124446869,0.287902295589447,,,,,0.1731009930372238,,,,,,,,,,,,
20180222.0,0.2556619644165039,0.2844454050064087,0.3740385472774505,0.2502440214157104,0.2220354229211807,0.1530337929725647,0.1482894420623779,10.0,0.1798536628484726,1.3645503520965576,277.20611572265625,1.4721790552139282,248.79428100585932,235.71780395507807,1.2564669847488403,1.418901801109314,300.0,0.2580551505088806,0.2135374999392035
20180223.0,0.2750602662563324,,,,,,,,,,,,,,,,,,
20180224.0,0.2668651938438415,,,,,0.1816129684448242,0.1941282451152801,,,,,,,,,,,,
20180225.0,0.2602118849754333,,0.3691005408763885,0.2478318214416504,0.228246659040451,,,10.0,0.1798536628484726,1.3645503520965576,279.1119079589844,1.4949055910110474,248.7049560546875,231.61355590820312,0.0514690466225147,1.7905536890029907,300.0,0.2763932645320892,0.2383119043876256
20180226.0,0.2929040491580963,0.2958979904651642,,,,,,,,,,,,,,,,,
20180227.0,0.368386298418045,,0.3948388397693634,0.2839339673519134,0.2548242509365082,0.2027371972799301,,10.0,0.1798536628484726,1.3645503520965576,277.7335510253906,1.5101325511932373,245.93521118164065,229.75949096679688,1.1623035669326782,2.2525696754455566,300.0,0.3093351423740387,0.2746859519236996
20180228.0,0.3324694037437439,0.3080490827560425,0.4121425747871399,0.294295072555542,0.2632364928722381,,,10.0,0.1798536628484726,1.3645503520965576,278.1084899902344,1.5177688598632812,244.8959350585937,228.68572998046875,0.0008523463620804,1.867984414100647,300.0,0.308563768863678,0.2668312077088373
20180301.0,0.3697991073131561,,,,,0.2758849859237671,0.317209392786026,,,,,,,,,,,,
20180302.0,0.4206276535987854,,0.4405999183654785,0.3374103009700775,0.290911465883255,,,10.0,0.1798536628484726,1.3645503520965576,280.6583557128906,1.5330870151519775,243.296630859375,228.2141265869141,20.147825241088867,2.1698126792907715,300.0,0.3354274034500122,0.3667874987506865
20180303.0,0.4166920185089111,0.341837614774704,,,,,,,,,,,,,,,,,
20180304.0,0.4156183302402496,,,,,0.2759741544723511,,,,,,,,,,,,,
20180305.0,0.3896312713623047,0.3191523253917694,0.4592112600803375,0.3413121104240417,0.3127694427967071,,,10.0,0.1798536628484726,1.3645503520965576,278.5514221191406,1.556610107421875,239.8604431152344,221.87484741210932,0.000426173210144,2.3906402587890625,300.0,0.3490681052207947,0.3580008346101973
20180306.0,0.3742303550243377,0.3166075646877289,,,,,0.3412884771823883,,,,,,,,,,,,
20180307.0,0.3631856739521026,0.3147047460079193,0.4906457662582397,0.3008376657962799,0.289773941040039,,0.2594988942146301,10.0,0.1798536628484726,1.3645503520965576,283.5057983398437,1.5667779445648191,244.71417236328125,224.54348754882807,0.0,2.5053048133850098,300.0,0.3304445743560791,0.3396866695541806
20180308.0,0.3667590320110321,0.330099880695343,0.4646506607532501,0.3002817630767822,0.2636721134185791,,,10.0,0.1798536628484726,1.3645503520965576,284.6941833496094,1.5686135292053225,248.6218414306641,233.5906982421875,3.500509262084961,2.05014443397522,300.0,0.3201888799667358,0.3315136103600927
20180309.0,0.3706063628196716,0.3324450254440307,,,,0.2818594574928283,0.2895901501178741,,,,,,,,,,,,
20180310.0,0.3551172614097595,0.3164393305778503,0.4613528549671173,0.3056446015834808,0.2697100639343261,,,10.0,0.1798536628484726,1.3645503520965576,284.3562316894531,1.5736730098724363,249.1427001953125,233.567138671875,0.1528376042842865,1.0501737594604492,300.0,0.3055106103420257,0.3183202776923443
20180311.0,0.3516530096530914,,,,,,0.2753990292549133,,,,,,,,,,,,
20180312.0,0.33976811170578,0.3130879402160644,,,,0.2166908234357834,0.2122257202863693,,,,,,,,,,,,
20180313.0,0.3912103474140167,0.3156929016113281,0.4614930748939514,0.3132122457027435,0.2639102935791015,,,10.0,0.1798536628484726,1.3645503520965576,288.10552978515625,1.581013798713684,251.9818878173828,239.6481475830078,34.37889099121094,1.5790032148361206,300.0,0.3134593367576599,0.3407645459790664
20180314.0,0.4239261150360107,,,,,0.3610355854034424,0.4424573481082916,,,,,,,,,,,,
20180315.0,0.4173373579978943,0.3471667170524597,0.4742790460586548,0.3820198178291321,0.3093752562999725,,,10.0,0.1798536628484726,1.3645503520965576,280.5186462402344,1.5859153270721436,243.16891479492188,230.62831115722656,8.753771781921387,2.2261972427368164,300.0,0.3459689617156982,0.3918023906948255
20180316.0,0.4266261756420135,0.3485698997974396,0.5383228659629822,0.3969244956970215,0.3448714315891266,,,10.0,0.1798536628484726,1.3645503520965576,281.42724609375,1.5883681774139404,239.6504669189453,229.6815185546875,30.17613410949707,2.148076057434082,300.0,0.381451278924942,0.407628181191791
20180317.0,0.4125388860702514,0.3608065843582153,,,,0.2766084671020508,,,,,,,,,,,,,
20180318.0,0.3978897929191589,,0.5038125514984131,0.3869071900844574,0.3416965007781982,,,10.0,0.1798536628484726,1.3645503520965576,279.7967529296875,1.5932790040969849,239.50021362304688,222.9314727783203,0.5689896941184998,2.1763510704040527,300.0,0.3567074835300445,0.3716494437159434
20180319.0,0.3768326938152313,0.3196961283683777,,,,0.3086417913436889,0.3135166466236114,,,,,,,,,,,,
20180320.0,0.3648780882358551,0.3205784559249878,,,,,0.0964079722762107,,,,,,,,,,,,
20180321.0,0.4234756231307983,0.3619318306446075,0.5569896101951599,0.3969244956970215,0.3458888828754425,,,10.0,0.1798536628484726,1.3645503520965576,284.81451416015625,1.600239634513855,241.21060180664065,228.36618041992188,34.16908264160156,1.8793692588806152,300.0,0.3742961883544922,0.3939263631909545
20180322.0,0.4265589118003845,0.3705625236034393,,,,0.3996916711330414,0.4487136304378509,,,,,,,,,,,,
20180323.0,0.3924243152141571,0.3466523885726928,0.5083369612693787,0.3960272967815399,0.3450271189212799,,,10.0,0.1798536628484726,1.3645503520965576,282.4244384765625,1.6102778911590576,239.85134887695312,223.91094970703125,0.033273659646511,2.8991384506225586,300.0,0.3636958003044128,0.3856783330770335
20180324.0,0.3821717500686645,0.3410429060459137,0.5064849853515625,0.3957938253879547,0.3174658417701721,0.3313919007778168,0.3968626856803894,10.0,0.1798536628484726,1.3645503520965576,282.13037109375,1.618453860282898,243.0953063964844,231.12326049804688,5.664533615112305,2.046439409255981,300.0,0.3457532525062561,0.373246249856949
20180325.0,0.3922277092933655,0.3349134922027588,,,,,0.3217871785163879,,,,,,,,,,,,
20180326.0,0.3673732876777649,0.3242002725601196,0.4882899820804596,0.3968163430690765,0.3413044512271881,,,10.0,0.1798536628484726,1.3645503520965576,280.7023620605469,1.633512020111084,238.9224853515625,223.63104248046875,0.0011318790493533,3.3674283027648926,300.0,0.3740054368972778,0.3705350000695386
20180327.0,0.3459445536136627,0.3346163034439087,,,,0.3111789226531982,0.3501693904399872,,,,,,,,,,,,
20180328.0,0.331584483385086,0.3189647793769836,,,,,,,,,,,,,,,,,
20180329.0,0.3199424743652344,0.3279985785484314,0.5015824437141418,0.3481754660606384,0.3025979101657867,,0.412701815366745,10.0,0.1798536628484726,1.3645503520965576,287.97216796875,1.6564574241638184,246.9178009033203,231.57635498046875,0.0021442139986902,3.4308550357818604,300.0,0.3457788527011871,0.3303072210506597
20180330.0,0.3082337081432342,0.3274978399276733,,,,0.2359743118286132,0.216772973537445,,,,,,,,,,,,
20180331.0,0.2982134222984314,0.3096242249011993,0.4620450139045715,0.3083416521549225,0.2792331278324127,,,10.0,0.1798536628484726,1.3645503520965576,288.7913513183594,1.6718255281448364,250.9149627685547,233.9561309814453,0.0008560752030462,3.2186858654022217,300.0,0.3216284215450287,0.3092086115720536
20180401.0,0.2884703576564789,0.3094739317893982,0.462040513753891,0.3270024359226227,0.2782008051872253,0.2709181904792785,0.317484050989151,10.0,0.1798536628484726,1.3645503520965576,287.67706298828125,1.6795310974121094,250.7401733398437,237.24610900878903,0.0,3.540351629257202,300.0,0.3243928849697113,0.2959105576708583
20180402.0,0.2780412435531616,0.3174274861812591,,,,,,,,,,,,,,,,,
20180403.0,0.2672192454338074,0.2972173988819122,0.3930641412734985,0.250518262386322,0.2329618632793426,,,10.0,0.1798536628484726,1.3645503520965576,287.02099609375,1.694985032081604,255.12252807617188,237.62301635742188,0.0,3.742340326309204,300.0,0.2938746213912964,0.271766108561688
20180404.0,0.2574315667152405,0.2964625060558319,,,,0.1768686771392822,0.1898251324892044,,,,,,,,,,,,
20180405.0,0.2476101815700531,0.2805894315242767,,,,,,,,,,,,,,,,,
20180406.0,0.3194448053836822,0.3379706442356109,0.4584764540195465,0.3260972499847412,0.2740216851234436,0.2845162749290466,0.3406781256198883,10.0,0.1798536628484726,1.3645503520965576,286.1918029785156,1.7188926935195925,251.3594970703125,238.7919158935547,37.6005744934082,1.05552077293396,300.0,0.3168391585350036,0.318467500385642
20180407.0,0.424309641122818,,,,,,0.2858974039554596,,,,,,,,,,,,
20180408.0,0.3923767805099487,0.3602749109268188,0.5065228343009949,0.3891899585723877,0.3334108591079712,,,10.0,0.1798536628484726,1.3645503520965576,286.4441833496094,1.7268762588500977,243.803955078125,228.4078063964844,0.0336273871362209,3.764358758926392,300.0,0.364755779504776,0.379239318596281
20180409.0,0.3718596696853637,0.3135375380516052,0.477660983800888,0.28682342171669,0.271711140871048,0.2623786926269531,0.2656941413879394,10.0,0.1798536628484726,1.3645503520965576,286.8516845703125,1.7261983156204224,249.812255859375,230.71310424804688,0.0025675140786916,3.84483790397644,300.0,0.3332143425941467,0.357187777398295
20180410.0,0.3568528890609741,0.3209794163703918,,,,,,,,,,,,,,,,,
20180411.0,0.3588429391384125,0.3216402530670166,0.4667748510837555,0.3045330643653869,0.2775574326515198,0.2505740225315094,0.2955412566661834,10.0,0.1798536628484726,1.3645503520965576,286.1137084960937,1.726829171180725,250.68191528320312,233.43881225585932,0.974642276763916,2.885542869567871,300.0,0.3240894377231598,0.3349152778440054
20180412.0,0.3890970647335052,,,,,,0.2594378590583801,,,,,,,,,,,,
20180413.0,0.3672294020652771,0.2976608276367187,,,,,,,,,,,,,,,,,
20180414.0,0.343164712190628,0.3091915547847748,0.4895657002925873,0.2679942548274994,0.2509537041187286,0.235495924949646,0.2767418324947357,10.0,0.1798536628484726,1.3645503520965576,286.7753601074219,1.7274025678634644,251.58676147460932,233.42922973632807,0.0008523463038727,3.9156360626220703,300.0,0.3221260607242584,0.3081652783453466
20180415.0,0.3268704712390899,0.3070836663246155,,,,,,,,,,,,,,,,,
20180416.0,0.3659326136112213,0.3064354658126831,0.4322200715541839,0.2613812386989593,0.2353554219007492,,0.1906186044216156,10.0,0.1798536628484726,1.3645503520965576,283.3158569335937,1.7277851104736328,253.87283325195312,239.1451568603516,14.69064998626709,2.530301094055176,300.0,0.2970971465110779,0.310860714518456
20180417.0,0.4003096222877502,,0.4493729174137115,0.2770778834819793,0.242093026638031,0.2111807465553283,0.2210455685853958,10.0,0.1798536628484726,1.3645503520965576,281.7085266113281,1.7279762029647827,250.9707794189453,238.6442413330078,3.182172536849976,3.619149208068848,300.0,0.3068796098232269,0.3218850005016725
20180418.0,0.3663614094257355,0.3123065829277038,,,,,,,,,,,,,,,,,
20180419.0,0.3547508716583252,0.294074147939682,0.446584939956665,0.2745826840400696,0.2503130733966827,0.256803810596466,0.2709738314151764,10.0,0.1798536628484726,1.3645503520965576,283.5285949707031,1.7283587455749512,249.756103515625,233.129150390625,0.0165185686200857,3.738710880279541,300.0,0.3246388435363769,0.295245554332998
20180420.0,0.3365745544433594,,,,,,,,,,,,,,,,,,
20180421.0,0.3198094666004181,0.3046922981739044,,,,,,,,,,,,,,,,,
20180422.0,0.305841863155365,0.3106135427951813,0.4678315222263336,0.2451157867908477,0.2206675112247467,0.1851410120725631,0.1896114945411682,10.0,0.1798536628484726,1.3645503520965576,290.760986328125,1.731944918632507,256.9847412109375,243.1416931152344,0.0,4.300127029418945,300.0,0.2889928221702575,0.2582691671335697
20180423.0,0.2905309498310089,0.3056784570217132,,,,,,,,,,,,,,,,,
20180424.0,0.2761674523353576,0.2857981920242309,0.3967090845108032,0.2087682336568832,0.1969426870346069,0.1756104826927185,0.2086550444364547,10.0,0.1798536628484726,1.3645503520965576,291.5538330078125,1.6955487728118896,261.52783203125,243.3871154785156,0.0008523463620804,4.359532833099365,300.0,0.2506650984287262,0.2348605558522543
20180425.0,0.2618688344955444,0.2756500542163849,0.3874166905879974,0.2181778401136398,0.200851634144783,,,10.0,0.1798536628484726,1.3645503520965576,290.9577331542969,1.6551330089569092,261.0663757324219,246.45074462890625,0.0017207987839356,4.388097286224365,300.0,0.2366687506437301,0.2236138893024786
20180426.0,0.248550146818161,0.280536949634552,,,,,,,,,,,,,,,,,
20180427.0,0.2360088229179382,0.2573946714401245,0.307962417602539,0.1789768934249878,0.1692396998405456,0.1400779634714126,0.1311990767717361,10.0,0.1798536628484726,1.3645503520965576,287.9639892578125,1.5847744941711426,263.3606872558594,246.42953491210932,0.0017195938853546,3.57666015625,300.0,0.2028133124113083,0.2048774990963273
20180428.0,0.2288561314344406,0.2654719650745392,,,,,,,,,,,,,,,,,
20180429.0,0.2267792820930481,0.271230936050415,,,,0.1330499649047851,0.1667226105928421,,,,,,,,,,,,
20180430.0,0.2266657948493957,0.26038658618927,0.3523802459239959,0.1453052014112472,0.1376796662807464,,0.0772423446178436,10.0,0.1798536628484726,1.3645503520965576,285.81573486328125,1.479832410812378,265.5934753417969,248.14309692382807,0.2473275363445282,2.691969394683838,300.0,0.161901518702507,0.1849158329088156
20180501.0,0.2262446880340576,0.2567895054817199,,,,,,,,,,,,,,,,,
20180502.0,0.2172887474298477,0.2656562924385071,0.2925256490707397,0.1619380414485931,0.1566287279129028,0.1198738887906074,0.1345255970954895,10.0,0.1798536628484726,1.3645503520965576,288.9971618652344,1.411451816558838,263.6251525878906,250.9542388916016,0.0767684429883956,3.8539669513702393,300.0,0.1833192110061645,0.1706824993830916
20180503.0,0.2050728350877761,0.2602042853832245,0.3152744770050049,0.1480366885662078,0.1448900699615478,,,10.0,0.1798536628484726,1.3645503520965576,289.8533630371094,1.3777358531951904,265.7196044921875,252.67062377929688,0.0008523463038727,3.8785669803619385,300.0,0.167626067996025,0.1629463883093993
20180504.0,0.1945783644914627,0.258054107427597,,,,,0.18384350836277,,,,,,,,,,,,
20180505.0,0.1847279965877533,0.2812108099460602,0.2617574632167816,,,0.0817465931177139,0.0820642709732055,,,,,,,,,,,,
20180506.0,0.1784179210662841,0.2578421235084533,,,,,,,,,,,,,,,,,
20180507.0,0.1700528711080551,0.257867157459259,,,,0.1100069209933281,0.1068147867918014,,,,,,,,,,,,
20180508.0,0.1617602705955505,0.2502063512802124,0.2567502558231354,,,,,,,,,,,,,,,,
20180509.0,0.1540169715881347,0.2440428584814071,,,,,0.1346781849861145,,,,,,,,,,,,
20180510.0,0.1476505398750305,0.2382050156593322,0.2094026058912277,0.1172880604863166,0.1152917891740799,0.0858174040913581,0.0828577503561973,10.0,0.1798536628484726,1.3645503520965576,292.3003845214844,1.1601852178573608,271.66619873046875,257.1470031738281,0.0008583068847656,3.423447608947754,300.0,0.1153595000505447,0.1061377786536349
20180511.0,0.1428626477718353,0.2446092367172241,0.2475093007087707,,,,,,,,,,,,,,,,
20180512.0,0.135685384273529,0.2387624531984329,,,,0.108825609087944,0.108340710401535,,,,,,,,,,,,
20180513.0,0.1307760328054428,0.2407619059085846,0.1966118514537811,0.1224369555711746,0.132080465555191,,,10.0,0.1798536628484726,1.3645503520965576,292.9941711425781,1.0987646579742432,269.5062866210937,260.2352294921875,0.0009113816777244,3.259428024291992,300.0,0.1120485514402389,0.0885711114892692
20180514.0,0.1283279210329055,0.2407857477664947,,,,,,,,,,,,,,,,,
20180515.0,0.1266914308071136,0.2408013343811035,,,,0.0767993032932281,0.0646992400288581,,,,,,,,,,,,
20180516.0,0.1393515020608902,0.2331210523843765,0.182720348238945,0.1214530393481254,0.1251607686281204,,,10.0,0.1798536628484726,1.3645503520965576,289.9510803222656,1.037753939628601,270.1578369140625,258.4266662597656,4.302723407745361,2.764656543731689,300.0,0.0961145311594009,0.079549721745716
20180517.0,0.1654946208000183,,,,,0.1282269060611724,0.1797235012054443,,,,,,,,,,,,
20180518.0,0.1540930122137069,0.2353928685188293,0.2185240238904953,0.135206714272499,0.1300150752067566,,0.0401623584330081,10.0,0.1798536628484726,1.3645503520965576,292.4101867675781,0.9977831840515136,269.3171081542969,253.47100830078125,0.0024145434144884,3.259280204772949,300.0,0.1185826808214187,0.0771611108886698
20180519.0,0.1444543600082397,0.2338327020406723,0.2148868590593338,0.1372734755277633,0.1393895745277404,,,10.0,0.1798536628484726,1.3645503520965576,292.72540283203125,0.9780086278915404,268.3533935546875,257.41510009765625,0.0,3.202652931213379,300.0,0.1128290668129921,0.0756400001743437
20180520.0,0.1368187367916107,0.2311950922012329,,,,0.0939580053091049,0.0870693102478981,,,,,,,,,,,,
20180521.0,0.1317110657691955,0.213329330086708,0.1719502806663513,0.1207866072654724,0.1223386600613594,,,10.0,0.1798536628484726,1.3645503520965576,291.8757629394531,0.93888121843338,269.65301513671875,257.08673095703125,0.0041363965719938,2.594533443450928,300.0,0.1053563728928566,0.0722302776130371
20180522.0,0.1277347356081009,0.2274194359779358,,,,,0.1111484095454216,,,,,,,,,,,,
20180523.0,0.1242769286036491,0.2196139842271804,,,,,0.0458693206310272,,,,,,,,,,,,
20180524.0,0.1217623054981231,0.2176091074943542,0.1757518500089645,0.092843621969223,0.0953117683529853,,,10.0,0.1798536628484726,1.3645503520965576,292.4791564941406,0.8808320164680481,274.1617431640625,261.0434875488281,0.0012874065432697,2.5285792350769043,300.0,0.0812704116106033,0.0685069448500872
20180525.0,0.1721089631319046,0.2243020832538604,,,,0.2222598940134048,0.2580339908599853,,,,,,,,,,,,
20180526.0,0.2400151491165161,,0.2997366786003113,0.1977322697639465,0.1798904687166214,,,10.0,0.1798536628484726,1.3645503520965576,288.5917663574219,0.8480982780456543,260.6581420898437,246.1234130859375,0.1662953048944473,2.1532745361328125,300.0,0.1563531905412674,0.0679577919280739
20180527.0,0.222832515835762,0.2616725265979767,0.2969887554645538,0.1819471567869186,0.1682522594928741,,0.1859187632799148,10.0,0.1798536628484726,1.3645503520965576,290.9221496582031,0.8349348902702332,262.67333984375,248.27981567382807,0.0042671086266636,3.8565051555633545,300.0,0.1453473269939422,0.0692061112235321
20180528.0,0.1958873718976974,0.257276177406311,,,,0.1430888175964355,0.1428571492433548,,,,,,,,,,,,
20180529.0,0.1712291687726974,0.2470947504043579,0.2403982132673263,0.1584140509366989,0.1517947912216186,,,10.0,0.1798536628484726,1.3645503520965576,297.8300170898437,0.8075360655784607,268.7435607910156,256.05743408203125,0.0012887369375675,4.376603126525879,300.0,0.1291686594486236,0.0707927778442533
20180530.0,0.1505153924226761,0.2304966151714325,,,,0.1131044626235961,0.1121250018477439,,,,,,,,,,,,
20180531.0,0.1388324797153473,0.2224979251623153,,,,,,,,,,,,,,,,,
20180601.0,0.1314659863710403,0.2212908715009689,0.2219123989343643,0.1257113516330719,0.1293858587741851,,,10.0,0.1798536628484726,1.3645503520965576,292.2304992675781,0.767248809337616,269.858642578125,259.098388671875,0.0,3.127959489822388,300.0,0.0867365822196006,0.066885833450473
20180602.0,0.1241998374462127,0.2142275422811508,,,,0.0788450688123703,0.0587786510586738,,,,,,,,,,,,
20180603.0,0.1181348115205764,0.2221784144639969,0.1995976716279983,0.110959492623806,0.1112461909651756,,,10.0,0.1798536628484726,1.3645503520965576,299.9109191894531,0.7407693862915039,275.3323974609375,261.5675964355469,0.0008540565613657,3.375584840774536,300.0,0.084538497030735,0.0677133332368897
20180604.0,0.1142212599515914,0.1950227618217468,0.213942214846611,,,0.0756053552031517,0.0888393819332122,,,,,,,,,,,,
20180605.0,0.112456701695919,0.1822758615016937,,,,,0.0173039957880973,,,,,,,,,,,,
20180606.0,0.1116489171981811,0.1801583170890808,0.1413369327783584,0.1040738224983215,0.1096154600381851,,,10.0,0.1798536628484726,1.3645503520965576,295.13153076171875,0.7016183733940125,274.0874328613281,262.5335693359375,0.0008523463038727,2.391928195953369,300.0,0.078061543405056,0.0639808336152136
20180607.0,0.1113740354776382,0.1890691369771957,,,,0.0647884234786033,0.0531937628984451,,,,,,,,,,,,
20180608.0,0.1109118834137916,0.1957807391881942,,,,,,,,,,,,,,,,,
20180609.0,0.1103347614407539,0.2030024081468582,0.1839842349290847,0.092967577278614,0.0973254814743995,,0.0877712368965148,10.0,0.1798536628484726,1.3645503520965576,296.4569396972656,0.6626005172729492,276.25927734375,263.5653076171875,0.0160175301134586,2.3238322734832764,300.0,0.071603313088417,0.0625038890923724
20180610.0,0.1101395189762115,0.1898015588521957,,,,,0.0356151014566421,,,,,,,,,,,,
20180611.0,0.1096959188580513,0.1765214949846267,0.1328203976154327,0.0946009531617164,0.1032245680689811,,,10.0,0.1798536628484726,1.3645503520965576,296.0155334472656,0.6439921259880066,274.2460327148437,263.4109802246094,0.0021671685390174,2.6725332736968994,300.0,0.0737917199730873,0.0613380558628506
20180612.0,0.109159916639328,0.1882555037736892,0.18181774020195,0.0836187303066253,0.0841785669326782,0.0748715177178382,0.0715659037232399,10.0,0.1798536628484726,1.3645503520965576,299.2349548339844,0.638827919960022,278.20391845703125,264.339599609375,0.0025795144028961,2.84455680847168,300.0,0.0662261471152305,0.0621436109403272
20180613.0,0.1086047440767288,0.1848445832729339,,,,,,,,,,,,,,,,,
20180614.0,0.1082650050520896,0.1863760203123092,0.1384530365467071,0.0971294939517974,0.1005125418305397,,0.0627765730023384,10.0,0.1798536628484726,1.3645503520965576,300.23046875,0.6268118023872375,278.06561279296875,265.2432861328125,0.0008535584202036,2.642822742462158,300.0,0.0653119012713432,0.0616036110370191
20180615.0,0.1081693843007087,0.1848804652690887,,,,0.0508865527808666,0.0287484358996152,,,,,,,,,,,,
20180616.0,0.108155533671379,0.1810031533241272,,,,,,,,,,,,,,,,,
20180617.0,0.1081968247890472,0.1722105741500854,0.1386162042617797,0.1071003898978233,0.1137190908193588,0.0673160329461097,0.0631122812628746,10.0,0.1798536628484726,1.3645503520965576,294.748291015625,0.6092389822006226,274.0291748046875,263.1811218261719,0.0023541955742985,1.820279240608216,300.0,0.0738819241523742,0.0579822224157717
20180618.0,0.1082806959748268,0.1822655647993087,,,,,,,,,,,,,,,,,
20180619.0,0.108124129474163,0.1856147795915603,0.1262446343898773,0.0911349579691886,0.0911113321781158,,,10.0,0.1798536628484726,1.3645503520965576,298.40997314453125,0.5976077318191528,278.1153564453125,263.875244140625,0.000859324238263,2.326811552047729,300.0,0.0639160796999931,0.0578605559838811
20180620.0,0.1079475507140159,0.1851154267787933,0.1365072578191757,0.1015026047825813,0.1102193593978881,0.0589821264147758,0.0438245795667171,10.0,0.1798536628484726,1.3645503520965576,298.5804443359375,0.591817319393158,276.2059936523437,265.86553955078125,0.0,2.3149986267089844,300.0,0.0655567198991775,0.0573277781044443
20180621.0,0.1078378409147262,0.169191837310791,,,,,,,,,,,,,,,,,
20180622.0,0.1076692417263984,0.1670133471488952,0.1242061406373977,0.0962512418627739,0.1015984639525413,0.0509714372456073,0.0556352436542511,10.0,0.1798536628484726,1.3645503520965576,299.7891540527344,0.580286979675293,277.6433410644531,265.577880859375,0.0008583068847656,2.584513664245605,300.0,0.0632397979497909,0.0564600001835326
20180623.0,0.1074423044919967,0.1725591868162155,,,,,0.0091555528342723,,,,,,,,,,,,
20180624.0,0.1073037460446357,0.1709965467453003,,,,,,,,,,,,,,,,,
20180625.0,0.1073697060346603,0.167805939912796,0.1270593106746673,0.0949146822094917,0.1009174734354019,0.0553254969418048,0.03482161834836,10.0,0.1798536628484726,1.3645503520965576,299.18731689453125,0.5629305839538574,279.093017578125,267.0836181640625,0.0017046927241608,2.1118931770324707,300.0,0.0560269057750701,0.0535111113755239
20180626.0,0.1074166595935821,0.1703732311725616,,,,,,,,,,,,,,,,,
20180627.0,0.1073703020811081,0.1718189567327499,,,,,0.0668050199747085,,,,,,,,,,,,
20180628.0,0.1073962524533271,0.1507191509008407,0.1278037577867508,0.0858718156814575,0.0915388539433479,,0.0180974770337343,10.0,0.1798536628484726,1.3645503520965576,297.2763366699219,0.5507163405418396,278.990966796875,266.4822998046875,0.0008529319893568,1.9761730432510376,300.0,0.0579508356750011,0.0504844444230033
20180629.0,0.1074078008532524,0.1545538902282714,,,,,,,,,,,,,,,,,
20180630.0,0.1072735115885734,0.1760157942771911,0.11544980853796,0.0875002667307853,0.0916955694556236,0.0658243596553802,0.0628376081585884,10.0,0.1798536628484726,1.3645503520965576,302.01910400390625,0.5438804626464844,280.400390625,267.3658752441406,0.0021457662805914,2.441244602203369,300.0,0.0539926663041114,0.0505872223971453
20180701.0,0.1071433201432228,0.1787987649440765,,,,,,,,,,,,,,,,,
20180702.0,0.1071544736623764,0.1671693921089172,,,,,0.0367137677967548,,,,,,,,,,,,
20180703.0,0.1071918904781341,0.1730682700872421,0.1282674223184585,0.0843200534582138,0.0869977846741676,0.0468195118010044,0.0296639911830425,10.0,0.1798536628484726,1.3645503520965576,299.7984619140625,0.5337830781936646,281.1163330078125,267.60968017578125,0.0017195938853546,1.9469316005706787,300.0,0.0501293651759624,0.0474574998377428
20180704.0,0.1072272136807441,0.1693990379571914,,,,,,,,,,,,,,,,,
20180705.0,0.1072682961821556,0.1700345426797866,0.0967391356825828,0.0899781361222267,0.0926776081323623,0.0565704628825187,0.0520645789802074,10.0,0.1798536628484726,1.3645503520965576,297.69512939453125,0.5270816087722778,279.22576904296875,265.77294921875,0.0008702276973053,1.925253868103028,300.0,0.0560658052563667,0.0456574999286399
20180706.0,0.1072304472327232,0.1590210944414138,0.1312745064496994,0.0897737815976142,0.0972355008125305,,,10.0,0.1798536628484726,1.3645503520965576,300.4992980957031,0.5237399339675903,280.15924072265625,268.2147216796875,0.0106701171025633,1.9270660877227783,300.0,0.0497119426727294,0.0462513889608283
20180707.0,0.1071772128343582,0.1664278656244278,,,,,,,,,,,,,,,,,
20180708.0,0.1070413067936897,0.1388990134000778,0.0985519215464592,0.0935710743069648,0.1007500737905502,0.0571330487728118,0.0520035400986671,10.0,0.1798536628484726,1.3645503520965576,302.06365966796875,0.5170744061470032,280.90875244140625,269.15399169921875,0.0,2.200205087661743,300.0,0.0492486134171485,0.0454188888200538
20180709.0,0.1070119440555572,0.143676608800888,,,,,,,,,,,,,,,,,
20180710.0,0.1069709360599517,0.1686613261699676,,,,0.052649799734354,0.0540177635848522,,,,,,,,,,,,
20180711.0,0.1069592908024787,0.1546955555677414,0.1340782940387725,0.0830951705574989,0.0920367017388343,,0.0168462172150611,10.0,0.1798536628484726,1.3645503520965576,302.0294494628906,0.5069302916526794,282.3144226074219,270.572509765625,0.000426173210144,2.061598539352417,300.0,0.045045830309391,0.0438908333333333
20180712.0,0.1069658398628234,0.1572559028863906,,,,,,,,,,,,,,,,,
20180713.0,0.1069675609469413,0.157386839389801,0.1125249564647674,0.0934132039546966,0.0966619849205017,0.0515231825411319,0.041749320924282,10.0,0.1798536628484726,1.3645503520965576,303.0634460449219,0.502660870552063,282.8890380859375,269.47509765625,0.0004260826390236,1.773707151412964,300.0,0.0423856787383556,0.0428083331579135
20180714.0,0.1069921031594276,0.1631946116685867,0.1322232335805893,0.0870310068130493,0.0974318608641624,,,10.0,0.1798536628484726,1.3645503520965576,303.06005859375,0.5019641518592834,283.0955810546875,271.8795166015625,0.001296310685575,1.921531081199646,300.0,0.0412188619375228,0.0426202781133436
20180715.0,0.1069893836975097,0.1620003581047058,,,,,0.0589617602527141,,,,,,,,,,,,
20180716.0,0.106994442641735,0.1584354192018509,0.0867582783102989,0.0922176092863082,0.0928329303860664,,0.0156559962779283,10.0,0.1798536628484726,1.3645503520965576,301.4083251953125,0.4999621510505676,282.9480285644531,268.5613098144531,0.0008511787164025,1.8888648748397827,300.0,0.0452689304947853,0.0418177780033234
20180717.0,0.1069774702191352,0.1591564416885376,,,,,,,,,,,,,,,,,
20180718.0,0.1069557145237922,0.1598994135856628,,,,0.0476826317608356,0.0439466536045074,,,,,,,,,,,,
20180719.0,0.1069405078887939,0.1674320995807647,0.1222273409366607,0.0983171314001083,0.1046404391527175,,,10.0,0.1798536628484726,1.3645503520965576,302.7068786621094,0.4970773160457611,282.351806640625,270.68780517578125,0.0004462282231543,1.8936262130737305,300.0,0.0431434996426105,0.0413730557893382
20180720.0,0.1069295927882194,0.1584801226854324,,,,,0.0367748029530048,,,,,,,,,,,,
20180721.0,0.1090515404939651,0.1672276854515075,0.1022545546293258,0.0919440761208534,0.0951470285654068,0.0425900444388389,0.0267342142760753,10.0,0.1798536628484726,1.3645503520965576,302.1664733886719,0.4951567053794861,283.7169494628906,270.1835327148437,0.4380838871002197,1.717042326927185,300.0,0.0406821146607399,0.040417500284281
20180722.0,0.1100014522671699,0.1645976901054382,0.1281359940767288,0.0955758988857269,0.1035722121596336,,,10.0,0.1798536628484726,1.3645503520965576,301.8475646972656,0.4941971600055694,282.16949462890625,270.9873046875,0.0021460624411702,1.808288812637329,300.0,0.0433804094791412,0.0399450000624607
20180723.0,0.1082825884222984,0.1584898978471756,,,,0.0529089383780956,0.0506607256829738,,,,,,,,,,,,
20180724.0,0.1075429245829582,0.1639240384101867,0.0869009792804718,0.0987882763147354,0.104525625705719,,,10.0,0.1798536628484726,1.3645503520965576,303.1157531738281,0.492279589176178,282.5477294921875,270.64971923828125,0.0012755393981933,1.809393286705017,300.0,0.0416277721524238,0.0402105557837916
20180725.0,0.1072214692831039,0.1784147322177887,,,,,,,,,,,,,,,,,
20180726.0,0.1070472970604896,0.1648449152708053,,,,0.050223022699356,0.0379650257527828,,,,,,,,,,,,
20180727.0,0.1069987937808036,0.1532484740018844,0.1058257296681404,0.1003677546977996,0.1075133234262466,,,10.0,0.1798536628484726,1.3645503520965576,301.89129638671875,0.4894309341907501,281.9648742675781,270.78369140625,0.0017253330443054,1.6573469638824463,300.0,0.042319368571043,0.0389027778389967
20180728.0,0.1069931164383888,0.1472665220499038,,,,0.0494142100214958,0.0426343567669391,,,,,,,,,,,,
20180729.0,0.106986328959465,0.1497439891099929,0.0828896909952163,0.0969511717557907,0.0985678285360336,,0.0007019257172942,10.0,0.1798536628484726,1.3645503520965576,301.2334899902344,0.4872265160083771,283.114501953125,269.2633056640625,0.0004410743713378,1.4885576963424685,300.0,0.0398809276521205,0.0376180556402024
20180730.0,0.1070035696029663,0.1463102102279663,0.1068208813667297,0.0943490862846374,0.099355548620224,,,10.0,0.1798536628484726,1.3645503520965576,300.5872497558594,0.4859462678432464,282.2314453125,269.6478576660156,0.0,1.5016915798187256,300.0,0.0412617623805999,0.0372208335226194
20180731.0,0.1069792136549949,0.1502120345830917,,,,0.0497822649776935,0.0410473942756652,,,,,,,,,,,,
20180801.0,0.1069601103663444,0.1532482504844665,0.0738637074828147,0.1001932695508003,0.1047999188303947,,,10.0,0.1798536628484726,1.3645503520965576,301.235595703125,0.4834644496440887,281.6805114746094,269.36334228515625,0.000426173210144,1.5250694751739502,300.0,0.041925948113203,0.0373708334303564
20180802.0,0.106963999569416,0.1461223363876342,,,,,0.0459913946688175,,,,,,,,,,,,
20180803.0,0.1069738939404487,0.1380805671215057,,,,,0.0203863643109798,,,,,,,,,,,,
20180804.0,0.1069509461522102,0.1426985412836074,0.1088309660553932,0.096258670091629,0.0994944497942924,,,10.0,0.1798536628484726,1.3645503520965576,301.5961608886719,0.4797340333461761,282.7440185546875,269.5528564453125,0.0,1.569169044494629,300.0,0.0409171506762504,0.0363486113250255
20180805.0,0.1069254428148269,0.1417399793863296,,,,0.055078811943531,0.0472121350467205,,,,,,,,,,,,
20180806.0,0.106937788426876,0.1445191502571106,0.0720683112740516,0.0986983925104141,0.09886384755373,,,10.0,0.1798536628484726,1.3645503520965576,300.3247375488281,0.4772513806819916,281.9686279296875,267.51416015625,0.0008655289420858,1.5272324085235596,300.0,0.0433358326554298,0.0353233335464198
20180807.0,0.1069161966443061,0.1461011916399002,0.109595850110054,0.0926951542496681,0.1003652736544609,,0.0493179112672805,10.0,0.1798536628484726,1.3645503520965576,301.40557861328125,0.4760114848613739,281.75311279296875,270.1024169921875,0.0008523463620804,1.5058543682098389,300.0,0.0407790541648864,0.0353330558248526
20180808.0,0.1069362387061119,0.138210266828537,,,,0.043829433619976,0.0286873988807201,,,,,,,,,,,,
20180809.0,0.1069356054067611,0.1433961242437362,0.0681772083044052,0.0944619700312614,0.0988774895668029,,,10.0,0.1798536628484726,1.3645503520965576,301.00115966796875,0.4735340178012848,282.02020263671875,269.17694091796875,0.0,1.500146508216858,300.0,0.0411099568009376,0.0356691666925367
20180810.0,0.106900967657566,0.1369262188673019,,,,0.0649527162313461,0.0638752430677414,,,,,,,,,,,,
20180811.0,0.1068799644708633,0.1466439217329025,,,,,,,,,,,,,,,,,
20180812.0,0.106877252459526,0.1348811089992523,0.1116256639361381,0.1018104329705238,0.1052116975188255,,,10.0,0.1798536628484726,1.3645503520965576,301.4886474609375,0.4696604609489441,282.430419921875,269.5986633300781,0.003004275728017,1.463945388793945,300.0,0.0392870679497718,0.035306666943704
20180813.0,0.1069104820489883,0.1381080150604248,,,,0.0497775301337242,0.0352183617651462,,,,,,,,,,,,
20180814.0,0.1069416850805282,0.1415700912475586,0.0789607167243957,0.0951575860381126,0.0968700647354126,,,10.0,0.1798536628484726,1.3645503520965576,298.74072265625,0.4692022204399109,282.4779968261719,268.56353759765625,0.0,1.2081760168075562,300.0,0.0386053957045078,0.0338363887648781
20180815.0,0.1070120856165885,0.135474219918251,0.091388314962387,0.0761109516024589,0.0817369595170021,0.0559504255652427,0.0437635444104671,10.0,0.1798536628484726,1.3645503520965576,297.9628295898437,0.4702088236808777,283.207275390625,270.553955078125,0.0055506015196442,1.1485079526901243,300.0,0.0363497026264667,0.0333800000682556
20180816.0,0.107054129242897,0.135877177119255,,,,,0.0132450331002473,,,,,,,,,,,,
20180817.0,0.1069979891180992,0.1426039934158325,0.0735343769192695,0.0951606333255767,0.0971021354198455,,,10.0,0.1798536628484726,1.3645503520965576,300.8898010253906,0.4716978669166565,282.16650390625,268.3509521484375,0.0004276697000022,1.3834022283554075,300.0,0.039430309087038,0.0343430555872205
20180818.0,0.1069301292300224,0.1427517086267471,,,,0.0454044416546821,0.0295724365860223,,,,,,,,,,,,
20180819.0,0.1068816781044006,0.1391116082668304,,,,,,,,,,,,,,,,,
20180820.0,0.1068972125649452,0.1310789138078689,0.082625113427639,0.0998072400689125,0.1066831275820732,,0.0387279875576496,10.0,0.1798536628484726,1.3645503520965576,299.4683837890625,0.4740324914455414,281.51971435546875,270.2150573730469,0.0,1.216938018798828,300.0,0.0379844829440116,0.0335247221982976
20180821.0,0.1069563776254654,0.131952702999115,,,,,0.0039979247376322,,,,,,,,,,,,
20180822.0,0.1070427671074867,0.1372134089469909,0.0725428089499473,0.0959148630499839,0.1000290289521217,,,10.0,0.1798536628484726,1.3645503520965576,296.6465759277344,0.4755907356739044,280.0164794921875,267.3143615722656,0.0020563399884849,1.0334627628326416,300.0,0.0404602065682411,0.0318547222374545
20180823.0,0.1070904433727264,0.1374008655548095,0.086443692445755,0.0872457399964332,0.093895636498928,0.0527574643492698,0.0461745038628578,10.0,0.1798536628484726,1.3645503520965576,296.93682861328125,0.4763703048229217,280.6820678710937,268.3736877441406,0.0040633627213537,1.0140304565429688,300.0,0.0379181094467639,0.0318499998623712
20180824.0,0.1071249917149543,0.142235666513443,,,,,,,,,,,,,,,,,
20180825.0,0.1071309670805931,0.1365377753973007,0.0743981301784515,0.0942450165748596,0.0978224128484726,,0.0386974699795246,10.0,0.1798536628484726,1.3645503520965576,296.4339904785156,0.4779305756092071,279.24102783203125,266.165771484375,0.0001732689706841,1.0626875162124634,300.0,0.0433622375130653,0.0314908332979844
20180826.0,0.1070947274565696,0.1369998455047607,,,,0.0408913008868694,0.0226142164319753,,,,,,,,,,,,
20180827.0,0.1070984303951263,0.1363018900156021,,,,,,,,,,,,,,,,,
20180828.0,0.1071361899375915,0.1440373957157135,0.1049626320600509,0.0889822393655777,0.0962424948811531,0.0623016282916069,0.0591143518686294,10.0,0.1798536628484726,1.3645503520965576,296.17596435546875,0.4803795218467712,279.5102844238281,267.46875,0.0032472487073391,0.863185703754425,300.0,0.0357261896133422,0.0314244443294571
20180829.0,0.1071851029992103,0.1439334899187088,,,,,,,,,,,,,,,,,
20180830.0,0.107184886932373,0.1387306749820709,0.0746015980839729,0.0948739647865295,0.1021456643939018,,,10.0,0.1798536628484726,1.3645503520965576,295.480224609375,0.4806429147720337,278.76043701171875,267.32891845703125,0.001076680724509,0.8348013162612915,300.0,0.0364209488034248,0.031069444375361
20180831.0,0.1072125658392906,0.1392857581377029,0.091247484087944,0.0762364119291305,0.091254636645317,0.0511514842510223,0.0350047312676906,10.0,0.1798536628484726,1.3645503520965576,295.19140625,0.4799763560295105,279.21978759765625,269.2152709960937,0.0008523463620804,0.9293195605278016,300.0,0.0384239666163921,0.0310880555874274
20180901.0,0.1071818843483924,0.1375370323657989,,,,,,,,,,,,,,,,,
20180902.0,0.1071262434124946,0.1523191481828689,0.0698084235191345,0.092406690120697,0.0983539298176765,0.0520153790712356,0.0422070994973182,10.0,0.1798536628484726,1.3645503520965576,298.4171142578125,0.4789829850196838,279.9634094238281,267.6392822265625,0.0,1.051428198814392,300.0,0.0387347154319286,0.0324333334094534
20180903.0,0.1070612892508506,0.1527421325445175,,,,,3.051850944757461e-05,,,,,,,,,,,,
20180904.0,0.1070615872740745,0.1453490853309631,,,,,,,,,,,,,,,,,
20180905.0,0.1070346608757972,0.1478139907121658,0.0875471159815788,0.0900438278913497,0.0958067700266838,0.0429346114397048,0.0267036966979503,10.0,0.1798536628484726,1.3645503520965576,298.3808288574219,0.4774304628372192,281.2200927734375,268.63726806640625,0.0004410743713378,0.998746395111084,300.0,0.0349731929600238,0.0320636111886385
20180906.0,0.1070442274212837,0.142522856593132,,,,,,,,,,,,,,,,,
20180907.0,0.1070583537220954,0.1402565985918045,0.0633598789572715,0.099476046860218,0.1005161479115486,0.055474504828453,0.048738058656454,10.0,0.1798536628484726,1.3645503520965576,297.8606872558594,0.4763961732387543,280.140869140625,266.2059326171875,0.0,1.009351134300232,300.0,0.0381650552153587,0.0318138889790409
20180908.0,0.1070205569267273,0.1414568126201629,0.0880220159888267,0.1031598895788192,0.1110918596386909,,0.012482070364058,10.0,0.1798536628484726,1.3645503520965576,298.2723693847656,0.4758792519569397,279.2371826171875,268.7435302734375,0.0,0.988257110118866,300.0,0.0369595512747764,0.0319086112174474
20180909.0,0.1070096492767334,0.1362801045179367,,,,,,,,,,,,,,,,,
20180910.0,0.1070046350359916,0.1409243941307068,0.0664121657609939,0.1041657701134681,0.1091974303126335,0.0439774356782436,0.037232581526041,10.0,0.1798536628484726,1.3645503520965576,297.74176025390625,0.4748459160327911,279.10009765625,267.3161926269531,0.0012814997462555,0.9634591937065125,300.0,0.0379889979958534,0.0311238888268007
20180911.0,0.1070050224661827,0.1381629854440689,,,,,,,,,,,,,,,,,
20180912.0,0.1069981753826141,0.1477232128381729,,,,,0.0457167290151119,,,,,,,,,,,,
20180913.0,0.1070702150464057,0.1348551660776138,0.0950748100876808,0.0773272514343261,0.0857490748167038,0.0478224605321884,0.0280465111136436,10.0,0.1798536628484726,1.3645503520965576,294.7475280761719,0.4732537865638733,279.8065795898437,268.0311889648437,0.000435113790445,0.7538519501686096,300.0,0.0314169526100158,0.0282769445710629
20180914.0,0.1071158573031425,0.1402315497398376,,,,,,,,,,,,,,,,,
20180915.0,0.1071280762553215,0.1290086954832077,0.0706178396940231,0.0873900204896926,0.0910442695021629,0.0628238022327423,0.0516373179852962,10.0,0.1798536628484726,1.3645503520965576,293.623291015625,0.4727517664432525,278.6421813964844,265.5077514648437,0.00433379271999,0.7479121088981628,300.0,0.0339534096419811,0.0267902777092738
20180916.0,0.107179932296276,0.1371134221553802,0.0890931859612464,0.0991082787513732,0.1055473312735557,,,10.0,0.1798536628484726,1.3645503520965576,292.4797058105469,0.4728262424468994,275.75537109375,264.4796142578125,0.0,0.7562264800071716,300.0,0.0416497364640235,0.0261466665619239
20180917.0,0.1071832999587059,0.1355920433998108,,,,,,,,,,,,,,,,,
20180918.0,0.1072084531188011,0.1421466469764709,0.0799372196197509,0.0968606546521186,0.1048227846622467,0.0438425838947296,0.0317697674036026,10.0,0.1798536628484726,1.3645503520965576,293.4051818847656,0.4728368818759918,276.14373779296875,265.33746337890625,0.0030079991556704,0.716831386089325,300.0,0.037852369248867,0.0262499998281399
20180919.0,0.1072257757186889,0.1433830112218856,,,,,,,,,,,,,,,,,
20180920.0,0.1071610748767852,0.1338109076023101,,,,0.0477830097079277,0.042909026145935,,,,,,,,,,,,
20180921.0,0.1070661023259162,0.1394457966089248,0.0837331190705299,0.0892799422144889,0.0908698812127113,,0.0009765923023223,10.0,0.1798536628484726,1.3645503520965576,296.5121765136719,0.4728788137435913,279.5919494628906,265.7471923828125,0.0,0.92263263463974,300.0,0.0376057811081409,0.0273002777768463
20180922.0,0.1070040464401245,0.1407543271780014,,,,,,,,,,,,,,,,,
20180923.0,0.1070064529776573,0.1412446647882461,0.0699085369706153,0.0998236164450645,0.104126326739788,0.0437720008194446,0.027802363038063,10.0,0.1798536628484726,1.3645503520965576,296.1734619140625,0.4729067981243133,278.71728515625,266.40625,0.0025725204031914,0.8343979120254517,300.0,0.0360337607562541,0.0269419443415229
20180924.0,0.1070202216506004,0.1359786391258239,0.0831884443759918,0.1054136753082275,0.1129011586308479,,,10.0,0.1798536628484726,1.3645503520965576,295.71063232421875,0.4729207754135132,276.842041015625,266.36688232421875,0.0017166130710393,0.8554098606109619,300.0,0.0407690927386283,0.0266247221253439
20180925.0,0.107001282274723,0.1365603655576706,,,,0.0436597652733325,0.0346690267324447,,,,,,,,,,,,
20180926.0,0.1069796606898307,0.140279158949852,0.0590532906353473,0.0979400426149368,0.1012220382690429,,0.016754662618041,10.0,0.1798536628484726,1.3645503520965576,296.9091491699219,0.472948670387268,279.31793212890625,266.43072509765625,0.0004351138486526,0.8825216889381409,300.0,0.0359642952680587,0.02671861099869
20180927.0,0.1069504991173744,0.1380870789289474,,,,,,,,,,,,,,,,,
20180928.0,0.1069756522774696,0.1514082700014114,,,,0.0509914681315422,0.0431836917996406,,,,,,,,,,,,
20180929.0,0.1070838868618011,0.1351270526647567,0.0758496895432472,0.0972143560647964,0.1033262759447097,,,10.0,0.1798536628484726,1.3645503520965576,292.8965148925781,0.4730100631713867,277.8905029296875,266.2919311523437,0.0029968293383717,0.5427680015563965,300.0,0.026234108954668,0.0251944443426198
20180930.0,0.1072024405002594,0.1429675072431564,,,,,0.0556962788105011,,,,,,,,,,,,
20181001.0,0.1072104051709175,0.1551558077335357,0.094995304942131,0.0928023383021354,0.0958396345376968,0.0442363359034061,0.0292062144726514,10.0,0.1798536628484726,1.3645503520965576,294.99200439453125,0.4727993011474609,279.0027770996094,265.67266845703125,0.000413890753407,0.5960179567337036,300.0,0.0270792692899703,0.0259302776881017
20181002.0,0.1078883931040763,0.1484326720237732,0.1019802168011665,0.10355244576931,0.1119800806045532,,,10.0,0.1798536628484726,1.3645503520965576,295.8821105957031,0.4725474119186401,276.5595397949219,266.3768920898437,0.1764964014291763,0.7424870133399963,300.0,0.0361481495201587,0.0262602778066901
20181003.0,0.1096637398004531,0.144773319363594,,,,0.064542718231678,0.0505691692233085,,,,,,,,,,,,
20181004.0,0.2358869016170501,,0.2689773440361023,0.2559111714363098,0.2121642678976059,,,10.0,0.1798536628484726,1.3645503520965576,292.0636291503906,0.4721059203147888,260.6097412109375,246.7049865722656,13.709135055541992,1.696554183959961,300.0,0.0876170694828033,0.0341786114255256
20181005.0,0.2734876871109009,0.2253346592187881,,,,,0.1729178726673126,,,,,,,,,,,,
20181006.0,0.2443076819181442,0.2037548422813415,,,,0.1394432336091995,0.1454207003116607,,,,,,,,,,,,
20181007.0,0.2159520983695984,0.2037498503923416,0.2477032542228698,0.2008400112390518,0.1816260814666748,,,10.0,0.1798536628484726,1.3645503520965576,291.4388122558594,0.4714322984218597,263.4970092773437,245.3681030273437,0.0008523463620804,2.428806066513061,300.0,0.093210682272911,0.039309444144869
20181008.0,0.1891983151435852,0.2007318437099456,,,,0.1418384164571762,0.1574144661426544,,,,,,,,,,,,
20181009.0,0.1718929708003997,0.1951068639755249,0.1988690793514251,0.1781414598226547,0.1628314554691314,,,10.0,0.1798536628484726,1.3645503520965576,292.2293701171875,0.4709832966327667,266.7762451171875,251.7624969482422,0.0008583068847656,1.6165387630462646,300.0,0.0860758796334266,0.0393238886524658
20181010.0,0.1591677963733673,0.1906730681657791,0.1866828054189682,0.152829572558403,0.1447141617536544,,,10.0,0.1798536628484726,1.3645503520965576,291.534423828125,0.470758855342865,269.4979858398437,255.61862182617188,0.0030149361118674,1.0910199880599976,300.0,0.069424919784069,0.0389813887335857
20181011.0,0.1510431766510009,0.1906219124794006,,,,0.0920313596725463,0.0927457511425018,,,,,,,,,,,,
20181012.0,0.1438251584768295,0.1775628924369812,0.1395713090896606,0.1488366425037384,0.1431056410074234,,,10.0,0.1798536628484726,1.3645503520965576,290.71319580078125,0.4703100323677063,268.936279296875,256.4685974121094,0.0008523463038727,1.2053523063659668,300.0,0.0702796950936317,0.0383063888854947
20181013.0,0.1351207792758941,0.1794179677963256,,,,0.0833520367741584,0.0787072330713272,,,,,,,,,,,,
20181014.0,0.1286715120077133,0.1777907311916351,,,,,0.0393078401684761,,,,,,,,,,,,
20181015.0,0.1229819431900978,0.1594963669776916,0.1321348994970321,0.1371520459651947,0.1320345550775528,,,10.0,0.1798536628484726,1.3645503520965576,290.8755187988281,0.4696719646453857,270.7391662597656,256.205322265625,0.0008583068847656,1.0190637111663818,300.0,0.0616612210869789,0.0368113888036625
20181016.0,0.1188157498836517,0.1662899255752563,,,,0.0711575523018837,0.0667134597897529,,,,,,,,,,,,
20181017.0,0.1159801259636879,0.1668559312820434,0.1132008954882621,0.1246532425284385,0.1199578717350959,,,10.0,0.1798536628484726,1.3645503520965576,290.686279296875,0.4687967896461487,272.2173767089844,256.2559814453125,0.0008523463038727,0.773898720741272,300.0,0.0520522184669971,0.0364459904377428
20181018.0,0.1140676960349083,0.1635030210018158,0.1105258539319038,0.1312643885612487,0.1291152387857437,,0.0819727182388305,10.0,0.1798536628484726,1.3645503520965576,290.0551147460937,0.468097448348999,270.8082275390625,257.76934814453125,0.0008511565392836,0.6725929379463196,300.0,0.0509612672030925,0.0355311111091243
20181019.0,0.1127561256289482,0.1687554568052292,,,,0.045937143266201,0.0376903600990772,,,,,,,,,,,,
20181020.0,0.111671544611454,0.1646118611097335,0.0996216833591461,0.1289667338132858,0.1298231184482574,,,10.0,0.1798536628484726,1.3645503520965576,291.5524597167969,0.4668108820915222,271.23876953125,259.78759765625,0.0004410743713378,0.657691240310669,300.0,0.0499711222946643,0.0357047220405522
20181021.0,0.1108938530087471,0.1698190569877624,,,,0.07395601272583,0.0643330216407775,,,,,,,,,,,,
20181022.0,0.1104283034801483,0.1714047938585281,,,,,,,,,,,,,,,,,
20181023.0,0.1101944595575332,0.1637894660234451,0.0906449183821678,0.1181274503469467,0.1201444640755653,,0.0311288796365261,10.0,0.1798536628484726,1.3645503520965576,288.3925476074219,0.4648619890213012,271.85888671875,259.7524719238281,0.0008612871170043,0.4005357325077057,300.0,0.0324144773185253,0.0335775001325375
20181024.0,0.1100920662283897,0.1532589793205261,,,,0.059222724288702,0.0439161360263824,,,,,,,,,,,,
20181025.0,0.1098958700895309,0.1691671907901764,0.0986705347895622,0.1158588528633117,0.1140932813286781,,,10.0,0.1798536628484726,1.3645503520965576,289.3876647949219,0.4635638892650604,272.279541015625,257.8056945800781,0.0021884541492909,0.4658403098583221,300.0,0.036864086985588,0.0332894444715148
20181026.0,0.1096794381737709,0.1642545759677887,0.0981490090489387,0.1043479293584823,0.1025354713201522,0.0680740922689437,0.0663472414016723,10.0,0.1798536628484726,1.3645503520965576,290.5748291015625,0.4629152119159698,274.843017578125,259.88385009765625,0.0,0.5039661526679993,300.0,0.0334052294492721,0.0336402777757909
20181027.0,0.1094113141298294,0.1745811253786087,,,,,,,,,,,,,,,,,
20181028.0,0.1092442870140075,0.1732049137353897,0.0959033071994781,0.1221183091402053,0.1224898621439933,,,10.0,0.1798536628484726,1.3645503520965576,291.2933654785156,0.4616186320781708,272.99090576171875,260.2253112792969,0.0069559556432068,0.3934270441532135,300.0,0.0329712815582752,0.0335602777582407
20181029.0,0.1092564240097999,0.1665763258934021,,,,0.0591385923326015,0.0517899096012115,,,,,,,,,,,,
20181030.0,0.1091726720333099,0.154201865196228,,,,,,,,,,,,,,,,,
20181031.0,0.1089599356055259,0.154322937130928,0.0998609438538551,0.1188743263483047,0.1187615916132927,0.0569085255265235,0.0420239865779876,10.0,0.1798536628484726,1.3645503520965576,287.7093505859375,0.4594490230083465,270.9659118652344,257.7022705078125,0.0017089562024921,0.4581798613071441,300.0,0.0367317870259285,0.030299722308028
20181101.0,0.1087977215647697,0.168381005525589,,,,,0.0241096224635839,,,,,,,,,,,,
20181102.0,0.1086433231830596,0.1730770170688629,0.0872598141431808,0.1184389218688011,0.1220381334424018,,,10.0,0.1798536628484726,1.3645503520965576,291.0307922363281,0.4609314203262329,271.8720092773437,260.56256103515625,0.0,0.4457469284534454,300.0,0.0374923273921012,0.0311183334282868
20181103.0,0.1085032746195793,0.1678768396377563,0.0879054069519043,0.1170327737927436,0.1187822595238685,0.0636223033070564,0.0596636869013309,10.0,0.1798536628484726,1.3645503520965576,290.7884826660156,0.4633813798427582,272.3499450683594,259.9370422363281,0.000870227755513,0.4996496140956878,300.0,0.0389921776950359,0.0305316668744136
20181104.0,0.1082819998264312,0.1745629161596298,,,,,,,,,,,,,,,,,
20181105.0,0.1081858128309249,0.1749723255634308,0.0856439247727394,0.1144909337162971,0.1127533018589019,,0.0543229468166828,10.0,0.1798536628484726,1.3645503520965576,289.1151428222656,0.4675632417201996,273.4843444824219,258.8574523925781,0.0008523463038727,0.4274888932704925,300.0,0.0312909111380577,0.029484444779348
20181106.0,0.1081501394510269,0.1606512814760208,,,,,0.0251167342066764,,,,,,,,,,,,
20181107.0,0.1081229820847511,0.1507292985916137,,,,,,,,,,,,,,,,,
20181108.0,0.1080732196569442,,,,,0.0833140462636947,0.1055635213851928,,,,,,,,,,,,
20181109.0,0.1080197989940643,,,,,,,,,,,,,,,,,,
20181110.0,0.1080336719751358,,0.0540446229279041,0.1196812614798545,0.120614968240261,,,10.0,0.1798536628484726,1.3645503520965576,283.8326721191406,0.4782910346984863,268.35137939453125,255.78466796875,0.000426173210144,0.3651875257492065,300.0,0.0332765728235244,0.0251411110167784
20181111.0,0.1080643311142921,,0.063448391854763,0.1099960431456565,0.1098191291093826,0.0515484660863876,0.0346385091543197,10.0,0.1798536628484726,1.3645503520965576,283.5851745605469,0.480444461107254,268.9483947753906,255.2752685546875,0.0008523463620804,0.3366151750087738,300.0,0.0306632127612829,0.0241316667362468
20181112.0,0.1081021055579185,0.1589304506778717,,,,,,,,,,,,,,,,,
20181113.0,0.108112558722496,0.1584352850914001,0.0670077353715896,0.119643859565258,0.1194282174110412,0.137015014886856,0.1447492837905883,10.0,0.1798536628484726,1.3645503520965576,283.7938232421875,0.4847592413425445,267.8503723144531,254.63446044921875,0.0,0.2714887857437134,300.0,0.0320808887481689,0.0243280437381763
20181114.0,0.1081693693995475,,,,,,,,,,,,,,,,,,
20181115.0,0.1082125976681709,,,,,,,,,,,,,,,,,,
20181116.0,0.1082411184906959,,0.0524018891155719,0.1054924800992012,0.1071092188358306,0.0479723215103149,0.0366222113370895,10.0,0.1798536628484726,1.3645503520965576,283.9657897949219,0.4901469647884369,268.6615600585937,255.7002716064453,0.0008523463038727,0.3232418000698089,300.0,0.0316309183835983,0.0238911108928505
20181117.0,0.1082573011517524,,,,,,,,,,,,,,,,,,
20181118.0,0.1082822531461715,,0.059675745666027,0.119901031255722,0.1207936778664588,0.2521241009235382,0.0868251621723175,10.0,0.1798536628484726,1.3645503520965576,283.5308532714844,0.5080984830856323,266.5160522460937,253.9261474609375,0.0,0.2934823036193847,300.0,0.0379651561379432,0.0234324999058329
20181119.0,0.1083133369684219,0.1635523587465286,0.069095030426979,0.095632329583168,0.0944535508751869,,,10.0,0.1798536628484726,1.3645503520965576,283.8275451660156,0.5255950689315796,270.19244384765625,256.11407470703125,0.0017195938853546,0.3030133545398712,300.0,0.0278110243380069,0.0233422222223464
20181120.0,0.1082904040813446,0.1717850118875503,,,,,,,,,,,,,,,,,
20181121.0,0.113600380718708,,0.1118702962994575,0.1130039021372795,0.1107875630259513,0.0710047334432601,0.060548722743988,10.0,0.1798536628484726,1.3645503520965576,284.0854797363281,0.557421088218689,269.38848876953125,254.72303771972656,9.228734016418455,0.7636165022850037,300.0,0.0484536364674568,0.0366075000505398
20181122.0,0.3762757778167724,,,,,,,,,,,,,,,,,,
20181123.0,0.4010728001594543,,,,,,0.2531205117702484,,,,,,,,,,,,
20181124.0,0.4162187278270721,,0.3538017570972442,0.3366008102893829,0.2708302140235901,,0.2592852711677551,10.0,0.1798536628484726,1.3645503520965576,285.58270263671875,0.6068696975708008,247.19937133789065,233.04489135742188,11.589750289916992,0.99681156873703,300.0,0.2331244647502899,0.2440413887769646
20181125.0,0.3862131834030151,0.303684264421463,,,,,,,,,,,,,,,,,
20181126.0,0.3659784495830536,0.2772416174411773,0.2768427729606628,0.3019460141658783,0.2546504735946655,0.2519838809967041,0.2738120555877685,10.0,0.1798536628484726,1.3645503520965576,282.9853210449219,0.6405249238014221,249.3089904785156,233.6573181152344,0.0008523463038727,0.7514668107032776,300.0,0.1732727736234665,0.2109916657063696
20181127.0,0.359240174293518,0.2668560445308685,0.2817728519439697,0.2730669975280761,0.2389676868915558,,,10.0,0.1798536628484726,1.3645503520965576,282.96728515625,0.6575593948364258,251.41146850585932,234.39077758789065,6.265323638916016,0.5122364163398743,300.0,0.1666409373283386,0.2035169442265563
20181128.0,0.4103288054466247,0.2824353873729706,,,,,0.3295083343982696,,,,,,,,,,,,
20181129.0,0.4172511994838714,0.2732784152030945,0.3700082004070282,0.3727046549320221,0.2958891689777374,0.2974222004413605,0.264809101819992,10.0,0.1798536628484726,1.3645503520965576,284.14044189453125,0.6920419931411743,244.0988311767578,229.4114990234375,29.011993408203125,1.970059156417847,300.0,0.255795270204544,0.2704449999076126
20181130.0,0.4204957187175751,0.322834849357605,,,,,,,,,,,,,,,,,
20181201.0,0.4063758254051208,0.2861239910125732,,,,0.417733758687973,0.5302590727806091,,,,,,,,,,,,
20181202.0,0.407008945941925,0.2814712226390838,0.3168518245220184,0.345198780298233,0.2798653542995453,,,10.0,0.1798536628484726,1.3645503520965576,279.7503967285156,0.7453246116638184,242.4493408203125,227.66012573242188,3.974906444549561,1.1124881505966189,300.0,0.2717237472534179,0.3047313874895043
20181203.0,0.383723497390747,,,,,,,,,,,,,,,,,,
20181204.0,0.3705185949802398,0.2916167676448822,0.3477223515510559,0.3119879961013794,0.272932231426239,0.2544940710067749,0.2640766501426697,10.0,0.1798536628484726,1.3645503520965576,280.9550476074219,0.7746744751930237,243.2416534423828,225.13525390625,0.3459867537021637,0.548695981502533,300.0,0.2733664512634277,0.2890397226321696
20181205.0,0.3853645622730255,,0.3289583325386047,0.2975349724292755,0.2517302334308624,,,10.0,0.1798536628484726,1.3645503520965576,282.1674194335937,0.7854675054550171,246.7144012451172,230.9882659912109,5.004814624786377,0.9086275100708008,300.0,0.2372556924819946,0.2868474990264573
20181206.0,0.3837243318557739,0.2982273697853088,,,,0.3606151640415191,0.3578905463218689,,,,,,,,,,,,
20181207.0,0.3667725026607513,0.2924270629882812,0.3110949993133545,0.291595846414566,0.2617056965827942,,0.1492660343647003,10.0,0.1798536628484726,1.3645503520965576,280.7289733886719,0.8089249134063721,245.28965759277344,226.2822265625,0.0008583068265579,0.8895955681800842,300.0,0.2448605000972747,0.2781830546171136
20181208.0,0.3556871712207794,0.270938366651535,,,,,,,,,,,,,,,,,
20181209.0,0.3477247953414917,0.2951233983039856,,,,0.2438472062349319,0.2727439105510711,,,,,,,,,,,,
20181210.0,0.3427966833114624,,0.3046795129776001,0.2897924780845642,0.2522087395191192,,,10.0,0.1798536628484726,1.3645503520965576,279.1077880859375,0.8442127704620361,245.99855041503903,229.05792236328125,0.2862549126148224,0.6521850228309631,300.0,0.2165625095367431,0.2665444438397883
20181211.0,0.3393461108207702,,,,,,0.4423963129520416,,,,,,,,,,,,
20181212.0,0.3326109945774078,0.2926709055900574,0.3048562705516815,0.2790355086326599,0.2507820129394531,,0.2123783081769943,10.0,0.1798536628484726,1.3645503520965576,279.7154846191406,0.8680194616317749,246.03341674804688,227.52105712890625,0.0,1.041419506072998,300.0,0.2353177070617675,0.260016389679644
20181213.0,0.3253020942211151,0.2711058855056762,0.2941310405731201,0.2840809226036072,0.2494415938854217,,,10.0,0.1798536628484726,1.3645503520965576,279.8912048339844,0.8800070881843567,246.4335327148437,229.31103515625,0.0017310946714133,0.9114326238632202,300.0,0.2262435257434845,0.2561794419529703
20181214.0,0.3200068771839142,,,,,0.2588461935520172,0.2656331062316894,,,,,,,,,,,,
20181215.0,0.3171008229255676,,0.3138760030269623,0.3157835304737091,0.2751980423927307,,,10.0,0.1798536628484726,1.3645503520965576,283.2499084472656,0.904151201248169,244.24148559570312,226.7783203125,0.3477581143379211,0.9064145684242249,300.0,0.2926299571990967,0.2501622218341296
20181216.0,0.312944233417511,0.2757235765457153,,,,,0.3431195914745331,,,,,,,,,,,,
20181217.0,0.4060479402542114,0.2847147285938263,,,,0.3625099658966064,0.3453169465065002,,,,,,,,,,,,
20181218.0,0.3897107243537903,0.3015804290771484,0.3085426390171051,0.3491008281707763,0.2997400760650635,,,10.0,0.1798536628484726,1.3645503520965576,281.30230712890625,0.9414626955986024,241.771484375,224.4581756591797,0.0009114955901168,0.8011806607246399,300.0,0.3071451187133789,0.3176936105197003
20181219.0,0.3745137751102447,,,,,0.3221311271190643,0.2930997610092163,,,,,,,,,,,,
20181220.0,0.3650510013103485,,0.3295860290527344,0.3169048428535461,0.2791171073913574,,,10.0,0.1798536628484726,1.3645503520965576,281.7807006835937,0.9578591585159302,243.88580322265625,225.92710876464844,0.0850084647536277,0.6145628690719604,300.0,0.2942748069763183,0.3035983309974936
20181221.0,0.3715803325176239,0.2879692614078522,0.2961148619651794,0.3063390851020813,0.2549011707305908,,,10.0,0.1798536628484726,1.3645503520965576,283.1540832519531,0.9609835743904114,247.45571899414065,233.39627075195312,3.1491048336029053,0.5040521621704102,300.0,0.2733482122421264,0.3010655559688143
20181222.0,0.3730114102363586,,,,,0.2194887548685073,0.2332529723644256,,,,,,,,,,,,
20181223.0,0.3609463274478912,,0.3147780895233154,0.2979614734649658,0.2659737169742584,,,10.0,0.1798536628484726,1.3645503520965576,281.2435302734375,0.9694196581840516,245.41729736328125,227.16358947753903,0.2678374648094177,0.5502845048904419,300.0,0.2732254862785339,0.2951808345015843
20181224.0,0.3741682171821594,,,,,0.3163822889328003,0.3431195914745331,,,,,,,,,,,,
20181225.0,0.4186723828315735,,,,,,0.1401409953832626,,,,,,,,,,,,
20181226.0,0.3912202715873718,,0.3190402388572693,0.3824177384376526,0.3204349875450134,,,10.0,0.1798536628484726,1.3645503520965576,279.015380859375,0.9817122220993042,238.3345642089844,221.8562469482422,0.000426173210144,1.036217451095581,300.0,0.323477178812027,0.326625833821429
20181227.0,0.3773633241653442,,,,,0.2599340677261352,0.2670674622058868,,,,,,,,,,,,
20181228.0,0.3622053861618042,,0.3663956820964813,0.3443313539028168,0.3194763958454132,,,10.0,0.1798536628484726,1.3645503520965576,278.95965576171875,0.9899378418922424,237.5092163085937,217.327392578125,0.002574403071776,1.755458116531372,300.0,0.3290343880653381,0.3103049998973473
20181229.0,0.3533939123153686,,0.3009545803070068,0.3344050943851471,0.2957801520824432,,0.3552659749984741,10.0,0.1798536628484726,1.3645503520965576,276.9377746582031,0.9939947724342346,240.01785278320312,221.9814453125,0.0021535078994929,1.0473856925964355,300.0,0.3033213913440704,0.304995834469133
20181230.0,0.3488082885742187,,,,,,0.2660603523254394,,,,,,,,,,,,
20181231.0,0.3443377017974853,,0.3097671270370483,0.3256415426731109,0.3074820041656494,,,10.0,0.1798536628484726,1.3645503520965576,276.8499450683594,1.0013458728790283,239.00601196289065,218.2788543701172,0.0017206702614203,1.4323267936706543,300.0,0.3131864964962005,0.2964894461218516
20190101.0,0.3349989354610443,,,,,0.2926090061664581,0.2885524928569793,,,,,,,,,,,,
20190102.0,0.3313193321228027,,,,,,,,,,,,,,,,,,
20190103.0,0.3282890319824219,0.2832801640033722,0.2910270988941192,0.3053349256515503,0.2878332436084747,,0.4071169197559356,10.0,0.1798536628484726,1.3645503520965576,276.070068359375,1.0392905473709106,240.65414428710932,220.17453002929688,0.0,0.7500706911087036,300.0,0.2846902310848236,0.2853888865199352
20190104.0,0.3261206746101379,0.2834950685501098,,,,0.2331970185041427,0.2110354900360107,,,,,,,,,,,,
20190105.0,0.3304713070392608,,0.3260674774646759,0.3321556746959686,0.2981558740139007,,,10.0,0.1798536628484726,1.3645503520965576,277.7200012207031,1.0716969966888428,240.75924682617188,222.32131958007807,8.849692344665527,0.9075672030448914,300.0,0.3100930452346802,0.2832660498270234
20190106.0,0.4197719991207123,,0.3269757628440857,0.3417714834213257,0.2861603796482086,0.3250749707221985,0.3979003131389618,10.0,0.1798536628484726,1.3645503520965576,280.01885986328125,1.0882364511489868,242.2513427734375,227.0907287597656,23.709890365600582,1.3068193197250366,300.0,0.3224788606166839,0.36523
20190107.0,0.4258700609207153,,,,,,,,,,,,,,,,,,
20190108.0,0.3999437987804413,0.3260060250759125,0.3624698221683502,0.3566066026687622,0.3114278316497803,,,10.0,0.1798536628484726,1.3645503520965576,283.77398681640625,1.1215916872024536,240.7753295898437,223.1531982421875,0.0628180280327797,0.8594027757644653,300.0,0.328494131565094,0.3366908332250515
20190109.0,0.4138422608375549,0.3283743560314178,,,,0.2852181792259216,0.330362856388092,,,,,,,,,,,,
20190110.0,0.4192049205303192,0.3349045813083648,,,,,,,,,,,,,,,,,
20190111.0,0.3939772248268127,0.3319177627563476,0.3260882794857025,0.3859952390193939,0.310726523399353,0.3132764399051666,0.3375347256660461,10.0,0.1798536628484726,1.3645503520965576,281.0582580566406,1.172316551208496,240.81423950195312,226.3758850097656,0.0021522338502109,1.161315679550171,300.0,0.3287809491157532,0.3406529147483905
20190112.0,0.3816204667091369,,,,,,0.1761223226785659,,,,,,,,,,,,
20190113.0,0.3734677731990814,0.3021008670330047,0.3342556953430176,0.3494265377521515,0.314970999956131,,,10.0,0.1798536628484726,1.3645503520965576,281.65625,1.2065942287445068,240.08770751953125,221.12548828125,0.0022398082073777,1.044712781906128,300.0,0.3259654939174652,0.3241987494953475
20190114.0,0.3666398525238037,,,0.318386822938919,0.289824903011322,0.2752410173416137,0.2920926511287689,10.0,0.1798536628484726,1.3645503520965576,281.2136535644531,1.2239322662353516,243.06602478027344,223.8786773681641,1.0431548357009888,0.8184336423873901,300.0,0.3108189105987549,0.3190754165146749
20190115.0,0.4001732766628265,0.3199084103107452,,,,,,,,,,,,,,,,,
20190116.0,0.4247495532035827,0.3265944719314575,,0.3830932378768921,0.3261311054229736,,0.5768608450889587,10.0,0.1798536628484726,1.3645503520965576,283.2406311035156,1.2596285343170166,239.6018218994141,222.67446899414065,28.39958572387696,2.730767250061035,300.0,0.3558885455131531,0.3745899743213919
20190117.0,0.425987958908081,,,,,,0.4576250612735748,,,,,,,,,,,,
20190118.0,0.4192042946815491,0.3409013748168945,,,,,,,,,,,,,,,,,
20190119.0,0.3977177441120147,0.3416913151741028,0.3636921048164367,0.3713634312152862,0.3145934045314789,0.3621841073036194,0.4243904054164886,10.0,0.1798536628484726,1.3645503520965576,284.9635314941406,1.2882838249206543,241.7279052734375,225.28466796875,0.3143013715744018,0.8880916237831116,300.0,0.3342426419258117,0.3575719444636503
20190120.0,0.3963146209716797,0.3350371122360229,,,,,,,,,,,,,,,,,
20190121.0,0.4126800000667572,0.3356453776359558,0.4890139997005462,0.3969244956970215,0.3489882349967956,,0.575151801109314,10.0,0.1798536628484726,1.3645503520965576,280.9815979003906,1.3011044263839722,237.653076171875,222.0629272460937,7.940396785736084,1.4503971338272097,300.0,0.3460262715816498,0.3730044842440173
20190122.0,0.3922421038150787,0.3183644413948059,,0.3540168702602386,0.335337370634079,0.2749827802181244,0.2762230336666107,10.0,0.1798536628484726,1.3645503520965576,278.22222900390625,1.3073450326919556,237.46327209472656,216.9975128173828,4.722828816738911e-05,1.312151551246643,300.0,0.3302836418151855,0.355200858993458
20190123.0,0.3796454966068268,0.3128605782985687,,,,,,,,,,,,,,,,,
20190124.0,0.3706642687320709,0.3155843615531921,0.4889622330665588,0.3515604138374328,0.329391211271286,0.3127200901508331,0.3860896527767181,10.0,0.1798536628484726,1.3645503520965576,279.4548645019531,1.3198602199554443,238.2598876953125,218.26348876953125,0.0025789190549403,1.1286557912826538,300.0,0.3287966251373291,0.3378336092011133
20190125.0,0.3633991479873657,,,,,,,,,,,,,,,,,,
20190126.0,0.3566504418849945,,,,,,,,,,,,,,,,,,
20190127.0,0.3511219024658203,0.3158124983310699,,0.3627057373523712,0.327246218919754,0.2750301957130432,0.2959074676036834,10.0,0.1798536628484726,1.3645503520965576,282.4519348144531,1.3387186527252195,239.99777221679688,221.49246215820312,0.0008523463620804,1.388266921043396,300.0,0.3303229212760925,0.3237894423788123
20190128.0,0.3448992967605591,0.311071515083313,,,,,,,,,,,,,,,,,
20190129.0,0.3422799408435821,0.316726803779602,,0.361064463853836,0.3292831182479858,0.3165364563465118,0.4063234329223633,10.0,0.1798536628484726,1.3645503520965576,283.1767578125,1.3513481616973877,240.5911407470703,221.73226928710932,0.0490485578775405,1.143067479133606,300.0,0.3308229148387909,0.3162208324074747
20190130.0,0.3384157121181488,0.315566748380661,,0.3511772155761719,0.303749144077301,,0.1662648469209671,10.0,0.1798536628484726,1.3645503520965576,283.4131774902344,1.357722282409668,244.01922607421875,227.5314483642578,0.1481135487556457,1.2223533391952517,300.0,0.3215306997299194,0.3124491674938466
20190131.0,0.3359947204589844,0.3120579421520233,,,,,,,,,,,,,,,,,
20190201.0,0.3321122527122497,0.3161014318466186,0.5130277276039124,0.3556495606899261,0.3165733516216278,0.2821654379367828,0.2923367917537689,10.0,0.1798536628484726,1.3645503520965576,284.6725769042969,1.3710157871246338,242.6676788330078,224.92691040039065,0.0404112376272678,1.1076740026474,300.0,0.3300683498382568,0.305349722216924
20190202.0,0.4073077738285064,0.319424957036972,,,,,,,,,,,,,,,,,
20190203.0,0.4232290089130401,0.3423771262168884,,,,0.5002627372741699,0.773186445236206,,,,,,,,,,,,
20190204.0,0.4246651530265808,0.3456284999847412,,0.3969244956970215,0.3969244956970215,,0.2884914577007293,10.0,0.1798536628484726,1.3645503520965576,280.82501220703125,1.3735696077346802,231.50369262695312,215.37136840820312,23.67661666870117,1.7175196409225464,300.0,0.3802420198917389,0.400516363680796
20190205.0,0.422134131193161,0.330139696598053,,,,,,,,,,,,,,,,,
20190206.0,0.4050828218460083,0.3215532600879669,0.5031214356422424,0.3969244956970215,0.3812649250030517,0.3791063725948334,,10.0,0.1798536628484726,1.3645503520965576,275.4287109375,1.370908498764038,232.53741455078125,214.7345733642578,0.0206743590533733,1.294442892074585,300.0,0.3625144362449646,0.374564722616275
20190207.0,0.3879104554653168,0.3185662925243377,0.4870021045207977,0.3969244956970215,0.3617758452892303,,,10.0,0.1798536628484726,1.3645503520965576,275.63299560546875,1.3694510459899902,233.722900390625,215.7001800537109,0.0343694016337394,1.113125562667847,300.0,0.3525495231151581,0.3683932543761199
20190208.0,0.378623753786087,0.3276239037513733,,,,,,,,,,,,,,,,,
20190209.0,0.4061399400234222,,0.5393209457397461,0.3969244956970215,0.3424036800861358,0.3840878307819366,,10.0,0.1798536628484726,1.3645503520965576,279.5540466308594,1.3665380477905271,236.8187255859375,220.77197265625,10.26496696472168,1.41543710231781,300.0,0.3529233038425445,0.3807309055825247
20190210.0,0.4233590960502624,0.3332956433296203,,,,,,,,,,,,,,,,,
20190211.0,0.3984171152114868,0.3228829503059387,,,,0.4387885928153991,,,,,,,,,,,,,
20190212.0,0.3839873373508453,0.3258992731571197,,0.3969244956970215,0.3569705188274383,,,10.0,0.1798536628484726,1.3645503520965576,276.87811279296875,1.3621728420257568,233.75244140625,216.12371826171875,0.0008523463038727,0.9355729222297668,300.0,0.3502503037452698,0.383973611725039
20190213.0,0.4097358584403991,0.3311154842376709,,,,,,,,,,,,,,,,,
20190214.0,0.4241152703762054,0.3595605492591858,0.5900651812553406,0.3969244956970215,0.3861257433891296,0.4028438925743103,0.4481337964534759,10.0,0.1798536628484726,1.3645503520965576,284.9677734375,1.359265923500061,234.32437133789065,214.47157287597656,35.60776901245117,2.7985165119171143,300.0,0.3947862982749939,0.43241
20190215.0,0.4231244325637817,,,0.3969244956970215,0.3969244956970215,,,10.0,0.1798536628484726,1.3645503520965576,280.63165283203125,1.357738018035889,231.66989135742188,216.97760009765625,18.90107536315918,2.025219917297364,300.0,0.380288302898407,0.43815
20190216.0,0.4231136739253998,,,,,0.4311968982219696,0.4199346899986267,,,,,,,,,,,,
20190217.0,0.4178044497966766,0.3347657024860382,0.5432716012001038,0.3969244956970215,0.3783541619777679,,,10.0,0.1798536628484726,1.3645503520965576,277.5101623535156,1.3537805080413818,232.2602996826172,214.7369842529297,11.178921699523926,1.2467838525772097,300.0,0.3699128627777099,0.4243699999999999
20190218.0,0.4105463027954101,0.3346087336540222,,,,,,,,,,,,,,,,,
20190219.0,0.3914294838905334,0.3257859349250793,,,,0.3115988969802856,,,,,,,,,,,,,
20190220.0,0.380174458026886,0.3209032118320465,0.5274716019630432,0.3842856287956238,0.369429737329483,,,10.0,0.1798536628484726,1.3645503520965576,278.63385009765625,1.378783106803894,232.91342163085932,212.64100646972656,1.235177516937256,1.717589259147644,300.0,0.3593838214874267,0.3821386120018693
20190221.0,0.3866523206233978,,,,,0.3494864106178283,,,,,,,,,,,,,
20190222.0,0.3701972365379333,0.3158053755760193,,0.3620208203792572,0.3871369659900665,,0.2439649701118469,10.0,0.1798536628484726,1.3645503520965576,277.1851501464844,1.4033721685409546,230.733139038086,207.27572631835932,0.0051706368103623,2.1060054302215576,300.0,0.3600568473339081,0.3790163057884617
20190223.0,0.3578873872756958,0.3121392726898193,,0.3816326856613159,0.3602610528469085,,,10.0,0.1798536628484726,1.3645503520965576,276.7803649902344,1.415959715843201,233.4686889648437,214.05848693847656,0.0030017681419849,1.8674161434173584,300.0,0.3564944565296173,0.3725830549548733
20190224.0,0.3488915562629699,0.3243685662746429,,,,0.3341724276542663,0.4264656603336334,,,,,,,,,,,,
20190225.0,0.343525618314743,0.3211902678012848,,0.3331077992916107,0.3351183235645294,,,10.0,0.1798536628484726,1.3645503520965576,281.402099609375,1.4412658214569092,238.732666015625,216.91339111328125,3.2472708225250244,0.8619157671928406,300.0,0.3328236639499664,0.365493055106534
20190226.0,0.4214627742767334,,,,,,0.5757622122764587,,,,,,,,,,,,
20190227.0,0.421421080827713,,,,,0.4909220933914184,0.5156407356262207,,,,,,,,,,,,
20190228.0,0.422334760427475,0.3519074320793152,0.5674021244049072,0.3969244956970215,0.3921493589878082,,,10.0,0.1798536628484726,1.3645503520965576,283.3021240234375,1.4795527458190918,235.41259765625,219.86720275878903,14.389199256896973,1.314648985862732,300.0,0.3713724613189697,0.4172741671862204
20190301.0,0.3986638784408569,0.3452697992324829,,,,0.4239508807659149,0.4094363152980804,,,,,,,,,,,,
20190302.0,0.4069701135158539,0.3467473983764648,0.5901845097541809,0.3969244956970215,0.3969244956970215,,,10.0,0.1798536628484726,1.3645503520965576,283.6068725585937,1.505295991897583,233.54884338378903,218.6290740966797,18.372615814208984,0.7788576483726501,300.0,0.3807709813117981,0.423
20190303.0,0.4269874095916748,0.3846537470817566,,0.3969244956970215,0.3969244956970215,,0.6445204019546509,10.0,0.1798536628484726,1.3645503520965576,284.4358215332031,1.5182558298110962,232.9003295898437,219.4832000732422,21.21034049987793,0.5312135219573975,300.0,0.3839537501335144,0.43743
20190304.0,0.4151280522346496,0.370614230632782,,,,0.3690906465053558,0.3729361891746521,,,,,,,,,,,,
20190305.0,0.3941027522087097,0.3373034298419952,0.5348518490791321,0.3969244956970215,0.3911596536636352,,,10.0,0.1798536628484726,1.3645503520965576,281.78466796875,1.5445804595947266,235.62570190429688,217.60934448242188,4.66867733001709,0.9865846037864684,300.0,0.3625637888908386,0.3979261115793386
20190306.0,0.4221140444278717,0.3478235304355621,,,,0.4688467383384704,0.491103857755661,,,,,,,,,,,,
20190307.0,0.4253985285758972,0.3664008677005768,,,,,,,,,,,,,,,,,
20190308.0,0.4190864562988281,0.3561424314975738,0.5247480273246765,0.3969244956970215,0.3790650963783264,,,10.0,0.1798536628484726,1.3645503520965576,280.89508056640625,1.574979305267334,235.81304931640625,219.2334899902344,5.615586280822754,2.1756112575531006,300.0,0.3703263401985168,0.4075608338830207
20190309.0,0.3927958607673645,0.3380824625492096,,,,0.3390252292156219,0.3413190245628357,,,,,,,,,,,,
20190310.0,0.4055057168006897,,0.5643104314804077,0.3969244956970215,0.3915393352508545,,,10.0,0.1798536628484726,1.3645503520965576,280.9317626953125,1.593008279800415,233.6942749023437,214.9602203369141,2.790936231613159,2.4643123149871826,300.0,0.3759959936141968,0.382945276910199
20190311.0,0.3813336789608001,0.3327279686927795,,0.3763370811939239,0.3444999754428863,0.3356272578239441,0.425824761390686,10.0,0.1798536628484726,1.3645503520965576,280.7856140136719,1.6019837856292725,238.0526123046875,220.03933715820312,0.0076726996339857,2.513746500015259,300.0,0.3581763207912445,0.373719443546401
20190312.0,0.3637101650238037,0.3282839655876159,,,,,0.2034669071435928,,,,,,,,,,,,
20190313.0,0.3698021173477173,0.3247407972812652,,0.3385376930236816,0.3662232458591461,,,10.0,0.1798536628484726,1.3645503520965576,281.27606201171875,1.6199955940246582,236.2014923095703,212.4164123535156,0.0005865165148861,3.369870662689209,300.0,0.3649119138717651,0.3577130305514433
20190314.0,0.3470332622528076,,,,,0.3084444999694824,0.335062712430954,,,,,,,,,,,,
20190315.0,0.3352451622486114,,,,,,,,,,,,,,,,,,
20190316.0,0.3252337574958801,,0.5144433975219727,0.350233644247055,0.3314435184001922,,0.4351939558982849,10.0,0.1798536628484726,1.3645503520965576,282.95635986328125,1.6471643447875977,240.82492065429688,221.6014709472656,0.0017285346984863,2.810615539550781,300.0,0.3528603017330169,0.3323352778784433
20190317.0,0.3158416450023651,,,,,0.2819019258022308,0.2554399371147156,,,,,,,,,,,,
20190318.0,0.307112455368042,0.3085830211639404,,0.3126395642757416,0.3030719757080078,,,10.0,0.1798536628484726,1.3645503520965576,286.05767822265625,1.6653773784637451,245.70172119140625,225.414794921875,0.0017046927241608,3.129108667373657,300.0,0.34056556224823,0.3143986118687523
20190319.0,0.2967229783535003,0.319482684135437,,0.3347796201705932,0.2976457774639129,0.2830938100814819,0.3072603642940521,10.0,0.1798536628484726,1.3645503520965576,287.1927490234375,1.6745359897613523,247.3775329589844,230.9147186279297,0.0012874602107331,2.429117202758789,300.0,0.3306403756141662,0.3071508311034573
20190320.0,0.3547505140304565,0.3130440711975097,,,,,,,,,,,,,,,,,
20190321.0,0.390204906463623,0.3355796039104461,0.4713826775550842,0.385229080915451,0.3140698671340942,,0.3221839070320129,10.0,0.1798536628484726,1.3645503520965576,283.1614074707031,1.6931777000427246,243.73678588867188,230.97447204589844,0.7653588056564331,2.334254026412964,300.0,0.3494198024272918,0.333941944394774
20190322.0,0.3598793148994446,,,,,0.2709130346775055,0.2741782963275909,,,,,,,,,,,,
20190323.0,0.4092134833335876,,,,,,,,,,,,,,,,,,
20190324.0,0.3938303887844085,0.315123975276947,0.5384416580200195,0.367423802614212,0.3315078616142273,0.3499860167503357,0.3200170993804931,10.0,0.1798536628484726,1.3645503520965576,283.17108154296875,1.7122409343719482,241.54544067382807,224.3940277099609,0.6032025814056396,2.5413687229156494,300.0,0.3572849333286285,0.386752779050006
20190325.0,0.3753012418746948,,,,,,,,,,,,,,,,,,
20190326.0,0.4038059115409851,0.3196746706962585,0.5440803170204163,0.3547601103782654,0.3245677947998047,,,10.0,0.1798536628484726,1.3645503520965576,285.9644775390625,1.7227264642715454,244.3369903564453,226.60025024414065,14.561079025268556,1.9362939596176147,300.0,0.3399702608585357,0.366805833353864
20190327.0,0.4271334707736969,,,0.3665254414081573,0.317790538072586,0.2658966183662414,0.3514511585235595,10.0,0.1798536628484726,1.3645503520965576,286.21124267578125,1.727912425994873,245.54086303710932,230.0342254638672,25.029664993286133,2.228554010391236,300.0,0.3494110107421875,0.3657166663825509
20190328.0,0.4119943678379059,,,,,,,,,,,,,,,,,,
20190329.0,0.4129924774169922,0.3227263689041137,0.5268424153327942,0.3818103373050689,0.3219240307807922,0.2790313065052032,0.4103213548660278,10.0,0.1798536628484726,1.3645503520965576,283.5335693359375,1.738303542137146,242.943359375,228.59454345703125,2.2155649662017822,2.932884454727173,300.0,0.3638110756874084,0.3758502780473233
20190330.0,0.3839946389198303,,,,,,0.1663869172334671,,,,,,,,,,,,
20190331.0,0.3664980232715606,0.3100435733795166,,,,,,,,,,,,,,,,,
20190401.0,0.3542896807193756,0.3215637505054474,0.5490148067474365,0.3150844275951385,0.3000785410404205,0.2707530856132507,0.2836695313453674,10.0,0.1798536628484726,1.3645503520965576,287.1134948730469,1.7539374828338623,247.4712829589844,228.0248413085937,3.103544950485229,2.0744781494140625,300.0,0.3318275213241577,0.3453947338592776
20190402.0,0.4180727303028106,0.328466385602951,,,,,,,,,,,,,,,,,
20190403.0,0.4170618653297424,,0.5375247001647949,0.3969244956970215,0.3358763456344604,,0.5292214751243591,10.0,0.1798536628484726,1.3645503520965576,286.28326416015625,1.7643916606903076,243.17694091796875,229.64028930664065,4.197850704193115,2.1806795597076416,300.0,0.3574792444705963,0.390463611604505
20190404.0,0.3935665190219879,0.3354414105415344,,,,,0.2908414006233215,,,,,,,,,,,,
20190405.0,0.392913818359375,0.3366709649562835,,,,,,,,,,,,,,,,,
20190406.0,0.4035331010818481,,0.5330121517181396,0.3461723029613495,0.3044322431087494,0.3364140093326568,0.3441877365112304,10.0,0.1798536628484726,1.3645503520965576,285.4652709960937,1.7804203033447266,245.868392944336,229.88198852539065,1.2530354261398315,2.611202955245972,300.0,0.3456335961818695,0.383112776697609
20190407.0,0.3816216588020324,0.3146088719367981,,,,,,,,,,,,,,,,,
20190408.0,0.3636430203914642,0.3109672367572784,,,,,0.6154972910881042,,,,,,,,,,,,
20190409.0,0.3797498047351837,0.3316679298877716,0.5463661551475525,0.3486519455909729,0.2965183854103088,0.29796302318573,0.2883083522319793,10.0,0.1798536628484726,1.3645503520965576,287.90380859375,1.7884159088134766,249.1945953369141,234.88864135742188,2.7226619720458984,3.528743028640747,300.0,0.3442592918872833,0.3495813907704086
20190410.0,0.3577856421470642,,,,,,,,,,,,,,,,,,
20190411.0,0.336146742105484,0.2968393862247467,,0.2962467670440674,0.2699830234050751,0.2393175661563873,0.2579424381256103,10.0,0.1798536628484726,1.3645503520965576,285.0805358886719,1.7916984558105469,250.0166931152344,232.97824096679688,0.0020105573348701,3.287680625915528,300.0,0.3269079923629761,0.3272316665719617
20190412.0,0.3237262070178985,0.2929410636425018,,0.2919657528400421,0.262855976819992,,,10.0,0.1798536628484726,1.3645503520965576,285.75457763671875,1.7932806015014648,250.2496337890625,234.13653564453125,0.0008583068847656,4.200143814086914,300.0,0.3286927342414856,0.3171327795400883
20190413.0,0.3078410923480987,0.2934104800224304,,,,,,,,,,,,,,,,,
20190414.0,0.2965405881404876,0.2864716053009033,,0.2631193101406097,0.2423585057258606,0.2026945799589157,0.2138431966304779,10.0,0.1798536628484726,1.3645503520965576,287.69293212890625,1.7964463233947754,254.13638305664065,237.2167816162109,0.0008523463620804,3.619396209716797,300.0,0.3089767098426819,0.2953888860477343
20190415.0,0.2855414450168609,0.2920690774917602,,,,,,,,,,,,,,,,,
20190416.0,0.3336679935455322,,,,,0.2683816850185394,0.4044007658958435,,,,,,,,,,,,
20190417.0,0.3347219824790954,0.312528908252716,0.5222502946853638,0.3264700472354889,0.2785884141921997,,0.0903958231210708,10.0,0.1798536628484726,1.3645503520965576,286.4637451171875,1.801199197769165,249.00277709960932,235.3502960205078,0.0008523463038727,3.751811027526856,300.0,0.3381988406181335,0.3189541692197323
20190418.0,0.3086901009082794,0.2956162691116333,,,,,,,,,,,,,,,,,
20190419.0,0.2877649962902069,0.297765702009201,0.5082482695579529,0.265733391046524,0.248796597123146,0.1989446878433227,0.2543412446975708,10.0,0.1798536628484726,1.3645503520965576,291.6375427246094,1.804370880126953,255.16758728027344,236.70623779296875,0.003007840598002,3.8772518634796143,300.0,0.3120308816432953,0.2934802762684557
20190420.0,0.2710466086864471,0.2986137270927429,0.4959019422531128,0.2531191110610962,0.2292471379041671,,,10.0,0.1798536628484726,1.3645503520965576,289.64801025390625,1.806157112121582,257.47918701171875,242.12564086914065,0.0139727648347616,3.287245512008667,300.0,0.2873105704784393,0.2833491645705699
20190421.0,0.2588298320770263,0.2950067818164825,,,,,0.430188924074173,,,,,,,,,,,,
20190422.0,0.2443365454673767,0.2688621580600738,0.4246986210346222,0.2324040979146957,0.2121680229902267,,0.1659596562385559,10.0,0.1798536628484726,1.3645503520965576,288.84234619140625,1.8121339082717896,257.6944580078125,243.05230712890625,0.0008523463620804,4.733754634857178,300.0,0.2747517228126526,0.26005361071176
20190423.0,0.224502295255661,0.2753468751907348,,,,,,,,,,,,,,,,,
20190424.0,0.2104439437389373,0.2698700726032257,,,,0.17280113697052,0.2086245268583297,,,,,,,,,,,,
20190425.0,0.198118045926094,0.2841431498527527,0.4614104926586151,0.1885314881801605,0.1778056025505066,,,10.0,0.1798536628484726,1.3645503520965576,294.9875183105469,1.7396881580352783,265.94830322265625,250.8861846923828,0.0008819210343062,4.182836055755615,300.0,0.2312676012516021,0.189712499414881
20190426.0,0.1868780851364135,0.2777606546878814,,,,,0.2559587359428406,,,,,,,,,,,,
20190427.0,0.1765662282705307,0.2638528943061828,0.378233402967453,0.1897610276937484,0.1783966571092605,0.1172632649540901,0.1250648498535156,10.0,0.1798536628484726,1.3645503520965576,293.3350830078125,1.6721384525299072,265.4263000488281,251.4586181640625,0.0,3.896775722503662,300.0,0.2137995511293411,0.1636729170059165
20190428.0,0.1685113906860351,0.2502988576889038,,0.1781226992607116,0.1722698509693145,,,10.0,0.1798536628484726,1.3645503520965576,291.566650390625,1.638192653656006,264.841796875,254.42877197265625,0.0017245289636775,3.618473052978516,300.0,0.1937147825956344,0.152364583816131
20190429.0,0.1616818904876709,0.2593553066253662,,,,0.140603169798851,0.1868648380041122,,,,,,,,,,,,
20190430.0,0.1569134145975113,0.2614118158817291,0.3188890218734741,0.1444280594587326,0.1411164849996566,,,10.0,0.1798536628484726,1.3645503520965576,289.7020568847656,1.5711411237716677,268.11248779296875,254.19879150390625,0.1816317439079284,2.460044384002685,300.0,0.1644603013992309,0.133902083485325
20190501.0,0.1552909016609192,0.2592012286186218,,,,,,,,,,,,,,,,,
20190502.0,0.1484927982091903,0.2496322840452194,,,,0.0865437984466552,0.0763267949223518,,,,,,,,,,,,
20190503.0,0.1418613642454147,0.2478174567222595,,0.1337224692106247,0.135377749800682,,,10.0,0.1798536628484726,1.3645503520965576,291.3397521972656,1.472663164138794,268.0380859375,256.2686767578125,0.0012994059361517,3.4234321117401123,300.0,0.1556725800037384,0.1356486121217409
20190504.0,0.1363379061222076,0.2493839412927627,,,,0.1361456215381622,0.1644032150506973,,,,,,,,,,,,
20190505.0,0.1317132115364074,0.2372446805238723,,,,,0.0205999948084354,,,,,,,,,,,,
20190506.0,0.1314951926469802,0.2370300441980362,0.3898564577102661,0.1237996816635131,0.1297601759433746,,,10.0,0.1798536628484726,1.3645503520965576,289.78326416015625,1.3766181468963623,267.95513916015625,257.4775390625,0.2904013991355896,2.4704127311706543,300.0,0.1380164325237274,0.1130000001336137
20190507.0,0.1302219033241272,0.2420495599508285,,,,0.0782263651490211,0.0689413100481033,,,,,,,,,,,,
20190508.0,0.1278609335422516,0.2413667440414428,0.2697215378284454,0.1162033230066299,0.1178110986948013,,,10.0,0.1798536628484726,1.3645503520965576,292.5926208496094,1.3128573894500732,270.4389038085937,257.5999755859375,0.0102798314765095,2.734677791595459,300.0,0.1341225206851959,0.1044550012505386
20190509.0,0.125138059258461,0.2392241060733795,,,,,0.108401745557785,,,,,,,,,,,,
20190510.0,0.1231255456805229,0.2207008004188537,,,,,0.0575273893773555,,,,,,,,,,,,
20190511.0,0.120057076215744,0.2385974377393722,,0.1262887269258499,0.1331939846277237,,,10.0,0.1798536628484726,1.3645503520965576,293.91943359375,1.253420352935791,269.2528686523437,259.23541259765625,0.0,2.7863516807556152,300.0,0.136679321527481,0.0931713886774578
20190512.0,0.1184099093079567,0.2296096086502075,,,,0.0832557901740074,0.0916776061058044,,,,,,,,,,,,
20190513.0,0.1168896034359932,0.2284156829118728,0.24560546875,0.1133691370487213,0.1182800009846687,,,10.0,0.1798536628484726,1.3645503520965576,294.21160888671875,1.222848892211914,271.8868408203125,260.2334899902344,0.0008523463038727,2.839693069458008,300.0,0.1198822110891342,0.087216112312807
20190514.0,0.1156643107533454,0.221570685505867,,0.1014374494552612,0.1047587543725967,,0.1076998189091682,10.0,0.1798536628484726,1.3645503520965576,293.10040283203125,1.2079169750213623,273.26629638671875,260.80810546875,0.0008583068847656,2.345994710922241,300.0,0.1077049151062965,0.084454444407026
20190515.0,0.125321164727211,0.2159884124994278,,,,0.0481177903711795,0.0288705099374055,,,,,,,,,,,,
20190516.0,0.301559716463089,,,0.261563092470169,0.2276689112186432,,,10.0,0.1798536628484726,1.3645503520965576,288.0140380859375,1.1782596111297607,255.85012817382807,242.0125732421875,30.761302947998047,3.3822555541992188,300.0,0.2170669138431549,0.2077179229709363
20190517.0,0.3874057233333587,0.3153571188449859,,,,0.2514156997203827,0.2834864258766174,,,,,,,,,,,,
20190518.0,0.3389570415019989,0.3051398992538452,,,,,,,,,,,,,,,,,
20190519.0,0.4138728082180023,,0.5290254354476929,0.2908597588539123,0.2448020130395889,,,10.0,0.1798536628484726,1.3645503520965576,285.0075378417969,1.13429057598114,250.82278442382807,237.17156982421875,29.55975151062012,3.270027637481689,300.0,0.2517946064472198,0.312954292245736
20190520.0,0.4016111493110657,,,,,0.2217713594436645,0.2259285300970077,,,,,,,,,,,,
20190521.0,0.3940149247646332,0.3140133023262024,0.5097392201423645,0.2688949406147003,0.2374381572008133,,,10.0,0.1798536628484726,1.3645503520965576,285.24560546875,1.1053223609924316,251.61508178710932,234.72320556640625,12.782673835754396,3.133519411087036,300.0,0.2621989846229553,0.283267777984218
20190522.0,0.4166081547737121,,,0.265676736831665,0.2274471223354339,0.3002931773662567,0.3456526398658752,10.0,0.1798536628484726,1.3645503520965576,287.0765380859375,1.0909199714660645,252.40463256835932,238.31759643554688,8.24884033203125,4.129078388214111,300.0,0.2760658860206604,0.3297833337406315
20190523.0,0.3773068785667419,0.3194325566291809,,,,,0.0938444137573242,,,,,,,,,,,,
20190524.0,0.3609847128391266,0.2850476503372192,0.5056793093681335,0.261237233877182,0.2314675450325012,,,10.0,0.1798536628484726,1.3645503520965576,290.2897644042969,1.0620681047439575,253.6966552734375,236.1669006347656,0.1396436244249344,3.788608551025391,300.0,0.2732354998588562,0.302372777282397
20190525.0,0.3399613797664642,0.2901507616043091,,,,0.2266568839550018,0.231727048754692,,,,,,,,,,,,
20190526.0,0.3523840308189392,0.2784497737884521,,,,,,,,,,,,,,,,,
20190527.0,0.3759664893150329,,0.5270105004310608,0.2398553043603897,0.2113019078969955,,0.2715536952018738,10.0,0.1798536628484726,1.3645503520965576,286.7636413574219,1.0278918743133545,254.19918823242188,238.3110198974609,1.185686111450195,2.7413368225097656,300.0,0.2383093535900116,0.284646389951176
20190528.0,0.3518238663673401,0.3037262558937073,,,,,0.2048707604408264,,,,,,,,,,,,
20190529.0,0.3263806700706482,0.2910331189632416,0.5062443017959595,0.2102768123149871,0.1997985243797302,,,10.0,0.1798536628484726,1.3645503520965576,291.96246337890625,1.0074652433395386,258.3939514160156,236.6710662841797,0.0119598237797617,4.533586025238037,300.0,0.2361394166946411,0.2679369432311587
20190530.0,0.3044817745685577,0.2990329265594482,,0.218874379992485,0.1985518038272857,0.1964893788099289,0.2382580041885376,10.0,0.1798536628484726,1.3645503520965576,292.7991638183594,0.9973690509796144,259.5424194335937,241.6471405029297,0.2170254439115524,4.39188289642334,300.0,0.2274255454540252,0.25776472165068
20190531.0,0.2849707305431366,0.3052877187728882,,,,,,,,,,,,,,,,,
20190601.0,0.2659027278423309,0.310949444770813,0.485984742641449,0.2219882160425186,0.1978891938924789,,0.219183936715126,10.0,0.1798536628484726,1.3645503520965576,294.4162292480469,0.9772857427597046,260.8646850585937,244.5661163330078,0.0048768101260066,4.603996276855469,300.0,0.2183661460876464,0.2384427766287326
20190602.0,0.2478426545858383,0.2789797484874725,,,,0.1454602181911468,0.1426435112953186,,,,,,,,,,,,
20190603.0,0.2315450459718704,0.2571437060832977,,,,,,,,,,,,,,,,,
20190604.0,0.2154580056667328,0.2709344327449798,,0.1864420920610427,0.1715943664312362,0.1481655389070511,0.1882076412439346,10.0,0.1798536628484726,1.3645503520965576,297.2662353515625,0.947432816028595,266.15301513671875,249.0856475830078,0.0,4.930234432220459,300.0,0.1742239892482757,0.2123094451686406
20190605.0,0.1972350776195526,0.264876514673233,,,,,,,,,,,,,,,,,
20190606.0,0.1790353655815124,0.2484442293643951,0.3999956846237182,0.1639830768108368,0.153621107339859,,,10.0,0.1798536628484726,1.3645503520965576,296.7901916503906,0.9277121424674988,269.90411376953125,254.10385131835932,0.0017116228118538,4.809114456176758,300.0,0.1433670371770858,0.1939477779277826
20190607.0,0.1655949205160141,0.2380644232034683,,0.1540137380361557,0.1461421549320221,0.1085198819637298,0.1030304878950119,10.0,0.1798536628484726,1.3645503520965576,293.08013916015625,0.9179357886314392,268.4674377441406,253.79766845703125,0.0008414995390921,4.316591262817383,300.0,0.1289279758930206,0.1872941671759553
20190608.0,0.1542373299598693,0.2346037924289703,,,,,,,,,,,,,,,,,
20190609.0,0.1422911882400512,0.2256698757410049,0.3690883815288543,0.1362014561891555,0.1324711591005325,0.1129899322986602,0.1301919668912887,10.0,0.1798536628484726,1.3645503520965576,297.57080078125,0.8988442420959473,270.8543701171875,256.8269348144531,0.0008583068847656,4.567517280578613,300.0,0.1310450136661529,0.1761238888167009
20190610.0,0.1331409960985183,0.2308230400085449,,,,,0.0162968840450048,,,,,,,,,,,,
20190611.0,0.1261457204818725,0.2269600480794906,,,,,,,,,,,,,,,,,
20190612.0,0.1211300641298294,0.239861398935318,0.4434748291969299,0.127437025308609,0.1237659081816673,0.0939726680517196,0.0814539045095443,10.0,0.1798536628484726,1.3645503520965576,303.3529968261719,0.8585748076438904,276.8355407714844,261.4812927246094,0.0014084276044741,3.6724488735198975,300.0,0.0896045044064521,0.1618138896611
20190613.0,0.1184255927801132,0.2353329062461853,,,,,,,,,,,,,,,,,
20190614.0,0.1174406930804252,0.2219083756208419,,0.1232831478118896,0.1226506680250167,,0.0872829407453537,10.0,0.1798536628484726,1.3645503520965576,298.3245544433594,0.8291427493095398,274.7532958984375,261.3585510253906,0.0008523463620804,3.140063762664795,300.0,0.0919854789972305,0.1540113887812693
20190615.0,0.1164844259619712,0.20534548163414,,0.1028475016355514,0.1045782044529914,,0.0413220636546611,10.0,0.1798536628484726,1.3645503520965576,297.3031005859375,0.8144716620445251,276.739990234375,263.396240234375,0.0,2.8732669353485107,300.0,0.0794509276747703,0.1511775003447133
20190616.0,0.1159286201000213,0.200159877538681,,,,,,,,,,,,,,,,,
20190617.0,0.1151014640927314,0.2095156610012054,0.2477395236492157,0.1072428524494171,0.1067225784063339,0.0798015594482421,0.074434645473957,10.0,0.1798536628484726,1.3645503520965576,298.4494323730469,0.7853930592536926,276.0331420898437,261.6879577636719,0.0019683896098285,2.89706826210022,300.0,0.0832816362380981,0.1478722222626206
20190618.0,0.1139792427420616,0.2186768651008606,,,,,,,,,,,,,,,,,
20190619.0,0.1127312779426574,0.2247612178325653,,,,,0.0855739042162895,,,,,,,,,,,,
20190723.0,0.1071803644299507,0.1666400283575058,,,,0.061023686081171,0.0541398376226425,,,,,,,,,,,,
20190724.0,0.107283167541027,0.1667300760746002,0.2080828696489334,0.0990916565060615,0.100601315498352,,,10.0,0.1798536628484726,1.3645503520965576,302.35552978515625,0.5836904048919678,281.5375366210937,267.7398681640625,0.0004413947463035,2.149559497833252,300.0,0.0514497980475425,0.1105758336975839
20190725.0,0.1070547327399253,0.161594957113266,,0.0911471396684646,0.0993775129318237,,0.063020721077919,10.0,0.1798536628484726,1.3645503520965576,304.2863464355469,0.5809561014175415,282.70977783203125,271.08905029296875,0.0012755393981933,2.193885326385498,300.0,0.0441518947482109,0.1102508333974081
20190726.0,0.1069799289107322,0.1639944016933441,,,,0.0348366126418113,0.0227362904697656,,,,,,,,,,,,
20190727.0,0.1069897338747978,0.1596599817276001,,0.0977718159556388,0.0980394333600997,,,10.0,0.1798536628484726,1.3645503520965576,302.800048828125,0.5754205584526062,282.5828857421875,268.12664794921875,0.001712602796033,2.0530009269714355,300.0,0.0480802543461322,0.1087299997827741
20190728.0,0.1069531291723251,0.1636942327022552,,,,0.0700407475233078,0.05929746478796,,,,,,,,,,,,
20190729.0,0.1069247424602508,0.1679722219705581,,,,,,,,,,,,,,,,,
20190730.0,0.1069987341761589,0.1542208641767501,,0.0944666191935539,0.1007519736886024,,0.0695211663842201,10.0,0.1798536628484726,1.3645503520965576,299.47662353515625,0.5698109269142151,281.3251953125,269.3152160644531,0.000435113790445,1.7254871129989624,300.0,0.0488057285547256,0.1058783335687717
20190731.0,0.1070542410016059,0.1507628411054611,,,,0.0476085282862186,0.0319528803229332,,,,,,,,,,,,
20190801.0,0.1070606186985969,0.1416614949703216,0.1678465157747268,0.095534361898899,0.1021600887179374,,,10.0,0.1798536628484726,1.3645503520965576,299.9274597167969,0.5667464733123779,280.45196533203125,268.7481689453125,0.0009822980500757,1.6817749738693235,300.0,0.0490520931780338,0.104330000409782
20190802.0,0.1071125790476799,0.1432884931564331,,0.0885103195905685,0.0953171402215957,0.0652485117316246,0.0586565770208835,10.0,0.1798536628484726,1.3645503520965576,298.86376953125,0.5652354955673218,280.96990966796875,268.7154541015625,0.0041406210511922,1.628800630569458,300.0,0.0490180440247058,0.1036980557555623
20190803.0,0.107102520763874,0.1499452590942382,,,,,,,,,,,,,,,,,
20190804.0,0.1070367619395256,0.156079813838005,,0.1041747704148292,0.1124237701296806,,,10.0,0.1798536628484726,1.3645503520965576,301.6260070800781,0.562217116355896,279.7938842773437,269.45709228515625,0.0,1.775630235671997,300.0,0.0488068424165248,0.1036663890034624
20190805.0,0.1070221662521362,0.153180181980133,,,,0.0538378059864044,0.0343943610787391,,,,,,,,,,,,
20190806.0,0.1070489510893821,0.1483441889286041,,,,,,,,,,,,,,,,,
20190807.0,0.1070957854390144,0.1412723511457443,0.214416041970253,0.0900385975837707,0.0966912060976028,0.0577254742383956,0.0436719879508018,10.0,0.1798536628484726,1.3645503520965576,301.4434509277344,0.5576984286308289,282.3026123046875,269.9774780273437,0.0042996741831302,1.66580069065094,300.0,0.0448666140437126,0.1019805552946196
20190808.0,0.107075035572052,0.144125685095787,,,,,0.0161137729883193,,,,,,,,,,,,
20190809.0,0.1071069836616516,0.146239086985588,0.1763471961021423,0.0977207943797111,0.0988692715764045,,,10.0,0.1798536628484726,1.3645503520965576,297.3705139160156,0.5546918511390686,280.0321044921875,266.1435546875,0.0012934207916259,1.4276190996170044,300.0,0.0504963025450706,0.0994230552896526
20190810.0,0.1072422266006469,0.1515528708696365,,0.094768539071083,0.0977250635623931,0.0532231777906417,0.0399182103574276,10.0,0.1798536628484726,1.3645503520965576,298.2373962402344,0.5531831979751587,280.1160888671875,266.82012939453125,0.0972184315323829,1.2405195236206057,300.0,0.046327855437994,0.0992308332369723
20190811.0,0.1079150736331939,0.1479042470455169,,,,,,,,,,,,,,,,,
20190812.0,0.1074787676334381,0.142621248960495,0.1065128073096275,0.0976954996585846,0.1061218008399009,,0.0558488741517066,10.0,0.1798536628484726,1.3645503520965576,300.00018310546875,0.550082802772522,278.930419921875,268.27056884765625,0.0008583068847656,1.660821557044983,300.0,0.050228364765644,0.0984772224993839
20190813.0,0.1071911826729774,0.1465539038181305,,,,,0.0306405834853649,,,,,,,,,,,,
20190814.0,0.1070306226611137,0.1554021537303924,,,,,,,,,,,,,,,,,
20190815.0,0.106922335922718,0.1540738046169281,0.1383956968784332,0.1006665751338005,0.1059395521879196,0.06793013215065,0.0525833927094936,10.0,0.1798536628484726,1.3645503520965576,304.5666809082031,0.5483871698379517,282.43560791015625,270.44293212890625,0.0,1.7840888500213623,300.0,0.0400533080101013,0.0991838892470134
20190816.0,0.1068745404481887,0.1481495052576065,,,,,,,,,,,,,,,,,
20190817.0,0.1068724319338798,0.1408984214067459,0.0838605016469955,0.095168150961399,0.0973662212491035,,0.0657979100942611,10.0,0.1798536628484726,1.3645503520965576,302.6791381835937,0.5479951500892639,284.14129638671875,270.35040283203125,0.0,1.5593116283416748,300.0,0.0398506335914135,0.0977644446668028
20190818.0,0.1069332063198089,0.1335194259881973,,0.1134232506155967,0.1167720705270767,0.0508869253098964,0.0320444367825984,10.0,0.1798536628484726,1.3645503520965576,299.6443786621094,0.5478208661079407,279.25592041015625,267.3471374511719,0.0,1.3680540323257446,300.0,0.0471572242677211,0.0960830554313791
20190819.0,0.1070053428411483,0.1400814354419708,,,,,,,,,,,,,,,,,
20190820.0,0.1070600748062133,0.1628250330686569,0.093327060341835,0.0935523957014083,0.1014068275690078,0.0605796203017234,0.0554826520383358,10.0,0.1798536628484726,1.3645503520965576,297.9398193359375,0.5474721193313599,280.07916259765625,268.666259765625,0.0013001022161915,1.2760334014892578,300.0,0.0464563369750976,0.094640555261837
20190821.0,0.1070882156491279,0.1476194858551025,,,,,,,,,,,,,,,,,
20190822.0,0.1070692688226699,0.1464989483356475,,,,,,,,,,,,,,,,,
20190823.0,0.107003130018711,0.1493117809295654,0.1325957626104354,0.1063470989465713,0.1112095117568969,0.0665878728032112,0.056886501610279,10.0,0.1798536628484726,1.3645503520965576,303.092041015625,0.5469492077827454,280.9603881835937,269.175537109375,0.0012993812561035,1.5147961378097534,300.0,0.0407050475478172,0.0953472220934098
20190824.0,0.1069628819823265,0.1508819162845611,,,,,,,,,,,,,,,,,
20190825.0,0.1069427356123924,0.1539971083402633,0.1071770936250686,0.1076248437166214,0.1089719012379646,0.0492503345012664,0.0403454713523387,10.0,0.1798536628484726,1.3645503520965576,302.8533020019531,0.5466006994247437,281.3096923828125,267.77850341796875,0.0017174984095618,1.4972171783447266,300.0,0.0419198162853717,0.0945286107637485
20190826.0,0.1069107502698898,0.1517235934734344,,0.0852580070495605,0.0948835089802742,,0.0177617724984884,10.0,0.1798536628484726,1.3645503520965576,302.7012939453125,0.5464268326759338,283.75958251953125,272.21051025390625,0.0008697168668732,1.4732000827789309,300.0,0.0373022705316543,0.0943869442479146
20190827.0,0.1069008260965347,0.1438796073198318,,,,,,,,,,,,,,,,,
20190828.0,0.1069017648696899,0.1634693741798401,0.0869043096899986,0.1018056273460388,0.1041864082217216,0.0505191087722778,0.0427259132266044,10.0,0.1798536628484726,1.3645503520965576,301.8392639160156,0.5460840463638306,283.0052490234375,269.6607666015625,0.00171176972799,1.315227508544922,300.0,0.0372579656541347,0.093072777891523
20190829.0,0.1069562137126922,0.1454088538885116,,,,,,,,,,,,,,,,,
20190830.0,0.1070176884531974,0.1547425389289856,,,,,0.0611896105110645,,,,,,,,,,,,
20190831.0,0.1070111319422721,0.1467388868331909,0.1128116399049758,0.0913457199931144,0.1016866639256477,,0.0226752534508705,10.0,0.1798536628484726,1.3645503520965576,299.9209289550781,0.5454055666923523,280.88299560546875,270.18341064453125,0.0,1.3157789707183838,300.0,0.0419734828174114,0.0908994440575107
20190901.0,0.1069532707333564,0.1455765664577484,,,,,,,,,,,,,,,,,
20190902.0,0.1069242879748344,0.14925117790699,0.1039940267801284,0.1089453101158142,0.1083745658397674,0.0648231953382492,0.056917019188404,10.0,0.1798536628484726,1.3645503520965576,301.8274841308594,0.5449123382568359,281.4384155273437,266.8832397460937,0.0008523463620804,1.3245043754577637,300.0,0.0399945303797721,0.0906755552722679
20190903.0,0.1069206893444061,0.1468331962823867,0.1019095629453659,0.1041711121797561,0.1153000891208648,,,10.0,0.1798536628484726,1.3645503520965576,300.7038879394531,0.5446645617485046,280.10809326171875,271.091796875,0.0,1.258656620979309,300.0,0.0393661931157112,0.0897319442164566
20190904.0,0.1071668565273284,0.1493265330791473,,,,,0.0479140616953372,,,,,,,,,,,,
20190905.0,0.1076648980379104,0.1534946262836456,,0.0992299914360046,0.1025791466236114,0.0481721870601177,0.0299996957182884,10.0,0.1798536628484726,1.3645503520965576,301.0924377441406,0.5441690683364868,282.46307373046875,269.51385498046875,0.0015915125841274,1.164955973625183,300.0,0.0349479429423809,0.0891386112892627
20190906.0,0.107360802590847,0.1471201479434967,,,,,,,,,,,,,,,,,
20190907.0,0.1072026640176773,0.1491528749465942,,,,0.0646973028779029,0.0570390932261943,,,,,,,,,,,,
20190908.0,0.1072520613670349,0.13916876912117,0.1136095896363258,0.0989484637975692,0.1022237762808799,,,10.0,0.1798536628484726,1.3645503520965576,295.1352844238281,0.5434260368347168,278.9550476074219,266.12457275390625,0.0008583068847656,0.9348015189170836,300.0,0.0425437651574611,0.085465000036425
20190909.0,0.1072432026267051,0.1476260870695114,,,,,,,,,,,,,,,,,
20190910.0,0.1072179526090622,0.1441095024347305,0.0849572569131851,0.1000101268291473,0.1037467941641807,0.0581414848566055,0.0451063588261604,10.0,0.1798536628484726,1.3645503520965576,296.0250549316406,0.5429308414459229,278.12139892578125,265.5863037109375,0.000426173210144,0.9420837163925172,300.0,0.0439247041940689,0.0845155557265877
20190911.0,0.1071987152099609,0.146156832575798,0.1271991431713104,0.0948945134878158,0.1053295955061912,,,10.0,0.1798536628484726,1.3645503520965576,295.51251220703125,0.5426735281944275,277.3612670898437,267.30194091796875,0.0,1.014343500137329,300.0,0.04724583029747,0.0839988891087637
20190912.0,0.1071233600378036,0.1532489359378814,,,,0.0569540783762931,0.0437635444104671,,,,,,,,,,,,
20190913.0,0.1070140823721885,0.1464750617742538,0.0829737931489944,0.109341450035572,0.1143425479531288,,0.0154423657804727,10.0,0.1798536628484726,1.3645503520965576,299.5229187011719,0.5420414805412292,278.030029296875,266.63311767578125,0.0,1.2121087312698364,300.0,0.0445456020534038,0.0845719444403052
20190914.0,0.106942318379879,0.1493973582983017,,,,,,,,,,,,,,,,,
20190915.0,0.1069291010499,0.1476709246635437,,,,0.0450571477413177,0.0378124341368675,,,,,,,,,,,,
20190916.0,0.1597428172826767,0.1573203951120376,0.1063766255974769,0.098520241677761,0.1024769619107246,,,10.0,0.1798536628484726,1.3645503520965576,293.35107421875,0.5451078414916992,279.6304931640625,267.06005859375,16.946044921875,2.2666995525360107,300.0,0.0427465848624706,0.0912063889200157
20190917.0,0.2854271233081817,,,,,,0.2249824553728103,,,,,,,,,,,,
20190918.0,0.2527088224887848,0.190571591258049,0.2387896925210952,0.1879405677318573,0.1719426810741424,,0.1052583381533622,10.0,0.1798536628484726,1.3645503520965576,290.2505798339844,0.5481622219085693,265.88409423828125,247.4302215576172,4.137371063232422,2.0660593509674072,300.0,0.0846694260835647,0.1343149999403955
20190919.0,0.2665455639362335,0.192321315407753,0.2565667927265167,0.1907449662685394,0.1714313924312591,,,10.0,0.1798536628484726,1.3645503520965576,291.16131591796875,0.5497207641601562,264.9032287597656,250.9930419921875,0.3402494490146637,2.472555637359619,300.0,0.1007569804787635,0.1382425008270145
20190920.0,0.2338125854730606,0.2014169096946716,,,,0.1297845393419265,0.1353801041841507,,,,,,,,,,,,
20190921.0,0.2060752213001251,0.1874401122331619,,0.1699780374765396,0.1581370234489441,,,10.0,0.1798536628484726,1.3645503520965576,293.0059814453125,0.5528414249420166,267.87408447265625,248.6080322265625,0.0,2.455653667449951,300.0,0.086417056620121,0.132503889131281
20190922.0,0.1848951876163482,0.1956202536821365,,,,,0.1153294444084167,,,,,,,,,,,,
20190923.0,0.1682398170232772,0.1646945029497146,,,,0.0885131359100341,0.0876796767115593,,,,,,,,,,,,
20190924.0,0.1522977799177169,0.1753068715333938,0.2239952087402343,0.1605328321456909,0.1496335417032241,,,10.0,0.1798536628484726,1.3645503520965576,296.1965026855469,0.5575323104858398,271.29345703125,254.87838745117188,0.000426173210144,2.1494572162628174,300.0,0.0932496264576911,0.1256155557189716
20190925.0,0.1381048858165741,0.1918086260557174,,,,0.0987508296966552,0.1068147867918014,,,,,,,,,,,,
20190926.0,0.1272895634174347,0.1880004703998565,0.1851426661014557,0.1497726440429687,0.1429532170295715,,,10.0,0.1798536628484726,1.3645503520965576,299.2113647460937,0.5606659650802612,274.85894775390625,261.5163269042969,0.0,1.499153971672058,300.0,0.060824017971754,0.1233533335649636
20190927.0,0.1216250658035278,0.1759355515241623,,0.1341051310300827,0.1324959993362426,,,10.0,0.1798536628484726,1.3645503520965576,295.4995422363281,0.5622618198394775,275.0000305175781,262.8125,0.0072758025489747,0.9602092504501344,300.0,0.053912628442049,0.1209700001947086
20190928.0,0.1194844841957092,0.1734620481729507,,,,0.0776586160063743,0.0656758323311805,,,,,,,,,,,,
20190929.0,0.1217438206076622,0.1633397936820984,0.1560640484094619,0.1459855139255523,0.1420403718948364,,,10.0,0.1798536628484726,1.3645503520965576,288.39996337890625,0.5657826662063599,268.867431640625,257.33154296875,0.3660878539085388,0.8638965487480164,300.0,0.0646178722381591,0.1151413894316223
20190930.0,0.1450209766626358,0.174715518951416,,,,0.0635910779237747,0.0610980577766895,,,,,,,,,,,,
20191001.0,0.1544836312532425,0.1656819134950637,,,,,0.0245063640177249,,,,,,,,,,,,
20191002.0,0.145534262061119,0.1738816052675247,,0.130750760436058,0.1262636035680771,,,10.0,0.1798536628484726,1.3645503520965576,288.5370178222656,0.5599663257598877,269.4872131347656,254.57774353027344,0.0017142950091511,1.3293861150741575,300.0,0.0685386508703231,0.1103813889516392
20191003.0,0.1375671476125717,0.1754025220870971,,,,0.059439405798912,0.0576494634151458,,,,,,,,,,,,
20191004.0,0.1308183223009109,0.1657050848007202,,0.1175574511289596,0.1187316700816154,,,10.0,0.1798536628484726,1.3645503520965576,289.6541748046875,0.5533327460289001,271.23760986328125,258.769775390625,0.0,1.099833369255066,300.0,0.0628954395651817,0.1082663891104196
20191005.0,0.1254371702671051,0.1715774089097976,,0.1238777711987495,0.1228201612830162,,0.0683309435844421,10.0,0.1798536628484726,1.3645503520965576,290.3418273925781,0.5499438643455505,270.6165771484375,257.4627990722656,0.0008546130848117,1.1036101579666138,300.0,0.0662239491939544,0.1074402781436839
20191006.0,0.1207784116268158,0.1754698157310485,,,,,0.0394299142062664,,,,,,,,,,,,
20191007.0,0.1171139925718307,0.1655865311622619,0.1189041286706924,0.1254614889621734,0.1220404729247093,,,10.0,0.1798536628484726,1.3645503520965576,294.1802062988281,0.5431841611862183,273.0878295898437,258.2293701171875,0.0,1.0564193725585938,300.0,0.0656241327524185,0.1073602779562606
20191008.0,0.1144548282027244,0.1667779684066772,,,,0.0654249116778373,0.0554521307349205,,,,,,,,,,,,
20191009.0,0.1128266453742981,0.1546831727027893,,,,,,,,,,,,,,,,,
20191010.0,0.1118650957942009,0.1578773260116577,0.1178925558924675,0.1217416301369667,0.123417928814888,,,10.0,0.1798536628484726,1.3645503520965576,290.2444763183594,0.5330896377563477,271.52459716796875,259.74560546875,0.0012904404429718,0.8589762449264526,300.0,0.0576135516166687,0.1023327777367166
20191011.0,0.1110099181532859,0.1640899777412414,,,,0.042606096714735,0.030671102926135,,,,,,,,,,,,
20191012.0,0.1104396060109138,0.1620614230632782,0.093154028058052,0.1136287301778793,0.1132813841104507,,,10.0,0.1798536628484726,1.3645503520965576,290.05767822265625,0.526390016078949,272.5475158691406,258.8259582519531,0.0017091408371925,0.757832407951355,300.0,0.0521501526236534,0.1006030560060674
20191013.0,0.1100245118141174,0.1637043505907058,0.1144295334815979,0.1200468242168426,0.1218178644776344,0.0594581663608551,0.058137759566307,10.0,0.1798536628484726,1.3645503520965576,290.3124389648437,0.5230373740196228,271.448486328125,259.5722351074219,0.0,0.7428799271583557,300.0,0.0540894865989685,0.0997055557227798
20191014.0,0.1096971407532692,0.158065989613533,,,,,,,,,,,,,,,,,
20191015.0,0.1094919443130493,0.1557663977146148,0.0802918523550033,0.1080412343144416,0.1137440502643585,,,10.0,0.1798536628484726,1.3645503520965576,289.6730041503906,0.5162087678909302,271.96710205078125,260.9526672363281,0.0,0.6735498309135437,300.0,0.0482786893844604,0.0975841668847202
20191016.0,0.1093081161379814,0.1558264046907425,,,,0.0481226034462451,0.0391857661306858,,,,,,,,,,,,
20191017.0,0.1175095960497856,0.1636750549077987,,,,,,,,,,,,,,,,,
20191018.0,0.1269736737012863,0.1553141772747039,0.1120791062712669,0.1133288368582725,0.1142462044954299,0.0404378287494182,0.0336619168519973,10.0,0.1798536628484726,1.3645503520965576,288.1138610839844,0.5108264684677124,271.2820129394531,258.2787475585937,0.000435113790445,0.7883040904998779,300.0,0.0522403791546821,0.0947191662284068
20191019.0,0.1234471872448921,0.1568395644426345,,,,,,,,,,,,,,,,,
20191020.0,0.1239847093820571,0.1678495407104492,0.1128421053290367,0.116748422384262,0.1181132271885871,,,10.0,0.1798536628484726,1.3645503520965576,288.57928466796875,0.5084516406059265,270.8316345214844,258.32342529296875,0.0710920616984367,0.7666857242584229,300.0,0.0535510554909706,0.0930963890119061
20191021.0,0.1205986738204956,0.1592064946889877,,0.1035409122705459,0.1049027293920517,0.0457193404436111,0.045381024479866,10.0,0.1798536628484726,1.3645503520965576,290.4028625488281,0.507300615310669,273.5672607421875,260.22967529296875,0.0,0.8486089706420898,300.0,0.0512586534023284,0.0928344443000687
20191022.0,0.1171087250113487,0.1647808998823166,,,,,,,,,,,,,,,,,
20191023.0,0.114673838019371,0.1643934100866317,,0.1180053874850273,0.1187764629721641,,0.0477614663541317,10.0,0.1798536628484726,1.3645503520965576,291.823974609375,0.5050007700920105,273.2503662109375,260.3660888671875,0.0008523463038727,0.7652173042297363,300.0,0.0515718460083007,0.0926769445028902
20191024.0,0.1126772984862327,0.1624010801315307,,,,,0.0231330301612615,,,,,,,,,,,,
20191025.0,0.1110825836658477,0.160643920302391,,,,,,,,,,,,,,,,,
20191026.0,0.1101629808545112,0.1536261141300201,0.0903263166546821,0.1213550120592117,0.1255598813295364,0.0517631247639656,0.0446180626749992,10.0,0.1798536628484726,1.3645503520965576,291.8724060058594,0.501556396484375,272.8785400390625,262.2005920410156,0.0,0.6731229424476624,300.0,0.0476164817810058,0.0907850002773272
20191027.0,0.1096146479249,0.1628593653440475,,,,,,,,,,,,,,,,,
20191028.0,0.1093365773558616,,0.0746982917189598,0.1095419600605964,0.1088631972670555,,0.0296334736049175,10.0,0.1798536628484726,1.3645503520965576,286.12176513671875,0.4992638826370239,272.1624755859375,258.0430908203125,0.0017195938853546,0.5278881192207336,300.0,0.0342268422245979,0.0865380556658241
20191029.0,0.1092030853033065,,0.0778838247060775,0.0982858091592788,0.1039346382021904,0.0330855697393417,0.0254524368792772,10.0,0.1798536628484726,1.3645503520965576,284.8739929199219,0.4980575442314148,271.7874450683594,260.2159729003906,0.0008583068847656,0.4937814772129059,300.0,0.0301737729460001,0.0853830553032291
20191030.0,0.1090532764792442,,,,,,,,,,,,,,,,,,
20191031.0,0.1089309081435203,,0.069654494524002,0.1125743016600608,0.1160017624497413,0.0594927594065666,0.0521866530179977,10.0,0.1798536628484726,1.3645503520965576,285.4607849121094,0.4949141144752502,268.9027099609375,257.13018798828125,0.0,0.4893961250782013,300.0,0.040513165295124,0.0836902779266238
20191101.0,0.1088381633162498,0.1647752821445465,,,,,,,,,,,,,,,,,
20191102.0,0.1087452098727226,0.1572419852018356,,,,,,,,,,,,,,,,,
20191103.0,0.1086275950074195,0.1648411750793457,0.0823492854833602,0.114469826221466,0.1136549115180969,0.0468679741024971,0.0336313992738723,10.0,0.1798536628484726,1.3645503520965576,287.0815124511719,0.51534104347229,269.9725341796875,256.0740051269531,0.0,0.4888083338737488,300.0,0.0425904616713523,0.0829599998595151
20191104.0,0.1085388511419296,0.1670095324516296,,,,,,,,,,,,,,,,,
20191105.0,0.1084573864936828,0.1657560914754867,0.0751824155449867,0.1151279211044311,0.1189798563718795,0.0519390366971492,0.0398571752011776,10.0,0.1798536628484726,1.3645503520965576,288.438720703125,0.5354800820350647,270.0685119628906,258.65631103515625,0.0012934207916259,0.5048041343688965,300.0,0.0451174080371856,0.0829250000191231
20191106.0,0.1083643436431884,0.1582928299903869,0.0736132711172103,0.1091407611966133,0.1108703464269638,,0.0152897732332348,10.0,0.1798536628484726,1.3645503520965576,288.41925048828125,0.545819878578186,272.0280456542969,259.10662841796875,0.0,0.4521474242210388,300.0,0.037644263356924,0.0828461112997763
20191107.0,0.1083284094929695,0.1655421108007431,,,,,,,,,,,,,,,,,
20191108.0,0.1082837358117103,0.1617177128791809,,,,0.0451135821640491,0.0361339151859283,,,,,,,,,,,,
20191109.0,0.1082573011517524,0.1653060019016266,,,,,,,,,,,,,,,,,
20191110.0,0.1082550287246704,0.16282819211483,,,,,0.0622272416949272,,,,,,,,,,,,
20191111.0,0.1082699447870254,0.1621891856193542,0.0790381729602813,0.1143025979399681,0.1148396506905555,,0.0220343638211488,10.0,0.1798536628484726,1.3645503520965576,287.7962951660156,0.5983684062957764,271.2655029296875,257.9882202148437,0.0008583068847656,0.4123892784118652,300.0,0.0391017869114875,0.0813388888942698
20191112.0,0.1082192212343216,0.1674856543540954,,,,,,,,,,,,,,,,,
20191113.0,0.1081370934844017,0.1710379421710968,0.0760392546653747,0.1184811443090438,0.1156650707125663,0.0564371049404144,0.0491653196513652,10.0,0.1798536628484726,1.3645503520965576,288.1183166503906,0.6197842359542847,271.9024658203125,256.8724365234375,0.0,0.3418410122394562,300.0,0.0367079973220825,0.0807841666739516
20191114.0,0.1081658527255058,0.1753927767276764,0.0947091951966285,0.1112110689282417,0.1190327405929565,,,10.0,0.1798536628484726,1.3645503520965576,288.14459228515625,0.6305803060531616,271.10272216796875,261.0549011230469,0.001710653072223,0.286720871925354,300.0,0.0345616862177848,0.0807677777942518
20191115.0,0.1083248481154441,0.165542185306549,,,,,0.0496536158025264,,,,,,,,,,,,
20191116.0,0.1084844470024108,0.1681905537843704,0.0828605890274047,0.1108065620064735,0.1114260554313659,0.0424243621528148,0.0268868077546358,10.0,0.1798536628484726,1.3645503520965576,286.341064453125,0.6523783206939697,270.59234619140625,257.20977783203125,0.0025808811187744,0.2959027886390686,300.0,0.0350521579384803,0.0798033336303631
20191117.0,0.1085442975163459,0.1707613915205001,,,,,,,,,,,,,,,,,
20191118.0,0.1084620952606201,0.1853175610303878,,,,0.0660815313458442,0.0637836828827858,,,,,,,,,,,,
20191119.0,0.1084367334842681,0.1906053870916366,,0.1240607425570488,0.1242842748761177,,,10.0,0.1798536628484726,1.3645503520965576,287.0428771972656,0.6842452883720398,269.9669189453125,257.13458251953125,0.0266079064458608,0.2694250047206878,300.0,0.0396500006318092,0.0793766669266091
20191120.0,0.1093885079026222,0.1777616739273071,,,,,,,,,,,,,,,,,
20191121.0,0.1099470034241676,0.1793721169233322,0.091373972594738,0.1209807619452476,0.1201934218406677,0.0628964751958847,0.048677023500204,10.0,0.1798536628484726,1.3645503520965576,285.05352783203125,0.7054356336593628,269.14178466796875,255.5428771972656,0.0012814998626708,0.2870064973831177,300.0,0.038693182170391,0.0778305554259154
20191122.0,0.1098143458366394,0.1792999655008316,0.0891720429062843,0.1149509474635124,0.1158581748604774,,,10.0,0.1798536628484726,1.3645503520965576,285.23858642578125,0.7160981893539429,269.2055053710937,256.18670654296875,0.0012958482839167,0.2822276353836059,300.0,0.038812655955553,0.0773602779367235
20191123.0,0.1096844300627708,0.1839327365159988,,,,0.0511541850864887,0.0479445792734622,,,,,,,,,,,,
20191124.0,0.109513871371746,0.1887974739074707,0.0816504657268524,0.1198809593915939,0.1232161670923233,,0.0205389577895402,10.0,0.1798536628484726,1.3645503520965576,284.1817626953125,0.737576425075531,267.37127685546875,255.79835510253903,0.0008480990654788,0.3251844048500061,300.0,0.0445900745689868,0.0765013892389006
20191125.0,0.1093624830245971,,,,,,,,,,,,,,,,,,
20191126.0,0.1093302369117736,,,,,0.0465883985161781,0.0368968769907951,,,,,,,,,,,,
20191127.0,0.2660716772079468,,0.2824275195598602,0.2820561230182647,0.2404697388410568,,,10.0,0.1798536628484726,1.3645503520965576,278.2398681640625,0.7701765298843384,247.90399169921875,232.65252685546875,17.296138763427734,2.231332540512085,300.0,0.2009270191192627,0.0791373428198516
20191128.0,0.3351737856864929,,,,,0.1778980791568756,,,,,,,,,,,,,
20191129.0,0.3089804351329803,,0.2487540245056152,0.2251991331577301,0.2043661773204803,,,10.0,0.1798536628484726,1.3645503520965576,277.98760986328125,0.7921650409698486,251.64193725585932,234.1431427001953,1.0632436275482178,0.8266386389732361,300.0,0.1389896422624588,0.0945471742026443
20191130.0,0.2920064032077789,,,0.216705173254013,0.1975278556346893,,,10.0,0.1798536628484726,1.3645503520965576,277.1296081542969,0.8032462000846863,252.3115997314453,234.88705444335932,2.4973037242889404,1.0116780996322632,300.0,0.1393099278211593,0.0980600003264064
20191201.0,0.3847824931144714,,,,,0.2615509927272796,0.2885524928569793,,,,,,,,,,,,
20191202.0,0.4295383095741272,,0.3606623113155365,0.3620162606239319,0.2904392182826996,,,10.0,0.1798536628484726,1.3645503520965576,283.2946472167969,0.8256862163543701,241.99420166015625,227.1836853027344,46.309814453125,2.747279405593872,300.0,0.3084127008914947,0.3066769437722367
20191203.0,0.4071031510829925,0.3022821545600891,,,,,0.5654469728469849,,,,,,,,,,,,
20191204.0,0.4021551609039306,0.2848568856716156,,,,0.2340971380472183,0.2500381469726562,,,,,,,,,,,,
20191205.0,0.413811445236206,,0.384852260351181,0.3343442380428314,0.270826131105423,,,10.0,0.1798536628484726,1.3645503520965576,284.5619506835937,0.8554317951202393,245.5776214599609,231.04757690429688,3.037856340408325,1.1285260915756226,300.0,0.2852009832859039,0.3392291672057577
20191206.0,0.384806752204895,,,,,0.2838962376117706,0.28180792927742,,,,,,,,,,,,
20191207.0,0.4094896912574768,0.3028902411460876,0.4052097201347351,0.3674085140228271,0.3054178357124328,,,10.0,0.1798536628484726,1.3645503520965576,286.5054626464844,0.8743752837181091,242.67369079589844,225.8828582763672,36.91883850097656,2.163733720779419,300.0,0.3041957914829254,0.3538650006616115
20191208.0,0.4282282888889313,0.3270778954029083,,0.3342500627040863,0.284742534160614,,,10.0,0.1798536628484726,1.3645503520965576,285.58514404296875,0.8838683366775513,245.18048095703125,227.9193725585937,37.77280044555664,1.4372313022613523,300.0,0.2758243381977081,0.3709791680276393
20191209.0,0.4021836817264557,0.3229228556156158,,,,0.2700038552284241,0.2757652401924133,,,,,,,,,,,,
20191210.0,0.3849583268165588,0.2907040417194366,0.3423827588558197,0.3554145693778991,0.2954431176185608,,,10.0,0.1798536628484726,1.3645503520965576,282.2604675292969,0.9029598236083984,241.846435546875,225.6116180419922,0.0118146138265728,0.6830884218215942,300.0,0.3110985457897186,0.334940555138323
20191211.0,0.3902485966682434,0.3046578168869018,,,,0.2810635268688202,0.282204657793045,,,,,,,,,,,,
20191212.0,0.4026278853416443,,,,,,0.201452687382698,,,,,,,,,,,,
20191213.0,0.3993566632270813,0.3065944015979767,0.3338352739810943,0.3286350071430206,0.283650279045105,,,10.0,0.1798536628484726,1.3645503520965576,284.4556884765625,0.9318605661392212,245.5521697998047,228.04806518554688,3.308626890182495,0.1436083018779754,300.0,0.2991403341293335,0.3306862311150247
20191214.0,0.4146014451980591,0.3151124715805053,,,,0.2613170742988586,0.286965548992157,,,,,,,,,,,,
20191215.0,0.3970168530941009,,,0.3401219248771667,0.2958492636680603,,,10.0,0.1798536628484726,1.3645503520965576,280.67938232421875,0.9513034224510192,242.8470764160156,224.97415161132807,0.7820410132408142,1.2102429866790771,300.0,0.3004453480243683,0.3351408328180843
20191216.0,0.3806357979774475,0.2911036908626556,,0.3417810499668121,0.2971914410591125,0.2473873943090438,0.2895290851593017,10.0,0.1798536628484726,1.3645503520965576,277.4936828613281,0.9611031413078308,240.8392333984375,223.09637451171875,0.0012874602107331,0.9718615412712096,300.0,0.2958990931510925,0.327955002273586
20191217.0,0.3706057369709015,0.2875995934009552,,,,,0.1898251324892044,,,,,,,,,,,,
20191218.0,0.3702073395252228,,0.3303469121456146,0.2925871014595032,0.2734836339950561,,,10.0,0.1798536628484726,1.3645503520965576,279.9287414550781,0.9811171293258668,243.64242553710932,223.0790252685547,2.5405585765838623,1.683073878288269,300.0,0.297635018825531,0.3211283324160843
20191219.0,0.3702467381954193,0.3109356760978699,,,,0.2833809554576874,0.2982573807239532,,,,,,,,,,,,
20191220.0,0.3614985048770904,0.2999415695667267,,,,,,,,,,,,,,,,,
20191221.0,0.3540148437023163,0.2995994091033935,0.3423411250114441,0.3262176215648651,0.2837358713150024,,0.4581438601016998,10.0,0.1798536628484726,1.3645503520965576,281.4790344238281,1.00078022480011,243.60186767578125,226.12765502929688,0.0,0.9495089054107666,300.0,0.2994617819786072,0.3124788906333179
20191222.0,0.3677031695842743,,,,,0.2543626129627228,0.2312997877597808,,,,,,,,,,,,
20191223.0,0.4101860821247101,,0.3427395224571228,0.3343850076198578,0.2907290756702423,,,10.0,0.1798536628484726,1.3645503520965576,281.0003967285156,1.011298418045044,242.4927520751953,224.9369354248047,3.463170528411865,0.8683915734291077,300.0,0.3039155304431915,0.3339944447120029
20191224.0,0.3882449567317962,0.2947090566158294,,0.3285214900970459,0.2831924557685852,0.3057209551334381,0.2840357720851898,10.0,0.1798536628484726,1.3645503520965576,280.8360595703125,1.0164940357208252,242.746337890625,225.7869873046875,0.1344591528177261,0.7735843658447266,300.0,0.3031365871429443,0.3255883359334203
20191225.0,0.3869945406913757,,,,,,,,,,,,,,,,,,
20191226.0,0.3825832605361938,,0.3376066088676452,0.3290856182575226,0.2898401618003845,,0.574968695640564,10.0,0.1798536628484726,1.3645503520965576,278.7386474609375,1.0269140005111694,241.50518798828125,223.55160522460932,0.0374632664024829,1.077213168144226,300.0,0.3045500218868255,0.3154344449835353
20191227.0,0.3699824213981628,,,,,0.2428694367408752,0.2388378530740738,,,,,,,,,,,,
20191228.0,0.362545758485794,,,,,,,,,,,,,,,,,,
20191229.0,0.3574277758598327,0.2905111014842987,0.3246405124664306,0.3317885994911194,0.2911620736122131,0.2825194299221039,0.2687154710292816,10.0,0.1798536628484726,1.3645503520965576,278.5959777832031,1.0425338745117188,241.37808227539065,223.6849975585937,0.103213720023632,0.7426134943962097,300.0,0.3001438975334167,0.304544444782204
20191230.0,0.3797527849674225,0.2949901819229126,,,,,,,,,,,,,,,,,
20191231.0,0.3674724698066711,0.2783628404140472,,0.3117743134498596,0.2856342494487762,,,10.0,0.1798536628484726,1.3645503520965576,278.7148132324219,1.0519068241119385,242.164306640625,222.7528381347656,0.0008523463038727,0.7935054898262024,300.0,0.2949877381324768,0.2990869463706676
20200101.0,0.3590045273303985,,0.3077504634857178,0.3133423030376434,0.2741473019123077,0.2174056470394134,0.2683797776699066,10.0,0.1798536628484726,1.3645503520965576,279.5057983398437,1.06003737449646,243.5448608398437,226.4774780273437,0.0021398065146058,0.7373325824737549,300.0,0.2906513512134552,0.296809722925557
20200102.0,0.3534885346889496,,,,,,,,,,,,,,,,,,
20200103.0,0.3474761247634887,0.2772228717803955,,0.3255639672279358,0.2805328071117401,0.2607464790344238,0.3644825518131256,10.0,0.1798536628484726,1.3645503520965576,280.0927124023437,1.0997897386550903,243.77294921875,227.3063201904297,0.0017046927241608,0.9216050505638124,300.0,0.2980212271213531,0.2916461097233163
20200104.0,0.3440826535224914,,,,,,0.1783196479082107,,,,,,,,,,,,
20200105.0,0.3430341482162475,0.2942149043083191,,,,,,,,,,,,,,,,,
20200106.0,0.3384778499603271,,0.2998006641864776,0.3166475594043731,0.2797779142856598,0.2252335995435714,0.2503433227539062,10.0,0.1798536628484726,1.3645503520965576,279.0402526855469,1.1616854667663574,243.14068603515625,225.6406707763672,0.0008523463038727,0.966755747795105,300.0,0.3005563616752624,0.2858647212105987
20200107.0,0.3347153067588806,,,,,,,,,,,,,,,,,,
20200108.0,0.3499226570129394,0.293074756860733,,0.2899032831192016,0.2565184235572815,,0.2989593148231506,10.0,0.1798536628484726,1.3645503520965576,280.3525085449219,1.2039859294891355,246.16751098632807,229.1675720214844,2.857704162597656,0.5864567756652832,300.0,0.2853034138679504,0.2823138902856243
20200109.0,0.378545880317688,,,0.3936894536018371,0.3237257897853851,,0.2617267370223999,10.0,0.1798536628484726,1.3645503520965576,280.547607421875,1.2253475189208984,238.75015258789065,223.2564239501953,7.873772621154785,0.8522309064865112,300.0,0.3390048146247864,0.3247155571258069
20200110.0,0.3800335228443146,0.3094962537288666,,,,,,,,,,,,,,,,,
20200111.0,0.3798602819442749,0.3182038068771362,,0.3089758455753326,0.274779349565506,0.3008177876472473,0.2945646643638611,10.0,0.1798536628484726,1.3645503520965576,279.4744567871094,1.2684943675994873,243.5379943847656,225.74078369140625,3.9841291904449454,0.8871877789497375,300.0,0.3079678118228912,0.3229324997880723
20200112.0,0.3790689706802368,0.3191561996936798,,,,,,,,,,,,,,,,,
20200113.0,0.3741080462932586,0.3146960437297821,,,,,0.2554704546928406,,,,,,,,,,,,
20200114.0,0.3863941431045532,0.3304320573806762,,0.3091287016868591,0.2706312239170074,0.326846569776535,0.2708212435245514,10.0,0.1798536628484726,1.3645503520965576,281.23565673828125,1.3344151973724363,244.51272583007807,227.4993438720703,4.322924137115479,1.3361585140228271,300.0,0.3136520981788635,0.3120405554509163
20200115.0,0.3785160183906555,,,,,,,,,,,,,,,,,,
20200116.0,0.3783785104751587,0.303496778011322,0.3511976897716522,0.2866060435771942,0.2726117670536041,0.2895138263702392,0.2749717831611633,10.0,0.1798536628484726,1.3645503520965576,278.1566162109375,1.381002426147461,243.19851684570312,222.3170166015625,12.499754905700684,0.6885705590248108,300.0,0.309396356344223,0.3282766672415203
20200117.0,0.4168067276477813,,,0.3766151964664459,0.3026609420776367,,,10.0,0.1798536628484726,1.3645503520965576,278.62957763671875,1.3984057903289795,239.591796875,225.67803955078125,4.745629787445068,1.1103243827819824,300.0,0.3388714790344238,0.3431747218890986
20200118.0,0.3929034173488617,0.3139813542366028,,,,,,,,,,,,,,,,,
20200119.0,0.380832701921463,0.3043927848339081,0.3204967081546783,0.323999285697937,0.2974545359611511,0.2471561431884765,0.28180792927742,10.0,0.1798536628484726,1.3645503520965576,279.5085144042969,1.3919888734817505,240.4603881835937,221.16378784179688,0.0008523463038727,0.7502599358558655,300.0,0.318135917186737,0.3224455565781063
20200120.0,0.3737241625785827,0.3132418394088745,,,,,,,,,,,,,,,,,
20200121.0,0.3694317638874054,0.3287729620933532,,,,0.2905060052871704,0.330362856388092,,,,,,,,,,,,
20200122.0,0.4009869396686554,0.3315432667732239,0.364326536655426,0.3114078938961029,0.2677514851093292,,0.1882992088794708,10.0,0.1798536628484726,1.3645503520965576,283.96417236328125,1.3802111148834229,244.96356201171875,229.4405212402344,5.520998477935791,1.0562752485275269,300.0,0.3200100362300873,0.3157780421582053
20200123.0,0.3867515325546264,0.3264664113521576,,,,,,,,,,,,,,,,,
20200124.0,0.3812423050403595,0.3088560998439789,0.3488310277462005,0.3088453412055969,0.2824664115905761,0.2695229351520538,0.3025299906730652,10.0,0.1798536628484726,1.3645503520965576,282.8035888671875,1.371802568435669,244.6846160888672,225.84527587890625,0.9987990856170654,1.0409942865371704,300.0,0.3149171769618988,0.3114827785559497
20200125.0,0.3725549280643463,0.3279605507850647,,0.313055008649826,0.2806128561496734,,,10.0,0.1798536628484726,1.3645503520965576,284.74853515625,1.3676059246063232,245.216552734375,227.36703491210932,0.0524333640933036,1.0658293962478638,300.0,0.3197773396968841,0.3078355521617333
20200126.0,0.4070266783237457,0.3382518291473388,,,,,0.4889675676822662,,,,,,,,,,,,
20200127.0,0.4014658033847809,0.3436682522296905,,,,,0.2285531163215637,,,,,,,,,,,,
20200128.0,0.388901948928833,0.3185503184795379,,,,,,,,,,,,,,,,,
20200129.0,0.3854928910732269,0.3070548772811889,,,,0.2872197329998016,0.2986846566200256,,,,,,,,,,,,
20200130.0,0.3732620477676391,,,0.3427974581718445,0.3056128621101379,,,10.0,0.1798536628484726,1.3645503520965576,282.16766357421875,1.3466620445251465,242.4661407470703,224.7423858642578,0.0008523463038727,1.3003296852111816,300.0,0.3230724930763244,0.3168005554582013
20200131.0,0.3660225570201874,0.3115340173244476,,,,,0.3334757387638092,,,,,,,,,,,,
20200201.0,0.3611904382705688,0.3137577474117279,0.3873960375785827,0.3556421995162964,0.3018207550048828,0.267861008644104,0.2656941413879394,10.0,0.1798536628484726,1.3645503520965576,282.7659912109375,1.3378562927246094,243.454833984375,227.9632873535156,0.0259089265018701,1.0917816162109375,300.0,0.3235601186752319,0.3073527778493033
20200202.0,0.3578035235404968,0.3136644959449768,,0.3388418555259704,0.2932628989219665,,,10.0,0.1798536628484726,1.3645503520965576,281.6350402832031,1.334890365600586,244.98355102539065,228.86346435546875,0.727689802646637,1.116093397140503,300.0,0.3128767609596252,0.3030591656593483
20200203.0,0.3553128540515899,0.2971651554107666,,,,0.2690379619598388,0.2863856852054596,,,,,,,,,,,,
20200204.0,0.3414977490901947,,0.3677182197570801,0.3308461010456085,0.3172602653503418,,,10.0,0.1798536628484726,1.3645503520965576,277.0089416503906,1.3386142253875732,238.6136474609375,218.29721069335932,0.0,2.007615327835083,300.0,0.3354524672031402,0.2937188892865843
20200205.0,0.3351854979991913,0.3131788074970245,,,,,,,,,,,,,,,,,
20200206.0,0.3308842480182647,0.3056190609931946,,,,0.2105683088302612,0.2403637766838073,,,,,,,,,,,,
20200207.0,0.3271076083183288,0.3047636151313782,0.3515887856483459,0.3267954289913177,0.2986210882663727,,,10.0,0.1798536628484726,1.3645503520965576,280.4850769042969,1.3447192907333374,242.128662109375,223.7221069335937,0.0,1.3924953937530518,300.0,0.3203700184822082,0.2841458325283393
20200208.0,0.3232128322124481,0.3029994368553161,,,,0.2369940131902694,0.312387466430664,,,,,,,,,,,,
20200209.0,0.3168221116065979,0.2919323444366455,0.4111820459365845,0.313181608915329,0.2907826900482178,,0.1303140372037887,10.0,0.1798536628484726,1.3645503520965576,281.5363464355469,1.3489317893981934,243.46566772460932,224.24041748046875,7.084243407007307e-05,2.8122007846832275,300.0,0.3347766995429992,0.2754830559184816
20200210.0,0.3021822273731231,0.2974500656127929,,0.2972084879875183,0.2766969501972198,,,10.0,0.1798536628484726,1.3645503520965576,281.5881652832031,1.3510401248931885,244.67709350585932,225.38589477539065,0.0,2.6560609340667725,300.0,0.3275273144245147,0.2698430553360116
20200211.0,0.2929590046405792,0.3016049265861511,,,,0.2129946500062942,0.2291024476289749,,,,,,,,,,,,
20200212.0,0.2883546054363251,0.2934629917144775,0.3421123623847961,0.2824755609035492,0.2578253149986267,,,10.0,0.1798536628484726,1.3645503520965576,282.5608215332031,1.355260133743286,248.0619201660156,229.83448791503903,0.0012693767203018,1.787636637687683,300.0,0.2963411211967468,0.28532
20200213.0,0.2850455641746521,0.299114465713501,,,,,0.4247566163539886,,,,,,,,,,,,
20200214.0,0.2819578647613525,0.2925894856452942,,,,,0.1850337237119674,,,,,,,,,,,,
20200215.0,0.2794505357742309,0.2958405613899231,0.3260047435760498,0.2627016305923462,0.2346928715705871,,,10.0,0.1798536628484726,1.3645503520965576,282.2987365722656,1.3615872859954834,250.14044189453125,233.8950958251953,0.0008583068847656,1.524988889694214,300.0,0.2697038650512695,0.27233
20200216.0,0.2762927711009979,0.2999297976493835,,,,0.2205201238393783,0.2242805212736129,,,,,,,,,,,,
20200217.0,0.2713716328144073,0.2943962216377258,,0.263598769903183,0.240017756819725,,,10.0,0.1798536628484726,1.3645503520965576,282.6197509765625,1.3656420707702637,250.333740234375,232.700439453125,0.0008523463038727,2.307478904724121,300.0,0.2795827984809875,0.26385
20200218.0,0.2623606324195862,0.292842149734497,,0.2390304803848266,0.2206728309392929,,0.189092680811882,10.0,0.1798536628484726,1.3645503520965576,282.7163391113281,1.3682057857513428,253.0970764160156,235.25457763671875,0.0,2.132605791091919,300.0,0.2507783770561218,0.25914
20200219.0,0.2578503787517547,0.2824137806892395,,,,0.1599455624818802,0.158635213971138,,,,,,,,,,,,
20200220.0,0.253443032503128,0.2792630791664123,0.3080405294895172,0.2524994611740112,0.231056347489357,,,10.0,0.1798536628484726,1.3645503520965576,283.004150390625,1.3769588470458984,251.9547119140625,234.58822631835932,0.0,2.0528552532196045,300.0,0.2616991996765136,0.251
20200221.0,0.2479271739721298,0.2894792258739471,,,,0.1798665523529052,0.2125308960676193,,,,,,,,,,,,
20200222.0,0.2406921237707138,0.2978523373603821,,,,,,,,,,,,,,,,,
20200223.0,0.2349088788032531,0.2940367758274078,,0.2632193267345428,0.2303713262081146,,,10.0,0.1798536628484726,1.3645503520965576,283.62896728515625,1.3903205394744873,253.2835998535156,240.44235229492188,0.0079573793336749,1.5942291021347046,300.0,0.2491898536682129,0.23872
20200224.0,0.2328414618968963,0.2766234874725342,,,,0.1487882882356643,0.1466109156608581,,,,,,,,,,,,
20200225.0,0.2236260771751403,0.278544545173645,,0.2543564736843109,0.226488709449768,,,10.0,0.1798536628484726,1.3645503520965576,284.6650390625,1.3993078470230105,253.84988403320312,239.938232421875,0.0008553265361115,2.615283966064453,300.0,0.2581475079059601,0.23091
20200226.0,0.2172299176454544,0.288354218006134,,0.2310186028480529,0.2098981589078903,0.1381230354309082,0.171361431479454,10.0,0.1798536628484726,1.3645503520965576,285.4855041503906,1.4038097858428955,256.404541015625,242.26678466796875,0.0008553265943191,2.344449520111084,300.0,,
20200227.0,0.2121520787477493,0.2834913730621338,,,,,0.0609454624354839,,,,,,,,,,,,
20200228.0,0.2070961445569992,0.2837724983692169,0.2640770375728607,0.229088619351387,0.2088487446308136,,,10.0,0.1798536628484726,1.3645503520965576,286.6334533691406,1.4128303527832031,257.6448974609375,243.26419067382807,0.0008523463038727,2.174036979675293,300.0,0.2350159436464309,0.21901
20200229.0,0.202829509973526,0.2822199761867523,,,,0.119733989238739,0.1316873729228973,,,,,,,,,,,,
20200301.0,0.2041596919298172,0.2787869870662689,,,,,,,,,,,,,,,,,
20200302.0,0.2246442586183548,0.271133154630661,,0.223427414894104,0.2040635198354721,,0.1670888364315033,10.0,0.1798536628484726,1.3645503520965576,282.351806640625,1.4263848066329956,255.1732788085937,242.60107421875,0.0008523463038727,3.0460333824157715,300.0,0.2332326471805572,0.20733
20200303.0,0.209938958287239,0.2849411070346832,,,,,0.1417584717273712,,,,,,,,,,,,
20200304.0,0.2012699097394943,0.2886257767677307,,,,,,,,,,,,,,,,,
20200305.0,0.1942868381738662,0.2861477732658386,,0.1955693066120147,0.1849581897258758,0.1137077882885932,0.1194799616932869,10.0,0.1798536628484726,1.3645503520965576,286.8036804199219,1.4404113292694092,260.44921875,249.3126220703125,0.0,2.183473825454712,300.0,0.2054211795330047,0.19696
20200306.0,0.1891138851642608,0.2725492119789123,,,,,,,,,,,,,,,,,
20200307.0,0.1922780126333236,0.2937659919261932,0.2211304605007171,0.1875084042549133,0.1787810921669006,,0.1149937435984611,10.0,0.1798536628484726,1.3645503520965576,283.99237060546875,1.4563345909118652,261.32574462890625,249.631591796875,5.493884563446045,1.395557522773743,300.0,0.1797820925712585,0.19145
20200308.0,0.2658160328865051,0.2927258014678955,,,,0.1603879481554031,0.168858915567398,,,,,,,,,,,,
20200309.0,0.2638642787933349,0.2995098233222961,,0.1753312647342682,0.1737085133790969,,,10.0,0.1798536628484726,1.3645503520965576,284.3551330566406,1.4724810123443604,260.6197509765625,251.65542602539065,0.057781770825386,2.1814489364624023,300.0,0.1757364571094513,0.19848
20200310.0,0.2476585805416107,0.3025760352611542,,0.204030379652977,0.1909004598855972,0.1520884037017822,0.1814020276069641,10.0,0.1798536628484726,1.3645503520965576,285.6969299316406,1.4806387424468994,258.63018798828125,247.14651489257807,0.0012441970175132,2.701575994491577,300.0,0.2159835547208786,0.19623
20200311.0,0.2312973290681839,0.291608989238739,,,,,,,,,,,,,,,,,
20200312.0,0.2194114923477172,0.2913190126419067,,0.2084629535675048,0.1936370879411697,,,10.0,0.1798536628484726,1.3645503520965576,287.1096496582031,1.497007131576538,259.6959228515625,246.50180053710932,0.0,2.6536998748779297,300.0,0.2188898772001266,0.18967
20200313.0,0.2063313424587249,0.2766870558261871,,0.1899405419826507,0.1801391243934631,0.1275412738323211,0.1297647058963775,10.0,0.1798536628484726,1.3645503520965576,286.5204772949219,1.5052179098129272,261.79840087890625,249.39161682128903,4.722828816738911e-05,2.61596941947937,300.0,0.1921693980693817,0.18595
20200314.0,0.2311769127845764,0.2872380018234253,,,,,,,,,,,,,,,,,
20200315.0,0.4196021556854248,0.3257646262645721,0.4073000252246856,0.3969244956970215,0.341793030500412,0.3318397104740143,0.3457747101783752,10.0,0.1798536628484726,1.3645503520965576,281.6197509765625,1.5216925144195557,241.63897705078125,227.11105346679688,47.6463508605957,1.7991539239883425,300.0,0.3570887446403503,0.37436
20200316.0,0.4261583685874939,0.3486243188381195,,,,,0.1366008520126342,,,,,,,,,,,,
20200317.0,0.4062226414680481,0.3353722095489502,,,,,,,,,,,,,,,,,
20200318.0,0.3955106139183044,0.3349571228027344,,,,0.288568377494812,0.2901699841022491,,,,,,,,,,,,
20200319.0,0.3894848227500915,0.3119766116142273,,,,,,,,,,,,,,,,,
20200320.0,0.3712426722049713,0.3201513588428497,0.377300500869751,0.3400948941707611,0.301639974117279,,0.231818601489067,10.0,0.1798536628484726,1.3645503520965576,282.55047607421875,1.563476800918579,244.5018920898437,228.27410888671875,0.3027376532554626,2.5630548000335693,300.0,0.3410709500312805,0.33502
20200321.0,0.3599011301994324,0.3150613307952881,,0.3554742932319641,0.2924065291881561,,0.2715842127799988,10.0,0.1798536628484726,1.3645503520965576,283.0417175292969,1.5711559057235718,245.8485412597656,233.69500732421875,0.0374423675239086,2.3676917552948,300.0,0.3337560892105102,0.32772
20200322.0,0.3492675423622131,0.3144109845161438,,,,,,,,,,,,,,,,,
20200323.0,0.3406933844089508,0.3144053220748901,0.3816946148872375,0.2872304022312164,0.2614706158638,0.2402037680149078,0.2490005195140838,10.0,0.1798536628484726,1.3645503520965576,284.49951171875,1.5810809135437012,250.4688720703125,233.79537963867188,4.8672285079956055,2.3320679664611816,300.0,0.3115681409835815,0.31323
20200324.0,0.3791187107563019,0.3283109962940216,,,,,,,,,,,,,,,,,
20200325.0,0.3978896737098694,0.3180437088012695,,,,,0.2511673271656036,,,,,,,,,,,,
20200326.0,0.3874786794185638,0.3144663870334625,,,,0.2096111476421356,0.2224799394607544,,,,,,,,,,,,
20200327.0,0.3658862113952636,0.3182980418205261,,,,,,,,,,,,,,,,,
20200328.0,0.35207599401474,0.3100854754447937,0.3674033880233764,0.2863671779632568,0.2560928165912628,0.2307552099227905,0.2524491250514984,10.0,0.1798536628484726,1.3645503520965576,281.33221435546875,1.6054385900497437,249.561279296875,234.24588012695312,2.672852039337158,1.499803066253662,300.0,0.2944730520248413,0.33474
20200329.0,0.3948298990726471,0.3063382804393768,0.3740869760513305,0.285551905632019,0.2444105744361877,,,10.0,0.1798536628484726,1.3645503520965576,284.08544921875,1.610304832458496,251.14239501953125,241.4918670654297,5.596068382263184,2.5557689666748047,300.0,0.2983549237251282,0.33263
20200330.0,0.3741448819637298,0.3142655193805694,,,,,,,,,,,,,,,,,
20200331.0,0.3567661643028259,0.3161996901035309,0.3816477358341217,0.2766198813915252,0.2456413656473159,0.1795342862606048,0.1726737320423126,10.0,0.1798536628484726,1.3645503520965576,285.0594482421875,1.6200546026229858,252.2920837402344,237.98342895507807,0.0119042294099926,2.5437326431274414,300.0,0.2925505042076111,0.31794
20200401.0,0.3434228301048279,0.3183604478836059,,,,,,,,,,,,,,,,,
20200402.0,0.3277079463005066,0.2895066142082214,,,,0.1726516634225845,0.1741996556520462,,,,,,,,,,,,
20200403.0,0.3127015233039856,0.2872964739799499,0.3568235337734222,0.2645589709281921,0.2335017770528793,,0.0765404254198074,10.0,0.1798536628484726,1.3645503520965576,282.7189025878906,1.6347863674163818,252.3385009765625,240.07391357421875,0.0008538614492863,3.466599464416504,300.0,0.2780361175537109,0.28599
20200404.0,0.3074789047241211,0.2931783497333526,,,,,,,,,,,,,,,,,
20200405.0,0.4131008386611938,0.3202861845493316,,0.3969244956970215,0.31662118434906,0.2754273116588592,0.3089998960494995,10.0,0.1798536628484726,1.3645503520965576,282.88348388671875,1.6454761028289795,243.8504638671875,232.19015502929688,41.19744491577149,1.9744852781295776,300.0,0.3688246607780456,0.38735
20200406.0,0.4214052557945251,,,0.3787311911582947,0.3054982721805572,,,10.0,0.1798536628484726,1.3645503520965576,282.14654541015625,1.6481857299804688,243.8700561523437,232.02569580078125,13.622203826904297,2.197631597518921,300.0,0.3444322943687439,0.38999
20200407.0,0.4021656811237335,0.3411002457141876,,,,,0.3898739516735077,,,,,,,,,,,,
20200408.0,0.3832250237464905,0.3400417566299438,0.4315462112426758,0.3292615115642547,0.2907896041870117,,0.3374736905097961,10.0,0.1798536628484726,1.3645503520965576,284.9701232910156,1.635756492614746,246.39068603515625,230.5589599609375,0.5464969873428345,2.8701086044311523,300.0,0.3425686657428741,0.3515
20200409.0,0.3766301274299621,0.3617724478244781,,,,,,,,,,,,,,,,,
20200410.0,0.3921304643154144,0.34440678358078,,,,0.2718304097652435,0.2806176841259002,,,,,,,,,,,,
20200411.0,0.3715770840644836,0.3323031663894653,0.4199078977108001,0.2798007726669311,0.2591146826744079,,,10.0,0.1798536628484726,1.3645503520965576,286.38494873046875,1.616246461868286,251.6187286376953,233.88296508789065,0.0093909036368131,2.952162742614746,300.0,0.3113184869289398,0.32583
20200412.0,0.3557054400444031,0.3286702036857605,,,,,0.3309427201747894,,,,,,,,,,,,
20200413.0,0.3433087170124054,0.3127415180206299,0.4051428437232971,0.2917018532752991,0.2613246738910675,0.2229288220405578,0.2259895652532577,10.0,0.1798536628484726,1.3645503520965576,287.6928100585937,1.6030426025390625,252.47335815429688,236.67935180664065,0.0079614790156483,3.5974040031433105,300.0,0.3090028762817383,0.30676
20200414.0,0.3267878592014313,0.2931060492992401,,0.2779367864131927,0.2520655691623688,,,10.0,0.1798536628484726,1.3645503520965576,286.1829833984375,1.5964570045471191,252.88394165039065,236.69515991210932,0.0,4.512222290039063,300.0,0.2991185188293457,0.29198
20200415.0,0.3097695410251617,0.3057898581027984,,,,0.2261441648006439,0.2840357720851898,,,,,,,,,,,,
20200416.0,0.2959433197975158,0.3096245527267456,0.3798881471157074,0.2537887990474701,0.2297201454639434,,,10.0,0.1798536628484726,1.3645503520965576,288.8649597167969,1.583318114280701,256.817626953125,241.8495330810547,0.0042941649444401,3.7279088497161865,300.0,0.270385205745697,0.26619
20200417.0,0.2850604057312011,0.3062503933906555,,,,,,,,,,,,,,,,,
20200418.0,0.2802169919013977,0.2906226515769958,,,,0.1636024564504623,0.1460615843534469,,,,,,,,,,,,
20200419.0,0.2714546322822571,0.2817428112030029,0.3511760234832763,0.2240668535232544,0.2052525579929351,,,10.0,0.1798536628484726,1.3645503520965576,287.0766906738281,1.563833475112915,258.6686706542969,245.5140686035156,0.0108270850032567,3.537705421447754,300.0,0.2351042777299881,0.24175
20200420.0,0.2625000476837158,0.2914274334907532,,,,0.1613713651895523,0.1567125469446182,,,,,,,,,,,,
20200421.0,0.259427011013031,0.2835803627967834,0.302600622177124,0.1951734870672226,0.1834480464458465,,0.0542619116604328,10.0,0.1798536628484726,1.3645503520965576,287.01397705078125,1.552788496017456,260.7330322265625,244.798828125,0.0015607707900926,3.682817459106445,300.0,0.220246285200119,0.2258299999999999
20200422.0,0.2459100186824798,0.2728489339351654,0.3331899642944336,0.1748856157064438,0.1665902286767959,,,10.0,0.1798536628484726,1.3645503520965576,289.5629577636719,1.5413305759429932,263.74810791015625,249.08981323242188,0.0,4.051634311676025,300.0,0.1974745690822601,0.21695
20200423.0,0.2325380593538284,0.2806591689586639,,,,0.1266882121562957,0.1320230662822723,,,,,,,,,,,,
20200424.0,0.2155902236700058,0.2738521099090576,0.273429661989212,0.1718701124191284,0.1638848334550857,,,10.0,0.1798536628484726,1.3645503520965576,292.1670837402344,1.478816270828247,265.9785461425781,250.9450836181641,0.0008583068847656,4.982649803161621,300.0,0.1902908384799957,0.19566
20200425.0,0.1999722272157669,0.2702943682670593,,,,0.1236772164702415,0.1733756512403488,,,,,,,,,,,,
20200426.0,0.1888454705476761,0.2679698169231415,,,,,0.072084717452526,,,,,,,,,,,,
20200427.0,0.1784442663192749,0.2615352272987366,0.2710922658443451,0.1624136120080948,0.1592376083135604,,,10.0,0.1798536628484726,1.3645503520965576,292.5150146484375,1.3849246501922607,267.2357482910156,255.5987091064453,0.0,4.312368869781494,300.0,0.1674695312976837,0.16229
20200428.0,0.16982302069664,0.264306902885437,,,,0.1045184731483459,0.12472914904356,,,,,,,,,,,,
20200429.0,0.1611978709697723,0.2752156853675842,0.2267211824655532,0.1440339535474777,0.1419887542724609,,,10.0,0.1798536628484726,1.3645503520965576,294.7524719238281,1.3231315612792969,270.891845703125,257.66217041015625,0.0017225741175934,3.4843249320983887,300.0,0.1456538140773773,0.13877
20200430.0,0.1563833653926849,0.2520187199115753,0.2467492371797561,0.1591295748949051,0.1569802910089492,,0.1348307728767395,10.0,0.1798536628484726,1.3645503520965576,292.6167907714844,1.292642593383789,268.7726135253906,257.7424011230469,0.0008583068847656,3.865500688552856,300.0,0.1448911130428314,0.1282
20200501.0,0.1492708772420883,0.2568404674530029,,,,0.0827334225177764,0.0716879814863205,,,,,,,,,,,,
20200502.0,0.1433099210262298,0.2433123588562011,0.1995640993118286,0.1358762383460998,0.1356046646833419,,,10.0,0.1798536628484726,1.3645503520965576,291.7483215332031,1.2324795722961426,269.70465087890625,257.01470947265625,0.0008583068847656,3.143665075302124,300.0,0.1275312006473541,0.10538
20200503.0,0.1407884955406189,0.2485097050666809,,,,0.1034125238656997,0.1140476688742637,,,,,,,,,,,,
20200504.0,0.1368773728609085,0.2546994090080261,,,,,,,,,,,,,,,,,
20200505.0,0.1327007114887237,0.2439495474100113,,,,,,,,,,,,,,,,,
20200506.0,0.1290066987276077,0.2478827834129333,,,,0.0760682225227356,0.0587481297552585,,,,,,,,,,,,
20200507.0,0.1255581378936767,0.2433893978595733,0.158101424574852,0.1116980612277984,0.114131361246109,,,10.0,0.1798536628484726,1.3645503520965576,294.2680358886719,1.0855720043182373,272.941650390625,260.22296142578125,0.0,3.884262561798096,300.0,0.1127723827958107,0.06939
20200508.0,0.1220535561442375,0.240520179271698,0.2027600556612014,0.1137543842196464,0.1206908747553825,0.082846350967884,0.0798974558711052,10.0,0.1798536628484726,1.3645503520965576,296.0530090332031,1.0601662397384644,273.25567626953125,262.4045715332031,0.0008285045623779,3.643289089202881,300.0,0.1081719025969505,0.06567
20200509.0,0.1193936169147491,0.2372671961784362,,,,,0.00717184972018,,,,,,,,,,,,
20200510.0,0.1179507076740264,0.2351846098899841,0.1446686834096908,0.116559237241745,0.1187611073255539,,,10.0,0.1798536628484726,1.3645503520965576,295.3424377441406,1.0332036018371582,274.65093994140625,261.8572998046875,0.0008583068847656,3.019139528274536,300.0,0.0966359972953796,0.0608
20200511.0,0.1174457669258117,0.2231664210557937,,,,0.0615762770175933,0.044129766523838,,,,,,,,,,,,
20200512.0,0.1500446498394012,0.2190822958946228,,,,,,,,,,,,,,,,,
20200513.0,0.1674321591854095,0.2244373559951782,0.2177366465330124,0.117528036236763,0.1210192069411277,0.0750154182314872,0.0730307921767234,10.0,0.1798536628484726,1.3645503520965576,290.1456604003906,0.9944438934326172,271.09381103515625,259.0413818359375,0.1171219795942306,2.703906536102295,300.0,0.0896959751844406,0.0567
20200514.0,0.1591871529817581,0.2257537841796875,,,,,0.0361339151859283,,,,,,,,,,,,
20200515.0,0.1533762365579605,0.2444209456443786,0.1654732972383499,0.1106423065066337,0.1109172776341438,,,10.0,0.1798536628484726,1.3645503520965576,291.29766845703125,0.9692195653915404,272.3978881835937,258.80523681640625,0.0025588490534573,2.932326078414917,300.0,0.0859272330999374,0.05721
20200516.0,0.1431316137313842,0.2313845008611679,,0.1121217012405395,0.1128571480512619,0.0726963952183723,0.0663472414016723,10.0,0.1798536628484726,1.3645503520965576,292.9104919433594,0.956693470478058,273.0660400390625,259.6578369140625,0.0,3.2060554027557373,300.0,0.0879760608077049,0.05712
20200517.0,0.170114517211914,0.2313136905431747,,,,,,,,,,,,,,,,,
20200518.0,0.3418874740600586,0.3259765207767486,0.3466756641864776,0.253620833158493,0.2201770842075348,,0.3545030057430267,10.0,0.1798536628484726,1.3645503520965576,289.8228454589844,0.9318135976791382,257.7707214355469,244.10299682617188,23.68541717529297,3.5951967239379883,300.0,0.1676675081253051,0.05559
20200519.0,0.3672136068344116,,,,,0.1563265174627304,0.1931211352348327,,,,,,,,,,,,
20200520.0,0.3239552676677704,0.2871961295604706,,,,,,,,,,,,,,,,,
20200521.0,0.2883367240428924,0.2720980644226074,,0.1956129074096679,0.181851327419281,0.1941331773996353,0.173589289188385,10.0,0.1798536628484726,1.3645503520965576,290.712646484375,0.8949317932128906,261.8505859375,243.6622314453125,0.0,4.610608577728272,300.0,0.1677460372447967,0.08084
20200522.0,0.2549239993095398,0.2721276581287384,,,,,,,,,,,,,,,,,
20200523.0,0.225523293018341,0.2636581659317016,0.2666014730930328,0.1983300298452377,0.1812589168548584,,,10.0,0.1798536628484726,1.3645503520965576,290.632568359375,0.8707244396209717,262.33642578125,246.64273071289065,0.0,5.075423717498779,300.0,0.1587399691343307,0.08042
20200524.0,0.2013569325208664,0.2611674964427948,0.3091981112957001,0.1582077592611313,0.150061160326004,0.1283847987651825,0.1004058942198753,10.0,0.1798536628484726,1.3645503520965576,293.2201538085937,0.8584129214286804,267.53369140625,252.64633178710932,0.0008622910827398,4.681231498718262,300.0,0.13316410779953,0.07712
20200525.0,0.1816473454236984,0.2660704851150512,,,,,,,,,,,,,,,,,
20200526.0,0.1648870706558227,0.251520037651062,,,,0.1200573518872261,0.1347087025642395,,,,,,,,,,,,
20200527.0,0.1500642746686935,0.2443808764219284,,,,,,,,,,,,,,,,,
20200528.0,0.137760728597641,0.2750685214996338,,,,,,,,,,,,,,,,,
20200529.0,0.130072221159935,0.2221085727214813,0.2108082473278045,0.1297277361154556,0.1307767480611801,0.0641409531235694,0.0502334684133529,10.0,0.1798536628484726,1.3645503520965576,298.4952087402344,0.7928212285041809,275.61651611328125,263.63397216796875,0.0,3.208378791809082,300.0,0.0840213596820831,0.0613999999999999
20200530.0,0.1469678282737732,0.2228632122278213,,,,,,,,,,,,,,,,,
20200531.0,0.2055214047431945,0.2167966812849044,0.2075758278369903,0.1494729071855545,0.1452804207801818,0.0833204612135887,0.093264564871788,10.0,0.1798536628484726,1.3645503520965576,293.5846862792969,0.7670210599899292,270.5062866210937,258.1922912597656,3.822627544403076,3.22835111618042,300.0,0.0892040953040123,0.05845
20200601.0,0.1888912916183471,0.2247707992792129,,0.1246887221932411,0.12230084836483,,0.0295419171452522,10.0,0.1798536628484726,1.3645503520965576,294.8573303222656,0.7542264461517334,273.7486572265625,259.2313842773437,0.0008973375079222,3.679575204849243,300.0,0.0828566774725914,0.05917
20200602.0,0.1689078360795974,0.2263179719448089,,,,,,,,,,,,,,,,,
20200603.0,0.1504925787448883,0.2200986444950103,,0.1137644723057746,0.1141057163476944,0.0788929834961891,0.0684224963188171,10.0,0.1798536628484726,1.3645503520965576,299.9859924316406,0.7288483381271362,277.3554077148437,263.611083984375,0.0008523463620804,4.231648921966553,300.0,0.0770606249570846,0.06009
20200604.0,0.1353355497121811,0.2190336436033249,,,,,,,,,,,,,,,,,
20200605.0,0.1256894022226333,0.2069153040647506,,,,,0.0815454572439193,,,,,,,,,,,,
20200606.0,0.1222760528326034,0.1963595598936081,0.166980892419815,0.1179394274950027,0.1208683252334594,0.0324211008846759,0.0265511032193899,10.0,0.1798536628484726,1.3645503520965576,293.1978454589844,0.6912757158279419,275.0180358886719,263.0612487792969,0.002233691047877,2.3820176124572754,300.0,0.0718105658888816,0.05662
20200607.0,0.1204024702310562,0.1972890496253967,,,,,,,,,,,,,,,,,
20200608.0,0.1186387687921524,0.1887957155704498,0.1305266916751861,0.1115948259830474,0.1130442321300506,0.0676277130842208,0.0540177635848522,10.0,0.1798536628484726,1.3645503520965576,292.39093017578125,0.6661465167999268,273.3098449707031,260.27301025390625,0.0006139677716419,2.6111724376678467,300.0,0.0724171549081802,0.05443
20200609.0,0.116729661822319,0.1851769089698791,,0.0847074165940284,0.0807604119181633,,,10.0,0.1798536628484726,1.3645503520965576,295.5300598144531,0.6550480127334595,278.3114013671875,263.1248779296875,0.0008523463038727,2.870070457458496,300.0,0.0640088096261024,0.05481
20200610.0,0.1148385182023048,0.1922595053911209,,,,,0.0962858945131301,,,,,,,,,,,,
20200611.0,0.1132128834724426,0.194289281964302,0.1331983655691146,0.1090799570083618,0.1122844442725181,0.0587352216243743,0.0346690267324447,10.0,0.1798536628484726,1.3645503520965576,300.4947204589844,0.6421160697937012,277.4842529296875,264.99822998046875,0.0,2.816068887710572,300.0,0.0679514929652214,0.05518
20200612.0,0.1121891736984252,0.1965941041707992,,,,,,,,,,,,,,,,,
20200613.0,0.1158002167940139,0.1946656554937362,,,,0.0697806254029274,0.0552079826593399,,,,,,,,,,,,
20200614.0,0.1145248934626579,0.1846891641616821,,0.1299803555011749,0.1300728619098663,,,10.0,0.1798536628484726,1.3645503520965576,295.1073913574219,0.6233445405960083,271.78424072265625,259.713134765625,0.0008523463620804,2.37650465965271,300.0,0.0845900326967239,0.05113
20200615.0,0.1127211898565292,0.1990246623754501,,,,,,,,,,,,,,,,,
20200616.0,0.1117019057273864,0.1962748318910598,0.1393330097198486,0.1045316979289054,0.1057018041610717,0.0533066242933273,0.0316476933658123,10.0,0.1798536628484726,1.3645503520965576,296.59063720703125,0.6110512018203735,276.3997802734375,262.8269958496094,0.0,2.2548630237579346,300.0,0.0694661289453506,0.05107
20200617.0,0.1109035164117813,0.1851392388343811,,0.0983493030071258,0.0975185930728912,,,10.0,0.1798536628484726,1.3645503520965576,296.3020935058594,0.6049323081970215,277.5400695800781,262.962158203125,0.0025806729681789,2.4733083248138428,300.0,0.0649531036615371,0.0509
20200618.0,0.1100459694862365,0.1816442608833313,,,,0.0663660243153572,0.0596331693232059,,,,,,,,,,,,
20200619.0,0.1092816069722175,0.1750333905220031,0.1214562505483627,0.1088177487254142,0.1118887811899185,,0.0132450331002473,10.0,0.1798536628484726,1.3645503520965576,300.73876953125,0.5927499532699585,277.9576416015625,265.42315673828125,0.0017119223484769,2.5576326847076416,300.0,0.0628671571612358,0.05133
20200620.0,0.1088647097349166,0.1781173646450042,,,,,,,,,,,,,,,,,
20200621.0,0.1086660698056221,0.1777109950780868,,,,0.050474964082241,0.0368968769907951,,,,,,,,,,,,
20200622.0,0.1084252446889877,0.1852005571126938,0.1449556052684784,0.1054441481828689,0.1104860827326774,,,10.0,0.1798536628484726,1.3645503520965576,301.5145874023437,0.5745950937271118,279.311279296875,267.4920654296875,0.0,2.338467597961426,300.0,0.0561834946274757,0.0493
20200623.0,0.1081719174981117,0.1942574381828308,,,,,0.0704672411084175,,,,,,,,,,,,
20200624.0,0.1079835295677185,0.162490501999855,,,,0.024142725393176,0.0105594042688608,,,,,,,,,,,,
20200625.0,0.1078506931662559,0.1757895499467849,0.1341577321290969,0.1008157953619957,0.1032008156180381,,,10.0,0.1798536628484726,1.3645503520965576,302.8872375488281,0.5570520758628845,282.0906677246094,268.7425537109375,0.0025743204168975,2.184150457382202,300.0,0.0484479516744613,0.04711
20200626.0,0.1077485829591751,0.1846765726804733,,,,0.0592217333614826,0.0409253202378749,,,,,,,,,,,,
20200627.0,0.1076309531927108,0.1881186068058014,0.1073098257184028,0.1038759648799896,0.1068468615412712,,,10.0,0.1798536628484726,1.3645503520965576,302.5307922363281,0.552287220954895,282.05419921875,269.072509765625,0.0,2.13765835762024,300.0,0.0482163242995739,0.0453
20200628.0,0.1075929254293441,0.1847675889730453,,,,,,,,,,,,,,,,,
20200629.0,0.107665941119194,0.1511076688766479,,,,0.046934075653553,0.0296639911830425,,,,,,,,,,,,
20200630.0,0.1075543686747551,0.1589149832725525,0.1393961757421493,0.0887839496135711,0.0948294848203659,,,10.0,0.1798536628484726,1.3645503520965576,299.603515625,0.5454637408256531,280.9142761230469,268.3994445800781,0.0008583068847656,2.09439468383789,300.0,0.0512139201164245,0.04076
20200701.0,0.1074378564953804,0.1712839752435684,,,,0.0558602586388587,0.0520340576767921,,,,,,,,,,,,
20200702.0,0.1073836684226989,0.1676706671714782,0.0928193256258964,0.0929773077368736,0.0907901301980018,,,10.0,0.1798536628484726,1.3645503520965576,300.1216735839844,0.541008472442627,282.1965637207031,266.8915405273437,0.0008523463038727,1.8836772441864007,300.0,0.0485625565052032,0.0393
20200703.0,0.1073894500732421,0.1641061007976532,,0.0834748744964599,0.096738077700138,,,10.0,0.1798536628484726,1.3645503520965576,299.0835876464844,0.5387848615646362,281.1333312988281,270.7120666503906,0.0008583068847656,1.8371658325195312,300.0,0.0490976981818676,0.03812
20200704.0,0.1073614060878753,0.1640476584434509,,,,0.0525274910032749,0.0321054719388484,,,,,,,,,,,,
20200705.0,0.1072362959384918,0.1335377395153045,,,,,,,,,,,,,,,,,
20200706.0,0.107171282172203,0.1585999280214309,,,,0.0480726175010204,0.0357066579163074,,,,,,,,,,,,
20200707.0,0.1072023659944534,0.149860605597496,,,,,3.051850944757461e-05,,,,,,,,,,,,
20200708.0,0.1071717515587806,0.160603255033493,,0.0939580425620079,0.1009334400296211,,,10.0,0.1798536628484726,1.3645503520965576,300.4837951660156,0.5277021527290344,280.68865966796875,268.9133605957031,0.0,1.8908191919326784,300.0,0.0485492758452892,0.03538
20200709.0,0.107134535908699,0.1670161634683609,,,,0.0481472983956337,0.038422804325819,,,,,,,,,,,,
20200710.0,0.1070806756615638,0.1639397293329239,0.0982745215296745,0.0986634269356727,0.1032693833112716,,,10.0,0.1798536628484726,1.3645503520965576,302.5937194824219,0.5232399106025696,281.6298828125,269.251953125,0.0,1.9284511804580688,300.0,0.0462798215448856,0.03492
20200711.0,0.1070240214467048,0.1683533787727356,0.1348687410354614,0.0873022675514221,0.0866427272558212,,0.0893276780843734,10.0,0.1798536628484726,1.3645503520965576,303.3880615234375,0.521159827709198,284.5492553710937,269.7564697265625,0.0008523463038727,1.9910635948181152,300.0,0.0415296927094459,0.0351
20200712.0,0.106958195567131,0.1535251885652542,,,,,0.0185552537441253,,,,,,,,,,,,
20200713.0,0.1069322228431701,0.1526166051626205,0.093109056353569,0.0987870320677757,0.1007974296808242,,,10.0,0.1798536628484726,1.3645503520965576,302.7919006347656,0.5179988145828247,283.62060546875,269.94140625,0.0017225742340087,1.7497577667236328,300.0,0.0421135947108268,0.03413
20200714.0,0.1070066019892692,0.158634141087532,,,,0.0558712482452392,0.0432752482593059,,,,,,,,,,,,
20200715.0,0.1070371195673942,0.15365070104599,,,,,,,,,,,,,,,,,
20200716.0,0.1070416271686554,0.1629200428724289,0.1124176606535911,0.1007969379425048,0.1057795509696006,,0.0359202846884727,10.0,0.1798536628484726,1.3645503520965576,300.8211669921875,0.5133197903633118,281.6339111328125,269.5167236328125,0.0017225742340087,1.601540207862854,300.0,0.0438101105391979,0.03238
20200717.0,0.1070414036512374,0.1633369624614715,,,,0.040844339877367,0.0252693258225917,,,,,,,,,,,,
20200718.0,0.1070360988378524,0.1639050096273422,0.0886703878641128,0.0987810492515564,0.1021071374416351,,,10.0,0.1798536628484726,1.3645503520965576,301.1192932128906,0.510221004486084,281.7212829589844,268.77197265625,0.0,1.5874403715133667,300.0,0.0440036989748477,0.03188
20200719.0,0.1069999113678932,0.1572074145078659,0.1054095327854156,0.0990581288933754,0.1034836992621421,0.0536463744938373,0.0496230982244014,10.0,0.1798536628484726,1.3645503520965576,301.5760498046875,0.5086735486984253,282.07232666015625,269.64013671875,0.0,1.5273175239562988,300.0,0.0418576374650001,0.03174
20200720.0,0.1070246696472168,0.1604767590761184,,,,,,,,,,,,,,,,,
20200721.0,0.1070732623338699,0.1533783376216888,0.0772752091288566,0.0922858268022537,0.0968174040317535,,,10.0,0.1798536628484726,1.3645503520965576,299.3289489746094,0.5055826306343079,282.17120361328125,269.1991577148437,0.0009356591035611,1.4036660194396973,300.0,0.042475439608097,0.03015
20200722.0,0.1070701107382774,0.1611827611923217,,,,0.0487274527549743,0.0353099144995212,,,,,,,,,,,,
20200723.0,0.1070712953805923,0.1485022008419037,,,,,,,,,,,,,,,,,
20200724.0,0.1070526987314224,0.1562505811452865,0.1011819690465927,0.0956382602453231,0.097440592944622,0.0456887446343898,0.0354625098407268,10.0,0.1798536628484726,1.3645503520965576,299.9559326171875,0.500956654548645,281.89715576171875,268.0715637207031,0.0004410743713378,1.385419249534607,300.0,0.0418687611818313,0.02998
20200725.0,0.1070394515991211,0.1514555811882019,,,,,0.0017395550385117,,,,,,,,,,,,
20200726.0,0.1069838851690292,0.1535063982009887,0.0749295204877853,0.0890566632151603,0.088725671172142,,,10.0,0.1798536628484726,1.3645503520965576,301.7402648925781,0.4978871941566467,283.650634765625,268.9535522460937,0.0,1.504975438117981,300.0,0.0396790988743305,0.03024
20200727.0,0.1069496646523475,0.1564937233924865,0.104846253991127,0.0920177474617958,0.0960816144943237,0.0417308211326599,0.0285958442836999,10.0,0.1798536628484726,1.3645503520965576,302.06689453125,0.4963292777538299,283.44384765625,270.2542724609375,0.0008583068847656,1.5041314363479614,300.0,0.038783274590969,0.03019
20200728.0,0.1069408431649208,0.1524230986833572,,,,,,,,,,,,,,,,,
20200729.0,0.106946475803852,0.1549448072910308,0.0736339762806892,0.1005703434348106,0.103956714272499,,0.0460524298250675,10.0,0.1798536628484726,1.3645503520965576,301.2493591308594,0.4930478930473327,282.3987121582031,269.50787353515625,0.0012993812561035,1.4745899438858032,300.0,0.0404216796159744,0.02956
20200730.0,0.1069385409355163,0.1370494365692138,,,,,0.0,,,,,,,,,,,,
20200731.0,0.1069339215755462,0.1334123462438583,,,,,,,,,,,,,,,,,
20200801.0,0.1069407165050506,0.1381830722093582,0.1010868698358535,0.102320060133934,0.1066568866372108,0.0441610068082809,0.034730065613985,10.0,0.1798536628484726,1.3645503520965576,300.0997314453125,0.488128125667572,281.1407470703125,268.8214416503906,0.000870227755513,1.3998417854309082,300.0,0.0420135520398616,0.02807
20200802.0,0.1069298535585403,0.1434617936611175,,,,,,,,,,,,,,,,,
20200803.0,0.1069231331348419,0.1462512910366058,0.078250728547573,0.100412979722023,0.0963905900716781,,0.0295724365860223,10.0,0.1798536628484726,1.3645503520965576,301.4199523925781,0.4848534166812897,283.16802978515625,266.50030517578125,0.0,1.3852922916412354,300.0,0.0382496789097785,0.02821
20200804.0,0.1069162487983703,0.1443043649196624,0.0951788127422332,0.0998563542962074,0.1067830100655555,0.0380464233458042,0.0231940671801567,10.0,0.1798536628484726,1.3645503520965576,301.07684326171875,0.4832183122634887,281.79669189453125,270.5408020019531,0.0009116790024563,1.2542774677276611,300.0,0.035735186189413,0.02809
20200805.0,0.1069803014397621,0.1404990702867508,,,,,,,,,,,,,,,,,
20200806.0,0.1070846766233444,0.130593791604042,0.0557585582137107,0.0938745290040969,0.1025119125843048,0.044255219399929,0.0465407259762287,10.0,0.1798536628484726,1.3645503520965576,296.6135559082031,0.4799526333808899,279.9871520996094,268.91766357421875,0.0008568424964323,1.0576057434082031,300.0,0.0405036024749279,0.02651
20200807.0,0.1070693582296371,0.1392988413572311,,,,,,,,,,,,,,,,,
20200808.0,0.1070021390914917,0.1474732756614685,,,,,,,,,,,,,,,,,
20200809.0,0.1069555357098579,0.1542006731033325,0.1184808760881424,0.1002779677510261,0.1051754876971244,0.0489489510655403,0.0354625098407268,10.0,0.1798536628484726,1.3645503520965576,302.498291015625,0.4750555455684662,281.9803466796875,269.80718994140625,0.0017122188583016,1.2962877750396729,300.0,0.0340449884533882,0.02851
20200810.0,0.1069120019674301,0.157155841588974,,,,,,,,,,,,,,,,,
20200811.0,0.1068970710039138,0.1475613713264465,0.0814021676778793,0.0963850989937782,0.0958671942353248,0.0478908494114875,0.0362254716455936,10.0,0.1798536628484726,1.3645503520965576,301.29443359375,0.4716663956642151,283.9100646972656,269.0712890625,0.0004410743713378,1.19367778301239,300.0,0.0330920107662677,0.02786
20200812.0,0.1069300174713134,0.1473605632781982,0.0984939709305763,0.1011346206068992,0.1111704930663108,,0.0004577776417136,10.0,0.1798536628484726,1.3645503520965576,300.1205749511719,0.4703894853591919,280.64910888671875,270.8655700683594,0.0008523463038727,1.2186565399169922,300.0,0.0373042598366737,0.02714
20200813.0,0.1069101691246032,0.1461189091205597,,,,,,,,,,,,,,,,,
20200814.0,0.1070823818445205,0.1405822038650512,0.0953733474016189,0.1001266837120056,0.1087745353579521,0.0417970865964889,0.0296945106238126,10.0,0.1798536628484726,1.3645503520965576,305.23028564453125,0.4706421494483948,283.4389038085937,272.8853759765625,0.0842818319797515,1.3635852336883545,300.0,0.0276685710996389,0.02856
20200815.0,0.1070820167660713,0.1486835479736328,,,,,,,,,,,,,,,,,
20200816.0,0.1068614795804023,0.1459866762161255,,,,,0.0762962773442268,,,,,,,,,,,,
20200817.0,0.1068675145506858,0.1538113504648208,0.1296762824058532,0.1062344759702682,0.1060084924101829,,0.0234382152557373,10.0,0.1798536628484726,1.3645503520965576,308.1111755371094,0.4711694121360779,286.4190979003906,271.6661071777344,0.0162363052368164,1.3008233308792114,300.0,0.0228531248867511,0.02936
20200818.0,0.1068618819117546,0.1561404764652252,,,,,,,,,,,,,,,,,
20200819.0,0.1067945882678031,0.1553649455308914,0.1096829622983932,0.1063405871391296,0.1039607897400856,0.060924831777811,0.0561235398054122,10.0,0.1798536628484726,1.3645503520965576,307.5776062011719,0.4715605974197387,286.1673889160156,270.10797119140625,0.0021595854777842,1.3916057348251345,300.0,0.0252572558820247,0.02766
20200820.0,0.1067796275019645,0.1430823057889938,0.1110692843794822,0.1104251816868782,0.1181558743119239,,,10.0,0.1798536628484726,1.3645503520965576,304.55987548828125,0.471756249666214,283.1800537109375,273.0785827636719,0.0025605277623981,1.2543927431106567,300.0,0.027213791385293,0.02595
20200821.0,0.1068340241909027,0.1428503096103668,,,,,0.045381024479866,,,,,,,,,,,,
20200822.0,0.1068554148077964,0.1383183598518371,0.0918859019875526,0.1074132248759269,0.1078900322318077,0.0409802719950675,0.0269173253327608,10.0,0.1798536628484726,1.3645503520965576,302.8786315917969,0.4721476435661316,281.9622497558594,267.89019775390625,0.0008674924029037,1.109745740890503,300.0,0.0297708250582218,0.02399
20200823.0,0.1068693473935127,0.1410561949014663,,,,,,,,,,,,,,,,,
20200824.0,0.1068537607789039,0.1498195230960846,,,,0.0707317516207695,0.0724204257130622,,,,,,,,,,,,
20200825.0,0.1068569123744964,0.1530426889657974,0.1050302311778068,0.1100694462656974,0.1169762313365936,,,10.0,0.1798536628484726,1.3645503520965576,302.6485900878906,0.4727410674095154,281.04364013671875,270.57598876953125,0.0,1.020572543144226,300.0,0.0280666910111904,0.02585
20200826.0,0.1068820431828498,0.1591186970472335,,,,,,,,,,,,,,,,,
20200827.0,0.1069108471274375,0.1392238736152649,0.0728345066308975,0.1036999151110649,0.1046017855405807,0.0483452565968036,0.0316171757876873,10.0,0.1798536628484726,1.3645503520965576,299.4310607910156,0.4732199907302856,281.7353515625,267.7696533203125,0.0008523463038727,0.9431682229042052,300.0,0.0309271868318319,0.02479
20200828.0,0.1069317087531089,0.1449597328901291,,0.0873713195323944,0.085817702114582,,,10.0,0.1798536628484726,1.3645503520965576,300.3465576171875,0.4731972813606262,284.13543701171875,269.02911376953125,0.0,0.9850332140922546,300.0,0.0291452016681432,0.02484
20200829.0,0.1069233044981956,0.1551859229803085,,,,0.061680294573307,0.0542313903570175,,,,,,,,,,,,
20200830.0,,,,,,,,10.0,0.1798536628484726,1.3645503520965576,299.93218994140625,0.4713815450668335,280.8697509765625,266.58966064453125,0.000435113790445,0.9182201623916626,300.0,0.0304692033678293,0.02427
20200902.0,,,,,,,,10.0,0.1798536628484726,1.3645503520965576,298.5032958984375,0.4685681462287903,280.35308837890625,267.66424560546875,0.0,0.8206153512001038,300.0,0.0294072814285755,0.02369
20200904.0,,,,,,,,10.0,0.1798536628484726,1.3645503520965576,299.05548095703125,0.4666701555252075,281.5125732421875,267.6092224121094,0.000857041333802,0.8544591069221497,300.0,0.0284765418618917,0.0238099999999999
20200905.0,,,,,,,,10.0,0.1798536628484726,1.3645503520965576,301.3883972167969,0.4657219648361206,281.2277526855469,269.28692626953125,0.001709243399091,0.9815723896026612,300.0,0.0286214463412761,0.02474
20200907.0,,,,,,,,10.0,0.1798536628484726,1.3645503520965576,307.3356628417969,0.4638270735740661,284.0038146972656,269.58319091796875,0.0008583068847656,1.1614481210708618,300.0,0.0259429719299078,0.02539
20200909.0,0.1067620366811752,0.1456589102745056,,,,0.0397082194685936,0.026154363527894,,,,,,,,,,,,
20200910.0,,,,,,,,10.0,0.1798536628484726,1.3645503520965576,299.7655639648437,0.4609889388084411,279.165283203125,269.45465087890625,0.0008642672328278,0.8200680613517761,300.0,0.0280534382909536,0.02107
20200912.0,,,,,,,,10.0,0.1798536628484726,1.3645503520965576,298.79803466796875,0.4591035842895508,278.3085021972656,265.463134765625,0.0,0.7958056330680847,300.0,0.0310343708842992,0.02118
20200913.0,,,,,,,,10.0,0.1798536628484726,1.3645503520965576,298.5575866699219,0.4581486284732818,278.3882141113281,266.447265625,0.0,0.7508873343467712,300.0,0.0295683089643716,0.02109
20200915.0,,,,,,,,10.0,0.1798536628484726,1.3645503520965576,297.5784912109375,0.4561524391174316,279.7777099609375,264.269775390625,0.0008523463038727,0.7149975299835205,300.0,0.028266767039895,0.02111
20200916.0,0.1070197597146034,0.1434213519096374,,,,0.0612616874277591,0.0626850202679634,,,,,,,,,,,,
20200917.0,0.1070718988776207,0.1377112418413162,,,,,0.0061952574178576,,,,,,,,,,,,
20200918.0,0.10756666213274,0.1447046548128128,0.09969262778759,0.0913804247975349,0.0942751392722129,,,10.0,0.1798536628484726,1.3645503520965576,296.8378601074219,0.453157901763916,280.9478454589844,267.4354858398437,0.1246412917971611,0.5785449147224426,300.0,0.0218972824513912,0.02137
20200919.0,0.1079753413796424,0.14313805103302,,,,0.0606854408979415,0.0433362834155559,,,,,,,,,,,,
20200920.0,0.107635349035263,0.1470984518527984,0.0893099755048751,0.1065206453204155,0.1054024770855903,,,10.0,0.1798536628484726,1.3645503520965576,297.1122436523437,0.4511632323265075,278.4462890625,263.63653564453125,0.0017176661640405,0.7168167233467102,300.0,0.0305130816996097,0.02133
20200921.0,0.1073215827345848,0.151002287864685,0.1074681058526039,0.0948691889643669,0.1030482277274131,0.057786826044321,0.0468459129333496,10.0,0.1798536628484726,1.3645503520965576,298.0027160644531,0.4501667320728302,279.3124084472656,268.26385498046875,0.0004231928905937,0.723661482334137,300.0,0.027443304657936,0.02152
20200922.0,0.1071573123335838,0.1452603042125702,,,,,0.0069887386634945,,,,,,,,,,,,
20200923.0,0.1070970147848129,0.1492372155189514,0.0747155100107193,0.1075389385223388,0.1095277816057205,,,10.0,0.1798536628484726,1.3645503520965576,296.62420654296875,0.4481755793094635,278.306884765625,265.2298583984375,0.0,0.6679859757423401,300.0,0.0287608690559864,0.02091
20200924.0,0.1071110218763351,0.1464223265647888,,,,0.0508721508085727,0.0432447269558906,,,,,,,,,,,,
20200925.0,0.1071759983897209,0.1436552703380584,,,,,,,,,,,,,,,,,
20200926.0,0.1071312353014946,0.1504015922546386,0.1010968014597892,0.1025314852595329,0.1045986711978912,,0.0586565770208835,10.0,0.1798536628484726,1.3645503520965576,296.460693359375,0.4451828598976135,278.765625,265.4840393066406,0.0,0.5954375863075256,300.0,0.0254445429891347,0.02047
20200927.0,0.1070729941129684,0.1500464379787445,,,,0.0449248142540454,0.0300607327371835,,,,,,,,,,,,
20200928.0,0.1069575771689415,0.1463398337364196,0.0796926096081733,0.1039436087012291,0.1014414131641388,,,10.0,0.1798536628484726,1.3645503520965576,301.0169372558594,0.4430539309978485,281.3207397460937,265.47882080078125,0.0,0.7682966589927673,300.0,0.0247823931276798,0.02106
20200929.0,0.1068747043609619,0.1482308655977249,,,,0.0671806558966636,0.0569475404918193,,,,,,,,,,,,
20200930.0,0.1068734750151634,0.1505090445280075,,,,,,,,,,,,,,,,,
20201001.0,0.1068607568740844,0.1435954719781875,,0.0983804240822792,0.0988777205348014,,,10.0,0.1798536628484726,1.3645503520965576,300.2814636230469,0.4440616071224212,281.9732666015625,267.654296875,0.0,0.730789065361023,300.0,0.0225722696632146,0.02113
20201002.0,0.1068462133407592,0.1484606117010116,,,,0.0516623593866825,0.0381786562502384,,,,,,,,,,,,
20201003.0,0.1068604439496994,0.1455143541097641,,,,,,,,,,,,,,,,,
20201004.0,0.1068700328469276,0.1484801918268203,0.087971031665802,0.107787899672985,0.1069833114743232,0.0639450177550315,0.0613422058522701,10.0,0.1798536628484726,1.3645503520965576,298.83367919921875,0.4466800689697265,279.02325439453125,264.38726806640625,0.0,0.6457582712173462,300.0,0.0255025420337915,0.02019
20201005.0,0.1068855747580528,0.1429376751184463,,,,,,,,,,,,,,,,,
20201006.0,0.1068866699934005,0.1377224922180175,0.0712311118841171,0.1104554533958435,0.113573245704174,,,10.0,0.1798536628484726,1.3645503520965576,297.02911376953125,0.4484690427780151,278.0767517089844,265.8042297363281,0.0008523463038727,0.6076003909111023,300.0,0.0264712236821651,0.01947
20201007.0,0.106905959546566,0.1410395801067352,,0.0965024083852768,0.0988015159964561,0.0469610355794429,0.0350047312676906,10.0,0.1798536628484726,1.3645503520965576,296.1457214355469,0.4493641853332519,280.5014953613281,267.060791015625,0.0,0.5259131193161011,300.0,0.0212571676820516,0.01942
20201008.0,0.1069706156849861,0.1390521675348281,,,,,,,,,,,,,,,,,
20201009.0,0.107103630900383,0.1434980630874633,0.0809294506907463,0.0981825366616249,0.0977108255028724,0.0546983294188976,0.0451673939824104,10.0,0.1798536628484726,1.3645503520965576,291.3678283691406,0.4511559903621673,277.4481811523437,262.94073486328125,0.00557621428743,0.3485974371433258,300.0,0.0199826527386903,0.01687
20201010.0,0.1072092279791832,0.1465955674648285,,,,,0.0222479943186044,,,,,,,,,,,,
20201011.0,0.1073147431015968,0.1557259112596511,,,,,,,,,,,,,,,,,
20201012.0,0.1072834208607673,0.1488231569528579,0.0814806446433067,0.1058754622936248,0.110003150999546,0.0487945117056369,0.039613027125597,10.0,0.1798536628484726,1.3645503520965576,293.63043212890625,0.4538586735725403,275.66876220703125,263.671142578125,0.0030148513615131,0.5028333067893982,300.0,0.02988937869668,0.01781
20201013.0,0.1071865409612655,0.1439514458179474,,,,,,,,,,,,,,,,,
20201014.0,0.10708649456501,0.1578564792871475,0.1080773249268531,0.1140482574701309,0.1129898354411125,,0.0669270902872085,10.0,0.1798536628484726,1.3645503520965576,296.9835510253906,0.4558155238628387,277.0502624511719,262.69287109375,0.0,0.5200768709182739,300.0,0.026372879743576,0.01859
20201015.0,0.1070269048213958,0.1584440320730209,0.0793754607439041,0.1006291955709457,0.1045165881514549,0.0398901514708995,0.0301828067749738,10.0,0.1798536628484726,1.3645503520965576,296.8018493652344,0.4563134908676147,278.9796142578125,266.5005798339844,0.0,0.5476750135421753,300.0,0.02343693934381,0.01863
20201016.0,0.1069669723510742,0.1549791842699051,,,,,,,,,,,,,,,,,
20201017.0,0.1069286540150642,0.1583734154701233,0.0781939402222633,0.1301661431789398,0.1294885724782943,0.0628128051757812,0.0553910955786705,10.0,0.1798536628484726,1.3645503520965576,296.64801025390625,0.4540605545043945,275.30322265625,262.9508972167969,0.0012814997462555,0.5456002950668335,300.0,0.0304417964071035,0.01838
20201018.0,0.1069287061691284,0.1397441029548645,,,,,,,,,,,,,,,,,
20201019.0,0.1069339215755462,0.1493950635194778,,,,,0.0542313903570175,,,,,,,,,,,,
20201020.0,0.1069622263312339,0.1421062797307968,0.0843217223882675,0.1175570860505104,0.1254531890153885,0.0477518402040004,0.0319223627448082,10.0,0.1798536628484726,1.3645503520965576,294.48077392578125,0.450515478849411,275.4227905273437,266.1917419433594,0.0,0.4482226967811584,300.0,0.0270828753709793,0.01796
20201021.0,0.10699263215065,0.1517393887042999,,,,,,,,,,,,,,,,,
20201022.0,0.1070062890648841,0.15536630153656,0.0718232840299606,0.1075438559055328,0.1062719896435737,0.0602739937603473,0.0542313903570175,10.0,0.1798536628484726,1.3645503520965576,293.2304382324219,0.4481104910373688,277.90545654296875,263.07916259765625,0.000426173210144,0.4261776804924011,300.0,0.0226867068558931,0.01722
20201023.0,0.1070284023880958,0.1415742039680481,0.077172577381134,0.1139824464917182,0.1202902123332023,,,10.0,0.1798536628484726,1.3645503520965576,291.2541198730469,0.4469093382358551,274.6430969238281,264.25860595703125,0.0008702276973053,0.3944916129112243,300.0,0.027238443493843,0.01559
20201024.0,0.1070787161588668,0.1403554528951645,,,,,,,,,,,,,,,,,
20201025.0,0.1071771383285522,0.1520090997219085,0.0666262209415435,0.0924317315220832,0.0933066979050636,0.051975280046463,0.0415967293083667,10.0,0.1798536628484726,1.3645503520965576,288.6601867675781,0.4445094168186188,276.67388916015625,262.7623291015625,0.0012830605264753,0.265002965927124,300.0,0.0164734311401844,0.01512
20201026.0,0.1072236895561218,0.1529967188835144,,,,,,,,,,,,,,,,,
20201027.0,0.1071668118238449,0.1417864263057708,,,,0.0501489825546741,0.0342722870409488,,,,,,,,,,,,
20201028.0,0.1071474552154541,0.1383952796459198,0.067754253745079,0.110501118004322,0.110010452568531,,0.0208136234432458,10.0,0.1798536628484726,1.3645503520965576,289.1470642089844,0.4408735632896423,272.9880676269531,258.9412841796875,0.0,0.3751248717308044,300.0,0.0294139683246612,0.01405
20201029.0,0.107149563729763,0.1381744295358657,,,,,,,,,,,,,,,,,
20201030.0,0.1071729212999343,0.1484233886003494,0.0578982271254062,0.1050442457199096,0.1058023422956466,0.0447675697505474,0.0367137677967548,10.0,0.1798536628484726,1.3645503520965576,289.06884765625,0.4378887116909027,273.46990966796875,259.87164306640625,0.0034405547194182,0.3638020157814026,300.0,0.0272858440876007,0.01415
20201031.0,0.1071952283382415,0.1503952145576477,0.0567324310541152,0.0936845690011978,0.0997928604483604,,,10.0,0.1798536628484726,1.3645503520965576,288.8394470214844,0.4381778240203857,274.174072265625,262.2914733886719,0.0008523463038727,0.350247323513031,300.0,0.0241598300635814,0.01407
20201101.0,0.1071938127279281,0.1546851247549057,,,,,0.0507217645645141,,,,,,,,,,,,
20201102.0,0.1071495860815048,0.156442105770111,,,,0.0261999294161796,0.0140995513647794,,,,,,,,,,,,
20201103.0,0.1071248799562454,0.1493505239486694,,,,,,,,,,,,,,,,,
20201104.0,0.1071619689464569,0.1349188685417175,,,,0.0592379383742809,0.0484023578464984,,,,,,,,,,,,
20201105.0,0.1071924269199371,0.1546978205442428,0.0629562512040138,0.1103751957416534,0.1136301979422569,,,10.0,0.1798536628484726,1.3645503520965576,290.2063903808594,0.470633864402771,272.7620849609375,260.59765625,0.0,0.3445417582988739,300.0,0.0307265911251306,0.0141599999999999
20201106.0,0.107557438313961,0.1590620577335357,,,,,0.0390026569366455,,,,,,,,,,,,
20201107.0,0.1300808191299438,,0.0893625244498252,0.1109630092978477,0.1114515587687492,0.0520681031048297,0.0354930274188518,10.0,0.1798536628484726,1.3645503520965576,283.78369140625,0.4841365814208984,271.30279541015625,257.8715515136719,2.735673427581787,0.719316840171814,300.0,0.0407595485448837,0.01306
20201108.0,0.1556261628866195,0.1577777117490768,0.0845570564270019,0.1091713234782219,0.1162835210561752,,,10.0,0.1798536628484726,1.3645503520965576,283.540771484375,0.4909266829490661,269.6697692871094,259.27587890625,3.2194037437438965,1.020962119102478,300.0,0.0499507300555706,0.0126299999999999
20201109.0,0.1697112023830413,,,,,0.0560791827738285,0.0470595434308052,,,,,,,,,,,,
20201110.0,0.1632024645805359,,0.077519416809082,0.1078338548541069,0.110153891146183,,,10.0,0.1798536628484726,1.3645503520965576,280.3187561035156,0.504584550857544,267.23992919921875,254.7281188964844,0.0017123355064541,0.6005074381828308,300.0,0.0391573272645473,0.01052
20201111.0,0.1571948379278183,,,,,,,,,,,,,,,,,,
20201112.0,0.1527490466833114,,,,,0.0591898560523986,0.0458082817494869,,,,,,,,,,,,
20201113.0,0.1485813558101654,0.1614671945571899,0.1001640185713768,0.0814622193574905,0.0789151340723037,,,10.0,0.1798536628484726,1.3645503520965576,280.18292236328125,0.525307834148407,271.2553100585937,257.0303649902344,5.391183376312256,0.3028687536716461,300.0,0.0250475164502859,0.01127
20201114.0,0.2824735343456268,0.2104676365852356,,,,0.1037020161747932,0.1343119591474533,,,,,,,,,,,,
20201115.0,0.2623778581619262,0.197277694940567,0.1541499495506286,0.1613340377807617,0.1524562239646911,,0.0419934689998626,10.0,0.1798536628484726,1.3645503520965576,282.1850891113281,0.5398202538490295,261.26080322265625,247.4852600097656,0.0013024216750636,0.9183160066604614,300.0,0.0760634243488311,0.01098
20201116.0,0.2421957999467849,0.2052264362573623,,0.1572365462779998,0.1487390249967575,,,10.0,0.1798536628484726,1.3645503520965576,283.8847961425781,0.5453265309333801,262.85845947265625,248.1294860839844,0.0017061256803572,0.9531190395355223,300.0,0.0764038264751434,0.01147
20201117.0,0.2245713919401168,0.2002496272325515,,,,0.0980568453669548,0.1008026376366615,,,,,,,,,,,,
20201118.0,0.3566877543926239,0.2417704463005066,0.3331739604473114,0.2791577875614166,0.2375028729438781,,,10.0,0.1798536628484726,1.3645503520965576,286.5037536621094,0.5442548990249634,252.3607788085937,236.4981384277344,33.82939910888672,1.3576507568359375,300.0,0.1276357471942901,0.02239
20201119.0,0.3659876585006714,0.2624413967132568,,,,,0.2637104392051697,,,,,,,,,,,,
20201120.0,0.3234575688838959,0.2474753409624099,,,,,0.1551255881786346,,,,,,,,,,,,
20201121.0,0.303099662065506,0.2342433482408523,0.2361094802618026,0.2219195514917373,0.2037258595228195,,,10.0,0.1798536628484726,1.3645503520965576,280.9643249511719,0.5420098304748535,254.090576171875,235.27442932128903,0.000435113790445,1.1017783880233765,300.0,0.1071851849555969,0.09392
20201122.0,0.289341539144516,0.2367737740278244,,,,0.1560578793287277,0.1609546244144439,,,,,,,,,,,,
20201123.0,0.2793580591678619,0.2441901713609695,,0.2433802634477615,0.2160960286855697,,,10.0,0.1798536628484726,1.3645503520965576,281.3882141113281,0.5403444170951843,252.62924194335932,236.06704711914065,0.0505038574337959,0.976485311985016,300.0,0.1178300380706787,0.09998
20201124.0,0.2700929939746856,0.2267098575830459,,,,,0.1292153745889663,,,,,,,,,,,,
20201125.0,0.2624991834163666,0.2349473983049392,,,,0.123521089553833,0.1202734485268592,,,,,,,,,,,,
20201126.0,0.2539588510990143,0.2254980206489563,,0.2132897078990936,0.1956390887498855,,,10.0,0.1798536628484726,1.3645503520965576,279.9640808105469,0.5378490090370178,254.6581420898437,236.7191925048828,0.0,1.3161574602127075,300.0,0.1082811802625656,0.0993
20201127.0,0.2434211075305938,0.2312991768121719,,,,0.1433752626180648,0.1398968547582626,,,,,,,,,,,,
20201128.0,0.2377550452947616,0.2329549044370651,,,,,,,,,,,,,,,,,
20201129.0,0.2325302511453628,0.2239537090063095,,0.2197507619857788,0.1965610086917877,,,10.0,0.1798536628484726,1.3645503520965576,280.01007080078125,0.5352931618690491,254.0478363037109,239.0826416015625,0.0,0.8574911952018738,300.0,0.1032788529992103,0.09757
20201130.0,0.2278514951467514,0.2338294386863708,,,,0.1066439226269722,0.1056245639920234,,,,,,,,,,,,
20201201.0,0.2232605665922165,0.2224948555231094,,0.1777570843696594,0.1676125824451446,,,10.0,0.1798536628484726,1.3645503520965576,280.0888977050781,0.5327412486076355,258.3799743652344,238.28326416015625,0.0,0.765960156917572,300.0,0.0742780342698097,0.0963
20201202.0,0.2192411571741104,0.2219379395246505,,0.1822986006736755,0.1687822341918945,0.0942349433898925,0.1086764112114906,10.0,0.1798536628484726,1.3645503520965576,280.54608154296875,0.5341432690620422,258.0345458984375,242.94943237304688,0.002133845584467,0.8413614630699158,300.0,0.084026850759983,0.0958
20201203.0,0.2148291319608688,0.2228880375623703,,,,,0.0512100607156753,,,,,,,,,,,,
20201204.0,0.2102336585521698,0.2264800667762756,0.1891646236181259,0.1887728720903396,0.1740519851446151,,,10.0,0.1798536628484726,1.3645503520965576,281.7176818847656,0.5551584959030151,257.8182067871094,241.6011962890625,0.0008553265943191,0.8152741193771362,300.0,0.089094802737236,0.09478
20201205.0,0.20628722012043,0.2221175581216812,,,,0.0958188697695732,0.1022675260901451,,,,,,,,,,,,
20201206.0,0.2014210522174835,0.2205723524093628,,,,,,,,,,,,,,,,,
20201207.0,0.197307139635086,0.2162776887416839,0.1904308050870895,0.1487964391708374,0.1401413381099701,,0.1359599530696869,10.0,0.1798536628484726,1.3645503520965576,281.66424560546875,0.5881017446517944,262.5722351074219,243.8941345214844,0.0,0.9968836307525636,300.0,0.0724278688430786,0.09261
20201208.0,0.1911059916019439,0.2183720916509628,,,,,0.0658284276723861,,,,,,,,,,,,
20201209.0,0.1871949434280395,0.2304283678531646,0.1771302819252014,0.1866454035043716,0.1724689900875091,,,10.0,0.1798536628484726,1.3645503520965576,280.6828308105469,0.6106384992599487,258.6176452636719,244.3339233398437,0.0008583068847656,0.7651950716972351,300.0,0.0861601680517196,0.09131
20201210.0,0.1838503628969192,,,0.1753165870904922,0.1637296676635742,0.0961115062236785,0.1052278205752372,10.0,0.1798536628484726,1.3645503520965576,281.40631103515625,0.6220018863677979,260.0901794433594,244.776611328125,0.0,0.7062169909477234,300.0,0.0804383233189582,0.09049
20201211.0,0.1809758841991424,0.2152925282716751,,,,,,,,,,,,,,,,,
20201212.0,0.2612097263336181,0.2719716429710388,,0.2502695024013519,0.2339938282966613,,0.3404339849948883,10.0,0.1798536628484726,1.3645503520965576,282.3552551269531,0.64491868019104,250.25460815429688,229.8464813232422,10.48089599609375,1.1485316753387451,300.0,0.163529098033905,0.09509
20201213.0,0.3216000199317932,0.2741419076919555,,,,0.1831365525722503,0.2150639295578003,,,,,,,,,,,,
20201214.0,0.3814016282558441,0.3785621225833893,,,,,,,,,,,,,,,,,
20201215.0,0.3370900452136993,0.2803099453449249,,0.3080943524837494,0.2593078911304474,0.1757643520832061,0.2115848213434219,10.0,0.1798536628484726,1.3645503520965576,278.44195556640625,0.6798149943351746,245.35772705078125,230.32749938964844,0.0,0.6722196936607361,300.0,0.1939383298158645,0.1541799999999999
20201216.0,0.3198646605014801,0.2813392877578735,,,,,,,,,,,,,,,,,
20201217.0,0.3550302386283874,0.2711063325405121,0.3847919404506683,0.3473484814167022,0.3061935603618622,,,10.0,0.1798536628484726,1.3645503520965576,281.9844055175781,0.7040179371833801,240.67453002929688,222.2171173095703,11.146267890930176,1.032083511352539,300.0,0.285904198884964,0.16448
20201218.0,0.3615441024303436,0.2832382023334503,,0.2756390869617462,0.2487942427396774,0.2026086002588272,0.2257759273052215,10.0,0.1798536628484726,1.3645503520965576,278.7286376953125,0.7142523527145386,246.5346069335937,228.10459899902344,0.0017166137695312,0.8383983373641968,300.0,0.1821638643741607,0.17098
20201219.0,0.3383666574954986,0.2848399877548218,,,,,,,,,,,,,,,,,
20201220.0,0.3257158398628235,0.2995719015598297,,,,0.1974303722381591,0.2552873194217682,,,,,,,,,,,,
20201221.0,0.3171600997447967,0.2700027227401733,,,,,,,,,,,,,,,,,
20201222.0,0.3093462288379669,0.273326575756073,,,,,,,,,,,,,,,,,
20201223.0,0.3013339340686798,,0.2327883243560791,0.2463641017675399,0.2267309129238128,0.1677964627742767,0.1920224577188491,10.0,0.1798536628484726,1.3645503520965576,277.8564147949219,0.7316986918449402,248.7556610107422,229.86129760742188,0.0008523463038727,0.8338429927825928,300.0,0.1478374451398849,0.16075
20201224.0,0.2943694591522217,,,,,,,,,,,,,,,,,,
20201225.0,0.2882044315338135,,0.3201053142547607,0.2618364095687866,0.237894207239151,,0.2720114886760711,10.0,0.1798536628484726,1.3645503520965576,280.9449768066406,0.7383363842964172,247.71958923339844,229.3674774169922,0.4835789203643799,0.9742202758789062,300.0,0.1953596770763397,0.15799
20201226.0,0.379960149526596,,,0.3216805458068847,0.2698351740837097,,0.2837000787258148,10.0,0.1798536628484726,1.3645503520965576,283.13385009765625,0.7416625618934631,245.3778533935547,230.2362670898437,18.002120971679688,1.4528173208236694,300.0,0.2534485757350921,0.16496
20201227.0,0.369890421628952,,,,,,,,,,,,,,,,,,
20201228.0,0.3588554263114929,0.2782080173492431,0.3452013731002807,0.3289961814880371,0.2739154696464538,0.2252675741910934,0.2601092457771301,10.0,0.1798536628484726,1.3645503520965576,279.9959716796875,0.7483292818069458,244.34918212890625,229.55514526367188,2.490283489227295,0.758825957775116,300.0,0.2423395216464996,0.16768
20201229.0,0.3534507155418396,,,,,,,,,,,,,,,,,,
20201230.0,0.3374214470386505,0.2769648432731628,,,,,0.2221747487783432,,,,,,,,,,,,
20201231.0,0.3477193117141723,0.2887407541275024,0.3316438496112823,0.2862836122512817,0.251302570104599,0.2046580016613006,0.1791741698980331,10.0,0.1798536628484726,1.3645503520965576,281.0830078125,0.7581349611282349,247.2079162597656,230.6786956787109,3.373692512512207,1.4082375764846802,300.0,0.2206190079450607,0.16821
20210101.0,0.3398285508155823,0.2896491289138794,,,,,,,,,,,,,,,,,
20210102.0,0.3279234766960144,0.2827833890914917,0.3550986349582672,0.2597770988941192,0.2405866086483001,0.2191333323717117,0.2469862997531891,10.0,0.1798536628484726,1.3645503520965576,280.3017578125,0.7676888704299927,248.23580932617188,228.94064331054688,0.0672857835888862,0.2438929229974746,300.0,0.1876621693372726,0.1676399999999999
20210103.0,0.3248969614505768,0.2909187972545624,,0.2761111557483673,0.2391110509634018,,,10.0,0.1798536628484726,1.3645503520965576,282.5378723144531,0.7742298245429993,249.22882080078125,234.35818481445312,0.2365675419569015,0.6914803981781006,300.0,0.1938110738992691,0.16736
20210104.0,0.3337317109107971,0.284710019826889,,,,,,,,,,,,,,,,,
20210105.0,0.3833760321140289,,0.3552345037460327,0.30977463722229,0.2696866393089294,0.2138135135173797,0.2414014041423797,10.0,0.1798536628484726,1.3645503520965576,280.3861083984375,0.7866185307502747,245.38357543945312,228.82183837890625,1.2069610357284546,0.751698911190033,300.0,0.2276227474212646,0.17406
20210106.0,0.3594207763671875,0.2973721921443939,,,,,,,,,,,,,,,,,
20210107.0,0.3482612371444702,,,,,0.2137801349163055,0.2298043817281723,,,,,,,,,,,,
20210108.0,0.3404058814048767,0.2766947746276855,,0.3020924031734466,0.2576971054077148,,0.1013214513659477,10.0,0.1798536628484726,1.3645503520965576,279.35357666015625,0.8054643869400024,245.81851196289065,230.86376953125,1.131267786026001,0.691387951374054,300.0,0.2109246253967285,0.17278
20210109.0,0.3411549627780914,0.2819596230983734,,,,,,,,,,,,,,,,,
20210110.0,0.3304339051246643,0.2693497538566589,0.3231712579727173,0.2563416063785553,0.2459665089845657,0.1963612735271453,0.2186040878295898,10.0,0.1798536628484726,1.3645503520965576,278.05401611328125,0.8181105256080627,246.49459838867188,225.28575134277344,0.0012927236966788,0.58431476354599,300.0,0.1850810497999191,0.17087
20210111.0,0.3239682614803314,0.2792465388774872,,0.2857305705547333,0.2496073991060257,,,10.0,0.1798536628484726,1.3645503520965576,279.18701171875,0.8244583606719971,246.47886657714844,230.4467163085937,0.0025719404220581,0.8150067925453186,300.0,0.2043862342834472,0.17027
20210112.0,0.3167499899864197,0.2776143550872803,,,,,0.2242805212736129,,,,,,,,,,,,
20210113.0,0.3120546042919159,0.2814971506595611,0.3463234901428222,0.2576968371868133,0.2361979931592941,,0.1986449807882309,10.0,0.1798536628484726,1.3645503520965576,282.6138000488281,0.8372032046318054,248.56610107421875,230.0023803710937,0.0008523463038727,0.7266235947608948,300.0,0.21498803794384,0.16937
20210114.0,0.3066303431987762,0.2912595272064209,,,,,,,,,,,,,,,,,
20210115.0,0.3004472851753235,0.2845841348171234,,,,0.1837270110845565,0.1987365335226059,,,,,,,,,,,,
20210116.0,0.2932305634021759,0.2902921438217163,0.3082104027271271,0.2663273811340332,0.2332908064126968,,,10.0,0.1798536628484726,1.3645503520965576,283.9518127441406,0.8558136224746704,251.21908569335932,235.810302734375,0.0,1.2042529582977295,300.0,0.2083196640014648,0.1664699999999999
20210117.0,0.2854062616825104,,,,,,0.1718192100524902,,,,,,,,,,,,
20210118.0,0.2785541713237762,0.2925726473331451,0.3201104402542114,0.2567728161811828,0.2368716597557068,0.1654546558856964,0.1615649908781051,10.0,0.1798536628484726,1.3645503520965576,283.9052734375,0.8764973282814026,251.96438598632807,232.9893798828125,0.000435113790445,1.668186902999878,300.0,0.2116588354110717,0.16454
20210119.0,0.2627719938755035,0.2955870330333709,,0.2874709367752075,0.2588823437690735,,,10.0,0.1798536628484726,1.3645503520965576,283.884765625,0.891710638999939,249.31491088867188,231.20046997070312,0.0,2.2818620204925537,300.0,0.251771479845047,0.1626899999999999
20210120.0,0.2501880824565887,0.2786867320537567,,,,0.181092083454132,0.2058473527431488,,,,,,,,,,,,
20210121.0,0.2458162754774093,,0.3033778071403503,0.2585671842098236,0.2367548644542694,,,10.0,0.1798536628484726,1.3645503520965576,280.4140625,0.9203380942344666,250.53765869140625,232.2667236328125,0.0,1.1457746028900146,300.0,0.1903994232416153,0.15891
20210122.0,0.2519861459732055,0.2886398434638977,,,,,,,,,,,,,,,,,
20210123.0,0.3167948722839355,0.3201153874397278,,,,0.1838796436786651,0.2265388965606689,,,,,,,,,,,,
20210124.0,0.3075053989887237,0.293256938457489,0.3003813326358795,0.3093726933002472,0.2681433260440826,,,10.0,0.1798536628484726,1.3645503520965576,277.5505676269531,0.9642602801322936,245.041015625,229.2130126953125,1.0134878158569336,0.7664438486099243,300.0,0.2358559817075729,0.17354
20210125.0,0.3664819598197937,0.2975504696369171,,,,0.2888161838054657,,,,,,,,,,,,,
20210126.0,0.3477916121482849,0.3012321293354034,0.3498050272464752,0.2834403812885284,0.2821325361728668,,,10.0,0.1798536628484726,1.3645503520965576,275.3194580078125,0.9939400553703308,242.02294921875,219.58355712890625,0.0021325598936527,1.0427950620651243,300.0,0.262489378452301,0.20756
20210127.0,0.3847166001796722,,,0.3247404396533966,0.3003414571285248,,,10.0,0.1798536628484726,1.3645503520965576,278.98004150390625,1.008899450302124,240.7953948974609,221.5350341796875,25.767498016357425,2.8191254138946533,300.0,0.3081264197826385,0.25433
20210128.0,0.4276981353759765,0.3308348059654236,,,,0.3703346848487854,0.4021118879318237,,,,,,,,,,,,
20210129.0,0.4271362423896789,0.3642964959144592,0.4481205642223358,0.3969244956970215,0.3753427267074585,,,10.0,0.1798536628484726,1.3645503520965576,280.3107604980469,1.0390571355819702,233.8044891357422,215.43572998046875,13.057177543640137,1.2809351682662964,300.0,0.3482131063938141,0.34926
20210130.0,0.4021419882774353,0.3331354260444641,,,,0.3341779112815857,0.329966127872467,,,,,,,,,,,,
20210131.0,0.3800845146179199,0.334162026643753,,,,,0.360820323228836,,,,,,,,,,,,
20210201.0,0.3646159470081329,0.3162796795368194,,0.32391157746315,0.3192467987537384,,,10.0,0.1798536628484726,1.3645503520965576,283.9891052246094,1.0858696699142456,241.19595336914065,219.546127319336,0.2250901162624359,1.522852897644043,300.0,0.3221533596515655,0.31907
20210202.0,0.3860979676246643,0.3206666111946106,,,,0.3085494339466095,0.3323160409927368,,,,,,,,,,,,
20210203.0,0.405011385679245,0.3388245105743408,,0.3382982015609741,0.3333710432052612,,,10.0,0.1798536628484726,1.3645503520965576,280.4639587402344,1.104741454124451,239.0729217529297,217.6564483642578,0.1643141806125641,0.9919726848602296,300.0,0.321636289358139,0.33783
20210204.0,0.3839767873287201,0.330057829618454,,0.3462583422660827,0.3316821157932281,,0.4354075789451599,10.0,0.1798536628484726,1.3645503520965576,279.97772216796875,1.1067951917648315,238.6797790527344,218.37161254882807,0.0052853436209261,1.5204471349716189,300.0,0.3250553011894226,0.32923
20210205.0,0.3688467144966125,0.3218909204006195,,,,0.285782903432846,0.28180792927742,,,,,,,,,,,,
20210206.0,0.3583249747753143,0.3133375346660614,0.3515536189079284,0.323346734046936,0.3204470872879028,,,10.0,0.1798536628484726,1.3645503520965576,280.0558166503906,1.114065170288086,240.18502807617188,218.4810791015625,0.0012891325168311,1.4705935716629028,300.0,0.3169350326061249,0.31973
20210207.0,0.3497924506664276,0.3101010322570801,,,,0.302792340517044,0.3437910079956054,,,,,,,,,,,,
20210208.0,0.3421646356582641,0.3127408325672149,,,,,,,,,,,,,,,,,
20210209.0,0.3430584669113159,0.3191026449203491,0.3647873997688293,0.2834252715110779,0.2735758423805237,,,10.0,0.1798536628484726,1.3645503520965576,284.3528137207031,1.124408721923828,246.80056762695312,225.80810546875,1.7705918550491333,1.266995191574097,300.0,0.2967527210712433,0.30998
20210210.0,0.3454155921936035,0.3120132982730865,,,,0.2417204827070236,0.2442701458930969,,,,,,,,,,,,
20210211.0,0.3350004255771637,0.3103979229927063,0.3762128353118896,0.2860251665115356,0.2766668200492859,,,10.0,0.1798536628484726,1.3645503520965576,282.32666015625,1.1313238143920898,246.42593383789065,225.21690368652344,0.9705538749694824,0.6327670216560364,300.0,0.2854982912540436,0.31238
20210212.0,0.4057598412036896,0.346956342458725,,0.3809983134269714,0.3306351602077484,0.346779465675354,0.3627735078334808,10.0,0.1798536628484726,1.3645503520965576,284.0106201171875,1.1347873210906982,240.3538818359375,223.26251220703125,22.121456146240234,1.5148770809173584,300.0,0.3387584984302521,0.34792
20210213.0,0.401585191488266,0.329113245010376,,,,,0.2581255435943603,,,,,,,,,,,,
20210214.0,0.391885906457901,0.3165345191955566,0.3677363395690918,0.3350222408771515,0.3117476105690002,,,10.0,0.1798536628484726,1.3645503520965576,279.59149169921875,1.141725778579712,241.3052673339844,221.607666015625,0.0275720190256834,0.9610220193862916,300.0,0.3115577101707458,0.32821
20210215.0,0.4014917612075805,0.3286795020103454,,,,0.2772879600524902,0.3037202060222626,,,,,,,,,,,,
20210216.0,0.405002623796463,0.3676372170448303,,,,,,,,,,,,,,,,,
20210217.0,0.37994584441185,0.3122515380382538,0.4014596045017242,0.3350389897823334,0.3194689154624939,0.2696839570999145,0.3503830134868622,10.0,0.1798536628484726,1.3645503520965576,279.93182373046875,1.1516845226287842,240.1060791015625,219.56930541992188,0.0017046927241608,2.346067190170288,300.0,0.3335731923580169,0.3337299999999999
20210218.0,0.36195108294487,0.311271607875824,,,,,0.1828363835811615,,,,,,,,,,,,
20210219.0,0.3570374846458435,0.3207654058933258,0.3949882090091705,0.3238180875778198,0.2931495904922485,,,10.0,0.1798536628484726,1.3645503520965576,281.88531494140625,1.1645439863204956,243.7281036376953,225.5472412109375,1.035341501235962,0.5672858357429504,300.0,0.3087305128574371,0.32687
20210220.0,0.3733773529529571,0.3310345709323883,,0.3098293542861938,0.2875874638557434,0.3101641833782196,0.3210852444171905,10.0,0.1798536628484726,1.3645503520965576,282.0352478027344,1.1746199131011963,244.22824096679688,225.11410522460932,2.281200885772705,1.5690404176712036,300.0,0.3130515217781067,0.32866
20210221.0,0.3639322221279144,0.3161260485649109,,,,,,,,,,,,,,,,,
20210222.0,0.3488081693649292,0.3160543143749237,,0.3569968640804291,0.3218625783920288,,0.3106479048728943,10.0,0.1798536628484726,1.3645503520965576,281.5587158203125,1.1933166980743408,240.4756774902344,222.53436279296875,0.0038491443265229,2.096618175506592,300.0,0.3358787298202514,0.32058
20210223.0,0.3373883068561554,0.3065094947814941,,,,0.2639610767364502,0.1954100131988525,,,,,,,,,,,,
20210224.0,0.3236032724380493,0.3074910044670105,,,,,,,,,,,,,,,,,
20210225.0,0.3082840144634247,0.3089422285556793,0.4047426581382751,0.3363331854343414,0.3212511241436004,0.2705163657665252,0.264625996351242,10.0,0.1798536628484726,1.3645503520965576,281.9692077636719,1.2218621969223022,241.5444183349609,221.56365966796875,0.0,2.8134536743164062,300.0,0.3391607105731964,0.3040299999999999
20210226.0,0.3009600937366485,0.2981669902801513,,,,,,,,,,,,,,,,,
20210227.0,0.2931867241859436,0.2934338450431824,0.3751133978366852,0.2617888450622558,0.2637051343917846,,,10.0,0.1798536628484726,1.3645503520965576,280.6706237792969,1.2410330772399902,247.3609161376953,224.7885131835937,0.0012884902535006,2.6086883544921875,300.0,0.2921175956726074,0.29337
20210228.0,0.2823205292224884,0.286414235830307,0.3566880226135254,0.2868227362632751,0.275352418422699,0.2003601789474487,0.2220221608877182,10.0,0.1798536628484726,1.3645503520965576,281.2943420410156,1.2506606578826904,245.82485961914065,225.667724609375,0.0017046927241608,2.5450663566589355,300.0,0.3122306168079376,0.28712
20210301.0,0.2751796245574951,0.2986091375350952,,,,,,,,,,,,,,,,,
20210302.0,0.2648525536060333,0.2962327897548675,0.3521220982074737,0.3077585995197296,0.2776199281215668,0.2156508713960647,0.2356029003858566,10.0,0.1798536628484726,1.3645503520965576,283.1753845214844,1.2700001001358032,246.87127685546875,229.78042602539065,0.0,2.450916051864624,300.0,0.3116482198238373,0.27398
20210303.0,0.258547842502594,0.2907485663890838,,,,,,,,,,,,,,,,,
20210304.0,0.2532241642475128,0.286789059638977,,,,,,,,,,,,,,,,,
20210305.0,0.2473886907100677,0.2919517457485199,0.2942679822444916,0.2453163564205169,0.223308190703392,0.1580889075994491,0.1683401018381118,10.0,0.1798536628484726,1.3645503520965576,283.3609619140625,1.2992959022521973,253.28091430664065,237.75167846679688,0.0012904405593872,2.157843351364136,300.0,0.2468148171901703,0.25924
20210306.0,0.2668379843235016,0.2935253977775574,,,,,,,,,,,,,,,,,
20210307.0,0.2750527262687683,0.3041144609451294,0.2944374084472656,0.2657920122146606,0.2475152164697647,0.1772926300764084,0.2142399400472641,10.0,0.1798536628484726,1.3645503520965576,281.8983459472656,1.317978024482727,249.9439239501953,231.7455444335937,0.0012874602107331,2.347248077392578,300.0,0.2763257622718811,0.26495
20210308.0,0.2613966166973114,0.292620837688446,0.3299389779567718,0.2523225247859955,0.2309181839227676,,0.1513107717037201,10.0,0.1798536628484726,1.3645503520965576,281.904052734375,1.3267793655395508,251.9582672119141,235.5123291015625,0.0969497039914131,2.132460832595825,300.0,0.2552331984043121,0.25967
20210309.0,0.2569922208786011,0.2883780598640442,,,,,,,,,,,,,,,,,
20210310.0,0.3496018052101135,0.3089731335639953,0.3421148657798767,0.3381158411502838,0.2918981611728668,0.263445645570755,,10.0,0.1798536628484726,1.3645503520965576,280.5718078613281,1.344696283340454,244.76187133789065,229.73654174804688,14.417969703674316,2.111368656158448,300.0,0.3143366873264313,0.29504
20210311.0,0.3690782785415649,0.3070330619812011,,,,,,,,,,,,,,,,,
20210312.0,0.3344238400459289,0.2979561686515808,,,,,0.3521836102008819,,,,,,,,,,,,
20210313.0,0.3117188811302185,0.3051823079586029,,,,0.1952768415212631,0.1854609847068786,,,,,,,,,,,,
20210314.0,0.2963829040527344,0.3062955141067505,,,,,,,,,,,,,,,,,
20210315.0,0.3599624037742615,0.3150502741336822,0.3590441346168518,0.3294183611869812,0.2934274971485138,0.2732572257518768,0.2814111709594726,10.0,0.1798536628484726,1.3645503520965576,280.9711608886719,1.3898136615753174,244.64512634277344,228.14453125,13.704222679138184,2.347679376602173,300.0,0.3238507211208343,0.31409
20210316.0,0.364268958568573,0.3093146383762359,,0.3182368874549866,0.2770451605319977,,,10.0,0.1798536628484726,1.3645503520965576,279.3822021484375,1.3989059925079346,244.65753173828125,229.89849853515625,0.0302410405129194,2.357943534851074,300.0,0.3171171545982361,0.31263
20210317.0,0.3362467586994171,0.3044180572032928,,,,,0.2670980095863342,,,,,,,,,,,,
20210318.0,0.3239299654960632,0.3071102201938629,0.3617291152477264,0.2595070898532867,0.2391925156116485,0.1954168677330017,0.2078310549259185,10.0,0.1798536628484726,1.3645503520965576,283.2216186523437,1.4171600341796875,250.75762939453125,233.7147827148437,4.291897773742676,1.419801115989685,300.0,0.2822462618350982,0.31305
20210319.0,0.4112721979618072,0.3248973488807678,,,,,,,,,,,,,,,,,
20210320.0,0.3860230147838592,0.3203894793987274,,,,0.2616097927093506,0.2392345964908599,,,,,,,,,,,,
20210321.0,0.3629482686519623,0.3057063817977905,0.3823767602443695,0.3110947608947754,0.2900931239128113,,,10.0,0.1798536628484726,1.3645503520965576,281.3217163085937,1.4454292058944702,244.9813232421875,226.63804626464844,0.0018258575582876,3.235657930374145,300.0,0.3348305225372314,0.33022
20210322.0,0.3420967757701874,0.3088042140007019,,,,,,,,,,,,,,,,,
20210323.0,0.3303821682929992,0.3098183572292328,0.3748539388179779,0.2905310094356537,0.2670963406562805,0.2019600719213485,0.2235786020755767,10.0,0.1798536628484726,1.3645503520965576,282.87567138671875,1.4551103115081787,248.88096618652344,231.513671875,0.1204807832837104,3.744576930999756,300.0,0.315483033657074,0.31347
20210324.0,0.3093238770961761,0.3167765438556671,,0.2851797938346863,0.265762984752655,,,10.0,0.1798536628484726,1.3645503520965576,283.8255615234375,1.454554319381714,248.76329040527344,230.72059631347656,0.0008523463038727,3.6873648166656494,300.0,0.3197678923606872,0.303
20210325.0,0.2972860932350158,0.3045186102390289,,,,0.222487598657608,0.3223364949226379,,,,,,,,,,,,
20210326.0,0.2970190942287445,0.304098904132843,0.3163142800331116,0.271270751953125,0.2429142594337463,,0.1316263377666473,10.0,0.1798536628484726,1.3645503520965576,282.6043395996094,1.4557390213012695,251.1459350585937,236.5433654785156,0.0033897482790052,3.2873244285583496,300.0,0.2826731204986572,0.28619
20210327.0,0.2818047106266022,0.3019432723522186,,,,,,,,,,,,,,,,,
20210328.0,0.2692060172557831,0.3014559745788574,,,,0.1706300675868988,0.2009338736534118,,,,,,,,,,,,
20210329.0,0.2565277516841888,0.297741562128067,0.3468300700187683,0.2474096417427063,0.2267536222934723,,,10.0,0.1798536628484726,1.3645503520965576,286.7522277832031,1.4570856094360352,255.73989868164065,239.9048767089844,0.001709257485345,3.3289034366607666,300.0,0.2615337073802948,0.25492
20210330.0,0.2427405714988708,0.2959402799606323,,,,,0.1830195039510727,,,,,,,,,,,,
20210331.0,0.2257613986730575,0.2912327647209167,0.2910321354866028,0.2313715666532516,0.2142450511455536,0.1236944645643234,0.1098666340112686,10.0,0.1798536628484726,1.3645503520965576,288.2310791015625,1.4579838514328003,257.3490600585937,241.17935180664065,0.0017077277880162,3.9480538368225098,300.0,0.2512873709201813,0.23711
20210401.0,0.2137149423360824,0.2833007574081421,,0.2145795822143554,0.1989066451787948,,,10.0,0.1798536628484726,1.3645503520965576,289.3627014160156,1.4584330320358276,260.08013916015625,248.21456909179688,0.0017239976441487,3.734373569488525,300.0,0.220208927989006,0.22787
20210402.0,0.2019044309854507,0.294580340385437,,,,0.1557029038667678,0.1740775853395462,,,,,,,,,,,,
20210403.0,0.1913819015026092,0.2813802659511566,0.2386300414800644,0.2081429809331894,0.1945236474275589,,,10.0,0.1798536628484726,1.3645503520965576,287.5916748046875,1.459331512451172,260.7453308105469,249.41200256347656,0.0008523463620804,2.9134137630462646,300.0,0.2028218209743499,0.20985
20210404.0,0.1848525106906891,0.282584398984909,,,,,0.2029786109924316,,,,,,,,,,,,
20210405.0,0.1811969131231308,0.2573555111885071,,,,0.1032136306166648,0.0968047156929969,,,,,,,,,,,,
20210406.0,0.1786497086286544,0.2684976756572723,0.2435146570205688,0.1747468709945678,0.169214442372322,,,10.0,0.1798536628484726,1.3645503520965576,287.146484375,1.4628174304962158,262.1990661621094,250.0950927734375,0.000426173210144,2.726886749267578,300.0,0.1881484091281891,0.19322
20210407.0,0.1716784685850143,0.2729552090167999,,,,0.1108248978853225,0.1302224844694137,,,,,,,,,,,,
20210408.0,0.1648909747600555,0.2616225481033325,,,,,,,,,,,,,,,,,
20210409.0,0.1589290201663971,0.2714815735816955,,0.1709266006946563,0.1694465577602386,,,10.0,0.1798536628484726,1.3645503520965576,287.9301147460937,1.4091410636901855,262.6546630859375,252.6234741210937,0.0,2.729060411453247,300.0,0.1791872382164001,0.17167
20210410.0,0.1532048434019088,0.2545558512210846,,,,0.0918385684490203,0.0844447165727615,,,,,,,,,,,,
20210411.0,0.1478712558746338,0.2573863863945007,0.1669949293136596,0.1488910019397735,0.1482960432767868,,,10.0,0.1798536628484726,1.3645503520965576,289.1456298828125,1.359550714492798,265.7919616699219,253.51272583007807,0.0004351138486526,2.9360759258270264,300.0,0.1593283414840698,0.1559
20210412.0,0.1420715451240539,0.2601570188999176,,,,0.082878977060318,0.0904263406991958,,,,,,,,,,,,
20210413.0,0.1366710811853408,0.2630083560943603,,,,,0.0387585088610649,,,,,,,,,,,,
20210414.0,0.1337292492389679,0.2550999522209167,0.1844072788953781,0.1374825090169906,0.1448080539703369,,,10.0,0.1798536628484726,1.3645503520965576,289.1627197265625,1.2852343320846558,267.07476806640625,257.40997314453125,0.1460386961698532,2.4618985652923584,300.0,0.1308639943599701,0.12864
20210415.0,0.131272867321968,0.2511613070964813,,,,0.0726177468895912,0.0679647177457809,,,,,,,,,,,,
20210416.0,0.1281727105379104,0.2492446005344391,,0.1384221762418747,0.1433569639921188,,,10.0,0.1798536628484726,1.3645503520965576,289.35260009765625,1.236579418182373,266.620361328125,256.1107482910156,0.0028464414644986,2.4406142234802246,300.0,0.1342668980360031,0.11016
20210417.0,0.1256050318479538,0.24576236307621,0.1707233786582946,0.1268669664859771,0.1402980983257293,,0.104831077158451,10.0,0.1798536628484726,1.3645503520965576,291.3479309082031,1.2125186920166016,267.6814880371094,259.527099609375,0.000426173210144,2.762211561203003,300.0,0.1232626885175705,0.10057
20210418.0,0.121973417699337,0.2482176274061203,,,,,0.0691244229674339,,,,,,,,,,,,
20210419.0,0.1191839873790741,0.2477696985006332,0.1322944164276123,0.1218939051032066,0.1256037503480911,,,10.0,0.1798536628484726,1.3645503520965576,293.15655517578125,1.1649305820465088,271.148681640625,259.1598815917969,0.0,2.545884132385254,300.0,0.1173157542943954,0.08193
20210420.0,0.1179074347019195,0.2419358640909195,,,,0.0696150884032249,0.0673543512821197,,,,,,,,,,,,
20210421.0,0.1175343319773674,0.2441893815994262,,,,,,,,,,,,,,,,,
20210422.0,0.1168733313679695,0.2377023547887802,0.15447598695755,0.1135822609066963,0.1215623617172241,,0.0432142093777656,10.0,0.1798536628484726,1.3645503520965576,290.98065185546875,1.09480082988739,270.8403015136719,260.1753845214844,0.0021412225905805,2.0821175575256348,300.0,0.1043785661458969,0.06571
20210423.0,0.116343505680561,0.2354389578104019,,,,0.0534413680434227,0.0358592495322227,,,,,,,,,,,,
20210424.0,0.1158232390880584,0.239986851811409,0.124904915690422,0.1105285957455635,0.1140099093317985,,,10.0,0.1798536628484726,1.3645503520965576,290.2706298828125,1.04997718334198,271.947265625,259.66510009765625,0.0134946517646312,1.636681079864502,300.0,0.0966547206044197,0.06023
20210425.0,0.1162255778908729,0.2349078506231308,,0.1090004965662956,0.1130421385169029,0.071698360145092,0.0673848688602447,10.0,0.1798536628484726,1.3645503520965576,288.1810302734375,1.0284209251403809,271.43035888671875,259.3593444824219,1.3182857036590576,0.9195045828819276,300.0,0.0773661211133003,0.0580199999999999
20210426.0,0.1564783900976181,0.2275224924087524,,,,,,,,,,,,,,,,,
20210427.0,0.1525292098522186,0.2345504611730575,0.1390172243118286,0.1161299645900726,0.1162311658263206,,,10.0,0.1798536628484726,1.3645503520965576,287.17919921875,0.9855403304100036,268.41864013671875,255.0724334716797,0.0150480307638645,2.573880434036255,300.0,0.0948459282517433,0.05524
20210428.0,0.1409356594085693,0.2379907220602035,,,,0.0726133361458778,0.0564287230372428,,,,,,,,,,,,
20210429.0,0.130444124341011,0.2390692830085754,,,,,,,,,,,,,,,,,
20210430.0,0.1228753849864006,0.2366601973772049,,0.1183959320187568,0.1254937797784805,0.0528174974024295,0.0401623584330081,10.0,0.1798536628484726,1.3645503520965576,294.86700439453125,0.9224883317947388,271.92193603515625,261.25604248046875,0.000435113790445,2.608049869537353,300.0,0.0995779931545257,0.05364
20210501.0,0.1182472109794616,0.2292803525924682,,,,,0.0159306619316339,,,,,,,,,,,,
20210502.0,0.1158933416008949,0.2291455417871475,,0.103077657520771,0.1033741012215614,,,10.0,0.1798536628484726,1.3645503520965576,293.1623229980469,0.8812673687934875,274.4340209960937,260.7838134765625,3.5421217035036534e-05,2.088250637054444,300.0,0.0857822448015213,0.05199
20210503.0,0.1141038984060287,0.2221506536006927,,0.0979590564966201,0.1048602983355522,0.0566542036831378,0.0519730225205421,10.0,0.1798536628484726,1.3645503520965576,294.0977478027344,0.8609011173248291,274.5214233398437,263.18292236328125,0.0008583068847656,2.356065511703491,300.0,0.0835183337330818,0.05148
20210504.0,0.1124598979949951,0.2249180227518081,,,,,,,,,,,,,,,,,
20210505.0,0.1112439632415771,0.2244668006896972,,0.1122853979468345,0.1158017367124557,,0.0689413100481033,10.0,0.1798536628484726,1.3645503520965576,297.17352294921875,0.8206567764282227,274.7093505859375,262.36151123046875,0.0008523463038727,2.3927252292633057,300.0,0.0877545624971389,0.0516
20210506.0,0.1104156449437141,0.2243375331163406,,,,,0.0202032532542943,,,,,,,,,,,,
20210507.0,0.1101403087377548,0.1961635053157806,,,,,,,,,,,,,,,,,
20210508.0,0.1098499447107315,0.2078192681074142,0.1636509299278259,0.1065212935209274,0.1063078790903091,0.058893583714962,0.0595110952854156,10.0,0.1798536628484726,1.3645503520965576,294.2371520996094,0.7604033946990967,275.12945556640625,261.16436767578125,0.0008523463038727,2.125526428222656,300.0,0.0791045576333999,0.04967
20210509.0,0.1094618812203407,0.2083369493484497,,,,,,,,,,,,,,,,,
20210510.0,0.1091311797499656,0.2008532136678695,,0.1021342203021049,0.106945015490055,,0.0355540625751018,10.0,0.1798536628484726,1.3645503520965576,296.4100646972656,0.7351934909820557,276.0995788574219,263.9947509765625,0.0008523463038727,2.169145345687866,300.0,0.0752449259161949,0.04994
20210511.0,0.1087709888815879,0.2107926309108734,,0.0925506055355072,0.0922393426299095,0.0415274500846862,0.0263069551438093,10.0,0.1798536628484726,1.3645503520965576,297.3543395996094,0.7309091091156006,278.5657958984375,264.69696044921875,0.0034213066101074,2.2510900497436523,300.0,0.0679415017366409,0.0500399999999999
20210512.0,0.1084315255284309,0.2056513577699661,,,,,,,,,,,,,,,,,
20210513.0,0.1082320660352706,0.2071176022291183,,0.1128445267677307,0.1206706389784812,0.0546181090176105,0.0530106499791145,10.0,0.1798536628484726,1.3645503520965576,297.3632507324219,0.7188817262649536,275.731689453125,265.0219116210937,0.0017210674704983,1.9786449670791624,300.0,0.0736695826053619,0.04955
20210514.0,0.1081930249929428,0.191052109003067,,,,,,,,,,,,,,,,,
20210515.0,0.1083741933107376,0.1839131116867065,,,,,,,,,,,,,,,,,
20210516.0,0.1085592359304428,0.2006151378154754,,0.098190501332283,0.1060626879334449,0.0603954084217548,0.0376293212175369,10.0,0.1798536628484726,1.3645503520965576,294.2603454589844,0.7016083002090454,275.75506591796875,264.6640014648437,0.0067071123048663,1.3749526739120483,300.0,0.0671136528253555,0.04677
20210517.0,0.1085503548383712,0.2000532746315002,,,,,,,,,,,,,,,,,
20210518.0,0.1084696054458618,0.1990024447441101,0.0965360552072525,0.090406060218811,0.0851176455616951,0.0587969534099102,0.0502029471099376,10.0,0.1798536628484726,1.3645503520965576,294.0609741210937,0.6901670694351196,277.5986328125,262.4134521484375,0.0008583068847656,1.609158635139465,300.0,0.0652419254183769,0.04573
20210519.0,0.1082424446940422,0.1873093098402023,,0.0977316945791244,0.0989840254187583,,0.0107425153255462,10.0,0.1798536628484726,1.3645503520965576,293.7577514648437,0.6844687461853027,276.3790283203125,262.97076416015625,0.0008583068847656,1.5228184461593628,300.0,0.067593015730381,0.04474
20210520.0,0.1082932353019714,0.1907041668891906,,,,,,,,,,,,,,,,,
20210521.0,0.109236903488636,0.1870972067117691,0.1091344729065895,0.0850929021835327,0.0849000886082649,0.0483947321772575,0.0394299142062664,10.0,0.1798536628484726,1.3645503520965576,291.02899169921875,0.6731168627738953,275.50701904296875,261.856689453125,0.0533105097711086,1.391000270843506,300.0,0.0620077475905418,0.04192
20210522.0,0.1089100539684295,0.1986458450555801,,,,,,,,,,,,,,,,,
20210523.0,0.1085569113492965,0.1987330615520477,,,,,0.0736411660909652,,,,,,,,,,,,
20210524.0,0.1082969307899475,0.1945907026529312,0.1269342452287674,0.0835176110267639,0.0875739604234695,,0.0180669575929641,10.0,0.1798536628484726,1.3645503520965576,295.0406188964844,0.6561203002929688,276.6005859375,263.911376953125,0.0008587809279561,1.5926090478897097,300.0,0.0666768029332161,0.04214
20210525.0,0.1080274209380149,0.1899267733097076,,,,,,,,,,,,,,,,,
20210526.0,0.107875607907772,0.1798667907714843,,,,0.0566386617720127,0.0488601326942443,,,,,,,,,,,,
20210527.0,0.107682779431343,0.1776435077190399,0.105032593011856,0.0819842219352722,0.0863273292779922,,,10.0,0.1798536628484726,1.3645503520965576,296.1546936035156,0.6414076089859009,278.624267578125,265.9146728515625,0.0,1.5842052698135376,300.0,0.0595987848937511,0.04186
20210528.0,0.1076060831546783,0.1820463240146637,,,,,0.0609149448573589,,,,,,,,,,,,
20210529.0,0.1075315102934837,0.1870556771755218,0.0929117500782013,0.0934153050184249,0.0905551686882972,0.0343024171888828,0.0141605883836746,10.0,0.1798536628484726,1.3645503520965576,296.8645935058594,0.6322001218795776,279.1776123046875,264.1129150390625,0.0,1.426104187965393,300.0,0.0566190853714942,0.0414499999999999
20210530.0,0.107504554092884,0.1891369074583053,,,,,,,,,,,,,,,,,
20210531.0,0.1073469221591949,0.1826267093420028,,,,0.0652586743235588,0.0625629425048828,,,,,,,,,,,,
20210601.0,0.1071623042225837,0.1914857327938079,0.1459655314683914,0.1014020070433616,0.1068753153085708,,,10.0,0.1798536628484726,1.3645503520965576,303.3038024902344,0.6185125112533569,280.19757080078125,268.2294311523437,0.0012713478645309,1.7765523195266724,300.0,0.0483292862772941,0.0414499999999999
20210602.0,0.1071196720004081,0.1812607795000076,,,,,,,,,,,,,,,,,
20210603.0,0.1071188747882843,0.1669149845838546,,0.1036304086446762,0.1085797995328903,0.0516446568071842,0.0302133243530988,10.0,0.1798536628484726,1.3645503520965576,299.9406433105469,0.6094381213188171,279.9757080078125,267.89312744140625,0.0012771693291142,1.5490872859954834,300.0,0.05001937225461,0.03911
20210604.0,0.1071026027202606,0.1731095761060714,,0.0911545008420944,0.0951200425624847,,,10.0,0.1798536628484726,1.3645503520965576,301.2287902832031,0.6049160957336426,282.3353271484375,269.18048095703125,0.0,1.5251773595809937,300.0,0.0450223684310913,0.03835
20210605.0,0.1070935875177383,0.1715684533119201,,,,0.0481000319123268,0.040559098124504,,,,,,,,,,,,
20210606.0,0.1070864722132682,0.1695618778467178,,0.1066026464104652,0.1082704216241836,,3.051850944757461e-05,10.0,0.1798536628484726,1.3645503520965576,299.516357421875,0.5959024429321289,279.5943603515625,266.129638671875,0.0,1.4134690761566162,300.0,0.0500572212040424,0.03576
20210607.0,0.1070906370878219,0.1690398156642913,,,,,,,,,,,,,,,,,
20210608.0,0.1071554273366928,0.1626448184251785,,,,0.0414688140153884,0.0283211767673492,,,,,,,,,,,,
20210609.0,0.1072346568107605,0.1636642068624496,0.1077048853039741,0.0792364925146102,0.083070121705532,,,10.0,0.1798536628484726,1.3645503520965576,293.0487060546875,0.5822746753692627,278.7694091796875,265.86639404296875,0.0033768226858228,1.0502125024795532,300.0,0.0465374961495399,0.03081
20210610.0,0.1073189377784729,0.1547819077968597,,,,,0.0333567298948764,,,,,,,,,,,,
20210611.0,0.1072724312543869,0.1475295275449752,0.0727931708097457,0.0845162943005561,0.0851087346673011,,0.0001831110566854,10.0,0.1798536628484726,1.3645503520965576,294.5106811523437,0.5755974054336548,277.7247009277344,263.8842468261719,0.0,1.223965048789978,300.0,0.0552077777683734,0.02957
20210612.0,0.1072122752666473,0.1647127717733383,,0.0779376178979873,0.0846654549241066,,,10.0,0.1798536628484726,1.3645503520965576,297.85870361328125,0.5736385583877563,279.1923828125,267.0512084960937,0.0,1.2474075555801392,300.0,0.0490235090255737,0.03041
20210613.0,0.1071638092398643,0.1701805144548416,,,,0.0558991394937038,0.046601764857769,,,,,,,,,,,,
20210614.0,0.1071705669164657,0.1759298145771026,,0.0851895734667778,0.0923408716917038,,,10.0,0.1798536628484726,1.3645503520965576,298.8486633300781,0.5691450238227844,280.6639404296875,268.484375,0.00558872660622,1.094791054725647,300.0,0.0402066633105278,0.03055
20210615.0,0.1071641519665718,0.168545126914978,,,,,0.0585345029830932,,,,,,,,,,,,
20210616.0,0.1070469990372657,0.1624563783407211,,,,0.0314488559961319,0.0070802941918373,,,,,,,,,,,,
20210617.0,0.1069389134645462,0.1605257987976074,0.1300008893013,0.1008208319544792,0.105531707406044,,,10.0,0.1798536628484726,1.3645503520965576,303.3768005371094,0.5625327229499817,280.3811950683594,268.131591796875,0.0021427869796752,1.565506935119629,300.0,0.0423216298222541,0.02991
20210618.0,0.1068216115236282,0.1622487902641296,,,,0.0705185383558273,0.0826746448874473,,,,,,,,,,,,
20210619.0,0.1067695394158363,0.1668117493391037,0.1109909415245056,0.10496187210083,0.1061421260237693,,,10.0,0.1798536628484726,1.3645503520965576,306.222412109375,0.558137059211731,283.52166748046875,269.61151123046875,0.0012839790433645,1.5163342952728271,300.0,0.0299700107425451,0.03063
20210620.0,0.1068016216158866,0.1558109819889068,0.1162373200058937,0.1037486121058464,0.1062739565968513,,,10.0,0.1798536628484726,1.3645503520965576,304.1061706542969,0.5559430122375488,283.2425842285156,269.9997863769531,0.0017220586305484,1.4173314571380615,300.0,0.0342928431928157,0.0296099999999999
20210621.0,0.1068397089838981,0.1510063856840133,,,,0.0460654124617576,0.0242927335202693,,,,,,,,,,,,
20210622.0,0.1069038733839988,0.1523346453905105,0.0818984061479568,0.1021724417805671,0.1079141423106193,,,10.0,0.1798536628484726,1.3645503520965576,299.2214660644531,0.5515624284744263,280.72491455078125,268.99078369140625,0.0,1.1059366464614868,300.0,0.0388338789343833,0.02697
20210623.0,0.1069515869021415,0.1520553529262542,,,,0.0491048358380794,0.0352488793432712,,,,,,,,,,,,
20210624.0,0.1069936156272888,0.1554736196994781,,,,,0.0082399975508451,,,,,,,,,,,,
20210625.0,0.1070139557123184,0.1627271622419357,0.1091188788414001,0.0918445363640785,0.0964670553803443,,,10.0,0.1798536628484726,1.3645503520965576,299.03094482421875,0.5450677871704102,281.30810546875,268.39306640625,0.0008523463620804,1.0648804903030396,300.0,0.0377268940210342,0.02596
20210626.0,0.106989711523056,0.1632191836833953,,,,0.0413532331585884,0.0217902157455682,,,,,,,,,,,,
20210627.0,0.1069322973489761,0.1674049198627472,0.0776471942663192,0.0907956734299659,0.0928596183657646,,,10.0,0.1798536628484726,1.3645503520965576,302.54864501953125,0.5400083065032959,283.8044128417969,269.9031677246094,0.0,1.151882290840149,300.0,0.0311446581035852,0.02707
20210628.0,0.1069294139742851,0.1702444702386856,,0.0827457308769226,0.0898657515645027,0.0447854064404964,0.0393688790500164,10.0,0.1798536628484726,1.3645503520965576,300.9988098144531,0.5370520353317261,284.2118530273437,271.89764404296875,0.0009296985226683,1.035373568534851,300.0,0.0289268605411052,0.02681
20210629.0,0.1069390550255775,0.1651282310485839,,,,,0.0,,,,,,,,,,,,
20210630.0,0.1069330796599388,0.1553561240434646,0.0788278132677078,0.0917117297649383,0.0993326157331466,,,10.0,0.1798536628484726,1.3645503520965576,302.1315612792969,0.5313361883163452,283.7399597167969,271.8436279296875,0.0025808811187744,1.06134831905365,300.0,0.0283075366169214,0.02682
20210701.0,0.1069346368312835,0.1613103300333023,,,,0.0474168322980403,0.0344248786568641,,,,,,,,,,,,
20210702.0,0.1069268137216568,0.1621834337711334,,,,,,,,,,,,,,,,,
20210703.0,0.1069207563996315,0.1492077708244323,0.086248442530632,0.0944686830043792,0.0983531698584556,,0.0332346558570861,10.0,0.1798536628484726,1.3645503520965576,301.5845947265625,0.5227611064910889,283.3494873046875,270.233154296875,0.0025868413504213,1.0610806941986084,300.0,0.0302450060844421,0.02545
20210704.0,0.1069124042987823,0.1472961604595184,,,,0.0329657979309558,0.0061037018895149,,,,,,,,,,,,
20210705.0,0.1069115176796913,0.1477713733911514,0.069968044757843,,,,,,,,,,,,,,,,
20210706.0,0.1069095507264137,0.148709237575531,,0.0852382704615593,0.096763975918293,0.0525340139865875,0.0392468050122261,10.0,0.1798536628484726,1.3645503520965576,299.7753601074219,0.5142254829406738,282.88446044921875,271.94891357421875,0.0,0.9490867257118224,300.0,0.0285195112228393,0.02466
20210707.0,0.106919527053833,0.1420143842697143,,,,,,,,,,,,,,,,,
20210708.0,0.1069012284278869,0.1387965679168701,0.0561980567872524,0.0939088836312294,0.0993497818708419,,,10.0,0.1798536628484726,1.3645503520965576,301.1441345214844,0.5085570812225342,282.39471435546875,269.9090270996094,0.0004401270416565,1.0775216817855835,300.0,0.0315809063613414,0.02446
20210709.0,0.1068202629685401,0.1512941271066665,,,,0.0485057644546031,0.0320139154791832,,,,,,,,,,,,
20210710.0,0.1067478358745575,0.179926648736,,,,,,,,,,,,,,,,,
20210711.0,0.1067273244261741,0.153104081749916,0.0965733230113983,0.0943458452820777,0.0958005413413047,0.0482390597462654,0.0442518405616283,10.0,0.1798536628484726,1.3645503520965576,307.3085327148437,0.4999488592147827,287.68133544921875,273.3619689941406,0.0008523463038727,1.1434710025787354,300.0,0.0213439725339412,0.02651
20210712.0,0.1067557334899902,0.1375082731246948,,,,,0.0,,,,,,,,,,,,
20210713.0,0.1068202778697013,0.1519849151372909,0.0499030500650405,0.092926949262619,0.093272753059864,,,10.0,0.1798536628484726,1.3645503520965576,301.07794189453125,0.496017724275589,285.69781494140625,271.09429931640625,0.0017136334208771,0.8802675604820251,300.0,0.0233574993908405,0.02398
20210714.0,0.1068758964538574,0.1440947651863098,0.0662049427628517,0.0939822569489479,0.099644050002098,0.0335516668856143,0.0183111056685447,10.0,0.1798536628484726,1.3645503520965576,299.86895751953125,0.4950948357582092,283.62579345703125,271.21759033203125,0.000426173210144,0.8710070848464966,300.0,0.0252253897488117,0.02308
20210715.0,0.1068920418620109,0.108876533806324,,,,,,,,,,,,,,,,,
20210716.0,0.1069166138768196,0.1384582370519638,0.0599084384739398,0.0922857448458671,0.0910804346203804,0.0399589985609054,0.0289315469563007,10.0,0.1798536628484726,1.3645503520965576,298.8440856933594,0.4928091466426849,283.5682067871094,268.52392578125,0.0015985430218279,0.8414432406425476,300.0,0.0273585356771945,0.02255
20210717.0,0.1069052219390869,0.144628956913948,,,,,6.103701889514923e-05,,,,,,,,,,,,
20210718.0,0.1068585664033889,0.1356677412986755,,,,,,,,,,,,,,,,,
20210719.0,0.1068707928061485,0.1424245238304138,0.0969399958848953,0.0956189334392547,0.0974633321166038,0.0398706682026386,0.0296945106238126,10.0,0.1798536628484726,1.3645503520965576,304.5056457519531,0.4894686341285705,284.67010498046875,270.73602294921875,0.0374734513461589,0.9501312375068665,300.0,0.0238602962344884,0.024
20210720.0,0.106945551931858,0.138241246342659,,,,,,,,,,,,,,,,,
20210721.0,0.1068608313798904,0.1385997533798217,0.0648513659834861,0.1018130481243133,0.1069943979382515,,0.0395825058221817,10.0,0.1798536628484726,1.3645503520965576,301.331298828125,0.4872450828552246,282.6824951171875,270.689453125,0.0,0.8761588931083679,300.0,0.0251510553061962,0.02268
20210722.0,0.1068319156765937,0.1254113614559173,0.0847242400050163,0.0874997302889823,0.092522494494915,0.0276799630373716,0.0097048860043287,10.0,0.1798536628484726,1.3645503520965576,301.2964782714844,0.4861342906951904,284.5494079589844,271.5821533203125,0.0,0.8822571039199829,300.0,0.023232378065586,0.02243
20210723.0,0.1068219915032386,0.1288390308618545,,,,,,,,,,,,,,,,,
20210724.0,0.1067976951599121,0.1408159434795379,0.0556143224239349,0.0945880264043808,0.0982580110430717,0.0610274672508239,0.045411542057991,10.0,0.1798536628484726,1.3645503520965576,303.2822265625,0.4839149713516235,284.4740600585937,271.2286071777344,0.0008583068847656,0.8972617983818054,300.0,0.0231104083359241,0.0227999999999999
20210725.0,0.1067882776260376,0.1387787610292434,,,,,,,,,,,,,,,,,
20210726.0,0.1067902669310569,0.1479173302650451,,,,,,,,,,,,,,,,,
20210727.0,0.1081351563334465,0.1470155864953994,0.1066931411623954,0.0862759947776794,0.0857872739434242,0.0375267043709754,0.0187688842415809,10.0,0.1798536628484726,1.3645503520965576,302.0476379394531,0.48045215010643,285.24139404296875,270.44732666015625,0.2600217461585998,0.9306306838989258,300.0,0.0239966567605733,0.02176
20210728.0,0.1077804118394851,0.1349017024040222,,,,,,,,,,,,,,,,,
20210729.0,0.1071757450699806,0.1474832594394683,0.0688254162669181,0.0956136137247085,0.097379632294178,0.0490352138876915,0.0411694683134555,10.0,0.1798536628484726,1.3645503520965576,303.9863586425781,0.4799414575099945,284.7622985839844,270.80194091796875,0.0012819843832403,0.8654488921165466,300.0,0.0220635347068309,0.02273
20210730.0,0.1069285795092582,0.1425732672214508,0.0910418480634689,0.1000622734427452,0.1095020025968551,,6.103701889514923e-05,10.0,0.1798536628484726,1.3645503520965576,305.1093444824219,0.4807319939136505,283.66278076171875,273.4584350585937,0.0009055351838469,0.8379472494125366,300.0,0.0214547123759984,0.02305
20210731.0,0.106853999197483,0.1378742456436157,,,,,,,,,,,,,,,,,
20210801.0,0.1068404763936996,0.1400988399982452,,0.0908628553152084,0.0908839702606201,0.0391889922320842,0.0207220688462257,10.0,0.1798536628484726,1.3645503520965576,302.1766052246094,0.4818691611289978,285.24774169921875,270.5472717285156,0.0004351138486526,0.7551844120025635,300.0,0.0198210608214139,0.02175
20210802.0,0.106837622821331,0.1356301009654998,,,,,,,,,,,,,,,,,
20210803.0,0.1068338602781295,0.1395258009433746,,,,0.040977656841278,0.0309152510017156,,,,,,,,,,,,
20210804.0,0.1068073213100433,0.1318520307540893,0.0736636966466903,0.0865918695926666,0.0927233844995498,,0.0,10.0,0.1798536628484726,1.3645503520965576,301.4530639648437,0.4836598038673401,284.7210388183594,272.0673828125,0.0,0.7444620132446289,300.0,0.0194406751543283,0.02102
20210805.0,0.106834165751934,0.129538282752037,,,,,,,,,,,,,,,,,
20210806.0,0.1068775579333305,0.1351728439331054,0.0645407438278198,0.0864673033356666,0.0891598463058471,0.0386770106852054,0.0288094729185104,10.0,0.1798536628484726,1.3645503520965576,299.5791015625,0.4848546087741852,283.4283752441406,269.76715087890625,0.0008553265943191,0.7216907143592834,300.0,0.0220702532678842,0.0184
20210807.0,0.1068246439099311,0.1340893059968948,0.0906250327825546,0.0812511071562767,0.083740547299385,,,10.0,0.1798536628484726,1.3645503520965576,302.7319030761719,0.4854522049427032,283.6217956542969,269.97576904296875,0.000435113790445,0.75895094871521,300.0,0.0211293101310729,0.01881
20210808.0,0.1068109422922134,0.133663147687912,,,,,0.0446485802531242,,,,,,,,,,,,
20210809.0,0.1068276911973953,0.1370015144348144,0.0665643289685249,0.0993918552994728,0.1035903096199035,0.03104729950428,0.0169682912528514,10.0,0.1798536628484726,1.3645503520965576,301.4364013671875,0.4866481125354767,281.6458740234375,269.123291015625,0.0008523463620804,0.6922922730445862,300.0,0.0216509979218244,0.02019
20210810.0,0.1068067327141761,0.1410456001758575,,,,,,,,,,,,,,,,,
20210811.0,0.1067664921283721,0.1444667875766754,,,,0.0578154735267162,0.0448927283287048,,,,,,,,,,,,
20210812.0,0.1067743450403213,0.1452002376317978,0.0904069021344184,0.0934905037283897,0.0961864069104194,,,10.0,0.1798536628484726,1.3645503520965576,302.8348388671875,0.488588809967041,284.6961669921875,270.9755554199219,0.0017228326760232,0.6721215844154358,300.0,0.0184631533920764,0.02037
20210813.0,0.1067951768636703,0.1381960958242416,,,,,0.0906094536185264,,,,,,,,,,,,
20210814.0,0.1068125963211059,0.1344938576221466,0.0524205304682254,0.0885516181588172,0.0902645289897918,0.0450772531330585,0.0299386586993932,10.0,0.1798536628484726,1.3645503520965576,302.266357421875,0.4880067706108093,284.70587158203125,270.6539611816406,0.0021625061053782,0.6614313721656799,300.0,0.0181832108646631,0.02023
20210815.0,0.1068043559789657,0.1336532235145568,0.0835931152105331,0.0977191776037216,0.1006108894944191,,,10.0,0.1798536628484726,1.3645503520965576,302.8893737792969,0.4866234958171844,283.8130798339844,270.5609741210937,0.0,0.6585490703582764,300.0,0.018740339204669,0.01965
20210816.0,0.106793463230133,0.1439031362533569,,,,0.0562646053731441,0.0493179112672805,,,,,,,,,,,,
20210817.0,0.1067868322134018,0.1345871090888977,0.0564370825886726,0.0808934643864631,0.0861514210700988,,,10.0,0.1798536628484726,1.3645503520965576,302.2915954589844,0.4843236207962036,285.29541015625,272.36480712890625,0.000435113790445,0.5989387035369873,300.0,0.0164044387638568,0.01936
20210818.0,0.1068219691514968,0.1419425457715988,,,,,,,,,,,,,,,,,
20210819.0,0.1068301796913147,0.1410451382398605,,,,0.0442042984068393,0.0296945106238126,,,,,,,,,,,,
20210820.0,0.1068373918533325,0.1329788416624069,0.0864282399415969,0.0860196352005004,0.0926845520734787,,,10.0,0.1798536628484726,1.3645503520965576,300.01422119140625,0.4807926714420318,281.87615966796875,269.5049743652344,0.0017225742340087,0.5729142427444458,300.0,0.0188840702176094,0.0168
20210821.0,0.1068711131811142,0.1348237097263336,,,,0.0525032840669155,0.0426038391888141,,,,,,,,,,,,
20210822.0,0.1069283336400985,0.1281469315290451,0.063155896961689,0.090506874024868,0.0959617719054222,,0.0176091808825731,10.0,0.1798536628484726,1.3645503520965576,296.8011169433594,0.4784425497055053,280.26104736328125,267.64599609375,0.000426173210144,0.4757631719112396,300.0,0.0195052661001682,0.0168199999999999
20210823.0,0.1069387197494506,0.1283973753452301,,,,,,,,,,,,,,,,,
20210824.0,0.1069308742880821,0.1278568506240844,,,,0.0434768982231617,0.0289925839751958,,,,,,,,,,,,
20210825.0,0.1069269999861717,0.1375118196010589,0.0664455220103263,0.091340348124504,0.0893004462122917,,,10.0,0.1798536628484726,1.3645503520965576,298.14520263671875,0.4749233722686767,281.28338623046875,266.077880859375,0.0025961506180465,0.5180593729019165,300.0,0.0192230530083179,0.01725
20210826.0,0.1069212555885315,0.1320128291845321,,,,,,,,,,,,,,,,,
20210827.0,0.1068678870797157,0.1304730623960495,,,,0.0158196501433849,0.0053102206438779,,,,,,,,,,,,
20210828.0,0.1068024039268493,0.1251647919416427,0.0739896818995475,0.0875735953450203,0.0951281562447547,,,10.0,0.1798536628484726,1.3645503520965576,302.5128173828125,0.4710359275341034,282.3037109375,270.1933288574219,0.000426173210144,0.6505804061889648,300.0,0.0193146355450153,0.01822
20210829.0,0.1067621856927871,0.1362037062644958,,,,0.0536052919924259,0.040498062968254,,,,,,,,,,,,
20210830.0,0.1067581176757812,0.139738842844963,,0.1341723352670669,0.1332314610481262,,,10.0,0.1798536628484726,1.3645503520965576,302.60162353515625,0.4732977747917175,277.6536865234375,265.8922119140625,0.0004410743713378,0.5902106165885925,300.0,0.0262520723044872,0.01857
20210831.0,0.1067610755562782,0.1231388971209526,0.0687936469912529,0.0974202752113342,0.0999165028333664,,0.0227057710289955,10.0,0.1798536628484726,1.3645503520965576,300.3843078613281,0.4772622585296631,282.86651611328125,269.463623046875,0.000435113790445,0.5173830986022949,300.0,0.0165127459913492,0.0177
20210901.0,0.1068022027611732,0.1231530383229255,,,,0.0469429418444633,0.0285042878240346,,,,,,,,,,,,
20210902.0,0.1068738549947738,0.1192511841654777,0.040019791573286,0.1025386527180671,0.1091402992606163,,,10.0,0.1798536628484726,1.3645503520965576,295.48077392578125,0.4840082824230194,278.578125,267.4268493652344,0.001719073858112,0.42782062292099,300.0,0.0211385376751422,0.0153499999999999
20210903.0,0.1069240495562553,0.1295312792062759,,,,0.0510200448334217,0.040528580546379,,,,,,,,,,,,
20210904.0,0.1069182157516479,0.1278364360332489,,,,,,,,,,,,,,,,,
20210905.0,0.106862299144268,0.137887492775917,0.0768650919198989,0.0896169245243072,0.0917161107063293,,,10.0,0.1798536628484726,1.3645503520965576,299.4218139648437,0.4944036900997162,281.9257202148437,268.1024780273437,0.0,0.5392894744873047,300.0,0.018644044175744,0.01645
20210906.0,0.1068053320050239,0.1334833651781082,,,,0.0427989512681961,0.0303659178316593,,,,,,,,,,,,
20210907.0,0.1067558005452156,0.1348660737276077,0.0585803762078285,0.0994106978178024,0.0991460531949997,,,10.0,0.1798536628484726,1.3645503520965576,302.81134033203125,0.5013675093650818,283.22625732421875,268.4828491210937,0.0,0.5558568835258484,300.0,0.0185988470911979,0.01768
20210908.0,0.1067359447479248,0.1375691443681717,0.0785728096961975,0.0857423916459083,0.0899809524416923,0.0487175844609737,0.0354319885373115,10.0,0.1798536628484726,1.3645503520965576,303.10894775390625,0.5048595666885376,285.27667236328125,272.0245361328125,0.000435113790445,0.5559056997299194,300.0,0.0161460824310779,0.01777
20210909.0,0.1067243292927742,0.1398289799690246,,,,,0.0,,,,,,,,,,,,
20210910.0,0.1264034509658813,0.1575690358877182,0.1190010830760002,0.1587342768907547,0.148887425661087,,,10.0,0.1798536628484726,1.3645503520965576,299.9192199707031,0.5118637681007385,276.52783203125,262.24871826171875,3.971041679382324,1.4797040224075315,300.0,0.0456031151115894,0.01666
20210911.0,0.1431352794170379,0.1532566249370575,,,,0.0576208718121051,0.0469679869711399,,,,,,,,,,,,
20210912.0,0.1308926194906234,0.1467513740062713,,,,,,,,,,,,,,,,,
20210913.0,0.1216205805540084,0.1408640742301941,0.1035364046692848,0.0960539877414703,0.0962240546941757,,0.0529190972447395,10.0,0.1798536628484726,1.3645503520965576,299.0123596191406,0.5227298140525818,282.8931884765625,268.3656005859375,0.0021517276763916,0.9402981400489808,300.0,0.0315094776451587,0.0166
20210914.0,0.1155012622475624,0.1409625560045242,,,,,0.0167241431772708,,,,,,,,,,,,
20210915.0,0.1119547858834266,0.1370875239372253,0.054749459028244,0.0978360772132873,0.0979728996753692,,,10.0,0.1798536628484726,1.3645503520965576,298.9159851074219,0.5260021686553955,282.66864013671875,268.1661376953125,0.0017225742340087,0.5717809796333313,300.0,0.0198071710765361,0.01587
20210916.0,0.1102959215641021,0.1349115222692489,0.0716959834098815,0.0882527530193328,0.0985728651285171,0.0473744794726371,0.0344859175384044,10.0,0.1798536628484726,1.3645503520965576,296.0326538085937,0.5253080725669861,280.7350769042969,269.6917419433594,0.0020807713735848,0.4317019283771515,300.0,0.0181372743099927,0.01465
20210917.0,0.1094861105084419,0.1334834694862365,,,,,,,,,,,,,,,,,
20210918.0,0.1089262813329696,0.1359044313430786,0.0601573251187801,0.0964430198073387,0.1010422706604003,,0.039613027125597,10.0,0.1798536628484726,1.3645503520965576,294.5641784667969,0.5249108076095581,279.2665100097656,266.8537292480469,0.0059956638142466,0.3216024041175842,300.0,0.017764251679182,0.0140399999999999
20210919.0,0.1279368102550506,0.1583652049303054,,,,0.0627866983413696,0.047822505235672,,,,,,,,,,,,
20210920.0,0.1384052038192749,0.1740046441555023,,,,,,,,,,,,,,,,,
20210921.0,0.1277868449687957,0.1514016538858413,0.0983328074216842,0.1032319888472557,0.1014692559838295,0.0639713406562805,0.0513016134500503,10.0,0.1798536628484726,1.3645503520965576,297.74078369140625,0.5241295099258423,279.68121337890625,264.34130859375,0.0008523463038727,1.1186646223068235,300.0,0.0447126552462577,0.01484
20210922.0,0.1193357929587364,0.1481750905513763,,,,,,,,,,,,,,,,,
20210923.0,0.1147007942199707,0.1461078077554702,0.0723780170083046,0.1044738367199897,0.1067773699760437,,,10.0,0.1798536628484726,1.3645503520965576,298.37371826171875,0.5236087441444397,279.942138671875,266.8046569824219,0.0012874043313786,0.6071169972419739,300.0,0.0246109515428543,0.01588
20210924.0,0.1119279861450195,0.1411944776773452,0.0868837982416153,0.0996617078781127,0.1023744791746139,0.0501153692603111,0.0329294726252555,10.0,0.1798536628484726,1.3645503520965576,299.1624755859375,0.5233484506607056,280.9112548828125,267.7572631835937,0.000435113790445,0.5585639476776123,300.0,0.0209421180188655,0.01604
20210925.0,0.1102779060602188,0.1390918791294098,,,,,,,,,,,,,,,,,
20210926.0,0.1094885915517807,0.1346089839935302,0.0560737811028957,0.0999779626727104,0.1049584746360778,0.0443158559501171,0.0293282885104417,10.0,0.1798536628484726,1.3645503520965576,295.7237243652344,0.5228279829025269,279.3802795410156,267.326416015625,0.0004231928905937,0.3400113880634308,300.0,0.0179469063878059,0.01426
20210927.0,0.1090964302420616,0.129594549536705,,,,,0.0173039957880973,,,,,,,,,,,,
20210928.0,0.1203237846493721,0.1256292313337326,,,,,,,,,,,,,,,,,
20210929.0,0.1205290108919143,0.1393711864948272,0.0887247994542121,0.1060769706964492,0.1078441888093948,0.0405158847570419,0.0322275459766387,10.0,0.1798536628484726,1.3645503520965576,291.7269897460937,0.5221952795982361,276.2652893066406,263.0862731933594,0.0008523463038727,0.6020104885101318,300.0,0.0356036201119422,0.01201
20210930.0,0.1165538057684898,0.1424886435270309,,,,,,,,,,,,,,,,,
20211001.0,0.1134107261896133,0.139530673623085,0.0654926002025604,0.0895387530326843,0.0858397111296653,,0.0512100607156753,10.0,0.1798536628484726,1.3645503520965576,294.8007202148437,0.5198661088943481,279.8152160644531,264.1712646484375,0.0017225742340087,0.530635416507721,300.0,0.0251209139823913,0.01283
20211002.0,0.1112409755587577,0.1410032212734222,0.0753879696130752,0.0950949117541313,0.0980714559555053,,0.0107119968160986,10.0,0.1798536628484726,1.3645503520965576,295.9908142089844,0.5175930857658386,279.03790283203125,265.82183837890625,0.0008599273860454,0.4755211770534515,300.0,0.0231278296560049,0.01279
20211003.0,0.1098939627408981,0.1456887573003769,,,,,,,,,,,,,,,,,
20211004.0,0.1090213656425476,0.1428071856498718,0.0608581118285656,0.0979894027113914,0.0998487845063209,0.0524015016853809,0.0415967293083667,10.0,0.1798536628484726,1.3645503520965576,296.7655639648437,0.5135258436203003,278.4215393066406,264.91827392578125,0.0,0.4252853095531463,300.0,0.0220462176948785,0.01242
20211005.0,0.1084296107292175,0.1490302383899688,,,,,,,,,,,,,,,,,
20211006.0,0.1081841364502906,0.1554702222347259,,,,,0.0380565822124481,,,,,,,,,,,,
20211007.0,0.1083268821239471,0.1321802288293838,0.0733392611145973,0.0930317491292953,0.1017400920391082,0.0376212298870086,0.0246589556336402,10.0,0.1798536628484726,1.3645503520965576,291.8411560058594,0.5073539614677429,277.1295166015625,266.0931091308594,0.1523754149675369,0.2926400601863861,300.0,0.0192948319017887,0.01114
20211008.0,0.1159509196877479,0.1338782757520675,,,,,,,,,,,,,,,,,
20211009.0,0.1172453090548515,0.1655077040195465,0.1082577332854271,0.1262457519769668,0.1254138797521591,0.0810160487890243,0.0836512371897697,10.0,0.1798536628484726,1.3645503520965576,288.2668762207031,0.5032509565353394,270.4213256835937,257.65985107421875,0.0,0.3808043897151947,300.0,0.0373683422803878,0.009
20211010.0,0.1148880869150161,0.1579585671424865,,,,,,,,,,,,,,,,,
20211011.0,0.1128123998641967,0.1518142968416214,,,,,,,,,,,,,,,,,
20211012.0,0.111341968178749,0.1442173719406128,0.0999360457062721,0.1015051081776619,0.1029782220721244,0.0582853034138679,0.0451063588261604,10.0,0.1798536628484726,1.3645503520965576,288.40496826171875,0.497113823890686,273.0194091796875,259.6831970214844,0.0008523463038727,0.3350322842597961,300.0,0.0279670152813196,0.00949
20211013.0,0.1103525012731552,0.1394322961568832,,,,,,,,,,,,,,,,,
20211014.0,0.1097392737865448,0.1284594684839248,,,,0.035197626799345,0.0254829563200473,,,,,,,,,,,,
20211015.0,0.1091567799448967,0.1461108177900314,0.0815091878175735,0.0930820852518081,0.0983020588755607,,0.018433179706335,10.0,0.1798536628484726,1.3645503520965576,289.8392944335937,0.4889065623283386,273.8453369140625,261.56982421875,0.0008523463038727,0.3024156093597412,300.0,0.0260889884084463,0.01072
20211016.0,0.1086121723055839,0.1413668394088745,,,,,,,,,,,,,,,,,
20211017.0,0.1082120537757873,0.1371999979019165,0.0742080435156822,0.1143383607268333,0.1159644275903701,0.0393169075250625,0.0312814712524414,10.0,0.1798536628484726,1.3645503520965576,290.90753173828125,0.5105843544006348,272.7816772460937,260.1932373046875,0.0017106533050537,0.2355226725339889,300.0,0.0285295192152261,0.01122
20211018.0,0.1609400957822799,0.1801083981990814,0.241928145289421,0.2203621119260788,0.1918451786041259,,,10.0,0.1798536628484726,1.3645503520965576,286.52587890625,0.5376074910163879,259.8211669921875,245.19241333007807,6.511740207672119,1.2907042503356934,300.0,0.0979529023170471,0.01075
20211019.0,0.1802600473165512,0.1977136731147766,,,,,0.0943327099084854,,,,,,,,,,,,
20211020.0,0.1742752492427826,0.1947098225355148,0.223543643951416,0.1471817791461944,0.139293760061264,,0.0669270902872085,10.0,0.1798536628484726,1.3645503520965576,287.4026794433594,0.5857820510864258,267.7073669433594,251.8876495361328,1.2678439617156982,0.7149112820625305,300.0,0.0666118785738945,0.01193
20211021.0,0.1947270333766937,0.1865702420473098,,,,,,,,,,,,,,,,,
20211022.0,0.2652660608291626,0.224814236164093,,,,0.2355302274227142,0.2528763711452484,,,,,,,,,,,,
20211023.0,0.3231793045997619,0.2351137101650238,0.2838171124458313,0.2197067141532898,0.1978924125432968,,,10.0,0.1798536628484726,1.3645503520965576,287.1488037109375,0.6616687774658203,258.76177978515625,240.12762451171875,0.463621973991394,0.7983997464179993,300.0,0.1127262711524963,0.05201
20211024.0,0.3720529079437256,0.2368906736373901,,,,,0.4854884445667267,,,,,,,,,,,,
20211025.0,0.4314115345478058,,0.4867093563079834,0.3969244956970215,0.3969244956970215,0.4314427971839905,0.5159153938293457,10.0,0.1798536628484726,1.3645503520965576,286.9744567871094,0.7138184309005737,224.18338012695312,202.2231292724609,77.41973114013672,2.2034974098205566,300.0,0.380772054195404,0.41246
