date,era5_land_sm,esa_cci_sm,smap_ib_sm,smap_dca_sm,smap_scav_sm,smos_ic_sm,smos_l3_sm,mcd12c1_IGBP_land_cover,soilgrid_clay_fraction,soilgrid_bulk_density,era5_surface_temperature,vwc_mod13_sf_land,smap_tb_v_corrected,smap_tb_h_corrected,era5_prep,era5_evap,koppen_climate_5_types,pgml_sm,insitu_sm
20150418.0,0.3713774681091308,0.2800384759902954,,,,,,,,,,,,,,,,,
20150419.0,0.3268975019454956,0.2548939287662506,0.2735767066478729,0.3041808903217315,0.2922044396400451,,0.2723776996135711,10.0,0.3965138792991638,1.1143651008605957,285.2638244628906,0.522324800491333,234.07090759277344,192.63018798828125,0.0004127857100684,1.488520860671997,200.0,0.2121791392564773,0.156525000929832
20150420.0,0.3069314658641815,0.2411355227231979,,,,0.2166876792907714,0.2189702987670898,,,,,,,,,,,,
20150421.0,0.293559193611145,0.2118346095085144,,,,,,,,,,,,,,,,,
20150422.0,0.2830911576747894,0.1961842179298401,0.1953618228435516,0.1974070966243744,0.1927669942378997,0.1717476099729538,0.1820123940706253,10.0,0.3965138792991638,1.1143651008605957,289.5629272460937,0.5622515082359314,256.51220703125,225.03466796875,0.0019823792390525,1.2634738683700562,200.0,0.1557275652885437,0.0947749996557832
20150423.0,0.2754479348659515,0.1907163262367248,,,,,,,,,,,,,,,,,
20150424.0,0.2822368741035461,0.1770710945129394,0.2025134414434433,0.2152544260025024,0.2112845182418823,,,10.0,0.3965138792991638,1.1143651008605957,289.45458984375,0.5825371742248535,253.21499633789065,220.194580078125,8.176958084106445,1.139889121055603,200.0,0.1161401718854904,0.0734958335136374
20150425.0,0.3563485443592071,0.2116579562425613,0.202485516667366,0.2092931568622589,0.2049963623285293,0.1908812075853347,0.1979735642671585,10.0,0.3965138792991638,1.1143651008605957,285.34637451171875,0.5887879133224487,252.8486785888672,220.5098419189453,2.932800531387329,1.382065773010254,200.0,0.1321523338556289,0.0678041661158204
20150426.0,0.3226580023765564,0.2019304037094116,,,,,,,,,,,,,,,,,
20150427.0,0.3058021962642669,0.181650623679161,0.1515094637870788,0.1639286279678344,0.1619790196418762,0.1410659700632095,0.1513718068599701,10.0,0.3965138792991638,1.1143651008605957,286.60498046875,0.6030462980270386,261.765625,231.7666015625,0.0053679938428103,0.9499191641807556,200.0,0.1367343962192535,0.0566083334075908
20150428.0,0.2949313521385193,0.180163949728012,,,,,0.1326334476470947,,,,,,,,,,,,
20150429.0,0.2847776114940643,0.1747148334980011,,,,,,,,,,,,,,,,,
20150430.0,0.2758384048938751,0.1728999763727188,0.1330331563949585,0.1516431272029876,0.1455987691879272,0.1061584576964378,0.12466811388731,10.0,0.3965138792991638,1.1143651008605957,288.9504699707031,0.624302864074707,266.9661865234375,244.4742431640625,0.0472234226763248,1.1805154085159302,200.0,0.0900052785873413,0.0370958332593242
20150501.0,0.2671529054641723,0.1773229390382766,,,,,,,,,,,,,,,,,
20150502.0,0.2607403397560119,0.167631134390831,0.1099987924098968,0.1457579731941223,0.1390630453824997,,0.1136509329080581,10.0,0.3965138792991638,1.1143651008605957,288.9148254394531,0.6385973691940308,268.7069091796875,246.88986206054688,0.0,0.9979093074798584,200.0,0.0829159021377563,0.0287041667227944
20150503.0,0.2535707354545593,0.1669766008853912,,,,,0.1054414510726928,,,,,,,,,,,,
20150504.0,0.2471896857023239,0.1664374470710754,,,,,,,,,,,,,,,,,
20150505.0,0.2395825684070587,0.1726168692111969,0.0974490717053413,0.128215491771698,0.1247486919164657,0.089127205312252,0.1023895964026451,10.0,0.3965138792991638,1.1143651008605957,286.3349609375,0.660224199295044,268.84259033203125,247.6519470214844,0.0,1.0764154195785522,200.0,0.0869665592908859,0.0235500000417233
20150506.0,0.234670028090477,0.1672519147396087,,,,,,,,,,,,,,,,,
20150507.0,0.2326983660459518,0.1706944406032562,,,,,0.1000091582536697,,,,,,,,,,,,
20150508.0,0.229920282959938,0.1697943061590194,0.1012363284826278,0.0937961265444755,0.0910691767930984,0.0841476395726203,0.0789208635687828,10.0,0.3965138792991638,1.1143651008605957,286.61651611328125,0.6826349496841431,272.9938659667969,249.9162139892578,0.0219290778040885,0.5957344770431519,200.0,0.0841651782393455,0.0223708334378898
20150509.0,0.2270210236310959,0.1712674647569656,,,,,,,,,,,,,,,,,
20150510.0,0.25061896443367,,0.2106112688779831,0.2149096876382827,0.2178840190172195,0.2085709273815155,0.2306588888168335,10.0,0.3965138792991638,1.1143651008605957,286.323486328125,0.6904085278511047,248.94287109375,214.38888549804688,1.2401986122131348,0.9273927211761476,200.0,0.1486570537090301,0.0173043479899997
20150511.0,0.2471141666173935,0.2133472263813018,0.1705119460821151,0.1679873466491699,0.1677853167057037,,,10.0,0.3965138792991638,1.1143651008605957,287.75311279296875,0.6900587677955627,260.62652587890625,229.5891571044922,0.4671638011932373,0.7278310656547546,200.0,0.138376235961914,0.0183050001040101
20150512.0,0.2485969513654709,0.1972482353448867,,,,,,,,,,,,,,,,,
20150514.0,0.2393710613250732,0.1804484874010086,,,,,,,,,,,,,,,,,
20150515.0,0.2341615408658981,0.1721578985452652,,,,0.0804463699460029,0.0904568657279014,,,,,,,,,,,,
20150516.0,0.2290360331535339,0.1756991147994995,0.0978705137968063,0.1394587159156799,0.1348676085472107,,0.0811181962490081,10.0,0.3965138792991638,1.1143651008605957,285.7883605957031,0.6924816966056824,266.3510131835937,246.12710571289065,0.0008523463620804,0.7619403004646301,200.0,0.0737864449620246,0.0177130434743088
20150517.0,0.2241818159818649,0.1724907159805297,,,,,,,,,,,,,,,,,
20150518.0,0.2193947434425354,0.176583856344223,0.1196354329586029,0.1417502164840698,0.1377513110637664,0.1270151883363723,0.136143073439598,10.0,0.3965138792991638,1.1143651008605957,289.02716064453125,0.693361222743988,267.43438720703125,242.12144470214844,0.7445111870765686,0.8799014091491699,200.0,0.0953345224261283,0.0162416666280478
20150519.0,0.2635771930217743,0.1946414113044738,0.1688329875469207,0.2026998102664947,0.1988706886768341,,,10.0,0.3965138792991638,1.1143651008605957,287.50897216796875,0.6938012838363647,254.6409912109375,223.84385681152344,4.115729331970215,0.971950113773346,200.0,0.1112309917807579,0.0159727273170244
20150520.0,0.2611318230628967,0.2130772173404693,,,,,0.1746269166469574,,,,,,,,,,,,
20150521.0,0.2588803768157959,0.1996776163578033,0.1310089528560638,0.1605453938245773,0.1578624099493026,,0.1625110656023025,10.0,0.3965138792991638,1.1143651008605957,284.2115783691406,0.6946814060211182,262.382080078125,234.69927978515625,0.7594719529151917,0.646714985370636,200.0,0.1052079424262046,0.0172782611992696
20150522.0,0.2516642808914184,0.1901582479476928,,,,,,,,,,,,,,,,,
20150523.0,0.2442506700754165,0.1800283044576645,,,,0.1153956055641174,0.1280251443386078,,,,,,,,,,,,
20150524.0,0.2381932586431503,,0.1133560687303543,0.1319717019796371,0.1286410987377166,,,10.0,0.3965138792991638,1.1143651008605957,284.1967163085937,0.6958841681480408,266.4792175292969,244.36837768554688,0.0008583068847656,0.6601330041885376,200.0,0.0796495676040649,0.0148041667416692
20150525.0,0.2324718683958053,0.1819036900997162,,,,,0.1092562675476074,,,,,,,,,,,,
20150526.0,0.230084016919136,0.1812327057123184,0.1140538305044174,0.1319933086633682,0.1286744475364685,0.0916464105248451,0.0981170088052749,10.0,0.3965138792991638,1.1143651008605957,285.2069396972656,0.698214054107666,267.3826904296875,244.14083862304688,0.6167723536491394,0.5584796667098999,200.0,0.0795453935861587,0.0162416665504376
20150527.0,0.232030838727951,0.1816501021385193,0.1130953505635261,0.1287767887115478,0.1259955167770385,,,10.0,0.3965138792991638,1.1143651008605957,287.1468200683594,0.7002707719802856,269.2694091796875,247.53518676757807,1.928588509559632,0.5375227928161621,200.0,0.065307468175888,0.0147090910256586
20150528.0,0.2559222280979156,0.1838246583938598,,,,0.0879732370376586,0.1038544848561286,,,,,,,,,,,,
20150529.0,0.2498615980148315,0.186192512512207,0.1052124872803688,0.1218627244234085,0.1194844394922256,,,10.0,0.3965138792991638,1.1143651008605957,284.7478332519531,0.7040107250213623,268.8057861328125,246.1518096923828,0.0008523463620804,0.7271869778633118,200.0,0.085606500506401,0.0148700000252575
20150530.0,0.2423581629991531,0.1750871986150741,,,,,,,,,,,,,,,,,
20150531.0,0.2468880414962768,0.175320416688919,,,,0.1698676198720932,0.1899166852235794,,,,,,,,,,,,
20150601.0,0.2510189712047577,0.1898550987243652,0.1237720623612403,0.159285768866539,0.1547232270240783,,,10.0,0.3965138792991638,1.1143651008605957,280.2619323730469,0.7097036838531494,260.821533203125,236.5916748046875,0.0008583068847656,0.5725595355033875,200.0,0.083989605307579,0.0157173913701073
20150602.0,0.2437746822834015,0.1834954023361206,,,,0.1086308285593986,0.1176488548517227,,,,,,,,,,,,
20150603.0,0.2383297532796859,0.1777403056621551,0.12100750207901,0.1468652188777923,0.1435082405805587,,,10.0,0.3965138792991638,1.1143651008605957,280.78192138671875,0.7135071754455566,261.9320068359375,237.60678100585932,0.0051382477395236,0.4468279182910919,200.0,0.0818241238594055,0.0133478261591138
20150604.0,0.2714061737060547,0.2038291692733764,0.2754274904727936,0.2679117321968078,0.2819409072399139,,,10.0,0.3965138792991638,1.1143651008605957,281.8342590332031,0.7154113054275513,235.0118103027344,198.83709716796875,5.00715970993042,0.7265616059303284,200.0,0.120666429400444,0.0104521739387723
20150606.0,0.2678819298744201,0.2047954350709915,0.1970813572406768,0.1838017851114273,0.189363032579422,,,10.0,0.3965138792991638,1.1143651008605957,284.0018005371094,0.7192245125770569,253.53707885742188,220.4696502685547,0.0033946998883038,0.4895887374877929,200.0,0.147914856672287,0.0168800000566989
20150607.0,0.258434921503067,0.2000672519207,,,,,0.1886043846607208,,,,,,,,,,,,
20150608.0,0.2500042021274566,0.1924284994602203,,,,,0.1814935803413391,,,,,,,,,,,,
20150609.0,0.2452052235603332,0.187788501381874,0.1478578001260757,0.1514124721288681,0.1497456729412078,,,10.0,0.3965138792991638,1.1143651008605957,282.2790222167969,0.7236426472663879,261.8285522460937,235.2832946777344,0.1048986986279487,0.3842534124851227,200.0,0.0935464650392532,0.0173956521017396
20150610.0,0.2393100261688232,0.1818569600582122,,,,0.1246759891510009,0.1486861854791641,,,,,,,,,,,,
20150611.0,0.2339674830436706,0.1775988340377807,0.1304446756839752,0.1378200501203537,0.1345614492893219,,,10.0,0.3965138792991638,1.1143651008605957,282.9887084960937,0.7436529397964478,264.3087158203125,240.8553466796875,0.0008583068847656,0.5473434925079346,200.0,0.083298459649086,0.0170458334032446
20150612.0,0.2294815331697464,0.1795991063117981,0.1243629232048988,0.1452481597661972,0.1414986252784729,,0.1144749298691749,10.0,0.3965138792991638,1.1143651008605957,283.5023498535156,0.7637647986412048,263.9749450683594,240.4980010986328,0.0,0.5042886734008789,200.0,0.0829342305660247,0.0165958334303771
20150613.0,0.2258890718221664,0.1794342100620269,,,,0.1014819964766502,0.10849329829216,,,,,,,,,,,,
20150614.0,0.2224278301000595,0.179850772023201,0.1220695078372955,0.1305756568908691,0.1280131489038467,,,10.0,0.3965138792991638,1.1143651008605957,286.1313171386719,0.8001658916473389,267.47833251953125,244.8316650390625,0.0014207186177372,0.50167316198349,200.0,0.082912839949131,0.0156043478814156
20150615.0,0.2977654337882995,0.1897870451211929,,,,0.401587963104248,0.4969634115695953,,,,,,,,,,,,
20150616.0,0.3235287070274353,0.2975899577140808,,,,,,,,,,,,,,,,,
20150617.0,0.3505496680736542,0.3055871725082397,,,,,,,,,,,,,,,,,
20150618.0,0.3574421107769012,0.295500248670578,,,,0.3758403956890106,0.4111758768558502,,,,,,,,,,,,
20150620.0,0.311368316411972,0.2726365029811859,0.3208060562610626,,,0.3280766308307647,0.3728751540184021,,,,,,,,,,,,
20150621.0,0.3006165325641632,0.2550533413887024,,,,,,,,,,,,,,,,,
20150622.0,0.2933110892772674,0.2681663334369659,0.2980103492736816,0.3272925615310669,0.348942369222641,,,10.0,0.3965138792991638,1.1143651008605957,281.8343505859375,0.9536664485931396,223.86502075195312,185.6005249023437,0.0,0.5272950530052185,200.0,0.2630612850189209,0.148126086463099
20150623.0,0.2878811061382293,0.2548773884773254,,,,0.3771980702877044,0.408337652683258,,,,,,,,,,,,
20150624.0,0.339202344417572,0.2923493385314941,,,,,,,,,,,,,,,,,
20150625.0,0.3195318877696991,0.2729606926441192,0.3449469804763794,0.3784910142421722,0.4071612656116485,0.3254955112934112,0.3701284825801849,10.0,0.3965138792991638,1.1143651008605957,281.9088134765625,1.0141769647598269,215.9600524902344,177.77450561523438,0.0008523463620804,0.7142668962478638,200.0,0.2938590943813324,0.195554165169597
20150626.0,0.3060632348060608,0.2679605484008789,,,,,0.3295388519763946,,,,,,,,,,,,
20150627.0,0.2984706461429596,0.2565482556819916,0.3165553212165832,0.3485417068004608,0.3690058887004852,,,10.0,0.3965138792991638,1.1143651008605957,281.7753295898437,1.047751545906067,220.8770294189453,179.78094482421875,0.022206487134099,0.4048384726047516,200.0,0.2498026192188263,0.167012497782707
20150628.0,0.2917153537273407,0.2558228969573974,0.3040087521076202,0.3197778761386871,0.3415033221244812,0.2847518920898437,0.312906265258789,10.0,0.3965138792991638,1.1143651008605957,282.23736572265625,1.0603010654449463,225.2343292236328,185.04473876953125,0.0112358126789331,0.5362808704376221,200.0,0.248760849237442,0.15719583320121
20150629.0,0.286563903093338,0.254298985004425,,,,,,,,,,,,,,,,,
20150630.0,0.2830844223499298,0.2532532215118408,0.2880630493164062,0.294959545135498,0.3279508948326111,,0.2326120734214782,10.0,0.3965138792991638,1.1143651008605957,280.941162109375,1.0874418020248413,227.4637451171875,190.8330993652344,0.1251978874206543,0.3993839919567108,200.0,0.2514281868934631,0.138945834711194
20150701.0,0.2784118354320526,0.2453807294368744,,,,0.2711395621299743,0.2703634798526764,,,,,,,,,,,,
20150702.0,0.2735874950885772,0.2389503866434097,,,,,,,,,,,,,,,,,
20150703.0,0.2691938877105713,0.232507586479187,0.2606090009212494,0.2623713314533233,0.2847167253494262,0.2397630959749221,0.2559282183647156,10.0,0.3965138792991638,1.1143651008605957,280.9861755371094,1.128262996673584,236.0559539794922,201.714111328125,0.0008523463620804,0.5932677984237671,200.0,0.1901715695858001,0.101800000605484
20150704.0,0.264893501996994,0.2304209768772125,,,,,,,,,,,,,,,,,
20150705.0,0.2611975073814392,0.2295111864805221,0.2441626042127609,0.2510020136833191,0.2786598801612854,,,10.0,0.3965138792991638,1.1143651008605957,280.1129150390625,1.1557834148406982,237.6578063964844,202.5640869140625,0.0018590573454275,0.5370967388153076,200.0,0.1805643141269683,0.0800318189642646
20150706.0,0.2668800055980682,0.2176726311445236,0.2529394328594208,0.2480657696723938,0.2672131657600403,0.1991676688194275,0.2062440812587738,10.0,0.3965138792991638,1.1143651008605957,280.76641845703125,1.169635534286499,240.8231506347656,207.3312225341797,1.4996964931488037,0.606723427772522,200.0,0.1448093950748443,0.0730458333467444
20150707.0,0.2694331705570221,0.2338243126869201,,,,,,,,,,,,,,,,,
20150708.0,0.2642853558063507,0.2223991155624389,0.2318640500307083,0.2354509830474853,0.2489707916975021,0.1994202136993408,0.2112491279840469,10.0,0.3965138792991638,1.1143651008605957,281.599609375,1.1975237131118774,244.36550903320312,212.13528442382807,0.000435113790445,0.5830579996109009,200.0,0.1635788977146148,0.0623500002548099
20150709.0,0.2708778381347656,0.2219921052455902,,,,,,,,,,,,,,,,,
20150710.0,0.2979818880558014,0.2238118201494217,,,,,,,,,,,,,,,,,
20150711.0,0.3343875110149383,0.2379708886146545,,0.2847759127616882,0.313355952501297,0.2715150713920593,0.2827234864234924,10.0,0.3965138792991638,1.1143651008605957,281.35418701171875,1.2394951581954956,234.54495239257807,200.13943481445312,7.618088722229004,1.1842076778411863,200.0,0.1430559307336807,0.0425500000516574
20150712.0,0.3344154357910156,0.2589670121669769,,,,,,,,,,,,,,,,,
20150717.0,0.32171431183815,0.2558110356330871,,,,,,,,,,,,,,,,,
20150718.0,0.3092738389968872,0.2486245781183242,,,,,0.2482070326805114,,,,,,,,,,,,
20150719.0,0.3003388941287994,0.2376027256250381,0.2933634519577026,0.2690331935882568,0.3108460307121277,0.2580120861530304,0.2541276216506958,10.0,0.3965138792991638,1.1143651008605957,280.2768859863281,1.3838341236114502,233.4320678710937,196.52102661132807,0.0,0.7694552540779114,200.0,0.2079387903213501,0.070047825736844
20150720.0,0.2936432063579559,0.2294247597455978,,,,,,,,,,,,,,,,,
20150721.0,0.2913334369659424,0.2326049208641052,0.3485737442970276,0.348086267709732,0.4023866057395935,0.4004681706428528,0.4518265426158905,10.0,0.3965138792991638,1.1143651008605957,285.2923889160156,1.421818494796753,222.73194885253903,187.0509033203125,5.637840270996094,1.1096539497375488,200.0,0.1931067705154419,0.0577333338248233
20150722.0,0.352193683385849,0.2535176873207092,0.3522432446479797,0.3354657888412475,0.3987536430358886,,,10.0,0.3965138792991638,1.1143651008605957,282.6334533691406,1.44096040725708,223.13348388671875,186.10427856445312,2.8076417446136475,0.677202045917511,200.0,0.2471953183412552,0.114504167654862
20150723.0,0.3294215202331543,0.2658860087394714,,,,,,,,,,,,,,,,,
20150724.0,0.3449611067771911,0.281317263841629,0.3481638133525848,0.355165421962738,0.4144560694694519,0.3335764408111572,0.3622241914272308,10.0,0.3965138792991638,1.1143651008605957,282.05303955078125,1.479543924331665,220.7381591796875,184.84600830078125,2.78312087059021,0.8894261121749878,200.0,0.2673316597938537,0.12041666607062
20150725.0,0.3244584798812866,0.2602574229240417,,,,,,,,,,,,,,,,,
20150726.0,0.3147076964378357,0.2505477666854858,,,,0.2720165550708771,0.2828760743141174,,,,,,,,,,,,
20150727.0,0.3050442039966583,0.2384337484836578,0.2766580283641815,0.2678641676902771,0.3092263340950012,,,10.0,0.3965138792991638,1.1143651008605957,280.8800964355469,1.5397568941116333,234.76080322265625,198.49246215820312,0.0204630773514509,0.7603936791419983,200.0,0.205753892660141,0.0910041664416591
20150728.0,0.2982447743415832,0.2330188304185867,,,,,,,,,,,,,,,,,
20150729.0,0.2932008504867553,0.2318567037582397,0.2726179361343384,0.2636508345603943,0.2913541495800018,0.2382887005805969,0.2507705986499786,10.0,0.3965138792991638,1.1143651008605957,281.9849853515625,1.5597264766693115,238.0362243652344,204.1345367431641,0.0196639075875282,0.6334214806556702,200.0,0.1988548636436462,0.0673458334058523
20150730.0,0.2895533740520477,0.2282503694295883,0.257911741733551,0.2558034062385559,0.2789349853992462,,,10.0,0.3965138792991638,1.1143651008605957,282.9232482910156,1.557710886001587,240.83010864257807,207.66265869140625,0.6130489706993103,1.1024491786956787,200.0,0.1863908618688583,0.0596545452082699
20150731.0,0.2846690416336059,0.227084144949913,,,,0.2144592851400375,0.2708517611026764,,,,,,,,,,,,
20150801.0,0.3509356081485748,0.243525892496109,0.3806151747703552,0.3737271130084991,0.4467980861663818,,0.300241082906723,10.0,0.3965138792991638,1.1143651008605957,282.9109802246094,1.5587899684906006,217.6494140625,181.49172973632807,12.409875869750977,0.7260400056838989,200.0,0.1856731474399566,0.0815791670853893
20150802.0,0.3526129722595215,0.2716353833675384,,,,,,,,,,,,,,,,,
20150803.0,0.3301600515842438,0.2536225914955139,,,,0.3049666583538055,0.3326822817325592,,,,,,,,,,,,
20150804.0,0.3176127076148987,,,,,,,,,,,,,,,,,,
20150805.0,0.3256413638591766,0.2507025301456451,,,,,0.3538926243782043,,,,,,,,,,,,
20150806.0,0.3164895176887512,,0.2968694567680359,0.2841888964176178,0.3410171568393707,0.2951065301895141,0.2906582951545715,10.0,0.3965138792991638,1.1143651008605957,282.5704345703125,1.559891700744629,231.308349609375,193.56463623046875,0.3264259994029999,0.8868494629859924,200.0,0.2405724972486496,0.125591667679449
20150807.0,0.3093566000461578,,0.2731823325157165,0.2735859155654907,0.3180298507213592,,,10.0,0.3965138792991638,1.1143651008605957,281.92144775390625,1.5601117610931396,234.93551635742188,199.1789093017578,0.1393288373947143,0.5562406778335571,200.0,0.219897836446762,0.107766667380929
20150808.0,0.3016332983970642,0.2292844802141189,,,,0.2701890766620636,0.2769554853439331,,,,,,,,,,,,
20150809.0,0.2951828837394714,,0.2665231823921203,,,,,,,,,,,,,,,,
20150810.0,0.2883624732494354,0.2203367799520492,,,,,,,,,,,,,,,,,
20150811.0,0.2831555604934692,,,,,0.2037290185689926,0.2322458624839782,,,,,,,,,,,,
20150812.0,0.3386515080928802,,0.3446216881275177,0.3751280307769775,0.4039230048656463,,,10.0,0.3965138792991638,1.1143651008605957,279.83331298828125,1.560385823249817,221.81544494628903,190.08621215820312,3.852938413619995,1.2002873420715332,200.0,0.173472985625267,0.0539791669386129
20150813.0,0.3245175182819366,,,,,0.2997224926948547,0.3152867257595062,,,,,,,,,,,,
20150814.0,0.311466783285141,,0.3033931255340576,0.2713722586631775,0.3166443109512329,,,10.0,0.3965138792991638,1.1143651008605957,284.6036682128906,1.5709869861602783,234.8775634765625,198.11404418945312,0.1417754292488098,0.8367859125137329,200.0,0.2314561605453491,0.0480750001346072
20150815.0,0.301909476518631,0.2368038296699524,0.2721959948539734,0.2700577974319458,0.3005034625530243,,,10.0,0.3965138792991638,1.1143651008605957,284.57177734375,1.5825605392456057,237.675048828125,203.0185546875,0.1111148074269294,0.9061077237129213,200.0,0.2115253955125808,0.045283333864063
20150816.0,0.2927212417125702,0.2289803922176361,,,,0.2309695333242416,0.2451551854610443,,,,,,,,,,,,
20150817.0,0.287628710269928,0.2267877608537674,0.247525006532669,0.2523781061172485,0.2697215676307678,,,10.0,0.3965138792991638,1.1143651008605957,281.97076416015625,1.603130340576172,242.07736206054688,210.11505126953125,0.2586933970451355,0.9107272028923036,200.0,0.1833179593086242,0.0391125002255042
20150818.0,0.2803169786930084,0.2059315890073776,,,,0.2070079445838928,0.2309640794992447,,,,,,,,,,,,
20150819.0,0.2741499841213226,0.2167447656393051,,,,,0.1611072123050689,,,,,,,,,,,,
20150820.0,0.2664237320423126,0.2101977318525314,0.2071787565946579,0.2409721463918686,0.2321886867284774,,,10.0,0.3965138792991638,1.1143651008605957,284.6689147949219,1.6346900463104248,249.55780029296875,225.0198974609375,0.0017136334208771,1.450192928314209,200.0,0.1509645283222198,0.0324608694114115
20150821.0,0.2611048221588135,0.2066481560468673,,,,0.187976986169815,0.2197637856006622,,,,,,,,,,,,
20150822.0,0.2568686902523041,0.2114769518375396,0.2051591575145721,0.2215254455804824,0.2302350997924804,,,10.0,0.3965138792991638,1.1143651008605957,287.41754150390625,1.6558663845062256,252.473861694336,223.1806030273437,1.248827338218689,1.5745856761932373,200.0,0.171026274561882,0.0289291666510204
20150823.0,0.2747381627559662,0.1905460208654403,0.1890889406204223,0.2333476543426513,0.226126566529274,,0.2411572635173797,10.0,0.3965138792991638,1.1143651008605957,287.0657958984375,1.6664958000183103,253.41696166992188,229.2330322265625,2.9644198417663574,1.052547574043274,200.0,0.1206454262137413,0.0291608696722466
20150824.0,0.3652293384075165,,,,,,0.4027527570724487,,,,,,,,,,,,
20150825.0,0.3623184561729431,,0.3351180255413055,0.3612313866615295,0.4014275968074798,,,10.0,0.3965138792991638,1.1143651008605957,282.8349914550781,1.6878366470336914,227.7315368652344,196.2802734375,1.696466326713562,1.1052337884902954,200.0,0.2275672703981399,0.162350000503163
20150826.0,0.3585321605205536,0.2661012709140777,,,,0.3481778800487518,0.3537705540657043,,,,,,,,,,,,
20150828.0,0.344024658203125,,0.3216538429260254,0.3824854791164398,0.4251790344715118,,0.3941770792007446,10.0,0.3965138792991638,1.1143651008605957,282.6705322265625,1.720697045326233,224.61143493652344,193.4424285888672,0.0,1.654938817024231,200.0,0.2662058472633362,0.22653478189655
20150829.0,0.3268139958381653,,,,,0.2917770445346832,0.3057954609394073,,,,,,,,,,,,
20150830.0,0.3171781897544861,0.2349403500556945,0.2833502888679504,0.3189815282821655,0.3577748835086822,,,10.0,0.3965138792991638,1.1143651008605957,281.9726867675781,1.73438823223114,232.20132446289065,199.94268798828125,0.0297866556793451,1.1212183237075806,200.0,0.2175976336002349,0.156179167330265
20150831.0,0.3072585761547088,0.2344606220722198,0.2637751400470733,0.2923347353935241,0.3305296599864959,0.2491397410631179,0.2524796426296234,10.0,0.3965138792991638,1.1143651008605957,281.70654296875,1.7363810539245603,235.18914794921875,202.29177856445312,0.000870227755513,1.605922818183899,200.0,0.1999276876449585,0.124382608286712
20150901.0,0.2976593971252441,0.2231559604406356,,,,,,,,,,,,,,,,,
20150902.0,0.342172235250473,,0.3614200055599212,0.3807104527950287,0.4467980861663818,,,10.0,0.3965138792991638,1.1143651008605957,286.42340087890625,1.7424404621124268,221.787109375,188.2719573974609,14.392367362976074,1.831958293914795,200.0,0.2009540051221847,0.101070833082
20150903.0,0.3594705462455749,0.2730756998062134,,,,0.3318928480148315,0.3545640408992767,,,,,,,,,,,,
20150904.0,0.333501785993576,,,,,,,,,,,,,,,,,,
20150905.0,0.3188153207302093,0.2400850355625152,0.2798728346824646,0.3014009594917297,0.327951431274414,0.2707228064537048,0.329630434513092,10.0,0.3965138792991638,1.1143651008605957,284.3182067871094,1.7511565685272217,236.67642211914065,205.45623779296875,0.0,1.793514370918274,200.0,0.2022754400968551,0.163773913098418
20150906.0,0.3096338808536529,0.2376359552145004,,,,,0.2912991642951965,,,,,,,,,,,,
20150907.0,0.3038001358509063,,0.2551875412464142,0.2957949936389923,0.3104712069034576,,,10.0,0.3965138792991638,1.1143651008605957,282.72705078125,1.7569772005081177,238.3855438232422,208.4921722412109,2.0129430294036865,1.7092465162277222,200.0,0.1710118055343628,0.100395833142102
20150908.0,0.3153843283653259,,0.248306006193161,0.2920328378677368,0.2976037859916687,0.2292316406965255,0.2547990381717682,10.0,0.3965138792991638,1.1143651008605957,282.2222595214844,1.7598905563354492,239.6224975585937,211.03219604492188,0.5708951950073242,1.4513578414916992,200.0,0.1795039474964141,0.079562500740091
20150909.0,0.304235965013504,0.2230156511068344,,,,,,,,,,,,,,,,,
20150910.0,0.2918689846992492,0.2027735710144043,0.2088784128427505,,,,0.2903836071491241,,,,,,,,,,,,
20150911.0,0.2803792655467987,0.2104216516017913,,,,,0.2268135696649551,,,,,,,,,,,,
20150912.0,0.2701652348041534,0.2085694670677185,,,,,,,,,,,,,,,,,
20150913.0,0.2594791948795318,0.1846295595169067,0.1702241152524948,0.2154185622930526,0.2063695788383484,0.1577256619930267,0.17398601770401,10.0,0.3965138792991638,1.1143651008605957,290.12017822265625,1.7775061130523682,257.2060546875,233.7274169921875,0.0008583068847656,2.4889440536499023,200.0,0.1498228311538696,0.0305458333653708
20150914.0,0.2479078024625778,0.1908667683601379,,,,,,,,,,,,,,,,,
20150915.0,0.2457469403743744,0.1703853011131286,0.1329945623874664,0.1880918443202972,0.1796336472034454,,0.1721244007349014,10.0,0.3965138792991638,1.1143651008605957,285.28790283203125,1.7464385032653809,260.83172607421875,240.78497314453125,0.0131575725972652,1.4922865629196167,200.0,0.1326960921287536,0.0279434784922911
20150916.0,0.2379836589097976,0.1675277650356292,0.1323730945587158,0.174822449684143,0.1696792691946029,0.1042103990912437,0.1193578913807869,10.0,0.3965138792991638,1.1143651008605957,284.90594482421875,1.708546161651611,261.7367553710937,241.20947265625,0.0004410743713378,1.8686023950576784,200.0,0.1395796537399292,0.0282130434947169
20150917.0,0.2300338894128799,0.1839156746864318,,,,,,,,,,,,,,,,,
20150918.0,0.2230888158082962,0.1754180490970611,0.1081642210483551,0.1613396108150482,0.1583559811115265,0.0884033441543579,0.1002533063292503,10.0,0.3965138792991638,1.1143651008605957,287.1794128417969,1.643127202987671,264.24639892578125,245.50680541992188,0.0021149793174117,1.7649105787277222,200.0,0.1211174577474594,0.0267208332661539
20150919.0,0.2170041799545288,0.179269328713417,,,,,,,,,,,,,,,,,
20150920.0,0.2110601216554641,0.1680365800857544,,,,,,,,,,,,,,,,,
20150921.0,0.203536719083786,0.1703858226537704,0.0996825471520423,0.1509227156639099,0.1497581750154495,0.0813025683164596,0.0870693102478981,10.0,0.3965138792991638,1.1143651008605957,288.2312316894531,1.5452146530151367,266.9468078613281,247.9199981689453,0.0256490632891654,2.024925470352173,200.0,0.1194960922002792,0.0243083334838351
20150922.0,0.1983035206794738,0.1714993864297866,,,,,,,,,,,,,,,,,
20150923.0,0.1926614195108413,0.1738564372062683,0.0801658406853675,0.1375200301408767,0.13850799202919,0.0578080229461193,0.0662556812167167,10.0,0.3965138792991638,1.1143651008605957,283.76397705078125,1.4812734127044678,266.28033447265625,248.5122985839844,0.0,1.6747642755508425,200.0,0.1136990562081337,0.0257333333138376
20150924.0,0.1876850575208664,0.1714843362569809,0.0860640779137611,0.1492484360933303,0.1489185243844986,,0.0735496059060096,10.0,0.3965138792991638,1.1143651008605957,284.7148132324219,1.449702501296997,265.0091247558594,247.39358520507807,0.0051883859559893,1.4313839673995972,200.0,0.1053996905684471,0.0253124999968956
20150925.0,0.1821868270635604,0.1703494489192962,,,,,,,,,,,,,,,,,
20150926.0,0.1775115430355072,0.1679539233446121,0.0745941996574401,0.1113374531269073,0.1098547279834747,0.0612972266972065,0.0753196850419044,10.0,0.3965138792991638,1.1143651008605957,287.04791259765625,1.3873615264892578,271.2690124511719,250.67672729492188,0.0026079236995428,1.517221450805664,200.0,0.1106418818235397,0.0229625001084059
20150927.0,0.1725084632635116,0.1693306714296341,,,,,,,,,,,,,,,,,
20150928.0,0.1665005683898925,0.1684423387050628,,,,,0.0570696145296096,,,,,,,,,,,,
20150929.0,0.1615617871284485,0.1595697104930877,0.0670948773622512,0.115343652665615,0.1162827536463737,,0.0612811669707298,10.0,0.3965138792991638,1.1143651008605957,287.71588134765625,1.2967880964279177,271.47802734375,252.41964721679688,0.0008523463038727,1.7065587043762207,200.0,0.1049155965447425,0.021641666845729
20150930.0,0.1572694182395935,0.1667909622192382,,,,,,,,,,,,,,,,,
20151001.0,0.15322907269001,0.1625872999429702,0.0565672256052494,0.1079210638999939,0.1092262342572212,0.058699045330286,0.0672322735190391,10.0,0.3965138792991638,1.1143651008605957,288.9199523925781,1.2258223295211792,272.2816772460937,253.50836181640625,0.0,1.7959856986999512,200.0,0.1017697304487228,0.0209750000697871
20151002.0,0.1489863395690918,0.1647407114505767,,0.1070519015192985,0.1119437590241432,,,10.0,0.3965138792991638,1.1143651008605957,292.4060974121094,1.1840752363204956,273.16998291015625,256.455078125,0.0,2.027977466583252,200.0,0.0892920047044754,0.0193208334191392
20151003.0,0.14450503885746,0.1642330586910247,,,,,0.0488906539976596,,,,,,,,,,,,
20151004.0,0.1400011777877807,0.1701750755310058,0.0585902296006679,0.1088784784078598,0.10919651389122,0.0424044355750083,0.041779838502407,10.0,0.3965138792991638,1.1143651008605957,296.3968811035156,1.105033278465271,276.5225524902344,256.49932861328125,0.0,2.3072898387908936,200.0,0.0913366228342056,0.0164541668103387
20151005.0,0.136486068367958,0.1577289551496505,,,,,,,,,,,,,,,,,
20151006.0,0.1335098892450332,0.1571767330169677,,,,0.0528213568031787,0.0619830936193466,,,,,,,,,,,,
20151007.0,0.1322043240070343,0.1491699814796447,0.0741548240184784,0.1118233427405357,0.1146725937724113,,,10.0,0.3965138792991638,1.1143651008605957,293.23834228515625,0.989745795726776,275.41143798828125,257.43927001953125,0.0208311378955841,1.2510387897491455,200.0,0.0735089853405952,0.0173857141552227
20151008.0,0.1311340630054474,0.154453158378601,,,,,,,,,,,,,,,,,
20151009.0,0.1307257264852523,0.1603826135396957,0.1680006980895996,0.1815991103649139,0.1758023798465728,0.1405477821826934,0.1768242418766021,10.0,0.3965138792991638,1.1143651008605957,297.08544921875,0.915433943271637,266.8349609375,242.49685668945312,0.1367444843053817,1.59047532081604,200.0,0.1055652275681495,0.0150826088274303
20151010.0,0.1321058124303817,0.1724552363157272,0.1273449808359146,0.1452708095312118,0.1437136232852935,,,10.0,0.3965138792991638,1.1143651008605957,298.9317932128906,0.8790419697761536,273.719482421875,248.59234619140625,0.9420471787452698,1.980418682098389,200.0,0.0967426747083664,0.0162499999084199
20151011.0,0.1774327903985977,0.1745769083499908,,,,0.1214897111058235,0.1209448501467704,,,,,,,,,,,,
20151012.0,0.1807969063520431,0.1992097795009613,0.1254955977201461,0.1522737443447113,0.1500878036022186,,0.0918912291526794,10.0,0.3965138792991638,1.1143651008605957,291.6976318359375,0.80778568983078,269.5057373046875,245.7675170898437,0.0034608088899403,1.622139811515808,200.0,0.1087111383676529,0.0209208334951351
20151013.0,0.1704696714878082,0.1813716292381286,,,,,,,,,,,,,,,,,
20151014.0,0.1606773734092712,0.1757223010063171,,,,0.0588212199509143,0.0692465007305145,,,,,,,,,,,,
20151015.0,0.1508810222148895,0.159799575805664,0.0822874903678894,0.0990387946367263,0.0970912352204322,,,10.0,0.3965138792991638,1.1143651008605957,300.0195617675781,0.7030515074729919,280.2474365234375,258.162353515625,0.0008583068847656,2.072450876235962,200.0,0.0858737975358963,0.0162333333864808
20151016.0,0.1436451971530914,0.1418063342571258,,,,,0.0616168715059757,,,,,,,,,,,,
20151017.0,0.1492426842451095,,0.0935041457414627,0.1504200249910354,0.1475497335195541,,0.124759666621685,10.0,0.3965138792991638,1.1143651008605957,291.8714294433594,0.6568660736083984,271.56964111328125,250.37094116210932,1.138700246810913,1.07984459400177,200.0,0.0731246769428253,0.0171636363745413
20151018.0,0.1447805166244506,0.1509261280298233,0.0805920511484146,0.1322419643402099,0.1321125477552414,,,10.0,0.3965138792991638,1.1143651008605957,296.1210632324219,0.6463437676429749,273.9510498046875,255.5028381347656,0.0,1.5503206253051758,200.0,0.0745676755905151,0.0170541666448116
20151019.0,0.1393709033727646,0.1476167142391204,,,,0.0620555728673934,0.0730918273329734,,,,,,,,,,,,
20151020.0,0.1403099745512008,0.1427768170833587,0.0760442167520523,0.0926822200417518,0.0893990397453308,,,10.0,0.3965138792991638,1.1143651008605957,299.7554016113281,0.6203137636184692,281.2856750488281,258.4749755859375,1.3566839694976809,1.5873336791992188,200.0,0.0774314627051353,0.0132708334907268
20151022.0,0.1467751860618591,0.175371840596199,,,,0.0872977823019027,0.0968352332711219,,,,,,,,,,,,
20151023.0,0.1432922035455703,0.1530950516462326,0.0753949806094169,0.1196049079298973,0.1193467006087303,,,10.0,0.3965138792991638,1.1143651008605957,293.6158752441406,0.5828267335891724,275.0888977050781,254.7249755859375,0.0822279453277587,0.9639478325843812,200.0,0.0710235685110092,0.0220874998873721
20151024.0,0.1389084905385971,0.1426102370023727,,,,0.0557633824646472,0.0738242715597152,,,,,,,,,,,,
20151025.0,0.1350976377725601,0.1399589329957962,0.065538115799427,,,,,,,,,,,,,,,,
20151027.0,0.1313325017690658,0.1381816565990448,,,,0.0536958649754524,0.0583819076418876,,,,,,,,,,,,
20151028.0,0.1297488063573837,0.1251811236143112,0.0640420094132423,0.0905667766928672,0.0930636078119278,,,10.0,0.3965138792991638,1.1143651008605957,294.92626953125,0.5219027996063232,278.6279296875,260.121337890625,0.0,0.8089814782142639,200.0,0.0615752153098583,0.017083333300737
20151030.0,0.1321851313114166,0.1297018229961395,,,,,0.0915860459208488,,,,,,,,,,,,
20151031.0,,,,,,,,10.0,0.3965138792991638,1.1143651008605957,295.1631774902344,0.4855329394340515,243.66433715820312,209.901611328125,4.503888130187988,2.884239435195923,200.0,0.1594088971614837,0.0522791663339982
20151101.0,0.3225786685943603,,,,,0.3174484372138977,0.34797203540802,,,,,,,,,,,,
20151102.0,0.2847649455070495,0.2434460669755935,,0.2623309195041656,0.277424156665802,,,10.0,0.3965138792991638,1.1143651008605957,294.32476806640625,0.4712522625923157,245.66244506835932,207.51303100585932,0.0289972089231014,2.714816808700561,200.0,0.2134487181901931,0.104233334461848
20151103.0,0.2550009191036224,0.2214911580085754,0.2044600397348404,0.2187820971012115,0.2268150150775909,,0.2236396372318267,10.0,0.3965138792991638,1.1143651008605957,295.9439392089844,0.4697261452674866,255.874267578125,218.30007934570312,0.0087782302871346,2.7489802837371826,200.0,0.1934452354907989,0.0877833335349957
20151104.0,0.3115400075912475,0.1899351924657821,,,,,0.3098849356174469,,,,,,,,,,,,
20151105.0,0.3968204259872436,0.257329910993576,0.326108306646347,0.3344029188156128,0.3550018072128296,,,10.0,0.3965138792991638,1.1143651008605957,291.8470458984375,0.4643121063709259,230.7611389160156,192.9173583984375,15.470131874084473,2.666611433029175,200.0,0.1837861835956573,0.116349999792874
20151106.0,0.3666790723800659,0.2685350179672241,,,,0.326596051454544,0.3709219694137573,,,,,,,,,,,,
20151107.0,0.3375521898269653,0.2438767850399017,,,,,,,,,,,,,,,,,
20151108.0,0.3143262565135956,0.2234018296003341,0.2234291285276413,0.2175056934356689,0.2251774072647094,,0.2149723768234253,10.0,0.3965138792991638,1.1143651008605957,294.1294250488281,0.4566637575626373,254.0585327148437,218.41049194335932,0.0,3.866400003433228,200.0,0.2042832374572754,0.119962500408292
20151109.0,0.2929747998714447,0.2168991416692733,,,,0.1711566746234893,0.191198468208313,,,,,,,,,,,,
20151110.0,0.2731997668743133,0.1775242984294891,0.1598262190818786,0.174076572060585,0.1706142425537109,,,10.0,0.3965138792991638,1.1143651008605957,298.0158996582031,0.4515838027000427,267.40728759765625,238.12954711914065,0.0259494520723819,3.768549919128418,200.0,0.1579880118370056,0.0982041666284204
20151111.0,0.2766395211219787,0.1558718830347061,0.1753548085689544,0.1683419346809387,0.1645550578832626,0.1449918895959854,0.1615039557218551,10.0,0.3965138792991638,1.1143651008605957,297.0655822753906,0.4490493834018707,267.9243469238281,239.30648803710932,5.114840984344482,3.665384769439697,200.0,0.1368990093469619,0.0889291667068998
20151112.0,0.315811276435852,0.1886805146932602,,,,,,,,,,,,,,,,,
20151113.0,0.296213299036026,0.1865017265081405,0.1421277374029159,0.1524203717708587,0.1498635858297348,,,10.0,0.3965138792991638,1.1143651008605957,293.5750427246094,0.443992018699646,268.92578125,240.87957763671875,0.0613490156829357,3.557424068450928,200.0,0.1517262160778045,0.0702166662861903
20151114.0,0.2723309099674225,0.1791846454143524,,,,0.0944615975022316,0.0987273752689361,,,,,,,,,,,,
20151115.0,0.2563928961753845,0.1750833541154861,,,,,,,,,,,,,,,,,
20151116.0,0.2379200905561447,0.1561195701360702,0.097392238676548,0.1010837703943252,0.0986314341425895,0.0691035836935043,0.0736106485128402,10.0,0.3965138792991638,1.1143651008605957,295.82879638671875,0.4366628527641296,278.49493408203125,254.43869018554688,0.000435113790445,3.4415440559387207,200.0,0.1316481530666351,0.0475000001800557
20151117.0,0.219314768910408,0.1433958113193512,,,,,,,,,,,,,,,,,
20151118.0,0.1991995275020599,0.1474229097366333,0.0812681317329406,0.0870446860790252,0.0839659124612808,,,10.0,0.3965138792991638,1.1143651008605957,300.71417236328125,0.4288476407527923,283.7203369140625,259.75146484375,0.0,4.199942111968994,200.0,0.1131500750780105,0.0307583336252719
20151119.0,0.1813145875930786,0.1394294500350952,0.0777296647429466,0.0955646485090255,0.0954263731837272,0.0482316724956035,0.0530411712825298,10.0,0.3965138792991638,1.1143651008605957,302.8747863769531,0.4232436418533325,283.31500244140625,261.9495849609375,0.0004943649400956,4.167409420013428,200.0,0.1024592369794845,0.0230708333353202
20151120.0,0.1674017459154129,0.1399601399898529,,,,,,,,,,,,,,,,,
20151121.0,0.1601912081241607,0.1344332098960876,0.065497376024723,0.0829894319176673,0.0831109508872032,0.048794712871313,0.0539872422814369,10.0,0.3965138792991638,1.1143651008605957,293.8014831542969,0.4128140807151794,281.00836181640625,260.3222961425781,0.0030100336298346,2.0305538177490234,200.0,0.0985369607806205,0.0187458333481724
20151122.0,0.153679683804512,0.1319304555654525,,,,,0.0528885759413242,,,,,,,,,,,,
20151123.0,0.1485775262117386,0.140492632985115,,,,,,,,,,,,,,,,,
20151124.0,0.1433911621570587,0.1384045928716659,0.0608306601643562,0.0761721283197403,0.078722707927227,0.0441045090556144,0.0517593920230865,10.0,0.3965138792991638,1.1143651008605957,297.8334350585937,0.3971598446369171,282.31378173828125,263.3535461425781,0.000426173210144,2.2750205993652344,200.0,0.0866995826363563,0.0128041667824922
20151125.0,0.1390656232833862,0.1261661648750305,,,,,,,,,,,,,,,,,
20151126.0,0.1394446194171905,0.1208524778485298,0.0569561719894409,0.0915589779615402,0.0913748145103454,,0.0450758375227451,10.0,0.3965138792991638,1.1143651008605957,292.16180419921875,0.3868079483509063,282.2747802734375,260.9336853027344,0.0042945137247443,1.2726863622665403,200.0,0.0809019953012466,0.009386956570265
20151127.0,0.1367986798286438,0.1281651258468628,0.0635780617594719,0.064373955130577,0.0641737431287765,0.0430755168199539,0.0409863591194152,10.0,0.3965138792991638,1.1143651008605957,294.0521545410156,0.3816572725772857,282.02349853515625,262.4967956542969,0.0021575249265879,1.376617431640625,200.0,0.076594240963459,0.0102368420921266
20151128.0,0.1342830955982208,0.1256709098815918,,,,,,,,,,,,,,,,,
20151129.0,0.1324878633022308,0.1209692880511283,0.0610272958874702,0.0808050855994224,0.0821907445788383,0.0523865073919296,0.0607928708195686,10.0,0.3965138792991638,1.1143651008605957,296.21307373046875,0.3714065253734588,281.1845092773437,261.3204345703125,0.0044152233749628,1.1476887464523315,200.0,0.0703490450978279,0.0071217390587148
20151130.0,0.1304728090763092,0.1276567429304123,,,,,,,,,,,,,,,,,
20151201.0,0.1299833804368972,0.133560225367546,,,,,,,,,,,,,,,,,
20151202.0,0.1300828158855438,0.1259831637144088,0.0602447502315044,0.0673553794622421,0.068179003894329,0.0440318025648593,0.0459303557872772,10.0,0.3965138792991638,1.1143651008605957,293.52392578125,0.3560314774513244,281.63580322265625,262.1856689453125,0.0021517276763916,0.937084972858429,200.0,0.0671837702393531,0.0059649999719113
20151203.0,0.1285030543804168,0.1285230666399002,,,,,,,,,,,,,,,,,
20151204.0,0.1268706917762756,0.1238767430186271,0.0562879554927349,0.0652530491352081,0.0668643116950988,0.0369140729308128,0.0391857661306858,10.0,0.3965138792991638,1.1143651008605957,301.87078857421875,0.3474749326705932,285.4627380371094,266.2812194824219,0.0008523463620804,1.3786699771881104,200.0,0.0649730339646339,0.0036199999765813
20151208.0,0.1484662592411041,0.1362823545932769,,,,,,,,,,,,,,,,,
20151209.0,0.1432775259017944,0.1536548733711242,,,,0.0725753381848335,0.0799584984779357,,,,,,,,,,,,
20151210.0,0.1379003226757049,0.1303698569536209,0.0654060319066047,0.0949545055627822,0.0962888598442077,,0.0565813183784484,10.0,0.3965138792991638,1.1143651008605957,301.7990417480469,0.3267252743244171,282.8727111816406,263.0069580078125,0.1216234564781189,1.2243493795394895,200.0,0.0622194111347198,0.0032761905004874
20151211.0,0.1346583217382431,0.1288804560899734,,,,,,,,,,,,,,,,,
20151212.0,0.1322303265333175,0.1315922737121582,0.0552988275885582,0.0629003569483757,0.0594241544604301,0.0454827137291431,0.0574358366429805,10.0,0.3965138792991638,1.1143651008605957,295.3253479003906,0.3198325932025909,284.4610595703125,262.95281982421875,0.0017198916757479,0.7548659443855286,200.0,0.0680272430181503,0.0043521739501992
20151213.0,0.1298424303531646,0.1251804083585739,0.0582115910947322,0.0640958026051521,0.0613752901554107,,,10.0,0.3965138792991638,1.1143651008605957,299.5063781738281,0.3163985311985016,285.5595703125,264.2272644042969,0.0016927155666053,0.916477620601654,200.0,0.0668927878141403,0.0034600000013597
20151221.0,0.185000404715538,0.2221995890140533,0.215177446603775,0.2179038077592849,0.2145571559667587,,,10.0,0.3965138792991638,1.1143651008605957,298.5052795410156,0.3060430288314819,257.27197265625,222.52313232421875,0.0029851016588509,1.3116101026535034,200.0,0.136481836438179,0.101529166723291
20151222.0,0.1701094955205917,0.1883664280176162,,,,0.137482151389122,0.1479537338018417,,,,,,,,,,,,
20151223.0,0.1581042408943176,0.1505065411329269,0.1211079582571983,0.1287302374839782,0.1246436163783073,,,10.0,0.3965138792991638,1.1143651008605957,301.9245300292969,0.3156450986862182,279.0663452148437,253.84243774414065,0.0184293296188116,1.219682216644287,200.0,0.0747715458273887,0.0538541663748523
20151224.0,0.1478315591812133,0.1440320909023285,,,,,,,,,,,,,,,,,
20151225.0,0.147475391626358,0.1322547942399978,,,,0.3696419298648834,0.4345835745334625,,,,,,,,,,,,
20151226.0,0.2373382449150085,0.1973836869001388,0.2139444947242736,0.2297926098108291,0.2220210283994674,,,10.0,0.3965138792991638,1.1143651008605957,293.5033874511719,0.3305838704109192,254.8314971923828,215.9792633056641,0.0378642156720161,1.7733603715896606,200.0,0.1731630265712738,0.0618499995519718
20151227.0,0.2115380465984344,0.1951422691345214,,,,0.1384362429380417,0.1670278012752533,,,,,,,,,,,,
20151228.0,0.1899061948060989,0.1539673954248428,0.0979769602417945,0.1121397614479065,0.1092622652649879,,0.0942106395959854,10.0,0.3965138792991638,1.1143651008605957,298.6660461425781,0.3406283557415008,278.87615966796875,254.11251831054688,0.0008523463038727,1.7346278429031372,200.0,0.09698536247015,0.0568750000869234
20151229.0,0.1715973764657974,0.1426275968551635,0.0730548202991485,0.0888760685920715,0.0892610847949981,,,10.0,0.3965138792991638,1.1143651008605957,301.45220947265625,0.3457202315330505,283.1600341796875,262.2479858398437,0.000435113790445,1.721347093582153,200.0,0.0753625780344009,0.0443333333047728
20151230.0,0.1563339829444885,0.1313191503286361,,,,0.0463027656078338,0.0522782057523727,,,,,,,,,,,,
20151231.0,0.1454166769981384,0.1281138807535171,,0.073215328156948,0.0735784843564033,,,10.0,0.3965138792991638,1.1143651008605957,305.8325500488281,0.3564878404140472,289.1724853515625,268.4721984863281,0.0,1.2040417194366455,200.0,0.06053077429533,0.0267416667969276
20160101.0,0.1387950927019119,0.1267572045326233,,,,,0.0575273893773555,,,,,,,,,,,,
20160102.0,0.1433693915605545,0.1620120406150818,,,,,0.2256233394145965,,,,,,,,,,,,
20160103.0,0.1425499618053436,0.1835360676050186,0.1262356787919998,0.1517854779958725,0.146845281124115,,,10.0,0.3965138792991638,1.1143651008605957,298.1590881347656,0.3545400500297546,274.09686279296875,246.89566040039065,0.0632962435483932,0.4546511173248291,200.0,0.075784295797348,0.0203583334417393
20160104.0,0.1417627185583114,0.1514563411474228,,,,0.0931031480431556,0.0950041189789772,,,,,,,,,,,,
20160105.0,0.1561231762170791,0.150955930352211,0.0953099727630615,0.1058070212602615,0.103769451379776,,,10.0,0.3965138792991638,1.1143651008605957,298.1890869140625,0.3487135171890259,279.8499450683594,256.82391357421875,0.2391881644725799,0.8144657611846924,200.0,0.070118561387062,0.0181416668153058
20160106.0,0.1535801738500595,0.1489005833864212,0.1122489422559738,0.1520812511444091,0.1450741738080978,,,10.0,0.3965138792991638,1.1143651008605957,299.21173095703125,0.3456766903400421,273.9133605957031,249.6238250732422,0.5621796250343323,0.935674786567688,200.0,0.0714331343770027,0.0173291667209317
20160107.0,0.1473648995161056,0.1520346403121948,,,,0.0671694576740264,0.0702841281890869,,,,,,,,,,,,
20160108.0,0.1402609199285507,0.1308694630861282,0.0678121373057365,0.0775639787316322,0.0775254815816879,,,10.0,0.3965138792991638,1.1143651008605957,302.781982421875,0.3396214842796325,285.73748779296875,264.6596984863281,0.0008523463038727,0.8821027278900146,200.0,0.0584645271301269,0.0138208333325262
20160109.0,0.1346454322338104,0.1291928142309188,,,,0.0494925640523433,0.0527359843254089,,,,,,,,,,,,
20160110.0,0.1303755939006805,0.1204036548733711,,,,,,,,,,,,,,,,,
20160111.0,0.1273490637540817,0.123958870768547,0.0589453279972076,0.0807039961218833,0.0833845436573028,,,10.0,0.3965138792991638,1.1143651008605957,307.9556579589844,0.3305848836898803,288.7275085449219,269.2064819335937,0.002346096560359,0.6476373672485352,200.0,0.0482716485857963,0.0066583333439969
20160112.0,0.1251382976770401,0.1181258931756019,,,,0.0415103733539581,0.046632282435894,,,,,,,,,,,,
20160113.0,0.1243462711572647,0.1153098195791244,0.0725537836551666,0.0875683426856994,0.0867687463760376,,,10.0,0.3965138792991638,1.1143651008605957,310.61297607421875,0.3245911002159118,290.2032470703125,267.6236267089844,0.2344354838132858,0.6485670208930969,200.0,0.0580386593937873,0.0040695652284699
20160116.0,0.1432980895042419,0.1271185576915741,0.0570153668522834,0.0601208172738552,0.0592195615172386,,,10.0,0.3965138792991638,1.1143651008605957,300.5931701660156,0.31435626745224,287.5789794921875,267.7140197753906,0.0,0.7289774417877197,200.0,0.0571319051086902,0.0058041667216457
20160117.0,0.137649729847908,0.1291832029819488,,,,0.0405045486986637,0.0425428040325641,,,,,,,,,,,,
20160118.0,0.1330998986959457,0.1136011481285095,,,,,,,,,,,,,,,,,
20160119.0,0.1297266334295272,0.1168347373604774,0.0526980087161064,0.0647717639803886,0.0670467466115951,,0.0440992452204227,10.0,0.3965138792991638,1.1143651008605957,306.60205078125,0.3390782475471496,291.0980834960937,271.9616394042969,2.784326534310821e-05,0.4726718366146087,200.0,0.0420082435011863,0.0033739130733959
20160120.0,0.1276081204414367,0.1135922372341156,,,,,0.0422376170754432,,,,,,,,,,,,
20160121.0,0.1305201947689056,0.1175109893083572,0.0610271506011486,0.0711694657802581,0.0716618597507476,,,10.0,0.3965138792991638,1.1143651008605957,302.3258972167969,0.3648894727230072,289.3252868652344,268.8414001464844,0.6276583075523376,0.3867941796779632,200.0,0.0433533899486064,0.0027047618946415
20160122.0,0.2467490583658218,0.1370438933372497,0.2521425783634186,0.2642163336277008,0.257365345954895,0.2638435959815979,0.287240207195282,10.0,0.3965138792991638,1.1143651008605957,296.09161376953125,0.3782296478748321,248.89801025390625,210.83578491210932,11.294547080993652,1.483320236206055,200.0,0.1016593351960182,0.0542739136954365
20160123.0,0.2376369684934616,0.2339111268520355,,,,,,,,,,,,,,,,,
20160124.0,0.209426149725914,0.1644963771104812,0.124553270637989,0.1410339623689651,0.1368532180786132,,0.1086764112114906,10.0,0.3965138792991638,1.1143651008605957,300.3309631347656,0.405254602432251,276.78082275390625,248.3677215576172,0.0008523463620804,1.8879271745681765,200.0,0.1174416542053222,0.0695125001172225
20160125.0,0.1866415441036224,0.1525489091873169,,,,0.0676930099725723,0.0674459040164947,,,,,,,,,,,,
20160126.0,0.1785635352134704,0.1288062036037445,,,,,,,,,,,,,,,,,
20160127.0,0.2465412616729736,0.2495125979185104,0.2185234725475311,0.2872426509857178,0.2768731117248535,0.2677863836288452,0.2750023007392883,10.0,0.3965138792991638,1.1143651008605957,295.4394836425781,0.4466536343097687,244.23126220703125,205.0145263671875,2.728017568588257,1.4063010215759275,200.0,0.1394900381565094,0.101570833008736
20160128.0,0.2439895719289779,0.2446137368679046,,,,,,,,,,,,,,,,,
20160129.0,0.2819598615169525,,0.2147549241781234,0.2774403393268585,0.2664920389652252,,,10.0,0.3965138792991638,1.1143651008605957,292.1248779296875,0.4748272895812988,243.7499389648437,204.4453887939453,4.704183101654053,1.8760148286819456,200.0,0.149667739868164,0.0954500002165635
20160130.0,0.2782952487468719,,0.2933582961559295,0.3428555727005005,0.3288391828536987,0.3079787492752075,0.3494369387626648,10.0,0.3965138792991638,1.1143651008605957,294.54010009765625,0.4891901016235351,230.4395446777344,191.14337158203125,4.456520080566406,2.244687080383301,200.0,0.1999818235635757,0.098109090870077
20160131.0,0.329416424036026,,,,,,,,,,,,,,,,,,
20160201.0,0.3013304471969604,0.2762750685214996,0.2387485802173614,0.271296739578247,0.2625763416290283,0.2507963180541992,0.2758262753486633,10.0,0.3965138792991638,1.1143651008605957,293.8231201171875,0.5195301175117493,244.1254272460937,205.42556762695312,0.0017210477963089,2.2383177280426025,200.0,0.2136452496051788,0.148529167287052
20160202.0,0.2622702717781067,0.2387608140707016,,,,,0.1814020276069641,,,,,,,,,,,,
20160203.0,0.2439548820257187,0.2236696481704712,,,,,,,,,,,,,,,,,
20160204.0,0.2218166887760162,0.1973678171634674,0.1331061422824859,0.1665343791246414,0.1581950783729553,0.1320887953042984,0.143314927816391,10.0,0.3965138792991638,1.1143651008605957,298.87603759765625,0.5222241282463074,270.4345092773437,244.32443237304688,0.000866727437824,2.5369086265563965,200.0,0.1159015074372291,0.0379583334239821
20160205.0,0.2013715058565139,0.1799918413162231,,,,,,,,,,,,,,,,,
20160206.0,0.1846876442432403,0.1475632637739181,0.0795912072062492,0.1035601645708084,0.1007209345698356,,0.1027863398194313,10.0,0.3965138792991638,1.1143651008605957,300.2786865234375,0.5132130980491638,281.6671447753906,254.6512451171875,0.0017106533050537,2.188267230987549,200.0,0.1090695410966873,0.0263791667142262
20160207.0,0.1710093170404434,0.1534079909324646,0.072595790028572,0.1040014773607254,0.1033856719732284,,0.0637531653046608,10.0,0.3965138792991638,1.1143651008605957,301.73687744140625,0.5084096193313599,282.03570556640625,260.80230712890625,0.0017363625811412,2.013892650604248,200.0,0.078106440603733,0.0238916666712612
20160208.0,0.1586569100618362,0.1539102792739868,,,,,,,,,,,,,,,,,
20160209.0,0.1487317383289337,0.1388247162103653,0.0538434237241745,0.0957939177751541,0.0976126119494438,0.0552339181303978,0.0641499087214469,10.0,0.3965138792991638,1.1143651008605957,302.5814514160156,0.4988406300544739,284.02587890625,264.5221252441406,0.0,1.8294521570205688,200.0,0.0701348632574081,0.0219166668442388
20160210.0,0.1412424743175506,0.1274589896202087,,,,,,,,,,,,,,,,,
20160211.0,0.1360533088445663,0.1356284022331237,,,,,0.0533158369362354,,,,,,,,,,,,
20160212.0,0.1324141025543213,0.1378503292798996,0.057373784482479,0.0855322852730751,0.0857117027044296,0.0448730215430259,0.0468764305114746,10.0,0.3965138792991638,1.1143651008605957,304.53955078125,0.4845817983150482,286.6273193359375,265.333251953125,0.0,1.203675627708435,200.0,0.0619538947939872,0.0172374998995413
20160213.0,0.1293613761663437,0.1223682761192321,,,,,,,,,,,,,,,,,
20160214.0,0.1279959380626678,0.1102756559848785,0.052512552589178,0.071403332054615,0.0718399658799171,0.0502899624407291,0.0489211715757846,10.0,0.3965138792991638,1.1143651008605957,300.0848388671875,0.4751391410827636,287.0904235839844,266.8837280273437,0.0,0.688583493232727,200.0,0.0580361187458038,0.0145916666757936
20160215.0,0.1266417503356933,0.118515707552433,0.0596592240035533,0.0756975784897804,0.0750458315014839,,,10.0,0.3965138792991638,1.1143651008605957,299.81219482421875,0.4704572856426239,285.6444396972656,264.5155029296875,0.0030100336298346,0.609666109085083,200.0,0.0584884658455848,0.013617391212155
20160216.0,0.1258404701948166,0.1235891133546829,,,,,,,,,,,,,,,,,
20160217.0,0.1252432018518448,0.1272941827774047,0.05720791593194,0.072540633380413,0.0699484646320343,0.050370879471302,0.0546281337738037,10.0,0.3965138792991638,1.1143651008605957,296.1473999023437,0.4613771438598633,284.349365234375,262.5078125,0.0008523463038727,0.3786879181861877,200.0,0.0584170445799827,0.0087086956988534
20160218.0,0.1245223730802536,0.1253978013992309,,,,,,,,,,,,,,,,,
20160219.0,0.1237247958779335,0.1216252744197845,,,,0.0390622206032276,0.0382702127099037,,,,,,,,,,,,
20160220.0,0.1231422126293182,0.12012829631567,0.0542184486985206,0.0721523389220237,0.076549082994461,,0.0440382100641727,10.0,0.3965138792991638,1.1143651008605957,298.89276123046875,0.4395324289798736,284.43896484375,266.5389099121094,0.0008523463620804,0.4286112189292907,200.0,0.0472029224038124,0.0060272727754305
20160221.0,0.1225604563951492,0.1247234940528869,,,,,,,,,,,,,,,,,
20160222.0,0.1220579370856285,0.1137539446353912,0.0577811077237129,0.0734342187643051,0.0701589658856391,0.0473458692431449,0.0491348020732402,10.0,0.3965138792991638,1.1143651008605957,305.8522644042969,0.4230674803256988,288.8553161621094,266.164306640625,0.0017223851755261,0.4812116026878357,200.0,0.0510521754622459,0.0043043478635018
20160223.0,0.121567852795124,0.1239978820085525,0.0588770397007465,0.0697679221630096,0.0691254287958145,,,10.0,0.3965138792991638,1.1143651008605957,308.5383605957031,0.4148361086845398,290.1968994140625,269.4766845703125,0.0,0.5025250911712646,200.0,0.0488155297935009,0.0037899999762885
20160224.0,0.121175467967987,0.1237406954169273,,,,,0.0451673939824104,,,,,,,,,,,,
20160225.0,0.1209367737174034,0.1143121719360351,0.0555297620594501,0.0774352103471756,0.0748835802078247,,0.0453199855983257,10.0,0.3965138792991638,1.1143651008605957,304.6914367675781,0.3984970450401306,288.9633178710937,266.2802124023437,0.0008583068847656,0.3224614858627319,200.0,0.0476704761385917,0.0029000000296426
20160226.0,0.1208255589008331,0.1171788498759269,,,,,,,,,,,,,,,,,
20160227.0,0.1207154691219329,0.1240125000476837,,,,0.0520176105201244,0.0582903549075126,,,,,,,,,,,,
20160228.0,0.1206303238868713,0.1234408393502235,0.0529744178056716,0.07023586332798,0.0714831128716468,,,10.0,0.3965138792991638,1.1143651008605957,301.5149841308594,0.3742974996566772,287.1167907714844,267.6361083984375,0.0029986954759806,0.2634958028793335,200.0,0.0422960855066776,0.0034900000144261
20160301.0,0.1205008625984191,0.1141755953431129,0.0465639233589172,0.0652070194482803,0.0591146871447563,0.0392770506441593,0.0386364348232746,10.0,0.3965138792991638,1.1143651008605957,303.3116149902344,0.3583705127239227,290.09820556640625,266.7760009765625,0.0017177979461848,0.2590165138244629,200.0,0.0483638606965541,0.0035249999724328
20160304.0,0.1211086511611938,0.1475735306739807,0.0558628141880035,0.0907002091407775,0.0891671329736709,,,10.0,0.3965138792991638,1.1143651008605957,306.4858093261719,0.3338113129138946,287.4553527832031,264.3729553222656,0.0034284631256014,0.2550844848155975,200.0,0.0469330325722694,0.0028894737073355
20160315.0,,,,,,,,10.0,0.3965138792991638,1.1143651008605957,301.05181884765625,0.3692899346351623,280.15155029296875,256.619873046875,0.1121141165494918,0.1809224337339401,200.0,0.049081802368164,0.0027650000251014
20160316.0,0.1243408098816871,0.163874551653862,,,,0.0729526802897453,0.0796227902173996,,,,,,,,,,,,
20160318.0,0.2337805181741714,0.199468046426773,0.19561767578125,0.2155636101961136,0.2092224806547165,,0.1885433495044708,10.0,0.3965138792991638,1.1143651008605957,290.4937438964844,0.3822514116764068,257.1605529785156,219.6337432861328,0.483618825674057,1.3197076320648191,200.0,0.1648081839084625,0.0833624998704181
20160319.0,0.2168687283992767,0.1968705505132675,,,,0.1470246613025665,0.1528061777353286,,,,,,,,,,,,
20160320.0,0.2042350620031356,0.1683943569660186,0.1260468363761901,0.1375247836112976,0.1334090381860733,,,10.0,0.3965138792991638,1.1143651008605957,293.23583984375,0.3915669322013855,273.0963134765625,246.00254821777344,0.0352907516062259,0.7343412637710571,200.0,0.096837542951107,0.0523291664818923
20160321.0,0.1909766942262649,0.1546191275119781,,,,0.0816338136792182,0.0954313799738884,,,,,,,,,,,,
20160322.0,0.1792077422142028,0.1481578946113586,,,,,,,,,,,,,,,,,
20160323.0,0.1704502701759338,0.1390764117240905,0.0816916078329086,0.0938562080264091,0.0938125550746917,,,10.0,0.3965138792991638,1.1143651008605957,296.4993896484375,0.3866978883743286,280.4566650390625,259.3373413085937,0.1054631322622299,0.6929258704185486,200.0,0.0643209069967269,0.0271333335743596
20160324.0,0.1655679643154144,0.1315301656723022,,,,0.067441888153553,0.0737632364034652,,,,,,,,,,,,
20160325.0,0.1712431758642196,0.1355258226394653,0.0740300342440605,0.102211557328701,0.1007927730679512,,,10.0,0.3965138792991638,1.1143651008605957,295.0267944335937,0.3787619471549988,279.16259765625,256.810546875,0.1410295814275741,0.6815873384475708,200.0,0.0695739537477493,0.0203541667045405
20160326.0,0.1636777967214584,0.1339329928159713,0.0752917528152465,0.0887218043208122,0.0903378278017044,0.0530640035867691,0.0576189458370208,10.0,0.3965138792991638,1.1143651008605957,294.33428955078125,0.3746722042560577,279.77392578125,260.0946350097656,0.0,0.561194658279419,200.0,0.0596523657441139,0.0192625000296781
20160327.0,0.1573451459407806,0.1347468793392181,,,,,,,,,,,,,,,,,
20160328.0,0.1520847231149673,0.1327250450849533,0.0699393451213836,0.080736219882965,0.0814527943730354,,,10.0,0.3965138792991638,1.1143651008605957,294.2019348144531,0.3665248453617096,280.775634765625,260.5243225097656,0.0,0.4218416213989258,200.0,0.0571558848023414,0.0160791667100663
20160329.0,0.1477997601032257,0.1234470754861831,,,,0.0545265153050422,0.0576189458370208,,,,,,,,,,,,
20160330.0,0.1446850448846817,0.1368407309055328,,,,,,,,,,,,,,,,,
20160331.0,0.1414893716573715,0.1399440914392471,0.0584407113492488,0.0840709283947944,0.0852156803011894,,0.0509659126400947,10.0,0.3965138792991638,1.1143651008605957,292.14947509765625,0.3543842732906341,279.38153076171875,259.41900634765625,0.0,0.3000428080558777,200.0,0.0545858964323997,0.0135291666956618
20160401.0,0.1386543810367584,0.1328406184911728,,,,,0.0675679817795753,,,,,,,,,,,,
20160402.0,0.1358923912048339,0.120564691722393,0.0621263422071933,0.0915757119655609,0.0924934670329094,,,10.0,0.3965138792991638,1.1143651008605957,294.7970275878906,0.3463441133499145,279.1925048828125,259.0204467773437,0.0008657936123199,0.2646039724349975,200.0,0.0512292608618736,0.0112739131057068
20160403.0,0.1339561492204666,0.1251017302274704,0.066875010728836,0.0823483988642692,0.0846213027834892,0.0571275725960731,0.0664387941360473,10.0,0.3965138792991638,1.1143651008605957,293.3116455078125,0.3423101305961609,279.6168212890625,260.4682006835937,0.0008523463038727,0.1982208788394928,200.0,0.0475193485617637,0.0110875000245869
20160404.0,0.132270947098732,0.1284805983304977,,,,,,,,,,,,,,,,,
20160405.0,0.1306340396404266,0.1311863660812378,0.0604034289717674,0.0816731825470924,0.084220178425312,,0.0544450208544731,10.0,0.3965138792991638,1.1143651008605957,295.96441650390625,0.3339166641235351,280.9473876953125,261.8834533691406,0.000435113790445,0.2273384034633636,200.0,0.0465120635926723,0.0099791666337599
20160406.0,0.1294507533311844,0.1269021183252334,,,,0.0502308309078216,0.0524613186717033,,,,,,,,,,,,
20160407.0,0.1292392760515213,0.1310379058122635,,,,,,,,,,,,,,,,,
20160408.0,0.1313561797142028,0.1314157843589782,0.0621983371675014,0.0884720757603645,0.090901993215084,0.0577425435185432,0.0662251636385917,10.0,0.3965138792991638,1.1143651008605957,290.0038757324219,0.3335877358913421,277.17193603515625,258.2386169433594,0.0017396496841683,0.1178554967045784,200.0,0.0451718941330909,0.0096478260567654
20160409.0,0.1302528232336044,0.1356530040502548,,,,,,,,,,,,,,,,,
20160410.0,0.1292621940374374,0.1336875855922699,0.0648442953824997,0.0853863134980201,0.0849817991256713,,,10.0,0.3965138792991638,1.1143651008605957,293.32196044921875,0.3364312350749969,279.0558166503906,258.0411682128906,0.0017148384358733,0.1211502104997634,200.0,0.0482163205742836,0.0099749999547687
20160411.0,0.1285740584135055,0.1360520422458648,0.0621676631271839,0.0907757133245468,0.0935022085905075,0.0505968518555164,0.0585345029830932,10.0,0.3965138792991638,1.1143651008605957,290.8007507324219,0.337944746017456,277.5196533203125,258.8411865234375,0.0017967699095606,0.078852042555809,200.0,0.0423433110117912,0.0096958333160728
20160412.0,0.1278619915246963,0.1422121226787567,,,,,,,,,,,,,,,,,
20160413.0,0.1270825117826461,0.1427953541278839,0.0629866570234298,0.0778080597519874,0.0761685445904731,0.0520317442715168,0.0582293160259723,10.0,0.3965138792991638,1.1143651008605957,294.1529541015625,0.3409764766693115,280.551025390625,259.1281433105469,0.0,0.118011362850666,200.0,0.0485042110085487,0.0099166666623204
20160414.0,0.1262601166963577,0.13707235455513,,,,,,,,,,,,,,,,,
20160415.0,0.1254846602678299,0.1341166049242019,,,,,,,,,,,,,,,,,
20160416.0,0.1255355924367904,0.1369819045066833,0.0666184797883033,0.0992765873670578,0.1017599701881408,0.055187352001667,0.0587481297552585,10.0,0.3965138792991638,1.1143651008605957,295.58697509765625,0.3455355763435364,278.60302734375,260.089111328125,0.1246954873204231,0.1565801799297332,200.0,0.0425327718257904,0.0086750000094374
20160417.0,0.1259959489107132,0.144019141793251,,,,,,,,,,,,,,,,,
20160418.0,0.1258901357650756,0.1621117144823074,0.0764866098761558,0.1135042831301689,0.1106586158275604,0.0653168261051178,0.0708639770746231,10.0,0.3965138792991638,1.1143651008605957,294.0396728515625,0.3485828042030334,276.30535888671875,250.88006591796875,0.0084736747667193,0.0917464792728424,200.0,0.0588015913963317,0.009816666773986
20160419.0,0.1252524405717849,0.1539823859930038,0.0715409591794014,0.1100192442536354,0.1079009398818016,,0.0600299090147018,10.0,0.3965138792991638,1.1143651008605957,295.65167236328125,0.3500154614448547,276.942626953125,253.8616180419922,0.0,0.0996087938547134,200.0,0.0517400093376636,0.0098500000312924
20160420.0,0.1246456131339073,0.1502109169960022,,,,,,,,,,,,,,,,,
20160421.0,0.1246421337127685,0.1484077423810959,0.1415568739175796,0.1717683672904968,0.1680314093828201,0.1532340049743652,0.1794488430023193,10.0,0.3965138792991638,1.1143651008605957,295.5639038085937,0.351764440536499,265.6187744140625,235.6696929931641,0.0443937741219997,0.1134507358074188,200.0,0.0814206153154373,0.0095666666748002
20160422.0,0.1254654377698898,0.1879800409078598,,,,,,,,,,,,,,,,,
20160423.0,0.1251307278871536,0.1448774337768554,,,,,0.0704061985015869,,,,,,,,,,,,
20160424.0,0.1246582567691803,0.1543772220611572,0.0784974917769432,0.1081899628043174,0.1068561300635337,0.0671349987387657,0.072023682296276,10.0,0.3965138792991638,1.1143651008605957,291.91729736328125,0.3931843638420105,274.99932861328125,253.3743438720703,0.0,0.0776374861598014,200.0,0.0491758957505226,0.0111304348456147
20160425.0,0.1242609992623329,0.15127032995224,,,,,,,,,,,,,,,,,
20160426.0,0.1238653734326362,0.1448660343885421,0.0779010951519012,0.0984140709042549,0.0960785150527954,0.0784890577197074,0.0928373038768768,10.0,0.3965138792991638,1.1143651008605957,292.97613525390625,0.4314482510089874,276.9111633300781,253.33544921875,0.0034301592968404,0.0726744085550308,200.0,0.053012728691101,0.0105041667508582
20160427.0,0.1234973669052124,0.1533138006925583,0.0760263502597808,0.0956375300884246,0.0936860963702201,,,10.0,0.3965138792991638,1.1143651008605957,295.75555419921875,0.4512147605419159,278.54498291015625,255.49530029296875,0.0016978573985397,0.0693148374557495,200.0,0.0502974763512611,0.0096749999987271
20160428.0,0.1231126636266708,0.1498283892869949,,,,,,,,,,,,,,,,,
20160429.0,0.2404743283987045,0.171962484717369,0.2662648558616638,0.273900032043457,0.2747374773025512,0.2570873200893402,0.2878505885601043,10.0,0.3965138792991638,1.1143651008605957,290.6371459960937,0.4914419054985046,241.33090209960932,204.4249267578125,13.285261154174805,0.9521086812019348,200.0,0.0936997011303901,0.0751875014587616
20160430.0,0.2852815687656402,0.2405216544866562,,,,,,,,,,,,,,,,,
20160502.0,0.263399988412857,0.2040998339653015,0.194298967719078,0.208127960562706,0.2018883526325225,,,10.0,0.3965138792991638,1.1143651008605957,287.635986328125,0.5535176992416382,254.5518951416016,216.84864807128903,0.0033519400749355,0.6877533793449402,200.0,0.1713882982730865,0.156841667369008
20160503.0,0.2444095164537429,0.1976545006036758,,,,,,,,,,,,,,,,,
20160504.0,0.2313570380210876,0.1875389069318771,0.1643912941217422,0.1663793176412582,0.1656812578439712,0.1548835039138794,0.1646168380975723,10.0,0.3965138792991638,1.1143651008605957,289.91925048828125,0.5960584878921509,262.7782287597656,230.1122589111328,0.0101960962638258,0.6656050086021423,200.0,0.1491511762142181,0.124683333250384
20160505.0,0.2212685942649841,0.1735603660345077,0.1401516646146774,0.1484472155570984,0.1460146903991699,,,10.0,0.3965138792991638,1.1143651008605957,289.2303466796875,0.617700457572937,267.5238342285156,239.54530334472656,0.0016992683522403,0.5598000288009644,200.0,0.1118161305785179,0.10974166666468
20160506.0,0.2113438248634338,0.1667543202638626,,,,0.1034052446484565,0.1109958216547966,,,,,,,,,,,,
20160507.0,0.2207000255584716,0.1663988828659057,0.3979144096374511,0.4386755526065826,0.4369338154792785,,0.4656819403171539,10.0,0.3965138792991638,1.1143651008605957,293.2435913085937,0.6619805097579956,211.88824462890625,174.4083251953125,13.08115577697754,1.179985523223877,200.0,0.135964035987854,0.0765250002344449
20160508.0,0.3854648470878601,0.3177783787250519,,,,,,,,,,,,,,,,,
20160509.0,0.3700687885284424,0.2960414290428161,,,,0.3793253600597381,0.41303750872612,,,,,,,,,,,,
20160510.0,0.3551565110683441,0.273040235042572,0.302356481552124,0.3593572378158569,0.3501040637493133,,,10.0,0.3965138792991638,1.1143651008605957,285.2489318847656,0.7195983529090881,224.51998901367188,182.7763061523437,2.122340440750122,1.1338096857070925,200.0,0.2221926897764206,0.224850000192722
20160511.0,0.3356176316738128,0.2630410492420196,,,,,0.2836695313453674,,,,,,,,,,,,
20160512.0,0.3270955681800842,0.249599203467369,0.2661931812763214,0.3022333085536957,0.2973551452159881,0.2841321229934692,0.300210565328598,10.0,0.3965138792991638,1.1143651008605957,288.7538146972656,0.756170392036438,235.73004150390625,194.89962768554688,0.7693806886672974,1.042611837387085,200.0,0.2172948867082595,0.195104166865349
20160513.0,0.3153052031993866,0.2484750896692276,0.2554477155208587,0.2588381469249725,0.2615347504615783,,,10.0,0.3965138792991638,1.1143651008605957,287.62237548828125,0.77459716796875,242.7665405273437,207.1249389648437,0.0164546649903059,1.0856285095214844,200.0,0.1926084756851196,0.185558331509431
20160514.0,0.3056359589099884,0.224758967757225,,,,0.2337393015623092,0.2453077733516693,,,,,,,,,,,,
20160515.0,0.296305239200592,0.2142023295164108,0.204669564962387,0.2272088229656219,0.2214168608188629,,,10.0,0.3965138792991638,1.1143651008605957,287.47100830078125,0.8118866682052612,251.13656616210932,219.2098388671875,0.0,1.1289509534835815,200.0,0.1714200675487518,0.165770833070079
20160516.0,0.3201456367969513,0.2232042700052261,,,,,,,,,,,,,,,,,
20160517.0,0.31950643658638,0.2379943877458572,,,,0.2204039990901947,0.2543412446975708,,,,,,,,,,,,
20160518.0,0.3060770630836487,0.2230761498212814,0.2040501236915588,0.2300696820020675,0.2250586301088333,,,10.0,0.3965138792991638,1.1143651008605957,285.9674987792969,0.868910551071167,248.9787139892578,217.059326171875,0.0526800341904163,0.8510786294937134,200.0,0.168423056602478,0.161816667144497
20160519.0,0.2952606081962585,0.2076673954725265,,,,0.2072347998619079,0.2181157916784286,,,,,,,,,,,,
20160520.0,0.2874075472354889,0.202963501214981,0.1904382407665252,0.2003345340490341,0.1981997638940811,,,10.0,0.3965138792991638,1.1143651008605957,286.2129821777344,0.907653033733368,255.31576538085932,224.0231475830078,0.0,0.7043537497520447,200.0,0.1589793413877487,0.14012916572392
20160521.0,0.2812485098838806,0.2001472860574722,0.178321823477745,0.1934543699026107,0.1887980550527572,,,10.0,0.3965138792991638,1.1143651008605957,287.1691589355469,0.9272003769874572,257.0028991699219,227.50184631347656,0.0008540042326785,0.7892009019851685,200.0,0.1501325219869613,0.130745833429197
20160522.0,0.2751847505569458,0.1866882741451263,,,,0.1742714941501617,0.1883297264575958,,,,,,,,,,,,
20160523.0,0.2737441658973694,0.1995929777622223,0.1622309237718582,0.1881850361824035,0.1796666085720062,,,10.0,0.3965138792991638,1.1143651008605957,285.7326965332031,0.9662206172943116,258.79522705078125,232.30499267578125,2.784326534310821e-05,0.9344520568847656,200.0,0.1292375922203064,0.105004166563352
20160524.0,0.267479658126831,0.1850561946630478,,,,0.1371713131666183,0.1610766947269439,,,,,,,,,,,,
20160525.0,0.2970385551452636,0.1889566034078598,,,,,0.3019806444644928,,,,,,,,,,,,
20160526.0,0.3612101674079895,,0.3198878765106201,0.3356274962425232,0.3484460413455963,,,10.0,0.3965138792991638,1.1143651008605957,282.660400390625,1.0436031818389893,224.74020385742188,187.043197631836,1.60342276096344,0.835820198059082,200.0,0.2574172616004944,0.242845833922426
20160527.0,0.3575709462165832,0.270462155342102,,,,0.486199140548706,0.5804925560951233,,,,,,,,,,,,
20160528.0,0.3643640577793121,0.3017553091049194,0.3491159975528717,0.3999268412590027,0.4176032543182373,,,10.0,0.3965138792991638,1.1143651008605957,282.4047546386719,1.1009258031845093,213.069091796875,175.73629760742188,0.060503851622343,0.8892064690589905,200.0,0.3004728257656097,0.279957145452499
20160529.0,0.3390907943248749,0.2757096588611603,0.331572949886322,0.3574062585830688,0.3744586110115051,,0.4481032788753509,10.0,0.3965138792991638,1.1143651008605957,282.5344543457031,1.1301394701004028,218.7269592285156,181.74057006835932,4.278918640920893e-05,0.8881133794784546,200.0,0.299900472164154,0.232250000039736
20160601.0,0.3122573792934418,0.2507950663566589,,,,0.2932623624801636,0.287301242351532,,,,,,,,,,,,
20160602.0,0.3103963434696197,,,,,,,,,,,,,,,,,,
20160609.0,0.3497191369533539,0.2940101325511932,,,,0.3990375399589538,0.4525589644908905,,,,,,,,,,,,
20160610.0,0.3410414457321167,0.2793726623058319,,,,,,,,,,,,,,,,,
20160611.0,0.3329312205314636,0.2676133811473846,0.3577167391777038,0.3820918202400207,0.401158332824707,0.35722416639328,0.4018677473068237,10.0,0.3965138792991638,1.1143651008605957,282.49676513671875,1.4824650287628174,216.6920623779297,181.6625823974609,0.068500280380249,0.8794653415679932,200.0,0.3089518845081329,0.266633333017429
20160612.0,0.3251285552978515,0.2601982653141022,,,,,0.2958159148693084,,,,,,,,,,,,
20160613.0,0.3190572261810303,0.2604653239250183,0.3450758159160614,0.3614250123500824,0.3848697543144226,,,10.0,0.3965138792991638,1.1143651008605957,281.4804382324219,1.4966325759887695,218.4886779785156,182.9735717773437,0.000426173210144,0.6863964200019836,200.0,0.3097702860832214,0.243229165673256
20160614.0,0.3140146434307098,0.2584774494171142,0.3145009279251098,0.3524346351623535,0.3698166310787201,0.323589026927948,0.3668630123138428,10.0,0.3965138792991638,1.1143651008605957,280.8463134765625,1.5033115148544312,220.85174560546875,185.94515991210932,0.0,0.7244190573692322,200.0,0.3119596540927887,0.236991303122562
20160615.0,0.3093588352203369,,,,,,,,,,,,,,,,,,
20160616.0,0.3347858488559723,,0.4163510501384735,0.428328275680542,0.4467980861663818,,0.4530472755432129,10.0,0.3965138792991638,1.1143651008605957,286.2574768066406,1.5167040824890137,209.43809509277344,174.06988525390625,7.7365522384643555,1.080219030380249,200.0,0.2278558760881424,0.216172728348862
20160617.0,0.3557807505130768,0.285320907831192,,,,,0.3402203321456909,,,,,,,,,,,,
20160618.0,0.3481169641017914,0.2849395275115967,,,,,,,,,,,,,,,,,
20160619.0,0.3917184472084045,0.2941402196884155,0.5162007212638855,0.4467980861663818,0.4467980861663818,0.6639516353607178,0.8992278575897217,10.0,0.3965138792991638,1.1143651008605957,284.7165222167969,1.5368807315826416,182.49710083007807,144.9027862548828,27.46842193603516,1.2735202312469482,200.0,0.2332846373319625,0.254289998114109
20160625.0,0.3663777709007263,0.292881429195404,,,,,,,,,,,,,,,,,
20160626.0,0.357866108417511,0.2793101966381073,,,,,,,,,,,,,,,,,
20160627.0,0.352762758731842,0.2787560224533081,0.4240918159484863,0.4279420077800751,0.4467980861663818,0.4291615784168243,0.5187536478042603,10.0,0.3965138792991638,1.1143651008605957,280.9855651855469,1.5968220233917236,206.1154022216797,169.85939025878906,0.2734975814819336,0.7522361874580383,200.0,0.322822630405426,0.314378265453422
20160628.0,0.3456659913063049,0.2786387801170349,,,,,,,,,,,,,,,,,
20160629.0,0.3393146395683288,0.2697121500968933,0.4012271463871002,0.436026781797409,0.4467980861663818,0.4209882318973541,0.5404828190803528,10.0,0.3965138792991638,1.1143651008605957,282.8993530273437,1.6160048246383667,206.19161987304688,170.91156005859375,0.0405970402061939,0.7119190096855164,200.0,0.3071269392967224,0.280749998986721
20160630.0,0.3639318645000458,0.2803568840026855,0.447857528924942,0.4467980861663818,0.4467980861663818,,0.3446455299854278,10.0,0.3965138792991638,1.1143651008605957,281.98876953125,1.6256763935089111,198.4893951416016,160.76275634765625,6.343053817749023,1.3024564981460571,200.0,0.2926643788814544,0.273400001227856
20160702.0,0.3488163352012634,0.2765347957611084,0.4377086758613586,0.442259281873703,0.4467980861663818,0.4362671971321106,0.5146030783653259,10.0,0.3965138792991638,1.1143651008605957,284.18719482421875,1.6450880765914917,208.53244018554688,174.50852966308594,0.4737856090068817,0.7322754859924316,200.0,0.3046643137931824,0.365204169104497
20160703.0,0.3421386778354645,,,,,,,,,,,,,,,,,,
20160704.0,0.3474751114845276,0.268274575471878,,,,,0.520706832408905,,,,,,,,,,,,
20160706.0,0.3781268894672394,0.2814477980136871,,,,,,,,,,,,,,,,,
20160707.0,0.3916825354099273,0.2664491236209869,0.5382840633392334,0.4467980861663818,0.4467980861663818,0.6872195601463318,0.8742027282714844,10.0,0.3965138792991638,1.1143651008605957,284.49322509765625,1.6940224170684814,186.80279541015625,149.7685089111328,10.497149467468262,0.7790935635566711,200.0,0.2935272753238678,0.312433332204819
20160714.0,0.3499870896339416,0.2801509201526642,,,,,,,,,,,,,,,,,
20160715.0,0.3445152640342712,0.273232489824295,0.467696875333786,0.4467980861663818,0.4467980861663818,0.450762540102005,0.5356608629226685,10.0,0.3965138792991638,1.1143651008605957,282.2115478515625,1.788968563079834,198.900619506836,163.96009826660156,0.0024475974496454,0.7116323113441467,200.0,0.3178368210792541,0.342404169340928
20160716.0,0.3395599722862243,0.278588056564331,0.4587692618370056,0.4467980861663818,0.4467980861663818,,,10.0,0.3965138792991638,1.1143651008605957,280.5133361816406,1.8029253482818604,203.38531494140625,168.39254760742188,0.0,0.7732723951339722,200.0,0.3223286271095276,0.317579166342815
20160717.0,0.3347277343273163,,,,,0.4222823083400726,0.5599536299705505,,,,,,,,,,,,
20160718.0,0.3411782681941986,0.2817341387271881,0.467485249042511,0.4238579571247101,0.4467980861663818,,0.5716727375984192,10.0,0.3965138792991638,1.1143651008605957,286.0735168457031,1.8309712409973145,210.33792114257807,174.31814575195312,1.994765043258667,0.4748787879943847,200.0,0.2993250489234924,0.284387501577536
20160719.0,0.3583056032657623,0.2825632095336914,,,,,,,,,,,,,,,,,
20160720.0,0.3542332947254181,,,,,0.4293640553951263,0.4959257841110229,,,,,,,,,,,,
20160721.0,0.3709176480770111,0.2979108095169067,0.4760117828845978,0.4467980861663818,0.4467980861663818,,,10.0,0.3965138792991638,1.1143651008605957,287.80181884765625,1.873372197151184,211.01739501953125,177.23899841308594,2.444146156311035,0.810775637626648,200.0,0.2931824326515198,0.275270830839872
20160722.0,0.3569172024726867,,,,,,0.5779595375061035,,,,,,,,,,,,
20160723.0,0.343939334154129,0.2750163376331329,,0.4467980861663818,0.4467980861663818,,0.4768822193145752,10.0,0.3965138792991638,1.1143651008605957,280.2337951660156,1.9018608331680296,202.574951171875,165.4821319580078,0.101657934486866,1.207988739013672,200.0,0.3159787356853485,0.279858335852623
20160724.0,0.3741858005523681,,0.4751267433166504,0.4467980861663818,0.4467980861663818,,,10.0,0.3965138792991638,1.1143651008605957,280.3504333496094,1.9162753820419312,201.7787628173828,165.8802490234375,7.191784381866455,1.2581727504730225,200.0,0.3004802465438843,0.275279166176915
20160725.0,0.3693245649337768,0.2729782462120056,,,,0.5196719169616699,0.6080202460289001,,,,,,,,,,,,
20160726.0,0.3654487431049347,0.2875658869743347,0.4759296178817749,0.4467980861663818,0.4467980861663818,,,10.0,0.3965138792991638,1.1143651008605957,282.12176513671875,1.9464900493621824,203.8184814453125,168.63134765625,2.5889201164245605,1.5552974939346311,200.0,0.3031356930732727,0.279395832369725
20160727.0,0.3630597591400146,0.2786643803119659,,,,,0.3856624066829681,,,,,,,,,,,,
20160728.0,0.3520437777042389,0.2785009145736694,,,,0.452246218919754,0.5185094475746155,,,,,,,,,,,,
20160729.0,0.3465524315834045,0.2700821757316589,0.434537410736084,0.4328823983669281,0.4467980861663818,,,10.0,0.3965138792991638,1.1143651008605957,283.4311828613281,1.949244856834412,210.151107788086,175.80062866210938,0.0737943723797798,0.8800523281097412,200.0,0.3000003695487976,0.277924998352925
20160730.0,0.341257780790329,,,,,0.440552681684494,0.5268105268478394,,,,,,,,,,,,
20160731.0,0.3495226204395294,0.2710399627685547,0.4419055581092834,0.4464255273342132,0.4467980861663818,,,10.0,0.3965138792991638,1.1143651008605957,285.65753173828125,1.940390944480896,211.71469116210932,178.4674835205078,6.664972305297852,1.0306541919708252,200.0,0.2351242005825042,0.255812500293056
20160805.0,0.3571610450744629,,,,,,0.3846858143806457,,,,,,,,,,,,
20160806.0,0.3499079644680023,0.2732425630092621,0.4615603685379028,0.4433128833770752,0.4467980861663818,,,10.0,0.3965138792991638,1.1143651008605957,281.29833984375,1.9120657444000244,207.90835571289065,173.48965454101562,0.00423314422369,1.237330436706543,200.0,0.3120210170745849,0.320170832177003
20160807.0,0.3446804285049438,0.2679330706596374,,,,0.4352775812149048,0.4892117083072662,,,,,,,,,,,,
20160808.0,0.344134658575058,,0.443615585565567,0.4467980861663818,0.4467980861663818,,,10.0,0.3965138792991638,1.1143651008605957,283.2654113769531,1.90266227722168,209.6265869140625,176.9495849609375,1.0656794309616089,1.5696988105773926,200.0,0.3072029054164886,0.282233333835999
20160809.0,0.3498287796974182,,0.4325241446495056,0.4041226506233215,0.4467980861663818,,0.5934629440307617,10.0,0.3965138792991638,1.1143651008605957,286.0408630371094,1.89788830280304,214.8235626220703,179.37222290039062,2.77585768699646,1.9930154085159304,200.0,0.2991946637630462,0.264095831662416
20160810.0,0.3470662236213684,0.2790243923664093,,,,,0.4000366330146789,,,,,,,,,,,,
20160811.0,0.3365655541419983,0.2681390643119812,0.3906389474868774,0.4026620388031006,0.4467980861663818,,,10.0,0.3965138792991638,1.1143651008605957,280.91912841796875,1.8874059915542605,216.6490173339844,183.7515869140625,0.0181651506572961,1.3898870944976809,200.0,0.3100177049636841,0.224933334936698
20160812.0,0.329668790102005,0.2551882565021515,,,,0.3907088935375213,0.4400463998317718,,,,,,,,,,,,
20160813.0,0.3237359225749969,,,,,,,,,,,,,,,,,,
20160814.0,0.3195337057113647,,0.3692111670970917,0.329338937997818,0.3656523525714874,,0.2880336940288543,10.0,0.3965138792991638,1.1143651008605957,284.24932861328125,1.9041485786437988,227.8319854736328,193.83663940429688,0.0958207622170448,1.2072898149490356,200.0,0.2620413303375244,0.141591666887204
20160815.0,0.3142259120941162,,,,,0.3374910652637481,0.3970458209514618,,,,,,,,,,,,
20160816.0,0.308231770992279,0.2560814023017883,0.3528896868228912,0.355781227350235,0.3740905523300171,,,10.0,0.3965138792991638,1.1143651008605957,286.92730712890625,1.9235165119171145,228.70870971679688,197.53631591796875,0.1294801086187362,1.78729248046875,200.0,0.2542726993560791,0.103033333706359
20160817.0,0.3043733537197113,0.2409745752811432,0.3251616358757019,0.3296933472156524,0.3539274930953979,0.3185891211032867,0.3846858143806457,10.0,0.3965138792991638,1.1143651008605957,285.1841125488281,1.9334704875946045,231.9586181640625,199.944091796875,0.0591528192162513,1.4817142486572266,200.0,0.2239097356796264,0.0887041666234533
20160818.0,0.297421932220459,,,,,,,,,,,,,,,,,,
20160819.0,0.3627423346042633,,0.3957463800907135,0.4409268200397491,0.4467980861663818,,,10.0,0.3965138792991638,1.1143651008605957,281.9132080078125,1.953442335128784,219.99594116210932,191.4771423339844,11.570490837097168,1.335263967514038,200.0,0.1799973100423813,0.0969833334287008
20160820.0,0.3505273461341858,,,,,0.3588397204875946,0.4021729230880737,,,,,,,,,,,,
20160821.0,0.3351360261440277,,,,,,,,,,,,,,,,,,
20160822.0,0.3962072134017944,0.2493748068809509,0.3751977682113647,0.3929438889026642,0.4226975440979004,0.3652225434780121,0.425580620765686,10.0,0.3965138792991638,1.1143651008605957,282.7941589355469,1.9835596084594729,223.8522186279297,193.60910034179688,20.247501373291016,1.488584280014038,200.0,0.1762032806873321,0.0868583337093393
20160823.0,0.3886707723140716,,,,,,0.3338114619255066,,,,,,,,,,,,
20160824.0,0.3976426720619201,,0.3542168736457824,0.3916335105895996,0.4247058629989624,,,10.0,0.3965138792991638,1.1143651008605957,280.4133605957031,2.0037436485290527,223.18658447265625,193.232666015625,4.211120128631592,1.2271808385849,200.0,0.1755187511444091,0.0753083337719242
20160825.0,0.378048837184906,,0.3332484066486358,0.3397106230258941,0.3962549269199371,0.3177598714828491,0.3368633091449737,10.0,0.3965138792991638,1.1143651008605957,280.2719421386719,2.013942003250122,226.197998046875,192.81719970703125,0.241649329662323,1.6863621473312378,200.0,0.2353843450546264,0.071366666816175
20160826.0,0.3653398752212524,,,,,,,,,,,,,,,,,,
20160827.0,0.3548123836517334,0.2411542385816574,0.2911102473735809,0.3212886452674866,0.3448314666748047,,0.3837702572345733,10.0,0.3965138792991638,1.1143651008605957,282.88836669921875,2.0352983474731445,233.3173217773437,203.0179748535156,0.0008583068847656,1.9326927661895752,200.0,0.2082509100437164,0.0593833336606622
20160828.0,0.3455233573913574,0.2427224963903427,,,,,0.3277382850646972,,,,,,,,,,,,
20160829.0,0.3380810916423797,,,,,,,,,,,,,,,,,,
20160830.0,0.3823355734348297,,0.4315537810325622,0.4467980861663818,0.4467980861663818,0.5161985158920288,0.6711325645446777,10.0,0.3965138792991638,1.1143651008605957,287.4825744628906,2.0368452072143555,211.77267456054688,179.96258544921875,18.113853454589844,1.4983352422714231,200.0,0.1937379837036132,0.0720583333944281
20160901.0,0.3766641914844513,0.2671906650066376,0.3762243390083313,0.4148204922676086,0.4467980861663818,,0.4182866811752319,10.0,0.3965138792991638,1.1143651008605957,285.6171875,2.030228614807129,216.6083068847656,182.3533935546875,0.5053242444992065,1.7357257604599,200.0,0.3007616698741913,0.33271250128746
20160908.0,0.3474249243736267,0.2695261240005493,,,,,,,,,,,,,,,,,
20160913.0,0.3813567757606506,0.273952454328537,,,,,,,,,,,,,,,,,
20160915.0,0.3893248736858368,0.2819589376449585,0.3631844222545624,0.3500339984893799,0.4260826110839844,,0.4682149589061737,10.0,0.3965138792991638,1.1143651008605957,284.8511962890625,1.958611965179444,222.02767944335932,184.40792846679688,1.174702763557434,1.9870740175247192,200.0,0.2928147614002228,0.356795831272999
20160916.0,0.3780072033405304,0.2626490890979767,,,,,,,,,,,,,,,,,
20160917.0,0.3745370209217071,0.2497353702783584,0.3194356858730316,0.3496904671192169,0.4045810401439667,0.375987708568573,0.4796899259090423,10.0,0.3965138792991638,1.1143651008605957,287.1044006347656,1.9300631284713743,225.99612426757807,190.59786987304688,10.301239967346191,2.2728633880615234,200.0,0.2262068539857864,0.307508332033952
20160926.0,0.3684869706630707,0.276107519865036,0.3604948818683624,0.3851006329059601,0.4467980861663818,,,10.0,0.3965138792991638,1.1143651008605957,284.70965576171875,1.8021094799041748,217.6399688720703,181.744140625,2.066164255142212,2.7914419174194336,200.0,0.319924533367157,0.367954164743423
20160928.0,0.3705587089061737,0.2800312638282776,0.3967627286911011,0.425396203994751,0.4467980861663818,,,10.0,0.3965138792991638,1.1143651008605957,288.0003967285156,1.7732187509536743,211.13363647460932,171.81039428710938,9.826260566711426,4.104957103729248,200.0,0.3309625089168548,0.34304166585207
20161007.0,0.3472307026386261,0.2665835618972778,,,,,0.3998229801654815,,,,,,,,,,,,
20161008.0,0.3354392051696777,0.2807461023330688,,,,0.3635008633136749,0.4346751272678375,,,,,,,,,,,,
20161009.0,0.3287050724029541,0.2895180284976959,0.3217926621437073,0.3213052451610565,0.3621194958686828,,,10.0,0.3965138792991638,1.1143651008605957,291.1146850585937,1.7475730180740356,230.20233154296875,193.08560180664065,0.9868531227111816,2.391578197479248,200.0,0.2947869598865509,0.304954164971908
20161010.0,0.3312922716140747,,,,,0.4047606289386749,0.4681539237499237,,,,,,,,,,,,
20161011.0,0.3236116468906402,0.2849121391773224,0.3136975765228271,0.3245866894721985,0.3603805601596832,,,10.0,0.3965138792991638,1.1143651008605957,283.9674072265625,1.7450220584869385,227.044189453125,187.69732666015625,0.2927963435649872,2.1375770568847656,200.0,0.2633359730243683,0.316237499316533
20161012.0,0.3212624490261078,,0.2897069156169891,0.2999610602855682,0.3360699117183685,,,10.0,0.3965138792991638,1.1143651008605957,283.9745178222656,1.7439618110656738,230.52801513671875,193.2017517089844,0.285193920135498,2.0076160430908203,200.0,0.2350417673587799,0.292475001265605
20161013.0,0.3105921447277069,0.2668063044548034,,,,0.3048166930675506,0.334665983915329,,,,,,,,,,,,
20161014.0,0.2996933162212372,0.2632002234458923,0.2568534910678863,0.2811283767223358,0.2960838973522186,,,10.0,0.3965138792991638,1.1143651008605957,287.8400573730469,1.744423508644104,238.1390686035156,204.1100006103516,0.0,3.6028406620025635,200.0,0.2303714454174041,0.226679169262449
20161015.0,0.2872873544692993,0.2594766020774841,,,,0.2826867401599884,0.3141880631446838,,,,,,,,,,,,
20161016.0,0.3141676187515259,0.2689672410488128,,,,,,,,,,,,,,,,,
20161017.0,0.3409242928028106,,0.2662220895290375,0.2750189006328583,0.2955354154109955,,,10.0,0.3965138792991638,1.1143651008605957,286.1661376953125,1.6578748226165771,238.28952026367188,203.01727294921875,0.1406286060810089,2.7928433418273926,200.0,0.2103898227214813,0.225241666038831
20161018.0,0.3327728807926178,0.2625274956226349,,,,0.2920940518379211,0.3581957519054413,,,,,,,,,,,,
20161019.0,0.3154343366622925,0.2683404088020324,0.2388021349906921,0.2881142199039459,0.2899003028869629,,,10.0,0.3965138792991638,1.1143651008605957,285.253173828125,1.5799064636230469,238.1580810546875,206.46295166015625,0.0008523463038727,3.252605676651001,200.0,0.2021413594484329,0.2045291668425
20161020.0,0.2971686124801636,0.2627041637897491,0.2284443229436874,0.2589811086654663,0.261330097913742,0.2524044513702392,0.3130588829517364,10.0,0.3965138792991638,1.1143651008605957,289.5603942871094,1.5408719778060913,244.32943725585932,212.71157836914065,0.0,3.824066400527954,200.0,0.2115227878093719,0.17452499953409
20161021.0,0.2974729239940643,0.278772622346878,,,,,0.2489394843578338,,,,,,,,,,,,
20161022.0,0.2983643710613251,0.269325703382492,0.2038754820823669,0.2566447854042053,0.2390110790729522,,,10.0,0.3965138792991638,1.1143651008605957,284.3334655761719,1.4639674425125122,246.94012451171875,220.6924743652344,0.2580520212650299,2.684078454971313,200.0,0.1331062316894531,0.108899999720355
20161023.0,0.2862908840179443,0.2643305659294128,,,,0.2186284363269806,0.2667012512683868,,,,,,,,,,,,
20161024.0,0.2739441394805908,0.2521893382072449,,,,,,,,,,,,,,,,,
20161025.0,0.260224312543869,0.2564557790756225,0.1743869483470916,0.2134757488965988,0.20480976998806,,0.2863856852054596,10.0,0.3965138792991638,1.1143651008605957,291.95526123046875,1.351520538330078,256.5255126953125,229.73687744140625,0.0,3.863749504089356,200.0,0.1463774144649505,0.0580541668459773
20161026.0,0.2510243952274322,0.2524852156639099,,,,,0.2117984592914581,,,,,,,,,,,,
20161027.0,0.2411057502031326,0.2553867995738983,0.1615156531333923,0.2266983240842819,0.2080314755439758,,,10.0,0.3965138792991638,1.1143651008605957,288.19195556640625,1.2784959077835083,254.64889526367188,230.7510681152344,0.0008523463038727,3.268362522125244,200.0,0.1229020208120346,0.0480208334823449
20161028.0,0.2319655269384384,0.2586840689182281,0.1534378975629806,0.2134415805339813,0.1940007954835891,0.1845520585775375,0.2057557851076126,10.0,0.3965138792991638,1.1143651008605957,291.3854064941406,1.2425429821014404,258.291015625,236.71270751953125,0.0009023121674545,3.3232851028442383,200.0,0.1195362210273742,0.0430541667155921
20161029.0,0.2219299376010894,0.236352726817131,,,,,,,,,,,,,,,,,
20161030.0,0.219337910413742,0.2418729066848755,0.1601378470659256,0.2188539654016494,0.1961917728185653,,0.1970580220222473,10.0,0.3965138792991638,1.1143651008605957,290.27215576171875,1.1715352535247805,257.7661437988281,236.677001953125,0.5597557425498962,3.088661193847656,200.0,0.1159770712256431,0.0370708336122334
20161031.0,0.2123854756355285,0.2320596575736999,,,,0.155597910284996,0.1659291386604309,,,,,,,,,,,,
20161101.0,0.2067616283893585,0.2333517521619796,,,,,,,,,,,,,,,,,
20161102.0,0.2007208466529846,0.2188697755336761,0.13328218460083,0.182614266872406,0.1698910742998123,0.1428848803043365,0.158665731549263,10.0,0.3965138792991638,1.1143651008605957,288.6459350585937,1.0767902135849,261.90509033203125,242.1701812744141,0.0004410743713378,2.6808738708496094,200.0,0.1221761107444763,0.0362916669497887
20161103.0,0.1936629116535186,0.2259026318788528,,,,,,,,,,,,,,,,,
20161104.0,0.1843425035476684,0.1964922845363617,0.1373316943645477,0.1739200949668884,0.1661044657230377,,,10.0,0.3965138792991638,1.1143651008605957,294.0121154785156,1.017428278923035,264.4712219238281,240.572982788086,0.0,3.8138656616210938,200.0,0.1338867396116256,0.0323166666397204
20161105.0,0.1785242259502411,0.2140357792377472,0.1243451386690139,0.169125884771347,0.1595493853092193,0.1287319064140319,0.1571398079395294,10.0,0.3965138792991638,1.1143651008605957,288.8164367675781,0.9882657527923584,264.09356689453125,245.12159729003903,0.0,2.313765048980713,200.0,0.1170817241072654,0.0342714284502325
20161106.0,0.1738886088132858,0.216540515422821,,,,,,,,,,,,,,,,,
20161107.0,0.1672046929597854,0.228713572025299,0.1283657997846603,0.1505034267902374,0.1457458585500717,0.1035876274108886,0.1504562497138977,10.0,0.3965138792991638,1.1143651008605957,295.0210876464844,0.9308481216430664,269.72314453125,247.50704956054688,0.2405790537595749,3.2587804794311523,200.0,0.1172762364149093,0.0294999997907629
20161108.0,0.1788442432880401,,,,,,0.1283608525991439,,,,,,,,,,,,
20161109.0,0.1749327182769775,0.1967357248067855,,,,,,,,,,,,,,,,,
20161110.0,0.1679611951112747,0.2037550956010818,0.1160026118159294,0.1478384882211685,0.1421648561954498,0.1024298295378685,0.1427655816078186,10.0,0.3965138792991638,1.1143651008605957,293.4721374511719,0.8469899892807007,269.2794189453125,248.65966796875,0.0025689587928354,2.8660364151000977,200.0,0.1145080775022506,0.030220833607018
20161111.0,0.1737385988235473,0.1922675371170044,,,,,,,,,,,,,,,,,
20161112.0,0.1829068213701248,0.2775275707244873,0.2320136427879333,0.2147130966186523,0.216766819357872,,0.2451857030391693,10.0,0.3965138792991638,1.1143651008605957,294.4003601074219,0.7925969362258911,253.5136108398437,218.77716064453125,0.7022868990898132,3.205377578735352,200.0,0.2003732919692993,0.068589473045186
20161113.0,0.2159537374973297,,0.2419208437204361,0.2627524137496948,0.2291030585765838,,0.2603228986263275,10.0,0.3965138792991638,1.1143651008605957,287.624267578125,0.7657814025878906,248.4818420410156,222.3021240234375,4.428938865661621,1.9782946109771729,200.0,0.1176578626036644,0.067205263595832
20161114.0,0.2216455489397049,,,,,,,,,,,,,,,,,,
20161115.0,0.2096612751483917,0.2248100340366363,0.1847558170557022,0.2007691264152526,0.1839465647935867,0.1859088540077209,0.2068544626235962,10.0,0.3965138792991638,1.1143651008605957,291.052734375,0.7122102975845337,258.6507873535156,233.53933715820312,0.0012916736304759,2.356281280517578,200.0,0.1298279464244842,0.0697458336750666
20161116.0,0.1966588050127029,0.2112497091293335,,,,,,,,,,,,,,,,,
20161117.0,0.183211475610733,0.2065264582633972,,,,,0.1306192278861999,,,,,,,,,,,,
20161118.0,0.1709501147270202,0.1818475574254989,0.1425938308238983,0.155167207121849,0.1482827961444854,0.1203338503837585,0.143650621175766,10.0,0.3965138792991638,1.1143651008605957,298.7461853027344,0.6624594926834106,270.7475280761719,247.69598388671875,0.0,3.1061792373657227,200.0,0.1075337156653404,0.0489916666410863
20161119.0,0.1608749032020568,0.1778724640607834,,,,,,,,,,,,,,,,,
20161120.0,0.1606932878494262,0.1841642707586288,0.1724079400300979,0.1736368983983993,0.1651130616664886,0.1676730215549469,0.1778923869132995,10.0,0.3965138792991638,1.1143651008605957,300.72576904296875,0.6369449496269226,268.17657470703125,241.38232421875,0.8822870254516602,2.799952745437622,200.0,0.1189915910363197,0.0429499999930461
20161121.0,0.1520987898111343,0.1911560297012329,0.145007774233818,0.1666262745857238,0.1564403474330902,,,10.0,0.3965138792991638,1.1143651008605957,302.8855895996094,0.6245082020759583,271.19830322265625,248.2273712158203,0.0958409160375595,3.63853931427002,200.0,0.1309362649917602,0.0378166669979692
20161122.0,0.1641947627067566,0.1654731035232544,,,,,,,,,,,,,,,,,
20161123.0,0.2585078179836273,0.2380570918321609,0.2444053143262863,0.2545876801013946,0.2377487123012542,0.2259199470281601,0.2525101602077484,10.0,0.3965138792991638,1.1143651008605957,288.7235107421875,0.5998589992523193,246.90188598632807,215.47250366210932,0.3959508836269378,2.1949732303619385,200.0,0.1717786788940429,0.0987291669783493
20161124.0,0.2357210665941238,0.217807650566101,,,,,,,,,,,,,,,,,
20161125.0,0.2176125347614288,0.1949744224548339,,,,0.1639318168163299,0.2005981653928756,,,,,,,,,,,,
20161126.0,0.2022641152143478,0.1951896697282791,0.1597645729780197,0.172191634774208,0.160581573843956,,0.1184728518128395,10.0,0.3965138792991638,1.1143651008605957,292.51519775390625,0.5634462237358093,264.4884033203125,241.4349670410156,0.0008523463038727,2.5120949745178223,200.0,0.1181602105498313,0.0636791669142743
20161127.0,0.188348963856697,0.1823122799396515,,,,,,,,,,,,,,,,,
20161128.0,0.1750847846269607,0.1739943474531173,0.1330221742391586,0.1392832994461059,0.1330928206443786,0.1055229678750038,0.1348612904548645,10.0,0.3965138792991638,1.1143651008605957,296.3546142578125,0.5395451188087463,271.92938232421875,248.54669189453125,0.0017262898618355,2.985902070999145,200.0,0.1167880073189735,0.0519041665829718
20161129.0,0.1640996932983398,0.1623911410570144,0.1417824178934097,0.1525908261537552,0.145658865571022,,,10.0,0.3965138792991638,1.1143651008605957,298.3913269042969,0.5276679992675781,270.892333984375,247.5005340576172,0.0179877262562513,2.9794585704803467,200.0,0.1067660897970199,0.0453166665198902
20161130.0,0.1540305465459823,0.164563775062561,,,,,0.1445051431655883,,,,,,,,,,,,
20161201.0,0.1465864777565002,0.1696258783340454,0.1197407469153404,0.1283965557813644,0.1238089576363563,,0.1215552240610122,10.0,0.3965138792991638,1.1143651008605957,299.1962585449219,0.5036808848381042,274.8939819335937,253.0990295410156,0.0340943373739719,2.7521414756774902,200.0,0.0964826345443725,0.034412500448525
20161202.0,0.1411051601171493,0.1670288294553756,,,,,,,,,,,,,,,,,
20161203.0,0.1363734006881714,0.1645191758871078,,,,0.0984612181782722,0.1091036722064018,,,,,,,,,,,,
20161204.0,0.1348363310098648,0.1521501690149307,0.1184928640723228,0.1221019923686981,0.1185126826167106,,,10.0,0.3965138792991638,1.1143651008605957,300.8837280273437,0.4837130308151245,277.2008056640625,255.4102478027344,0.2183750420808792,1.5292905569076538,200.0,0.0713644474744796,0.0264374999484668
20161205.0,0.1508669406175613,0.1575436443090438,,,,,0.1652577221393585,,,,,,,,,,,,
20161206.0,0.1546810865402221,0.1941113322973251,0.1606877148151397,0.1647152304649353,0.155060201883316,0.1515859812498092,0.1480147689580917,10.0,0.3965138792991638,1.1143651008605957,295.9017333984375,0.4743787050247192,267.4310302734375,242.95822143554688,0.0008523463620804,1.804120182991028,200.0,0.1066047921776771,0.0585291668151816
20161207.0,0.1467888951301574,0.1680367439985275,0.1457649022340774,0.1403210461139679,0.1334524750709533,,,10.0,0.3965138792991638,1.1143651008605957,299.7776184082031,0.4698426425457001,272.8727111816406,249.2743682861328,0.0012848341139033,2.5083255767822266,200.0,0.0973783358931541,0.0481999999222656
20161208.0,0.1764101982116699,0.1605791598558426,,,,0.1407658904790878,0.1424909234046936,,,,,,,,,,,,
20161209.0,0.1752717047929763,0.1771601140499115,0.1305614709854126,0.1469953656196594,0.1388520002365112,,,10.0,0.3965138792991638,1.1143651008605957,291.31500244140625,0.460805743932724,269.06561279296875,247.8537139892578,0.0012874602107331,1.6935622692108154,200.0,0.0948673412203788,0.0422208335561057
20161210.0,0.164948359131813,0.1699496060609817,,,,,,,,,,,,,,,,,
20161211.0,0.1551706790924072,0.148042619228363,,,,0.0901652052998542,0.0955534502863884,,,,,,,,,,,,
20161212.0,0.1463277339935302,0.1574988812208175,0.1110201328992843,0.1271319985389709,0.12324820458889,,,10.0,0.3965138792991638,1.1143651008605957,300.8670349121094,0.4473384916782379,276.0748291015625,256.02996826171875,0.0008470237953588,2.7252659797668457,200.0,0.0884908735752105,0.0373333338648081
20161213.0,0.1432741582393646,0.1520329415798187,,,,0.068630076944828,0.0747093111276626,,,,,,,,,,,,
20161214.0,0.1579627841711044,0.1464038789272308,0.1106832474470138,0.1160037592053413,0.1130953505635261,,0.0812707915902137,10.0,0.3965138792991638,1.1143651008605957,295.7168884277344,0.4384192228317261,276.1611633300781,253.538818359375,0.04575976729393,1.296344518661499,200.0,0.0820448845624923,0.0341300003230572
20161215.0,0.1685934513807296,0.1525395065546035,0.3048807382583618,0.3262019455432892,0.2652305364608764,,,10.0,0.3965138792991638,1.1143651008605957,297.4287414550781,0.4339638948440552,242.2196044921875,215.533935546875,6.393858909606934,2.302565813064575,200.0,0.0941313579678535,0.031504166778177
20161216.0,0.2251473516225814,0.2424772381782531,,,,0.2400713711977005,0.2578508853912353,,,,,,,,,,,,
20161217.0,0.2070043087005615,0.2230007201433181,0.2325748205184936,0.2299793511629104,0.220508798956871,,,10.0,0.3965138792991638,1.1143651008605957,294.3124694824219,0.424930602312088,251.92388916015625,218.82260131835932,0.0,2.347403049468994,200.0,0.1775674521923065,0.0733217392926631
20161218.0,0.1903116405010223,0.2060606926679611,,,,,0.1808831989765167,,,,,,,,,,,,
20161219.0,0.1753811687231063,0.1856668144464492,,,,,0.1730094254016876,,,,,,,,,,,,
20161220.0,0.1740196943283081,0.1687619239091873,0.1604123264551162,0.1594140529632568,0.1533451825380325,,,10.0,0.3965138792991638,1.1143651008605957,296.97479248046875,0.4168381989002228,268.775634765625,242.05612182617188,1.0256394147872925,2.063525438308716,200.0,0.1152568608522415,0.0462083330688377
20161221.0,0.1634873300790786,0.1770535707473755,,,,0.1144459843635559,0.1275063306093216,,,,,,,,,,,,
20161222.0,0.1532807201147079,0.15740567445755,0.1261592656373977,0.127370536327362,0.123281754553318,,,10.0,0.3965138792991638,1.1143651008605957,301.28131103515625,0.4128069877624511,275.9091186523437,253.7714233398437,0.000435113790445,2.233404397964477,200.0,0.0856837853789329,0.0404916666448116
20161223.0,0.1448255479335785,0.1584777235984802,,0.1257411837577819,0.1220917627215385,,0.0864284187555313,10.0,0.3965138792991638,1.1143651008605957,303.0151062011719,0.4108343422412872,277.980712890625,256.38641357421875,0.1606663465499878,2.2983620166778564,200.0,0.0809580236673355,0.0367666668413828
20161224.0,0.1393150687217712,0.1423595547676086,,,,0.0958583205938339,0.0952177494764328,,,,,,,,,,,,
20161225.0,0.1346368938684463,0.1628954261541366,0.1331010311841964,0.1392875164747238,0.1329361051321029,,,10.0,0.3965138792991638,1.1143651008605957,304.7792053222656,0.4068962335586548,277.44451904296875,257.035888671875,0.0004351138486526,1.8979918956756592,200.0,0.0726466551423072,0.0296541663507621
20161226.0,0.1313906162977218,0.1571000814437866,,,,0.1055218875408172,0.1395001113414764,,,,,,,,,,,,
20161227.0,0.1287812888622284,0.1547123193740844,,,,,,,,,,,,,,,,,
20161228.0,0.1422234624624252,0.1447566002607345,0.1376132220029831,0.1393582224845886,0.1329201161861419,,,10.0,0.3965138792991638,1.1143651008605957,303.8641662597656,0.4010069668292999,276.696533203125,255.87750244140625,5.28465461730957,1.7595860958099363,200.0,0.0583110153675079,0.019937500047187
20161229.0,0.2311097681522369,0.1547746807336807,,,,0.167258471250534,0.1817377209663391,,,,,,,,,,,,
20161230.0,0.2341073900461197,0.2167189568281173,0.1789870411157608,0.1790027171373367,0.1707468330860138,,,10.0,0.3965138792991638,1.1143651008605957,299.77471923828125,0.3972022533416748,268.1055908203125,239.1932983398437,0.3079859912395477,2.105884790420532,200.0,0.1279986053705215,0.0196874999285986
20161231.0,0.2074188143014907,0.1835066080093383,0.140619546175003,0.1384004205465316,0.1329362392425537,0.1075657606124877,0.1129184886813163,10.0,0.3965138792991638,1.1143651008605957,300.52215576171875,0.3948655426502228,275.70855712890625,250.07015991210932,0.0017166137695312,2.687997579574585,200.0,0.1071088686585426,0.0205750001283983
20170101.0,0.1885208934545517,0.1594155430793762,,,,,0.1133762598037719,,,,,,,,,,,,
20170102.0,0.1744535714387893,0.1652869433164596,0.114592857658863,0.1083921715617179,0.1077924072742462,,,10.0,0.3965138792991638,1.1143651008605957,297.6430969238281,0.3943142294883728,277.8464050292969,257.5165405273437,0.0017099997494369,1.8539994955062864,200.0,0.0853184014558792,0.0190999999952813
20170103.0,0.1612785160541534,0.1544062048196792,,,,0.0777738988399505,0.0938444137573242,,,,,,,,,,,,
20170104.0,0.1517743319272995,0.1462693959474563,,,,,,,,,,,,,,,,,
20170105.0,0.1438139826059341,0.1382592469453811,0.1105336248874664,0.1110322475433349,0.10859976708889,,0.1079439669847488,10.0,0.3965138792991638,1.1143651008605957,303.4073791503906,0.3987941145896911,280.325927734375,257.18798828125,0.0017234395490959,1.7426546812057495,200.0,0.0742330998182296,0.0107958333489175
20170106.0,0.1374184638261795,0.1445039510726928,,,,,0.1051973029971122,,,,,,,,,,,,
20170107.0,0.1327677071094513,0.1435836255550384,0.0953872948884964,0.0999632701277732,0.0986032634973526,,,10.0,0.3965138792991638,1.1143651008605957,306.6827392578125,0.4016046226024627,283.7063293457031,261.00341796875,0.000435113790445,1.589463233947754,200.0,0.0673316568136215,0.0095458333574545
20170108.0,0.1310402601957321,0.1419270485639572,0.1029730066657066,0.1009523645043373,0.0998288542032241,0.0802866220474243,0.0972624868154525,10.0,0.3965138792991638,1.1143651008605957,303.3119812011719,0.403011679649353,283.38433837890625,261.1248779296875,0.6551512479782104,1.0756938457489014,200.0,0.0588637180626392,0.0071260869381544
20170109.0,0.1460479348897934,0.1466230750083923,,,,,,,,,,,,,,,,,
20170110.0,0.1533666551113128,0.1689725369215011,0.107836328446865,0.1119893491268158,0.1091897562146186,,0.1019928604364395,10.0,0.3965138792991638,1.1143651008605957,302.9992980957031,0.4058295488357544,282.14849853515625,257.52325439453125,0.3868807554244995,1.419999122619629,200.0,0.0729746222496032,0.0076500000432133
20170111.0,0.1455110609531402,0.1563164591789245,,,,0.0751040130853653,0.0839259028434753,,,,,,,,,,,,
20170112.0,0.1385638266801834,0.1346820592880249,,,,,,,,,,,,,,,,,
20170113.0,0.1904287189245224,0.1905552446842193,0.2012217342853546,0.2549902200698852,0.2113889455795288,0.2126903980970382,0.2549516260623932,10.0,0.3965138792991638,1.1143651008605957,299.1241455078125,0.410065621137619,258.07305908203125,234.88311767578125,7.186607837677002,1.503567457199097,200.0,0.0574387833476066,0.0079083333645636
20170114.0,0.2087377607822418,0.2119404226541519,,,,,,,,,,,,,,,,,
20170115.0,0.1887516230344772,0.1499338001012802,0.1060598939657211,0.1147931292653083,0.1118115931749343,,,10.0,0.3965138792991638,1.1143651008605957,298.022705078125,0.41282719373703,277.28961181640625,252.12857055664065,0.000435113790445,2.103997230529785,200.0,0.1080354005098342,0.0195714286306784
20170116.0,0.1702680140733719,0.1486430615186691,0.0920511484146118,0.1139825955033302,0.1121135205030441,0.0766172334551811,0.0734885707497596,10.0,0.3965138792991638,1.1143651008605957,302.90985107421875,0.4144840240478515,280.79156494140625,259.4261779785156,0.0008523463038727,2.4780001640319824,200.0,0.0823259875178337,0.0165666665804262
20170117.0,0.1544138044118881,0.1373647004365921,,,,,,,,,,,,,,,,,
20170118.0,0.1461743712425232,0.1418975293636322,0.0774092078208923,0.0889740139245987,0.0884023308753967,0.055359911173582,0.0582598336040973,10.0,0.3965138792991638,1.1143651008605957,298.2999572753906,0.4152179360389709,282.6494140625,260.868408203125,0.0004351138486526,1.0095056295394895,200.0,0.0715580284595489,0.0125956522381824
20170119.0,0.1423631161451339,0.1312104165554046,,,,,0.1053193733096122,,,,,,,,,,,,
20170120.0,0.2402642518281936,0.1914789527654647,,,,,,,,,,,,,,,,,
20170121.0,0.2147057205438614,0.1743185967206955,0.1111651286482811,0.1233361959457397,0.1194954738020896,0.1051765009760856,0.1087374463677406,10.0,0.3965138792991638,1.1143651008605957,297.5557861328125,0.412994921207428,276.09429931640625,252.3306579589844,0.0,2.2087535858154297,200.0,0.1046284884214401,0.0114631579796735
20170122.0,0.1910775899887085,0.156601145863533,,,,,,,,,,,,,,,,,
20170123.0,0.1726011931896209,0.1386680006980896,0.0830720961093902,0.0752190575003624,0.0718313232064247,,0.0632038339972496,10.0,0.3965138792991638,1.1143651008605957,306.9944152832031,0.4116286635398865,287.7320556640625,264.335205078125,0.9764140248298644,2.3101646900177,200.0,0.0785843729972839,0.0085000000738849
20170124.0,0.1667151153087616,0.138386845588684,0.0817853659391403,0.089917205274105,0.089885801076889,,0.0740073844790458,10.0,0.3965138792991638,1.1143651008605957,300.0434265136719,0.4109460115432739,282.3391418457031,261.0692138671875,0.0008523463038727,1.680883526802063,200.0,0.0784945636987686,0.008768421107609
20170125.0,0.1547063589096069,0.1317042410373687,,,,,,,,,,,,,,,,,
20170126.0,0.1457237005233764,0.12400783598423,0.0737822353839874,0.0852437019348144,0.0849060490727424,0.067323237657547,0.0861842706799507,10.0,0.3965138792991638,1.1143651008605957,301.2650146484375,0.4095815420150757,283.25177001953125,261.69268798828125,0.000435113790445,1.4416834115982056,200.0,0.0723776593804359,0.0082173913960223
20170127.0,0.1386972218751907,0.133301168680191,,,,,,,,,,,,,,,,,
20170128.0,0.1333256512880325,0.1219713017344474,,,,,0.056855984032154,,,,,,,,,,,,
20170129.0,0.1296280324459076,0.1346256583929062,0.0635341480374336,0.0900316759943962,0.0907637625932693,0.0597183033823967,0.0640278309583664,10.0,0.3965138792991638,1.1143651008605957,305.8850402832031,0.4075369834899902,285.1776733398437,264.390625,0.0008612871170043,1.436421275138855,200.0,0.0614960305392742,0.0047952380707664
20170130.0,0.1270576268434524,0.1215518116950988,,,,,,,,,,,,,,,,,
20170131.0,0.1255367547273636,0.1070309653878212,0.0711558982729911,0.0849074274301529,0.0840862989425659,0.060219332575798,0.0669881254434585,10.0,0.3965138792991638,1.1143651008605957,302.4566650390625,0.4061617851257324,285.3700561523437,263.3317565917969,0.0972379818558693,0.7029563188552856,200.0,0.0566917583346366,0.0038521739289812
20170201.0,0.1334665566682815,0.1193692460656166,0.0829106569290161,0.0951133370399475,0.0963535085320472,,,10.0,0.3965138792991638,1.1143651008605957,294.35498046875,0.4055288732051849,281.33837890625,261.48101806640625,0.9201434850692748,0.6137339472770691,200.0,0.0572277791798114,0.0046826086827027
20170202.0,0.1320205330848693,0.1355533003807068,,,,,,,,,,,,,,,,,
20170203.0,0.1294106990098953,0.1320627480745315,0.0743166804313659,0.093609519302845,0.0950422063469886,0.0555532053112983,0.0575884282588958,10.0,0.3965138792991638,1.1143651008605957,301.7331237792969,0.4037537574768066,282.2440185546875,262.38134765625,0.0012886303011327,0.9686713814735411,200.0,0.0583058483898639,0.004247826129279
20170204.0,0.1272663325071334,0.1252417415380478,,,,,,,,,,,,,,,,,
20170206.0,0.127513900399208,0.1542726457118988,0.0988224670290947,0.127498909831047,0.1233845278620719,,,10.0,0.3965138792991638,1.1143651008605957,303.1993103027344,0.4004394114017486,278.34326171875,256.4242858886719,0.2519734799861908,0.7343630194664001,200.0,0.055721215903759,0.0056500000452312
20170207.0,0.1267332583665847,0.1501652151346206,,,,,,,,,,,,,,,,,
20170208.0,0.1252242475748062,0.133898451924324,0.0818578675389289,0.1004449725151062,0.1029069274663925,0.0618466176092624,0.0641804262995719,10.0,0.3965138792991638,1.1143651008605957,306.0256042480469,0.3982560634613037,283.9510192871094,265.53155517578125,0.000435113790445,0.7844228148460388,200.0,0.0486508943140506,0.0057166666374541
20170209.0,0.1237759813666343,0.1413375437259674,0.0758633762598037,0.0874227210879325,0.086557924747467,,,10.0,0.3965138792991638,1.1143651008605957,310.27081298828125,0.3971655666828155,288.35186767578125,265.940673828125,0.0008523463038727,0.9684249758720398,200.0,0.0614283196628093,0.004809090902034
20170211.0,0.1250465810298919,0.1106318533420562,0.1003048121929168,0.1186525896191597,0.1163270175457,,0.0690023526549339,10.0,0.3965138792991638,1.1143651008605957,308.922119140625,0.3949867188930511,284.7264099121094,263.52276611328125,0.4266819953918457,0.8424304127693176,200.0,0.0537867322564125,0.0026299999906768
20170213.0,0.1243609711527824,0.1215783134102821,,,,0.0631866455078125,0.0684530138969421,,,,,,,,,,,,
20170214.0,0.1236847713589668,0.1354727298021316,0.0695633366703987,0.091427057981491,0.0911441892385482,,,10.0,0.3965138792991638,1.1143651008605957,297.6158447265625,0.3917239606380462,281.5181884765625,260.11871337890625,0.000435113790445,0.4739040434360504,200.0,0.0589679479598999,0.0061217391478788
20170215.0,0.1229319795966148,0.1253042817115783,,,,,0.0513016134500503,,,,,,,,,,,,
20170216.0,0.1222097128629684,0.1213229149580001,0.0671018064022064,0.081621803343296,0.0797615945339202,0.0530168935656547,0.0565202794969081,10.0,0.3965138792991638,1.1143651008605957,304.0499267578125,0.3895705938339233,285.98602294921875,263.3730773925781,0.0266646072268486,0.6272244453430176,200.0,0.0540477111935615,0.0042285714326204
20170217.0,0.1219935044646263,0.1165262535214424,0.0652947649359703,0.0843886360526084,0.0862990319728851,,,10.0,0.3965138792991638,1.1143651008605957,300.0558776855469,0.3884231150150299,283.9119873046875,264.25250244140625,0.0193888824433088,0.420255571603775,200.0,0.0487530343234539,0.0040666666754987
20170218.0,0.121754914522171,0.1244256272912025,,,,0.0597151890397071,0.0679342001676559,,,,,,,,,,,,
20170219.0,0.1254456490278244,0.126482293009758,0.0766980946063995,0.152594044804573,0.1459253430366516,,,10.0,0.3965138792991638,1.1143651008605957,291.4628601074219,0.386806309223175,272.0757751464844,249.6122131347656,0.8520593643188477,0.5712370276451111,200.0,0.0671039298176765,0.0066521739506203
20170220.0,0.127944141626358,0.1392139494419098,,,,,,,,,,,,,,,,,
20170221.0,0.126500517129898,0.1373282670974731,,,,0.0637801960110664,0.0696432366967201,,,,,,,,,,,,
20170222.0,0.1251071989536285,0.123295858502388,0.0677317678928375,0.0954886525869369,0.0959650501608848,,,10.0,0.3965138792991638,1.1143651008605957,302.4328918457031,0.3852531015872955,281.73681640625,261.10595703125,0.0,0.6123442053794861,200.0,0.0510967597365379,0.0093625000057121
20170223.0,0.1238961368799209,0.1213228777050972,,,,0.0581426657736301,0.0615558326244354,,,,,,,,,,,,
20170224.0,0.123149923980236,0.1313806623220443,0.0593843832612037,0.1007742583751678,0.1034413650631904,,,10.0,0.3965138792991638,1.1143651008605957,298.4506530761719,0.3841886818408966,280.1009521484375,261.8448486328125,0.0008523463038727,0.4276826977729797,200.0,0.0489676445722579,0.0080565218206333
20170225.0,0.1225598528981208,0.1312482953071594,0.0690084397792816,0.090268388390541,0.0911057367920875,,,10.0,0.3965138792991638,1.1143651008605957,301.1756896972656,0.3836567103862762,282.4338073730469,262.05718994140625,0.0025719401892274,0.4409369826316833,200.0,0.0485876090824604,0.0077666667348239
20170226.0,0.1220951974391937,0.120293341577053,,,,0.0553884208202362,0.0604571662843227,,,,,,,,,,,,
20170227.0,0.1216858476400375,0.1279854327440261,0.0639761164784431,0.0925735980272293,0.0919020995497703,,,10.0,0.3965138792991638,1.1143651008605957,301.64910888671875,0.3825933337211609,283.556640625,261.6694030761719,0.000426173210144,0.4258330464363098,200.0,0.0511713214218616,0.0066375000460539
20170228.0,0.1213528588414192,0.1212494075298309,,,,0.0432430133223533,0.0533158369362354,,,,,,,,,,,,
20170601.0,0.2962742745876312,,0.2563773989677429,0.3060221672058105,0.2729323208332062,0.245654746890068,0.2606585919857025,10.0,0.3965138792991638,1.1143651008605957,280.98211669921875,1.256903052330017,236.5398712158203,209.29180908203125,0.0017106531886383,0.66279536485672,200.0,0.1571238785982132,0.121274999963741
20170602.0,0.2902287542819977,,,,,,,,,,,,,,,,,,
20170603.0,0.2849863767623901,,0.2434198856353759,0.2535829246044159,0.2420464754104614,,0.2757652401924133,10.0,0.3965138792991638,1.1143651008605957,280.6025085449219,1.2536029815673828,242.4408264160156,212.86529541015625,0.0011522260028868,0.6485976576805115,200.0,0.150580495595932,0.0930217391122942
20170604.0,0.2802537679672241,0.2321690768003463,,,,,0.2490310370922088,,,,,,,,,,,,
20170605.0,0.277816504240036,0.219497725367546,,,,,,,,,,,,,,,,,
20170606.0,0.2758548855781555,0.2334041446447372,0.2249582409858703,0.2512553930282593,0.2271153926849365,0.2232268452644348,0.2470473349094391,10.0,0.3965138792991638,1.1143651008605957,281.38214111328125,1.2486588954925537,245.8889617919922,220.54714965820312,0.0051899407990276,0.5492129921913147,200.0,0.1228847876191139,0.0703434785423071
20170607.0,0.2709470093250274,,,,,,,,,,,,,,,,,,
20170608.0,0.2677125632762909,,0.220621719956398,0.2284107804298401,0.2112231850624084,,0.18408764898777,10.0,0.3965138792991638,1.1143651008605957,281.529541015625,1.2453899383544922,248.7032623291016,223.26071166992188,0.0582934059202671,0.4588956534862518,200.0,0.1173720210790634,0.0535304347134155
20170609.0,0.2647103071212768,,0.205689936876297,0.2174614518880844,0.2001351416110992,0.1853247433900833,0.1872920989990234,10.0,0.3965138792991638,1.1143651008605957,281.7220153808594,1.2436641454696655,251.38720703125,227.39373779296875,0.0003542443155311,0.4772891700267792,200.0,0.1108196824789047,0.0537619051479158
20170610.0,0.2614464163780212,0.2155682444572448,,,,,,,,,,,,,,,,,
20170611.0,0.2579074800014496,0.2145058512687683,0.1979682296514511,0.2170232981443405,0.2001355588436126,0.1786247044801712,0.2145145982503891,10.0,0.3965138792991638,1.1143651008605957,283.4390869140625,1.241085648536682,252.70266723632807,228.57540893554688,0.0,0.5477849841117859,200.0,0.1169860959053039,0.0475583332590759
20170612.0,0.2549819648265838,,,,,,,,,,,,,,,,,,
20170613.0,0.253194659948349,,,,,,,,,,,,,,,,,,
20170614.0,0.2504034042358398,,0.1832513660192489,0.1989737600088119,0.1842425167560577,0.1671423614025116,0.1759086847305297,10.0,0.3965138792991638,1.1143651008605957,282.82525634765625,1.2383414506912231,255.7542724609375,233.7704467773437,0.000435113790445,0.5176558494567871,200.0,0.0993298664689064,0.0435375001591941
20170615.0,0.2481069862842559,0.2106627225875854,,,,,,,,,,,,,,,,,
20170616.0,0.2463304847478866,0.2098091840744018,0.1924273371696472,0.2065332978963852,0.1929598450660705,0.1592560708522796,0.1795403957366943,10.0,0.3965138792991638,1.1143651008605957,283.9585266113281,1.2364747524261477,254.8597717285156,230.69223022460932,0.0012987833470106,0.3569712936878204,200.0,0.1141965165734291,0.0428083329461515
20170617.0,0.2438192516565323,0.2076537907123565,0.1793641149997711,0.2042000144720077,0.1883213371038437,,,10.0,0.3965138792991638,1.1143651008605957,282.7900695800781,1.2355417013168335,255.4320373535156,233.21432495117188,0.0008583068847656,0.3735727965831756,200.0,0.0976424440741539,0.0420625004917383
20170618.0,0.2411719858646392,,,,,,,,,,,,,,,,,,
20170619.0,0.2406376600265503,,0.1727241575717926,0.2005396336317062,0.1871977597475052,0.1581202745437622,0.1735282391309738,10.0,0.3965138792991638,1.1143651008605957,280.52716064453125,1.2336764335632324,254.46551513671875,231.33416748046875,0.1619335263967514,0.2956089079380035,200.0,0.0897951275110244,0.036852173993121
20170620.0,0.2406384348869323,,,,,,,,,,,,,,,,,,
20170621.0,0.2396708130836486,0.2126421332359314,,,,,0.1566515117883682,,,,,,,,,,,,
20170622.0,0.2398930788040161,,0.1739618778228759,0.1918834596872329,0.183590218424797,,0.168858915567398,10.0,0.3965138792991638,1.1143651008605957,279.01641845703125,1.2308807373046875,254.490966796875,229.3902282714844,0.0805102884769439,0.2126188725233078,200.0,0.0931445509195327,0.0352136364883997
20170623.0,0.2386767715215683,,,,,,,,,,,,,,,,,,
20170625.0,0.2337924391031265,,0.1642089635133743,0.1876397728919983,0.178258940577507,,,10.0,0.3965138792991638,1.1143651008605957,281.6368713378906,1.22799551486969,255.9068603515625,232.24215698242188,0.0548699237406253,0.3640888333320617,200.0,0.097849890589714,0.0373208333427707
20170626.0,0.2324424684047699,0.2084937542676925,,,,,0.168828397989273,,,,,,,,,,,,
20170628.0,0.228730633854866,0.2047703713178634,,,,,,,,,,,,,,,,,
20170629.0,0.2262349724769592,,,,,0.1510720998048782,0.1815240979194641,,,,,,,,,,,,
20170630.0,0.2233876287937164,,0.1498664766550064,0.1805733740329742,0.1755772083997726,,,10.0,0.3965138792991638,1.1143651008605957,278.59521484375,1.2279343605041504,255.57508850097656,231.0409393310547,0.0,0.507204532623291,200.0,0.0962049141526222,0.0334714286561523
20170701.0,0.220726728439331,0.1995170712471008,,,,,,,,,,,,,,,,,
20170702.0,0.219087928533554,0.194536805152893,0.1594982594251632,0.1649156659841537,0.1618460863828659,0.1395429074764251,0.158818319439888,10.0,0.3965138792991638,1.1143651008605957,280.79595947265625,1.2283231019973757,258.7116394042969,234.93063354492188,5.161184787750244,0.6097593307495117,200.0,0.0869440883398056,0.0270238098289285
20170703.0,0.2950272560119629,,0.2480263710021972,0.2690622210502624,0.2556677162647247,,,10.0,0.3965138792991638,1.1143651008605957,281.8701171875,1.2285175323486328,242.7149810791016,215.8148193359375,1.797092318534851,0.832814633846283,200.0,0.103901982307434,0.0320150000974536
20170704.0,0.2956246435642242,,,,,0.218336135149002,0.2359080761671066,,,,,,,,,,,,
20170705.0,0.3450213670730591,0.2468664795160293,0.2181441932916641,0.280545026063919,0.2526294589042663,,,10.0,0.3965138792991638,1.1143651008605957,281.0624694824219,1.228906512260437,244.260498046875,220.92556762695312,4.284845352172852,0.6504188776016235,200.0,0.0812765210866928,0.0360458334907889
20170706.0,0.3191130459308624,,,,,,,,,,,,,,,,,,
20170707.0,0.3100601434707641,0.2386554479598999,,,,0.2162139564752578,0.2277901619672775,,,,,,,,,,,,
20170708.0,0.3054266273975372,0.2526681125164032,0.2213095128536224,0.2671186327934265,0.2488792985677719,,,10.0,0.3965138792991638,1.1143651008605957,281.2839050292969,1.2294899225234983,244.4674835205078,219.6045837402344,1.0199788808822632,0.5663551092147827,200.0,0.1022091954946518,0.037071428306046
20170709.0,0.3010148406028747,,,,,0.2277347594499588,0.2440565228462219,,,,,,,,,,,,
20170717.0,0.2676357924938202,0.2124040722846985,,,,0.1809943169355392,0.2060609757900238,,,,,,,,,,,,
20170718.0,0.2734074294567108,0.2352246046066284,0.2476585656404495,0.2619435787200928,0.2519479393959045,,,10.0,0.3965138792991638,1.1143651008605957,282.2935485839844,1.2069475650787354,244.89175415039065,218.42477416992188,2.138958215713501,0.95862478017807,200.0,0.0992229580879211,0.0331958335979531
20170719.0,0.2792152762413025,,0.2246256321668625,0.2627322375774383,0.2496769428253173,,,10.0,0.3965138792991638,1.1143651008605957,281.24267578125,1.2030773162841797,244.7458953857422,219.09603881835932,0.3533416986465454,0.639230489730835,200.0,0.1160733327269554,0.0339999999850988
20170720.0,0.2719191312789917,,,,,0.19403837621212,0.206732377409935,,,,,,,,,,,,
20170721.0,0.2653130888938904,,0.2050459086894989,0.2408697456121444,0.2422396540641784,,,10.0,0.3965138792991638,1.1143651008605957,278.4488830566406,1.1953504085540771,244.8250732421875,216.1524353027344,0.0,0.7096353769302368,200.0,0.1243504136800766,0.0320136364210736
20170722.0,0.260694295167923,,,,,0.1829616427421569,0.2062745988368988,,,,,,,,,,,,
20170723.0,0.2562093436717987,0.2213650196790695,,,,,,,,,,,,,,,,,
20170724.0,0.2523215711116791,0.2053687125444412,0.1539338231086731,0.2168373465538025,0.2011277675628662,,,10.0,0.3965138792991638,1.1143651008605957,282.1919250488281,1.1837952136993408,253.25491333007807,232.8406219482422,0.0864804163575172,0.684135913848877,200.0,0.0896860584616661,0.0335624997969717
20170725.0,0.2461064755916595,,,,,0.1631176620721817,0.1684926897287368,,,,,,,,,,,,
20170726.0,0.2418834418058395,0.206760749220848,0.1506850570440292,0.2105818390846252,0.1992484480142593,,,10.0,0.3965138792991638,1.1143651008605957,280.8465576171875,1.1764099597930908,254.25331115722656,232.18426513671875,0.0519219003617763,0.5424889326095581,200.0,0.0887472406029701,0.0325999998797973
20170727.0,0.2582475543022156,0.1944452673196792,0.2182863503694534,0.2764248549938202,0.2510653138160705,0.1934650093317031,0.2147282361984253,10.0,0.3965138792991638,1.1143651008605957,283.5885009765625,1.1715452671051023,245.8048095703125,222.84765625,5.21022367477417,1.0802223682403564,200.0,0.0815043076872825,0.0301565215315508
20170728.0,0.2891945838928222,0.2268625795841217,,,,,0.1665395051240921,,,,,,,,,,,,
20170729.0,0.2733792662620544,,0.1889222115278244,0.1896705329418182,0.1888777315616607,,,10.0,0.3965138792991638,1.1143651008605957,287.29766845703125,1.172913670539856,258.0578918457031,231.9830017089844,0.0285337921231985,1.348163604736328,200.0,0.1375416070222854,0.0286541665749003
20170730.0,0.2634749114513397,0.1922187358140945,,,,0.144480898976326,0.1626026183366775,,,,,,,,,,,,
20170731.0,0.2707239985466003,,,,,,,,,,,,,,,,,,
20170801.0,0.2616505920886993,0.1926975399255752,0.1558312773704528,0.2187627553939819,0.2046161293983459,,0.1900387555360794,10.0,0.3965138792991638,1.1143651008605957,281.8363647460937,1.1892938613891602,254.1586303710937,233.43359375,0.0017184909665957,0.9097583889961244,200.0,0.0935902744531631,0.0292999997424583
20170802.0,0.2543119192123413,0.1996349841356277,,,,0.1390729695558548,0.1757255792617797,,,,,,,,,,,,
20170803.0,0.3258105218410492,,0.2610535025596618,0.2999764084815979,0.2827925086021423,,,10.0,0.3965138792991638,1.1143651008605957,281.8651733398437,1.1997655630111694,241.40017700195312,216.1927795410156,8.45309829711914,0.8392648100852966,200.0,0.0916720256209373,0.0324956523659437
20170804.0,0.320655345916748,0.2702344059944153,0.2834428548812866,0.3154482841491699,0.2948282659053802,0.2872677147388458,0.2987456917762756,10.0,0.3965138792991638,1.1143651008605957,281.689453125,1.2050142288208008,238.8157958984375,213.96420288085932,1.8209253549575808,1.142696738243103,200.0,0.1013597473502159,0.0345391302329043
20170805.0,0.3049062192440033,0.2516218721866607,,,,,,,,,,,,,,,,,
20170806.0,0.3099816739559173,,0.3066507875919342,0.3738318979740143,0.3300993144512176,,,10.0,0.3965138792991638,1.1143651008605957,282.5386047363281,1.2155375480651855,233.8959045410156,210.85513305664065,1.9840128421783447,1.443298578262329,200.0,0.1128506436944007,0.03470000019297
20170807.0,0.3227551579475403,0.2540344297885895,,,,0.28805011510849,0.3166295289993286,,,,,,,,,,,,
20170808.0,0.3065251410007477,0.2557796835899353,,,,,,,,,,,,,,,,,
20170809.0,0.2928666174411773,,0.2667126059532165,0.273122638463974,0.277137815952301,0.2665271461009979,0.2857142984867096,10.0,0.3965138792991638,1.1143651008605957,283.66998291015625,1.231386661529541,242.349853515625,213.22525024414065,0.0065210647881031,0.882359504699707,200.0,0.1666713654994964,0.0907695656237395
20170810.0,0.2801554501056671,0.2386735528707504,,,,,,,,,,,,,,,,,
20170811.0,0.2707002162933349,0.2162300646305084,0.2232581526041031,0.2507317662239074,0.2484806627035141,,,10.0,0.3965138792991638,1.1143651008605957,283.7285461425781,1.241627812385559,247.049545288086,219.53726196289065,0.0016245174920186,1.1085213422775269,200.0,0.1469437777996063,0.066324999400725
20170812.0,0.2639056742191314,0.2037315964698791,0.2128634303808212,0.2454080432653427,0.2343076765537262,0.1993807256221771,0.2052674889564514,10.0,0.3965138792991638,1.1143651008605957,283.3238220214844,1.2482343912124634,248.82254028320312,223.988525390625,0.0141228465363383,0.8456977009773254,200.0,0.1262838542461395,0.0583541666467985
20170813.0,0.25606569647789,0.2109575718641281,,,,,,,,,,,,,,,,,
20170814.0,0.2538703382015228,,0.199677973985672,0.2037494331598281,0.1967304199934005,0.1624694913625717,0.2198858559131622,10.0,0.3965138792991638,1.1143651008605957,286.16552734375,1.2475873231887815,256.9864501953125,233.2559814453125,2.3473784923553467,1.3097248077392578,200.0,0.1115206629037857,0.0429130436285682
20170815.0,0.3096573054790497,,,,,,0.3523972332477569,,,,,,,,,,,,
20170816.0,0.3247155845165252,,,,,,,,,,,,,,,,,,
20170817.0,0.3002833425998688,,0.2976086437702179,0.3209210634231567,0.3097709119319916,0.3246562480926513,0.3729972243309021,10.0,0.3965138792991638,1.1143651008605957,284.436279296875,1.22881281375885,238.08563232421875,210.7747344970703,0.2163620740175247,1.4313666820526123,200.0,0.1641598641872406,0.123066667156915
20170818.0,0.2892981469631195,0.2533141374588012,,,,,,,,,,,,,,,,,
20170819.0,0.2791197001934051,0.2237870842218399,0.2686671018600464,0.2937379777431488,0.3200622200965881,,0.2583391964435577,10.0,0.3965138792991638,1.1143651008605957,279.2485656738281,1.2169642448425293,234.9951934814453,202.56529235839844,0.0135964090004563,0.9151940941810608,200.0,0.171471893787384,0.107716666224102
20170820.0,0.269587367773056,,0.2370040863752365,0.2712457478046417,0.2560827732086181,,0.2570573985576629,10.0,0.3965138792991638,1.1143651008605957,282.472412109375,1.2110562324523926,245.66567993164065,221.42953491210932,0.0030594223644584,1.312735915184021,200.0,0.1169575303792953,0.0917869566575341
20170821.0,0.2620818316936493,,,,,,,,,,,,,,,,,,
20170822.0,0.2539520859718323,0.2097622454166412,0.2207391709089279,0.247443601489067,0.2493565082550048,0.2262267172336578,0.2357860058546066,10.0,0.3965138792991638,1.1143651008605957,283.21044921875,1.199272394180298,247.8229522705078,220.31478881835932,0.0,1.3288849592208862,200.0,0.1375209838151931,0.0736000003914038
20170823.0,0.2493681609630584,0.2147720158100128,,,,,,,,,,,,,,,,,
20170824.0,0.2450462728738784,0.194500982761383,,,,,,,,,,,,,,,,,
20170825.0,0.2383674830198288,,0.1846455484628677,0.2339473515748977,0.2348852455615997,0.1918148398399353,0.201727345585823,10.0,0.3965138792991638,1.1143651008605957,282.1437683105469,1.181678056716919,250.3251342773437,224.0033721923828,0.0012844800949096,1.2213406562805176,200.0,0.1251618415117263,0.0492166668797533
20170826.0,0.2327226102352142,,,,,,,,,,,,,,,,,,
20170827.0,0.2307783961296081,,0.1692231893539428,0.2260462790727615,0.2244531065225601,0.1790270060300827,0.1756035089492797,10.0,0.3965138792991638,1.1143651008605957,280.0325012207031,1.169525146484375,250.9245147705078,225.7266845703125,0.032587993890047,1.180815815925598,200.0,0.1139041930437088,0.039704545316371
20170828.0,0.2246927469968795,,0.1720460653305053,0.2133527845144271,0.2119175791740417,,,10.0,0.3965138792991638,1.1143651008605957,280.8079833984375,1.1653714179992676,252.29161071777344,227.50946044921875,0.0017046927241608,1.1278135776519775,200.0,0.1129925474524498,0.0338458334250996
20170829.0,0.2198619842529297,0.1848357170820236,,,,,,,,,,,,,,,,,
20170831.0,0.2098097056150436,,,,,,,,,,,,,,,,,,
20170901.0,0.2039581537246704,,,,,0.1262931078672409,0.1559800952672958,,,,,,,,,,,,
20170902.0,0.2007500380277633,0.1926891207695007,0.1622371077537536,0.1617079079151153,0.1610839962959289,,0.1172215938568115,10.0,0.3965138792991638,1.1143651008605957,287.344482421875,1.0779414176940918,264.80810546875,241.8370056152344,0.1791424453258514,1.3114813566207886,200.0,0.1111172661185264,0.0279095236744199
20170903.0,0.1966988146305084,0.1872928738594055,,,,,,,,,,,,,,,,,
20170904.0,0.1966210901737213,0.1622874289751052,0.1128466427326202,0.1503360867500305,0.1498961448669433,0.0941866487264633,0.1349528431892395,10.0,0.3965138792991638,1.1143651008605957,283.3394775390625,1.038524866104126,264.806396484375,245.88153076171875,0.8000274300575256,1.2733070850372314,200.0,0.0897510275244712,0.0276666667778045
20170905.0,0.2067743390798568,,,,,,,,,,,,,,,,,,
20170906.0,0.2117090970277786,0.1886990368366241,,,,,0.1377300322055816,,,,,,,,,,,,
20170907.0,0.210208386182785,0.1849517077207565,0.1262716650962829,0.1533653438091278,0.1523371189832687,,0.1311380416154861,10.0,0.3965138792991638,1.1143651008605957,284.328369140625,0.980396807193756,264.3739318847656,244.6791381835937,0.4304766058921814,1.0874522924423218,200.0,0.0880242362618446,0.0260791666029642
20170908.0,0.2058116644620895,0.1839805543422699,,,,,,,,,,,,,,,,,
20170909.0,0.2002138793468475,0.1745975315570831,,,,0.1184855699539184,0.1330607086420059,,,,,,,,,,,,
20170910.0,0.1944055557250976,,0.1165096014738082,0.1511185020208358,0.1501075476408004,,,10.0,0.3965138792991638,1.1143651008605957,284.2292785644531,0.9234649538993835,265.0234375,245.7256774902344,0.0,1.231964349746704,200.0,0.0910514146089553,0.0218041666472952
20170911.0,0.1868224889039993,0.18148273229599,,,,,0.1470381766557693,,,,,,,,,,,,
20170912.0,0.1814215630292892,0.1778528243303299,0.1070859432220459,0.1570068597793579,0.15496526658535,0.0990931913256645,0.122257150709629,10.0,0.3965138792991638,1.1143651008605957,288.6254272460937,0.8863291144371033,267.65692138671875,247.59210205078125,0.0083905551582574,1.313399314880371,200.0,0.0901199057698249,0.0189375001161049
20170913.0,0.1825391501188278,0.1630010157823562,0.102398470044136,0.1599352657794952,0.1575453877449035,,,10.0,0.3965138792991638,1.1143651008605957,284.62872314453125,0.8673461079597473,264.9051208496094,247.59109497070312,0.9226809740066528,1.2669637203216553,200.0,0.0801436454057693,0.0204916667037954
20170914.0,0.1813194155693054,0.1669247597455978,,,,0.084205187857151,0.0937833786010742,,,,,,,,,,,,
20170915.0,0.1801518052816391,0.1757430285215377,0.104214459657669,0.1307516545057296,0.1294032633304596,,,10.0,0.3965138792991638,1.1143651008605957,285.8563537597656,0.8354892730712891,268.7629089355469,247.1960906982422,0.8230794668197632,0.932504653930664,200.0,0.0855120569467544,0.0196874999285986
20170916.0,0.1808042675256729,0.1759322732686996,,,,,,,,,,,,,,,,,
20170917.0,0.1745098680257797,,,,,0.0928607732057571,0.1003448590636253,,,,,,,,,,,,
20170918.0,0.1683716475963592,0.1791247427463531,0.0699593126773834,0.1176769211888313,0.1246100589632988,,,10.0,0.3965138792991638,1.1143651008605957,289.1248474121094,0.7956628203392029,270.17645263671875,255.031967163086,0.5437289476394653,1.9204332828521729,200.0,0.0886360257863998,0.014149999986826
20170920.0,0.1617347747087478,0.1681946367025375,0.0805789604783058,0.1418477296829223,0.1423897892236709,,0.0906094536185264,10.0,0.3965138792991638,1.1143651008605957,287.3850402832031,0.7692281603813171,267.6892395019531,249.9730224609375,0.0,1.357203483581543,200.0,0.0828723460435867,0.0139695652153181
20170921.0,0.1559563130140304,0.1744534522294998,0.0971693769097328,0.1388237029314041,0.1402255296707153,,,10.0,0.3965138792991638,1.1143651008605957,291.0719909667969,0.7561213970184326,269.5457763671875,252.2425079345703,0.0342774130403995,1.742888331413269,200.0,0.0867311879992485,0.0147809525064769
20170922.0,0.1495809406042099,0.16349558532238,,,,0.0755077004432678,0.0898159742355346,,,,,,,,,,,,
20170923.0,0.1434863209724426,0.1624722331762313,0.0760980173945427,0.1462960988283157,0.1456233412027359,,,10.0,0.3965138792991638,1.1143651008605957,295.6773986816406,0.7301287055015564,272.2717590332031,253.04551696777344,0.0088049406185746,1.9231022596359253,200.0,0.0858110040426254,0.0102625000678624
20170924.0,0.1402994394302368,0.1532790213823318,,,,,0.0867030844092369,,,,,,,,,,,,
20170925.0,0.1419316083192825,0.1599911898374557,,,,,0.0826441273093223,,,,,,,,,,,,
20170926.0,0.139840081334114,0.1752065122127533,0.0746689438819885,0.1222422942519187,0.1237017139792442,,,10.0,0.3965138792991638,1.1143651008605957,289.22076416015625,0.691692590713501,271.84521484375,253.23751831054688,0.0,1.158399224281311,200.0,0.0770704075694084,0.0129666667392788
20170927.0,0.138939693570137,0.1634097546339035,,,,0.0827018022537231,0.0972319692373275,,,,,,,,,,,,
20170928.0,0.1379668116569519,0.1724698990583419,0.0712048858404159,0.1297392398118972,0.1307318806648254,,,10.0,0.3965138792991638,1.1143651008605957,289.13885498046875,0.6669129729270935,271.9117431640625,253.31918334960932,0.0131711885333061,0.6335740089416504,200.0,0.0648552626371383,0.0111090908758342
20170929.0,0.1363784968852996,0.1684627085924148,0.0795830115675926,0.1168170496821403,0.1193660497665405,,0.0791650116443634,10.0,0.3965138792991638,1.1143651008605957,288.5575561523437,0.6527363657951355,272.35211181640625,254.46713256835932,0.0018027630867436,0.7221500873565674,200.0,0.0657774731516838,0.0114857142436362
20170930.0,0.1350774616003036,0.1622368693351745,,,,0.0637581422924995,0.0649739056825637,,,,,,,,,,,,
20171001.0,0.1338089704513549,0.1628747880458831,0.0670582428574562,0.1196100339293479,0.1210711225867271,,,10.0,0.3965138792991638,1.1143651008605957,288.5576477050781,0.6423110961914062,271.4508056640625,252.87847900390625,0.0,0.804986298084259,200.0,0.0684865489602088,0.0116291666830269
20171002.0,0.132679283618927,0.1689502894878387,,,,0.0636728554964065,0.0715353861451149,,,,,,,,,,,,
20171003.0,0.1313483119010925,0.173427864909172,,,,,,,,,,,,,,,,,
20171004.0,0.129988431930542,0.1621939688920974,0.0873767063021659,0.1150203421711921,0.1152886673808097,,,10.0,0.3965138792991638,1.1143651008605957,294.9289245605469,0.6495376825332642,275.1722412109375,255.15658569335932,0.0339692756533622,1.1333986520767212,200.0,0.0719310790300369,0.0083666665984007
20171005.0,0.1291952282190323,0.1582220643758773,,,,0.0738191977143287,0.0829187929630279,,,,,,,,,,,,
20171006.0,0.1285596191883087,0.1594246625900268,0.0770787522196769,0.1151156648993492,0.117408886551857,,,10.0,0.3965138792991638,1.1143651008605957,289.0481872558594,0.6535801887512207,273.3192138671875,255.25247192382807,0.0008583068847656,0.550055742263794,200.0,0.0616468898952007,0.0093909091400829
20171007.0,0.1281090676784515,0.1763602495193481,0.0757030248641967,0.098657988011837,0.1002323850989341,0.0433292537927627,0.054750207811594,10.0,0.3965138792991638,1.1143651008605957,294.3962097167969,0.655604362487793,276.92333984375,258.0280456542969,0.6605956554412842,1.034742832183838,200.0,0.0642759203910827,0.0078375000351419
20171008.0,0.2153986394405365,,,,,,0.171208843588829,,,,,,,,,,,,
20171009.0,0.2437369972467422,0.2331806719303131,0.1820495277643203,0.2137859016656875,0.2134830504655838,,,10.0,0.3965138792991638,1.1143651008605957,290.12371826171875,0.6596586108207703,257.1859130859375,227.7352294921875,0.0008614663383923,1.9052654504776,200.0,0.1601879298686981,0.0553916660137475
20171010.0,0.2188740968704223,0.1995023787021637,,,,0.1412452608346939,0.1634876579046249,,,,,,,,,,,,
20171011.0,0.2631673216819763,0.1803680658340454,,,,,,,,,,,,,,,,,
20171012.0,0.277984082698822,0.2477497309446334,0.2438463121652603,0.2607831358909607,0.2703523337841034,,0.2877285182476043,10.0,0.3965138792991638,1.1143651008605957,289.87371826171875,0.6657544374465942,245.67218017578125,212.55154418945312,0.0012874602107331,2.023190975189209,200.0,0.1884612739086151,0.17114782527737
20171013.0,0.2496847212314605,0.2364987581968307,,,,,0.2202520817518234,,,,,,,,,,,,
20171014.0,0.2283357977867126,0.2150890976190567,0.1908929198980331,0.2088728994131088,0.21046182513237,,,10.0,0.3965138792991638,1.1143651008605957,291.74676513671875,0.6696435213088989,257.705078125,227.39675903320312,0.0007260289276018,1.781206727027893,200.0,0.1628437340259552,0.0998083331311743
20171015.0,0.209536924958229,0.2050409168004989,0.1736072152853012,0.1939911693334579,0.1884497255086898,0.1635995954275131,0.1849421709775924,10.0,0.3965138792991638,1.1143651008605957,293.890869140625,0.6723294258117676,262.9706420898437,236.64337158203125,0.0,2.0005156993865967,200.0,0.1333713233470916,0.079545833170414
20171016.0,0.1919536292552948,0.1942055821418762,,,,,,,,,,,,,,,,,
20171017.0,0.176734983921051,0.1854109913110733,0.1408164948225021,0.1655770093202591,0.1613417416810989,,0.1419415920972824,10.0,0.3965138792991638,1.1143651008605957,296.0558166503906,0.670751690864563,269.63262939453125,245.901596069336,0.0004351138486526,2.006572961807251,200.0,0.1037946790456771,0.0517916670069098
20171018.0,0.1646062582731247,0.1671527028083801,,,,0.1006187126040458,0.1062044128775596,,,,,,,,,,,,
20171020.0,0.2537131905555725,0.2330801784992218,0.2408253401517868,0.2565919458866119,0.2615407407283783,0.2460993528366089,0.2900173962116241,10.0,0.3965138792991638,1.1143651008605957,289.32830810546875,0.659469485282898,247.7367401123047,215.1753387451172,0.0,2.058171033859253,200.0,0.1833359003067016,0.310836843754116
20171021.0,0.228091299533844,0.227596715092659,,,,,,,,,,,,,,,,,
20171022.0,0.2123966813087463,0.1933354586362838,0.1720102578401565,0.2109973281621933,0.2071505337953567,,,10.0,0.3965138792991638,1.1143651008605957,289.1184997558594,0.6522860527038574,257.40106201171875,228.90463256835932,0.0,1.3049724102020264,200.0,0.1418473422527313,0.233858332037926
20171023.0,0.196277379989624,0.1805365234613418,0.153696596622467,0.1874998062849044,0.1797223687171936,0.1541172116994857,0.1886654198169708,10.0,0.3965138792991638,1.1143651008605957,293.50323486328125,0.6487035751342773,263.9659423828125,239.654296875,0.0008523463038727,1.9747693538665767,200.0,0.1181947961449623,0.215799998492002
20171024.0,0.1814139187335968,0.1732399314641952,,,,,,,,,,,,,,,,,
20171025.0,0.1707019805908203,0.1741175204515457,0.1513260453939438,0.1712048351764679,0.1650015264749527,0.1382038593292236,0.1653798073530197,10.0,0.3965138792991638,1.1143651008605957,296.860595703125,0.6415566802024841,268.6371459960937,245.81304931640625,0.2116217166185379,1.6322739124298096,200.0,0.0917229875922203,0.18552083025376
20171026.0,0.2056567370891571,0.17823027074337,,,,,0.1056855991482734,,,,,,,,,,,,
20171027.0,0.1963473111391067,0.1741379350423813,,,,,,,,,,,,,,,,,
20171028.0,0.2549980878829956,0.1743858456611633,0.2279749363660812,0.2236186265945434,0.2151044607162475,0.2020731568336486,0.2295602262020111,10.0,0.3965138792991638,1.1143651008605957,294.8365783691406,0.6308821439743042,257.783203125,229.47119140625,10.867788314819336,2.1094768047332764,200.0,0.1192987337708473,0.150465216973554
20171029.0,0.2725421488285064,0.2149255871772766,,,,,,,,,,,,,,,,,
20171201.0,0.2912943661212921,0.1836346089839935,0.4598478972911834,0.4467980861663818,0.4467980861663818,,,10.0,0.3965138792991638,1.1143651008605957,295.65216064453125,0.5407411456108093,196.9617156982422,162.2498779296875,51.80430603027344,2.279050827026367,200.0,0.1554363965988159,0.170561903998965
20171207.0,0.2767095863819122,,0.2963786125183105,0.3137861788272857,0.2817974388599396,,,10.0,0.3965138792991638,1.1143651008605957,293.702392578125,0.5666042566299438,238.7685546875,206.2973480224609,0.6935893297195435,3.1924424171447754,200.0,0.274953693151474,0.342514999210835
20171208.0,0.2602179050445556,0.2375207692384719,,,,0.3168766796588897,0.3692739605903625,,,,,,,,,,,,
20171209.0,0.2416487485170364,0.2081229388713836,0.2600133121013641,0.2991439998149872,0.2621992230415344,,,10.0,0.3965138792991638,1.1143651008605957,295.1658935546875,0.5790950059890747,243.7172088623047,213.1487579345703,0.0,3.1513030529022217,200.0,0.2512500286102295,0.275470832983653
20171210.0,0.2236360013484954,0.1930397599935531,0.2324250042438507,0.2408315390348434,0.2212703078985214,,0.1994689851999282,10.0,0.3965138792991638,1.1143651008605957,298.12451171875,0.5853703022003174,254.5025329589844,223.3775634765625,0.0008523463038727,3.495534896850586,200.0,0.2121109962463379,0.254783333589633
20171211.0,0.2058126181364059,0.1779437512159347,,,,0.2133749425411224,0.2583086788654327,,,,,,,,,,,,
20171212.0,0.1893258988857269,0.1756489425897598,0.1829673796892166,0.1974852383136749,0.180244579911232,,,10.0,0.3965138792991638,1.1143651008605957,300.6828308105469,0.5979809761047363,266.1702880859375,239.5899658203125,0.0012895470717921,3.707131385803223,200.0,0.1606215536594391,0.221470832203825
20171213.0,0.1725888848304748,0.1819436848163604,,,,0.188412919640541,0.2219916433095932,,,,,,,,,,,,
20171214.0,0.1633985936641693,0.1724432408809662,,,,,,,,,,,,,,,,,
20171215.0,0.1557585299015045,0.1557791084051132,0.1498091369867324,0.1762957125902176,0.1612217128276825,,,10.0,0.3965138792991638,1.1143651008605957,302.68603515625,0.6170468330383301,272.5292053222656,250.2054443359375,0.0003285457205493,2.550429105758667,200.0,0.1046761870384216,0.178599999596675
20171216.0,0.1480204612016677,0.1518654972314834,,,,0.141055092215538,0.1570787727832794,,,,,,,,,,,,
20171217.0,0.1413213014602661,0.1486580818891525,0.1392509192228317,0.1663518995046615,0.155302494764328,,,10.0,0.3965138792991638,1.1143651008605957,306.1367492675781,0.6297489404678345,275.73828125,252.03445434570312,0.0017186318291351,2.4099957942962646,200.0,0.1107535511255264,0.134029166772962
20171218.0,0.1362559199333191,0.1634900867938995,0.1494121551513672,0.1579984575510025,0.1503264307975769,0.1351051181554794,0.1569566875696182,10.0,0.3965138792991638,1.1143651008605957,307.6343078613281,0.6365638375282288,277.8133239746094,252.5166931152344,0.000426173210144,2.174565315246582,200.0,0.1061989441514015,0.0976874999081095
20171219.0,0.1368645131587982,0.172782301902771,,,,,,,,,,,,,,,,,
20171220.0,0.1434769928455352,0.1554329246282577,0.1262427866458892,0.1585901528596878,0.1492795646190643,,,10.0,0.3965138792991638,1.1143651008605957,297.8571472167969,0.6461503505706787,274.54168701171875,253.1840209960937,0.0,1.2436909675598145,200.0,0.0766636878252029,0.0599250000280639
20171221.0,0.1384480893611908,0.1544608920812606,,,,0.1027044206857681,0.1287575960159301,,,,,,,,,,,,
20171222.0,0.1341626048088073,0.1423095762729644,,,,,,,,,,,,,,,,,
20171223.0,0.1308996826410293,0.1399701982736587,0.1126976832747459,0.1335052400827407,0.128360241651535,0.0953190699219703,0.1327555179595947,10.0,0.3965138792991638,1.1143651008605957,304.9552917480469,0.6552960276603699,280.17840576171875,259.48980712890625,0.0025700263213366,1.385338544845581,200.0,0.0613084249198436,0.0335666666117807
20171224.0,0.1287415772676468,0.14944489300251,,,,,0.0954924151301384,,,,,,,,,,,,
20171225.0,0.1271706223487854,0.1477513462305069,0.0982838571071624,0.1242695227265358,0.1209131628274917,,,10.0,0.3965138792991638,1.1143651008605957,301.4294128417969,0.661598265171051,279.6676025390625,258.14569091796875,0.0021334919147193,0.9531375169754028,200.0,0.0631924867630004,0.0242916667678704
20171226.0,0.1258998364210128,0.1447334140539169,0.0975673645734787,0.1217019483447074,0.1190555170178413,0.0789751261472702,0.094424270093441,10.0,0.3965138792991638,1.1143651008605957,302.5155029296875,0.6647564172744751,280.29266357421875,259.6520080566406,0.000435113790445,0.8860438466072083,200.0,0.0589448101818561,0.0185833333137756
20171227.0,0.1247383654117584,0.1458734720945358,,,,,,,,,,,,,,,,,
20171228.0,0.1245534121990203,0.1377752274274826,0.0973458141088485,0.1215411722660064,0.1181745678186416,,0.1383403986692428,10.0,0.3965138792991638,1.1143651008605957,305.0401916503906,0.6710867285728455,282.8956604003906,259.72430419921875,0.1897855401039123,0.7139086127281189,200.0,0.05913757532835,0.0118541667664734
20171229.0,0.2364209145307541,,,,,0.3175987303256988,0.3745841979980469,,,,,,,,,,,,
20171230.0,0.2493890821933746,0.2451302409172058,,,,,,,,,,,,,,,,,
20171231.0,0.2186206728219986,0.2040278017520904,0.1821670085191726,0.2013421952724456,0.1828664690256118,0.1824870705604553,0.1959593445062637,10.0,0.3965138792991638,1.1143651008605957,299.4705505371094,0.6814730167388916,265.8720703125,239.77810668945312,0.0,2.2825560569763184,200.0,0.1280220001935959,0.0928416655709346
20180101.0,0.1942505538463592,0.1724116206169128,,,,,,,,,,,,,,,,,
20180102.0,0.1764765232801437,0.1590524166822433,0.1323157697916031,0.1467067748308181,0.1395745277404785,,,10.0,0.3965138792991638,1.1143651008605957,298.94635009765625,0.6773577332496643,275.373291015625,250.74789428710932,0.0008523463038727,1.641484260559082,200.0,0.0925010219216346,0.0476124999113381
20180103.0,0.1639355719089508,0.1596727520227432,0.1079059094190597,0.1333397328853607,0.1279218345880508,0.0978773981332779,0.1066316738724708,10.0,0.3965138792991638,1.1143651008605957,298.5042724609375,0.6688881516456604,276.9437255859375,256.0151062011719,0.0004410743713378,1.376696228981018,200.0,0.0745308324694633,0.0340791665948927
20180104.0,0.1524995267391204,0.1491188406944275,,,,,,,,,,,,,,,,,
20180105.0,0.1428256332874298,0.1416342854499817,0.0946047902107238,0.1268532425165176,0.1229726523160934,0.0810978338122367,0.0911587849259376,10.0,0.3965138792991638,1.1143651008605957,306.1616516113281,0.6547518968582153,282.38482666015625,262.19940185546875,0.0025737381074577,1.5309875011444092,200.0,0.0621974393725395,0.0219500000821427
20180106.0,0.1354681700468063,0.1394185125827789,,,,,,,,,,,,,,,,,
20180107.0,0.1305863708257675,0.1363608241081237,,,,,,,,,,,,,,,,,
20180108.0,0.1303175687789917,0.1565180718898773,0.2176660299301147,0.2552521228790283,0.223416119813919,0.2108360677957534,0.2273018658161163,10.0,0.3965138792991638,1.1143651008605957,303.3597106933594,0.633221447467804,260.0433959960937,231.2613220214844,0.6956607699394226,0.7488765120506287,200.0,0.0814582556486129,0.0122541666884596
20180109.0,0.1314619034528732,0.2069937586784362,,,,,,,,,,,,,,,,,
20180110.0,0.1291306018829345,0.1596493124961853,0.1068381965160369,0.1205733343958854,0.1173082515597343,0.0838354751467704,0.0967131555080413,10.0,0.3965138792991638,1.1143651008605957,304.0730285644531,0.6189908385276794,281.2975769042969,259.0445251464844,0.1637344360351562,0.7489864826202393,200.0,0.0575414523482322,0.0133666666418624
20180111.0,0.1276179403066635,0.139560654759407,0.1046434864401817,0.1195113211870193,0.1165143623948097,,0.0785241276025772,10.0,0.3965138792991638,1.1143651008605957,306.9141540527344,0.6119123697280884,282.9039611816406,260.8143920898437,0.0038786109071224,0.6702337861061096,200.0,0.0567921586334705,0.0118708333854253
20180112.0,0.1539322584867477,0.1429857760667801,,,,,,,,,,,,,,,,,
20180113.0,0.1836375296115875,0.1959398239850998,0.1527358889579773,0.2081224024295807,0.1849722415208816,0.1608475148677826,0.1837824583053589,10.0,0.3965138792991638,1.1143651008605957,293.78350830078125,0.5978293418884277,264.87060546875,240.4725952148437,0.6162154078483582,1.118699073791504,200.0,0.0934621840715408,0.0113260869301208
20180127.0,0.150366872549057,0.2367219924926757,0.1576347202062606,0.1921322643756866,0.1900867074728012,,,10.0,0.3965138792991638,1.1143651008605957,305.2174987792969,0.5583087205886841,268.3309936523437,233.6231384277344,0.3060052394866943,0.9389426708221436,200.0,0.0959510058164596,0.0813857144897892
20180128.0,0.1431982368230819,0.1854597926139831,,,,0.1383600533008575,0.17380291223526,,,,,,,,,,,,
20180129.0,0.136850818991661,0.1718084663152694,0.0945374071598053,0.1342448890209198,0.1285349726676941,,0.10849329829216,10.0,0.3965138792991638,1.1143651008605957,308.0603332519531,0.5559872388839722,283.16864013671875,259.1809997558594,1.7984066009521484,0.934763252735138,200.0,0.0560339279472827,0.0181875000707805
20180130.0,0.1862159669399261,,,,,,,,,,,,,,,,,,
20180131.0,0.1804701536893844,0.2456143349409103,,,,0.1836732625961303,0.1990417242050171,,,,,,,,,,,,
20180201.0,0.1677563637495041,0.1923824101686477,0.1353898495435714,0.1520974785089492,0.1469458192586898,,,10.0,0.3965138792991638,1.1143651008605957,297.6888122558594,0.552699863910675,273.5428161621094,246.898193359375,0.0012934207916259,0.9517871737480164,200.0,0.0936297923326492,0.0295333330674718
20180202.0,0.1575850248336792,0.1640524864196777,,,,,0.1441083997488021,,,,,,,,,,,,
20180203.0,0.1495030373334884,0.1602794677019119,0.0894708931446075,0.1152256280183792,0.1124836355447769,,0.0926541984081268,10.0,0.3965138792991638,1.1143651008605957,300.0399780273437,0.5480647087097168,280.7397766113281,257.4139099121094,0.009922525845468,0.7164777517318726,200.0,0.0677381083369255,0.016583333335196
20180204.0,0.1424011588096618,0.1545878797769546,0.076031319797039,0.1079879850149154,0.1081322655081749,,,10.0,0.3965138792991638,1.1143651008605957,301.1678466796875,0.5443294048309326,281.63641357421875,261.98126220703125,0.0,0.7052673697471619,200.0,0.0539127960801124,0.0112541666797673
20180301.0,0.1332088708877563,0.1573725193738937,,,,,,,,,,,,,,,,,
20180302.0,0.1308815479278564,0.1384575963020324,0.0648963898420333,0.1069672033190727,0.1084282919764518,,,10.0,0.3965138792991638,1.1143651008605957,301.51055908203125,0.4309726059436798,281.80303955078125,262.99566650390625,0.0012874602107331,0.3123638331890106,200.0,0.0431693494319915,0.0061333332476871
20180303.0,0.1285437643527984,0.1388261914253235,,,,0.0595055036246776,0.0635090172290802,,,,,,,,,,,,
20180304.0,0.126911774277687,0.1315966993570327,,,,,,,,,,,,,,,,,
20180305.0,0.1257788836956024,0.1352206021547317,0.0663803592324256,0.0879960358142852,0.0885270163416862,0.0508311353623867,0.0509659126400947,10.0,0.3965138792991638,1.1143651008605957,298.1298828125,0.4145283997058868,283.105224609375,262.42535400390625,0.0004713245725724,0.1853376775979995,200.0,0.0461587645113468,0.0037578947897265
20180306.0,0.1247994825243949,0.1293332278728485,,,,,0.0632953867316246,,,,,,,,,,,,
20180307.0,0.1239609345793724,0.1327841877937317,0.0590103156864643,0.0905198156833648,0.0918337851762771,,,10.0,0.3965138792991638,1.1143651008605957,299.1991577148437,0.4094932675361633,283.21160888671875,263.15093994140625,0.0,0.1777602881193161,200.0,0.0433274284005165,0.0031526315873825
20180308.0,0.1232276037335395,0.143263503909111,,,,0.0575928017497062,0.0643940567970275,,,,,,,,,,,,
20180309.0,0.1226020529866218,0.1327898651361465,,,,,,,,,,,,,,,,,
20180310.0,0.122065320611,0.1306733936071396,0.0561942569911479,0.0895322263240814,0.0888199731707573,,0.0607928708195686,10.0,0.3965138792991638,1.1143651008605957,300.99444580078125,0.4107236862182617,285.03375244140625,262.9107666015625,0.0,0.1875133663415908,200.0,0.0449681133031845,0.0039549999812152
20180325.0,0.1461503803730011,0.166081428527832,,,,,,,,,,,,,,,,,
20180327.0,0.1412392407655716,0.1628734767436981,,,,,,,,,,,,,,,,,
20180328.0,0.1375227719545364,0.1468744724988937,,,,,0.0723899081349372,,,,,,,,,,,,
20180330.0,0.1323434710502624,0.1396040767431259,,,,,,,,,,,,,,,,,
20180331.0,0.13071109354496,0.1419977694749832,0.0590301342308521,0.099903680384159,0.1001477167010307,0.0616864562034606,0.0712912380695343,10.0,0.3965138792991638,1.1143651008605957,295.72119140625,0.4064850807189941,279.0965576171875,258.6725769042969,0.0008560752030462,0.200425237417221,200.0,0.0486206673085689,0.0033105263290436
20180414.0,0.1556301862001419,0.1353653520345688,0.0903913900256156,0.1335168033838272,0.128861203789711,,,10.0,0.3965138792991638,1.1143651008605957,290.2179870605469,0.3985238075256347,273.9293212890625,250.6361389160156,3.3654556274414062,0.6685733199119568,200.0,0.0648534446954727,0.0022428571579179
20180415.0,0.1644508689641952,0.1571145206689834,,,,,0.0915860459208488,,,,,,,,,,,,
20180416.0,0.163033053278923,0.1533685624599456,0.0720712691545486,0.1145039275288581,0.1126125007867813,,0.1031220406293869,10.0,0.3965138792991638,1.1143651008605957,291.6228942871094,0.3978773355484009,276.12872314453125,254.39404296875,0.2096709161996841,0.3604940176010132,200.0,0.0606507882475853,0.0028863636514209
20180504.0,0.1786722093820572,0.2153291851282119,,,,,0.1719412803649902,,,,,,,,,,,,
20180505.0,0.1740593463182449,0.2018436640501022,0.1704838871955871,,,,,,,,,,,,,,,,
20180508.0,0.1603012084960937,0.1740029454231262,0.1169216558337211,,,,0.106051817536354,,,,,,,,,,,,
20180511.0,0.271488606929779,,0.2552127242088318,,,0.2655539214611053,0.2815942764282226,,,,,,,,,,,,
20180512.0,0.2598622739315033,0.2328799664974212,,,,,,,,,,,,,,,,,
20180513.0,0.2420597821474075,0.2064483314752578,0.1841815412044525,0.1953123807907104,0.1871787756681442,,,10.0,0.3965138792991638,1.1143651008605957,285.9084167480469,0.4409971833229065,256.73077392578125,228.2033843994141,0.0008523463038727,0.5249228477478027,200.0,0.1150270476937294,0.0266333331819624
20180514.0,0.2291850745677948,0.1943921446800232,,,,0.1499542593955993,0.1579638123512268,,,,,,,,,,,,
20180515.0,0.2204533219337463,0.1887374371290207,,,,,,,,,,,,,,,,,
20180516.0,0.2119803130626678,0.1823241561651229,0.1458327919244766,0.1602493524551391,0.1554485112428665,0.1323318034410476,0.1477401107549667,10.0,0.3965138792991638,1.1143651008605957,283.98828125,0.4458436369895935,262.33917236328125,236.54373168945312,0.0017197903944179,0.4412616193294525,200.0,0.0880294516682624,0.0235749996888141
20180517.0,0.2050428241491317,0.1815398186445236,,,,,,,,,,,,,,,,,
20180518.0,0.2033615559339523,0.1848833709955215,0.129165843129158,0.13150155544281,0.1279175281524658,,,10.0,0.3965138792991638,1.1143651008605957,284.772705078125,0.4490822553634643,267.2172241210937,243.7144927978516,0.4765595197677612,0.292671263217926,200.0,0.0702132061123848,0.0231681818311865
20180519.0,0.2003841549158096,0.1914108693599701,0.1360052078962326,0.156441643834114,0.1508039683103561,0.1212366297841072,0.1349833607673645,10.0,0.3965138792991638,1.1143651008605957,284.8295288085937,0.450703889131546,262.96258544921875,239.927001953125,0.003027299651876,0.3214223086833954,200.0,0.0711977928876876,0.021400000190451
20180520.0,0.1957189887762069,0.1830579191446304,,,,,,,,,,,,,,,,,
20180528.0,0.1677411049604416,0.1745364367961883,,,,,,,,,,,,,,,,,
20180529.0,0.225535899400711,0.2438723444938659,0.2513673007488251,0.2732883095741272,0.2780400514602661,0.2776603698730469,0.2904446423053741,10.0,0.3965138792991638,1.1143651008605957,285.2203674316406,0.4932703673839569,238.48745727539065,203.74375915527344,4.887839794158936,0.9426727890968324,200.0,0.1038810983300209,0.110562501009554
20180530.0,0.2400532364845276,0.24923937022686,,,,,,,,,,,,,,,,,
20180531.0,0.2294289916753769,0.2091605216264724,,,,,,,,,,,,,,,,,
20180601.0,0.22078438103199,0.2009719908237457,0.1694640219211578,0.1807970851659774,0.1822846531867981,0.1756254285573959,0.1898861676454544,10.0,0.3965138792991638,1.1143651008605957,281.99578857421875,0.5182749629020691,255.8297119140625,224.80844116210932,0.0,0.4099481999874115,200.0,0.1195543855428695,0.12202608714933
20180602.0,0.2136732041835785,,,,,,,,,,,,,,,,,,
20180603.0,0.2079616636037826,0.1921591162681579,0.149933710694313,0.172921821475029,0.171009212732315,0.1506583243608474,0.1619006991386413,10.0,0.3965138792991638,1.1143651008605957,282.70928955078125,0.535135805606842,258.82843017578125,230.33726501464844,0.0008540565613657,0.2781452536582947,200.0,0.0990789756178855,0.0970041664938132
20180604.0,0.203239768743515,0.1840581148862838,0.1414717733860016,0.1687402725219726,0.1634566634893417,,,10.0,0.3965138792991638,1.1143651008605957,284.09735107421875,0.5436234474182129,260.53326416015625,235.4163818359375,0.0017046927241608,0.3199567496776581,200.0,0.0828036293387413,0.0879913050195445
20180605.0,0.1992458701133728,0.1829678565263748,,,,,,,,,,,,,,,,,
20180606.0,0.1948568522930145,0.1856125295162201,0.1383911222219467,0.1524283587932586,0.1485053300857544,0.1290907859802246,0.1452681124210357,10.0,0.3965138792991638,1.1143651008605957,285.9841613769531,0.5607135891914368,264.84600830078125,241.72039794921875,0.0063337320461869,0.3417568802833557,200.0,0.0758548006415367,0.0712708331023653
20180607.0,0.1909665316343307,0.1843015551567077,,,,,,,,,,,,,,,,,
20180608.0,0.2476754039525985,,,,,0.3026519417762756,0.3947569131851196,,,,,,,,,,,,
20180609.0,0.2822811305522918,0.2504645586013794,0.2284938097000122,0.2604610919952392,0.2532545328140259,,0.1983397901058197,10.0,0.3965138792991638,1.1143651008605957,285.0621032714844,0.5870924592018127,243.1421813964844,212.2349548339844,0.1556452214717865,0.4335242807865143,200.0,0.1519531607627868,0.141466667254766
20180610.0,0.262898325920105,,,,,,,,,,,,,,,,,,
20180611.0,0.2706887722015381,0.2235754132270813,0.2874323427677154,0.3066418170928955,0.3235251307487488,0.2870390117168426,0.3085726499557495,10.0,0.3965138792991638,1.1143651008605957,285.7680053710937,0.5989248752593994,230.77102661132807,194.84649658203125,6.21910572052002,1.0114235877990725,200.0,0.1303578317165374,0.13265833320717
20180613.0,0.2820306122303009,0.2424291968345642,,,,,0.24964140355587,,,,,,,,,,,,
20180614.0,0.2708695232868194,0.2283459305763244,0.2162651568651199,0.2281785458326339,0.2227835059165954,,0.2203131169080734,10.0,0.3965138792991638,1.1143651008605957,285.0087585449219,0.6078321933746338,249.4216766357422,219.68362426757807,0.7023502588272095,0.8545038104057312,200.0,0.1226938962936401,0.15200416619579
20180615.0,0.2628193795681,0.2111348211765289,,,,,,,,,,,,,,,,,
20180618.0,0.2792559564113617,0.2555802762508392,,,,,,,,,,,,,,,,,
20180619.0,0.2657686173915863,,0.2227564454078674,0.2305876910686493,0.2441355884075164,0.2012438625097274,0.2161320894956588,10.0,0.3965138792991638,1.1143651008605957,280.7235107421875,0.6235408186912537,243.40335083007807,208.3981170654297,0.000859324238263,0.4953828155994415,200.0,0.1509213298559188,0.169395651506341
20180620.0,0.2561475932598114,,0.2076404839754104,0.2121583521366119,0.215627521276474,,,10.0,0.3965138792991638,1.1143651008605957,282.48883056640625,0.6266971230506897,249.4603271484375,217.55325317382807,0.0,0.5052320957183838,200.0,0.1392609179019928,0.158056520897409
20180621.0,0.2481264472007751,0.2049767524003982,,,,0.1972072273492813,0.2083803862333297,,,,,,,,,,,,
20180622.0,0.2420332878828048,,0.1886007785797119,0.2088374197483062,0.2068646997213363,,,10.0,0.3965138792991638,1.1143651008605957,280.4586181640625,0.6330241560935974,250.3914031982422,220.70269775390625,0.0008583068847656,0.4036333858966827,200.0,0.1142127737402916,0.139282609133617
20180623.0,0.236630693078041,,,,,,,,,,,,,,,,,,
20180624.0,0.2314474582672119,0.1936684399843216,,,,0.1675565242767334,0.1786248385906219,,,,,,,,,,,,
20180625.0,0.2272768467664718,,0.1657071709632873,0.1951713263988495,0.1878477931022644,,,10.0,0.3965138792991638,1.1143651008605957,279.67657470703125,0.6429400444030762,252.60861206054688,226.62142944335932,0.0017046927241608,0.4546870589256286,200.0,0.0897565484046936,0.119159091264009
20180626.0,0.2235909849405288,,,,,0.1473422795534134,0.158696249127388,,,,,,,,,,,,
20180627.0,0.2513608038425445,0.1987207531929016,,,,,0.3086642026901245,,,,,,,,,,,,
20180629.0,0.2898444533348083,0.2469246685504913,,,,0.2218161970376968,0.2351756393909454,,,,,,,,,,,,
20180630.0,0.276656836271286,,0.2230833619832992,0.2371717989444732,0.2494481801986694,,,10.0,0.3965138792991638,1.1143651008605957,281.8158874511719,0.6394006013870239,242.6034240722656,209.29373168945312,0.0825123190879821,0.3594660758972168,200.0,0.151387482881546,0.148483333488305
20180701.0,0.26595538854599,0.2179394960403442,,,,,0.2204657196998596,,,,,,,,,,,,
20180702.0,0.2578805387020111,0.2200302183628082,,,,,0.2030701637268066,,,,,,,,,,,,
20180703.0,0.2510107457637787,,0.1936856061220169,0.2073983252048492,0.2032568305730819,,,10.0,0.3965138792991638,1.1143651008605957,282.8224182128906,0.6346612572669983,252.35780334472656,225.67300415039065,0.0017195938853546,0.5625796914100647,200.0,0.1057504042983055,0.131345454942096
20180704.0,0.2444902509450912,0.2052748501300811,,,,0.169564813375473,0.1780449897050857,,,,,,,,,,,,
20180705.0,0.2388124167919159,0.1998068690299987,0.1770479530096054,0.171860322356224,0.1739836186170578,,,10.0,0.3965138792991638,1.1143651008605957,287.6337585449219,0.6315076351165771,260.1134033203125,231.97586059570312,3.008328437805176,0.7717167139053345,200.0,0.096339002251625,0.120441666804254
20180707.0,0.2787807583808899,,,,,0.2129838764667511,0.2224494218826294,,,,,,,,,,,,
20180708.0,0.2689552307128906,0.2184681892395019,0.1979860067367553,0.2207738161087036,0.2234471291303634,,,10.0,0.3965138792991638,1.1143651008605957,282.90399169921875,0.6267863512039185,249.9788055419922,220.7857360839844,0.2264162749052047,0.5377745628356934,200.0,0.1200111955404281,0.141037498911222
20180709.0,0.2604445815086365,0.2093969583511352,,,,0.1815789490938186,0.1947996467351913,,,,,,,,,,,,
20180710.0,0.2532940208911896,0.2010215520858764,,,,,,,,,,,,,,,,,
20180711.0,0.2508837878704071,,0.1704504042863845,0.1817241609096527,0.183903306722641,,,10.0,0.3965138792991638,1.1143651008605957,281.12066650390625,0.6215221881866455,256.0452880859375,228.0578765869141,0.9999439716339112,0.5817323923110962,200.0,0.0983500927686691,0.120104545558041
20180712.0,0.2525638043880462,,,,,0.1605183780193328,0.1666615754365921,,,,,,,,,,,,
20180713.0,0.2472511231899261,,0.1662714928388595,0.1937485486268997,0.1975032836198806,,,10.0,0.3965138792991638,1.1143651008605957,280.2655029296875,0.6251739859580994,252.87258911132807,224.141830444336,0.0004260826390236,0.3748312294483185,200.0,0.1023584455251693,0.113147826298423
20180714.0,0.2422524243593216,0.1984736770391464,0.1579841375350952,0.1775665283203125,0.1811742931604385,0.1400357037782669,0.1674245446920395,10.0,0.3965138792991638,1.1143651008605957,279.7744140625,0.6311848759651184,255.5289001464844,227.0091552734375,0.001296310685575,0.5278881788253784,200.0,0.1046746522188186,0.107428570943219
20180715.0,0.2380400151014328,0.1965144723653793,,,,,0.1163060367107391,,,,,,,,,,,,
20180716.0,0.2389186024665832,,0.1441785246133804,0.1690344363451004,0.1691930592060089,,,10.0,0.3965138792991638,1.1143651008605957,281.8424987792969,0.6414699554443359,259.039794921875,232.85482788085932,0.0008511787164025,0.7037272453308105,200.0,0.0993818491697311,0.103804545307701
20180717.0,0.2335531264543533,,,,,0.1199117228388786,0.1352885514497757,,,,,,,,,,,,
20180718.0,0.2288341373205185,0.1874663531780243,,,,,,,,,,,,,,,,,
20180719.0,0.2283743768930435,0.1874372810125351,0.283499002456665,0.3229067921638489,0.3572231531143188,,0.3714102506637573,10.0,0.3965138792991638,1.1143651008605957,284.36456298828125,0.6573308110237122,229.27354431152344,195.02047729492188,2.318838357925415,1.1461111307144165,200.0,0.1729221642017364,0.0785869564051214
20180720.0,0.2431132644414901,,,,,,0.2255012691020965,,,,,,,,,,,,
20180722.0,0.2327167093753814,0.1923295855522155,0.1545277386903762,0.1899085342884063,0.1870719194412231,0.1544082909822464,0.1684316545724868,10.0,0.3965138792991638,1.1143651008605957,280.772705078125,0.6733113527297974,255.44952392578125,230.3339385986328,0.0021460624411702,0.6024621725082397,200.0,0.0906730741262435,0.0858318179168484
20180723.0,0.2275896221399307,,,,,,,,,,,,,,,,,,
20180724.0,0.2229114770889282,0.2008221745491027,0.1441098004579544,0.1570622324943542,0.1561680883169174,,0.1423078030347824,10.0,0.3965138792991638,1.1143651008605957,285.9276123046875,0.6840312480926514,263.18951416015625,238.54373168945312,0.3020031154155731,0.7802739143371582,200.0,0.095274843275547,0.0779125004385908
20180725.0,0.219430074095726,0.1861156821250915,,,,0.1170459687709808,0.1268654465675354,,,,,,,,,,,,
20180726.0,0.2153879106044769,0.1837451606988906,,,,,,,,,,,,,,,,,
20180727.0,0.210443377494812,0.1906596720218658,0.118416428565979,0.145843356847763,0.1442217081785202,0.1055555492639541,0.119846187531948,10.0,0.3965138792991638,1.1143651008605957,285.1627502441406,0.7013976573944092,265.99200439453125,244.38351440429688,1.854884147644043,0.8319563865661621,200.0,0.0746474266052246,0.0710833339641492
20180728.0,0.2402895539999008,0.1918348670005798,,,,,,,,,,,,,,,,,
20180729.0,0.2396023273468017,0.1948642581701278,0.117492988705635,0.1536809056997299,0.1526118218898773,,,10.0,0.3965138792991638,1.1143651008605957,282.51434326171875,0.6976832151412964,263.7645263671875,239.9102935791016,0.1960518360137939,0.7359205484390259,200.0,0.0883820280432701,0.0697541674599051
20180730.0,0.2333393841981887,0.1857837438583374,0.1182238161563873,0.1539369523525238,0.153683990240097,0.1120171099901199,0.1219519674777984,10.0,0.3965138792991638,1.1143651008605957,281.8174743652344,0.6869322657585144,262.84130859375,237.82684326171875,0.1415624469518661,0.5094031095504761,200.0,0.0873582512140274,0.0702041663850347
20180731.0,0.2279942333698272,,,,,,,,,,,,,,,,,,
20180801.0,0.2219574749469757,0.180115133523941,0.1043059304356575,0.1615084856748581,0.1587409228086471,0.0884163975715637,0.1017487123608589,10.0,0.3965138792991638,1.1143651008605957,282.2831726074219,0.669328510761261,262.2542724609375,242.8479461669922,0.0064435312524437,0.5924897193908691,200.0,0.0670938044786453,0.0648666671477258
20180802.0,0.2155081182718277,0.1754556149244308,,,,,0.078188419342041,,,,,,,,,,,,
20180803.0,0.2350721210241317,,,,,,,,,,,,,,,,,,
20180804.0,0.2381223291158676,0.2134595364332199,0.1688615679740905,0.2099828869104385,0.2145113050937652,0.1693994402885437,0.1833857297897339,10.0,0.3965138792991638,1.1143651008605957,283.5635986328125,0.642498254776001,253.1345672607422,224.8833923339844,0.0,0.7704552412033081,200.0,0.1208881959319114,0.0633458339919647
20180805.0,0.2278905808925628,,,,,,,,,,,,,,,,,,
20180806.0,0.2224655449390411,0.1774802953004837,0.1312871873378753,0.1692693531513214,0.1704213172197342,,0.1465193629264831,10.0,0.3965138792991638,1.1143651008605957,282.0288391113281,0.624800443649292,260.9154663085937,234.89584350585932,0.4436387419700622,0.6682326197624207,200.0,0.0937875807285308,0.0598045453767885
20180807.0,0.2199957221746444,0.1860479414463043,0.1244862526655197,0.1490540355443954,0.1486137509346008,,0.1391644030809402,10.0,0.3965138792991638,1.1143651008605957,281.94488525390625,0.6160079836845398,264.21600341796875,239.79617309570312,1.2209066152572632,0.6867260932922363,200.0,0.0834412798285484,0.0608315789385846
20180808.0,0.2410267144441604,0.1942200064659118,,,,,,,,,,,,,,,,,
20180809.0,0.2363519072532653,,0.1234120205044746,0.1736916750669479,0.1705120503902435,0.1369600892066955,0.154026910662651,10.0,0.3965138792991638,1.1143651008605957,283.5091857910156,0.5985367298126221,260.38238525390625,238.00955200195312,0.0,1.0360636711120603,200.0,0.0888410359621048,0.0568434783945913
20180810.0,0.2255811542272567,0.1982401907444,,,,,,,,,,,,,,,,,
20180811.0,0.2511610388755798,0.197926864027977,,,,,0.236854150891304,,,,,,,,,,,,
20180813.0,0.2418109029531479,0.1982735246419906,,,,,,,,,,,,,,,,,
20180814.0,0.2332587838172912,0.1825827211141586,0.1246314868330955,0.1622329950332641,0.1632432490587234,0.1207707747817039,0.1448103338479995,10.0,0.3965138792991638,1.1143651008605957,284.3307800292969,0.5622578859329224,262.19195556640625,235.60745239257807,0.0014903333503752,0.7781633734703064,200.0,0.1070095151662826,0.0537374997511506
20180815.0,0.2251322418451309,0.17759570479393,0.1091852039098739,0.1575348824262619,0.1549474447965622,,,10.0,0.3965138792991638,1.1143651008605957,285.1461181640625,0.5619087219238281,263.73614501953125,243.7943420410156,0.0507163144648075,0.7426052093505859,200.0,0.0706145912408828,0.051379167009145
20180816.0,0.218419536948204,0.1763040870428085,,,,,,,,,,,,,,,,,
20180817.0,0.2134095728397369,0.1621884107589721,0.1092880815267562,0.1516938209533691,0.1501762866973877,0.0938588306307792,0.0982085615396499,10.0,0.3965138792991638,1.1143651008605957,283.595458984375,0.5592933893203735,264.21209716796875,244.45135498046875,2.1292524337768555,0.9090536236763,200.0,0.0694832801818847,0.0477541669582327
20180818.0,0.2358711659908294,,,,,,,,,,,,,,,,,,
20180819.0,0.2305919826030731,,,,,0.0862558484077453,0.0969878211617469,,,,,,,,,,,,
20180820.0,0.2228679060935974,,0.0996244996786117,0.1317403614521026,0.1302707344293594,,0.1074556708335876,10.0,0.3965138792991638,1.1143651008605957,282.82489013671875,0.5557358264923096,266.23046875,244.69448852539065,0.0464959926903247,0.7407495379447937,200.0,0.0791753605008125,0.0434958335633079
20180821.0,0.2201746702194214,0.1708966046571731,,,,,,,,,,,,,,,,,
20180822.0,0.2205292284488678,0.1832059025764465,0.1059571728110313,0.1421320587396621,0.1408738195896148,0.0919907838106155,0.1009552329778671,10.0,0.3965138792991638,1.1143651008605957,282.6231994628906,0.5533677339553833,265.1479187011719,241.5056915283203,0.4646065831184387,0.7084531188011169,200.0,0.0841003507375717,0.0440809524485043
20180823.0,0.2140309363603592,0.1713132411241531,0.0999311283230781,0.1560574769973755,0.1547428667545318,,,10.0,0.3965138792991638,1.1143651008605957,283.0167236328125,0.5521847605705261,263.6273803710937,243.75228881835932,0.0,0.8870972394943237,200.0,0.075733408331871,0.0431749999212722
20180824.0,0.2061811238527298,0.1462521702051162,,,,,0.0889309346675872,,,,,,,,,,,,
20180825.0,0.1992820501327514,0.1556094139814376,0.0901567637920379,0.1393013447523117,0.1382821500301361,,0.0899685695767402,10.0,0.3965138792991638,1.1143651008605957,286.1386413574219,0.5498210191726685,267.7325744628906,246.36248779296875,0.001830190536566,0.9009160995483398,200.0,0.0797834396362304,0.0401874999515712
20180826.0,0.1920900195837021,0.1574448645114898,,,,,,,,,,,,,,,,,
20180901.0,0.1964087486267089,,,,,0.1813488751649856,0.2137821614742279,,,,,,,,,,,,
20180902.0,0.190208226442337,0.1894581913948059,0.1462249010801315,0.1871858239173889,0.1882923543453216,,,10.0,0.3965138792991638,1.1143651008605957,283.443115234375,0.5125465989112854,258.4853210449219,233.15447998046875,0.0,0.7928164601325989,200.0,0.0964477211236953,0.0452695652518583
20180903.0,0.1846132576465606,0.1733996421098709,,,,,,,,,,,,,,,,,
20180904.0,0.1794634908437729,0.1674097776412964,,,,0.1013790443539619,0.1138035207986831,,,,,,,,,,,,
20180905.0,0.1745589226484298,0.1700491160154342,0.1128618121147155,0.1395233720541,0.1383967399597168,,,10.0,0.3965138792991638,1.1143651008605957,289.3512878417969,0.4885030090808868,269.2385559082031,245.78414916992188,0.6032217144966125,1.0278829336166382,200.0,0.0844232216477394,0.0361583333772918
20180906.0,0.2227649539709091,,,,,0.2242985218763351,0.2326425909996032,,,,,,,,,,,,
20180907.0,0.2276021391153335,0.2029435038566589,0.1489235311746597,0.212402731180191,0.218007430434227,,0.1400799602270126,10.0,0.3965138792991638,1.1143651008605957,284.8236999511719,0.472651720046997,255.22879028320312,227.0848693847656,0.0,1.1954866647720337,200.0,0.1238947957754135,0.0481590909714049
20180908.0,0.2140104919672012,0.1797181516885757,0.123654305934906,0.1694394797086715,0.1705610752105713,,,10.0,0.3965138792991638,1.1143651008605957,284.6570739746094,0.4647793173789978,262.4002685546875,236.69541931152344,0.0,1.232478141784668,200.0,0.1101753264665603,0.0440791665265957
20180909.0,0.2056580036878585,0.1665310859680175,,,,0.0948579981923103,0.0986968576908111,,,,,,,,,,,,
20180910.0,0.1963699012994766,0.1688103824853897,0.0942616984248161,0.1400623917579651,0.1388752609491348,,,10.0,0.3965138792991638,1.1143651008605957,288.49237060546875,0.4491412341594696,269.2867431640625,246.4727783203125,0.0012814997462555,1.1719602346420288,200.0,0.0897875875234603,0.0364541667513549
20180911.0,0.1848068088293075,0.1754566729068756,,,,,0.0797143504023552,,,,,,,,,,,,
20180912.0,0.1757507026195526,0.1587166488170623,,,,,0.1000091582536697,,,,,,,,,,,,
20180913.0,0.1683277487754821,0.1579827517271042,0.0750569254159927,0.1271085143089294,0.1259437650442123,,,10.0,0.3965138792991638,1.1143651008605957,287.5328063964844,0.4255926012992859,270.8642578125,249.41207885742188,0.000435113790445,1.0615404844284058,200.0,0.0842249318957328,0.0319958332305153
20180914.0,0.160833477973938,0.155009239912033,,,,0.073157712817192,0.0916776061058044,,,,,,,,,,,,
20180915.0,0.1591031998395919,0.1484113037586212,0.0693281441926956,0.1269507408142089,0.1251506507396698,,,10.0,0.3965138792991638,1.1143651008605957,284.2448425292969,0.4146668016910553,269.7777709960937,247.25405883789065,0.2102729380130767,0.7826883792877197,200.0,0.0832193344831466,0.0282541666335116
20180916.0,0.1555020958185196,0.1518079042434692,0.0688177719712257,0.1107719019055366,0.1105143427848815,,0.0694601312279701,10.0,0.3965138792991638,1.1143651008605957,283.2829284667969,0.4119018912315368,270.09112548828125,250.41665649414065,0.0,0.5735992193222046,200.0,0.068829633295536,0.0278125000962367
20180917.0,0.1511809676885604,0.1516566127538681,,,,0.0647432282567024,0.0643330216407775,,,,,,,,,,,,
20180918.0,0.1464237570762634,0.1462193429470062,0.0640549212694168,0.1066907569766044,0.1061409264802932,,,10.0,0.3965138792991638,1.1143651008605957,290.169921875,0.4052542150020599,273.6796264648437,253.70558166503903,0.0102945547550916,0.8451286554336548,200.0,0.0705827996134758,0.0240190475292149
20180919.0,0.1434756219387054,0.1417037546634674,,,,0.0572979524731636,0.0715659037232399,,,,,,,,,,,,
20180920.0,0.1409715861082077,0.1487299352884292,,,,,,,,,,,,,,,,,
20180921.0,0.1385305672883987,0.1411826908588409,0.0562034323811531,0.0977576598525047,0.096037320792675,,,10.0,0.3965138792991638,1.1143651008605957,289.3844909667969,0.3955447077751159,274.4970397949219,254.59341430664065,0.0,0.6347593665122986,200.0,0.0669558942317962,0.0236625000058363
20180922.0,0.1362985968589782,0.1411616504192352,,,,0.0585175231099128,0.0614337585866451,,,,,,,,,,,,
20180923.0,0.1347735971212387,0.1419521570205688,0.0652370899915695,0.121412493288517,0.1226718500256538,,,10.0,0.3965138792991638,1.1143651008605957,288.1405029296875,0.389104276895523,271.6707763671875,252.98097229003903,0.0026153095532208,0.4382869005203247,200.0,0.0588625557720661,0.022420833275343
20180924.0,0.1335941702127456,0.1448513567447662,0.0621836073696613,0.1091539040207862,0.1066910997033119,0.0547785349190235,0.0589007250964641,10.0,0.3965138792991638,1.1143651008605957,288.035400390625,0.385893851518631,273.17120361328125,251.66976928710932,0.0017166130710393,0.3921044468879699,200.0,0.0661238357424736,0.0209541664614032
20180925.0,0.132471352815628,0.1407371759414672,,,,,,,,,,,,,,,,,
20180926.0,0.1312336772680282,0.143894225358963,0.0599622130393981,0.0975300371646881,0.0947508662939071,,,10.0,0.3965138792991638,1.1143651008605957,291.4286499023437,0.3794925510883331,275.627197265625,255.03585815429688,0.0004351138486526,0.5283748507499695,200.0,0.0639671832323074,0.0203166668458531
20180927.0,0.129985511302948,0.1424739360809326,,,,0.049462080001831,0.0518204309046268,,,,,,,,,,,,
20180928.0,0.1290021538734436,0.1372025460004806,,,,,,,,,,,,,,,,,
20180929.0,0.1283155977725982,0.1357398182153701,0.0559526607394218,0.1146584451198577,0.117908626794815,0.0510176382958889,0.0517593920230865,10.0,0.3965138792991638,1.1143651008605957,286.4887084960937,0.3694750368595123,271.434814453125,253.99786376953125,0.0021473891101777,0.3056728541851043,200.0,0.0519615784287452,0.0184458333533257
20180930.0,0.1275123655796051,0.1369505822658538,,,,,0.054811242967844,,,,,,,,,,,,
20181001.0,0.1266151517629623,0.1365823000669479,0.0539109744131565,0.1023075431585311,0.1022742390632629,,,10.0,0.3965138792991638,1.1143651008605957,293.0317077636719,0.3688195645809173,275.697265625,255.9735412597656,0.0,0.4800160229206085,200.0,0.0583263635635376,0.0167541666111598
20181002.0,0.1259000748395919,0.1262342184782028,0.0683919489383697,0.0819917023181915,0.0764294639229774,0.054073367267847,0.0576494634151458,10.0,0.3965138792991638,1.1143651008605957,298.06915283203125,0.3719896078109741,280.549072265625,259.2030639648437,0.0824565514922142,0.4876002073287964,200.0,0.0576922371983528,0.0160545456138524
20181003.0,0.1902136504650116,0.130456268787384,,,,,,,,,,,,,,,,,
20181004.0,0.2212056219577789,0.173350527882576,0.1548594981431961,0.1860731691122055,0.195141926407814,,0.2029786109924316,10.0,0.3965138792991638,1.1143651008605957,290.0516967773437,0.3768554031848907,261.2543334960937,228.88296508789065,1.9840033054351809,1.2789781093597412,200.0,0.1327238231897354,0.0492695650976637
20181005.0,0.2142591476440429,0.1851513534784317,,,,0.1206724569201469,0.1346171498298645,,,,,,,,,,,,
20181006.0,0.1967879086732864,0.1643351912498474,,,,,,,,,,,,,,,,,
20181007.0,0.1807552427053451,0.1514073461294174,0.0725496560335159,0.1175119057297706,0.1171627789735794,0.076819896697998,0.0982696041464805,10.0,0.3965138792991638,1.1143651008605957,292.9037780761719,0.3844639658927917,274.6588134765625,254.0040283203125,0.0008523463620804,1.3745737075805664,200.0,0.0828391015529632,0.0337375001205752
20181008.0,0.1667061746120453,0.1467005759477615,,,,,,,,,,,,,,,,,
20181009.0,0.1659407168626785,0.1349098235368728,0.1046643704175949,0.127938687801361,0.1269325017929077,,,10.0,0.3965138792991638,1.1143651008605957,293.1886901855469,0.389556884765625,274.04888916015625,253.05209350585932,3.0256218910217285,1.583516001701355,200.0,0.0793346613645553,0.0224041668698192
20181010.0,0.1844310164451599,0.1530330330133438,0.1087891235947609,0.1139779463410377,0.113916166126728,0.0712931230664253,0.0759605690836906,10.0,0.3965138792991638,1.1143651008605957,288.67950439453125,0.3921095132827759,273.96923828125,253.69320678710932,0.5672125220298767,0.9714340567588806,200.0,0.0740166381001472,0.0210958335082978
20181011.0,0.1733796298503875,0.1526722311973571,,,,,,,,,,,,,,,,,
20181012.0,0.1636444330215454,0.1499053835868835,0.0752011612057685,0.0949635058641433,0.0913856998085975,0.0556265190243721,0.0591448731720447,10.0,0.3965138792991638,1.1143651008605957,292.6208801269531,0.3972270488739013,277.6642761230469,255.0906982421875,0.0008523463038727,0.8406440019607544,200.0,0.0772892758250236,0.0151791668031365
20181013.0,0.1618673950433731,0.147628903388977,,,,,,,,,,,,,,,,,
20181014.0,0.1555075049400329,0.1452974677085876,,,,,,,,,,,,,,,,,
20181015.0,0.1513949036598205,0.1538399010896682,0.2041321843862533,0.1949915140867233,0.1963184624910354,0.208663672208786,0.2500381469726562,10.0,0.3965138792991638,1.1143651008605957,297.9461975097656,0.4054195880889892,263.79058837890625,233.6796875,4.747748851776123,1.47141432762146,200.0,0.0910112857818603,0.0111333333188668
20181016.0,0.3243577182292938,0.2018588781356811,,,,,,,,,,,,,,,,,
20181017.0,0.3056990206241607,0.2693479061126709,0.220471516251564,0.233243241906166,0.2532940804958343,0.2187392711639404,0.2480849623680114,10.0,0.3965138792991638,1.1143651008605957,292.3448181152344,0.4046198725700378,250.33087158203125,212.77178955078125,0.2158809155225753,2.2192869186401367,200.0,0.1890721023082733,0.203354167441527
20181018.0,0.2681892812252044,0.1924422085285186,0.179472342133522,0.193934828042984,0.1985534727573394,,0.2077089697122573,10.0,0.3965138792991638,1.1143651008605957,291.0472106933594,0.4005714058876037,260.7398681640625,229.3646240234375,0.0427825935184955,1.8372539281845093,200.0,0.1606938540935516,0.178512499978145
20181019.0,0.236683577299118,0.1834849566221237,,,,,,,,,,,,,,,,,
20181020.0,0.2266552895307541,0.1590839624404907,0.1478295773267746,0.1678318828344345,0.1675177961587906,0.1379945129156112,0.1532029211521148,10.0,0.3965138792991638,1.1143651008605957,289.6322021484375,0.3940470516681671,266.4762878417969,238.6473999023437,1.050902247428894,1.7424194812774658,200.0,0.1321935206651687,0.153170834605893
20181021.0,0.2107676863670349,0.1704907417297363,,,,,,,,,,,,,,,,,
20181022.0,0.1928578168153762,0.1684130430221557,,,,,0.0998565629124641,,,,,,,,,,,,
20181023.0,0.1768127679824829,0.1517578959465026,0.0774061679840087,0.1157184913754463,0.1145939528942108,0.0657497718930244,0.0696432366967201,10.0,0.3965138792991638,1.1143651008605957,294.2345886230469,0.3840228617191314,276.2638244628906,254.3643798828125,0.0008612871170043,1.901661038398743,200.0,0.1012981981039047,0.116670832969248
20181024.0,0.1666262298822403,0.1454032957553863,,,,,,,,,,,,,,,,,
20181025.0,0.1572588235139846,0.140083447098732,0.0615199916064739,0.0990645065903663,0.0996293798089027,0.0664258524775505,0.0716269388794899,10.0,0.3965138792991638,1.1143651008605957,294.0166931152344,0.3773753046989441,277.8920593261719,258.0550537109375,0.0012836421374231,1.52302348613739,200.0,0.0832773447036743,0.0918874998266498
20181026.0,0.1501232832670211,0.1348512023687362,0.0642662569880485,0.097719483077526,0.1006687581539154,,,10.0,0.3965138792991638,1.1143651008605957,293.1617431640625,0.3740620613098144,276.9311828613281,258.72869873046875,0.0,1.1577374935150146,200.0,0.0694820284843444,0.0790791669860482
20181027.0,0.1449167728424072,0.1426074653863906,,,,,,,,,,,,,,,,,
20181028.0,0.1409176886081695,0.1433832347393036,0.0619310736656188,0.0983496755361557,0.1009901091456413,0.0540135167539119,0.0569475404918193,10.0,0.3965138792991638,1.1143651008605957,292.7704162597656,0.3674567937850952,276.9106140136719,258.4560546875,0.000435113790445,0.8811675310134888,200.0,0.0646145716309547,0.0591208332528671
20181029.0,0.1371662467718124,0.1349068582057953,,,,,,,,,,,,,,,,,
20181030.0,0.1338608115911483,0.1355224102735519,,,,0.0452474616467952,0.0488601326942443,,,,,,,,,,,,
20181031.0,0.1310747414827346,0.1315508633852005,0.0517161972820758,0.0917458683252334,0.0933844968676567,,,10.0,0.3965138792991638,1.1143651008605957,300.821044921875,0.3570457100868225,282.0281982421875,262.6263427734375,0.0017089562024921,1.0265076160430908,200.0,0.0606126263737678,0.0496083328810831
20181101.0,0.1300781965255737,0.1307031959295272,,,,,,,,,,,,,,,,,
20181102.0,0.1351479291915893,0.1334820687770843,0.0563338249921798,0.1003494039177894,0.10027576982975,0.0550432056188583,0.0631733164191246,10.0,0.3965138792991638,1.1143651008605957,301.1177978515625,0.3573140501976013,282.24200439453125,261.22674560546875,0.5460313558578491,0.8369333744049072,200.0,0.0577252209186553,0.0451583336107433
20181103.0,0.133574366569519,0.1362670063972473,0.0513884350657463,0.0939562171697616,0.0992361977696418,,,10.0,0.3965138792991638,1.1143651008605957,295.73565673828125,0.3616409301757812,279.9814147949219,262.8725280761719,0.000870227755513,0.5810003876686096,200.0,0.052430085837841,0.0469952385340418
20181104.0,0.131857544183731,0.1298584640026092,,,,0.0520714744925498,0.0566423535346984,,,,,,,,,,,,
20181105.0,0.1584718972444534,0.1474770754575729,0.3417432308197021,0.4064086973667145,0.4197016358375549,,0.4021118879318237,10.0,0.3965138792991638,1.1143651008605957,297.1165771484375,0.3685377836227417,222.00100708007807,179.95968627929688,12.169947624206545,0.7773510813713074,200.0,0.0932735651731491,0.0443857147225312
20181106.0,0.2954307794570923,0.2656950354576111,,,,,,,,,,,,,,,,,
20181107.0,0.3029311299324035,0.2573218643665313,,,,0.2751016318798065,0.3009735345840454,,,,,,,,,,,,
20181108.0,0.26045623421669,,0.1859999746084213,0.2080148160457611,0.2139457911252975,,,10.0,0.3965138792991638,1.1143651008605957,289.1239929199219,0.3792797327041626,254.6703338623047,219.22457885742188,0.0008523463620804,1.9288498163223269,200.0,0.180322453379631,0.244608333955208
20181109.0,0.2344945073127746,0.1815049052238464,,,,,0.1598254293203354,,,,,,,,,,,,
20181110.0,0.2112112790346145,0.1702184081077575,0.1379483491182327,0.1675704568624496,0.1622992157936096,,0.1495406925678253,10.0,0.3965138792991638,1.1143651008605957,294.2569580078125,0.3864821493625641,267.5378723144531,240.63919067382807,0.000426173210144,2.101749897003174,200.0,0.1298696845769882,0.208679166312019
20181111.0,0.1909193694591522,0.1727109551429748,0.1020453721284866,0.1343388259410858,0.1308267265558242,,,10.0,0.3965138792991638,1.1143651008605957,297.057373046875,0.3900958597660064,274.4861755371094,248.93185424804688,0.0008523463620804,2.099072456359864,200.0,0.1126100420951843,0.194887499635418
20181112.0,0.173721045255661,0.1511273980140686,,,,0.092322751879692,0.1043733060359954,,,,,,,,,,,,
20181113.0,0.215075135231018,0.1399797201156616,0.2736724615097046,0.302870362997055,0.2975857555866241,,,10.0,0.3965138792991638,1.1143651008605957,294.85028076171875,0.3973478078842163,239.33157348632807,198.285888671875,10.244780540466309,1.4399985074996948,200.0,0.1139039173722267,0.175637499739726
20181114.0,0.2660390138626098,0.2218047976493835,,,,,,,,,,,,,,,,,
20181115.0,0.234293982386589,0.1983063817024231,,,,0.1426184624433517,0.1491134315729141,,,,,,,,,,,,
20181116.0,0.209315538406372,0.1691336035728454,0.1243079826235771,0.1521985828876495,0.1477967649698257,,,10.0,0.3965138792991638,1.1143651008605957,296.0216369628906,0.4088806211948395,271.1641845703125,244.78988647460932,0.0008523463038727,2.148281574249268,200.0,0.1211408600211143,0.187845833599567
20181117.0,0.1895079761743545,0.1551018357276916,,,,0.0821815058588981,0.0877101942896843,,,,,,,,,,,,
20181118.0,0.1737215518951416,0.1613444834947586,0.0770562514662742,0.1002635657787323,0.0985810682177543,,,10.0,0.3965138792991638,1.1143651008605957,298.0485534667969,0.4089320600032806,280.2585754394531,257.281005859375,0.0,1.6479912996292114,200.0,0.0882879197597503,0.162429165715973
20181119.0,0.1611649543046951,0.1573416143655777,0.069085769355297,0.094729296863079,0.0952176749706268,,,10.0,0.3965138792991638,1.1143651008605957,300.6393127441406,0.4044987559318542,281.74072265625,261.0917053222656,0.0017195938853546,1.459169864654541,200.0,0.0709171295166015,0.148670832316081
20181120.0,0.154043823480606,0.1320772469043731,,,,0.2709295451641083,0.3047883510589599,,,,,,,,,,,,
20181121.0,0.1641006022691726,0.1903777718544006,,,,,,,,,,,,,,,,,
20181122.0,0.1907587945461273,0.1931910514831543,,,,0.2061522305011749,0.2465590387582779,,,,,,,,,,,,
20181123.0,0.1929702758789062,0.2054342776536941,,,,,0.121005892753601,,,,,,,,,,,,
20181124.0,0.1849444061517715,0.1799676865339279,0.0942302793264389,0.1202896833419799,0.1170986890792846,,,10.0,0.3965138792991638,1.1143651008605957,292.2573547363281,0.3868370652198791,274.34967041015625,249.27899169921875,0.0,0.9947559833526612,200.0,0.0913344398140907,0.111799999140203
20181125.0,0.1743136644363403,0.1539836525917053,,,,0.0634083747863769,0.0734275355935096,,,,,,,,,,,,
20181126.0,0.1630273759365081,0.1437538266181945,0.0634691193699836,0.0937728509306907,0.0952481925487518,,,10.0,0.3965138792991638,1.1143651008605957,297.8460388183594,0.3797338604927063,279.93487548828125,260.269287109375,0.00134353491012,1.2418639659881592,200.0,0.069153256714344,0.0899416661510865
20181127.0,0.1657925248146057,0.1355524212121963,0.0850708186626434,0.0938750132918357,0.0919599309563636,,0.074434645473957,10.0,0.3965138792991638,1.1143651008605957,297.130859375,0.3761942982673645,280.2366943359375,257.06866455078125,2.9632160663604736,1.3530564308166504,200.0,0.0734706670045852,0.0833541663984458
20181128.0,0.1782852858304977,0.1544509530067443,,,,,0.0692770183086395,,,,,,,,,,,,
20181129.0,0.166311115026474,0.1432843953371048,0.0654196813702583,0.0938406288623809,0.0973420664668083,,,10.0,0.3965138792991638,1.1143651008605957,297.8236083984375,0.3691392540931701,279.8406982421875,261.8038330078125,0.001710653072223,1.156368613243103,200.0,0.0643114820122718,0.0778083335608244
20181130.0,0.1550266146659851,0.1373180896043777,,,,0.0600327625870704,0.0664082765579223,,,,,,,,,,,,
20181201.0,0.1466337740421295,0.1350936442613601,,,,,,,,,,,,,,,,,
20181202.0,0.1495962291955948,0.1298817545175552,0.057214118540287,0.082818754017353,0.0893700271844863,,0.0569475404918193,10.0,0.3965138792991638,1.1143651008605957,294.2548217773437,0.358749657869339,280.2041320800781,263.54400634765625,0.0,0.6450446844100952,200.0,0.0534444861114025,0.065187499858439
20181203.0,0.1438674330711364,0.1325536370277404,,,,0.0519848018884658,0.0512100607156753,,,,,,,,,,,,
20181204.0,0.1391119062900543,0.1315160989761352,0.0587725192308425,0.0720923393964767,0.0717586725950241,,,10.0,0.3965138792991638,1.1143651008605957,298.36773681640625,0.3501549959182739,283.89764404296875,263.1723022460937,0.0008583068847656,0.5972934365272522,200.0,0.0593107342720031,0.0634708336244027
20181205.0,0.134773388504982,0.1254723519086837,0.0604499392211437,0.0762247294187545,0.0770924389362335,0.0492182560265064,0.0495620593428611,10.0,0.3965138792991638,1.1143651008605957,303.17486572265625,0.3448852002620697,285.0244140625,264.6471252441406,0.0,0.6501660346984863,200.0,0.0507449023425579,0.0597583333340784
20181206.0,0.1313278824090957,0.1245220825076103,,,,,,,,,,,,,,,,,
20181207.0,0.1282718181610107,0.1253143846988678,0.0549300573766231,0.070644773542881,0.0726878196001052,,,10.0,0.3965138792991638,1.1143651008605957,307.41436767578125,0.3348191082477569,288.718017578125,269.1163024902344,0.0008583068265579,0.6175797581672668,200.0,0.0473383106291294,0.052795833752801
20181208.0,0.1258035600185394,0.1233790814876556,,,,0.0429462045431137,0.0497146509587764,,,,,,,,,,,,
20181209.0,0.1297525465488433,0.1293088793754577,,,,,,,,,,,,,,,,,
20181210.0,0.1302863806486129,0.1485520005226135,0.0730599388480186,0.1128403693437576,0.1100681349635124,0.0750447735190391,0.0990936011075973,10.0,0.3965138792991638,1.1143651008605957,302.7965393066406,0.3197702467441559,281.9143981933594,258.1087951660156,0.0029374931473284,0.4395580589771271,200.0,0.0548721775412559,0.0485333337758978
20181211.0,0.1276871412992477,0.1264382153749466,,,,,0.0812402740120887,,,,,,,,,,,,
20181212.0,0.2188054770231247,0.1297353506088256,0.1434963941574096,0.1728640049695968,0.1618600338697433,,,10.0,0.3965138792991638,1.1143651008605957,302.427978515625,0.3098238706588745,272.3005065917969,246.31109619140625,19.26236152648925,1.5122967958450315,200.0,0.0668370649218559,0.0423916666768491
20181213.0,0.340329647064209,,0.2761882841587066,0.3190461695194244,0.2996100485324859,0.2859233617782593,0.3003326654434204,10.0,0.3965138792991638,1.1143651008605957,294.5242614746094,0.3048764765262604,237.2574157714844,195.7198028564453,7.534801006317139,2.0423829555511475,200.0,0.1430284231901168,0.10574090921066
20181214.0,0.2798344790935516,0.2221874296665191,,,,,,,,,,,,,,,,,
20181215.0,0.2640090584754944,0.1829253733158111,0.1792359799146652,0.1775107085704803,0.1714772284030914,,0.2197332680225372,10.0,0.3965138792991638,1.1143651008605957,294.8549499511719,0.2950333654880523,266.6121826171875,236.09930419921875,1.4172283411026,1.9293745756149288,200.0,0.1375416219234466,0.145000000173847
20181216.0,0.2421055138111114,0.1829590052366256,,,,,0.124820701777935,,,,,,,,,,,,
20181217.0,0.217720091342926,0.152068942785263,,,,,,,,,,,,,,,,,
20181218.0,0.1960477530956268,0.1422031372785568,0.0741217732429504,0.0869465321302414,0.0866880044341087,0.0630182549357414,0.0766930133104324,10.0,0.3965138792991638,1.1143651008605957,301.8587646484375,0.2799701690673828,285.8097839355469,264.092529296875,0.0008642672910355,2.372241735458374,200.0,0.0883571729063987,0.0762166664935648
20181219.0,0.1838116198778152,0.1348455101251602,,,,,,,,,,,,,,,,,
20181220.0,0.167974442243576,0.1243630871176719,0.0600522980093956,0.0952584818005561,0.0962714329361915,,0.0638752430677414,10.0,0.3965138792991638,1.1143651008605957,300.9292297363281,0.2755177915096283,284.29364013671875,264.0980834960937,0.0008523463038727,1.9638563394546509,200.0,0.0795517563819885,0.0486458333519598
20181221.0,0.1579055935144424,0.124918594956398,0.0658448114991188,0.0856365486979484,0.0877999886870384,,,10.0,0.3965138792991638,1.1143651008605957,297.56512451171875,0.276505172252655,283.35546875,263.8583679199219,0.0017131458735093,1.2779301404953003,200.0,0.0703692585229873,0.0455833336648842
20181222.0,0.1505638062953949,0.1294610649347305,,,,,,,,,,,,,,,,,
20181223.0,0.1434404700994491,0.1356804519891739,0.0585196986794471,0.0837831124663353,0.0872343853116035,0.0457666516304016,0.0491958372294902,10.0,0.3965138792991638,1.1143651008605957,300.6526184082031,0.2771155834197998,284.2966613769531,265.5587158203125,0.0008523463620804,1.3660212755203247,200.0,0.0658363848924636,0.0344500000743816
20181224.0,0.1372130364179611,0.1206558495759964,,,,,,,,,,,,,,,,,
20181225.0,0.1322092562913894,0.1247120946645736,,,,,,,,,,,,,,,,,
20181226.0,0.1286074072122573,0.1226902231574058,0.0482090413570404,0.0803112238645553,0.0827308967709541,0.0429608859121799,0.0488296151161193,10.0,0.3965138792991638,1.1143651008605957,308.14990234375,0.2782879173755646,289.43438720703125,269.78741455078125,0.000426173210144,1.2308235168457031,200.0,0.0591508336365222,0.0313916663484027
20181227.0,0.1259215772151947,0.1154681891202926,,,,,,,,,,,,,,,,,
20181228.0,0.1239233613014221,0.111789084970951,0.0468635149300098,0.0764924958348274,0.0784080177545547,0.0357823595404624,0.0374767296016216,10.0,0.3965138792991638,1.1143651008605957,311.6957092285156,0.2790700495243072,292.3719787597656,272.3326721191406,0.002574403071776,0.8440072536468506,200.0,0.0608507879078388,0.0325772725892338
20181229.0,0.1226830407977104,0.119667463004589,0.0558738783001899,0.0768484622240066,0.0790653750300407,,0.0345164351165294,10.0,0.3965138792991638,1.1143651008605957,309.2651062011719,0.2794715762138366,291.92266845703125,272.0653076171875,0.0226656757295131,0.6243332624435425,200.0,0.0503041073679924,0.0350695654911839
20181230.0,0.1251342296600341,0.1168533265590667,,,,,,,,,,,,,,,,,
20181231.0,0.1422450542449951,0.1266424357891082,0.0900003761053085,0.1223251223564148,0.1186772510409355,0.0829512700438499,0.104831077158451,10.0,0.3965138792991638,1.1143651008605957,306.0204772949219,0.2803979516029358,283.6663513183594,259.00567626953125,1.9176392555236816,0.9197657704353333,200.0,0.0565065331757068,0.0793772727589716
20190101.0,0.1396394520998001,0.1288667619228363,,,,,,,,,,,,,,,,,
20190102.0,0.1337283253669738,0.1158822327852249,,,,,0.0585039816796779,,,,,,,,,,,,
20190103.0,0.1296923458576202,0.1134626120328903,0.0496871508657932,0.0757901892066001,0.0754584744572639,,0.053621020168066,10.0,0.3965138792991638,1.1143651008605957,309.7146301269531,0.2775883674621582,291.99810791015625,270.33453369140625,0.0,0.6596418023109436,200.0,0.0549488291144371,0.0924391303535389
20190104.0,0.1264633685350418,0.1191292777657508,,,,,,,,,,,,,,,,,
20190105.0,0.1257188618183136,0.1313156187534332,0.0636560246348381,0.0962354019284248,0.0949766859412193,0.068336583673954,0.0777001231908798,10.0,0.3965138792991638,1.1143651008605957,299.38201904296875,0.2746704220771789,285.1575927734375,262.34356689453125,0.1416245847940445,0.3140162825584411,200.0,0.0534954965114593,0.0365347829039978
20190106.0,0.1248195245862007,0.1245900616049766,0.0526009239256382,0.0754762515425682,0.0768963098526001,,,10.0,0.3965138792991638,1.1143651008605957,301.04473876953125,0.2731831669807434,287.1610412597656,267.07977294921875,0.002570625860244,0.2786623239517212,200.0,0.0442075803875923,0.03606190461488
20190107.0,0.123658500611782,0.1141864210367202,,,,,0.0747093111276626,,,,,,,,,,,,
20190108.0,0.1290099322795868,0.1267741024494171,0.0661076307296752,0.1252918243408203,0.1210446134209632,0.0647640079259872,0.0671712383627891,10.0,0.3965138792991638,1.1143651008605957,302.3322448730469,0.2702136039733886,281.68084716796875,258.2668762207031,0.752844512462616,0.501988410949707,200.0,0.0514795295894146,0.111672727475789
20190109.0,0.1281175762414932,0.1362021565437317,,,,,,,,,,,,,,,,,
20190110.0,0.126170814037323,0.1311791837215423,,,,0.0433061681687831,0.0502945035696029,,,,,,,,,,,,
20190111.0,0.1249725669622421,0.1183245852589607,0.0559869781136512,0.0810839012265205,0.0828527733683586,,,10.0,0.3965138792991638,1.1143651008605957,306.1853942871094,0.2657714784145355,287.8878173828125,267.8134765625,0.0604143142700195,0.3313693702220917,200.0,0.0413469783961772,0.119723809306465
20190112.0,0.1235069930553436,0.1175883784890174,,,,,,,,,,,,,,,,,
20190113.0,0.1222973614931106,0.1117704361677169,0.0471948720514774,0.0756341740489006,0.0759574398398399,0.0474363714456558,0.0536820590496063,10.0,0.3965138792991638,1.1143651008605957,309.9278564453125,0.2628182172775268,291.744384765625,270.7042541503906,0.0008583068847656,0.2978774309158325,200.0,0.0491487383842468,0.173404544422572
20190114.0,0.1215216964483261,0.1151655167341232,0.0457573309540748,0.0824582651257515,0.0861307233572006,,,10.0,0.3965138792991638,1.1143651008605957,310.3558349609375,0.2613039910793304,290.94598388671875,272.02227783203125,0.0012932692188769,0.285323828458786,200.0,0.0473667792975902,0.226040909151462
20190115.0,0.1210036501288414,0.121038906276226,,,,0.0614357776939868,0.0716879814863205,,,,,,,,,,,,
20190116.0,,0.1218656077980995,0.0531986318528652,0.0842012986540794,0.0846893116831779,,0.0403149500489234,10.0,0.3965138792991638,1.1143651008605957,314.7278747558594,0.2578012943267822,293.4817810058594,271.9600830078125,0.0008583068847656,0.2996193170547485,200.0,0.0657086223363876,0.183534780800666
20190117.0,0.1203853487968444,0.1249691396951675,,,,,,,,,,,,,,,,,
20190118.0,0.1284593641757965,0.1165336817502975,,,,0.0477739237248897,0.0561540573835372,,,,,,,,,,,,
20190119.0,0.1280215382575988,0.1103078424930572,0.0479365848004817,0.0808416679501533,0.0823009461164474,,,10.0,0.3965138792991638,1.1143651008605957,303.3758850097656,0.26896733045578,290.4017028808594,269.93658447265625,0.0008523463038727,0.2970998585224151,200.0,0.0436364486813545,0.0157695653362443
20190120.0,0.1258586645126342,0.1062447950243949,,,,,0.0482802838087081,,,,,,,,,,,,
20190121.0,0.1240764781832695,0.1115865260362625,0.0450014062225818,0.0702014937996864,0.0684355944395065,,0.0477614663541317,10.0,0.3965138792991638,1.1143651008605957,308.9818420410156,0.2806244194507599,293.61279296875,271.4451904296875,0.0017046927241608,0.285100519657135,200.0,0.0463999398052692,0.129842104390264
20190122.0,0.1227748841047287,0.1227666437625885,0.0674842074513435,0.117000862956047,0.1138859093189239,,,10.0,0.3965138792991638,1.1143651008605957,309.5819396972656,0.2866129279136657,287.30377197265625,263.066650390625,0.0011232619872316,0.2452834099531173,200.0,0.0537935718894004,0.193089998746291
20190123.0,0.1218426525592804,0.1253165602684021,,,,0.050809696316719,0.0567339099943637,,,,,,,,,,,,
20190124.0,0.1212644577026367,0.125675618648529,0.0551988184452056,0.0756043568253517,0.0792190730571746,,,10.0,0.3965138792991638,1.1143651008605957,312.4879150390625,0.2986683845520019,294.553955078125,275.3661499023437,0.0056912787258625,0.2022117376327514,200.0,0.053823746740818,0.10770909128372
20190126.0,0.1207460835576057,0.1161147281527519,,,,0.0528533458709716,0.0514236874878406,,,,,,,,,,,,
20190127.0,0.1217659786343574,0.1269190609455108,0.0969242751598358,0.1303879469633102,0.1252007484436035,,,10.0,0.3965138792991638,1.1143651008605957,302.7659606933594,0.316947340965271,282.8538818359375,260.47705078125,0.6654170155525208,0.3048053979873657,200.0,0.0446758829057216,0.0142826086882016
20190128.0,0.1258590370416641,0.1335328072309494,,,,0.0617836229503154,0.0762962773442268,,,,,,,,,,,,
20190129.0,0.1251734346151352,0.1355242282152176,0.061036642640829,0.0993389934301376,0.1019750535488128,,,10.0,0.3965138792991638,1.1143651008605957,307.09112548828125,0.3292638957500458,287.4254150390625,268.95562744140625,0.0681015849113464,0.2205346524715423,200.0,0.0387030579149723,0.036650000186637
20190130.0,0.1288374215364456,0.1268560290336609,0.1711841374635696,0.1910242587327957,0.1885845363140106,,,10.0,0.3965138792991638,1.1143651008605957,308.0325927734375,0.3355218470096588,269.8802490234375,234.47967529296875,0.7774179577827454,0.5158518552780151,200.0,0.0778644979000091,0.151589474199634
20190131.0,0.1284759640693664,0.1716440618038177,,,,0.0798861160874366,0.0831018984317779,,,,,,,,,,,,
20190201.0,0.1265442818403244,0.1230429485440254,0.0617752783000469,0.085126131772995,0.0849716514348983,,,10.0,0.3965138792991638,1.1143651008605957,304.9248352050781,0.3488502204418182,288.428466796875,266.6751708984375,0.0027678804472088,0.2310518473386764,200.0,0.0428408607840538,0.0407190472331075
20190202.0,0.1251522302627563,0.1190158873796463,,,,0.0856972336769104,0.1009552329778671,,,,,,,,,,,,
20190204.0,0.1360903978347778,0.151430070400238,0.0766546130180358,0.0971981510519981,0.0962684676051139,,,10.0,0.3965138792991638,1.1143651008605957,307.0805969238281,0.3439218997955322,287.5184326171875,264.88592529296875,1.1602230072021484,0.6090924143791199,200.0,0.0486809089779853,0.172199999447912
20190205.0,0.1385630965232849,0.1502538174390792,,,,0.1615377515554428,0.1837519407272339,,,,,,,,,,,,
20190206.0,0.1349569708108902,0.1733381450176239,0.2481358051300048,0.2437733560800552,0.241969808936119,,,10.0,0.3965138792991638,1.1143651008605957,307.0567932128906,0.3344293236732483,256.9887390136719,220.08139038085932,0.4336516261100769,0.4401232600212097,200.0,0.078816033899784,0.163273914028769
20190207.0,0.1377884000539779,0.1735087633132934,0.1750129610300064,0.1651173532009124,0.1617420315742492,,0.1599169969558715,10.0,0.3965138792991638,1.1143651008605957,304.6742553710937,0.3295249938964844,275.2358093261719,244.26333618164065,0.5175022482872009,0.6440216898918152,200.0,0.080620490014553,0.191866667941213
20190210.0,0.1651023179292678,0.1752957552671432,,,,0.101947546005249,0.1293374449014663,,,,,,,,,,,,
20190211.0,0.1546688824892044,0.1506835520267486,,,,,,,,,,,,,,,,,
20190212.0,0.1480598747730255,0.1344107091426849,0.0839902982115745,0.1198889687657356,0.1185709685087204,,0.0787987932562828,10.0,0.3965138792991638,1.1143651008605957,294.5015563964844,0.3052487075328827,277.6026611328125,258.6010131835937,0.0258943103253841,0.4222009479999542,200.0,0.0528758652508258,0.251219049450897
20190213.0,0.1434382647275924,0.1334526091814041,,,,0.0602429956197738,0.0618915371596813,,,,,,,,,,,,
20190214.0,0.1386595666408538,0.1298466771841049,0.058496206998825,0.0758097395300865,0.075510062277317,,,10.0,0.3965138792991638,1.1143651008605957,297.9513244628906,0.2956526577472687,284.13250732421875,263.3700561523437,0.0008553265361115,0.4070495963096618,200.0,0.0543741360306739,0.149034782596256
20190215.0,0.1343304365873336,0.1262798011302948,0.0571370981633663,0.0722649544477462,0.0733442232012748,0.0503809712827205,0.0578630939126014,10.0,0.3965138792991638,1.1143651008605957,303.4341125488281,0.2908479869365692,286.5156555175781,266.6760559082031,0.0008523463038727,0.4019280672073364,200.0,0.0439383462071418,0.163982610177735
20190216.0,0.1311167776584625,0.1252692341804504,,,,,,,,,,,,,,,,,
20190217.0,0.1283729076385498,0.1193798035383224,0.0566739067435264,0.0842097103595733,0.0879257023334503,,,10.0,0.3965138792991638,1.1143651008605957,304.6696472167969,0.2809154689311981,286.387939453125,267.7531433105469,0.0,0.2967873215675354,200.0,0.0393705666065216,0.152217391554428
20190218.0,0.1268458068370819,0.1150876581668853,,,,0.0518295243382453,0.0490432456135749,,,,,,,,,,,,
20190219.0,0.1257492303848266,0.1194451972842216,,,,,,,,,,,,,,,,,
20190220.0,0.1247533038258552,0.1334029734134674,0.0517244525253772,0.0823574438691139,0.0836939588189125,0.0469614788889884,0.0472426526248455,10.0,0.3965138792991638,1.1143651008605957,297.9682922363281,0.278796374797821,284.57647705078125,264.50946044921875,0.0025663513224571,0.1387450098991394,200.0,0.0433662459254264,0.109091304242611
20190221.0,0.1239017769694328,0.1231848075985908,,,,,,,,,,,,,,,,,
20190222.0,0.1230827420949935,0.1282240897417068,0.0527672320604324,0.0801976025104522,0.0810210928320884,,,10.0,0.3965138792991638,1.1143651008605957,302.38873291015625,0.280566394329071,286.1017761230469,265.737548828125,0.0017228238284587,0.1520000994205474,200.0,0.0394952371716499,0.123600001446903
20190223.0,0.1223855391144752,0.1174507439136505,0.0539247952401638,0.0787775442004203,0.0806040465831756,0.0413558259606361,0.0418713949620723,10.0,0.3965138792991638,1.1143651008605957,302.5736999511719,0.2815455496311188,286.2392272949219,266.5809326171875,0.0030017681419849,0.1413349658250808,200.0,0.0381132960319519,0.08763913081392
20190224.0,0.1218970790505409,0.1187104061245918,,,,,,,,,,,,,,,,,
20190306.0,0.1341202855110168,0.180541455745697,,,,,,,,,,,,,,,,,
20190307.0,0.1318165361881256,0.1331632733345031,,,,,,,,,,,,,,,,,
20190308.0,0.1301345825195312,0.1272697299718856,0.0621700808405876,0.074746124446392,0.0749956518411636,0.0477584153413772,0.0472121350467205,10.0,0.3965138792991638,1.1143651008605957,300.41650390625,0.295167326927185,285.7413330078125,265.34393310546875,0.1285724341869354,0.2788347601890564,200.0,0.0449599400162696,0.0386624997481704
20190309.0,0.1285251230001449,0.1051520258188247,,,,,,,,,,,,,,,,,
20190310.0,0.1270966827869415,0.1191743686795234,0.059981495141983,0.0862850248813629,0.0846573114395141,0.0501011088490486,0.0543534643948078,10.0,0.3965138792991638,1.1143651008605957,299.20867919921875,0.2979516983032226,284.7839660644531,262.0062255859375,0.0135755036026239,0.1392284780740738,200.0,0.0471731796860694,0.0409227270971645
20190311.0,0.1263036280870437,0.1210370659828186,0.057961530983448,0.0781386867165565,0.0764949098229408,,,10.0,0.3965138792991638,1.1143651008605957,298.1312866210937,0.2993526756763458,285.4639587402344,263.5072631835937,0.0303692240267992,0.1289818286895752,200.0,0.0464968308806419,0.0426916663224498
20190312.0,0.1254934221506118,0.1283128708600998,,,,,,,,,,,,,,,,,
20190313.0,0.1246744021773338,0.1150784492492675,0.0555313378572464,0.0803413540124893,0.0826931446790695,0.0518799573183059,0.0566423535346984,10.0,0.3965138792991638,1.1143651008605957,296.0912780761719,0.3021586835384369,282.6124267578125,263.3485107421875,0.0,0.1128619313240051,200.0,0.0423618629574775,0.0419083336989085
20190314.0,0.123951256275177,0.1143524646759033,,,,,,,,,,,,,,,,,
20190315.0,0.1232707276940345,0.1218833699822425,,,,0.0442322306334972,0.0489516891539096,,,,,,,,,,,,
20190316.0,0.1230045706033706,0.1191392317414283,0.0615398213267326,0.0829036831855773,0.0831736698746681,,0.0484328754246234,10.0,0.3965138792991638,1.1143651008605957,300.2473449707031,0.3063783049583435,284.5329895019531,263.5791015625,0.0602391771972179,0.115053579211235,200.0,0.0411725789308548,0.0398041668037573
20190317.0,0.1227291300892829,0.1166693791747093,,,,,,,,,,,,,,,,,
20190318.0,0.1222862303256988,0.1130414903163909,0.05635766685009,0.0705742761492729,0.0670255050063133,0.0471072569489479,0.0538651682436466,10.0,0.3965138792991638,1.1143651008605957,301.3806457519531,0.3091983795166015,287.9044189453125,265.2310791015625,0.0024028348270803,0.0964978784322738,200.0,0.0425409078598022,0.0391166668074826
20190319.0,0.1223750784993171,0.1237869709730148,0.0538325980305671,0.0752469524741172,0.0765349194407463,,,10.0,0.3965138792991638,1.1143651008605957,301.4788513183594,0.31061851978302,286.6556396484375,266.6632080078125,0.0828388482332229,0.1379023343324661,200.0,0.0389444380998611,0.0403083336229126
20190320.0,0.1219485327601432,0.1140953749418258,,,,,0.0438245795667171,,,,,,,,,,,,
20190321.0,0.1219452023506164,0.114577330648899,0.0595823712646961,0.0773775279521942,0.0743948519229888,0.0436559356749057,0.0532547980546951,10.0,0.3965138792991638,1.1143651008605957,304.2313842773437,0.313559740781784,288.867919921875,265.390869140625,0.1909319311380386,0.2094967812299728,200.0,0.0452531650662422,0.0398541667188207
20190322.0,0.1232141107320785,0.120059497654438,,,,,,,,,,,,,,,,,
20190323.0,0.1294114142656326,0.1111752390861511,,,,0.3747375905513763,0.3870662450790405,,,,,,,,,,,,
20190324.0,0.1514528840780258,0.1970564126968383,0.1751817613840103,0.1705443412065506,0.1692603677511215,,,10.0,0.3965138792991638,1.1143651008605957,296.9827575683594,0.3146767020225525,269.10595703125,235.83758544921875,1.881935238838196,1.1444950103759766,200.0,0.1106793731451034,0.0872749999786417
20190325.0,0.1564239114522934,0.1696645617485046,,,,,,,,,,,,,,,,,
20190326.0,0.1514852941036224,0.1414400786161422,0.0829108506441116,0.1029804423451423,0.1004008278250694,0.0781405121088028,0.0828272327780723,10.0,0.3965138792991638,1.1143651008605957,290.470458984375,0.3145948648452759,277.4515991210937,253.1982879638672,0.0,0.3324961960315704,200.0,0.069452203810215,0.0699041662737727
20190327.0,0.146634817123413,0.1314439624547958,0.0742490217089653,0.0779660418629646,0.0746734887361526,,,10.0,0.3965138792991638,1.1143651008605957,295.062255859375,0.3145298361778259,281.97491455078125,258.97662353515625,0.0012814997462555,0.3802231252193451,200.0,0.0627826303243637,0.0623291667240361
20190328.0,0.1422625035047531,0.1244254782795906,,,,0.058255597949028,0.0559404268860816,,,,,,,,,,,,
20190329.0,0.184271290898323,,0.2480802685022354,0.3267370760440826,0.3118290901184082,,,10.0,0.3965138792991638,1.1143651008605957,293.1210632324219,0.3143996596336365,234.8597717285156,193.59521484375,6.417707920074463,1.1059826612472534,200.0,0.1130674853920936,0.0557708332004646
20190330.0,0.2095861583948135,0.2130315452814102,,,,,,,,,,,,,,,,,
20190331.0,0.2010715901851654,0.1672433614730835,,,,0.1213114485144615,0.1324503272771835,,,,,,,,,,,,
20190401.0,0.1932092159986496,0.157029926776886,0.0970691740512847,0.1188218742609024,0.1156255826354026,,,10.0,0.3965138792991638,1.1143651008605957,291.504638671875,0.3142043948173523,274.9272766113281,250.606689453125,0.0040516476146876,0.4684998989105224,200.0,0.0751935392618179,0.054883333388716
20190402.0,0.1841238588094711,0.1447649449110031,,,,0.0673822090029716,0.0694906488060951,,,,,,,,,,,,
20190403.0,0.1743330061435699,0.1378032267093658,0.0771799385547638,0.0883578434586525,0.0863906592130661,,0.0614642798900604,10.0,0.3965138792991638,1.1143651008605957,297.17938232421875,0.3140742480754852,281.60546875,258.73358154296875,0.024418206885457,0.7032682299613953,200.0,0.0698095485568046,0.0527666669028501
20190404.0,0.1673001796007156,0.1303730756044387,0.0767008289694786,0.0842760205268859,0.0825062245130539,,,10.0,0.3965138792991638,1.1143651008605957,296.60797119140625,0.3139728903770447,281.71697998046875,259.328369140625,0.0008523463620804,0.5019026398658752,200.0,0.063651755452156,0.0507083330303431
20190405.0,0.1600974649190902,0.1355015337467193,,,,0.0621782839298248,0.0706503465771675,,,,,,,,,,,,
20190406.0,0.153270348906517,0.1280340701341629,0.0617237389087677,0.0942259207367897,0.0934869796037674,,,10.0,0.3965138792991638,1.1143651008605957,294.0128173828125,0.3133341073989868,280.1919860839844,258.3843994140625,0.0017115926602855,0.4622550308704376,200.0,0.0627314075827598,0.0496125000839432
20190407.0,0.1482961177825927,0.1344451159238815,,,,,0.054780725389719,,,,,,,,,,,,
20190408.0,0.1443286091089248,0.1316290497779846,,,,,0.0555131696164608,,,,,,,,,,,,
20190409.0,0.1419175714254379,0.12753427028656,0.0610988177359104,0.0899604186415672,0.0909394919872284,,,10.0,0.3965138792991638,1.1143651008605957,288.6863708496094,0.3273276090621948,277.69677734375,257.6678466796875,0.0189160238951444,0.2452631741762161,200.0,0.055085252970457,0.0485624996945262
20190410.0,0.1394836455583572,0.1348379105329513,,,,0.0585003830492496,0.0654011666774749,,,,,,,,,,,,
20190411.0,0.1372400671243667,0.1289890706539154,0.0641784444451332,0.0858147069811821,0.0875281766057014,,,10.0,0.3965138792991638,1.1143651008605957,291.9210205078125,0.3405231535434723,278.28338623046875,258.84979248046875,0.0017271875403821,0.2118547558784485,200.0,0.049800120294094,0.0461416671363016
20190412.0,0.1351570934057235,0.1326437592506408,0.0561627447605133,0.0809072852134704,0.081998310983181,,0.0414441376924514,10.0,0.3965138792991638,1.1143651008605957,292.3900756835937,0.3472767472267151,279.50506591796875,259.725341796875,0.0008583068847656,0.2037301957607269,200.0,0.0502511784434318,0.0458999999488393
20190413.0,0.1333934217691421,0.1324387490749359,,,,0.0500950738787651,0.0522171705961227,,,,,,,,,,,,
20190414.0,0.1320261657238006,0.1307868510484695,0.057276863604784,0.0742382779717445,0.0736009776592254,,,10.0,0.3965138792991638,1.1143651008605957,294.8049011230469,0.3608755767345428,282.16375732421875,261.59716796875,0.0008523463620804,0.1316334754228592,200.0,0.0470871143043041,0.0454750000499189
20190415.0,0.130657821893692,0.1356612741947174,,,,0.0521481521427631,0.0570696145296096,,,,,,,,,,,,
20190416.0,0.1292799711227417,0.1277339309453964,,,,,,,,,,,,,,,,,
20190417.0,0.1280207931995391,0.1284263581037521,0.0658469870686531,0.0842322558164596,0.0837247744202613,,,10.0,0.3965138792991638,1.1143651008605957,297.228271484375,0.3815027475357055,282.7533874511719,261.4427490234375,0.0008523463038727,0.149529293179512,200.0,0.0471851527690887,0.0448869563963102
20190418.0,0.1269675344228744,0.1310299783945083,,,,0.0520252436399459,0.0561845749616622,,,,,,,,,,,,
20190419.0,0.1260464340448379,0.1299588233232498,0.0588552504777908,0.0955680310726165,0.0979680716991424,,,10.0,0.3965138792991638,1.1143651008605957,295.7937316894531,0.3954067826271057,280.153564453125,261.2542724609375,0.003007840598002,0.124756135046482,200.0,0.0429437234997749,0.0450166671847304
20190420.0,0.1252290308475494,0.1384489983320236,0.0652646571397781,0.0887587666511535,0.0880224779248237,0.0505483783781528,0.0514847263693809,10.0,0.3965138792991638,1.1143651008605957,298.0663146972656,0.4023280143737793,282.3902587890625,260.6390380859375,0.0,0.1166561916470527,200.0,0.0458930991590023,0.0446333334160348
20190421.0,0.1669506877660751,0.1464690268039703,,,,,0.2624286711215973,,,,,,,,,,,,
20190422.0,0.2988268435001373,,0.3207162618637085,0.4254724383354187,0.4001483917236328,,,10.0,0.3965138792991638,1.1143651008605957,292.3550109863281,0.4153324961662292,219.3572998046875,175.09317016601562,3.387551784515381,1.3527940511703491,200.0,0.2296917885541916,0.308841665585836
20190423.0,0.2789144217967987,0.2337033152580261,,,,0.2288998961448669,0.2506485283374786,,,,,,,,,,,,
20190424.0,0.2523618340492248,0.1938334703445434,,,,,,,,,,,,,,,,,
20190425.0,0.2341973036527633,0.1739357560873031,0.1671152859926223,0.1827419251203537,0.1814147680997848,,0.1653798073530197,10.0,0.3965138792991638,1.1143651008605957,290.9550476074219,0.4673773050308227,262.75146484375,230.3226318359375,0.0016792140668258,0.9205932021141052,200.0,0.1496557295322418,0.268091667443514
20190426.0,0.2239099740982055,0.1665602475404739,,,,,0.1456343233585357,,,,,,,,,,,,
20190427.0,0.2139355391263961,0.1585458517074585,0.1239801570773124,0.1513040512800216,0.1480733901262283,,,10.0,0.3965138792991638,1.1143651008605957,286.0459289550781,0.5113233327865601,267.0477294921875,239.4903564453125,0.0,0.608518123626709,200.0,0.1052799224853515,0.239441666131218
20190428.0,0.2063912153244018,0.1530423760414123,0.1176126301288604,0.1467056572437286,0.1409551054239273,0.1068526431918144,0.1179845556616783,10.0,0.3965138792991638,1.1143651008605957,286.4467468261719,0.53395015001297,268.14617919921875,243.8984222412109,0.0017245289636775,0.4547343552112579,200.0,0.0840301364660263,0.22910833482941
20190429.0,0.1992482990026474,0.1565829664468765,,,,,,,,,,,,,,,,,
20190430.0,0.192551389336586,0.1564090698957443,0.1040989160537719,0.1117921471595764,0.1100268363952636,,0.0857875272631645,10.0,0.3965138792991638,1.1143651008605957,292.5331726074219,0.5800333619117737,274.4932861328125,252.5731964111328,2.3448994159698486,0.9563684463500975,200.0,0.0678963512182235,0.207358334834377
20190501.0,0.2586868107318878,0.1822949647903442,,,,0.174150139093399,0.1943418681621551,,,,,,,,,,,,
20190502.0,0.3875165283679962,0.2307186871767044,,,,,,,,,,,,,,,,,
20190503.0,0.3408744931221008,0.2941826581954956,0.2925117909908294,0.3698165416717529,0.3515271544456482,0.2948646247386932,0.317178875207901,10.0,0.3965138792991638,1.1143651008605957,288.3150939941406,0.6512322425842285,225.45835876464844,181.84088134765625,0.0012994059361517,1.3782646656036377,200.0,0.2457929104566574,0.307283333192269
20190504.0,0.3188379108905792,0.2411734014749527,,,,,,,,,,,,,,,,,
20190505.0,0.3044550120830536,0.215815007686615,0.2176290601491928,0.2463710308074951,0.2450838685035705,,,10.0,0.3965138792991638,1.1143651008605957,286.6355895996094,0.7000808715820312,245.3924865722656,208.21731567382807,0.0003842983860522,1.0394803285598757,200.0,0.1853199452161789,0.259316667293509
20190506.0,0.2939023673534393,0.2083984166383743,0.2004567384719848,0.2210353314876556,0.2232205122709274,0.1913161277770996,0.2044434994459152,10.0,0.3965138792991638,1.1143651008605957,287.33941650390625,0.7250095009803772,249.4354858398437,214.4625244140625,0.001469005132094,1.0271062850952148,200.0,0.1776338815689087,0.248558333764474
20190507.0,0.2905945479869842,0.1977730691432953,,,,,,,,,,,,,,,,,
20190508.0,0.2926179766654968,0.1885336339473724,0.1743859201669693,0.1933942586183548,0.1891100108623504,0.1643253713846206,0.186407059431076,10.0,0.3965138792991638,1.1143651008605957,285.65826416015625,0.7768017053604126,256.39959716796875,225.6566619873047,0.1721274107694625,0.6374912261962891,200.0,0.1413934379816055,0.231462500368555
20190509.0,0.2843087613582611,0.1918810606002807,,,,,0.1406903266906738,,,,,,,,,,,,
20190510.0,0.2955687642097473,0.2235467284917831,,,,,,,,,,,,,,,,,
20190511.0,0.2884563505649566,0.2262596637010574,0.2278209775686264,0.2022958695888519,0.2021756768226623,0.1904758960008621,0.2115237861871719,10.0,0.3965138792991638,1.1143651008605957,286.6317138671875,0.8181815147399902,252.566650390625,217.293701171875,0.0243257619440555,0.8171422481536865,200.0,0.1778313815593719,0.216436841770222
20190512.0,0.2806493937969208,0.1965616345405578,,,,,,,,,,,,,,,,,
20190520.0,0.233419120311737,0.1774114370346069,,,,,,,,,,,,,,,,,
20190521.0,0.2295233905315399,0.1758790165185928,,0.1565863192081451,0.1505138278007507,0.1048433408141136,0.1215552240610122,10.0,0.3965138792991638,1.1143651008605957,287.6201171875,0.9088868498802184,266.529296875,244.55081176757807,0.0008583068847656,0.6712134480476379,200.0,0.0872459262609481,0.0954833331828316
20190522.0,0.2255934327840805,0.1764870136976242,0.1147741228342056,0.1480108797550201,0.1432580947875976,,,10.0,0.3965138792991638,1.1143651008605957,286.3105773925781,0.9180269837379456,267.4950561523437,244.83013916015625,0.0008583068847656,0.7645750045776367,200.0,0.0915283411741256,0.0923875002190471
20190523.0,0.2215709686279297,0.1746394485235214,,,,,,,,,,,,,,,,,
20190524.0,0.217748612165451,0.1846764534711837,0.1086336448788642,0.1263244897127151,0.1235134899616241,0.0957191288471221,0.1033356711268425,10.0,0.3965138792991638,1.1143651008605957,289.15045166015625,0.9357872605323792,271.0559997558594,248.0361328125,0.0003184417437296,0.706597626209259,200.0,0.0889169946312904,0.086883332580328
20190525.0,0.215730145573616,0.1786141246557235,,,,,,,,,,,,,,,,,
20190526.0,0.2257304340600967,0.1884060800075531,,,,0.1809787154197693,0.1768242418766021,,,,,,,,,,,,
20190527.0,0.2643815577030182,0.199696734547615,0.1249213218688964,0.1494839489459991,0.1457575857639312,,0.108401745557785,10.0,0.3965138792991638,1.1143651008605957,282.2583312988281,0.9839410185813904,264.8065795898437,240.8137359619141,0.0798524916172027,0.6530627608299255,200.0,0.0950933396816253,0.0827333331108093
20190528.0,0.2639277577400207,0.1892056614160537,,,,,,,,,,,,,,,,,
20190529.0,0.2878338396549225,0.2264827489852905,0.1829824596643448,0.2218244224786758,0.2186058461666107,0.1903819143772125,0.2060304582118988,10.0,0.3965138792991638,1.1143651008605957,279.8617248535156,1.0219343900680542,248.474609375,217.37432861328125,0.7143681049346924,0.9441778659820556,200.0,0.1287035495042801,0.0828000002851089
20190530.0,0.2747289836406708,0.2107488512992859,0.1663602739572525,0.1699716001749038,0.1702821999788284,,,10.0,0.3965138792991638,1.1143651008605957,282.1199035644531,1.041283369064331,258.16375732421875,228.2354431152344,0.0111854607239365,0.4879457652568817,200.0,0.132474884390831,0.0833666661665553
20190531.0,0.266434371471405,0.1950796693563461,,,,,0.1626331359148025,,,,,,,,,,,,
20190601.0,0.2581915259361267,0.1943539083003997,0.1396935284137725,0.1635840684175491,0.1592936813831329,,0.1703848391771316,10.0,0.3965138792991638,1.1143651008605957,283.5329895019531,1.0803725719451904,260.98492431640625,235.4801177978516,0.0012874602107331,0.5626387596130371,200.0,0.1108954548835754,0.0808583339676261
20190602.0,0.2551910579204559,,,,,,,,,,,,,,,,,,
20190603.0,0.2919012308120727,0.2259461730718612,,,,0.1918977349996566,0.2071596384048462,,,,,,,,,,,,
20190604.0,0.2840722501277923,,0.1654654890298843,0.1946937143802642,0.1885120123624801,,,10.0,0.3965138792991638,1.1143651008605957,281.3135986328125,1.1399850845336914,254.1493225097656,226.5672912597656,0.0,0.6520746946334839,200.0,0.1268618553876876,0.0791958337649703
20190605.0,0.2719428241252899,,,,,,0.1351969987154007,,,,,,,,,,,,
20190606.0,0.263309508562088,0.191214233636856,0.1451541632413864,0.1559227854013443,0.1559775620698928,0.1173144653439521,0.1284218877553939,10.0,0.3965138792991638,1.1143651008605957,282.9136962890625,1.180379033088684,261.50592041015625,232.82872009277344,0.0039701764471828,0.417386382818222,200.0,0.127603679895401,0.0785916664948066
20190607.0,0.2573544979095459,0.1925406008958816,0.1299529373645782,0.1531142443418502,0.1497696489095688,,,10.0,0.3965138792991638,1.1143651008605957,282.8116149902344,1.20094633102417,263.1508178710937,238.7801513671875,0.0008414995390921,0.4337054491043091,200.0,0.1011872664093971,0.0778130432185919
20190608.0,0.2524466812610626,,,,,0.1102967113256454,0.1326334476470947,,,,,,,,,,,,
20190609.0,0.2538622319698334,0.1885164827108383,0.1337088495492935,0.1388654559850692,0.1356515884399414,,,10.0,0.3965138792991638,1.1143651008605957,287.3095397949219,1.244600772857666,267.4375,243.5972442626953,1.7364792823791504,0.651317834854126,200.0,0.0936036556959152,0.0777416663865248
20190610.0,0.268101304769516,,,,,,,,,,,,,,,,,,
20190611.0,0.2619264125823974,,,,,0.1729887425899505,0.186498612165451,,,,,,,,,,,,
20190612.0,0.2953721284866333,0.2348976880311966,,,,,,,,,,,,,,,,,
20190613.0,0.298311322927475,0.2520971596240997,,,,0.200108140707016,0.2182378619909286,,,,,,,,,,,,
20190614.0,0.2846203148365021,,0.2022463381290435,0.2214285135269165,0.2214930653572082,,0.1683706194162368,10.0,0.3965138792991638,1.1143651008605957,284.628173828125,1.2156661748886108,250.40451049804688,219.0479431152344,0.287355363368988,0.6364678144454956,200.0,0.1672762334346771,0.207883333787322
20190615.0,0.2754946649074554,,0.187993973493576,0.1928535848855972,0.1977342665195465,,,10.0,0.3965138792991638,1.1143651008605957,284.9598388671875,1.2040048837661743,255.00816345214844,222.7186279296875,0.5550246238708496,0.5384169816970825,200.0,0.1579885333776474,0.194795833900571
20190616.0,0.2741860449314117,,,,,0.1491886973381042,0.1557054370641708,,,,,,,,,,,,
20190617.0,0.2689084410667419,,0.1647217869758606,0.1904894858598709,0.182521641254425,,,10.0,0.3965138792991638,1.1143651008605957,281.9104919433594,1.1808087825775146,257.0611267089844,231.65997314453125,0.0201369393616914,0.359769731760025,200.0,0.1072786003351211,0.175237499798338
20190618.0,0.2651135325431824,,,,,,0.1575670689344406,,,,,,,,,,,,
20190619.0,0.2594996988773346,0.2009301632642746,,,,,0.1702627688646316,,,,,,,,,,,,
20190723.0,0.2576038837432861,0.1934356689453125,,,,,,,,,,,,,,,,,
20190724.0,0.2522461116313934,0.1948058307170868,0.1347364485263824,0.1577531993389129,0.1571823805570602,0.1172979846596717,0.1415753662586212,10.0,0.3965138792991638,1.1143651008605957,284.5016174316406,1.513129949569702,262.30108642578125,237.1883850097656,0.0744119137525558,0.7130510807037354,200.0,0.1291182339191436,0.196204166238507
20190725.0,0.2506138980388641,0.1869007498025894,0.1355302780866623,0.1607912480831146,0.1598998606204986,,0.1541795134544372,10.0,0.3965138792991638,1.1143651008605957,284.5866394042969,1.52655029296875,262.4013366699219,237.6893768310547,0.1183976531028747,0.4496783018112182,200.0,0.1219249740242958,0.189679167543848
20190726.0,0.2509495913982391,0.1826153695583343,,,,,,,,,,,,,,,,,
20190727.0,0.2503640055656433,,0.1435392498970031,0.1632805466651916,0.1634476780891418,0.1303488165140152,0.1531418859958648,10.0,0.3965138792991638,1.1143651008605957,284.1484375,1.5543886423110962,261.9869384765625,236.11441040039065,0.1216386333107948,0.7415649890899658,200.0,0.1355170309543609,0.175970832506816
20190728.0,0.2504145503044128,,,,,,,,,,,,,,,,,,
20190730.0,0.313737004995346,0.2572351396083832,0.2878927886486053,0.3120617866516113,0.3540404736995697,0.2922829687595367,0.312570571899414,10.0,0.3965138792991638,1.1143651008605957,281.939208984375,1.5670607089996338,229.5169677734375,194.85824584960932,0.0711117982864379,0.7947782278060913,200.0,0.2614737749099731,0.378617390342381
20190731.0,0.2961221933364868,,,,,,,,,,,,,,,,,,
20190801.0,0.2848816812038421,,0.2473021149635315,0.2610475122928619,0.2960329055786133,0.2478115260601043,0.2705771028995514,10.0,0.3965138792991638,1.1143651008605957,281.6195983886719,1.568175196647644,238.6296539306641,203.68038940429688,0.004623397719115,0.6859459280967712,200.0,0.1944688856601715,0.329387500882149
20190802.0,0.2763966917991638,,0.2221772521734237,0.2463887333869934,0.2563182711601257,,,10.0,0.3965138792991638,1.1143651008605957,283.73663330078125,1.5685173273086548,244.85205078125,214.7786865234375,0.116642065346241,0.8404473066329956,200.0,0.1828484237194061,0.308136364275759
20190803.0,0.269975870847702,,,,,,,,,,,,,,,,,,
20190804.0,0.2647434771060943,,0.2040773630142212,0.2134425342082977,0.2150793075561523,0.1807339042425155,0.1902829110622406,10.0,0.3965138792991638,1.1143651008605957,284.3099060058594,1.569201946258545,252.2040252685547,225.01889038085932,0.069280631840229,0.6758874654769897,200.0,0.1572691202163696,0.287324996044238
20190805.0,0.2592135965824127,0.2004694938659668,,,,,,,,,,,,,,,,,
20190806.0,0.2529203295707702,,,,,0.1472874134778976,0.156407356262207,,,,,,,,,,,,
20190807.0,0.2501154541969299,,0.1578259170055389,0.1731022149324417,0.1731389462947845,,,10.0,0.3965138792991638,1.1143651008605957,284.3164367675781,1.5702290534973145,260.72076416015625,235.41146850585932,2.038430690765381,1.4336568117141724,200.0,0.1372578293085098,0.251378261524698
20190808.0,0.2903906106948852,,,,,,,,,,,,,,,,,,
20190809.0,0.3124329745769501,,0.2566314041614532,0.2401685416698455,0.2442199736833572,0.1910096555948257,0.1934263110160827,10.0,0.3965138792991638,1.1143651008605957,280.117919921875,1.570913791656494,247.0640106201172,218.36831665039065,3.17083477973938,1.3455986976623535,200.0,0.1311599314212799,0.231658331428965
20190810.0,0.3146595060825348,,0.2533533573150635,0.249604120850563,0.2659270465373993,,,10.0,0.3965138792991638,1.1143651008605957,280.4461975097656,1.571400165557861,243.0668182373047,211.39974975585932,2.490805387496948,1.308482646942139,200.0,0.1461333930492401,0.223541668305794
20190811.0,0.3102842569351196,,,,,0.1889154762029647,0.2290719300508499,,,,,,,,,,,,
20190812.0,0.2943299412727356,0.2059851139783859,0.1837221533060073,0.208769217133522,0.2128284126520156,,0.1579332798719406,10.0,0.3965138792991638,1.1143651008605957,281.3830871582031,1.574099063873291,251.787353515625,223.2319183349609,0.021692780777812,0.6906116008758545,200.0,0.1558081209659576,0.203070835520824
20190813.0,0.2846573293209076,,,,,,,,,,,,,,,,,,
20190814.0,0.2757129669189453,,,,,0.1420463621616363,0.1555833667516708,,,,,,,,,,,,
20190815.0,0.2654128968715668,,0.142689511179924,0.1590816229581833,0.1565320491790771,,,10.0,0.3965138792991638,1.1143651008605957,284.2299499511719,1.5195798873901367,262.99908447265625,241.7455139160156,0.0339296609163284,1.457669973373413,200.0,0.1264161616563797,0.191652380994388
20190816.0,0.260658860206604,,,,,,0.1176488548517227,,,,,,,,,,,,
20190817.0,0.2539185881614685,,0.1212462410330772,0.1471752226352691,0.1459364593029022,0.0857937112450599,0.109500415623188,10.0,0.3965138792991638,1.1143651008605957,284.1133728027344,1.4692683219909668,265.1002197265625,243.00814819335932,0.0117895854637026,1.233964443206787,200.0,0.1234845370054245,0.208675000195702
20190818.0,0.2542720437049866,0.1857836097478866,0.1861575692892074,0.2077946066856384,0.2181892842054367,,,10.0,0.3965138792991638,1.1143651008605957,283.72576904296875,1.4439455270767212,252.31881713867188,221.75808715820312,1.3656017780303955,1.596978783607483,200.0,0.1633961200714111,0.203458335871498
20190819.0,0.2520658373832702,0.2192193567752838,,,,0.1476678252220153,0.158604696393013,,,,,,,,,,,,
20190820.0,0.2472447156906128,,0.1288970857858657,0.1578456610441208,0.1559452414512634,,,10.0,0.3965138792991638,1.1143651008605957,284.9442749023437,1.3938169479370115,263.4987487792969,243.9627685546875,0.1860488206148147,0.8628549575805664,200.0,0.0967227220535278,0.199087499951323
20190821.0,0.2456202954053878,0.1830476969480514,,,,,,,,,,,,,,,,,
20190822.0,0.2406780421733856,0.1736587584018707,,,,0.0924391895532608,0.0960112288594245,,,,,,,,,,,,
20190823.0,0.2338510155677795,,0.0879330188035965,0.1300548315048217,0.1283195316791534,,,10.0,0.3965138792991638,1.1143651008605957,281.9420471191406,1.3199174404144287,267.168212890625,245.38250732421875,0.0012993812561035,1.203324317932129,200.0,0.1150101870298385,0.184490907598626
20190824.0,0.2260508388280868,,,,,0.0706329494714737,0.0748619064688682,,,,,,,,,,,,
20190825.0,0.2196941077709198,0.1682518124580383,0.0813912004232406,0.1365829706192016,0.136842742562294,,,10.0,0.3965138792991638,1.1143651008605957,282.2989501953125,1.2715128660202026,266.5401611328125,247.55088806152344,0.0017174984095618,1.0834976434707642,200.0,0.0975963473320007,0.182019999623299
20190826.0,0.2142317295074463,0.1621512025594711,0.0772874504327774,0.1398508697748184,0.140277087688446,,,10.0,0.3965138792991638,1.1143651008605957,283.0608825683594,1.2475557327270508,265.90948486328125,247.19776916503903,0.0027816577348858,1.0720254182815552,200.0,0.0943456441164016,0.180441667015354
20190827.0,0.2086117267608642,,,,,0.0746754705905914,0.0824610143899917,,,,,,,,,,,,
20190828.0,0.2077190428972244,,0.0779544115066528,0.1177091225981712,0.1155629307031631,,,10.0,0.3965138792991638,1.1143651008605957,283.51129150390625,1.2000010013580322,269.62030029296875,248.808349609375,0.7501088380813599,1.1041547060012815,200.0,0.1021761745214462,0.172483333696922
20190829.0,0.2070763260126114,,,,,0.0545835979282856,0.0604571662843227,,,,,,,,,,,,
20190830.0,0.2017082870006561,,,,,,0.0803857520222663,,,,,,,,,,,,
20190831.0,0.1958615928888321,,0.0709337145090103,0.1226104870438575,0.1246820911765098,,,10.0,0.3965138792991638,1.1143651008605957,284.5460510253906,1.1352708339691162,269.0508117675781,251.173583984375,0.0,1.27882981300354,200.0,0.0950870439410209,0.164266665776571
20190901.0,0.1909408420324325,0.1678620278835296,,,,0.0843817219138145,0.0993072316050529,,,,,,,,,,,,
20190902.0,0.1881401687860489,,0.0733867660164833,0.1241462975740432,0.1229329705238342,,,10.0,0.3965138792991638,1.1143651008605957,286.767822265625,1.094167947769165,270.5482177734375,249.9077911376953,0.4876315891742706,1.4026408195495603,200.0,0.1030741110444068,0.165191665912668
20190903.0,0.1838469803333282,0.1636012494564056,0.0674416199326515,0.1174304112792015,0.11783267557621,,0.0649739056825637,10.0,0.3965138792991638,1.1143651008605957,286.9325256347656,1.0738632678985596,271.4354248046875,252.3733673095703,0.0079644881188869,1.4432542324066162,200.0,0.0982696861028671,0.162420832862457
20190904.0,0.1822750121355056,0.150841549038887,,,,,0.0610675364732742,,,,,,,,,,,,
20190905.0,0.1793349683284759,0.1591915786266327,0.0681688487529754,0.1155361607670784,0.1186417043209075,,,10.0,0.3965138792991638,1.1143651008605957,288.9060363769531,1.0336699485778809,272.403076171875,254.96795654296875,0.3852745294570923,1.4947655200958252,200.0,0.0862109065055847,0.159312500307957
20190906.0,0.1954378336668014,0.1606224179267883,,,,0.2111698687076568,0.2262947410345077,,,,,,,,,,,,
20190907.0,0.2002458274364471,0.2151878029108047,,,,,,,,,,,,,,,,,
20190908.0,0.2368955761194229,0.206832468509674,0.256428062915802,0.278173953294754,0.3252640068531036,,,10.0,0.3965138792991638,1.1143651008605957,282.2297058105469,0.9744192957878112,236.8252868652344,201.21389770507807,4.973583698272705,1.5280743837356567,200.0,0.1406937390565872,0.185142857687814
20190909.0,0.242938682436943,0.2409305572509765,,,,0.1656737625598907,0.1749931275844574,,,,,,,,,,,,
20190910.0,0.2303165197372436,,0.1307901591062545,0.179281011223793,0.1770173013210296,,,10.0,0.3965138792991638,1.1143651008605957,283.4508972167969,0.935612142086029,260.20965576171875,236.68869018554688,0.000426173210144,1.238285779953003,200.0,0.1103110089898109,0.246104167153438
20190911.0,0.2188179045915603,,0.1023623123764991,0.1499664336442947,0.1488415896892547,0.0933295264840126,0.0980864912271499,10.0,0.3965138792991638,1.1143651008605957,285.5575256347656,0.9164268970489502,265.9291381835937,245.9558868408203,0.0,1.4529725313186646,200.0,0.1004904359579086,0.22075833256046
20190912.0,0.2093042284250259,,,,,,,,,,,,,,,,,,
20190913.0,0.200146272778511,0.1622105240821838,0.0672781392931938,0.1159202456474304,0.117957480251789,,,10.0,0.3965138792991638,1.1143651008605957,287.4324951171875,0.8785953521728516,271.1561584472656,252.96514892578125,0.0,1.4132856130599976,200.0,0.0912242084741592,0.190325000012914
20190914.0,0.1912194937467575,0.1703080981969833,,,,0.060078602284193,0.0683614611625671,,,,,,,,,,,,
20190915.0,0.1826621294021606,0.1601399928331375,,,,,,,,,,,,,,,,,
20190916.0,0.2086644023656845,0.1843396127223968,0.2236164957284927,0.2329956293106079,0.2528003454208374,0.1907845884561538,0.1981566846370697,10.0,0.3965138792991638,1.1143651008605957,283.5436706542969,0.8187549710273743,247.94064331054688,214.56802368164065,4.058650016784668,1.7436035871505735,200.0,0.1466686427593231,0.171295834084352
20190917.0,0.2116864323616027,,,,,,0.1042512282729148,,,,,,,,,,,,
20190918.0,0.2009149491786956,0.1641417890787124,0.0940663814544677,0.1380545943975448,0.1369883418083191,,,10.0,0.3965138792991638,1.1143651008605957,287.90631103515625,0.7786411643028259,268.9385986328125,248.33837890625,0.0008583068847656,1.4915339946746826,200.0,0.0991884618997573,0.176470831657449
20190919.0,0.1900346577167511,0.1633204221725464,0.0789186283946037,0.1135947778820991,0.1130225583910942,0.0581247359514236,0.0685750916600227,10.0,0.3965138792991638,1.1143651008605957,292.0183410644531,0.7588058710098267,273.7607116699219,253.43878173828125,0.0,1.6013062000274658,200.0,0.0900432392954826,0.169279166807731
20190920.0,0.1784975230693817,0.1526391059160232,,,,,,,,,,,,,,,,,
20190921.0,0.171320766210556,0.1601526141166687,0.0673757791519165,0.1122680455446243,0.1145652085542678,,0.0708944946527481,10.0,0.3965138792991638,1.1143651008605957,288.53582763671875,0.7196390628814697,273.86346435546875,255.67788696289065,0.125001460313797,1.1061680316925049,200.0,0.0769009441137313,0.15966249940296
20190922.0,0.1655915379524231,0.1457225382328033,,,,,0.0481887273490428,,,,,,,,,,,,
20190923.0,0.1656512022018432,0.1400013864040374,,,,,,,,,,,,,,,,,
20190924.0,0.1614270210266113,0.1543757319450378,0.0514900982379913,0.1146388575434684,0.1173755303025245,0.0536321550607681,0.0570085756480693,10.0,0.3965138792991638,1.1143651008605957,285.5229797363281,0.6621476411819458,270.9396057128906,253.23239135742188,0.000426173210144,0.7570039629936218,200.0,0.0689056739211082,0.152991666768988
20190925.0,0.1571991592645645,0.1483684182167053,,,,,,,,,,,,,,,,,
20190926.0,0.152340829372406,0.1534067541360855,0.0539370439946651,0.105398952960968,0.1087597236037254,,0.0507827997207641,10.0,0.3965138792991638,1.1143651008605957,288.767822265625,0.624659538269043,272.99566650390625,255.6005249023437,0.0,1.1425291299819946,200.0,0.0741657763719558,0.148933336138725
20190927.0,0.1472856998443603,0.1461216807365417,0.0513567999005317,0.0907958298921585,0.0904269143939018,0.039858128875494,0.0397656187415123,10.0,0.3965138792991638,1.1143651008605957,290.1313171386719,0.6061125993728638,275.4266052246094,256.668212890625,0.0012870446080341,1.2208564281463623,200.0,0.0782793909311294,0.145841664945086
20190928.0,0.1439340859651565,0.1316033005714416,,,,,,,,,,,,,,,,,
20190929.0,0.1414838582277298,0.1404801607131958,0.0547585636377334,0.0964252725243568,0.0980499908328056,0.0496959723532199,0.0504470951855182,10.0,0.3965138792991638,1.1143651008605957,287.3511962890625,0.5688810348510742,274.2135009765625,255.9931030273437,0.0,0.6921836733818054,200.0,0.0674029067158699,0.143029167627295
20190930.0,0.139251634478569,0.1418244540691375,,,,,,,,,,,,,,,,,
20191001.0,0.1368676722049713,0.1392643004655838,,,,,,,,,,,,,,,,,
20191002.0,0.1343953907489776,0.1466521769762039,0.0461337268352508,0.0900117754936218,0.0911546871066093,0.0439506880939006,0.0509659126400947,10.0,0.3965138792991638,1.1143651008605957,294.9988708496094,0.5358400940895081,278.5426025390625,259.91461181640625,0.0126359052956104,1.1822402477264404,200.0,0.0686694756150245,0.137087500964602
20191003.0,0.1321432292461395,0.1272865682840347,,,,,,,,,,,,,,,,,
20191004.0,0.1318563520908355,0.133879080414772,0.0505680106580257,0.0904693081974983,0.0972659662365913,0.0327526852488517,0.0275582149624824,10.0,0.3965138792991638,1.1143651008605957,294.3516540527344,0.5194873213768005,278.23223876953125,262.1540222167969,0.3866210877895355,0.8632148504257202,200.0,0.0558499880135059,0.133116665606697
20191005.0,0.1353213489055633,0.133855402469635,0.0544271878898143,0.0781121626496315,0.0761368423700332,,0.0449537634849548,10.0,0.3965138792991638,1.1143651008605957,296.21368408203125,0.5115209817886353,282.20135498046875,262.6507263183594,0.4366937279701233,0.8802458047866821,200.0,0.0620240680873394,0.130837498853604
20191006.0,0.1330778896808624,0.1279363185167312,,,,,,,,,,,,,,,,,
20191007.0,0.1323754340410232,0.1350390762090683,0.0584604553878307,0.0869775488972663,0.0906412526965141,0.0365652702748775,0.0451673939824104,10.0,0.3965138792991638,1.1143651008605957,291.0242004394531,0.4956920444965362,279.0689697265625,261.54412841796875,0.9943575263023376,0.8071039319038391,200.0,0.0589010715484619,0.13187500089407
20191008.0,0.1405697017908096,0.1443092226982116,,,,,,,,,,,,,,,,,
20191009.0,0.1386218965053558,0.1380912810564041,,,,,0.0502029471099376,,,,,,,,,,,,
20191010.0,0.1363071203231811,0.1312812268733978,0.0512237958610057,0.0791109800338745,0.0782695561647415,,0.0367442853748798,10.0,0.3965138792991638,1.1143651008605957,291.0653381347656,0.4722077250480652,278.33917236328125,259.3116455078125,0.0150565337389707,0.6250866651535034,200.0,0.0623777508735656,0.129170833465954
20191011.0,0.1354109793901443,0.1383397579193115,,,,,,,,,,,,,,,,,
20191012.0,0.134127601981163,0.1295102536678314,0.0527885444462299,0.0798078849911689,0.0780651345849037,0.0472173728048801,0.0536515414714813,10.0,0.3965138792991638,1.1143651008605957,291.96649169921875,0.4567242264747619,278.5732727050781,259.0152587890625,0.0266138259321451,0.597399890422821,200.0,0.0622822046279907,0.126320833650728
20191013.0,0.132671445608139,0.1305747926235199,0.0590589642524719,0.0706410333514213,0.0678476840257644,,,10.0,0.3965138792991638,1.1143651008605957,294.5125427246094,0.4490068554878235,280.837646484375,261.66607666015625,0.4253803491592407,0.748090386390686,200.0,0.0603926181793212,0.125708333837489
20191014.0,0.1333692669868469,0.1279032677412033,,,,,0.0279244370758533,,,,,,,,,,,,
20191015.0,0.1320471912622451,0.1293985396623611,0.0550574511289596,0.07508185505867,0.0716216415166854,0.0334474109113216,0.0310678426176309,10.0,0.3965138792991638,1.1143651008605957,296.0142822265625,0.4333497881889343,282.0971374511719,261.93292236328125,0.2856394052505493,0.7854491472244263,200.0,0.0627384260296821,0.122304546223445
20191016.0,0.1349476277828216,,,,,,,,,,,,,,,,,,
20191017.0,0.1358436197042465,0.2011227160692215,,,,0.1065469160676002,0.1205786317586898,,,,,,,,,,,,
20191018.0,0.1337558925151825,0.1585985273122787,0.0674993768334388,0.1029903888702392,0.1005074009299278,,,10.0,0.3965138792991638,1.1143651008605957,292.77178955078125,0.4211661219596863,276.0638427734375,253.46951293945312,0.0019395122071728,0.5478639006614685,200.0,0.0706259459257125,0.128887499682605
20191019.0,0.1335999220609665,0.1336099654436111,,,,,,,,,,,,,,,,,
20191020.0,0.1323316246271133,0.1333416998386383,0.0600768439471721,0.0784141570329666,0.0762911662459373,0.0454763919115066,0.0538346506655216,10.0,0.3965138792991638,1.1143651008605957,290.70513916015625,0.4158526062965393,278.2638854980469,258.568603515625,0.0008523463620804,0.4230386912822723,200.0,0.0587567575275898,0.123008331904809
20191021.0,0.1306687891483307,0.1300099045038223,0.0489399433135986,0.0856947973370552,0.0889486372470855,,,10.0,0.3965138792991638,1.1143651008605957,295.3348388671875,0.4132829904556274,278.759765625,260.95806884765625,0.0,0.6179095506668091,200.0,0.0557432398200035,0.120583333695928
20191022.0,0.1288532614707946,0.1284841001033783,,,,0.0257982909679412,0.0242011789232492,,,,,,,,,,,,
20191023.0,0.1270188838243484,0.1187129616737365,0.0417083017528057,0.0843329355120658,0.0867933183908462,,0.038422804325819,10.0,0.3965138792991638,1.1143651008605957,299.6410522460937,0.4081557393074035,281.9691772460937,263.61041259765625,0.0008523463038727,0.7765536308288574,200.0,0.0556730143725872,0.116437500032286
20191024.0,0.1253869384527206,0.1255705654621124,,,,,,,,,,,,,,,,,
20191025.0,0.1252771615982055,0.1192406639456749,,,,0.0351490750908851,0.0408642850816249,,,,,,,,,,,,
20191027.0,0.1248349696397781,0.1234301030635833,,,,,0.0348826572299003,,,,,,,,,,,,
20191028.0,0.1240693554282188,0.1116360202431678,0.0399076975882053,0.0693100839853286,0.0651795640587806,,0.0345774702727794,10.0,0.3965138792991638,1.1143651008605957,295.23345947265625,0.3954083919525146,282.5204467773437,262.35516357421875,0.0017195938853546,0.4566152691841125,200.0,0.057222981005907,0.110204167043169
20191029.0,0.123271107673645,0.1135049909353256,0.0344982221722602,0.0721148997545242,0.0734531357884407,,,10.0,0.3965138792991638,1.1143651008605957,297.7366638183594,0.3929040431976318,282.92236328125,264.6582946777344,0.0008583068847656,0.5353769063949585,200.0,0.0519493818283081,0.107445833583673
20191030.0,0.1224884316325187,0.1217921078205108,,,,0.0442565008997917,0.0479445792734622,,,,,,,,,,,,
20191031.0,0.1219446584582328,0.1152702495455741,0.0447645299136638,0.0806453377008438,0.0849031805992126,,,10.0,0.3965138792991638,1.1143651008605957,301.8129272460937,0.3883029520511627,284.3974304199219,266.6900634765625,0.0,0.4694243669509887,200.0,0.043939147144556,0.10449047634999
20191101.0,0.1215300559997558,0.1148776412010192,,,,,0.031434066593647,,,,,,,,,,,,
20191102.0,0.2566598653793335,,,,,0.2541955709457397,0.2557451128959656,,,,,,,,,,,,
20191103.0,0.3523825705051422,0.2277339696884155,0.22017402946949,0.2507531642913818,0.2623849809169769,,,10.0,0.3965138792991638,1.1143651008605957,291.4481201171875,0.3680301904678345,248.395736694336,212.1435546875,7.953771114349365,2.399383068084717,200.0,0.1707548201084137,0.306270829091469
20191104.0,0.2955913543701172,0.2050465941429138,,,,0.1980711072683334,0.2301400750875473,,,,,,,,,,,,
20191105.0,0.2676112949848175,0.1780553758144378,0.1437758952379226,0.1627357900142669,0.1653681099414825,,,10.0,0.3965138792991638,1.1143651008605957,289.7955017089844,0.3513545989990234,265.755126953125,234.2183990478516,0.010165674611926,2.5065994262695312,200.0,0.1687899678945541,0.291620834420125
20191106.0,0.2434746623039245,0.1531895995140075,0.1087232381105423,0.134044200181961,0.1308144181966781,,,10.0,0.3965138792991638,1.1143651008605957,293.14947509765625,0.3429890275001526,272.9525146484375,249.4189910888672,0.0307333525270223,2.5142955780029297,200.0,0.1305295079946518,0.256200000022848
20191107.0,0.2295240461826324,0.1437498927116394,,,,0.0698704123497009,0.0704672411084175,,,,,,,,,,,,
20191108.0,0.2520618438720703,0.1591880768537521,0.103920079767704,0.1294885575771331,0.1263995915651321,,,10.0,0.3965138792991638,1.1143651008605957,285.58013916015625,0.3263978958129883,271.0740661621094,247.5484161376953,2.4118428230285645,2.043736219406128,200.0,0.1237307786941528,0.222545833016435
20191109.0,0.2410237044095993,0.1507537811994552,,,,0.055473543703556,0.060579240322113,,,,,,,,,,,,
20191110.0,0.2272934913635254,0.136507362127304,,,,,0.0481276884675025,,,,,,,,,,,,
20191111.0,0.2081480473279953,0.1332167387008667,0.0536188036203384,0.0667493417859077,0.0661810413002967,,,10.0,0.3965138792991638,1.1143651008605957,297.3784484863281,0.3018609285354614,283.643310546875,264.09503173828125,0.0012098929146304,2.953580141067505,200.0,0.0993729755282402,0.176791664833824
20191112.0,0.1920539289712906,0.1306182444095611,,,,0.0405494980514049,0.0453199855983257,,,,,,,,,,,,
20191113.0,0.181935966014862,0.1172975823283195,,,,,,,,,,,,,,,,,
20191114.0,0.173182725906372,0.1288272738456726,0.0442446172237396,0.06450916826725,0.063090294599533,,0.0327158421277999,10.0,0.3965138792991638,1.1143651008605957,293.322265625,0.2776987254619598,282.07781982421875,262.2843933105469,0.001710653072223,1.5550819635391235,200.0,0.0833507925271987,0.140670832867424
20191115.0,0.16520756483078,0.1162331476807594,,,,,0.0365611761808395,,,,,,,,,,,,
20191116.0,0.1584066748619079,0.1122391521930694,0.0491672381758689,0.0639035105705261,0.0638398751616478,,,10.0,0.3965138792991638,1.1143651008605957,292.3495178222656,0.2612316012382507,281.2242736816406,262.04644775390625,0.0008523463038727,1.3017033338546753,200.0,0.0758795589208602,0.123495833016932
20191117.0,0.1525734215974807,0.1159564703702926,,,,0.0399270057678222,0.0456556901335716,,,,,,,,,,,,
20191201.0,0.2018494755029678,,,,,,,,,,,,,,,,,,
20191202.0,0.244523823261261,0.1991579681634903,0.1588902175426483,0.1737617254257202,0.1703852117061615,,0.1701406836509704,10.0,0.3965138792991638,1.1143651008605957,288.931640625,0.2587751746177673,262.362548828125,229.21121215820312,0.1580932438373565,1.2551803588867188,200.0,0.1494235545396804,0.184474998464187
20191203.0,0.2232265472412109,0.1651659607887268,,,,,0.1119113713502883,,,,,,,,,,,,
20191204.0,0.2037873566150665,0.1346352100372314,,,,,,,,,,,,,,,,,
20191205.0,0.1858280599117279,0.1219353899359703,0.0493725053966045,0.0706008151173591,0.0718251839280128,0.0448094494640827,0.0477309487760067,10.0,0.3965138792991638,1.1143651008605957,297.0216369628906,0.2548625767230987,283.05206298828125,263.3702087402344,0.0,1.5167779922485352,200.0,0.0770650655031204,0.0894874998678764
20191206.0,0.1715350002050399,0.1162829026579856,,,,,,,,,,,,,,,,,
20191207.0,0.1600367277860641,0.1032515689730644,0.039451740682125,0.0713685303926467,0.0776130408048629,,0.0369273982942104,10.0,0.3965138792991638,1.1143651008605957,297.309326171875,0.250993400812149,282.599853515625,265.58697509765625,0.0,1.2118148803710938,200.0,0.0629550516605377,0.0578166670165956
20191208.0,0.1489020437002182,0.1086652278900146,0.0363685861229896,0.056992832571268,0.0640130564570427,0.0259816031903028,0.0176396984606981,10.0,0.3965138792991638,1.1143651008605957,301.9634094238281,0.2490260899066925,286.7577514648437,270.42742919921875,0.0,1.3043676614761353,200.0,0.0583645328879356,0.054220833349973
20191209.0,0.1401111781597137,0.1050269603729248,,,,,,,,,,,,,,,,,
20191210.0,0.1347006261348724,0.1063200011849403,0.0400546565651893,0.0643961653113365,0.0668783783912658,0.0340216346085071,0.0403454713523387,10.0,0.3965138792991638,1.1143651008605957,301.2564392089844,0.2451003938913345,287.59747314453125,268.7445373535156,0.0,0.7467374801635742,200.0,0.0538356900215148,0.0471625000548859
20191211.0,0.1315345019102096,0.1032157689332962,,,,,,,,,,,,,,,,,
20191212.0,0.1294627487659454,0.102027989923954,,,,,,,,,,,,,,,,,
20191213.0,0.1278708726167678,0.1020422428846359,0.0427545234560966,0.0564834773540496,0.0581085905432701,0.0348766148090362,0.037263099104166,10.0,0.3965138792991638,1.1143651008605957,297.9390869140625,0.2392340302467346,286.48406982421875,268.04595947265625,0.0008583068847656,0.377719908952713,200.0,0.047737069427967,0.0446208332044383
20191214.0,0.1265080273151397,0.103267878293991,,,,,,,,,,,,,,,,,
20191215.0,0.1251706331968307,0.1004745289683342,0.0376796089112758,0.0558001697063446,0.0549602136015892,0.0281871110200881,0.0250556971877813,10.0,0.3965138792991638,1.1143651008605957,300.38214111328125,0.2353379428386688,288.0093688964844,268.5419311523437,0.0017225742340087,0.4022818207740783,200.0,0.0478318408131599,0.042458333230267
20191216.0,0.1240542009472847,0.1044064983725547,0.0415554903447628,0.0572701729834079,0.0608889497816562,,,10.0,0.3965138792991638,1.1143651008605957,301.8810119628906,0.2333755195140838,288.05859375,270.31201171875,0.0012874602107331,0.388105571269989,200.0,0.0419024564325809,0.0408625003571312
20191217.0,0.1229524090886116,0.1218512654304504,,,,,,,,,,,,,,,,,
20191218.0,0.1220127791166305,0.0994356721639633,,,,0.0260295439511537,0.0259102154523134,,,,,,,,,,,,
20191219.0,0.1212892234325409,0.1015806198120117,,,,,,,,,,,,,,,,,
20191220.0,0.1208073794841766,0.1096249967813491,,,,0.0263132099062204,0.0309152510017156,,,,,,,,,,,,
20191221.0,0.1205673664808273,0.1011459454894065,0.0386216081678867,0.0806424394249916,0.0820211544632911,,0.0285042878240346,10.0,0.3965138792991638,1.1143651008605957,302.7254943847656,0.2307241261005401,289.2711181640625,268.860595703125,0.0,0.2584465444087982,200.0,0.0428796112537384,0.0336875002831221
20191222.0,0.1204623728990554,0.1050808206200599,,,,,,,,,,,,,,,,,
20191223.0,0.120355874300003,0.1058194860816001,0.0356603190302848,0.0586535930633544,0.0630735456943512,0.0307644437998533,0.0377819165587425,10.0,0.3965138792991638,1.1143651008605957,305.1766357421875,0.2336487174034118,291.36431884765625,273.7818603515625,0.0,0.2798434197902679,200.0,0.0345624983310699,0.0351291671395302
20191224.0,0.1202867850661277,0.1016334891319274,0.0381479449570179,0.0671819448471069,0.0692324116826057,,,10.0,0.3965138792991638,1.1143651008605957,305.1468811035156,0.2351701110601425,290.1396484375,270.9169311523437,0.0,0.2427593767642974,200.0,0.0376067757606506,0.0333500000803421
20191225.0,0.1202366799116134,0.1034487411379814,,,,,0.0399487279355526,,,,,,,,,,,,
20191226.0,0.1201840788125991,0.1074420660734176,0.0370516367256641,0.0679213404655456,0.0688521638512611,0.0286382734775543,0.0279244370758533,10.0,0.3965138792991638,1.1143651008605957,307.3969421386719,0.2382182776927948,291.49566650390625,271.5090026855469,0.0,0.2771363854408264,200.0,0.0394734442234039,0.0334708335188528
20191227.0,0.1201343834400177,0.1051741763949394,,,,,,,,,,,,,,,,,
20191228.0,0.12012330442667,0.1245445162057876,,,,0.0555977188050746,0.0800805687904357,,,,,,,,,,,,
20191230.0,0.1204358115792274,0.1089453697204589,,,,,,,,,,,,,,,,,
20191231.0,0.1203769147396087,0.1005946919322013,0.0382057726383209,0.0608565025031566,0.056763868778944,0.0364370457828044,0.0341502130031585,10.0,0.3965138792991638,1.1143651008605957,302.1995544433594,0.2459208220243454,292.984375,271.11083984375,0.0044343383051455,0.1656352281570434,200.0,0.041360180824995,0.0300750001333654
20200101.0,0.1203081309795379,0.1099217161536216,0.0371207855641841,0.0657993480563163,0.0719098299741745,,,10.0,0.3965138792991638,1.1143651008605957,302.624755859375,0.2473395019769668,289.48638916015625,272.2660522460937,0.0021398065146058,0.1783846318721771,200.0,0.0334919691085815,0.0304000000469387
20200102.0,0.1202556565403938,0.0967339798808097,,,,0.0288718827068805,0.0285958442836999,,,,,,,,,,,,
20200103.0,0.1201855912804603,0.1066961660981178,0.0406646691262722,0.0676123052835464,0.0678979009389877,,,10.0,0.3965138792991638,1.1143651008605957,309.7643127441406,0.2492293119430542,292.84442138671875,272.260009765625,0.0017046927241608,0.2613415718078613,200.0,0.0457262024283409,0.0290583330206573
20200104.0,0.1202201768755912,0.1087283417582511,,,,,,,,,,,,,,,,,
20200105.0,0.1361332684755325,0.1108562871813774,,,,0.0526126101613044,0.0578020587563514,,,,,,,,,,,,
20200107.0,0.1340165436267852,0.142408087849617,,,,0.0449311770498752,0.0500198379158973,,,,,,,,,,,,
20200108.0,0.130523607134819,0.1077372059226036,0.0496411323547363,0.0654733851552009,0.0641212910413742,,0.0491653196513652,10.0,0.3965138792991638,1.1143651008605957,305.400634765625,0.2538682222366333,291.05584716796875,269.73358154296875,0.0,0.3825952708721161,200.0,0.0455073975026607,0.0438041665280859
20200109.0,0.1276404559612274,0.1125560775399208,0.0479086004197597,0.0720637962222099,0.0759018212556839,,,10.0,0.3965138792991638,1.1143651008605957,308.132568359375,0.2547939121723175,290.63983154296875,271.9380187988281,0.0004410743713378,0.370712548494339,200.0,0.0414052978157997,0.0388375002269944
20200110.0,0.1262525916099548,0.1077597141265869,,,,0.0383986718952655,0.0446485802531242,,,,,,,,,,,,
20200111.0,0.1258612126111984,0.1070193648338317,0.0504400357604026,0.0717826783657074,0.0727218836545944,,,10.0,0.3965138792991638,1.1143651008605957,296.780517578125,0.2566472887992859,286.9936218261719,266.9022827148437,0.0,0.1660149097442627,200.0,0.0453040674328804,0.0342333333101124
20200112.0,0.1246242225170135,0.1117194667458534,,,,,0.0428479872643947,,,,,,,,,,,,
20200113.0,0.1235322728753089,0.1181582733988761,,,,0.0321205556392669,0.0340891741216182,,,,,,,,,,,,
20200114.0,0.1233166307210922,0.0969336107373237,0.2426653951406479,0.2559232711791992,0.2519386112689972,,,10.0,0.3965138792991638,1.1143651008605957,306.4493103027344,0.2594041526317596,254.04244995117188,215.97998046875,1.4707753658294678,0.5471596717834473,200.0,0.0708895996212959,0.0315250001537303
20200115.0,0.1407413333654403,0.1874278634786605,,,,0.1361621767282486,0.1474959552288055,,,,,,,,,,,,
20200116.0,0.1422384530305862,0.1156356111168861,0.0758206248283386,0.0896049812436103,0.0870709866285324,,,10.0,0.3965138792991638,1.1143651008605957,300.29962158203125,0.2608706653118133,284.9832763671875,260.75830078125,0.0930142998695373,0.5720229744911194,200.0,0.0647864490747451,0.235058334345619
20200117.0,0.1368349939584732,0.1211002469062805,0.052400667220354,0.0622805729508399,0.0601328946650028,,,10.0,0.3965138792991638,1.1143651008605957,302.946533203125,0.2627855837345123,288.903076171875,268.1991271972656,0.0017426824197173,0.4742747545242309,200.0,0.0490372441709041,0.2067874999096
20200118.0,0.1331987231969833,0.1158600598573684,,,,0.0482245124876499,0.0490127280354499,,,,,,,,,,,,
20200121.0,0.2859520018100738,0.237672746181488,,,,,,,,,,,,,,,,,
20200122.0,0.243051066994667,0.1773960143327713,0.1527978926897049,0.1454548239707946,0.1425453573465347,,,10.0,0.3965138792991638,1.1143651008605957,302.0832824707031,0.2930798530578613,274.5270080566406,243.54037475585932,0.641957700252533,3.082364559173584,200.0,0.145901471376419,0.274591666956743
20200123.0,0.2306134700775146,0.1836042553186416,,,,0.1730156391859054,0.1940671950578689,,,,,,,,,,,,
20200124.0,0.2099367380142212,0.1713996529579162,0.1260599344968795,0.1514972597360611,0.1479423195123672,,,10.0,0.3965138792991638,1.1143651008605957,296.2780456542969,0.305618405342102,273.926513671875,244.87998962402344,0.0,1.9766428470611568,200.0,0.1346524208784103,0.253347827688507
20200125.0,0.1906588971614837,0.1551926434040069,0.0841154754161834,0.1083978042006492,0.1057100594043731,0.0769486501812934,0.0864284187555313,10.0,0.3965138792991638,1.1143651008605957,299.06756591796875,0.3119296729564667,280.7088623046875,255.9576110839844,0.0,2.027662992477417,200.0,0.102745309472084,0.237137499575814
20200126.0,0.1741035282611847,0.1378620564937591,,,,,0.0664082765579223,,,,,,,,,,,,
20200127.0,0.1597887277603149,0.1289302408695221,0.060248851776123,0.0779455453157424,0.0786931216716766,,,10.0,0.3965138792991638,1.1143651008605957,302.7954406738281,0.3246360421180725,286.78326416015625,266.1377258300781,0.0025689601898193,1.82572078704834,200.0,0.0753757879137992,0.197583334520459
20200128.0,0.1494932323694229,0.1228518486022949,,,,0.0454892106354236,0.0522171705961227,,,,,,,,,,,,
20200129.0,0.1415172815322876,0.1142017841339111,,,,,,,,,,,,,,,,,
20200130.0,0.1351924389600753,0.1232406422495842,0.0602163448929786,0.0928210094571113,0.0950766876339912,,0.0524918362498283,10.0,0.3965138792991638,1.1143651008605957,309.1792297363281,0.3439425528049469,288.88262939453125,269.38336181640625,0.0008523463038727,1.3684884309768677,200.0,0.0609345845878124,0.155649999777476
20200131.0,0.1302847415208816,0.1189737245440483,,,,,0.0457167290151119,,,,,,,,,,,,
20200201.0,0.1272755116224289,0.1173776611685752,0.0586439482867717,0.0991613715887069,0.0989638343453407,,,10.0,0.3965138792991638,1.1143651008605957,309.5281066894531,0.3574519753456116,290.4908447265625,268.84210205078125,0.0025830168742686,0.7234075665473938,200.0,0.0552917718887329,0.124591666894654
20200202.0,0.1270740330219268,0.130143940448761,0.073275551199913,0.1002772524952888,0.099543996155262,0.0603705830872058,0.0642719790339469,10.0,0.3965138792991638,1.1143651008605957,297.8316955566406,0.3626770079135895,285.318359375,263.358154296875,0.1420176178216934,0.3616465628147125,200.0,0.0552874989807605,0.124270832786957
20200203.0,0.1261875033378601,0.1295455694198608,,,,,,,,,,,,,,,,,
20200204.0,0.1251058280467987,0.12856025993824,0.0567286796867847,0.0749072581529617,0.0759927183389663,,0.0318918414413929,10.0,0.3965138792991638,1.1143651008605957,300.26531982421875,0.3625110983848572,286.66180419921875,266.5107727050781,0.0,0.428253710269928,200.0,0.0503012239933013,0.111945833700399
20200205.0,0.1241518557071685,0.1240519732236862,,,,0.0446645282208919,0.0423596911132335,,,,,,,,,,,,
20200206.0,0.1367925405502319,0.1278018951416015,,,,,,,,,,,,,,,,,
20200207.0,0.135134145617485,0.1260120123624801,0.0635881125926971,0.0794794261455535,0.0798165947198867,0.0526127554476261,0.0567339099943637,10.0,0.3965138792991638,1.1143651008605957,300.89324951171875,0.3617002367973327,288.0264587402344,267.0016174316406,1.808759450912476,1.1511608362197876,200.0,0.0609093196690082,0.0912041661019127
20200208.0,0.1462654173374176,0.1256824284791946,,,,,,,,,,,,,,,,,
20200209.0,0.23666912317276,0.1790783107280731,0.2727689146995544,0.3283723592758178,0.3072620630264282,,,10.0,0.3965138792991638,1.1143651008605957,295.2032165527344,0.361010193824768,238.2524261474609,193.94805908203125,13.75957489013672,1.9228039979934688,200.0,0.138777881860733,0.125916666040818
20200210.0,0.3383990824222564,0.231444165110588,0.2603530585765838,0.2819557785987854,0.2724011242389679,0.2378405630588531,0.2711874842643738,10.0,0.3965138792991638,1.1143651008605957,298.1002502441406,0.3606652915477752,246.5662841796875,206.08303833007807,12.120827674865724,2.113266944885254,200.0,0.1269442737102508,0.33180000136296
20200211.0,0.2978669106960296,0.2376095801591873,,,,,,,,,,,,,,,,,
20200212.0,0.2584360837936401,0.1906023919582367,0.1499964892864227,0.1627368181943893,0.1609778702259063,0.1261948049068451,0.1658986210823059,10.0,0.3965138792991638,1.1143651008605957,302.4547424316406,0.359975665807724,274.7900390625,243.0805511474609,0.4047347903251648,2.960442066192627,200.0,0.1476282179355621,0.264908334861199
20200213.0,0.2323795408010482,0.17877958714962,,,,,0.0820032358169555,,,,,,,,,,,,
20200214.0,0.2193940728902816,0.1657433360815048,,,,,,,,,,,,,,,,,
20200215.0,0.2092587500810623,0.2481248825788498,0.1974227428436279,0.2176678627729416,0.2159532159566879,0.1926817893981933,0.2124698609113693,10.0,0.3965138792991638,1.1143651008605957,300.8155212402344,0.3588773608207702,261.349853515625,224.5116271972656,0.1913199722766876,2.11191463470459,200.0,0.1707607507705688,0.317412500580152
20200216.0,0.1951444447040558,0.2006497979164123,,,,,,,,,,,,,,,,,
20200217.0,0.179208755493164,0.1539406478404998,0.0929023623466491,0.123640239238739,0.1209290102124214,,0.1242408528923988,10.0,0.3965138792991638,1.1143651008605957,302.1595458984375,0.3572858870029449,282.68072509765625,255.2907257080078,0.000875549041666,2.168053388595581,200.0,0.1063690334558487,0.237399998431404
20200218.0,0.1659052520990371,0.1454987376928329,0.0919826999306678,0.125534325838089,0.1218618676066398,,0.0961333066225051,10.0,0.3965138792991638,1.1143651008605957,299.4750671386719,0.359199047088623,280.5326538085937,256.6690979003906,0.0384125970304012,1.491492748260498,200.0,0.0851475894451141,0.217354167252779
20200219.0,0.1603699177503585,0.1468752026557922,,,,,,,,,,,,,,,,,
20200220.0,0.1541072428226471,0.1404924988746643,0.0710389167070388,0.0999329313635826,0.0993226766586303,0.0712124481797218,0.0784325674176216,10.0,0.3965138792991638,1.1143651008605957,295.13775634765625,0.3814998269081116,281.4271240234375,259.7554931640625,0.0,0.9553861618041992,200.0,0.0734947100281715,0.192433334266146
20200221.0,0.1478935033082962,0.1359596401453018,,,,,,,,,,,,,,,,,
20200222.0,0.142220601439476,0.1357756853103637,,,,,0.0559404268860816,,,,,,,,,,,,
20200223.0,0.141340896487236,0.1383460015058517,0.0712372213602066,0.098700113594532,0.0984401181340217,0.0601711422204971,0.0627765730023384,10.0,0.3965138792991638,1.1143651008605957,300.69488525390625,0.4165573716163635,283.9609069824219,262.45709228515625,0.4078139960765838,0.8645091652870178,200.0,0.0617452748119831,0.153850000972549
20200323.0,0.1377161592245102,0.1308384090662002,0.0653097406029701,0.0876565277576446,0.0895951464772224,,,10.0,0.3965138792991638,1.1143651008605957,294.3741149902344,0.6582666039466858,280.3114624023437,260.82672119140625,0.000435113790445,0.6823214888572693,200.0,0.0626594424247741,0.122818181799217
20200324.0,0.148535817861557,0.1446724534034729,,,,,0.0611896105110645,,,,,,,,,,,,
20200325.0,0.1507806181907653,0.1436310708522796,,,,,0.0583513900637626,,,,,,,,,,,,
20200326.0,0.1470427215099334,0.1446740180253982,0.0662100166082382,0.0850171074271202,0.0868371203541755,,,10.0,0.3965138792991638,1.1143651008605957,295.3226013183594,0.7103251218795776,281.103515625,261.473388671875,0.0005197920836508,0.6153619885444641,200.0,0.0607318952679634,0.117612499122818
20200327.0,0.1434134840965271,0.1515118479728698,,,,0.0632585883140564,0.0754722729325294,,,,,,,,,,,,
20200328.0,0.1402934938669204,0.1423040181398391,0.0655480995774269,0.091677114367485,0.0950290635228157,,,10.0,0.3965138792991638,1.1143651008605957,296.04840087890625,0.7460114359855652,280.71710205078125,262.37994384765625,0.0575890615582466,0.6218360662460327,200.0,0.056221067905426,0.112133334080378
20200329.0,0.1829904913902282,0.1756950318813324,0.164790853857994,0.2138075232505798,0.2027367502450943,,0.2251350432634353,10.0,0.3965138792991638,1.1143651008605957,295.4840087890625,0.7640656232833862,259.77642822265625,228.5982360839844,5.028599262237549,0.7161346077919006,200.0,0.0810255631804466,0.115941666377087
20200330.0,0.1956881880760193,0.2228380441665649,,,,0.1239148676395416,0.1395611464977264,,,,,,,,,,,,
20200331.0,0.1852671504020691,0.1777479499578476,0.0789262056350708,0.1292915046215057,0.1249525770545005,,,10.0,0.3965138792991638,1.1143651008605957,293.7477722167969,0.8005964159965515,274.9862976074219,253.0562438964844,0.001300465548411,0.9860288500785828,200.0,0.0784108415246009,0.126420832859973
20200401.0,0.2491074055433273,0.1583540290594101,,,,0.5250869989395142,0.6873683929443359,,,,,,,,,,,,
20200402.0,0.3152027428150177,0.2878177464008331,,,,,,,,,,,,,,,,,
20200403.0,0.3178558349609375,0.2636905610561371,0.3467774391174316,0.4101893603801727,0.3862044215202331,,,10.0,0.3965138792991638,1.1143651008605957,291.2535095214844,0.8564801216125488,219.61520385742188,177.36529541015625,8.63716983795166,1.3306461572647097,200.0,0.1915314644575119,0.295070833216111
20200404.0,0.3146386444568634,0.2859836220741272,,,,0.2882468998432159,0.3157750070095062,,,,,,,,,,,,
20200405.0,0.2843559384346008,0.246027261018753,0.2430952042341232,0.2547898292541504,0.2437400072813034,,,10.0,0.3965138792991638,1.1143651008605957,289.9280090332031,0.8948774337768555,246.58241271972656,206.3623504638672,0.0602090470492839,0.952914535999298,200.0,0.1993608772754669,0.286095237448102
20200406.0,0.2662859559059143,0.2325972616672516,,,,0.1918485313653946,0.2085329741239547,,,,,,,,,,,,
20200407.0,0.2531236112117767,0.2152454257011413,,,,,0.156224250793457,,,,,,,,,,,,
20200408.0,0.2541649341583252,0.2085515409708023,0.1945673823356628,0.1827165782451629,0.178684115409851,,,10.0,0.3965138792991638,1.1143651008605957,290.967529296875,0.9398623108863832,261.7928466796875,230.7984313964844,1.7584222555160522,1.224634885787964,200.0,0.1376414000988006,0.20254583346347
20200409.0,0.2860584855079651,0.2489110231399536,,,,0.4050065279006958,0.4681234061717987,,,,,,,,,,,,
20200411.0,0.276431530714035,0.2610542774200439,0.2599732577800751,0.2701351642608642,0.2653497159481048,,0.2816553115844726,10.0,0.3965138792991638,1.1143651008605957,286.86834716796875,0.980301797389984,240.87518310546875,202.6160430908203,0.0503220371901989,1.0931081771850586,200.0,0.2093135565519333,0.323591666917006
20200412.0,0.2617790997028351,0.2373027801513672,,,,,0.299966424703598,,,,,,,,,,,,
20200413.0,0.2496170997619629,0.2244872897863388,0.2055465579032898,0.2221836596727371,0.2145689874887466,,,10.0,0.3965138792991638,1.1143651008605957,288.6321105957031,1.007457971572876,252.35745239257807,220.30865478515625,0.0012814998626708,1.149451732635498,200.0,0.1802775561809539,0.253049999475479
20200414.0,0.2391118109226226,0.2118462175130844,0.1902377009391784,0.2070580273866653,0.1953532695770263,0.1780709773302078,0.206305131316185,10.0,0.3965138792991638,1.1143651008605957,291.29107666015625,1.0211350917816162,257.7274780273437,228.62603759765625,0.0,1.1708135604858398,200.0,0.1588279902935028,0.228929166371624
20200415.0,0.2296416312456131,0.2051371783018112,,,,,,,,,,,,,,,,,
20200416.0,0.2263749986886978,0.1929569095373153,0.1425124108791351,0.1751529723405838,0.1646613031625747,,0.1482284069061279,10.0,0.3965138792991638,1.1143651008605957,291.504638671875,1.0486873388290403,265.793701171875,241.03201293945312,0.0008583068847656,1.13819420337677,200.0,0.1127140894532203,0.189249999821186
20200417.0,0.2180087119340896,0.1887957751750946,,,,0.117537647485733,0.1216467767953872,,,,,,,,,,,,
20200418.0,0.2111278474330902,0.18502077460289,,,,,,,,,,,,,,,,,
20200419.0,0.2064283043146133,0.1853405535221099,0.1105531156063079,0.1298131495714187,0.1257380098104477,0.0984646752476692,0.1208838149905204,10.0,0.3965138792991638,1.1143651008605957,288.9091186523437,1.0904933214187622,271.42584228515625,247.9193420410156,0.4293107986450195,0.9357370138168336,200.0,0.0957273095846176,0.171208333224058
20200420.0,0.2039043605327606,0.1785960346460342,,,,,,,,,,,,,,,,,
20200421.0,0.1991986334323883,0.1793126910924911,0.097114473581314,0.115574225783348,0.1127801313996315,,,10.0,0.3965138792991638,1.1143651008605957,289.3791198730469,1.1184613704681396,273.5587158203125,249.71160888671875,0.0033188753295689,0.7908372282981873,200.0,0.0944089218974113,0.157274998103579
20200422.0,0.1933166682720184,0.1820516437292099,0.084211990237236,0.1222119405865669,0.1193515285849571,0.0749884918332099,0.0872829407453537,10.0,0.3965138792991638,1.1143651008605957,287.9183959960937,1.1332776546478271,271.71533203125,250.25320434570312,0.0,0.8656440377235413,200.0,0.0897877737879753,0.154175000265241
20200423.0,0.1879991739988327,0.1772988438606262,,,,,,,,,,,,,,,,,
20200424.0,0.1870414167642593,0.1944191008806228,0.084560789167881,0.1224205121397972,0.1196810826659202,0.0665682852268219,0.0723593831062316,10.0,0.3965138792991638,1.1143651008605957,289.19342041015625,1.1681441068649292,272.83795166015625,251.6226043701172,0.172302708029747,0.6008006930351257,200.0,0.0809014961123466,0.146270832046866
20200425.0,0.1880147457122802,0.1787563562393188,,,,,0.2936796247959137,,,,,,,,,,,,
20200426.0,0.2366726696491241,0.2303913831710815,,,,,,,,,,,,,,,,,
20200427.0,0.2275610864162445,0.2265617400407791,0.1669034659862518,0.1953058391809463,0.1850859820842743,0.1614437252283096,0.1741691380739212,10.0,0.3965138792991638,1.1143651008605957,287.4895324707031,1.2214469909667969,258.3529968261719,230.066162109375,0.0,0.851016640663147,200.0,0.1522440165281295,0.208229167386889
20200428.0,0.2605569660663605,0.2122428864240646,,,,,,,,,,,,,,,,,
20200503.0,0.3257332444190979,0.2836116552352905,,,,,,,,,,,,,,,,,
20200504.0,0.3142270147800445,0.268987774848938,,,,,0.3543504178524017,,,,,,,,,,,,
20200505.0,0.3047306537628174,0.2679744958877563,0.2601306140422821,0.2914505898952484,0.2773467898368835,0.2659618258476257,0.2665486633777618,10.0,0.3965138792991638,1.1143651008605957,285.84942626953125,1.3682942390441897,236.59585571289065,203.67774963378903,0.0,1.0939877033233645,200.0,0.2189128845930099,0.305808333059152
20200506.0,0.296488881111145,0.2633305191993713,,,,,,,,,,,,,,,,,
20200507.0,0.2875955700874328,0.2536609768867492,0.2327772974967956,0.2515150308609009,0.2406325489282608,0.219932347536087,0.2574236392974853,10.0,0.3965138792991638,1.1143651008605957,289.996337890625,1.4068129062652588,246.2367706298828,214.09005737304688,0.0,1.199686050415039,200.0,0.205859750509262,0.258129167060057
20200508.0,0.2796725928783417,0.2399600595235824,0.2163722962141037,0.2489964812994003,0.2274939715862274,,,10.0,0.3965138792991638,1.1143651008605957,287.44049072265625,1.4237282276153564,248.93685913085932,220.29510498046875,0.0008285045623779,1.1216752529144287,200.0,0.1818490028381347,0.239420834307869
20200509.0,0.281214565038681,0.2438667863607406,,,,,,,,,,,,,,,,,
20200510.0,0.2761335968971252,0.2399060577154159,0.1931780278682708,0.2255976945161819,0.2096565067768097,0.1848981827497482,0.2068544626235962,10.0,0.3965138792991638,1.1143651008605957,282.7691955566406,1.4407989978790283,250.07699584960932,222.0499267578125,0.0008583068847656,0.7754784822463989,200.0,0.1534785628318786,0.222312500079473
20200511.0,0.2709526121616363,0.2260718196630478,,,,,,,,,,,,,,,,,
20200512.0,0.2657841145992279,0.2300749272108078,,,,0.169903814792633,0.1954405307769775,,,,,,,,,,,,
20200513.0,0.2637028396129608,0.2250562161207199,0.1731496453285217,0.2105382829904556,0.1902298480272293,,,10.0,0.3965138792991638,1.1143651008605957,284.8623352050781,1.4656511545181274,254.5393218994141,231.0248413085937,0.4740879237651825,0.8619506359100342,200.0,0.1272805631160736,0.197883334010839
20200514.0,0.2607727646827698,0.2211392968893051,,,,,,,,,,,,,,,,,
20200515.0,0.2558293640613556,0.2226259112358093,0.1619343012571334,0.2032017856836319,0.1835041344165802,0.1520736515522003,0.1611377298831939,10.0,0.3965138792991638,1.1143651008605957,284.0946044921875,1.482069969177246,255.94015502929688,233.9033203125,0.0008523463038727,0.8171946406364441,200.0,0.1232927292585372,0.185970834145943
20200516.0,0.2511827647686004,0.2170447558164596,,0.1825858652591705,0.1703896820545196,,,10.0,0.3965138792991638,1.1143651008605957,285.0035095214844,1.4903062582015991,258.85870361328125,235.99923706054688,0.0,0.7244375944137573,200.0,0.1242014318704605,0.179887499039372
20200517.0,0.2467736303806305,0.22634819149971,,,,,0.1446882486343383,,,,,,,,,,,,
20200518.0,0.2424930483102798,0.223755270242691,0.1447294056415558,0.1711360067129135,0.1605676412582397,,0.1720633506774902,10.0,0.3965138792991638,1.1143651008605957,285.5484619140625,1.5068329572677612,262.0018005371094,241.6138458251953,0.0031862787436693,0.7883002161979675,200.0,0.1067386493086814,0.172316666692495
20200519.0,0.2655612230300903,0.2300829291343689,,,,,,,,,,,,,,,,,
20200520.0,0.318016916513443,0.2406723797321319,,,,0.2430542409420013,0.2758262753486633,,,,,,,,,,,,
20200521.0,0.3343047201633453,0.2620985507965088,0.2916772961616516,0.2920628488063812,0.2937398254871368,,,10.0,0.3965138792991638,1.1143651008605957,281.12664794921875,1.5317881107330322,232.8914337158203,198.28826904296875,1.45777690410614,0.8754920959472656,200.0,0.1868153661489486,0.249461904877708
20200522.0,0.3093217313289642,0.2595351636409759,,,,,0.2277901619672775,,,,,,,,,,,,
20200523.0,0.2944556176662445,0.2456389367580413,0.2110571861267089,0.2482269555330276,0.230480208992958,0.2248345017433166,0.2309030443429947,10.0,0.3965138792991638,1.1143651008605957,283.26544189453125,1.5489258766174316,245.73129272460932,217.5166015625,0.0,0.6997658610343933,200.0,0.1743642538785934,0.233608333393931
20200524.0,0.2841973006725311,0.2422703355550766,0.2001835852861404,0.2316366136074066,0.2125138044357299,,,10.0,0.3965138792991638,1.1143651008605957,283.7956848144531,1.556226134300232,249.4491271972656,223.3209381103516,0.0008622910827398,0.7399107217788696,200.0,0.1552641242742538,0.212075000628829
20200525.0,0.2759540677070617,0.2280877828598022,,,,0.1883228570222854,0.2197332680225372,,,,,,,,,,,,
20200526.0,0.2690849006175995,0.2289515733718872,,,,,,,,,,,,,,,,,
20200527.0,0.2664489150047302,0.2312210202217102,,,,,,,,,,,,,,,,,
20200528.0,0.2623957097530365,0.2248813211917877,,,,0.1520885676145553,0.1606189161539077,,,,,,,,,,,,
20200529.0,0.2577129006385803,0.2254885137081146,0.1526160836219787,0.2022451311349868,0.1828489452600479,,,10.0,0.3965138792991638,1.1143651008605957,283.91876220703125,1.570425271987915,256.7833251953125,236.33444213867188,0.0,0.6291655898094177,200.0,0.1132243871688842,0.173645832886299
20200530.0,0.2526855170726776,0.2185811400413513,,,,0.1552900373935699,0.1765801012516021,,,,,,,,,,,,
20200531.0,0.2538657784461975,0.2193116396665573,0.146791934967041,0.1693866997957229,0.1624813973903656,,,10.0,0.3965138792991638,1.1143651008605957,285.06219482421875,1.5758709907531738,262.50762939453125,238.6347045898437,5.765722274780273,0.8969377279281616,200.0,0.1142123714089393,0.167258333414793
20200601.0,0.3491435945034027,0.2551542222499847,0.27168670296669,0.3376632928848266,0.3124379515647888,,,10.0,0.3965138792991638,1.1143651008605957,280.172119140625,1.578596591949463,230.5682678222656,200.56463623046875,7.8125901222229,1.6593080759048462,200.0,0.1488787680864334,0.239383332431316
20200602.0,0.3277297019958496,0.2691222727298736,,,,0.2477060407400131,0.2543717622756958,,,,,,,,,,,,
20200603.0,0.3076973557472229,0.2532727420330047,0.1911405622959137,0.2494706958532333,0.2311226278543472,,,10.0,0.3965138792991638,1.1143651008605957,281.82763671875,1.5840537548065186,245.95877075195312,218.59280395507807,0.0008523463620804,0.6273617148399353,200.0,0.1619774252176284,0.199924999227126
20200604.0,0.2956121265888214,0.2454483658075332,,,,0.1965638846158981,0.2334360778331756,,,,,,,,,,,,
20200605.0,0.2873342931270599,0.2336193621158599,,,,,0.1618701815605163,,,,,,,,,,,,
20200606.0,0.2813344299793243,0.2294164299964904,0.1488503813743591,0.2011579573154449,0.1875624060630798,,,10.0,0.3965138792991638,1.1143651008605957,281.89453125,1.5922319889068604,254.08676147460932,230.33428955078125,0.0031920291949063,0.5113910436630249,200.0,0.128590852022171,0.164139130841131
20200607.0,0.2769486904144287,0.2334349304437637,,,,0.1720275282859802,0.1952269077301025,,,,,,,,,,,,
20200608.0,0.272542268037796,0.2404289096593856,0.1726055145263672,0.2185072302818298,0.2086823731660843,,,10.0,0.3965138792991638,1.1143651008605957,279.9312438964844,1.5974085330963137,249.395263671875,221.8829803466797,0.0,0.4710674583911896,200.0,0.1404750198125839,0.16797916777432
20200609.0,0.2685669064521789,0.2345951646566391,0.1614294201135635,0.1932170242071151,0.1834397315979004,,0.1980956494808197,10.0,0.3965138792991638,1.1143651008605957,282.6372985839844,1.6008976697921753,255.22760009765625,230.41677856445312,0.0008523463038727,0.4966084659099579,200.0,0.1365340203046798,0.155268182131377
20200610.0,0.2651635110378265,0.2334676682949066,,,,0.1582385450601577,0.1750846952199936,,,,,,,,,,,,
20200611.0,0.2630531191825866,0.2303283363580703,0.1485513150691986,0.1951245963573455,0.1820478588342666,,,10.0,0.3965138792991638,1.1143651008605957,282.58221435546875,1.6139689683914185,255.80319213867188,233.1903839111328,0.0121074486523866,0.3191361725330353,200.0,0.1166750341653823,0.161633332570394
20200612.0,0.2595815658569336,0.2334571480751037,,,,0.1666315793991089,0.1931516528129577,,,,,,,,,,,,
20200613.0,0.2830710411071777,0.2426627278327942,,,,,,,,,,,,,,,,,
20200614.0,0.3000873327255249,0.253079354763031,0.2020838409662246,0.2436739802360534,0.2262616604566574,,,10.0,0.3965138792991638,1.1143651008605957,283.9024353027344,1.6339787244796753,248.2282867431641,221.6738128662109,0.0044045969843864,0.6568582057952881,200.0,0.1650784462690353,0.173026316260037
20200615.0,0.2881240844726562,0.2366698980331421,,,,0.1678227037191391,0.1850032061338424,,,,,,,,,,,,
20200616.0,0.2793720960617065,0.230970874428749,0.1541815251111984,0.191990777850151,0.1820687651634216,,,10.0,0.3965138792991638,1.1143651008605957,285.3193054199219,1.6474602222442627,258.2162475585937,233.84347534179688,0.0265664272010326,0.5303600430488586,200.0,0.137278601527214,0.160925000905991
20200617.0,0.2727028131484985,0.2296398878097534,0.1524830609560012,0.1885236501693725,0.17592154443264,0.1441817283630371,0.1676992028951645,10.0,0.3965138792991638,1.1143651008605957,284.5326538085937,1.6542176008224487,258.5043640136719,237.34210205078125,0.0168696641921997,0.6429260969161987,200.0,0.1201826557517051,0.159387501577536
20200618.0,0.2663519382476806,0.2303218096494674,,,,,,,,,,,,,,,,,
20200619.0,0.2631431519985199,0.2252131402492523,0.1500136256217956,0.1739225536584854,0.1658036410808563,,,10.0,0.3965138792991638,1.1143651008605957,286.7376708984375,1.6677658557891846,261.9399108886719,239.8358764648437,1.3130946159362793,0.8361624479293823,200.0,0.1145342588424682,0.155954165384173
20200620.0,0.2828832268714905,0.273054301738739,,,,0.3110082447528839,0.3406170904636383,,,,,,,,,,,,
20200621.0,0.3007219731807709,0.2764620184898376,,,,,,,,,,,,,,,,,
20200622.0,0.3057095408439636,0.2780343890190124,0.2839903831481933,0.3052540123462677,0.2916771471500397,0.2879239916801452,0.3577379584312439,10.0,0.3965138792991638,1.1143651008605957,281.2405090332031,1.6881892681121826,235.3548583984375,205.0777587890625,1.2401913404464722,0.5045351982116699,200.0,0.1800263375043869,0.309450001766284
20200623.0,0.2992841899394989,0.2758195102214813,,,,,0.2748802006244659,,,,,,,,,,,,
20200624.0,0.2905512154102325,0.2762212455272674,0.2703876495361328,0.2743789255619049,0.2787038385868072,,,10.0,0.3965138792991638,1.1143651008605957,284.79766845703125,1.702101469039917,237.34625244140625,204.2247467041016,0.2560750842094421,0.4435550272464752,200.0,0.234927698969841,0.278350000580152
20200625.0,0.2844553589820862,0.2686020135879516,0.2491787672042846,0.2934409976005554,0.2798258364200592,0.2516268789768219,0.2858058512210846,10.0,0.3965138792991638,1.1143651008605957,282.7402648925781,1.708315134048462,237.51431274414065,207.87744140625,0.0888566970825195,0.3958729803562164,200.0,0.2127501666545868,0.256466664994756
20200626.0,0.2771000266075134,0.2550093531608581,,,,,,,,,,,,,,,,,
20200627.0,0.2710985541343689,0.2527098953723907,,,,,0.2409131079912185,,,,,,,,,,,,
20200628.0,0.2660878896713257,0.2475122064352035,,,,0.1998124420642852,0.2253486812114715,,,,,,,,,,,,
20200629.0,0.2613709270954132,0.2405534237623214,,,,,,,,,,,,,,,,,
20200630.0,0.2571963667869568,0.2356135696172714,0.1890985667705536,0.205343097448349,0.2007409632205963,0.1830070316791534,0.2119815647602081,10.0,0.3965138792991638,1.1143651008605957,283.2414855957031,1.7263383865356443,253.4994354248047,226.56753540039065,0.1061732620000839,0.5848860740661621,200.0,0.1559942662715912,0.168591667587558
20200701.0,0.2541677057743072,0.2280794978141784,,,,,,,,,,,,,,,,,
20200702.0,0.2539558410644531,0.2143761962652206,0.1530394405126571,0.2130329310894012,0.1979817599058151,,,10.0,0.3965138792991638,1.1143651008605957,282.2841491699219,1.7334237098693848,254.9449462890625,233.1758728027344,0.0474797002971172,0.6076992154121399,200.0,0.1270799338817596,0.156720832611124
20200703.0,0.2776332795619964,0.2241533994674682,0.2835029363632202,0.3302152752876282,0.3155998587608337,0.2776322662830353,0.2937406599521637,10.0,0.3965138792991638,1.1143651008605957,281.0595703125,1.7369706630706787,233.91586303710932,205.68133544921875,3.7968242168426514,0.9116010665893556,200.0,0.1408895999193191,0.174995237872714
20200704.0,0.2839913368225097,0.2595208883285522,,,,,,,,,,,,,,,,,
20200705.0,0.2747219204902649,0.2378344088792801,0.2108053714036941,0.2480540722608566,0.2387381196022033,0.2110806703567505,0.2364879250526428,10.0,0.3965138792991638,1.1143651008605957,282.6003112792969,1.7440736293792725,247.1408233642578,220.5701904296875,0.0042514041997492,0.5135985016822815,200.0,0.1668415367603302,0.2032541676114
20200706.0,0.2673870623111725,0.2312586456537246,,,,,,,,,,,,,,,,,
20200707.0,0.2627276480197906,0.22909015417099,,,,,,,,,,,,,,,,,
20200708.0,0.2575640678405761,0.2331853061914444,,,,0.1724328696727752,0.191259503364563,,,,,,,,,,,,
20200709.0,0.2524972558021545,0.2304196506738662,,,,,,,,,,,,,,,,,
20200710.0,0.2605846226215362,0.220898151397705,0.2461452186107635,0.2546468675136566,0.2508458793163299,0.2313795536756515,0.2791833281517029,10.0,0.3965138792991638,1.1143651008605957,283.8107604980469,1.762584924697876,246.53909301757807,218.3404235839844,6.130455017089844,0.3684752285480499,200.0,0.1255293041467666,0.1537000015378
20200711.0,0.3537675440311432,0.2568031251430511,0.3477950096130371,0.3699918091297149,0.394012987613678,,0.3614001870155334,10.0,0.3965138792991638,1.1143651008605957,283.1827087402344,1.7645156383514404,223.89796447753903,191.522689819336,6.86908483505249,0.7804371118545532,200.0,0.1838838756084442,0.216554164886475
20200712.0,0.3333216309547424,0.2700698375701904,,,,,,,,,,,,,,,,,
20200713.0,0.3271423578262329,0.2681672871112823,0.3372415900230407,0.3523271679878235,0.3594121634960174,0.3356217741966247,0.3772087693214416,10.0,0.3965138792991638,1.1143651008605957,282.4190368652344,1.7550925016403198,228.4207000732422,197.86398315429688,1.072900414466858,0.8259280323982239,200.0,0.2463246285915374,0.359870833655198
20200714.0,0.3105734586715698,0.2633115649223327,,,,,,,,,,,,,,,,,
20200715.0,0.2982952892780304,0.2513933777809143,,,,,0.300210565328598,,,,,,,,,,,,
20200716.0,0.2899160087108612,0.2505050003528595,0.2662816941738128,0.2886006832122803,0.2995825707912445,,0.3200170993804931,10.0,0.3965138792991638,1.1143651008605957,280.69354248046875,1.740297555923462,236.48489379882807,205.29861450195312,0.0017225742340087,0.6202064752578735,200.0,0.1964976340532302,0.279695455323566
20200717.0,0.2830891609191894,0.2411668598651886,,,,,,,,,,,,,,,,,
20200718.0,0.2775538265705108,0.2419835031032562,0.2483755648136139,0.2807396650314331,0.2784067392349243,0.2512490153312683,0.2706076204776764,10.0,0.3965138792991638,1.1143651008605957,282.66070556640625,1.730276346206665,240.5352325439453,211.82730102539065,0.000221424998017,0.6700926423072815,200.0,0.1933760941028595,0.243790911679918
20200719.0,0.2712807357311249,0.2388271391391754,0.2315576672554016,0.2834659516811371,0.2633219063282013,,,10.0,0.3965138792991638,1.1143651008605957,283.31304931640625,1.7252748012542725,243.63311767578125,218.64093017578125,0.0003470898373052,0.9467607140541076,200.0,0.1668692827224731,0.235525000095367
20200720.0,0.265979915857315,0.2307107001543045,,,,,0.3291726410388946,,,,,,,,,,,,
20200721.0,0.2619715332984924,0.2241445183753967,0.1904588490724563,0.2436934560537338,0.2332322746515274,0.1919997930526733,0.221594899892807,10.0,0.3965138792991638,1.1143651008605957,281.9748229980469,1.7152888774871826,248.03955078125,222.5997467041016,0.0018598899478092,0.5688196420669556,200.0,0.1505933552980423,0.214129165435831
20200722.0,0.2587395906448364,0.2165492624044418,,,,,,,,,,,,,,,,,
20200723.0,0.2559111416339874,0.218361496925354,,,,0.1907593309879303,0.1996215730905532,,,,,,,,,,,,
20200724.0,0.2521361410617828,0.2257190942764282,0.1769374758005142,0.229359433054924,0.2151808142662048,,,10.0,0.3965138792991638,1.1143651008605957,281.4668884277344,1.7002863883972168,250.8295288085937,227.906982421875,0.0004410743713378,0.7559877038002014,200.0,0.1339388489723205,0.208165216705073
20200725.0,0.2650767564773559,0.2149432003498077,,,,,,,,,,,,,,,,,
20200726.0,0.3190365433692932,0.2295166254043579,0.1875215768814087,0.2277941405773162,0.2193001359701156,0.1844055354595184,0.2107913494110107,10.0,0.3965138792991638,1.1143651008605957,283.4677734375,1.6894148588180542,251.9364318847656,226.9256591796875,0.2432762086391449,0.6520727872848511,200.0,0.1458613872528076,0.197329166034857
20200727.0,0.3013368546962738,0.2228002399206161,0.1717500686645507,0.2005607485771179,0.1957227140665054,,,10.0,0.3965138792991638,1.1143651008605957,284.5767822265625,1.6868202686309814,256.659912109375,232.0517578125,0.7875881195068359,0.9994418025016784,200.0,0.1401141434907913,0.187837501366933
20200728.0,0.2900935113430023,0.2105589509010315,,,,0.1514704227447509,0.1635792106389999,,,,,,,,,,,,
20200729.0,0.2800385355949402,0.2151484936475753,0.1457667350769043,0.2170955687761306,0.2011755108833313,,0.1786858737468719,10.0,0.3965138792991638,1.1143651008605957,283.0330810546875,1.7007815837860107,256.13427734375,236.3934936523437,0.0013907194370403,0.7875116467475891,200.0,0.1170061379671096,0.174766667187214
20200730.0,0.2717086374759674,0.2104193270206451,,,,,,,,,,,,,,,,,
20200731.0,0.2646704614162445,0.2095724493265152,,,,0.132464587688446,0.1544846892356872,,,,,,,,,,,,
20200801.0,0.2586922645568847,0.2088643014430999,0.1375724524259567,0.1861024796962738,0.1799617707729339,,,10.0,0.3965138792991638,1.1143651008605957,282.3833923339844,1.7228305339813232,258.707275390625,237.62225341796875,0.000870227755513,0.841271162033081,200.0,0.1234107613563537,0.158454545519569
20200802.0,0.2529542148113251,0.2032480835914611,,,,,0.1572923958301544,,,,,,,,,,,,
20200803.0,0.2479043453931808,0.204414889216423,0.1189450770616531,0.1767232865095138,0.1717899441719055,,0.1416058838367462,10.0,0.3965138792991638,1.1143651008605957,284.25494384765625,1.7378665208816528,261.3814697265625,241.32261657714844,0.2658092975616455,1.0378239154815674,200.0,0.1209917515516281,0.156586956718694
20200804.0,0.2439518868923187,0.2024717926979065,0.117888867855072,0.1880025416612625,0.1793497204780578,,,10.0,0.3965138792991638,1.1143651008605957,279.819580078125,1.7454044818878174,258.4190673828125,241.6078643798828,0.0009339763200841,0.8792101740837097,200.0,0.0953373461961746,0.156395833939314
20200805.0,0.2392617464065551,0.2020987570285797,,,,0.1280507147312164,0.1431623250246048,,,,,,,,,,,,
20200806.0,0.2362540811300277,0.2013232558965683,0.1455377638339996,0.1612921804189682,0.1587610840797424,,,10.0,0.3965138792991638,1.1143651008605957,282.0647277832031,1.7605198621749878,261.28717041015625,241.8184509277344,6.033915996551514,1.1254291534423828,200.0,0.1122513860464096,0.142595455389131
20200812.0,0.3400300145149231,0.2594915628433227,0.3120613098144531,0.3562403619289398,0.36421999335289,,,10.0,0.3965138792991638,1.1143651008605957,284.9965515136719,1.804519295692444,229.44305419921875,199.23602294921875,1.0949666500091553,1.203376293182373,200.0,0.2430231571197509,0.386408331493537
20200813.0,0.327696144580841,0.2630275189876556,,,,0.3367615938186645,0.3982665538787842,,,,,,,,,,,,
20200814.0,0.3642878532409668,0.2525970339775085,0.337912917137146,0.38411545753479,0.3763866126537323,,,10.0,0.3965138792991638,1.1143651008605957,285.0840148925781,1.7903953790664673,228.8246459960937,200.04849243164065,11.192243576049805,0.9330172538757324,200.0,0.1754010617733001,0.360730436833008
20200815.0,0.3665996491909027,0.2752686738967895,,,,0.3272890150547027,0.3968626856803894,,,,,,,,,,,,
20200816.0,0.3441698551177978,0.2630409598350525,,,,,0.2674947381019592,,,,,,,,,,,,
20200817.0,0.3349042534828186,0.2562849819660187,0.2986403107643127,0.3004524409770965,0.3168920576572418,,,10.0,0.3965138792991638,1.1143651008605957,284.3555908203125,1.7680561542510986,237.5169677734375,206.16082763671875,1.6296777725219729,1.5220330953598022,200.0,0.1939924508333206,0.358058332155148
20200818.0,0.3329051434993744,0.2462451606988906,,,,0.2635235786437988,0.2888576984405517,,,,,,,,,,,,
20200820.0,0.33467897772789,0.2586559057235718,0.3011299669742584,0.3179426491260528,0.3326379358768463,,0.2926114797592163,10.0,0.3965138792991638,1.1143651008605957,282.3629150390625,1.7453385591506958,235.03778076171875,204.883544921875,0.5339964628219604,1.1555368900299072,200.0,0.2017491310834884,0.386341668665409
20200821.0,0.3414321839809418,0.257845789194107,,,,,0.4313181042671203,,,,,,,,,,,,
20200822.0,0.3339384198188782,0.2556109130382538,0.3097310364246368,0.3285055160522461,0.3517107665538788,,,10.0,0.3965138792991638,1.1143651008605957,281.32733154296875,1.7302597761154177,232.27975463867188,201.66812133789065,0.7664089202880859,1.5561025142669678,200.0,0.198564276099205,0.373369566772295
20200823.0,0.3245887756347656,0.2597129344940185,,,,0.3072260022163391,0.3572801947593689,,,,,,,,,,,,
20200824.0,0.3143376410007477,0.2533831298351288,,,,,,,,,,,,,,,,,
20200825.0,0.3057948350906372,0.2375418245792389,0.2425728887319564,0.2849568724632263,0.2979199290275574,,0.2327646762132644,10.0,0.3965138792991638,1.1143651008605957,280.51666259765625,1.7077019214630127,239.75143432617188,210.599349975586,0.0357406437397003,1.0559287071228027,200.0,0.179224207997322,0.336962502449751
20200826.0,0.2978497743606567,0.2391772717237472,,,,0.232973039150238,0.2558671832084656,,,,,,,,,,,,
20200827.0,0.2889177799224853,0.2379581779241562,0.2173198610544204,0.2666177153587341,0.2742288410663605,,,10.0,0.3965138792991638,1.1143651008605957,284.94140625,1.6922060251235962,244.9319610595703,216.5991058349609,0.0011796930339187,1.6541467905044556,200.0,0.1852012425661087,0.291582609000413
20200828.0,0.280998170375824,0.2287036180496215,0.1905581206083297,0.2630480229854584,0.2530165314674377,0.1950377970933914,0.2440565228462219,10.0,0.3965138792991638,1.1143651008605957,281.9373474121094,1.686126947402954,247.53839111328125,223.35562133789065,0.0,1.313693881034851,200.0,0.142898827791214,0.276304347359616
20200829.0,0.2735980749130249,0.2307341396808624,,,,,,,,,,,,,,,,,
20200830.0,,,,,,,,10.0,0.3965138792991638,1.1143651008605957,286.6043395996094,1.6851094961166382,257.5643310546875,232.0213165283203,0.1979933828115463,1.9698187112808228,200.0,0.1639722436666488,0.242204163844387
20200902.0,,,,,,,,10.0,0.3965138792991638,1.1143651008605957,289.3242492675781,1.6841716766357422,262.71417236328125,241.21383666992188,0.0095878494903445,2.035256147384644,200.0,0.1356003135442733,0.206427272747863
20200904.0,,,,,,,,10.0,0.3965138792991638,1.1143651008605957,285.16143798828125,1.6837035417556765,264.93328857421875,245.25225830078125,0.000857041333802,1.5491389036178589,200.0,0.1264999806880951,0.191912500187755
20200905.0,,,,,,,,10.0,0.3965138792991638,1.1143651008605957,283.770263671875,1.6834694147109983,261.4565124511719,242.55274963378903,0.046993251889944,1.5267040729522705,200.0,0.1243167892098426,0.186429167787234
20200907.0,,,,,,,,10.0,0.3965138792991638,1.1143651008605957,290.3990173339844,1.6830013990402222,269.0875244140625,250.62503051757807,0.0008583068847656,1.8183485269546509,200.0,0.1063870936632156,0.175482609349748
20200909.0,0.2196641117334365,0.1970108151435852,,,,,,,,,,,,,,,,,
20200910.0,,,,,,,,10.0,0.3965138792991638,1.1143651008605957,286.7486572265625,1.6824291944503784,267.10400390625,250.191650390625,0.0008642672328278,1.5618553161621094,200.0,0.1092022806406021,0.173241666828593
20200912.0,,,,,,,,10.0,0.3965138792991638,1.1143651008605957,290.120849609375,1.6837750673294067,263.091552734375,241.3584442138672,3.554654598236084,1.898462057113648,200.0,0.1171510815620422,0.165158332635959
20200913.0,,,,,,,,10.0,0.3965138792991638,1.1143651008605957,285.4319152832031,1.6790082454681396,257.7371826171875,234.77713012695312,0.2934547662734985,1.36808979511261,200.0,0.1433123797178268,0.244462498774131
20200915.0,,,,,,,,10.0,0.3965138792991638,1.1143651008605957,286.4482727050781,1.6330115795135498,264.39263916015625,245.66506958007807,0.0008523463038727,1.9154927730560305,200.0,0.125360295176506,0.189495832969745
20200916.0,0.2036239057779312,0.1879919469356537,,,,,,,,,,,,,,,,,
20200917.0,0.194134846329689,0.1866959035396576,,,,,,,,,,,,,,,,,
20200918.0,0.1912363022565841,0.1814361810684204,0.0941937714815139,0.1133926138281822,0.1127911061048507,0.0748404264450073,0.0880764201283454,10.0,0.3965138792991638,1.1143651008605957,291.2060852050781,1.5630929470062256,275.42547607421875,254.85250854492188,0.4150952696800232,1.4112586975097656,200.0,0.0931168496608734,0.15551249931256
20200919.0,0.2471603900194168,0.1760365515947342,,,,,,,,,,,,,,,,,
20200920.0,0.3073560297489166,0.2331292480230331,0.2160564512014389,0.2179090529680252,0.230075791478157,0.1933217644691467,0.221686452627182,10.0,0.3965138792991638,1.1143651008605957,290.585693359375,1.5166618824005127,256.3048095703125,224.69073486328125,0.324809581041336,1.980308175086975,200.0,0.1976566016674041,0.32422608655432
20200921.0,0.2838124930858612,0.2213723957538604,0.1993738859891891,0.224652349948883,0.2256363183259964,,,10.0,0.3965138792991638,1.1143651008605957,288.5022888183594,1.4936542510986328,255.8361968994141,227.84323120117188,1.0509576797485352,2.1507692337036133,200.0,0.1673956215381622,0.277200003465017
20200922.0,0.2615053951740265,0.2112852334976196,,,,,,,,,,,,,,,,,
20200923.0,0.2492559403181076,0.2172431200742721,0.1421606391668319,0.186396524310112,0.1803475469350814,0.1222848147153854,0.1344645470380783,10.0,0.3965138792991638,1.1143651008605957,285.810791015625,1.4480555057525637,262.5728759765625,241.13287353515625,0.635404646396637,1.665045976638794,200.0,0.1265071779489517,0.217387500529488
20200924.0,0.2479355484247207,0.2034191638231277,,,,,,,,,,,,,,,,,
20200925.0,0.3122752010822296,0.2388872355222702,,,,,0.2805566489696502,,,,,,,,,,,,
20200926.0,0.2905217111110687,0.2520438432693481,0.2006625384092331,0.2172840535640716,0.2231185138225555,,0.2031922340393066,10.0,0.3965138792991638,1.1143651008605957,282.49786376953125,1.3807554244995115,252.57357788085932,223.18673706054688,0.2241290211677551,1.373291254043579,200.0,0.1568862050771713,0.34032916650176
20200927.0,0.2702645361423492,0.2234994918107986,,,,,,,,,,,,,,,,,
20200928.0,0.2526710927486419,0.1999803781509399,0.1405672281980514,0.1907757073640823,0.1840568631887436,0.1319504678249359,0.156285285949707,10.0,0.3965138792991638,1.1143651008605957,285.657470703125,1.337343692779541,259.89801025390625,237.36279296875,0.0,2.1057493686676025,200.0,0.1443514376878738,0.266233333696922
20200929.0,0.2379136532545089,0.2038794904947281,0.1140870153903961,0.1505362540483474,0.1488313376903534,,,10.0,0.3965138792991638,1.1143651008605957,289.7484436035156,1.313451051712036,268.25811767578125,246.793685913086,0.9121140241622924,2.128533124923706,200.0,0.1202702522277832,0.237187499801318
20200930.0,0.2389854788780212,0.1878287196159362,,,,,0.1494796574115753,,,,,,,,,,,,
20201001.0,0.2297552973031997,0.1961199939250946,0.105450190603733,0.1572712808847427,0.154240071773529,0.0905585885047912,0.0961943417787551,10.0,0.3965138792991638,1.1143651008605957,286.59649658203125,1.250298261642456,266.712890625,246.5951232910156,0.0,1.992538571357727,200.0,0.1257049888372421,0.200012499466538
20201002.0,0.2154190987348556,0.1804842799901962,,,,,,,,,,,,,,,,,
20201003.0,0.2001483738422393,0.1809635013341903,,,,0.0682194232940673,0.0925016030669212,,,,,,,,,,,,
20201004.0,0.1852206140756607,0.1791040301322937,0.0712048336863517,0.1005558371543884,0.1010625585913658,,,10.0,0.3965138792991638,1.1143651008605957,298.9242858886719,1.1569757461547852,280.1656494140625,260.2452392578125,0.0160610284656286,2.8787381649017334,200.0,0.0892601013183593,0.158991665889819
20201007.0,0.3353048861026764,0.2279567271471023,0.2748644053936004,0.2989800870418548,0.2835174202919006,,,10.0,0.3965138792991638,1.1143651008605957,289.8551025390625,1.0660483837127686,244.9066772460937,216.36898803710932,14.749343872070312,1.9998488426208496,200.0,0.1431358456611633,0.272600000724196
20201008.0,0.3253443837165832,0.2365675419569015,,,,0.2149540930986404,0.2476577013731002,,,,,,,,,,,,
20201009.0,0.2946720421314239,0.2202975451946258,0.1752219498157501,0.2024838179349899,0.2013392448425293,,,10.0,0.3965138792991638,1.1143651008605957,285.5166320800781,1.0069468021392822,257.98687744140625,229.42086791992188,0.0926017984747886,1.649832844734192,200.0,0.1565088927745819,0.320474999646346
20201010.0,0.271029531955719,0.2104320377111435,,,,,,,,,,,,,,,,,
20201011.0,0.2521909475326538,0.1978573948144912,,,,0.094788059592247,0.1114841178059578,,,,,,,,,,,,
20201012.0,0.2349016368389129,0.1775293499231338,0.0901917070150375,0.1236163005232811,0.1231381893157959,,,10.0,0.3965138792991638,1.1143651008605957,292.0745849609375,0.920497477054596,273.87042236328125,253.4807281494141,0.0030148513615131,2.9172842502593994,200.0,0.1257094591856002,0.216449999560912
20201013.0,0.218078151345253,0.1856382936239242,,,,0.0575376749038696,0.0518509484827518,,,,,,,,,,,,
20201014.0,0.2034466415643692,0.1764820218086242,0.0686508789658546,0.1085088849067688,0.1085873842239379,,0.0500198379158973,10.0,0.3965138792991638,1.1143651008605957,294.91583251953125,0.8634438514709473,278.05133056640625,257.6065673828125,0.0,3.0236263275146484,200.0,0.1105260029435157,0.174166665102045
20201015.0,0.1927922815084457,0.1551148742437362,0.1307131946086883,0.1395312994718551,0.1392640769481659,,,10.0,0.3965138792991638,1.1143651008605957,296.0494384765625,0.8383174538612366,275.0527648925781,258.00299072265625,1.3784849643707275,3.105565071105957,200.0,0.089600034058094,0.16141666782399
20201016.0,0.2128229886293411,0.2073685973882675,,,,0.228720337152481,0.2787560522556305,,,,,,,,,,,,
20201017.0,0.3068791329860687,0.2151140421628952,0.2300150096416473,0.2561571300029754,0.2473834902048111,,,10.0,0.3965138792991638,1.1143651008605957,289.6200256347656,0.8082976341247559,251.4154357910156,222.27182006835932,8.474569320678711,2.050687074661255,200.0,0.1427641212940216,0.265541668360432
20201018.0,0.2874331176280975,0.2518650889396667,,,,,0.1443830728530883,,,,,,,,,,,,
20201019.0,0.2602201104164123,0.1951914578676223,,,,0.1100737228989601,0.110843226313591,,,,,,,,,,,,
20201020.0,0.2389417290687561,0.1832824647426605,0.0924470573663711,0.1338776499032974,0.1321292668581009,,,10.0,0.3965138792991638,1.1143651008605957,291.3968505859375,0.7649719715118408,272.67645263671875,251.68923950195312,0.0,2.600822925567627,200.0,0.1259882003068924,0.220341666291157
20201021.0,0.2215795218944549,0.1729191988706588,,,,0.0716730430722236,0.0830103456974029,,,,,,,,,,,,
20201022.0,0.2045993059873581,0.1530026793479919,0.0746008604764938,0.108857624232769,0.1093011200428009,,,10.0,0.3965138792991638,1.1143651008605957,295.52703857421875,0.7367939949035645,278.2416381835937,258.1153564453125,0.0778162777423858,2.801544189453125,200.0,0.1043876633048057,0.175137499347329
20201023.0,0.3171332478523254,0.166812464594841,0.3377319574356079,0.3732739090919494,0.3683823347091675,,,10.0,0.3965138792991638,1.1143651008605957,292.8872985839844,0.7228339314460754,231.99008178710932,199.85543823242188,27.25948143005371,1.6023192405700684,200.0,0.1357790976762771,0.174866665775577
20201024.0,0.3600535094738006,0.2768125832080841,,,,0.2599510550498962,0.2878811061382293,,,,,,,,,,,,
20201025.0,0.3247064054012298,0.2315539568662643,0.2261605560779571,0.2505257129669189,0.2538783550262451,,,10.0,0.3965138792991638,1.1143651008605957,287.7908020019531,0.6951720714569092,248.7024078369141,216.28585815429688,2.70544981956482,2.509195566177368,200.0,0.1754432320594787,0.328212500860294
20201027.0,0.3055787086486816,0.2507291138172149,,,,,,,,,,,,,,,,,
20201028.0,0.2980864942073822,0.2255249470472335,0.2148921936750412,0.2392853498458862,0.2424724549055099,,,10.0,0.3965138792991638,1.1143651008605957,291.0948181152344,0.6543145179748535,250.44952392578125,217.76150512695312,0.838810384273529,3.025327444076538,200.0,0.1824614703655243,0.341562500844399
20201029.0,0.2871491014957428,0.2206501811742782,,,,0.2342935055494308,0.2628864347934723,,,,,,,,,,,,
20201030.0,0.3380712568759918,0.2219057083129882,,,,,,,,,,,,,,,,,
20201031.0,0.3681485056877136,0.258673220872879,0.2340494841337204,0.2604673504829407,0.2585317492485046,0.2371501177549362,0.2586443722248077,10.0,0.3965138792991638,1.1143651008605957,289.6828918457031,0.6144393682479858,247.2368621826172,214.8444061279297,4.583595275878906,2.110856533050537,200.0,0.1606703102588653,0.361836367032745
20201101.0,0.3257841765880584,0.2315000593662262,,,,,0.2020630538463592,,,,,,,,,,,,
20201102.0,0.2978904247283935,0.1974894404411316,,,,,,,,,,,,,,,,,
20201103.0,0.2748085856437683,0.1794584840536117,,,,0.1174949407577514,0.1442915201187133,,,,,,,,,,,,
20201104.0,0.2664551734924316,0.1701146960258484,,,,,,,,,,,,,,,,,
20201105.0,0.2579337656497955,0.1668864041566848,0.1037367358803749,0.1560968905687332,0.1503924280405044,,0.1187780424952507,10.0,0.3965138792991638,1.1143651008605957,287.9010925292969,0.5576022863388062,268.75616455078125,247.887435913086,0.0,2.5906903743743896,200.0,0.1399804204702377,0.260645833487312
20201106.0,0.2431614249944687,0.1612087190151214,,,,0.0679097846150398,0.0841395333409309,,,,,,,,,,,,
20201107.0,0.2296152114868164,0.1555797755718231,0.074697270989418,0.1121737957000732,0.1108466610312461,,,10.0,0.3965138792991638,1.1143651008605957,291.1464538574219,0.5353973507881165,275.2940979003906,253.59780883789065,0.0017136335372924,2.770250082015991,200.0,0.1389784216880798,0.223525000115236
20201108.0,0.2160275727510452,0.1598499715328216,0.0703218951821327,0.0981828495860099,0.1000403091311454,0.0688283070921897,0.0715659037232399,10.0,0.3965138792991638,1.1143651008605957,293.7803649902344,0.5243922472000122,277.962646484375,258.814453125,0.0,2.9489545822143555,200.0,0.1195215433835983,0.205854165678223
20201109.0,0.2026249915361404,0.1492748111486435,,,,,,,,,,,,,,,,,
20201110.0,0.190932497382164,0.1483817994594574,,,,,,,,,,,,,,,,,
20201111.0,0.178790658712387,0.1538223773241043,,,,0.0760698318481445,0.0753502026200294,,,,,,,,,,,,
20201112.0,0.1715083420276641,0.1648605167865753,,,,,,,,,,,,,,,,,
20201113.0,0.1660793870687484,0.1416973769664764,0.0670798644423484,0.1095121279358863,0.1107801273465156,0.0505676306784153,0.053559985011816,10.0,0.3965138792991638,1.1143651008605957,292.10992431640625,0.4702935814857483,277.04840087890625,258.4515380859375,0.0021106011699885,1.5356152057647705,200.0,0.0839950814843177,0.163016666968664
20201114.0,0.1604481339454651,0.1385834068059921,,,,,,,,,,,,,,,,,
20201115.0,0.1521498709917068,0.1485940366983413,0.0597733817994594,0.0774940326809883,0.0749919638037681,,,10.0,0.3965138792991638,1.1143651008605957,303.1751403808594,0.4484820067882538,286.20294189453125,263.5934753417969,0.0617673136293888,2.8198792934417725,200.0,0.0909991264343261,0.147179167096814
20201116.0,0.1467618346214294,0.1421884894371032,0.0656704157590866,0.1024719402194023,0.1049640849232673,0.0493940152227878,0.0526444278657436,10.0,0.3965138792991638,1.1143651008605957,295.8353271484375,0.4396052956581116,279.34283447265625,261.1584777832031,0.0771327167749404,1.9139152765274048,200.0,0.0834495201706886,0.142772727391937
20201118.0,0.1388382911682129,0.1331290900707245,0.06086091324687,0.0909793153405189,0.0937917977571487,0.0393369011580944,0.0375682860612869,10.0,0.3965138792991638,1.1143651008605957,299.165283203125,0.4349212646484375,281.9412536621094,263.0819702148437,0.0008523463620804,2.0430285930633545,200.0,0.0793203711509704,0.137662498901288
20201119.0,0.1357833296060562,0.1316181570291519,,,,,0.0361339151859283,,,,,,,,,,,,
20201120.0,0.1326086819171905,0.1313155591487884,,,,,,,,,,,,,,,,,
20201121.0,0.1300087571144104,0.1404998749494552,0.0585145317018032,0.0793584585189819,0.0811734125018119,0.0366519317030906,0.0390942096710205,10.0,0.3965138792991638,1.1143651008605957,306.0149230957031,0.4286032021045685,288.4164428710937,268.4920959472656,0.0670144855976104,2.1677396297454834,200.0,0.0727364271879196,0.12435416597873
20201122.0,0.132247194647789,0.1402895152568817,,,,,,,,,,,,,,,,,
20201123.0,0.1608512699604034,0.2058491259813308,0.1244399771094322,0.153227761387825,0.1483594477176666,,0.1137119680643081,10.0,0.3965138792991638,1.1143651008605957,294.77081298828125,0.4245862960815429,273.6495361328125,247.06204223632807,1.0929211378097534,1.760299801826477,200.0,0.1115262731909751,0.191308334469795
20201124.0,0.1540948301553726,0.1682754904031753,0.0852039456367492,0.1062346771359443,0.1049168333411216,,0.0620441287755966,10.0,0.3965138792991638,1.1143651008605957,297.0249328613281,0.4225814342498779,279.893310546875,257.8829650878906,0.0017252847319468,1.52155339717865,200.0,0.0833851397037506,0.176520833124717
20201125.0,0.146398663520813,0.1463209688663482,,,,,,,,,,,,,,,,,
20201126.0,0.1393809616565704,0.1384933590888977,0.0625895708799362,0.0819957181811332,0.082787200808525,0.0547324158251285,0.0565507970750331,10.0,0.3965138792991638,1.1143651008605957,303.19775390625,0.4185791015625,286.1602783203125,265.5308837890625,0.0,1.818895697593689,200.0,0.073293313384056,0.138137499491374
20201127.0,0.1339849978685379,0.1365043669939041,,,,,,,,,,,,,,,,,
20201128.0,0.1323605179786682,0.1418629586696624,,,,,,,,,,,,,,,,,
20201129.0,0.1311543136835098,0.1420935243368148,0.0661012828350067,0.0998746752738952,0.1013693511486053,0.0522577762603759,0.0492263548076152,10.0,0.3965138792991638,1.1143651008605957,296.7909851074219,0.4126059412956238,282.34405517578125,263.0228271484375,0.0,0.8450197577476501,200.0,0.062405876815319,0.155704347983651
20201130.0,0.1290120482444763,0.1287372559309005,,,,,,,,,,,,,,,,,
20201201.0,0.1274393945932388,0.122791051864624,0.0606079809367656,0.0825444087386131,0.0850898399949073,0.049604844301939,0.0467543564736843,10.0,0.3965138792991638,1.1143651008605957,298.19488525390625,0.4087968170642853,283.7421264648437,264.45245361328125,0.0062076370231807,0.6956941485404968,200.0,0.0576427653431892,0.13119583328565
20201202.0,0.1262699365615844,0.1248338520526886,0.061388786882162,0.0793345272541046,0.0811463296413421,,,10.0,0.3965138792991638,1.1143651008605957,296.08673095703125,0.4063895344734192,282.749267578125,263.06298828125,0.002133845584467,0.7271741628646851,200.0,0.0615905448794364,0.12887272678993
20201203.0,0.1250771582126617,0.1259160935878753,,,,,,,,,,,,,,,,,
20201204.0,0.1240094304084777,0.122884415090084,,,,0.0395462438464164,0.0469985045492649,,,,,,,,,,,,
20201205.0,0.1582350134849548,,,,,,,,,,,,,,,,,,
20201206.0,0.1698473393917083,0.2148408442735672,,,,0.1747903525829315,0.1978209763765335,,,,,,,,,,,,
20201207.0,0.1775304526090622,0.1856323629617691,0.1561650484800338,0.1863078474998474,0.1742845624685287,,0.1464888453483581,10.0,0.3965138792991638,1.1143651008605957,288.36737060546875,0.3857687413692474,262.48248291015625,234.99508666992188,1.655495047569275,1.008846879005432,200.0,0.1023518070578575,0.218808333699902
20201208.0,0.17277692258358,0.1746030747890472,,,,,,,,,,,,,,,,,
20201209.0,0.161314383149147,0.1491480320692062,0.0802830457687377,0.1174302771687507,0.1145333349704742,0.0676024556159973,0.0778222009539604,10.0,0.3965138792991638,1.1143651008605957,297.8858947753906,0.3775003254413605,277.0412292480469,255.21099853515625,0.0008583068847656,1.3357409238815308,200.0,0.0770593732595443,0.165258333086967
20201210.0,0.1519597768783569,0.1420154869556427,0.0710791200399398,0.0792034119367599,0.0801659524440765,,,10.0,0.3965138792991638,1.1143651008605957,298.4140625,0.3733824789524078,283.01861572265625,262.724365234375,0.0,1.1620848178863523,200.0,0.0694134682416915,0.147045833369096
20201211.0,0.1447921991348266,0.1358766108751297,,,,,0.0480666533112525,,,,,,,,,,,,
20201212.0,0.1394012570381164,0.1299638897180557,0.0623404532670974,0.075663261115551,0.0786680504679679,,0.0419629514217376,10.0,0.3965138792991638,1.1143651008605957,298.56298828125,0.3651793599128723,283.8324584960937,264.9097900390625,0.0,0.8413620591163635,200.0,0.0593759901821613,0.127250000524024
20201213.0,0.1353297978639602,0.1348495036363601,,,,,,,,,,,,,,,,,
20201214.0,0.1319323927164077,0.1323551684617996,,,,0.0473618656396865,0.0553910955786705,,,,,,,,,,,,
20201215.0,0.1307893544435501,0.1254767775535583,0.0621531382203102,0.0699232071638107,0.0713798552751541,,,10.0,0.3965138792991638,1.1143651008605957,304.60919189453125,0.3529318571090698,288.086181640625,268.3002319335937,0.4019259512424469,0.8917218446731567,200.0,0.0522320568561553,0.111270834070941
20201216.0,0.1845042258501052,0.1323573738336563,,,,,0.0595416128635406,,,,,,,,,,,,
20201217.0,0.1866291910409927,0.15336674451828,0.0805972218513488,0.086553581058979,0.0836622640490531,0.0476586036384105,0.0470595434308052,10.0,0.3965138792991638,1.1143651008605957,302.1374816894531,0.3444967269897461,286.52667236328125,261.92315673828125,0.3674035370349884,1.7142544984817505,200.0,0.0856273025274276,0.108909090811556
20201218.0,0.1738854497671127,0.1376797556877136,0.0641496255993843,0.0864291563630104,0.0855625122785568,,,10.0,0.3965138792991638,1.1143651008605957,295.7039794921875,0.3413175344467163,283.0865783691406,261.13836669921875,0.0008523463038727,1.3081793785095217,200.0,0.0814588665962219,0.10937916704764
20201219.0,0.1611051708459854,0.127429574728012,,,,0.0454979464411735,0.0465407259762287,,,,,,,,,,,,
20201220.0,0.1505373418331146,0.1116707548499107,,,,,,,,,,,,,,,,,
20201221.0,0.1599895358085632,0.1149732619524002,,,,,,,,,,,,,,,,,
20201222.0,0.1771055608987808,0.1539674699306488,,,,0.0679086446762085,0.078096866607666,,,,,,,,,,,,
20201223.0,0.1678514182567596,0.143554076552391,0.0624614544212818,0.0733032524585723,0.0732523575425148,,,10.0,0.3965138792991638,1.1143651008605957,297.26177978515625,0.3430466949939728,282.44073486328125,262.0911865234375,0.0008523463038727,1.2362815141677856,200.0,0.0724804922938346,0.103699999861419
20201224.0,0.1570238620042801,0.1314860582351684,,,,0.0385248847305774,0.038453321903944,,,,,,,,,,,,
20201225.0,0.1478921324014663,0.1165346056222915,0.052023310214281,0.0610899738967418,0.061253510415554,,0.0392773225903511,10.0,0.3965138792991638,1.1143651008605957,299.9664306640625,0.3439337909221649,286.5389404296875,267.2463684082031,0.0012874602107331,1.0831248760223389,200.0,0.0637315288186073,0.0983124999329448
20201226.0,0.1405992954969406,0.1342014819383621,0.0499691478908062,0.0724893882870674,0.0770894065499305,,,10.0,0.3965138792991638,1.1143651008605957,301.5652160644531,0.3443775177001953,285.5954895019531,267.65301513671875,0.0021487474441528,1.0265172719955444,200.0,0.0563652142882347,0.09637500004222
20201227.0,0.1352395415306091,0.1185770258307457,,,,0.0311785843223333,0.0333872511982917,,,,,,,,,,,,
20201228.0,0.132585272192955,0.1150480955839157,0.0475530251860618,0.0685285702347755,0.0732371658086776,,,10.0,0.3965138792991638,1.1143651008605957,296.6589050292969,0.3452654182910919,284.99676513671875,267.24365234375,0.0008523463038727,0.521879255771637,200.0,0.0510948896408081,0.0931347825604936
20201229.0,0.130185380578041,0.1202498376369476,,,,,0.0447401367127895,,,,,,,,,,,,
20201230.0,0.1281049847602844,0.121559552848339,,,,,0.040559098124504,,,,,,,,,,,,
20201231.0,0.1287245452404022,0.1689348369836807,0.2279119044542312,0.1991750001907348,0.1962835490703582,,,10.0,0.3965138792991638,1.1143651008605957,302.7212829589844,0.3468736708164215,264.78076171875,230.4215545654297,3.494047880172729,0.986028790473938,200.0,0.0805186405777931,0.134929167106748
20210101.0,0.169085219502449,0.2129668593406677,,,,0.2089111506938934,0.2670980095863342,,,,,,,,,,,,
20210102.0,0.1773232668638229,,0.2799209952354431,0.2645286023616791,0.2532707154750824,,,10.0,0.3965138792991638,1.1143651008605957,299.5293884277344,0.344386488199234,249.70242309570312,214.54464721679688,2.897878885269165,1.45962393283844,200.0,0.1149547323584556,0.257657894178441
20210103.0,0.1823820918798446,0.2354571223258972,0.1886824965476989,0.1753238290548324,0.1708882302045822,,0.1623889952898025,10.0,0.3965138792991638,1.1143651008605957,300.4231262207031,0.3410760760307312,269.4476318359375,238.00914001464844,0.8312914371490479,1.386055827140808,200.0,0.1172312051057815,0.257908334955573
20210104.0,0.1781945079565048,0.1846538335084915,,,,0.1400067210197448,0.1505478024482727,,,,,,,,,,,,
20210105.0,0.1673614829778671,0.1611430048942566,0.1265114396810531,0.116649754345417,0.1134625673294067,,,10.0,0.3965138792991638,1.1143651008605957,299.0295715332031,0.3353520631790161,279.14556884765625,253.2827606201172,0.0028713338542729,0.991680920124054,200.0,0.0838952884078025,0.175983334581057
20210106.0,0.1840848326683044,0.1554390341043472,,,,0.0789298117160797,0.0881374552845954,,,,,,,,,,,,
20210107.0,0.1798400729894638,0.1440707743167877,,,,,,,,,,,,,,,,,
20210108.0,0.1652925610542297,0.133373275399208,0.0796748697757721,0.0906423777341842,0.0947789177298545,,,10.0,0.3965138792991638,1.1143651008605957,300.65240478515625,0.3266444206237793,283.34783935546875,265.3560791015625,0.0008583068847656,1.2964355945587158,200.0,0.0629091262817382,0.12618749961257
20210109.0,0.1532242000102996,0.1303568482398986,,,,0.0483800247311592,0.05117953941226,,,,,,,,,,,,
20210110.0,0.14299838244915,0.1279134452342987,0.0618915110826492,0.0726469233632087,0.075535736978054,,,10.0,0.3965138792991638,1.1143651008605957,305.8570251464844,0.3208679556846618,288.5889892578125,269.46295166015625,0.0012927236966788,1.1658087968826294,200.0,0.0574109777808189,0.111087499807278
20210111.0,0.1361801475286483,0.1280312240123748,0.0596297979354858,0.0761467739939689,0.0772691667079925,0.0315596722066402,0.0310678426176309,10.0,0.3965138792991638,1.1143651008605957,306.3293762207031,0.3179883360862732,289.412353515625,268.98748779296875,0.0017225742340087,0.8607845306396484,200.0,0.0538117811083793,0.106066667164365
20210112.0,0.1316245645284652,0.1148123443126678,,,,,,,,,,,,,,,,,
20210113.0,0.1285116225481033,0.1292455941438675,0.0547563806176185,0.0937195196747779,0.0980182513594627,,,10.0,0.3965138792991638,1.1143651008605957,306.847900390625,0.3122463524341583,287.45916748046875,269.6614990234375,0.0192571990191936,0.6170719265937805,200.0,0.0444219410419464,0.0972416677201788
20210114.0,0.1265609264373779,0.1216888725757598,,,,0.0353910811245441,0.0415662117302417,,,,,,,,,,,,
20210115.0,0.1254306137561798,0.1144487485289573,,,,,,,,,,,,,,,,,
20210116.0,0.124693214893341,0.1140673905611038,0.0547253303229808,0.0748803988099098,0.0769908353686332,,0.0369579158723354,10.0,0.3965138792991638,1.1143651008605957,295.1776428222656,0.3027267158031463,284.29595947265625,264.922607421875,0.0,0.2299956977367401,200.0,0.0482299551367759,0.0913250005493561
20210117.0,0.1239205002784729,0.1167487353086471,,,,,0.0284432508051395,,,,,,,,,,,,
20210118.0,0.1231952160596847,0.1111233606934547,0.0498119220137596,0.0612239129841327,0.0581503510475158,,,10.0,0.3965138792991638,1.1143651008605957,299.1533203125,0.3086834847927093,287.88641357421875,266.78961181640625,0.000435113790445,0.2978530824184418,200.0,0.0495683774352073,0.0865125001097719
20210119.0,0.1226377561688423,0.1162447184324264,0.0501716919243335,0.0643839165568351,0.0659516677260398,0.0421620123088359,0.0516373179852962,10.0,0.3965138792991638,1.1143651008605957,297.5558166503906,0.3188817501068115,286.20684814453125,267.1170959472656,0.0,0.2700466513633728,200.0,0.0464642159640789,0.0843333334972461
20210120.0,0.1220720410346984,0.1169062629342079,,,,,,,,,,,,,,,,,
20210121.0,0.1215674877166748,0.1202825903892517,0.0547626912593841,0.0760945603251457,0.0786885395646095,,0.0446485802531242,10.0,0.3965138792991638,1.1143651008605957,303.98114013671875,0.3363832235336303,287.8670654296875,268.45867919921875,0.0,0.3722666800022125,200.0,0.0423569679260253,0.0819958336651325
20210122.0,0.1211202293634414,0.1174658685922622,,,,0.0297500658780336,0.0284127332270145,,,,,,,,,,,,
20210123.0,0.1207565143704414,0.1040468662977218,,,,,,,,,,,,,,,,,
20210124.0,0.1205092445015907,0.1165102198719978,0.0581443794071674,0.0715584456920623,0.0717656016349792,0.0348750986158847,0.048677023500204,10.0,0.3965138792991638,1.1143651008605957,309.46246337890625,0.3636219501495361,292.13690185546875,271.13433837890625,0.0,0.4224169254302978,200.0,0.0495910421013832,0.0742875008533398
20210125.0,0.1218352690339088,0.1133170574903488,,,,,,,,,,,,,,,,,
20210126.0,0.3145484924316406,0.1537575721740722,0.1292866915464401,0.1532302349805832,0.1466874629259109,,,10.0,0.3965138792991638,1.1143651008605957,295.3328552246094,0.3820547759532928,276.2073669433594,250.71871948242188,20.626508712768555,1.901761531829834,200.0,0.0924641788005828,0.0791083344568809
20210127.0,0.2712898850440979,0.143544003367424,0.0946200564503669,0.0954557806253433,0.0941576063632965,0.0535277388989925,0.0562761314213275,10.0,0.3965138792991638,1.1143651008605957,301.05780029296875,0.3913532793521881,285.09979248046875,262.19012451171875,1.071944236755371,3.1406056880950928,200.0,0.0970927253365516,0.0805150002241135
20210128.0,0.3450283706188202,,,,,,,,,,,,,,,,,,
20210129.0,0.397074282169342,0.3119842410087585,0.3125855326652527,0.3269656896591186,0.3180044889450073,0.3225010633468628,0.3538621068000793,10.0,0.3965138792991638,1.1143651008605957,293.4799499511719,0.4101145565509796,234.32928466796875,196.45733642578125,22.869121551513672,2.134694814682007,200.0,0.1647491455078125,0.319654166698456
20210130.0,0.3394909501075744,0.2768414616584778,,,,,0.2096926718950271,,,,,,,,,,,,
20210131.0,0.3038197755813598,0.2283669114112854,,,,,,,,,,,,,,,,,
20210201.0,0.293803721666336,0.1997216790914535,0.1824373453855514,0.2148404568433761,0.2062968760728836,0.1563180685043335,0.1740775853395462,10.0,0.3965138792991638,1.1143651008605957,295.2372741699219,0.439262717962265,259.38751220703125,226.6713104248047,0.8885557055473328,2.1533143520355225,200.0,0.1566822528839111,0.233516666417321
20210202.0,0.2738243043422699,0.2011754214763641,,,,,,,,,,,,,,,,,
20210203.0,0.2548995912075043,0.1638732105493545,0.0941069200634956,0.1430258005857467,0.1363868117332458,,0.0916776061058044,10.0,0.3965138792991638,1.1143651008605957,297.52166748046875,0.4512077271938324,276.31182861328125,251.7137756347656,0.0017200664151459,3.09960675239563,200.0,0.1207305416464805,0.177474999800324
20210204.0,0.2656803727149963,0.1601824760437011,0.1581897139549255,0.1735470443964004,0.166668564081192,,0.1645863205194473,10.0,0.3965138792991638,1.1143651008605957,299.0829162597656,0.4526845812797546,270.5201110839844,241.4627227783203,6.480002403259277,3.592344284057617,200.0,0.1322769820690155,0.152058333158493
20210205.0,0.3883941769599914,0.2053323537111282,,,,,,,,,,,,,,,,,
20210206.0,0.3672822713851928,0.2792847752571106,0.2110133469104766,0.2242011576890945,0.2228270471096038,0.2051924169063568,0.2327951937913894,10.0,0.3965138792991638,1.1143651008605957,294.07965087890625,0.4575681388378143,255.41580200195312,219.6984100341797,0.001394392340444,3.373093366622925,200.0,0.1954278647899627,0.293691666175922
20210207.0,0.3402964770793915,0.2139385938644409,,,,,,,,,,,,,,,,,
20210208.0,0.3172140121459961,0.1787759810686111,,,,,0.1125827804207801,,,,,,,,,,,,
20210209.0,0.2976915836334228,0.1681516766548156,0.1005588620901107,0.1313474774360656,0.1265474259853363,0.093785636126995,0.1011078208684921,10.0,0.3965138792991638,1.1143651008605957,298.24676513671875,0.4645567536354065,278.8817138671875,255.8126220703125,0.0194235146045684,3.4432740211486816,200.0,0.1145133823156356,0.184170833478371
20210210.0,0.2790485620498657,0.1611369848251342,,,,,,,,,,,,,,,,,
20210211.0,0.2581385374069214,0.1527143120765686,0.0658502951264381,0.0847563445568084,0.0840839818120002,0.0568697340786457,0.0668355375528335,10.0,0.3965138792991638,1.1143651008605957,301.51934814453125,0.4692315459251404,287.45343017578125,265.4489440917969,1.204902172088623,3.892989158630371,200.0,0.0951612368226051,0.14049999974668
20210212.0,0.2651147842407226,0.1582002639770507,0.0775439739227294,0.110882930457592,0.1088040694594383,,,10.0,0.3965138792991638,1.1143651008605957,296.76544189453125,0.4715736508369446,281.0052795410156,258.1298217773437,0.8311074376106262,2.602134704589844,200.0,0.1034577265381813,0.129812500129143
20210213.0,0.2488174438476562,0.1441596001386642,,,,,,,,,,,,,,,,,
20210214.0,0.2332290112972259,0.135369673371315,0.063876487314701,0.0907568112015724,0.0917012840509414,0.0473028421401977,0.0518509484827518,10.0,0.3965138792991638,1.1143651008605957,297.5697326660156,0.4762672781944275,283.6849365234375,263.22540283203125,0.0029963525012135,3.0974643230438232,200.0,0.0998856872320175,0.12411249987781
20210215.0,0.2182413786649704,0.133717730641365,,,,,,,,,,,,,,,,,
20210216.0,0.2047971338033676,0.1431062072515487,,,,0.0446166172623634,0.0467543564736843,,,,,,,,,,,,
20210217.0,0.1927758306264877,0.128986656665802,0.0591627210378646,0.0803795680403709,0.0863054618239402,,,10.0,0.3965138792991638,1.1143651008605957,299.2794189453125,0.4836176037788391,285.4000244140625,268.111328125,0.0020472349133342,2.6448819637298584,200.0,0.0805601701140403,0.109433333389461
20210218.0,0.1819952577352523,0.1332084536552429,,,,,,,,,,,,,,,,,
20210219.0,0.1723312884569168,0.1453126072883606,0.0530032850801944,0.0767544731497764,0.0784998834133148,0.0419692918658256,0.0427564308047294,10.0,0.3965138792991638,1.1143651008605957,300.35955810546875,0.4848263263702392,287.18023681640625,267.473876953125,0.0,2.5204625129699707,200.0,0.0851517170667648,0.103649999946356
20210221.0,0.1572141051292419,0.1313926428556442,,,,,0.0471510961651802,,,,,,,,,,,,
20210222.0,0.1520003825426101,0.1234540939331054,0.0595111921429634,0.0840461552143096,0.0820499286055564,,0.0509964302182197,10.0,0.3965138792991638,1.1143651008605957,295.5687255859375,0.4810867309570312,284.86639404296875,262.12164306640625,0.0038491443265229,1.6279960870742798,200.0,0.0900974422693252,0.11572083303084
20210223.0,0.1482199281454086,0.1255018264055252,,,,,,,,,,,,,,,,,
20210224.0,0.1454506367444992,0.1362035125494003,,,,0.0464178472757339,0.0571916885673999,,,,,,,,,,,,
20210225.0,0.1423847079277038,0.1248888298869133,0.050395093858242,0.0838230177760124,0.0888183414936065,,,10.0,0.3965138792991638,1.1143651008605957,296.7899475097656,0.4776404500007629,283.0946960449219,265.448486328125,0.0161968506872653,1.410700440406799,200.0,0.0682438984513282,0.104416666552424
20210226.0,0.1396182626485824,0.1253459900617599,,,,,0.039643544703722,,,,,,,,,,,,
20210227.0,0.1368756890296936,0.1184800714254379,0.0487249083817005,0.0806569829583168,0.087329551577568,0.0431168414652347,0.0410473942756652,10.0,0.3965138792991638,1.1143651008605957,297.4111328125,0.4753467738628387,283.3005065917969,266.5735778808594,0.0012884902535006,1.471407771110535,200.0,0.0665055960416793,0.100533332675695
20210228.0,0.1342545300722122,0.1157579645514488,0.0452364273369312,0.0795603692531585,0.0837468653917312,,,10.0,0.3965138792991638,1.1143651008605957,300.5875244140625,0.4742009937763214,285.0531311035156,266.8787536621094,0.0017046927241608,1.5219422578811646,200.0,0.0669996663928031,0.097462499824663
20210301.0,0.132438838481903,0.1228500306606292,,,,0.0488532409071922,0.0547196865081787,,,,,,,,,,,,
20210302.0,0.1314215958118438,0.1202322021126747,0.0521836765110492,0.0807808712124824,0.0858032405376434,,,10.0,0.3965138792991638,1.1143651008605957,292.53302001953125,0.4719117283821106,281.4926147460937,263.90203857421875,0.0,0.7777678966522217,200.0,0.0603576898574829,0.096245833983024
20210303.0,0.130475640296936,0.1251612454652786,,,,,,,,,,,,,,,,,
20210304.0,0.1295646578073501,0.1311863511800766,,,,0.044591587036848,0.0469069480895996,,,,,,,,,,,,
20210305.0,0.1288683116436004,0.1202971041202545,0.0563217401504516,0.0862315371632576,0.089868925511837,,,10.0,0.3965138792991638,1.1143651008605957,292.48077392578125,0.4671258330345154,280.5657653808594,262.2342529296875,0.0012904405593872,0.6701093912124634,200.0,0.0599723346531391,0.0930791664868593
20210306.0,0.1279562711715698,0.1348098814487457,,,,0.0363388359546661,0.0392468050122261,,,,,,,,,,,,
20210307.0,0.1276835501194,0.1126948893070221,0.0584030523896217,0.0691042616963386,0.0653364360332489,,,10.0,0.3965138792991638,1.1143651008605957,298.53289794921875,0.481537252664566,286.4954833984375,264.4218139648437,0.5029100179672241,1.0592448711395264,200.0,0.0697712302207946,0.091070832995077
20210308.0,0.1301398426294326,0.1151309013366699,0.0545995607972145,0.0789175480604171,0.0833988934755325,,,10.0,0.3965138792991638,1.1143651008605957,298.3262939453125,0.4991605579853058,283.57763671875,265.624755859375,0.0239484664052724,0.8051019310951233,200.0,0.05619702860713,0.088474999802808
20210309.0,0.1290363073348999,0.1293862611055374,,,,0.0402708575129509,0.0419629514217376,,,,,,,,,,,,
20210310.0,0.1285596936941146,0.116183616220951,0.0623164698481559,0.0766666531562805,0.079753428697586,,,10.0,0.3965138792991638,1.1143651008605957,298.6066589355469,0.5304254293441772,284.2039794921875,265.456787109375,2.781048059463501,0.9904096722602844,200.0,0.0527399480342865,0.0902208331972361
20210312.0,0.2914206683635711,0.200530931353569,,,,,0.1477095931768417,,,,,,,,,,,,
20210313.0,0.2702386081218719,0.1812582612037658,0.2181639969348907,0.2360318750143051,0.2330621778964996,,,10.0,0.3965138792991638,1.1143651008605957,295.68035888671875,0.579185962677002,253.80581665039065,218.4030914306641,3.275076389312744,2.85415267944336,200.0,0.1687575131654739,0.190504165987174
20210314.0,0.2647472023963928,0.2242637574672699,,,,0.1346901655197143,0.156468391418457,,,,,,,,,,,,
20210315.0,0.2424794137477874,0.1656317859888076,0.0850338712334632,0.1126509457826614,0.109747365117073,,,10.0,0.3965138792991638,1.1143651008605957,291.7466125488281,0.6123825907707214,277.01434326171875,250.79998779296875,0.0,1.825172543525696,200.0,0.1223210841417312,0.16925416700542
20210316.0,0.2252259254455566,0.1485556066036224,0.0765061601996421,0.0962692946195602,0.0950832888484001,,0.078035831451416,10.0,0.3965138792991638,1.1143651008605957,296.2044982910156,0.629187822341919,280.80743408203125,258.46148681640625,0.010314836166799,1.793858766555786,200.0,0.0931002721190452,0.149745831886927
20210317.0,0.2117246091365814,0.1475918740034103,,,,0.0663141757249832,0.0725730136036872,,,,,,,,,,,,
20210318.0,0.2036108523607254,0.1721047759056091,0.1951866894960403,0.1901859790086746,0.1791135966777801,,,10.0,0.3965138792991638,1.1143651008605957,295.9371337890625,0.6632119417190552,265.3145751953125,236.9798583984375,0.3892145752906799,1.3391491174697876,200.0,0.1201198101043701,0.132916665325562
20210319.0,0.1948397308588028,0.207200139760971,,,,0.1024552285671234,0.119815669953823,,,,,,,,,,,,
20210320.0,0.253807932138443,0.1436807662248611,,,,,,,,,,,,,,,,,
20210321.0,0.3633863031864166,0.3018475472927093,0.3000271320343017,0.3879455327987671,0.3656094372272491,,,10.0,0.3965138792991638,1.1143651008605957,292.1383361816406,0.7150834798812866,224.248046875,182.0997314453125,10.694106101989746,2.1378839015960693,200.0,0.2010449469089508,0.334471429387728
20210324.0,0.367169976234436,0.2976612448692322,0.3227470815181732,0.3944872915744781,0.3774938583374023,0.3715235292911529,0.4249092042446136,10.0,0.3965138792991638,1.1143651008605957,291.8253479003906,0.773674726486206,221.1640014648437,181.6285095214844,1.6866790056228638,1.6352102756500244,200.0,0.2868043780326843,0.369878947734833
20210325.0,0.3510495722293854,0.2664026618003845,,,,,,,,,,,,,,,,,
20210326.0,0.3331712782382965,0.2496950924396515,0.2376940995454788,0.2914079129695892,0.2784213125705719,,,10.0,0.3965138792991638,1.1143651008605957,291.6642761230469,0.8149864673614502,240.2120361328125,199.57760620117188,0.1436681151390075,2.0394041538238525,200.0,0.2336781024932861,0.311774997661511
20210327.0,0.3208237290382385,0.2383267730474472,,,,0.2301806360483169,0.251991331577301,,,,,,,,,,,,
20210328.0,0.309054434299469,0.2235379964113235,,,,,,,,,,,,,,,,,
20210329.0,0.2967349588871002,0.211201786994934,0.1640073359012603,0.2174522876739502,0.2049819827079773,0.1829355210065841,0.1920529752969741,10.0,0.3965138792991638,1.1143651008605957,289.668212890625,0.8784182071685791,255.68704223632807,225.11669921875,0.001709257485345,2.068931102752685,200.0,0.1779515892267227,0.251749998579423
20210330.0,0.2858436107635498,0.2052680253982544,,,,,0.173589289188385,,,,,,,,,,,,
20210331.0,0.2752777636051178,0.1887943893671035,,0.1787689924240112,0.1685330420732498,,,10.0,0.3965138792991638,1.1143651008605957,291.8279113769531,0.921600341796875,264.9633483886719,238.35125732421875,0.0017077277880162,2.1247146129608154,200.0,0.1438235938549041,0.217574998736382
20210401.0,0.2649828195571899,0.178700566291809,0.1066146194934845,0.1600967645645141,0.1537448912858963,0.1169899851083755,0.1384014338254928,10.0,0.3965138792991638,1.1143651008605957,292.6679382324219,0.9434598684310912,269.120361328125,242.7667236328125,0.0017239976441487,2.1006577014923096,200.0,0.1359045058488845,0.201304167509079
20210402.0,0.2549462616443634,0.1832055449485778,,,,,,,,,,,,,,,,,
20210403.0,0.2452267408370971,0.1704033315181732,0.0811600983142852,0.1516674607992172,0.1451746225357055,,0.0926236733794212,10.0,0.3965138792991638,1.1143651008605957,294.0628967285156,0.9877153635025024,272.85577392578125,249.1502990722656,0.0008523463620804,2.047747850418091,200.0,0.1140206232666969,0.172749999910593
20210404.0,0.2361722439527511,0.1644321382045745,,,,0.0742319896817207,0.1012909337878227,,,,,,,,,,,,
20210405.0,0.2273872345685959,0.1625988781452179,,,,,,,,,,,,,,,,,
20210406.0,0.2196234315633773,0.1592427343130111,0.0782932043075561,0.1295832842588424,0.1252082884311676,0.0964279696345329,0.1111789271235466,10.0,0.3965138792991638,1.1143651008605957,296.22802734375,1.0575191974639893,276.9263000488281,254.8554229736328,0.0172370932996273,1.7826496362686155,200.0,0.0932630822062492,0.140383332967758
20210407.0,0.2130087465047836,0.1630646139383316,,,,,,,,,,,,,,,,,
20210408.0,0.2059918642044067,0.160765454173088,0.0825722962617874,0.1296424865722656,0.1256171464920044,,,10.0,0.3965138792991638,1.1143651008605957,295.6326599121094,1.0778191089630127,276.7973022460937,256.2796936035156,0.0044503998942673,1.67822527885437,200.0,0.0864219069480896,0.132120832800865
20210409.0,0.2005960494279861,0.1540507674217224,0.0757287964224815,0.1157355457544326,0.1142697855830192,0.0670235306024551,0.0709250196814537,10.0,0.3965138792991638,1.1143651008605957,290.11846923828125,1.0722447633743286,275.89410400390625,255.48370361328125,0.0041895369067788,1.1945993900299072,200.0,0.0858530849218368,0.131116665899754
20210410.0,0.1989897936582565,0.1549477130174636,,,,,,,,,,,,,,,,,
20210411.0,0.1967898905277252,0.1604963093996048,0.0742232501506805,0.113749511539936,0.1127914264798164,0.073245570063591,0.075685903429985,10.0,0.3965138792991638,1.1143651008605957,285.0,1.0677982568740845,272.80548095703125,252.7648162841797,0.1032048314809799,0.8046725392341614,200.0,0.0843512862920761,0.128537500277162
20210412.0,0.1941755712032318,0.1561984568834304,,,,,,,,,,,,,,,,,
20210413.0,0.1906777918338775,0.158486932516098,,,,,,,,,,,,,,,,,
20210414.0,0.1874201744794845,0.1681852340698242,0.064638651907444,0.101017527282238,0.1025483831763267,0.0684652477502822,0.0807519778609275,10.0,0.3965138792991638,1.1143651008605957,288.8044738769531,1.059891939163208,275.0826416015625,256.0237731933594,0.0004351138486526,0.8170192241668701,200.0,0.0749440640211105,0.120554166535536
20210415.0,0.1838674843311309,0.156619131565094,,,,,,,,,,,,,,,,,
20210416.0,0.1802851855754852,0.1581212729215622,0.0648583099246025,0.1016504988074302,0.1019560247659683,0.0600818768143653,0.0607623532414436,10.0,0.3965138792991638,1.1143651008605957,286.95465087890625,1.0546326637268066,274.13653564453125,254.12387084960932,0.0025630716700106,0.9660059809684752,200.0,0.0852613896131515,0.121179166249931
20210417.0,0.1771847456693649,0.153417482972145,0.0664298981428146,0.1040937155485153,0.1030658856034278,,0.0696432366967201,10.0,0.3965138792991638,1.1143651008605957,286.6726379394531,1.052006721496582,273.2889404296875,251.9496459960937,0.000426173210144,0.8696703910827637,200.0,0.0884867161512374,0.121112500317395
20210418.0,0.1744916141033172,0.1592735350131988,,,,,,,,,,,,,,,,,
20210419.0,0.1723016053438186,0.1714999228715896,0.0638964474201202,0.0896859169006347,0.0897407159209251,0.0608353056013584,0.0692159831523895,10.0,0.3965138792991638,1.1143651008605957,288.4333190917969,1.046761989593506,276.1414794921875,255.539794921875,0.0,0.7570269703865051,200.0,0.0783990323543548,0.117883333005011
20210420.0,0.1699737012386322,0.1627795845270156,,,,,,,,,,,,,,,,,
20210421.0,0.1681677550077438,0.1658231914043426,,,,,0.0682393908500671,,,,,,,,,,,,
20210422.0,0.1667270809412002,0.1550453901290893,0.0676514953374862,0.0924531668424606,0.0950404480099678,,0.0607623532414436,10.0,0.3965138792991638,1.1143651008605957,287.5219116210937,1.0388855934143066,273.77655029296875,255.23489379882807,0.0064305495470762,0.5014158487319946,200.0,0.068308874964714,0.117266666765014
20210423.0,0.1650374829769134,0.1633409857749939,,,,,,,,,,,,,,,,,
20210424.0,0.1632627546787262,0.1717242747545242,0.0683502554893493,0.0992460325360298,0.1005485877394676,0.0660632401704788,0.0753502026200294,10.0,0.3965138792991638,1.1143651008605957,286.4603576660156,1.0339919328689575,273.1148681640625,253.929931640625,0.0012940415181219,0.5482819080352783,200.0,0.0734224990010261,0.115533332961301
20210425.0,0.1616458147764206,0.1601459830999374,0.0690986365079879,0.1058531031012535,0.1062398180365562,,,10.0,0.3965138792991638,1.1143651008605957,287.9547424316406,1.031749248504639,272.2857360839844,252.8214111328125,0.001851177890785,0.5900358557701111,200.0,0.0742078647017479,0.115291666549941
20210426.0,0.1597643047571182,0.1748313754796981,,,,,,,,,,,,,,,,,
20210427.0,0.1580451726913452,0.1592355221509933,0.0700224488973617,0.111029252409935,0.1114357262849807,0.0609047710895538,0.0657368674874305,10.0,0.3965138792991638,1.1143651008605957,287.5632019042969,1.0271835327148438,272.1690673828125,253.2669677734375,0.000863607856445,0.6452332139015198,200.0,0.0736231803894043,0.113716666276256
20210428.0,0.1561508029699325,0.1596145778894424,,,,,,,,,,,,,,,,,
20210429.0,0.1540540009737014,0.1770598739385604,,,,0.0637672841548919,0.0662556812167167,,,,,,,,,,,,
20210430.0,0.151896446943283,0.1741595417261123,0.0659195333719253,0.1061718389391899,0.1095961481332779,,,10.0,0.3965138792991638,1.1143651008605957,290.54705810546875,1.0203649997711182,273.8428039550781,256.90447998046875,0.000435113790445,0.7462875843048096,200.0,0.0651749446988105,0.111420832884808
20210501.0,0.1498585641384124,0.1688809990882873,,,,,,,,,,,,,,,,,
20210502.0,0.1483713090419769,0.1766946166753769,0.0747032389044761,0.1061621904373169,0.1072608456015586,0.0659076422452926,0.0697958320379257,10.0,0.3965138792991638,1.1143651008605957,292.64019775390625,1.0158281326293943,275.5805969238281,256.5865478515625,0.0601248070597648,0.6380529999732971,200.0,0.0661869198083877,0.110804166644812
20210503.0,0.1514243483543396,0.1743959039449691,0.0830357670783996,0.1105113476514816,0.1097497567534446,,,10.0,0.3965138792991638,1.1143651008605957,290.7649230957031,1.013562560081482,274.8572998046875,254.32440185546875,0.6897414326667786,0.7166586518287659,200.0,0.0715502724051475,0.11185000029703
20210504.0,0.1655946224927902,0.1820409893989563,,,,0.1455236971378326,0.1685842424631118,,,,,,,,,,,,
20210505.0,0.1767754405736923,0.2009850740432739,0.1055432856082916,0.1476106643676757,0.141390323638916,,0.0909756794571876,10.0,0.3965138792991638,1.1143651008605957,289.12164306640625,1.0090367794036863,268.6165466308594,246.51675415039065,0.0008523463038727,0.5604155659675598,200.0,0.0872233733534812,0.115379166478912
20210506.0,0.1727683693170547,0.189368799328804,,,,,,,,,,,,,,,,,
20210507.0,0.1690703928470611,0.1826507151126861,,,,0.0678967908024787,0.0797143504023552,,,,,,,,,,,,
20210508.0,0.1654510051012039,0.1713891774415969,0.0879509821534156,0.1197010353207588,0.1189794912934303,,,10.0,0.3965138792991638,1.1143651008605957,290.326171875,1.0024127960205078,273.1995849609375,254.4358062744141,0.0014085264410823,0.5911285281181335,200.0,0.0683062970638275,0.115483333046238
20210509.0,0.163296565413475,0.1777407824993133,,,,,0.1012298986315727,,,,,,,,,,,,
20210510.0,0.1840735226869583,0.2020452916622162,0.1583999395370483,,,,0.1514023244380951,,,,,,,,,,,,
20210511.0,0.2177827060222625,0.207568421959877,0.167558267712593,0.2004684805870056,0.1861335039138794,,,10.0,0.3965138792991638,1.1143651008605957,285.3964538574219,0.9917437434196472,258.0393981933594,232.12887573242188,0.7388692498207092,0.6374159455299377,200.0,0.1076995730400085,0.117358332810303
20210512.0,0.2151372581720352,0.2138624936342239,,,,0.1186014264822006,0.1286965608596801,,,,,,,,,,,,
20210513.0,0.2102566361427307,0.1893986761569976,0.1145931705832481,0.1513509452342987,0.1456679999828338,,,10.0,0.3965138792991638,1.1143651008605957,286.8821105957031,0.9836254715919496,266.7875366210937,245.2987060546875,0.3136443793773651,0.7251397967338562,200.0,0.0843655839562416,0.115845832973719
20210514.0,0.2066790610551834,0.1833591610193252,,,,,0.1675160974264145,,,,,,,,,,,,
20210515.0,0.2019384801387787,0.175484225153923,,,,0.0963497906923294,0.1073946356773376,,,,,,,,,,,,
20210516.0,0.1970938891172409,0.1806236505508422,0.100452072918415,0.1316458284854889,0.129120260477066,,,10.0,0.3965138792991638,1.1143651008605957,285.4507751464844,0.971402645111084,267.1298828125,248.4496154785156,0.0020167934708297,0.4895932674407959,200.0,0.0682862251996994,0.108759091659026
20210517.0,0.1932849436998367,0.186029851436615,,,,0.0784561112523078,0.0848109349608421,,,,,,,,,,,,
20210518.0,0.1896298229694366,0.1825868934392929,0.0908564329147338,0.1073008924722671,0.1053794622421264,,,10.0,0.3965138792991638,1.1143651008605957,286.7607421875,0.9632840752601624,270.46759033203125,248.12635803222656,0.0012769917957484,0.486227810382843,200.0,0.0841270834207534,0.110074999121328
20210519.0,0.1857384890317917,0.1778359413146972,0.0917097553610801,0.117559365928173,0.1167942434549331,,,10.0,0.3965138792991638,1.1143651008605957,284.7913513183594,0.9592338800430298,269.3609619140625,249.665771484375,0.0008583068847656,0.4759229123592376,200.0,0.0731001496315002,0.111465217302675
20210520.0,0.1820487827062606,0.1809338927268982,,,,0.0757403373718261,0.0849024951457977,,,,,,,,,,,,
20210521.0,0.1787321865558624,0.1744406819343567,0.0851937606930732,0.1267639100551605,0.1270020902156829,,,10.0,0.3965138792991638,1.1143651008605957,284.99658203125,0.9511514902114868,267.754150390625,251.0706787109375,0.0,0.5069445371627808,200.0,0.0623659901320934,0.11019166590025
20210522.0,0.1757567971944809,0.1820620149374008,,,,0.0685626044869422,0.0750144943594932,,,,,,,,,,,,
20210523.0,0.1726136356592178,0.1779884696006775,,,,,0.0657063499093055,,,,,,,,,,,,
20210524.0,0.1695379167795181,0.172165960073471,0.0907740369439125,0.110746294260025,0.110791876912117,,,10.0,0.3965138792991638,1.1143651008605957,287.8465270996094,0.9383142590522766,271.927490234375,252.06234741210932,0.0008587809279561,0.4617207646369934,200.0,0.0716994628310203,0.109075000199179
20210525.0,0.2487476766109466,0.2296808958053589,,,,0.3140856325626373,0.3451338112354278,,,,,,,,,,,,
20210526.0,0.2803358435630798,0.2708057463169098,0.2527382373809814,0.2867528796195984,0.292480319738388,,,10.0,0.3965138792991638,1.1143651008605957,284.0848693847656,0.9395815134048462,235.1822509765625,199.974609375,0.0395461022853851,0.5758935213088989,200.0,0.2234130352735519,0.319386953892915
20210527.0,0.2619419991970062,0.2542657256126404,0.2441932559013366,0.2558830678462982,0.2525415122509002,,0.2157353460788726,10.0,0.3965138792991638,1.1143651008605957,284.8563232421875,0.9459370970726012,242.9820251464844,210.3392333984375,0.035068929195404,0.5235729217529297,200.0,0.1798597574234008,0.281975004822016
20210528.0,0.2490776032209396,0.233183667063713,,,,,0.2498855590820312,,,,,,,,,,,,
20210529.0,0.2393182665109634,0.2203417271375656,0.2003037929534912,0.2263397723436355,0.2258154600858688,,,10.0,0.3965138792991638,1.1143651008605957,279.94000244140625,0.9562483429908752,246.3496551513672,214.2589263916016,0.0,0.516952633857727,200.0,0.1416786611080169,0.247979166607062
20210530.0,0.2315688282251358,0.2156837284564972,,,,0.1946811825037002,0.2099063098430633,,,,,,,,,,,,
20210531.0,0.2246806472539901,0.21299909055233,,,,,,,,,,,,,,,,,
20210601.0,0.2202258557081222,0.2087690234184265,0.1828130185604095,0.1896209269762039,0.1861359477043151,,0.1937009841203689,10.0,0.3965138792991638,1.1143651008605957,284.3231201171875,0.9722498059272766,255.99966430664065,227.05007934570312,0.2140207886695861,0.4277737140655517,200.0,0.1280529201030731,0.217743479039358
20210602.0,0.2556486427783966,0.2115281820297241,,,,0.1487445682287216,0.1612598001956939,,,,,,,,,,,,
20210603.0,0.2874651253223419,0.2191028594970703,0.1710449904203415,0.1879217326641082,0.1834135055541992,,,10.0,0.3965138792991638,1.1143651008605957,285.95953369140625,0.9829694032669068,257.620849609375,229.4296722412109,0.7689269185066223,0.6678754091262817,200.0,0.1258480846881866,0.200087499494354
20210604.0,0.2724764347076416,0.2087907791137695,0.162248820066452,0.2017279863357544,0.1913152784109115,0.1541248261928558,0.1618396490812301,10.0,0.3965138792991638,1.1143651008605957,281.4273376464844,0.988344669342041,254.39108276367188,228.29953002929688,0.0621120296418666,0.6169413924217224,200.0,0.1087581887841224,0.194133332620064
20210605.0,0.2589700818061828,0.2039770931005478,,,,,,,,,,,,,,,,,
20210606.0,0.2492071539163589,0.2013729214668274,0.1404070109128952,0.1674773693084716,0.1611999422311782,,,10.0,0.3965138792991638,1.1143651008605957,284.0754089355469,0.99912691116333,260.8763427734375,237.3546600341797,0.0020805313251912,0.4763790369033813,200.0,0.0933147817850112,0.179539129137993
20210607.0,0.2414862215518951,0.1985458433628082,,,,0.1276655197143554,0.1476485431194305,,,,,,,,,,,,
20210608.0,0.2896704971790313,0.2105858623981475,,,,,,,,,,,,,,,,,
20210609.0,0.3617323935031891,0.2690418660640716,0.3655901253223419,0.3925193548202514,0.4063003063201904,0.3953268826007843,0.4576860964298248,10.0,0.3965138792991638,1.1143651008605957,281.346435546875,1.0151056051254272,215.30288696289065,180.79544067382807,19.022062301635746,1.202895998954773,200.0,0.1798421591520309,0.197473911487538
20210611.0,0.3202407360076904,0.2682913839817047,0.3053577244281769,0.3226518034934997,0.3377697765827179,,,10.0,0.3965138792991638,1.1143651008605957,283.405029296875,1.0293433666229248,226.11837768554688,186.79742431640625,1.0593476295471191,0.7241262793540955,200.0,0.2588083148002624,0.335895830144485
20210612.0,0.3147836327552795,0.2735251188278198,0.3028273284435272,0.2974286675453186,0.3163406252861023,0.2889848351478576,0.317087322473526,10.0,0.3965138792991638,1.1143651008605957,283.9041442871094,1.03855562210083,229.96975708007807,193.98147583007807,0.2905886769294739,0.5847844481468201,200.0,0.2622096240520477,0.324420833339294
20210613.0,0.3050194382667541,0.2730748951435089,,,,,,,,,,,,,,,,,
20210614.0,0.2974787354469299,0.2619952857494354,0.2854906618595123,0.2716074883937835,0.2892928123474121,,0.2715842127799988,10.0,0.3965138792991638,1.1143651008605957,282.566162109375,1.0561842918395996,235.12843322753903,198.30154418945312,0.0496508255600929,0.5524201989173889,200.0,0.2156144678592682,0.306154165416956
20210615.0,0.2931220829486847,0.256037026643753,,,,,0.3457136750221252,,,,,,,,,,,,
20210616.0,0.3222709596157074,0.2568682730197906,,,,,,,,,,,,,,,,,
20210617.0,0.3314597904682159,0.2828746736049652,0.3492396771907806,0.3543296754360199,0.3614281713962555,0.3558666110038757,0.4060792922973633,10.0,0.3965138792991638,1.1143651008605957,283.1213684082031,1.0829954147338867,224.0292358398437,190.177978515625,2.008580684661865,0.61445552110672,200.0,0.2617475390434265,0.387057897291685
20210619.0,0.3087127208709717,0.2646365761756897,0.2794165015220642,0.3142711520195007,0.3333998620510101,,0.3899044692516327,10.0,0.3965138792991638,1.1143651008605957,282.1515197753906,1.1010050773620603,228.03253173828125,189.3270568847656,0.0012839790433645,0.7125532031059265,200.0,0.2575149536132812,0.362533334642649
20210620.0,0.2992568016052246,0.2475814670324325,0.2782108783721924,0.2956864833831787,0.3179071843624115,0.2747194468975067,0.2778405249118805,10.0,0.3965138792991638,1.1143651008605957,281.0831298828125,1.1100506782531738,229.7377319335937,193.02163696289065,0.0017220586305484,0.6879491806030273,200.0,0.2475026100873947,0.344941669454177
20210621.0,0.2920286953449249,0.2413081377744674,,,,,,,,,,,,,,,,,
20210622.0,0.2856673896312713,0.245212435722351,0.272337406873703,0.2646838724613189,0.278811901807785,0.2592254877090454,0.2977385818958282,10.0,0.3965138792991638,1.1143651008605957,284.8978576660156,1.128222942352295,238.09738159179688,202.98654174804688,0.0056060748174786,0.7736782431602478,200.0,0.2092051953077316,0.320441664506992
20210625.0,0.3569611310958862,0.2791623771190643,0.3667028546333313,0.3762153685092926,0.40730881690979,0.3361170291900635,0.3848384022712707,10.0,0.3965138792991638,1.1143651008605957,282.8363647460937,1.1549596786499023,217.66915893554688,181.444091796875,1.680550217628479,0.773664653301239,200.0,0.3165153861045837,0.385025002062321
20210626.0,0.3500884473323822,0.277661383152008,,,,,,,,,,,,,,,,,
20210627.0,0.346142053604126,0.2788932621479034,0.3502447605133056,0.3725800514221191,0.399531602859497,0.3430536985397339,0.3857234418392181,10.0,0.3965138792991638,1.1143651008605957,281.57373046875,1.1823527812957764,218.16238403320312,183.0645446777344,0.9738958477973938,0.3891313076019287,200.0,0.3118074834346771,0.361920833587646
20210628.0,0.3357789516448974,0.273571103811264,0.3431867361068725,0.3502384126186371,0.3892258405685425,,0.2948393225669861,10.0,0.3965138792991638,1.1143651008605957,281.9618835449219,1.2016746997833252,219.58416748046875,182.8319091796875,0.0082670813426375,0.6509386897087097,200.0,0.3010294437408447,0.354120829453071
20210629.0,0.3263719975948334,0.2696240842342376,,,,,,,,,,,,,,,,,
20210630.0,0.3305728435516357,0.2722117006778717,0.4045838713645935,0.4111343622207641,0.4467980861663818,0.4039925634860992,0.4450819492340088,10.0,0.3965138792991638,1.1143651008605957,283.96929931640625,1.2382872104644775,211.9058837890625,175.91650390625,1.2496808767318726,0.8268082737922668,200.0,0.3120888471603393,0.333016667515039
20210702.0,0.3196002840995788,0.2819477617740631,,,,,0.4199957251548767,,,,,,,,,,,,
20210703.0,0.3226449191570282,0.274588942527771,0.3634037971496582,0.3506301939487457,0.4032629728317261,,0.473677784204483,10.0,0.3965138792991638,1.1143651008605957,280.3553771972656,1.2944343090057373,219.87619018554688,183.37469482421875,1.145134449005127,0.923815369606018,200.0,0.3057038187980652,0.381204166760047
20210704.0,0.322399228811264,0.2685196697711944,,,,,,,,,,,,,,,,,
20210705.0,0.3213058412075043,0.2687284350395202,0.3301547467708587,0.3513826727867126,0.4018973708152771,0.3303590416908264,0.3858455121517181,10.0,0.3965138792991638,1.1143651008605957,281.3426513671875,1.332390069961548,221.2530517578125,181.009033203125,0.2456071376800537,0.3860789835453033,200.0,0.2709720432758331,0.359529164930185
20210706.0,0.3142967522144317,0.2628265619277954,0.323018342256546,0.3329943418502807,0.3838653564453125,,,10.0,0.3965138792991638,1.1143651008605957,280.77642822265625,1.3515255451202393,222.94985961914065,186.86032104492188,0.0973423570394516,0.5267273187637329,200.0,0.2975253760814667,0.353099998086691
20210707.0,0.3080188632011413,0.2585130035877228,,,,,0.3877681791782379,,,,,,,,,,,,
20210708.0,0.3035080432891845,0.2464702725410461,0.3080428540706634,0.3001309931278229,0.3427675366401672,0.2993271350860595,0.3206274509429931,10.0,0.3965138792991638,1.1143651008605957,281.2638854980469,1.3901110887527466,229.28878784179688,193.12936401367188,1.4311037063598633,0.6364606618881226,200.0,0.2224146127700805,0.321327273141254
20210709.0,0.3108114004135132,0.2489478886127472,,,,,,,,,,,,,,,,,
20210710.0,0.3029179573059082,0.2440543323755264,,,,0.282995343208313,0.3281350135803222,,,,,,,,,,,,
20210711.0,0.2965703010559082,0.2429262548685073,0.2755886614322662,0.2980578541755676,0.3134389221668243,,,10.0,0.3965138792991638,1.1143651008605957,281.4524841308594,1.4506328105926514,234.1752319335937,202.09719848632807,0.1107487976551055,0.6124778985977173,200.0,0.2126130610704422,0.296749995513396
20210712.0,0.2956291437149048,0.2431731671094894,,,,,,,,,,,,,,,,,
20210713.0,0.292580783367157,0.2367055118083953,0.2770614326000213,0.3059592247009277,0.3173974156379699,0.2778315842151642,0.312540054321289,10.0,0.3965138792991638,1.1143651008605957,283.0807800292969,1.4673521518707275,234.4476623535156,203.05123901367188,4.335237503051758,0.9618573188781738,200.0,0.1454654186964035,0.288033333917459
20210714.0,0.3446766138076782,0.2739127874374389,0.3757772743701935,0.4164931178092956,0.4467980861663818,,,10.0,0.3965138792991638,1.1143651008605957,281.5910949707031,1.4616904258728027,215.91864013671875,183.65269470214844,2.3513357639312744,0.801754355430603,200.0,0.320503294467926,0.316495833297571
20210715.0,0.3349249958992004,0.2743128836154938,,,,0.3823102116584778,0.4173711240291595,,,,,,,,,,,,
20210716.0,0.3646552860736847,0.2792954444885254,0.4162538349628448,0.4366755783557892,0.4467980861663818,,,10.0,0.3965138792991638,1.1143651008605957,281.9398803710937,1.4563403129577637,210.1927795410156,175.75555419921875,5.938043117523193,1.7907692193984983,200.0,0.3021293580532074,0.383175000548363
20210719.0,0.3423652946949005,0.2724591493606567,0.3660649955272674,0.382472962141037,0.4371897280216217,,,10.0,0.3965138792991638,1.1143651008605957,281.28155517578125,1.4472157955169678,217.81771850585932,183.20523071289065,1.9948186874389648,1.0285260677337646,200.0,0.3165957927703857,0.393768180500377
20210720.0,0.3664301931858063,0.2745145857334137,,,,,0.4662007391452789,,,,,,,,,,,,
20210722.0,0.3394240140914917,0.2703259289264679,0.4093124270439148,0.410166323184967,0.4467980861663818,,,10.0,0.3965138792991638,1.1143651008605957,281.7286071777344,1.438114047050476,211.89920043945312,176.98675537109375,2.476570606231689,1.2400332689285278,200.0,0.3232297897338867,0.374168181961233
20210728.0,0.3338540494441986,0.2534074485301971,,,,0.3402237892150879,0.4028137922286987,,,,,,,,,,,,
20210729.0,0.3232137560844421,0.2467837333679199,0.3207026422023773,0.3573994040489197,0.3985302150249481,,,10.0,0.3965138792991638,1.1143651008605957,281.2122802734375,1.4318840503692627,223.89703369140625,190.35877990722656,0.0012819843832403,1.081710696220398,200.0,0.2922230362892151,0.367716666311026
20210730.0,0.3138079345226288,0.2437320947647094,0.3114161491394043,0.3406236171722412,0.3696733117103576,,,10.0,0.3965138792991638,1.1143651008605957,284.68243408203125,1.447028875350952,228.98231506347656,196.32568359375,0.1890522539615631,1.4485909938812256,200.0,0.2536047995090484,0.346791302380354
20210731.0,0.3093533217906952,0.2475195527076721,,,,0.3076528310775757,0.3763542473316192,,,,,,,,,,,,
20210801.0,0.3194907307624817,0.2473470866680145,0.2969486117362976,0.3224045634269714,0.3592747747898102,,,10.0,0.3965138792991638,1.1143651008605957,280.4858703613281,1.4732050895690918,230.0558013916016,196.42807006835932,0.0005931432824581,1.0629806518554688,200.0,0.2236353904008865,0.328229166567326
20210802.0,0.3183180093765259,0.2429580241441726,,,,0.3474873304367065,0.3987548351287842,,,,,,,,,,,,
20210803.0,0.3321492671966553,0.2494771778583526,,,,,,,,,,,,,,,,,
20210804.0,0.3261089920997619,0.2542285025119781,0.3100500404834747,0.3169874250888824,0.3540571928024292,,,10.0,0.3965138792991638,1.1143651008605957,283.3865051269531,1.5136287212371826,231.5383453369141,198.07830810546875,0.4750736951828003,1.060788631439209,200.0,0.2317225486040115,0.310616665830215
20210805.0,0.315994381904602,0.2474805861711502,,,,0.2934534251689911,0.3280129432678222,,,,,,,,,,,,
20210806.0,0.3106111586093902,0.2470012456178665,0.2829766869544983,0.2966834008693695,0.3415223956108093,,,10.0,0.3965138792991638,1.1143651008605957,283.8338623046875,1.5408167839050293,234.132568359375,199.0076904296875,0.3579570651054382,0.6901949048042297,200.0,0.2333520352840423,0.302491666128238
20210807.0,0.3046196103096008,0.2384870946407318,0.2618610262870788,0.3003295660018921,0.322556734085083,,0.2864467203617096,10.0,0.3965138792991638,1.1143651008605957,283.40087890625,1.5544829368591309,236.0947265625,204.18948364257807,0.0529669634997844,0.8158636093139648,200.0,0.2128413170576095,0.297687503198783
20210808.0,0.2977381944656372,0.2360696047544479,,,,,0.2614215612411499,,,,,,,,,,,,
20210809.0,0.2932238578796386,0.2347952127456665,0.2394503355026245,0.3020353615283966,0.2920251786708832,,,10.0,0.3965138792991638,1.1143651008605957,284.758544921875,1.581958293914795,241.0604553222656,214.1097412109375,0.2468763142824173,0.9795490503311156,200.0,0.1845913082361221,0.281275001664956
20210810.0,0.2851868569850921,0.2229066342115402,,,,0.2421724051237106,0.2885219752788543,,,,,,,,,,,,
20210811.0,0.2861846089363098,0.2257543802261352,,,,,,,,,,,,,,,,,
20210812.0,0.2899996638298034,0.2243745476007461,0.1993996053934097,0.2734351754188537,0.2619243264198303,,0.264839619398117,10.0,0.3965138792991638,1.1143651008605957,284.5271301269531,1.6243804693222046,246.51235961914065,220.2637176513672,0.1767085790634155,1.2363133430480957,200.0,0.165672942996025,0.247512499491374
20210813.0,0.2825092375278473,0.2174267172813415,,,,0.2008770406246185,0.2356029003858566,,,,,,,,,,,,
20210814.0,0.2752851545810699,0.2079154998064041,0.1800967007875442,0.2394675463438034,0.2316554486751556,,,10.0,0.3965138792991638,1.1143651008605957,284.3684387207031,1.6418657302856443,250.72457885742188,224.80789184570312,0.0068096574395895,1.280816674232483,200.0,0.1565466076135635,0.231962500140071
20210815.0,0.2692073285579681,0.2007734477519989,0.1701503992080688,0.2276462912559509,0.2209586203098297,0.1990086734294891,0.2430494129657745,10.0,0.3965138792991638,1.1143651008605957,283.5385437011719,1.6442017555236816,252.3365936279297,226.57247924804688,0.0231471825391054,1.1216996908187866,200.0,0.1549496948719024,0.224295834079385
20210816.0,0.2654567658901214,0.2147025913000106,,,,,,,,,,,,,,,,,
20210817.0,0.2623328864574432,0.2027823477983474,0.1608529984951019,0.235977828502655,0.2207816541194915,,,10.0,0.3965138792991638,1.1143651008605957,282.40869140625,1.6516151428222656,252.0717163085937,229.4815673828125,0.0515522435307502,0.636387288570404,200.0,0.129976600408554,0.212808331474662
20210818.0,0.2586379647254944,0.2021255642175674,,,,0.1623379737138748,0.1943113505840301,,,,,,,,,,,,
20210819.0,0.2537922859191894,0.2030662596225738,,,,,,,,,,,,,,,,,
20210820.0,0.2568211853504181,0.2080585807561874,0.1680649071931839,0.2304798513650894,0.2151694893836975,0.1698911041021347,0.1953794956207275,10.0,0.3965138792991638,1.1143651008605957,285.3232421875,1.662245512008667,255.1040954589844,233.76205444335932,1.198541283607483,1.3818295001983645,200.0,0.1281641721725464,0.198529167100787
20210821.0,0.2534630894660949,0.2066970765590667,,,,,,,,,,,,,,,,,
20210822.0,0.2465777695178985,0.1954663246870041,0.1489762961864471,0.214549258351326,0.206985130906105,,,10.0,0.3965138792991638,1.1143651008605957,288.1261291503906,1.6693477630615234,258.63238525390625,235.530029296875,0.9762895703315736,1.7541263103485107,200.0,0.1395882070064544,0.188791667421659
20210823.0,0.2975255846977234,,0.2887572050094604,0.3378360271453857,0.3533548414707184,0.2862509191036224,0.3045747280120849,10.0,0.3965138792991638,1.1143651008605957,282.0466003417969,1.672903299331665,233.8103485107422,204.0634155273437,5.728691101074219,1.3430877923965454,200.0,0.1501733362674713,0.227241665124893
20210824.0,0.2954916656017303,0.2507299482822418,,,,,,,,,,,,,,,,,
20210825.0,0.2806369364261627,0.222614899277687,0.2141616344451904,0.285745769739151,0.2787103950977325,0.2286441177129745,0.2483901530504226,10.0,0.3965138792991638,1.1143651008605957,282.3072509765625,1.6800237894058228,244.19500732421875,218.6022491455078,0.0161607842892408,1.2104207277297974,200.0,0.1542430371046066,0.211162499462565
20210826.0,0.2704616785049438,0.2243848443031311,,,,,0.2052980065345764,,,,,,,,,,,,
20210827.0,0.2636072635650635,0.204564020037651,,,,,,,,,,,,,,,,,
20210828.0,0.2572707831859588,0.1994555443525314,0.1862979978322982,0.2381969839334488,0.2324465364217758,0.1865453571081161,0.2176580131053924,10.0,0.3965138792991638,1.1143651008605957,284.53692626953125,1.6908060312271118,252.6556396484375,228.1304626464844,1.398255705833435,1.988814353942871,200.0,0.1500693559646606,0.18353478157002
20210829.0,0.261564701795578,0.2057323306798935,,,,,,,,,,,,,,,,,
20210830.0,0.2545890808105469,0.1925994306802749,0.1662952452898025,0.2103041410446167,0.2071413546800613,,0.1526535898447036,10.0,0.3965138792991638,1.1143651008605957,284.2332458496094,1.6969902515411377,256.57928466796875,232.4571990966797,0.0004410743713378,1.3133831024169922,200.0,0.1516216546297073,0.186760870658833
20210831.0,0.2437970042228698,0.2017374038696289,0.1548401415348053,0.2206990271806717,0.2099763303995132,0.1511677205562591,0.1747184693813324,10.0,0.3965138792991638,1.1143651008605957,286.9668884277344,1.6994913816452026,257.2557983398437,235.974853515625,0.000435113790445,2.0355641841888428,200.0,0.1433099061250686,0.181834783243096
