date,era5_land_sm,esa_cci_sm,smap_ib_sm,smap_dca_sm,smap_scav_sm,smos_ic_sm,smos_l3_sm,mcd12c1_IGBP_land_cover,soilgrid_clay_fraction,soilgrid_bulk_density,era5_surface_temperature,vwc_mod13_sf_land,smap_tb_v_corrected,smap_tb_h_corrected,era5_prep,era5_evap,koppen_climate_5_types,pgml_sm,insitu_sm
20150401.0,0.1695546507835388,0.1373454332351684,0.0476682633161544,0.0686900913715362,0.0684501528739929,,,12.0,0.2564709782600403,1.531266450881958,297.4572448730469,1.5739648342132568,280.0517272949219,263.5059814453125,0.0478180609643459,2.332839012145996,200.0,0.1005998626351356,0.130333331103126
20150402.0,0.160115584731102,0.1489275097846985,,,,0.0514827109873294,0.0506302081048488,,,,,,,,,,,,
20150403.0,0.1525702476501464,0.1335471123456955,0.035866018384695,0.0745980069041252,0.0757225900888443,,,12.0,0.2564709782600403,1.531266450881958,295.994384765625,1.5858869552612305,280.668701171875,264.51971435546875,0.0008523463038727,1.209747314453125,200.0,0.0896492227911949,0.114124999692043
20150404.0,0.1498440057039261,0.1368732303380966,,,,,,,,,,,,,,,,,
20150405.0,0.1492990106344223,0.1624975651502609,,,,0.1105507016181945,0.123569443821907,,,,,,,,,,,,
20150406.0,0.1532412022352218,0.1836678832769394,0.1061318144202232,0.1098567321896553,0.1065423041582107,,,12.0,0.2564709782600403,1.531266450881958,297.6453552246094,1.605751395225525,272.32476806640625,255.24508666992188,0.3112447559833526,1.540305256843567,200.0,0.1415570378303527,0.105913042698217
20150407.0,0.1512944996356964,0.1609265506267547,,,,0.0464223660528659,0.0471205785870552,,,,,,,,,,,,
20150408.0,0.1468653976917266,0.1435969471931457,0.0544382035732269,,,,0.0343638435006141,,,,,,,,,,,,
20150409.0,0.1455423831939697,0.1979048103094101,0.136963352560997,0.1734589636325836,0.1588102281093597,,,12.0,0.2564709782600403,1.531266450881958,299.4140625,1.5733851194381714,265.1273803710937,241.2732696533203,0.0377478525042533,1.362289309501648,200.0,0.1790711730718612,0.100083333129684
20150410.0,0.1424621343612671,0.1626416593790054,,,,0.1340821832418441,0.1518295854330063,,,,,,,,,,,,
20150411.0,0.1406588405370712,0.1381179690361023,0.0533456988632679,0.0865258499979972,0.0847105011343956,,,12.0,0.2564709782600403,1.531266450881958,293.7171936035156,1.5387026071548462,277.14276123046875,259.35894775390625,0.166270911693573,0.6725760698318481,200.0,0.0902421101927757,0.0975833333407839
20150412.0,0.1411394029855728,0.1558976471424102,,,,,0.1297036707401275,,,,,,,,,,,,
20150413.0,0.2537012994289398,0.1670363396406173,,,,,0.1634266227483749,,,,,,,,,,,,
20150414.0,0.3207127451896667,0.2255350351333618,0.2041210830211639,0.1966800242662429,0.1960452497005462,,,12.0,0.2564709782600403,1.531266450881958,286.4500732421875,1.4858438968658447,253.9286651611328,222.68914794921875,0.814467191696167,1.81669020652771,200.0,0.1648530513048172,0.0931666664158304
20150415.0,0.2803757786750793,0.2226477265357971,,,,0.1732841581106186,0.201483204960823,,,,,,,,,,,,
20150416.0,0.2434357851743698,0.1736101359128952,,,,,,,,,,,,,,,,,
20150417.0,0.2454845160245895,0.1915893107652664,0.1275026351213455,0.1153548210859298,0.1097849160432815,,0.062868133187294,12.0,0.2564709782600403,1.531266450881958,295.4449768066406,1.433377385139465,274.148193359375,254.6990509033203,11.021721839904783,2.1499264240264893,200.0,0.1084652543067932,0.0942608691428019
20150418.0,0.3248048722743988,,,,,0.1834206730127334,0.1979735642671585,,,,,,,,,,,,
20150419.0,0.2805292904376983,0.2128561735153198,0.1837074905633926,0.1800781786441803,0.1678403615951538,,,12.0,0.2564709782600403,1.531266450881958,291.5512084960937,1.3986172676086426,261.6734924316406,235.9517517089844,0.0,2.898772716522217,200.0,0.1566303670406341,0.0928333336487412
20150420.0,0.2462595254182815,0.1863023787736892,,,,0.0917598307132721,0.090792566537857,,,,,,,,,,,,
20150421.0,0.219604030251503,0.1863886415958404,,,,,,,,,,,,,,,,,
20150422.0,0.1987936645746231,0.1726080924272537,0.0890591740608215,0.0936594307422638,0.0939002707600593,,,12.0,0.2564709782600403,1.531266450881958,295.87261962890625,1.345351219177246,276.22772216796875,260.5863037109375,0.0706662610173225,1.9024109840393064,200.0,0.1046188846230506,0.0930000006531676
20150423.0,0.1881346404552459,,,,,0.2992559969425201,0.3314615190029144,,,,,,,,,,,,
20150424.0,0.1988802701234817,0.2681471705436706,0.2882813811302185,,,,,,,,,,,,,,,,
20150426.0,0.209748163819313,0.239320695400238,,,,,0.1263771504163742,,,,,,,,,,,,
20150427.0,0.3844564855098724,,0.3102829456329345,0.3251649141311645,0.3416801393032074,,,12.0,0.2564709782600403,1.531266450881958,291.4374389648437,1.3320306539535522,231.39697265625,195.73834228515625,36.37314987182617,3.4160749912261963,200.0,0.231009155511856,0.171416667290032
20150428.0,0.3819121122360229,0.2885292172431946,,,,0.2942007184028625,0.3321024179458618,,,,,,,,,,,,
20150429.0,0.3552909791469574,0.2835191786289215,,,,,,,,,,,,,,,,,
20150430.0,0.3184492588043213,0.2274771630764007,0.2272361665964126,,,,0.2735373973846435,,,,,,,,,,,,
20150501.0,0.2879606187343597,0.2139384895563125,,,,,0.2071291208267212,,,,,,,,,,,,
20150502.0,0.2624384760856628,0.1931099891662597,,,,,,,,,,,,,,,,,
20150503.0,0.237972617149353,0.1839600950479507,0.1105348616838455,0.1253668069839477,0.1184260696172714,0.1128760278224945,0.1383709162473678,12.0,0.2564709782600403,1.531266450881958,296.304931640625,1.3356486558914185,272.55474853515625,250.35824584960932,0.0012951614335179,4.161412239074707,200.0,0.1238297969102859,0.123041667975485
20150504.0,0.2185252457857132,0.1797408908605575,,,,,,,,,,,,,,,,,
20150505.0,0.2802443206310272,0.1798089146614074,0.3224274218082428,0.3246737718582153,0.3178533315658569,,0.2462843656539917,12.0,0.2564709782600403,1.531266450881958,293.742919921875,1.3368549346923828,233.93414306640625,201.10501098632807,19.73099136352539,2.8302695751190186,200.0,0.2332471907138824,0.153791666651765
20150506.0,0.363992691040039,0.3304867148399353,,,,0.294632077217102,0.3269142806529999,,,,,,,,,,,,
20150507.0,0.3711917102336883,0.2958372235298157,,,,,,,,,,,,,,,,,
20150508.0,0.3386178314685821,0.2903028428554535,0.3123175799846649,0.3341016173362732,0.3273829817771911,0.2971991300582886,0.330423891544342,12.0,0.2564709782600403,1.531266450881958,296.109619140625,1.3383147716522217,232.2428741455078,194.67794799804688,9.329998970031738,2.3251395225524902,200.0,0.253368079662323,0.255541664858659
20150509.0,0.4101258516311645,0.2870409488677978,,,,,,,,,,,,,,,,,
20150510.0,0.3725107312202453,0.2347239106893539,0.3050329983234405,0.3284730613231659,0.3194041550159454,,,12.0,0.2564709782600403,1.531266450881958,293.7868347167969,1.3438154458999634,233.4760589599609,195.5373687744141,0.0011762473732233,4.87752103805542,200.0,0.2565852105617523,0.241708332672715
20150511.0,0.3379468023777008,0.242996484041214,0.2547479271888733,0.2840042114257812,0.2742007970809936,0.2309132069349289,0.2453382909297943,12.0,0.2564709782600403,1.531266450881958,291.423828125,1.3492074012756348,240.0655670166016,201.84518432617188,0.0025932530406862,4.225502967834473,200.0,0.2332485020160675,0.223583333815138
20150512.0,0.3165642321109772,0.2257088124752044,,,,,,,,,,,,,,,,,
20150514.0,0.3756954073905945,,,,,,0.2490310370922088,,,,,,,,,,,,
20150515.0,0.3788153827190399,0.2449303120374679,,,,,,,,,,,,,,,,,
20150516.0,0.3636098206043243,0.2516752183437347,0.287492960691452,0.2710255980491638,0.2576984167098999,0.2471010237932205,0.2757652401924133,12.0,0.2564709782600403,1.531266450881958,296.6280517578125,1.3736261129379272,244.07989501953125,205.07241821289065,1.568190574645996,3.9247326850891113,200.0,0.2460653483867645,0.233583334212502
20150517.0,0.3383427262306213,0.2524571120738983,,,,,,,,,,,,,,,,,
20150518.0,0.3034760951995849,0.2182979583740234,0.2232064008712768,0.2118267118930816,0.2091633230447769,,0.2084719389677047,12.0,0.2564709782600403,1.531266450881958,295.542724609375,1.383474349975586,253.3591461181641,220.76803588867188,0.0554256364703178,4.580818176269531,200.0,0.2023089379072189,0.225173913914224
20150519.0,0.2903129160404205,0.1978533565998077,0.231278121471405,0.1969840228557586,0.1914077997207641,,0.1524094343185424,12.0,0.2564709782600403,1.531266450881958,296.4404602050781,1.3884038925170898,258.4598083496094,227.1141662597656,4.521602630615234,2.642733335494995,200.0,0.168175458908081,0.211916665236155
20150520.0,0.3694415688514709,0.2368588894605636,,,,,,,,,,,,,,,,,
20150521.0,0.4094237983226776,0.2544387280941009,0.2220117300748825,0.2201116532087326,0.2184371501207351,0.1976037174463272,0.219092383980751,12.0,0.2564709782600403,1.531266450881958,287.39263916015625,1.3982733488082886,249.63751220703125,216.62551879882807,16.307924270629883,2.4222960472106934,200.0,0.1670285165309906,0.1922083341827
20150522.0,0.4087180197238922,0.2351895868778228,,,,,,,,,,,,,,,,,
20150523.0,0.4055352509021759,0.3329962193965912,,,,,0.2739646732807159,,,,,,,,,,,,
20150524.0,0.4136132895946502,0.2829475104808807,0.3261451125144958,0.3346011340618133,0.3244079351425171,0.3252381980419159,0.3283181190490722,12.0,0.2564709782600403,1.531266450881958,294.6640930175781,1.4143385887145996,230.5020446777344,194.7603759765625,18.529943466186523,3.7670273780822754,200.0,0.2564597725868225,0.263181817802516
20150525.0,0.3918933570384979,0.2690721452236175,,,,,,,,,,,,,,,,,
20150526.0,0.3858275413513183,0.2696428596973419,0.3082859218120575,0.3033995330333709,0.2923114001750946,0.2589696645736694,0.2893459796905517,12.0,0.2564709782600403,1.531266450881958,294.2120361328125,1.4091070890426636,234.9745330810547,198.6717834472656,3.3817808628082275,3.767677307128906,200.0,0.2576739490032196,0.232291666169961
20150527.0,0.3845598101615906,0.2538124322891235,0.2711578011512756,0.2516245245933532,0.2437695413827896,,,12.0,0.2564709782600403,1.531266450881958,296.9202880859375,1.397214651107788,246.3861083984375,210.4281005859375,0.2770034968852997,3.982410907745361,200.0,0.2407254427671432,0.218666665876905
20150528.0,0.3566805720329284,0.2377194017171859,,,,,,,,,,,,,,,,,
20150529.0,0.3813671767711639,,0.329761654138565,0.3307254016399383,0.3222858309745788,0.2994512319564819,0.3342081904411316,12.0,0.2564709782600403,1.531266450881958,297.2879943847656,1.377419352531433,232.1996459960937,197.02984619140625,11.0781831741333,4.056584358215332,200.0,0.2614530622959137,0.266625002026558
20150530.0,0.3798526525497436,0.2717573642730713,,,,,,,,,,,,,,,,,
20150531.0,0.3720352053642273,0.2747224569320678,,,,0.2415584325790405,0.2685018479824066,,,,,,,,,,,,
20150601.0,0.3453105092048645,0.2579894661903381,0.2773090898990631,0.2415560632944107,0.2375665456056594,,,12.0,0.2564709782600403,1.531266450881958,296.5780334472656,1.347100019454956,247.66607666015625,214.23171997070312,0.0243009347468614,4.93562650680542,200.0,0.2233632355928421,0.224791668355465
20150602.0,0.3179304003715515,0.2388997673988342,,,,,,,,,,,,,,,,,
20150603.0,0.2921036183834076,0.2168133705854416,0.2125598043203354,0.1736877262592315,0.1646609008312225,0.1492896825075149,0.1657765507698059,12.0,0.2564709782600403,1.531266450881958,299.1463623046875,1.3269617557525637,264.8956604003906,235.94464111328125,0.0008583068847656,5.498908042907715,200.0,0.1689402759075164,0.194166666517655
20150604.0,0.2691158652305603,0.2046441435813903,0.1717960089445114,0.1658334136009216,0.1496035307645797,,,12.0,0.2564709782600403,1.531266450881958,299.7015075683594,1.3169150352478027,268.7650756835937,244.8378295898437,0.0,5.232875823974609,200.0,0.1477885246276855,0.176500000059605
20150605.0,0.2487317770719528,0.1909866780042648,,,,,0.1465803980827331,,,,,,,,,,,,
20150606.0,0.2313322722911834,0.1839547902345657,0.1158164963126182,0.1335747390985489,0.1232118681073188,,0.0713827908039093,12.0,0.2564709782600403,1.531266450881958,299.5282897949219,1.296866536140442,275.5986328125,255.05160522460932,0.0017235468840226,4.7065205574035645,200.0,0.1200242191553115,0.149916666249434
20150607.0,0.2150481939315796,0.1781363636255264,,,,,,,,,,,,,,,,,
20150608.0,0.2004237473011016,0.1656688451766967,,,,0.0688192248344421,0.1003753766417503,,,,,,,,,,,,
20150609.0,0.1909876614809036,0.1617220342159271,,0.1001147925853729,0.0945798307657241,,,12.0,0.2564709782600403,1.531266450881958,301.4179382324219,1.2651469707489014,282.5193176269531,261.2668762207031,0.0,4.191275119781494,200.0,0.1042770519852638,0.121208333099882
20150610.0,0.1791860163211822,0.1694511771202087,,,,,0.1119113713502883,,,,,,,,,,,,
20150611.0,0.1669050306081771,0.1777157932519912,0.1141066998243331,0.1220339760184288,0.1144691854715347,0.042002759873867,0.0578936114907264,12.0,0.2564709782600403,1.531266450881958,302.7162475585937,1.2667828798294067,279.1254272460937,259.6605224609375,0.0008583068847656,4.439866065979004,200.0,0.1170071735978126,0.109833333020409
20150612.0,0.1581893265247345,0.1668785512447357,0.0799916759133338,0.1072604805231094,0.1032892987132072,,,12.0,0.2564709782600403,1.531266450881958,303.2633056640625,1.2808616161346436,282.15411376953125,263.95361328125,0.0131072038784623,3.391776323318481,200.0,0.1085785180330276,0.105874999426305
20150613.0,0.1606209427118301,0.2024269551038742,,,,0.2760754823684692,0.3064668774604797,,,,,,,,,,,,
20150614.0,0.18754543364048,0.2608827948570251,0.3020781278610229,0.3254464566707611,0.3209613263607025,,,12.0,0.2564709782600403,1.531266450881958,300.9278869628906,1.3034448623657229,236.24026489257807,200.4549102783203,8.421529769897461,3.2555599212646484,200.0,0.226410299539566,0.226374999930461
20150615.0,0.2763630747795105,0.2720353007316589,,,,,,,,,,,,,,,,,
20150616.0,0.368758887052536,0.2973881363868713,,,,0.2359083294868469,0.2572099864482879,,,,,,,,,,,,
20150617.0,0.3443587720394134,0.281644344329834,,,,,,,,,,,,,,,,,
20150618.0,0.3055694699287414,0.2681443095207214,,,,0.1856647878885269,0.2114017158746719,,,,,,,,,,,,
20150619.0,0.2674430012702942,0.2381266057491302,0.2237657904624939,,,,,,,,,,,,,,,,
20150620.0,0.234656810760498,0.2114507853984832,0.1639477312564849,0.1773272305727005,0.1627079844474792,,,12.0,0.2564709782600403,1.531266450881958,301.28875732421875,1.373796463012695,268.0673217773437,241.63101196289065,0.1223548278212547,4.425568580627441,200.0,0.1673005670309066,0.166874998559554
20150621.0,0.2132231742143631,0.2093591094017028,,,,0.0953723937273025,0.1127658933401107,,,,,,,,,,,,
20150622.0,0.1972642093896865,0.1835445761680603,0.107215903699398,,,,,,,,,,,,,,,,
20150623.0,0.1806916296482086,0.1798345744609832,,,,0.0499471500515937,0.0663167238235473,,,,,,,,,,,,
20150624.0,0.1674553900957107,0.1722427606582641,,,,,0.0484633930027484,,,,,,,,,,,,
20150625.0,0.1582882553339004,0.1591378301382064,0.0745547413825988,0.0917840301990509,0.0902245342731475,,,12.0,0.2564709782600403,1.531266450881958,303.81317138671875,1.4343069791793823,284.26080322265625,266.9667053222656,0.0706817582249641,3.677915334701538,200.0,0.1087176203727722,0.122208333884676
20150626.0,0.1514587551355362,0.1726818680763244,,,,0.0513242371380329,0.0585039816796779,,,,,,,,,,,,
20150627.0,0.1504886448383331,0.1867072433233261,0.1349198967218399,,,,,,,,,,,,,,,,
20150628.0,0.1463332623243332,0.1825105845928192,0.0875856429338455,0.1027874052524566,0.0989879816770553,,0.0601519830524921,12.0,0.2564709782600403,1.531266450881958,302.707275390625,1.43559992313385,281.5955810546875,262.90203857421875,0.0,3.360477924346924,200.0,0.1171915903687477,0.109541666073104
20150629.0,0.1416677683591842,0.1594265103340149,,,,,0.0725424960255622,,,,,,,,,,,,
20150630.0,0.1384210586547851,0.1893712282180786,0.2631105780601501,0.2640378773212433,0.245727851986885,,,12.0,0.2564709782600403,1.531266450881958,306.0452575683594,1.4273943901062012,251.48712158203125,220.59991455078125,0.0034665158018469,2.9115686416625977,200.0,0.2156871259212494,0.135791666805744
20150701.0,0.1358339786529541,0.2297499030828476,,,,0.1768947690725326,0.1936704665422439,,,,,,,,,,,,
20150702.0,0.1342604309320449,0.2048339992761612,,,,,,,,,,,,,,,,,
20150703.0,0.1377399116754531,0.1811846494674682,0.1222080886363983,0.1254729479551315,0.1175967156887054,,,12.0,0.2564709782600403,1.531266450881958,305.77850341796875,1.4143102169036863,279.91650390625,259.5877990722656,0.1913289129734039,2.391706705093384,200.0,0.1353070437908172,0.149500000601014
20150704.0,0.1363169103860855,0.1753038465976715,,,,0.0687057450413703,0.0694906488060951,,,,,,,,,,,,
20150705.0,0.1344905346632003,0.1718724220991134,0.0911491140723228,,,,,,,,,,,,,,,,
20150706.0,0.1333459317684173,0.1568373143672943,0.076655812561512,0.0963509380817413,0.095057412981987,0.0482065863907337,0.0531022064387798,12.0,0.2564709782600403,1.531266450881958,306.3928527832031,1.4012508392333984,285.11627197265625,268.4454345703125,0.0008559238631278,1.9871805906295776,200.0,0.1058070287108421,0.115375000052154
20150707.0,0.264567106962204,0.1388917118310928,,,,,,,,,,,,,,,,,
20150708.0,0.3733131885528564,0.3572874367237091,0.3167978525161743,0.3250657618045807,0.3122564554214477,,,12.0,0.2564709782600403,1.531266450881958,296.4222717285156,1.392558217048645,237.90158081054688,205.513427734375,7.287755966186523,3.247009992599488,200.0,0.2450864017009735,0.256583331152797
20150709.0,0.3166120946407318,0.3003740608692169,,,,0.2594745755195617,0.2781762182712555,,,,,,,,,,,,
20150710.0,0.2723600268363952,0.2799538075923919,,,,,,,,,,,,,,,,,
20150711.0,0.2413807958364486,0.2545324563980102,0.2510521709918976,0.2387876659631729,0.2383144497871399,0.2297996282577514,0.3096713125705719,12.0,0.2564709782600403,1.531266450881958,301.8044128417969,1.3781499862670898,253.18283081054688,219.6771697998047,0.0025868415832519,4.812655448913574,200.0,0.2357363998889923,0.224625000730157
20150712.0,0.211576372385025,0.2586247324943542,,,,,0.1237525567412376,,,,,,,,,,,,
20150713.0,0.1880313754081726,0.2103421837091446,,,,,,,,,,,,,,,,,
20150714.0,0.170026957988739,0.1852549612522125,0.1290718615055084,0.1502567678689956,0.1370756924152374,0.0981512889266014,0.1193884089589119,12.0,0.2564709782600403,1.531266450881958,304.0927124023437,1.4012055397033691,276.14569091796875,254.424072265625,0.0012814997462555,4.132349967956543,200.0,0.1519573628902435,0.175833331421018
20150715.0,0.157975748181343,0.1738427132368087,,,,,,,,,,,,,,,,,
20150716.0,0.1505078077316284,0.1717209964990615,0.0874165073037147,0.1066914573311805,0.102960355579853,,0.0990020483732223,12.0,0.2564709782600403,1.531266450881958,304.438720703125,1.4261833429336548,283.5963134765625,265.0198974609375,0.0017166137695312,3.191387414932251,200.0,0.1150463372468948,0.143000000466903
20150717.0,0.1452894508838653,0.1617867648601532,,,,,0.052400279790163,,,,,,,,,,,,
20150718.0,0.1411843001842498,0.1593398153781891,,,,,,,,,,,,,,,,,
20150719.0,0.1379164010286331,0.1522045731544494,0.0653315559029579,0.0902080610394477,0.0894883424043655,0.0567647591233253,0.0584124289453029,12.0,0.2564709782600403,1.531266450881958,306.4559326171875,1.464663863182068,286.8642272949219,269.8778076171875,0.0,2.505665302276612,200.0,0.102568544447422,0.112916666393479
20150720.0,0.1355639398097992,0.1572645306587219,,,,,,,,,,,,,,,,,
20150721.0,0.133730262517929,0.1699675619602203,,,,,,,,,,,,,,,,,
20150722.0,0.1332526504993438,0.1707901507616043,0.1019918248057365,0.1262556910514831,0.1180227249860763,0.0642296522855758,0.0589922778308391,12.0,0.2564709782600403,1.531266450881958,307.5331420898437,1.503355622291565,281.6324462890625,262.8968200683594,0.8469271659851074,2.068755388259888,200.0,0.135767251253128,0.100041667620341
20150723.0,0.139316126704216,0.1594640761613845,,,,,,,,,,,,,,,,,
20150724.0,0.1356317102909088,0.145070806145668,0.0648801997303962,0.0930768698453903,0.0913598239421844,0.0551691204309463,0.0575579106807708,12.0,0.2564709782600403,1.531266450881958,308.3588256835937,1.5292677879333496,287.41314697265625,269.894287109375,0.0008612871170043,2.1395480632781982,200.0,0.1082996279001236,0.0952499993145466
20150725.0,0.1332705020904541,0.1473148465156555,,,,,,,,,,,,,,,,,
20150726.0,0.1319285780191421,0.1495934128761291,,,,,,,,,,,,,,,,,
20150727.0,0.1311458945274353,0.1465910375118255,0.0565725937485694,,,0.0486961863934993,0.0485244318842887,,,,,,,,,,,,
20150728.0,0.1307064890861511,0.1487185060977935,,,,,,,,,,,,,,,,,
20150729.0,0.1320237219333648,0.1408540606498718,,,,0.025777269154787,0.035950805991888,,,,,,,,,,,,
20150730.0,0.1311157941818237,0.1420982033014297,0.0567727945744991,0.0860781520605087,0.0867082327604293,,0.0664693117141723,12.0,0.2564709782600403,1.531266450881958,308.93682861328125,1.5597403049468994,288.8208923339844,272.4434814453125,0.0021468144841492,1.452776551246643,200.0,0.0978034064173698,0.0871739128361578
20150731.0,0.1306231766939163,0.1439250707626342,,,,,,,,,,,,,,,,,
20150801.0,0.1332636624574661,0.1564574986696243,0.2182091474533081,0.2522920668125152,0.2326048016548156,0.2352192103862762,0.2718893885612488,12.0,0.2564709782600403,1.531266450881958,305.9522705078125,1.5396974086761477,257.5303649902344,227.60903930664065,0.3322312235832214,1.0498180389404297,200.0,0.1725551635026931,0.118958333817621
20150802.0,0.1360540837049484,0.2361771613359451,,,,,,,,,,,,,,,,,
20150803.0,0.1361377835273742,0.1962939649820327,,,,,0.1813409775495529,,,,,,,,,,,,
20150804.0,0.1361179649829864,0.1743196249008178,0.1240400969982147,0.1492897421121597,0.137320876121521,,0.1594592183828354,12.0,0.2564709782600403,1.531266450881958,306.67706298828125,1.5085973739624023,276.4110717773437,253.72024536132807,1.0212992429733276,1.6654329299926758,200.0,0.1482618153095245,0.176833332826694
20150805.0,0.1365610510110855,0.1695844978094101,,,,,,,,,,,,,,,,,
20150806.0,0.1337696611881256,0.1636157035827636,,,,0.0958225056529045,0.1060823425650596,,,,,,,,,,,,
20150807.0,0.1319185048341751,0.1392752528190612,0.0600274614989757,0.0859103575348854,0.085499383509159,,,12.0,0.2564709782600403,1.531266450881958,309.79754638671875,1.4776324033737185,288.255126953125,271.0971984863281,0.0,1.239964485168457,200.0,0.0991280078887939,0.118749999751647
20150808.0,0.1309280544519424,0.1505334377288818,,,,,,,,,,,,,,,,,
20150809.0,0.1304565072059631,0.1401461064815521,0.0534720346331596,0.0762852132320404,0.0790655389428138,0.0445317327976226,0.0463881343603134,12.0,0.2564709782600403,1.531266450881958,309.7777709960937,1.4570643901824951,289.9110717773437,274.27783203125,0.0,1.0797888040542605,200.0,0.0861283987760543,0.101500000804663
20150810.0,0.1302235424518585,0.1391590386629104,,,,,,,,,,,,,,,,,
20150811.0,0.1305769830942154,0.1330412328243255,,,,0.0467312224209308,0.0434278398752212,,,,,,,,,,,,
20150812.0,0.1384190022945404,0.1341109126806259,0.0424258150160312,,,,,,,,,,,,,,,,
20150813.0,0.1372955292463302,0.1341917067766189,,,,,,,,,,,,,,,,,
20150814.0,0.1354006826877594,0.1298846304416656,,,,0.0532037839293479,0.0599078349769115,,,,,,,,,,,,
20150815.0,0.156655728816986,0.1332517862319946,0.0971844941377639,0.1134787425398826,0.1090400665998458,,,12.0,0.2564709782600403,1.531266450881958,306.5846252441406,1.3926273584365845,284.48883056640625,266.49578857421875,0.5400646924972534,1.653808832168579,200.0,0.1065213233232498,0.0869583326081435
20150816.0,0.1485659629106521,0.1466396600008011,,,,0.0491191558539867,0.0570085756480693,,,,,,,,,,,,
20150817.0,0.1418197453022003,0.1282677054405212,0.0524436570703983,0.0765089243650436,0.0799347311258316,,0.0426038391888141,12.0,0.2564709782600403,1.531266450881958,305.7702331542969,1.369325041770935,288.7723693847656,273.5680847167969,0.0008523463038727,0.9723579287528992,200.0,0.0720985680818557,0.0845416666318973
20150818.0,0.1373510509729385,0.1177635490894317,,,,,,,,,,,,,,,,,
20150819.0,0.1345694810152053,0.1362280398607254,,,,0.0553774908185005,0.0565202794969081,,,,,,,,,,,,
20150820.0,0.1402454376220703,0.1357699036598205,0.0592478513717651,0.0789822489023208,0.0801930278539657,,,12.0,0.2564709782600403,1.531266450881958,298.6053771972656,1.3344457149505615,285.2686767578125,269.01495361328125,0.6277338862419128,0.8473278284072876,200.0,0.0647305473685264,0.0768636363473806
20150821.0,0.1395726501941681,0.145552396774292,,,,,0.056825466454029,,,,,,,,,,,,
20150822.0,0.1370916068553924,0.136262908577919,0.0529939457774162,,,,0.0435499139130115,,,,,,,,,,,,
20150823.0,0.1354205459356308,0.1377469897270202,0.0432143025100231,0.0731156170368194,0.0781983435153961,,,12.0,0.2564709782600403,1.531266450881958,308.1875,1.2997452020645142,288.5884704589844,274.11199951171875,0.8501021862030029,0.84583979845047,200.0,0.0764060765504837,0.08108333311975
20150824.0,0.1416260600090026,0.1583084464073181,,,,0.047695618122816,0.0503555424511432,,,,,,,,,,,,
20150825.0,0.1379557251930236,0.1437266170978546,0.0582131035625934,0.0743733569979667,0.0792539715766906,,,12.0,0.2564709782600403,1.531266450881958,306.8660888671875,1.276710867881775,288.31500244140625,273.82891845703125,0.184164896607399,0.8116708397865295,200.0,0.0726177245378494,0.0793333342298865
20150826.0,0.1377611011266708,0.1428964734077453,,,,,,,,,,,,,,,,,
20150827.0,0.1346690356731414,0.1348725855350494,,,,0.0358353443443775,0.0362254716455936,,,,,,,,,,,,
20150828.0,0.1327225863933563,0.1312726587057113,0.0391332246363163,0.0628050789237022,0.0646303370594978,,,12.0,0.2564709782600403,1.531266450881958,306.7667236328125,1.242074966430664,290.77593994140625,274.7489013671875,0.0446958132088184,0.578810453414917,200.0,0.0586790814995765,0.0770833330849807
20150829.0,0.1325939446687698,0.1058074757456779,,,,0.0427117422223091,0.0433057658374309,,,,,,,,,,,,
20150830.0,0.1339261531829834,0.1257583498954773,0.0491273030638694,,,,,,,,,,,,,,,,
20150831.0,0.1323639452457428,0.1309730559587478,0.0423257760703563,0.078486680984497,0.0789658054709434,,,12.0,0.2564709782600403,1.531266450881958,305.3445739746094,1.213863968849182,288.028076171875,271.2137756347656,0.000870227755513,0.5102933049201965,200.0,0.0647478476166725,0.0760833335419496
20150901.0,0.1314209699630737,0.1269911825656891,,,,0.0502850040793418,0.0576494634151458,,,,,,,,,,,,
20150902.0,0.1308484673500061,0.1340166330337524,0.0503450110554695,0.0858831852674484,0.0893392860889434,,,12.0,0.2564709782600403,1.531266450881958,305.9536437988281,1.1967068910598757,286.869140625,272.312744140625,0.0008523463038727,0.4542298913002014,200.0,0.0743024498224258,0.0757826080788737
20150903.0,0.1304949522018432,0.1213085055351257,,,,0.0333367772400379,0.0214239936321973,,,,,,,,,,,,
20150904.0,0.1302964091300964,0.1394808739423751,,,,,0.0282906591892242,,,,,,,,,,,,
20150905.0,0.1302305907011032,0.1238572672009468,0.0419706441462039,0.066785380244255,0.0650794208049774,,,12.0,0.2564709782600403,1.531266450881958,306.8125305175781,1.1711938381195068,291.0631103515625,272.869384765625,0.0136060714721679,0.3696937561035156,200.0,0.0549634508788585,0.0742083343987664
20150906.0,0.1302081048488617,0.1267702132463455,,,,0.0374553464353084,0.0473952442407608,,,,,,,,,,,,
20150907.0,0.130125418305397,0.1246438696980476,0.0375254116952419,0.0690060928463935,0.0680014342069625,,,12.0,0.2564709782600403,1.531266450881958,307.6757507324219,1.1542414426803589,291.4249267578125,273.6162109375,0.0,0.3961699903011322,200.0,0.0573520176112651,0.0742916679009795
20150908.0,0.1300701349973678,0.1237886697053909,0.0371649488806724,0.0738470479846,0.0784063786268234,,0.0528885759413242,12.0,0.2564709782600403,1.531266450881958,307.9030456542969,1.1457817554473877,289.94940185546875,275.1869506835937,0.0012958926381543,0.3839164078235626,200.0,0.0631366521120071,0.0745416668554147
20150909.0,0.1312316954135894,0.1149616464972496,,,,,0.1011383384466171,,,,,,,,,,,,
20150910.0,0.131583496928215,0.1367865204811096,0.0514874532818794,0.0927687957882881,0.0921927094459533,,,12.0,0.2564709782600403,1.531266450881958,304.7462158203125,1.1288963556289673,286.16705322265625,269.4440612792969,0.0303528625518083,0.3756225407123565,200.0,0.0671429112553596,0.0721739145076793
20150911.0,0.1315421909093856,0.1385887116193771,,,,0.0573255158960819,0.0632648691534996,,,,,,,,,,,,
20150912.0,0.1387488842010498,0.1407674700021743,,,,,,,,,,,,,,,,,
20150913.0,0.1387504339218139,0.1409131437540054,0.0726402774453163,0.112061507999897,0.1074692159891128,,0.0443739145994186,12.0,0.2564709782600403,1.531266450881958,301.8509521484375,1.1034092903137207,281.27398681640625,261.6736145019531,0.0115584032610058,0.4484691917896271,200.0,0.078886441886425,0.072291667573154
20150914.0,0.1359940022230148,0.1403505504131317,,,,0.0390619114041328,0.0405896194279193,,,,,,,,,,,,
20150915.0,0.1339235603809356,0.1153566911816597,0.0445934049785137,0.0818570777773857,0.083204336464405,,,12.0,0.2564709782600403,1.531266450881958,303.3876037597656,1.0895991325378418,286.3280944824219,270.28131103515625,0.0008583068847656,0.3669261336326599,200.0,0.0569125302135944,0.0731666671733062
20150916.0,0.1325797289609909,0.1429083347320556,0.0454291179776191,0.0625279247760772,0.0619609020650386,0.0446556769311428,0.0448927283287048,12.0,0.2564709782600403,1.531266450881958,304.1045227050781,1.0845237970352173,289.440673828125,272.4641418457031,0.0004410743713378,0.2959433197975158,200.0,0.0458498671650886,0.0718750016142925
20150917.0,0.1317340284585952,0.1302098631858825,,,,,,,,,,,,,,,,,
20150918.0,0.131125807762146,0.1384842842817306,0.0482340306043624,0.0744316130876541,0.075418084859848,,,12.0,0.2564709782600403,1.531266450881958,306.12188720703125,1.0736138820648191,289.115966796875,272.5501403808594,0.0017108175670728,0.274525374174118,200.0,0.0551641769707202,0.0718260880397714
20150919.0,0.1505629122257232,0.1428446471691131,,,,0.204682394862175,0.2438123673200607,,,,,,,,,,,,
20150920.0,0.2197801023721695,0.1707002073526382,,,,,,,,,,,,,,,,,
20150921.0,0.2856231331825256,0.1581383645534515,0.0876924097537994,0.1302409023046493,0.1235255151987075,0.1304542869329452,0.1497543305158615,12.0,0.2564709782600403,1.531266450881958,298.2738037109375,1.057428956031799,277.0146484375,253.7611846923828,0.1481364667415619,2.821382999420166,200.0,0.1111107096076011,0.0708181824196469
20150922.0,0.2374870032072067,0.1497136652469635,,,,,0.0734885707497596,,,,,,,,,,,,
20150923.0,0.2023195773363113,0.1384071111679077,0.0470139235258102,0.0833457708358764,0.0843236297369003,,,12.0,0.2564709782600403,1.531266450881958,301.1246643066406,1.0466623306274414,285.8007202148437,269.62127685546875,0.1339212954044342,1.892644643783569,200.0,0.0732279047369957,0.0754166670764486
20150924.0,0.1822177916765213,0.1342372447252273,0.0436509363353252,0.0951537862420082,0.0948141887784004,0.0609610192477703,0.0701315328478813,12.0,0.2564709782600403,1.531266450881958,301.3141784667969,1.0412859916687012,283.8436279296875,267.6495361328125,0.0017081112600862,1.518008589744568,200.0,0.0781323313713073,0.0740416667734583
20150925.0,0.166994959115982,0.1304783970117569,,,,,,,,,,,,,,,,,
20150926.0,0.1574810445308685,0.1290171444416046,0.0418620146811008,0.0777625143527984,0.0770692154765129,,0.0532242804765701,12.0,0.2564709782600403,1.531266450881958,300.073486328125,1.0305474996566772,286.20361328125,268.77410888671875,0.3748818039894104,0.7818031311035156,200.0,0.0565233528614044,0.0715416666741173
20150927.0,0.1544468849897384,0.1267010569572448,,,,,0.0583819076418876,,,,,,,,,,,,
20150928.0,0.1484168171882629,0.1314382553100586,,,,,,,,,,,,,,,,,
20150929.0,0.1438267529010772,0.1302443295717239,0.0425401106476783,0.0723052844405174,0.0761175528168678,0.0486423633992672,0.0509353913366794,12.0,0.2564709782600403,1.531266450881958,301.0524597167969,1.014675855636597,284.7299194335937,269.79010009765625,0.0008523463038727,0.5965822339057922,200.0,0.0575998723506927,0.0694166667138537
20150930.0,0.1401173770427703,0.1329656243324279,,,,,,,,,,,,,,,,,
20151001.0,0.1372142285108566,0.1241112053394317,0.0361676625907421,0.0668577924370765,0.0718439668416976,,0.0435193963348865,12.0,0.2564709782600403,1.531266450881958,301.6623229980469,1.0015218257904053,286.2232971191406,271.73126220703125,0.0005660727038048,0.3929972350597381,200.0,0.0490235686302185,0.0685000009834766
20151002.0,0.1359559595584869,0.1324872225522995,0.0519657358527183,0.0938459560275077,0.0924947932362556,0.0382283441722393,0.031434066593647,12.0,0.2564709782600403,1.531266450881958,298.0383605957031,0.9934455156326294,281.9827880859375,264.9828491210937,0.130226582288742,0.3190047442913055,200.0,0.0509477443993091,0.0676666676687698
20151003.0,0.1355774849653244,0.1449250280857086,,,,,,,,,,,,,,,,,
20151004.0,0.1368176788091659,0.1386230140924453,0.0415945649147033,0.0756341516971588,0.0767814069986343,0.0466781258583068,0.0435804314911365,12.0,0.2564709782600403,1.531266450881958,295.8589782714844,0.9779649972915648,281.55889892578125,265.4000244140625,0.0,0.282075822353363,200.0,0.0459995567798614,0.0649583341243366
20151005.0,0.1446289122104644,0.1375602781772613,,,,,,,,,,,,,,,,,
20151006.0,0.1565459966659546,0.1353547722101211,,,,,,,,,,,,,,,,,
20151007.0,0.1510544419288635,0.1298538446426391,0.0413722582161426,0.0708260312676429,0.0722428262233734,0.0408113561570644,0.0426648780703544,12.0,0.2564709782600403,1.531266450881958,298.3216552734375,0.9546985626220704,283.27789306640625,267.12750244140625,0.000435113790445,0.511947512626648,200.0,0.0525341033935546,0.0653043481642785
20151008.0,0.1468657106161117,0.1399161964654922,,,,,,,,,,,,,,,,,
20151009.0,0.1447971165180206,0.1474278420209884,,0.1265501528978347,0.1190489754080772,0.0715716704726219,0.0764793828129768,12.0,0.2564709782600403,1.531266450881958,298.44000244140625,0.939237415790558,276.49774169921875,255.61199951171875,0.034811832010746,0.2945140898227691,200.0,0.0769439712166786,0.0647083337729176
20151010.0,0.1427170783281326,0.1654826402664184,0.0981727764010429,0.1096547394990921,0.1048631072044372,,,12.0,0.2564709782600403,1.531266450881958,296.8641052246094,0.9315218925476074,277.3856201171875,256.76287841796875,0.0008523463038727,0.3156461119651794,200.0,0.0652056634426117,0.0640476202326161
20151011.0,0.1402008831501007,0.1582868993282318,,,,,,,,,,,,,,,,,
20151012.0,0.1375972777605056,0.1457585841417312,0.0574300624430179,0.0860593616962432,0.0812381953001022,0.0491682887077331,0.0473647266626358,12.0,0.2564709782600403,1.531266450881958,300.7329406738281,0.9161206483840942,284.15936279296875,263.3714904785156,0.0008523463038727,0.2875435650348663,200.0,0.0511660762131214,0.066958334762603
20151013.0,0.13566455245018,0.1262774765491485,,,,,,,,,,,,,,,,,
20151014.0,0.1339193731546402,0.1219653412699699,,,,,0.0386669524013996,,,,,,,,,,,,
20151015.0,0.1326489299535751,0.1307742744684219,0.0478834323585033,0.0710693970322609,0.0729167535901069,,0.046601764857769,12.0,0.2564709782600403,1.531266450881958,301.36737060546875,0.8918118476867676,284.63311767578125,268.687744140625,0.0008583068847656,0.2238689512014389,200.0,0.0477217137813568,0.0640000007115304
20151016.0,0.134909301996231,0.1355836242437362,,,,,,,,,,,,,,,,,
20151017.0,0.1360533386468887,0.118181012570858,0.0350272729992866,0.0629697740077972,0.0712632313370704,0.0414305180311203,0.0466933213174343,12.0,0.2564709782600403,1.531266450881958,295.0731506347656,0.8921992778778076,282.6538391113281,269.68328857421875,0.0017245395574718,0.2220790088176727,200.0,0.0402788184583187,0.0599999996307104
20151018.0,0.1346213817596435,0.1266988515853881,0.040917620062828,0.0766469240188598,0.0794890075922012,,,12.0,0.2564709782600403,1.531266450881958,296.3124389648437,0.9020485281944276,281.1046142578125,265.9403991699219,0.0,0.1989706605672836,200.0,0.0446732826530933,0.060043477817722
20151019.0,0.1334804594516754,0.1223901286721229,,,,,0.0379955433309078,,,,,,,,,,,,
20151020.0,0.132724642753601,0.1273755133152008,0.0443498343229293,0.073041945695877,0.0782545879483223,0.0398034304380416,0.0395214706659317,12.0,0.2564709782600403,1.531266450881958,297.4292297363281,0.917676568031311,281.92108154296875,267.78192138671875,0.0008523463620804,0.1344881653785705,200.0,0.0437805727124214,0.0584545453841036
20151021.0,0.1322834342718124,0.1344544738531112,,,,,,,,,,,,,,,,,
20151022.0,0.1560607403516769,0.1992237418889999,,,,0.3420145213603973,0.3857539594173431,,,,,,,,,,,,
20151023.0,0.2993961572647095,,0.2972554564476013,,,,,,,,,,,,,,,,
20151024.0,0.2877035140991211,0.2581419348716736,,,,,,,,,,,,,,,,,
20151025.0,0.2685981094837188,0.2495407909154892,0.271401047706604,,,0.2490680366754531,0.2745750248432159,,,,,,,,,,,,
20151026.0,0.243031620979309,,0.2438938021659851,0.2510551512241363,0.2516924738883972,,,12.0,0.2564709782600403,1.531266450881958,287.498779296875,0.9663649797439576,241.95046997070312,209.1372985839844,0.0,1.1963459253311155,200.0,0.2029693126678466,0.19058333337307
20151027.0,0.2251477688550949,0.2181217819452285,,,,0.1914408951997757,0.2088686823844909,,,,,,,,,,,,
20151028.0,0.2079556584358215,0.2054817378520965,0.2184839844703674,0.2063491344451904,0.2064963281154632,,,12.0,0.2564709782600403,1.531266450881958,290.8996887207031,0.9826824069023132,252.55593872070312,220.37139892578125,0.0,1.062442421913147,200.0,0.1730543375015258,0.17350000080963
20151030.0,0.2836543321609497,0.2155520468950271,,,,0.2970313131809234,0.3136387169361114,,,,,,,,,,,,
20151031.0,,,,,,,,12.0,0.2564709782600403,1.531266450881958,290.8387145996094,1.007274150848389,233.72979736328125,200.81149291992188,0.1885287463665008,2.005336046218872,200.0,0.2432665824890136,0.244791665424903
20151101.0,0.3124556243419647,0.24043008685112,,,,,0.3047578334808349,,,,,,,,,,,,
20151102.0,0.2906602919101715,0.2252227067947387,,0.265275627374649,0.2632359564304352,,0.234290599822998,12.0,0.2564709782600403,1.531266450881958,288.4991760253906,1.0232951641082764,239.72146606445312,207.3028564453125,0.0008603500318713,1.9469244480133057,200.0,0.2203928530216217,0.211041667809089
20151103.0,0.2711416482925415,0.2252629846334457,0.2590977847576141,0.2275042533874511,0.2234349548816681,,,12.0,0.2564709782600403,1.531266450881958,291.3929443359375,1.031071424484253,248.37196350097656,216.9069061279297,0.0004410743713378,1.8177567720413208,200.0,0.1977129876613617,0.200125001370907
20151104.0,0.2569735646247864,0.2109020948410034,,,,0.1928033828735351,0.2147587537765503,,,,,,,,,,,,
20151105.0,0.2930603921413421,0.2119438350200653,0.2453338950872421,0.2079299539327621,0.1996500790119171,,,12.0,0.2564709782600403,1.531266450881958,295.10894775390625,1.0467597246170044,255.6767578125,225.75735473632807,8.90041446685791,2.586252212524414,200.0,0.1508982330560684,0.183291667451461
20151106.0,0.3172363340854645,0.1976080387830734,,,,,0.1256752163171768,,,,,,,,,,,,
20151107.0,0.2920023500919342,0.2029828578233719,,,,0.1754342019557953,0.1616870611906051,,,,,,,,,,,,
20151108.0,0.274794727563858,0.1909182965755462,0.1960512697696685,0.1864030510187149,0.1800223886966705,,,12.0,0.2564709782600403,1.531266450881958,284.6820068359375,1.0703470706939695,255.46636962890625,226.2820281982422,0.0,1.178822636604309,200.0,0.1509461104869842,0.156916668638587
20151109.0,0.2629575431346893,0.1900785565376281,,,,0.1493008434772491,0.1693166941404342,,,,,,,,,,,,
20151110.0,0.2510301768779754,0.1916477978229522,0.1776753067970276,0.1769052296876907,0.1624900996685028,,,12.0,0.2564709782600403,1.531266450881958,290.4776611328125,1.0861215591430664,260.3426208496094,235.33355712890625,0.000435113790445,1.4407978057861328,200.0,0.1464544087648391,0.148083332926035
20151111.0,0.2387560755014419,0.1813971847295761,0.1828314512968063,0.1627691835165023,0.1501727104187011,,,12.0,0.2564709782600403,1.531266450881958,292.4989318847656,1.0940237045288086,264.75390625,240.4178466796875,0.0282356273382902,1.959093451499939,200.0,0.1421322077512741,0.144124998400609
20151112.0,0.2248189747333526,0.1768515557050705,,,,0.1128109395503997,0.1239661872386932,,,,,,,,,,,,
20151113.0,0.2174661010503769,0.1588226854801178,0.1369693875312805,0.1592899858951568,0.1443223804235458,,,12.0,0.2564709782600403,1.531266450881958,284.6553039550781,1.1098577976226809,262.35223388671875,240.9634246826172,0.0021355680655688,1.0848361253738403,200.0,0.1322519183158874,0.129083333536983
20151114.0,0.2123076319694519,0.1644142717123031,,,,0.0963232368230819,0.0987884178757667,,,,,,,,,,,,
20151115.0,0.2489220350980758,0.1724879890680313,,,,,,,,,,,,,,,,,
20151116.0,0.3021007180213928,0.2055717408657074,0.2245491594076156,0.1904799491167068,0.1849092841148376,,,12.0,0.2564709782600403,1.531266450881958,290.8475341796875,1.1344510316848757,255.0632476806641,225.1747589111328,2.0885841846466064,1.288275957107544,200.0,0.1565878987312317,0.119291665653388
20151117.0,0.3286447823047638,0.1995761841535568,,,,0.2860910296440124,0.3036591708660126,,,,,,,,,,,,
20151118.0,0.3046368956565857,0.2068140655755996,0.2403862476348877,0.2444953471422195,0.2458622902631759,,,12.0,0.2564709782600403,1.531266450881958,283.93463134765625,1.1409603357315063,241.0838928222656,208.2287139892578,0.0,1.834510803222656,200.0,0.2076007574796676,0.116458332166076
20151119.0,0.2857032418251037,0.1983034312725067,0.2234642952680587,0.2116695046424865,0.2112581878900528,,0.2508621513843536,12.0,0.2564709782600403,1.531266450881958,284.11932373046875,1.1384316682815552,247.84898376464844,214.01614379882807,0.000426173210144,1.306341528892517,200.0,0.1749128848314285,0.114791666778425
20151120.0,0.2748313546180725,0.1920154690742492,,,,,0.1836298704147339,,,,,,,,,,,,
20151121.0,0.2640604674816131,0.1863896548748016,0.1909114867448806,0.1933327317237854,0.1863922178745269,,,12.0,0.2564709782600403,1.531266450881958,282.733642578125,1.1358340978622437,252.7724151611328,223.4151306152344,0.0030100336298346,1.0973304510116575,200.0,0.1557395905256271,0.113304347447727
20151124.0,0.2401379197835922,0.1732525080442428,0.1600573509931564,0.1617109328508377,0.1522932052612304,,0.1725821644067764,12.0,0.2564709782600403,1.531266450881958,285.2896728515625,1.1314791440963743,257.3753967285156,231.55938720703125,0.000426173210144,1.11195170879364,200.0,0.1473279595375061,0.108458333959182
20151125.0,0.2338059395551681,0.174327939748764,,,,0.1349746882915496,0.1333048492670059,,,,,,,,,,,,
20151126.0,0.2669843137264251,0.1754423975944519,0.1528839617967605,0.1326923966407776,0.1261498630046844,,,12.0,0.2564709782600403,1.531266450881958,291.0466003417969,1.1285773515701294,267.5772705078125,242.5228729248047,10.78662109375,0.9932111501693726,200.0,0.1071724295616149,0.108708332292736
20151127.0,0.3937067091464996,0.2599672675132751,0.3371888697147369,0.3970077037811279,0.3530523478984833,0.2970913052558899,0.2967925071716308,12.0,0.2564709782600403,1.531266450881958,280.1942749023437,1.1271270513534546,221.99002075195312,194.25152587890625,24.327016830444336,1.5043646097183228,200.0,0.228704571723938,0.123599999025464
20151129.0,0.4281173944473266,0.3241064846515655,0.3679944574832916,0.3970077037811279,0.3900850713253021,,,12.0,0.2564709782600403,1.531266450881958,275.38922119140625,1.1242274045944214,213.3134002685547,186.84939575195312,16.431262969970703,0.8352190256118774,200.0,0.2678911089897156,0.26024999593695
20151130.0,0.3985694944858551,0.2962833344936371,,,,0.2774014174938202,0.2750023007392883,,,,,,,,,,,,
20151201.0,0.3774600625038147,0.244999885559082,,,,,,,,,,,,,,,,,
20151202.0,0.3620827198028564,0.2343261539936065,0.3022191524505615,0.2924368381500244,0.2922649085521698,0.2501965463161468,0.2530594766139984,12.0,0.2564709782600403,1.531266450881958,279.5350952148437,1.119426965713501,225.99224853515625,193.06640625,0.0021517276763916,1.287126541137695,200.0,0.2519285678863525,0.226583332444231
20151203.0,0.3493853807449341,0.2278908491134643,,,,,,,,,,,,,,,,,
20151204.0,0.3390129804611206,0.2187268137931823,0.285065621137619,0.267786830663681,0.2593108713626861,,,12.0,0.2564709782600403,1.531266450881958,280.9294128417969,1.1220901012420654,232.3694610595703,196.73703002929688,0.0008523463620804,1.1624455451965332,200.0,0.2332736551761627,0.212125002096097
20151205.0,0.3300661444664001,0.211402952671051,,,,0.2362342029809951,0.251747190952301,,,,,,,,,,,,
20151206.0,0.3216356039047241,0.2163524478673935,,,,,,,,,,,,,,,,,
20151207.0,0.3131377100944519,0.2088353931903839,0.2671389281749725,0.2375368028879165,0.2311752438545227,0.2101384699344635,0.2395397871732711,12.0,0.2564709782600403,1.531266450881958,280.7720947265625,1.134895086288452,239.2398376464844,208.1408843994141,0.0008523463038727,1.273723840713501,200.0,0.2097305953502655,0.195749999334415
20151208.0,0.3045911490917206,,,,,,0.1497238129377365,,,,,,,,,,,,
20151209.0,0.2956543862819671,,,,,,,,,,,,,,,,,,
20151210.0,0.2880816459655761,0.1927088797092437,0.2337864190340042,0.22090445458889,0.2029527872800827,0.1927600800991058,0.2110660076141357,12.0,0.2564709782600403,1.531266450881958,286.3926696777344,1.147270441055298,246.86587524414065,219.21194458007807,0.0008523463620804,1.7844481468200684,200.0,0.1885546445846557,0.181499999637405
20151211.0,0.2790259122848511,,,,,,,,,,,,,,,,,,
20151212.0,0.2726654410362243,0.1743598729372024,0.2224589735269546,0.2059919089078903,0.1822685003280639,,0.1571092903614044,12.0,0.2564709782600403,1.531266450881958,289.3409423828125,1.155534029006958,253.0267333984375,228.5057373046875,0.5239933729171753,0.8069143295288086,200.0,0.174283355474472,0.174541663378477
20151213.0,0.3598916232585907,0.2315984219312667,0.3053892254829407,0.3029839694499969,0.2800439000129699,,0.2680135369300842,12.0,0.2564709782600403,1.531266450881958,285.83502197265625,1.1596696376800537,233.79656982421875,203.80258178710932,11.903807640075684,2.013068437576294,200.0,0.2255364954471588,0.177181816913865
20151215.0,0.3198499679565429,0.1972735375165939,,,,0.2440362721681594,0.2444837838411331,,,,,,,,,,,,
20151219.0,0.2825930416584015,,,,,,,,,,,,,,,,,,
20151220.0,0.2749600112438202,,0.2112492471933365,,,0.17161226272583,0.1644642502069473,,,,,,,,,,,,
20151221.0,0.2690870761871338,,0.1785085499286651,0.1929522007703781,0.1682135164737701,,,12.0,0.2564709782600403,1.531266450881958,285.3350524902344,1.1742676496505735,252.9863128662109,230.447982788086,0.0029851016588509,1.4858630895614624,200.0,0.1624755561351776,0.175499999895692
20151222.0,0.2611129581928253,,,,,,,,,,,,,,,,,,
20151223.0,0.2509211301803589,0.1653112769126892,0.1848917156457901,0.1533449441194534,0.1428349912166595,0.161468356847763,0.1704153567552566,12.0,0.2564709782600403,1.531266450881958,288.9585266113281,1.1646068096160889,259.84429931640625,234.56179809570312,0.0093366168439388,1.8643052577972408,200.0,0.1519110798835754,0.170416668678323
20151224.0,0.2432653605937957,,,,,,,,,,,,,,,,,,
20151225.0,0.2388287633657455,,,,,0.1313662230968475,0.1502731442451477,,,,,,,,,,,,
20151226.0,0.2816600203514099,,0.140221819281578,0.1295884400606155,0.1211300492286682,,0.0811487138271331,12.0,0.2564709782600403,1.531266450881958,285.3176574707031,1.149697184562683,263.95330810546875,241.29592895507807,16.412628173828125,0.4875585436820984,200.0,0.1148941069841384,0.158500002076228
20151231.0,0.381065309047699,0.2365612983703613,,,,,0.2760094106197357,12.0,0.2564709782600403,1.531266450881958,273.5568542480469,1.1246684789657593,225.0020751953125,196.6505584716797,0.0010960537474602,0.2158952951431274,200.0,0.2585989236831665,0.259374998509884
20160101.0,0.3822232484817505,,,,,,,,,,,,,,,,,,
20160102.0,0.3771932125091553,0.2420827895402908,,,,0.3094604611396789,0.3166600465774536,,,,,,,,,,,,
20160106.0,0.373245894908905,,0.3009618818759918,0.2605941891670227,0.2526671290397644,,,12.0,0.2564709782600403,1.531266450881958,281.0912475585937,1.110992431640625,230.69839477539065,197.49591064453125,2.906446695327759,0.6270608901977539,200.0,0.2267744094133377,0.227181815965609
20160107.0,0.3705192506313324,,,,,0.2547409236431122,0.2530289590358734,,,,,,,,,,,,
20160108.0,0.3494042456150055,0.2073091119527816,0.2850421667098999,0.2586818635463714,0.2509153485298157,,,12.0,0.2564709782600403,1.531266450881958,281.087890625,1.1074001789093018,232.70883178710932,199.3959350585937,0.3504926264286041,0.8507614135742188,200.0,0.2316677272319793,0.225125002364318
20160113.0,0.3268044888973236,0.2025573402643203,,,,,0.204199343919754,,,,,,,,,,,,
20160114.0,0.3179741203784942,,0.2590075135231018,0.2437647581100464,0.231312096118927,,,12.0,0.2564709782600403,1.531266450881958,280.9208679199219,1.0965983867645264,235.700439453125,205.135986328125,0.0025841332972049,1.5629408359527588,200.0,0.2231665402650833,0.22670833269755
20160115.0,0.3075522184371948,,,,,0.2273772805929184,0.2442091107368469,,,,,,,,,,,,
20160116.0,0.3036915957927704,0.1809507012367248,0.2426822781562805,0.2222753465175628,0.2135231792926788,,,12.0,0.2564709782600403,1.531266450881958,278.92706298828125,1.0924922227859497,241.04324340820312,210.13140869140625,1.0920933485031128,0.8417121171951294,200.0,0.1880265772342682,0.216916666676601
20160121.0,0.2874088585376739,0.1861883401870727,0.2253730744123459,,,,,,,,,,,,,,,,
20160124.0,0.2713257074356079,,0.1894019246101379,0.1653754115104675,0.1586863696575164,,,12.0,0.2564709782600403,1.531266450881958,282.5107421875,1.1268024444580078,250.61795043945312,222.1345977783203,0.0008523463620804,1.6819992065429688,200.0,0.1657725423574447,0.188874998440345
20160125.0,0.2616562247276306,,,,,0.1772716343402862,0.1774651259183883,,,,,,,,,,,,
20160126.0,0.2553894221782684,,,,,,,,,,,,,,,,,,
20160128.0,0.2486096769571304,,,,,0.1545873582363128,0.1652882546186447,,,,,,,,,,,,
20160129.0,0.2420753985643386,,0.1710492372512817,,,,,,,,,,,,,,,,
20160130.0,0.2320247292518615,,0.1522997468709945,0.1704180240631103,0.1506290137767791,0.1305831968784332,0.1656544655561447,12.0,0.2564709782600403,1.531266450881958,285.8155822753906,1.1573975086212158,255.15586853027344,233.6571655273437,0.0008523463620804,2.0866990089416504,200.0,0.1529890298843383,0.168124999850988
20160131.0,0.2211327850818634,0.1596328318119049,,,,,0.122348703444004,,,,,,,,,,,,
20160201.0,0.2160737514495849,,0.1266542673110962,0.1511088460683822,0.1351518779993057,,,12.0,0.2564709782600403,1.531266450881958,283.9990539550781,1.1672366857528689,259.2469177246094,240.30844116210932,0.0036233237478882,1.4896340370178225,200.0,0.1390592604875564,0.159541665886839
20160202.0,0.2099580913782119,0.1509995311498642,,,,0.1429370194673538,0.1558275073766708,,,,,,,,,,,,
20160203.0,0.2051461935043335,,,,,,,,,,,,,,,,,,
20160205.0,0.2007436603307724,,,,,,0.1496627777814865,,,,,,,,,,,,
20160206.0,0.1971501260995865,,0.1216496974229812,,,,,,,,,,,,,,,,
20160207.0,0.1936216503381729,,0.1176140010356903,0.1257133483886718,0.1172810494899749,0.1242227926850318,0.1378215849399566,12.0,0.2564709782600403,1.531266450881958,281.3701171875,1.225014567375183,259.57427978515625,239.76058959960932,0.0008523463038727,1.327932834625244,200.0,0.1376529484987259,0.135761906703313
20160208.0,0.1893401741981506,,,,,,,,,,,,,,,,,,
20160209.0,0.1858198195695877,,0.1032382771372795,0.1195156574249267,0.1124287545680999,,0.0868556797504425,12.0,0.2564709782600403,1.531266450881958,281.7054748535156,1.2460206747055054,261.0260314941406,242.03445434570312,0.0,1.4183721542358398,200.0,0.1346830427646637,0.128476191489469
20160211.0,0.1759699583053589,0.1331135332584381,,,,,,,,,,,,,,,,,
20160212.0,0.1730181127786636,0.1312514841556549,0.083348624408245,0.1040623188018798,0.0990414395928382,0.0883710533380508,0.0976592302322387,12.0,0.2564709782600403,1.531266450881958,284.726806640625,1.277655839920044,266.69586181640625,246.75747680664065,0.0,1.2180471420288086,200.0,0.1211816072463989,0.116000000225461
20160213.0,0.1704122573137283,0.1301395744085312,,,,,,,,,,,,,,,,,
20160214.0,0.1674013882875442,0.1366709023714065,0.1019094213843345,0.1044960990548133,0.1002922132611274,,,12.0,0.2564709782600403,1.531266450881958,289.18194580078125,1.2988296747207642,268.2538452148437,249.8488006591797,0.0,1.0474892854690552,200.0,0.116728737950325,0.111958333291113
20160215.0,0.1654687225818634,,0.0910770297050476,0.1119731441140174,0.1068596169352531,0.0828714072704315,0.0977813079953193,12.0,0.2564709782600403,1.531266450881958,286.2072448730469,1.3093559741973877,265.70672607421875,247.879150390625,0.0080727776512503,1.3027416467666626,200.0,0.1245971694588661,0.109916666833063
20160216.0,0.1622943580150604,0.1370105892419815,,,,,,,,,,,,,,,,,
20160217.0,0.1596580892801284,0.1267170161008834,0.0856220498681068,0.1149983927607536,0.1095365658402443,0.0670247003436088,0.076998196542263,12.0,0.2564709782600403,1.531266450881958,285.7828063964844,1.3294278383255005,265.478759765625,248.39535522460932,0.0008523463038727,1.3032070398330688,200.0,0.1242305040359497,0.103708333335817
20160218.0,0.1568742245435714,0.1344568729400634,,,,,0.1042512282729148,,,,,,,,,,,,
20160219.0,0.1539793014526367,0.1421502083539962,,,,,,,,,,,,,,,,,
20160220.0,0.1516823470592498,0.1383101493120193,0.0920417681336402,0.1013640090823173,0.0976100713014602,0.0722148269414901,0.0885341987013816,12.0,0.2564709782600403,1.531266450881958,294.9690246582031,1.3950862884521484,272.8907165527344,255.17958068847656,0.0008523463620804,1.5344239473342896,200.0,0.1175262331962585,0.101833332640429
20160221.0,0.1494854539632797,0.1330571323633194,,,,,,,,,,,,,,,,,
20160222.0,0.1489388942718505,0.1346329152584076,0.0756880342960357,0.0945253819227218,0.0919698551297187,,0.0842616036534309,12.0,0.2564709782600403,1.531266450881958,287.3363342285156,1.4481667280197144,271.28094482421875,254.13868713378903,1.929983139038086,0.7977954745292664,200.0,0.0960974693298339,0.0989130447092264
20160223.0,0.3448183238506317,,0.3032456040382385,0.3551844358444214,0.305922657251358,,0.4541154205799103,12.0,0.2564709782600403,1.531266450881958,281.0,1.4751222133636477,226.4813537597656,198.3422393798828,31.439228057861328,2.429537296295166,200.0,0.2169856131076812,0.168541665499409
20160224.0,0.3481330275535583,0.2389775663614273,,,,,,,,,,,,,,,,,
20160225.0,0.3091842532157898,0.2289476841688156,0.2454199790954589,0.2451600730419159,0.2372819632291793,0.2525936961174011,0.2739951908588409,12.0,0.2564709782600403,1.531266450881958,281.88946533203125,1.529343605041504,237.15025329589844,203.51577758789065,0.0008583068847656,2.015671730041504,200.0,0.2300157994031906,0.229374998559554
20160227.0,0.2724102437496185,0.2030085325241089,,,,,0.2052064538002014,,,,,,,,,,,,
20160228.0,0.2554401457309723,0.193301260471344,0.1907014101743698,0.1728225648403167,0.1626923531293869,0.1776906549930572,0.2073732763528823,12.0,0.2564709782600403,1.531266450881958,289.83544921875,1.6114509105682373,255.16622924804688,227.35418701171875,0.0029986954759806,2.6526782512664795,200.0,0.1806067675352096,0.20770833392938
20160229.0,0.2401263415813446,0.1898411810398101,,,,,,,,,,,,,,,,,
20160301.0,0.2267563790082931,0.1737502068281173,0.1603455394506454,0.1693466454744339,0.1534172296524047,0.1502027958631515,0.1662953644990921,12.0,0.2564709782600403,1.531266450881958,290.78192138671875,1.6667063236236572,259.4759521484375,235.0670318603516,0.0017177979461848,2.254867553710937,200.0,0.1650412082672119,0.194791667163372
20160302.0,0.2155936509370803,0.1678054928779602,0.1421026587486267,0.1619852632284164,0.1424340456724167,,,12.0,0.2564709782600403,1.531266450881958,286.6147766113281,1.6946990489959717,259.88433837890625,240.77105712890625,0.0,2.4706149101257324,200.0,0.1477433145046234,0.185416667411725
20160303.0,0.2027802616357803,,,,,,,,,,,,,,,,,,
20160304.0,0.194266676902771,,0.1073311939835548,0.1254529953002929,0.1173193454742431,0.1017273589968681,0.1124301925301551,12.0,0.2564709782600403,1.531266450881958,286.4673156738281,1.7535383701324463,265.5206604003906,243.9128570556641,0.0034284631256014,2.1195805072784424,200.0,0.1329877227544784,0.171041666840514
20160305.0,0.1864930838346481,,,,,,,,,,,,,,,,,,
20160306.0,0.179892748594284,0.1678711175918579,,,,0.0897842124104499,0.1147801131010055,,,,,,,,,,,,
20160307.0,0.17631796002388,0.1613412499427795,0.1101643443107605,0.1058515012264251,0.1020115092396736,,0.0847498998045921,12.0,0.2564709782600403,1.531266450881958,294.59991455078125,1.7554361820220947,272.489501953125,254.66763305664065,0.2184088081121444,1.8151886463165283,200.0,0.1236586347222328,0.156750001013279
20160308.0,0.2622211575508117,0.1594205647706985,,,,,,,,,,,,,,,,,
20160309.0,0.319952517747879,0.2131050825119018,0.221371904015541,0.1919350624084472,0.1810909360647201,0.1758723706007003,0.1816766858100891,12.0,0.2564709782600403,1.531266450881958,289.7720031738281,1.7350170612335205,254.8323974609375,226.1073760986328,0.8761745095252991,1.508849859237671,200.0,0.1779609471559524,0.148000000044703
20160310.0,0.3037295341491699,0.2210897952318191,0.2052006870508194,0.1979017555713653,0.1759877055883407,,,12.0,0.2564709782600403,1.531266450881958,288.3319091796875,1.72419536113739,255.7271728515625,231.16116333007807,0.0662637501955032,1.4692574739456177,200.0,0.1764820516109466,0.14504166568319
20160311.0,0.2895064055919647,0.2053307741880417,,,,,0.1678823232650756,,,,,,,,,,,,
20160312.0,0.3674168884754181,0.2605115175247192,0.2626213729381561,0.2611178457736969,0.2317448854446411,,0.2419202178716659,12.0,0.2564709782600403,1.531266450881958,288.4150695800781,1.702599048614502,243.97467041015625,216.808837890625,3.790105819702149,2.1213269233703613,200.0,0.2113693952560424,0.145249998817841
20160314.0,0.2932104766368866,0.2048917710781097,,,,0.1738165020942688,0.1943723857402801,,,,,,,,,,,,
20160315.0,,,,,,,,12.0,0.2564709782600403,1.531266450881958,292.3588256835937,1.6703202724456787,262.5377197265625,237.3808441162109,0.0008523463620804,3.630169630050659,200.0,0.1601417660713195,0.166916664068898
20160316.0,0.2427559047937393,0.1671386212110519,,,,,0.0892361253499984,,,,,,,,,,,,
20160317.0,0.229378268122673,0.1764667332172393,0.1056509837508201,0.1277281194925308,0.1196749582886695,0.109207697212696,0.1165196672081947,12.0,0.2564709782600403,1.531266450881958,289.11553955078125,1.648878574371338,268.6434326171875,248.2645263671875,0.1489655971527099,1.9258558750152588,200.0,0.1232689395546913,0.15266666499277
20160318.0,0.2259982526302337,0.1626551002264022,0.0930837541818618,0.1158405914902687,0.1129089668393135,,,12.0,0.2564709782600403,1.531266450881958,287.078125,1.6380455493927002,269.8916931152344,256.3070678710937,0.7588375210762024,1.1563054323196411,200.0,0.1044493913650512,0.14666666649282
20160319.0,0.2251676470041275,,,,,0.0939429178833961,0.1091647073626518,,,,,,,,,,,,
20160320.0,0.2159659415483474,0.142233058810234,0.0851203128695488,0.1129327341914177,0.1079511269927024,,,12.0,0.2564709782600403,1.531266450881958,282.1430358886719,1.61480975151062,265.8922424316406,247.6092834472656,0.0008523463038727,1.98039972782135,200.0,0.1224436983466148,0.135526318299143
20160321.0,0.2070433497428894,0.147384762763977,,,,,,,,,,,,,,,,,
20160322.0,0.195715069770813,0.1575397253036499,,,,0.0770985558629036,0.0869167149066925,,,,,,,,,,,,
20160323.0,0.1831312924623489,0.1577665358781814,0.0776443630456924,0.0907635912299156,0.0890075638890266,,,12.0,0.2564709782600403,1.531266450881958,295.1598815917969,1.6352734565734863,274.3344421386719,257.1298217773437,0.0008523463038727,2.955843210220337,200.0,0.1161607503890991,0.116083331716557
20160324.0,0.1729140877723693,0.1364268660545349,,,,0.0511135682463645,0.053590502589941,,,,,,,,,,,,
20160325.0,0.167979285120964,0.1309245526790619,0.0567140504717826,0.0939971730113029,0.0945895239710807,,,12.0,0.2564709782600403,1.531266450881958,287.10400390625,1.662852764129639,270.44195556640625,255.46441650390625,0.0042972518131136,2.0285744667053223,200.0,0.1095778942108154,0.10404347822718
20160326.0,0.162582591176033,0.1333667635917663,0.0648297294974327,0.0986123532056808,0.0979700833559036,,,12.0,0.2564709782600403,1.531266450881958,292.4799499511719,1.677088737487793,271.2862243652344,255.8155212402344,0.0,2.1915555000305176,200.0,0.1174091473221778,0.103208333564301
20160327.0,0.1582269519567489,0.143168568611145,,,,0.0584103167057037,0.0566728711128234,,,,,,,,,,,,
20160328.0,0.155846282839775,0.138165146112442,0.0535125359892845,0.0871757268905639,0.0861745551228523,,,12.0,0.2564709782600403,1.531266450881958,287.6464538574219,1.7056424617767334,271.90118408203125,255.2507781982422,0.0,1.7724337577819824,200.0,0.1037017107009887,0.0993750002235174
20160329.0,0.1529503315687179,0.1473369151353836,,,,,0.0737632364034652,,,,,,,,,,,,
20160330.0,0.1634637415409088,0.1601970344781875,,,,,0.0459608770906925,,,,,,,,,,,,
20160331.0,0.1631138622760772,0.1359737664461136,0.0601414367556571,0.0926646962761879,0.0952942445874214,,,12.0,0.2564709782600403,1.531266450881958,293.100341796875,1.7486770153045654,274.73834228515625,260.6244201660156,0.0,2.024580717086792,200.0,0.1067816391587257,0.0968333343043923
20160401.0,0.1602307558059692,0.1348006278276443,,,,0.0483434833586216,0.0528275407850742,,,,,,,,,,,,
20160402.0,0.1646207571029663,,0.1821864396333694,0.1906999945640564,0.1771714091300964,,,12.0,0.2564709782600403,1.531266450881958,286.832763671875,1.7775028944015503,253.91873168945312,228.3607635498047,0.0008657936123199,1.8227733373641968,200.0,0.1768668591976165,0.0923333329459031
20160403.0,0.1580480933189392,0.1830738186836242,0.1326279044151306,0.1371363997459411,0.1289449483156204,,0.1282692998647689,12.0,0.2564709782600403,1.531266450881958,290.3217468261719,1.7921404838562012,264.56121826171875,242.44381713867188,0.0008523463038727,1.8527528047561648,200.0,0.1463038176298141,0.0939090912314978
20160404.0,0.1524646431207656,0.1650587916374206,,,,0.0851760581135749,0.0939054563641548,,,,,,,,,,,,
20160405.0,0.1476368159055709,0.1424602419137954,0.0860158875584602,0.105522483587265,0.1041627526283264,,,12.0,0.2564709782600403,1.531266450881958,295.65887451171875,1.8237144947052,272.86151123046875,257.4053039550781,0.000435113790445,1.99969744682312,200.0,0.1304118633270263,0.0959999995927016
20160406.0,0.1435272991657257,0.1489182710647583,,,,0.066140629351139,0.0801721215248107,,,,,,,,,,,,
20160407.0,0.1405881941318512,0.1253180354833603,,,,,,,,,,,,,,,,,
20160408.0,0.1382792890071869,0.1252487003803253,0.052321508526802,0.0888883471488952,0.0906179845333099,,,12.0,0.2564709782600403,1.531266450881958,294.4963684082031,1.7955926656723022,275.20477294921875,260.22906494140625,0.1538974940776825,1.4444706439971924,200.0,0.1113696917891502,0.0948750007276734
20160409.0,0.1459715664386749,0.1358871459960937,,,,0.0449054166674613,0.0470290221273899,,,,,,,,,,,,
20160410.0,0.160315990447998,0.1724574267864227,0.1147951781749725,0.094929464161396,0.0893797427415847,,,12.0,0.2564709782600403,1.531266450881958,295.6239624023437,1.7581055164337158,275.65509033203125,254.8194274902344,0.2677450776100158,1.4585777521133425,200.0,0.1176437884569168,0.0943636372685432
20160411.0,0.1564953327178955,0.1452489793300628,0.0889259055256843,0.1110064312815666,0.1073734760284423,0.0864484831690788,0.0807214602828025,12.0,0.2564709782600403,1.531266450881958,297.3886413574219,1.7388830184936523,274.2504577636719,257.3130798339844,0.3871649205684662,1.3938785791397097,200.0,0.1347298324108123,0.0956250006953875
20160412.0,0.1562759429216385,0.1842142045497894,,,,,,,,,,,,,,,,,
20160413.0,0.2457348704338073,,0.2260860353708267,0.2315165996551513,0.214101105928421,,,12.0,0.2564709782600403,1.531266450881958,289.9489440917969,1.7005839347839355,250.19586181640625,222.35659790039065,5.89927339553833,2.034576654434204,200.0,0.1872347295284271,0.0931904759435427
20160414.0,0.2418819218873977,0.2381945848464965,,,,0.1826569139957428,0.1965086758136749,,,,,,,,,,,,
20160415.0,0.2163829952478408,0.2225659042596817,,,,,,,,,,,,,,,,,
20160416.0,0.2023471593856811,0.1889239698648452,0.1404880881309509,0.1322740167379379,0.1280355453491211,,0.1398968547582626,12.0,0.2564709782600403,1.531266450881958,292.56854248046875,1.6434999704360962,269.68243408203125,243.03253173828125,7.972514152526855,1.2222610712051392,200.0,0.1237923726439476,0.0966250005488594
20160417.0,0.3874993920326233,0.2183360606431961,,,,,0.1906186044216156,,,,,,,,,,,,
20160418.0,0.3906965851783752,0.2813903093338012,0.230378657579422,0.2360789775848388,0.2239106148481369,,,12.0,0.2564709782600403,1.531266450881958,289.3864440917969,1.6056870222091677,248.94888305664065,220.00184631347656,5.575348854064941,3.139772415161133,200.0,0.1884894520044326,0.204150000214577
20160419.0,0.3576522469520569,0.2644227147102356,0.245253637433052,0.2261059880256652,0.2263532727956771,0.2577124834060669,0.2881252467632293,12.0,0.2564709782600403,1.531266450881958,291.1941833496094,1.586880803108215,248.27008056640625,216.75051879882807,3.394186019897461,1.9166007041931152,200.0,0.1964381039142608,0.203000000637511
20160420.0,0.3955037891864776,0.2673345804214477,,,,,,,,,,,,,,,,,
20160421.0,0.3910030424594879,0.2645638883113861,0.294904887676239,0.28679159283638,0.2802909016609192,,0.2504348754882812,12.0,0.2564709782600403,1.531266450881958,292.4683532714844,1.5497376918792725,239.75543212890625,208.95021057128903,18.3631534576416,4.303342819213867,200.0,0.231196254491806,0.231999998912215
20160422.0,0.3677264153957367,0.2540082037448883,,,,0.223869040608406,0.2556535601615906,,,,,,,,,,,,
20160423.0,0.3399024307727813,0.2288346737623214,,,,,,,,,,,,,,,,,
20160424.0,0.3139035403728485,0.2198207825422287,0.1796209961175918,0.1539103984832763,0.151609256863594,0.159206360578537,0.1768242418766021,12.0,0.2564709782600403,1.531266450881958,294.536376953125,1.483397364616394,266.0206298828125,237.7173614501953,0.0045299530029296,4.212779521942139,200.0,0.154626727104187,0.184541666259368
20160425.0,0.2925069630146026,0.2085310369729995,,,,,,,,,,,,,,,,,
20160426.0,0.2677859663963318,0.1898734271526336,0.1126207560300827,0.1128422766923904,0.1079070940613746,,,12.0,0.2564709782600403,1.531266450881958,298.0794372558594,1.4367831945419312,276.66259765625,256.1801147460937,1.3463647365570068,4.287666320800781,200.0,0.1148995608091354,0.147125001375874
20160427.0,0.2611632943153381,0.2227371633052826,0.2070646584033966,0.207987830042839,0.2071136981248855,0.1314798295497894,0.1313516646623611,12.0,0.2564709782600403,1.531266450881958,293.2666320800781,1.4135124683380127,254.95782470703125,223.9738922119141,0.0016978573985397,4.667251110076904,200.0,0.187452808022499,0.134708333139618
20160428.0,0.2403803467750549,0.2080692052841186,,,,,,,,,,,,,,,,,
20160429.0,0.2380992770195007,0.1987928003072738,0.1190073564648628,0.1286648660898208,0.1213440746068954,0.0728263556957244,0.0802331641316413,12.0,0.2564709782600403,1.531266450881958,296.6753234863281,1.367204666137695,272.9795837402344,251.34225463867188,3.138399839401245,5.062829971313477,200.0,0.1186458244919776,0.122375000578662
20160430.0,0.231229692697525,0.1760526150465011,,,,,,,,,,,,,,,,,
20160502.0,0.2212317138910293,0.1675708144903183,,,,0.1108909472823143,0.1144444122910499,,,,,,,,,,,,
20160503.0,0.2068492919206619,0.166761115193367,,,,,,,,,,,,,,,,,
20160504.0,0.2000061273574829,,0.1174220964312553,,,0.1096108481287956,0.1510360985994339,,,,,,,,,,,,
20160505.0,0.1853995323181152,0.168811410665512,0.0749948620796203,0.1013903319835662,0.0961527377367019,,0.0608539097011089,12.0,0.2564709782600403,1.531266450881958,294.8222045898437,1.2300465106964111,275.05078125,254.61111450195312,0.0016992683522403,3.396153926849365,200.0,0.1108691915869712,0.102125000519057
20160506.0,0.1728191971778869,0.1538404375314712,,,,,,,,,,,,,,,,,
20160507.0,0.1627760976552963,0.1507616490125656,0.0566343143582344,0.0699961856007576,0.0651626214385032,0.0529037527740001,0.0566423535346984,12.0,0.2564709782600403,1.531266450881958,297.8140563964844,1.1835412979125977,282.48797607421875,262.43951416015625,0.0179816484451293,2.892567873001098,200.0,0.090628944337368,0.100043477895467
20160508.0,0.1557859927415847,0.1645289808511734,,,,,,,,,,,,,,,,,
20160509.0,0.1612174063920974,0.1523142904043197,,,,,0.0418408773839473,,,,,,,,,,,,
20160510.0,0.1532545238733291,0.1587533354759216,0.0597705170512199,0.0789518728852272,0.0807987004518508,,0.035950805991888,12.0,0.2564709782600403,1.531266450881958,300.5896911621094,1.1563525199890137,280.85791015625,265.1787109375,0.0,3.2597131729125977,200.0,0.0984278619289398,0.0965833337977529
20160511.0,0.1472316682338714,0.1438114196062088,,,,,,,,,,,,,,,,,
20160512.0,0.2288561165332794,0.1967217475175857,0.1551001369953155,,,0.0862231776118278,0.0911893099546432,,,,,,,,,,,,
20160513.0,0.2482390403747558,0.1972895860671997,0.1106210052967071,0.0885292589664459,0.085702046751976,,,12.0,0.2564709782600403,1.531266450881958,296.6179504394531,1.145342469215393,280.2201538085937,261.65386962890625,0.2839955985546112,3.02742075920105,200.0,0.0931634455919265,0.0915416659166415
20160514.0,0.2918823957443237,0.2023793458938598,,,,,,,,,,,,,,,,,
20160515.0,0.2991775572299957,0.2204585075378418,0.1881093680858612,0.1535610854625702,0.1431246399879455,0.1450332105159759,0.1576586216688156,12.0,0.2564709782600403,1.531266450881958,289.748779296875,1.138422966003418,265.8707275390625,240.66183471679688,0.1876539140939712,1.6512320041656494,200.0,0.132253423333168,0.0881304339222286
20160516.0,0.2727841436862945,0.2275911122560501,,,,,,,,,,,,,,,,,
20160517.0,0.2521756589412689,0.1951684206724167,,,,0.1415272206068039,0.1473128497600555,,,,,,,,,,,,
20160520.0,0.3357338905334472,0.2896777391433716,0.2797602117061615,,,0.2608169019222259,0.287545382976532,,,,,,,,,,,,
20160521.0,0.2959036827087402,0.2549735903739929,0.2564778923988342,0.2213912308216095,0.2191889584064483,,,12.0,0.2564709782600403,1.531266450881958,296.37567138671875,1.1176189184188845,250.36672973632807,217.2779693603516,1.3251031637191772,3.267630100250244,200.0,0.2018329203128814,0.210041667024295
20160522.0,0.2857522666454315,0.2376805692911148,,,,0.184874415397644,0.2572099864482879,,,,,,,,,,,,
20160523.0,0.3546008765697479,0.2145093083381652,0.182959035038948,0.1641769409179687,0.1542021483182907,,0.1132236719131469,12.0,0.2564709782600403,1.531266450881958,297.1931457519531,1.1094739437103271,266.3627319335937,238.94808959960932,1.909393668174744,2.958923578262329,200.0,0.1381348073482513,0.176374999806285
20160524.0,0.3177095055580139,0.2122982591390609,,,,,,,,,,,,,,,,,
20160525.0,0.2997608184814453,0.2003148198127746,,,,0.1077117249369621,0.1310769915580749,,,,,,,,,,,,
20160526.0,0.2617998719215393,0.185505136847496,0.1220708638429641,0.1121208742260932,0.1065027937293052,,,12.0,0.2564709782600403,1.531266450881958,301.5362854003906,1.134047031402588,279.174072265625,256.4671325683594,0.3414191901683807,4.414441585540772,200.0,0.109025701880455,0.124458333477378
20160527.0,0.2371647804975509,0.1795056164264679,,,,,0.0839869379997253,,,,,,,,,,,,
20160528.0,0.2110485434532165,0.1471402198076248,0.0709462091326713,,,,0.0835901945829391,,,,,,,,,,,,
20160529.0,0.2042635083198547,0.1924404948949813,0.2099854052066803,0.1896877139806747,0.172924056649208,,,12.0,0.2564709782600403,1.531266450881958,299.6103210449219,1.1729037761688232,263.6013488769531,236.57676696777344,8.327980995178223,2.4635112285614014,200.0,0.1335647404193878,0.101708333628873
20160530.0,0.2958590090274811,,,,,0.3108297288417816,0.3107699751853943,,,,,,,,,,,,
20160531.0,0.3058728575706482,0.2704675793647766,0.2654209733009338,0.2501253187656402,0.2459455132484436,,,12.0,0.2564709782600403,1.531266450881958,297.52197265625,1.1993030309677124,247.60031127929688,212.9163818359375,14.69334316253662,2.416383981704712,200.0,0.1762992590665817,0.20739130611005
20160601.0,0.3673710227012634,0.2513876557350158,,,,,0.2025818675756454,,,,,,,,,,,,
20160602.0,0.3763981759548187,0.2785479426383972,,,,0.2281546294689178,0.2377697080373764,,,,,,,,,,,,
20160604.0,0.3612056076526642,0.2839088439941406,,,,0.2336012721061706,0.2380138486623764,,,,,,,,,,,,
20160605.0,0.3427174091339111,0.2559348046779632,0.264713317155838,,,,,,,,,,,,,,,,
20160606.0,0.3029671311378479,0.2153364717960357,0.1943896114826202,0.1931167393922805,0.1833536028861999,,,12.0,0.2564709782600403,1.531266450881958,296.5768127441406,1.2792266607284546,260.18377685546875,230.2559814453125,0.0008583068847656,4.920470237731934,200.0,0.1747695207595825,0.195916666338841
20160607.0,0.274531602859497,0.2104729264974594,,,,0.1266075074672699,0.1520126909017563,,,,,,,,,,,,
20160608.0,0.2500046491622925,0.1792984753847122,0.1396977603435516,0.1425375789403915,0.1329012215137481,,,12.0,0.2564709782600403,1.531266450881958,299.0236511230469,1.3071863651275637,272.4716186523437,247.91677856445312,0.0086137363687157,4.804830074310303,200.0,0.1329930573701858,0.161916666974624
20160609.0,0.2269053012132644,0.1829631775617599,,,,0.0741085857152938,0.1001922637224197,,,,,,,,,,,,
20160610.0,0.2073331177234649,0.1687586903572082,,,,,0.0497451722621917,,,,,,,,,,,,
20160611.0,0.2045205384492874,0.1589867621660232,0.0848795622587204,0.0989120602607727,0.0950706526637077,,,12.0,0.2564709782600403,1.531266450881958,301.0966186523437,1.3161510229110718,281.9038391113281,263.251953125,2.228780746459961,3.736377716064453,200.0,0.1017947420477867,0.115000000533958
20160612.0,0.2185593396425247,0.1859948933124542,,,,0.258525550365448,0.3240455389022827,,,,,,,,,,,,
20160613.0,0.204371303319931,0.2051175236701965,0.1365738064050674,,,,,,,,,,,,,,,,
20160614.0,0.1892274469137191,0.1903953999280929,0.1101997792720794,0.1455030739307403,0.1325030475854873,,0.1810358017683029,12.0,0.2564709782600403,1.531266450881958,303.8988952636719,1.3124456405639648,275.130859375,254.07135009765625,0.3899793028831482,3.55428409576416,200.0,0.1474130898714065,0.120875000022352
20160615.0,0.177175760269165,0.1788646727800369,,,,,0.201574757695198,,,,,,,,,,,,
20160616.0,0.1649928241968155,0.1581844687461853,0.075367733836174,0.0970358550548553,0.0924444869160652,,,12.0,0.2564709782600403,1.531266450881958,305.8777160644531,1.3096535205841064,284.9600830078125,264.70428466796875,0.2702761590480804,3.487227201461792,200.0,0.1103018745779991,0.106541665891806
20160617.0,0.1570004224777221,0.1602704674005508,,,,0.0842221230268478,0.104739524424076,,,,,,,,,,,,
20160618.0,0.1531807780265808,0.1472528576850891,,,,,,,,,,,,,,,,,
20160619.0,0.1791002750396728,0.1955448687076568,0.2341815829277038,0.2391022145748138,0.2155363857746124,,0.2581255435943603,12.0,0.2564709782600403,1.531266450881958,304.5704345703125,1.3054678440093994,257.97369384765625,229.20083618164065,0.2377651780843734,3.1131608486175537,200.0,0.1940182149410247,0.0967500001812975
20160620.0,0.1641838699579239,0.2004073709249496,,,,0.1638906449079513,0.1870174258947372,,,,,,,,,,,,
20160621.0,0.153582826256752,0.167075514793396,0.0876190960407257,0.108621135354042,0.1042508259415626,,,12.0,0.2564709782600403,1.531266450881958,304.4242248535156,1.302678465843201,281.9530639648437,263.5194091796875,0.0008612871170043,2.518441915512085,200.0,0.1144234910607338,0.10141666730245
20160622.0,0.1464703828096389,0.1563607007265091,0.0770494490861892,0.0911755561828613,0.0897918120026588,0.0968442559242248,0.1034882664680481,12.0,0.2564709782600403,1.531266450881958,305.831298828125,1.3013149499893188,284.9717712402344,267.77996826171875,0.000435113790445,2.526509523391724,200.0,0.1033888682723045,0.102583333229025
20160623.0,0.1408786028623581,0.1614815294742584,,,,,,,,,,,,,,,,,
20160624.0,0.1369620710611343,0.1422302722930908,0.0594513341784477,0.0763299614191055,0.0775928124785423,,,12.0,0.2564709782600403,1.531266450881958,306.8855895996094,1.2989552021026611,287.9095153808594,271.42437744140625,0.0008523463620804,2.041432380676269,200.0,0.0880690366029739,0.0969583336263895
20160625.0,0.1345154941082,0.1525479704141616,,,,0.0588169619441032,0.0636310949921608,,,,,,,,,,,,
20160626.0,0.1340106427669525,0.1375561654567718,,,,,,,,,,,,,,,,,
20160627.0,0.1429538577795028,0.1544923931360244,0.0608859956264495,0.068866416811943,0.0698041692376136,0.0346112586557865,0.0304269548505544,12.0,0.2564709782600403,1.531266450881958,305.5946350097656,1.282917857170105,287.36297607421875,270.614990234375,0.1178556606173515,1.968169927597046,200.0,0.0846161395311355,0.0884583328540127
20160628.0,0.1392219960689544,0.1586932986974716,,,,,0.0311899166554212,,,,,,,,,,,,
20160630.0,0.1394916325807571,0.1965626776218414,0.1518837064504623,0.1721904426813125,0.1575146317481994,0.1479807943105697,0.1729789078235626,12.0,0.2564709782600403,1.531266450881958,306.7122802734375,1.262151122093201,270.829345703125,245.34744262695312,0.0082740122452378,1.755859613418579,200.0,0.1482928991317749,0.206545453857292
20160701.0,0.1356266885995865,0.1863526850938797,,,,,,,,,,,,,,,,,
20160702.0,0.1332694590091705,0.157057985663414,0.0884555354714393,0.1050387918949127,0.1007705554366111,,0.1355937421321869,12.0,0.2564709782600403,1.531266450881958,306.9933166503906,1.2482213973999023,284.13800048828125,264.01617431640625,0.4257141351699829,1.2552752494812012,200.0,0.0973059982061386,0.173583331828316
20160703.0,0.1355462819337844,0.1822641342878341,,,,,0.2724387347698211,,,,,,,,,,,,
20160704.0,0.1336126774549484,0.2111159563064575,,,,,,,,,,,,,,,,,
20160705.0,0.1344333440065384,0.1876079142093658,0.135587602853775,0.1595436930656433,0.1468338370323181,0.1323370486497879,0.143620103597641,12.0,0.2564709782600403,1.531266450881958,307.8768615722656,1.227381706237793,275.758544921875,251.12014770507807,0.3925111591815948,1.2267976999282837,200.0,0.1258693039417266,0.210250001400709
20160706.0,0.1345552057027816,,,,,,,,,,,,,,,,,,
20160707.0,0.1324980705976486,0.1834990084171295,0.1182689815759658,0.1501652598381042,0.1364495009183883,,0.0835291594266891,12.0,0.2564709782600403,1.531266450881958,309.7629089355469,1.2135255336761477,278.942138671875,257.5287780761719,0.0021294164471328,1.1063108444213867,200.0,0.1198267936706543,0.211916666477919
20160708.0,0.1325628906488418,0.1642073988914489,0.0851766243577003,0.104640707373619,0.1000482141971588,0.0718298405408859,0.0766319781541824,12.0,0.2564709782600403,1.531266450881958,309.2598876953125,1.2066246271133425,287.09735107421875,265.539794921875,2.268726110458374,1.086077094078064,200.0,0.0820761173963546,0.194958332305153
20160709.0,0.1614771783351898,0.1544370502233505,,,,,,,,,,,,,,,,,
20160710.0,0.1652994602918625,0.1771462857723236,0.1043018326163292,0.1193582713603973,0.1129117757081985,0.097039982676506,0.1013214513659477,12.0,0.2564709782600403,1.531266450881958,306.4844055175781,1.1930408477783203,283.368408203125,263.88232421875,0.5302901864051819,2.0730910301208496,200.0,0.1029786318540573,0.164249999448657
20160711.0,0.1516135036945343,0.1652760654687881,,,,,,,,,,,,,,,,,
20160712.0,0.145081415772438,0.1436143517494201,,,,,,,,,,,,,,,,,
20160713.0,0.1390978544950485,0.1433586627244949,0.0617161467671394,0.0892025455832481,0.0899753719568252,0.0561058744788169,0.0603656135499477,12.0,0.2564709782600403,1.531266450881958,309.1914367675781,1.1660510301589966,288.9190673828125,272.9610595703125,0.0,1.1692253351211548,200.0,0.0778658092021942,0.122833333599071
20160714.0,0.1349531263113021,0.1430690437555313,,,,,,,,,,,,,,,,,
20160715.0,0.1529051214456558,0.1341897249221801,0.0710401609539985,0.1210094168782234,0.114581361413002,0.0763578042387962,0.1007721200585365,12.0,0.2564709782600403,1.531266450881958,308.66290283203125,1.146456956863403,284.6764221191406,267.7349853515625,3.599315881729126,2.005070924758911,200.0,0.0888455137610435,0.102375000404815
20160716.0,0.1739850044250488,0.148329272866249,0.1670671105384826,0.2054234743118286,0.1867019534111023,,0.1525009870529174,12.0,0.2564709782600403,1.531266450881958,304.4613952636719,1.1366336345672607,267.3741455078125,240.1006774902344,2.0396127700805664,2.1740562915802,200.0,0.1323831975460052,0.0953333340585232
20160717.0,0.1628312915563583,0.1942979991436004,,,,,,,,,,,,,,,,,
20160718.0,0.1493659913539886,0.1595128327608108,0.075126051902771,0.1018318906426429,0.1003856435418129,0.0702315270900726,0.0887173041701316,12.0,0.2564709782600403,1.531266450881958,307.9087829589844,1.117032766342163,286.18072509765625,270.11676025390625,0.0008523463038727,1.2970669269561768,200.0,0.0865343660116195,0.0907083336884777
20160719.0,0.1421106904745102,0.1431343406438827,,,,,,,,,,,,,,,,,
20160720.0,0.1371527165174484,0.1434214264154434,,,,,0.0671407207846641,,,,,,,,,,,,
20160721.0,0.1339145749807357,0.1303199380636215,0.0545496381819248,0.0917510837316513,0.0966074913740158,,0.0683309435844421,12.0,0.2564709782600403,1.531266450881958,309.3120422363281,1.0877445936203003,287.15753173828125,274.38299560546875,0.0,0.8709157705307007,200.0,0.080787606537342,0.0844166666890184
20160722.0,0.1319950073957443,0.1316506266593933,,,,,,,,,,,,,,,,,
20160723.0,0.1309429705142974,0.130054622888565,0.0484000295400619,0.0763557478785514,0.0760362148284912,0.045752365142107,0.0534684285521507,12.0,0.2564709782600403,1.531266450881958,309.8492736816406,1.0682945251464844,290.830322265625,273.248046875,0.0017166130710393,0.757280707359314,200.0,0.0668564066290855,0.0800416665151715
20160724.0,0.1304285526275634,0.1282604336738586,0.0455494374036788,0.0811616107821464,0.0826117023825645,,,12.0,0.2564709782600403,1.531266450881958,310.6429443359375,1.058502435684204,289.9100341796875,273.6756591796875,0.022122586145997,0.7190476655960083,200.0,0.0693429857492446,0.0786249997715155
20160725.0,0.1303393542766571,0.1222810000181198,,,,,0.0260933265089988,,,,,,,,,,,,
20160726.0,0.130910724401474,0.1171552389860153,0.0491855107247829,0.0881309658288955,0.0918340906500816,0.0344996713101863,0.0318308062851429,12.0,0.2564709782600403,1.531266450881958,309.1420288085937,1.0378917455673218,289.2069702148437,275.1637878417969,0.203554630279541,0.605087399482727,200.0,0.0680770277976989,0.0747083332389593
20160727.0,0.1318081468343734,0.1261069923639297,,,,,,,,,,,,,,,,,
20160728.0,0.1309205293655395,0.1371209770441055,,,,0.0769594088196754,0.0929898992180824,,,,,,,,,,,,
20160729.0,0.1318185180425644,0.1358567327260971,0.0630290657281875,0.0925470516085624,0.0929757431149482,,,12.0,0.2564709782600403,1.531266450881958,308.545654296875,1.0436588525772097,288.3623352050781,272.55828857421875,0.2850399315357208,0.6175147294998169,200.0,0.0717550888657569,0.0779583339268963
20160730.0,0.1332714855670929,0.1366375088691711,,,,,,,,,,,,,,,,,
20160731.0,0.1327936947345733,0.1262476146221161,0.0494878552854061,0.0736744552850723,0.0767188146710395,0.054494135081768,0.0530411712825298,12.0,0.2564709782600403,1.531266450881958,308.4554138183594,1.0566977262496948,290.9876708984375,275.367431640625,0.0985869839787483,0.6275485157966614,200.0,0.0589213147759437,0.0749166669944922
20160801.0,0.1328889727592468,0.1305990219116211,0.0494610592722892,0.0681528523564338,0.0684172958135604,,,12.0,0.2564709782600403,1.531266450881958,309.0938720703125,1.0634965896606443,292.1978759765625,274.9460144042969,0.1335547268390655,0.6607264280319214,200.0,0.0591123476624488,0.0727083335320155
20160802.0,0.1315977424383163,0.117312878370285,,,,0.0304986760020256,0.030243843793869,,,,,,,,,,,,
20160803.0,0.1307755410671234,0.1204228699207305,0.0396448150277137,0.0757036432623863,0.07941585034132,,0.0334788039326667,12.0,0.2564709782600403,1.531266450881958,309.8368835449219,1.0771169662475586,290.7239990234375,275.5908203125,0.0026492138858884,0.5184561014175415,200.0,0.0631743222475051,0.072000000004967
20160804.0,0.1303643435239792,0.118953101336956,,,,,,,,,,,,,,,,,
20160805.0,0.1301535815000534,0.1183247938752174,,,,0.0406588651239872,0.0433973222970962,,,,,,,,,,,,
20160806.0,0.1322793066501617,0.1127570644021034,0.0386981070041656,0.0736067742109298,0.0752271488308906,,,12.0,0.2564709782600403,1.531266450881958,310.0290222167969,1.0976030826568604,291.8186340332031,275.3517761230469,0.2708793878555298,0.6924735307693481,200.0,0.0626437366008758,0.0682500000111759
20160807.0,0.1311273127794265,0.1156599894165992,,,,,0.0361949540674686,,,,,,,,,,,,
20160808.0,0.1310287863016128,0.120671845972538,0.1011472716927528,0.1200118735432624,0.1136006563901901,,0.0393993966281414,12.0,0.2564709782600403,1.531266450881958,310.2369689941406,1.1112977266311646,285.71173095703125,264.9960327148437,0.0276438072323799,0.4813557863235473,200.0,0.0908277332782745,0.0665000003452102
20160809.0,0.1320405155420303,0.1458869576454162,0.2927755117416382,0.3070443868637085,0.2945590317249298,,,12.0,0.2564709782600403,1.531266450881958,308.69757080078125,1.1181464195251465,247.7823181152344,215.3679656982422,0.6320445537567139,0.5997825264930725,200.0,0.1468958407640457,0.11791666643694
20160810.0,0.1339544206857681,0.2401486784219741,,,,0.2507165670394897,0.2836695313453674,,,,,,,,,,,,
20160811.0,0.1327719837427139,0.2045112252235412,0.1963655203580856,0.1976538747549057,0.1862470507621765,,,12.0,0.2564709782600403,1.531266450881958,310.014892578125,1.1317509412765503,268.0307312011719,239.2589111328125,0.0922178924083709,0.4974962472915649,200.0,0.1272712647914886,0.180958333735665
20160812.0,0.132959097623825,0.1766576319932937,,,,,0.1109958216547966,,,,,,,,,,,,
20160813.0,0.1436692029237747,0.1489264667034149,,,,0.1097266748547554,0.1217688545584678,,,,,,,,,,,,
20160814.0,0.1394368261098861,0.141617015004158,0.0900807008147239,0.1061995476484298,0.1023488789796829,,,12.0,0.2564709782600403,1.531266450881958,304.1561889648437,1.1561673879623413,284.4784545898437,264.9139709472656,0.0030689451377838,0.4796351492404938,200.0,0.0747366249561309,0.133250000576178
20160815.0,0.1362650543451309,0.1471144706010818,,,,0.0803549513220787,0.0893276780843734,,,,,,,,,,,,
20160816.0,0.1339842826128006,0.130374476313591,0.0651301741600036,0.0847300514578819,0.0879734009504318,,,12.0,0.2564709782600403,1.531266450881958,305.176025390625,1.1734899282455444,285.8792419433594,271.146728515625,0.0017141756834462,0.4261037707328796,200.0,0.074174478650093,0.0980416669820746
20160817.0,0.1324298083782196,0.1377197206020355,0.0526646897196769,0.0745611563324928,0.0786131396889686,,,12.0,0.2564709782600403,1.531266450881958,305.543701171875,1.1821976900100708,287.0225830078125,272.17462158203125,0.2546386420726776,0.3588767051696777,200.0,0.0702121332287788,0.091875000235935
20160818.0,0.1383931040763855,0.1367184668779373,,,,0.0573186352849006,0.0639057606458664,,,,,,,,,,,,
20160819.0,0.1632959693670272,0.2361557632684707,0.2511050999164581,0.233505517244339,0.2102449834346771,,,12.0,0.2564709782600403,1.531266450881958,304.2493591308594,1.19964861869812,261.1160583496094,234.45993041992188,0.4831185340881347,1.0853395462036133,200.0,0.1406993865966797,0.07816666799287
20160820.0,0.2371889054775238,0.2356506288051605,,,,0.3133041262626648,0.3543504178524017,,,,,,,,,,,,
20160821.0,0.2732641100883484,0.2618483304977417,,,,,,,,,,,,,,,,,
20160822.0,0.2315076440572738,0.2204374521970749,0.2085690051317215,0.1997040510177612,0.1914096623659134,,,12.0,0.2564709782600403,1.531266450881958,300.083740234375,1.2259129285812378,263.6446533203125,234.8067626953125,0.6109914183616638,2.1678497791290283,200.0,0.1591573655605316,0.180374999841054
20160823.0,0.2694603204727173,0.2304248362779617,,,,0.1677829325199127,0.1897030621767044,,,,,,,,,,,,
20160824.0,0.2365420758724212,0.2174881398677826,0.1926712095737457,0.1695101112127304,0.160867154598236,,,12.0,0.2564709782600403,1.531266450881958,303.6104431152344,1.2434812784194946,271.2382202148437,244.6084899902344,0.0629063174128532,3.1331915855407715,200.0,0.1579505056142807,0.160333334778746
20160825.0,0.2000316083431244,0.1863616704940796,0.1419489681720733,0.1466665863990783,0.1363610476255417,,0.2073732763528823,12.0,0.2564709782600403,1.531266450881958,304.21435546875,1.252265691757202,276.73114013671875,254.50714111328125,0.0513299666345119,2.4342377185821533,200.0,0.1369640529155731,0.148375001425544
20160826.0,0.1750608682632446,0.1654824465513229,,,,,0.0879238247871398,,,,,,,,,,,,
20160827.0,0.1613402962684631,0.1607927531003952,0.1136229038238525,0.117977425456047,0.11240054666996,,,12.0,0.2564709782600403,1.531266450881958,305.3113098144531,1.2696611881256104,281.5892944335937,261.486083984375,1.5530136823654177,1.3826055526733398,200.0,0.1021533235907554,0.120208333556851
20160828.0,0.1704190671443939,0.1833184957504272,,,,0.1498564779758453,0.1658070683479309,,,,,,,,,,,,
20160829.0,0.1962571740150451,0.1965229362249374,,,,,,,,,,,,,,,,,
20160830.0,0.1873213052749633,0.1802094876766204,0.1227304190397262,0.1445049196481704,0.1324211359024047,,0.0814844220876693,12.0,0.2564709782600403,1.531266450881958,302.68768310546875,1.30298912525177,277.533447265625,258.32177734375,2.676924467086792,2.1232619285583496,200.0,0.1240193098783493,0.100166666942338
20160831.0,0.1913672834634781,0.1787015944719314,,,,0.1013252884149551,0.1057466343045234,,,,,,,,,,,,
20160901.0,0.1973390877246856,0.1885280460119247,0.1303509771823883,0.1706365346908569,0.1503681242465973,,,12.0,0.2564709782600403,1.531266450881958,300.84423828125,1.3270970582962036,273.236328125,253.5596618652344,7.130046844482422,1.933274507522583,200.0,0.1225925236940383,0.0906250004967054
20160902.0,0.2499539256095886,0.1985545307397842,0.1427452117204666,0.1392886787652969,0.1294293850660324,0.1130691617727279,0.1267128586769104,12.0,0.2564709782600403,1.531266450881958,300.0231628417969,1.3392362594604492,276.9749755859375,255.35682678222656,1.4615195989608765,2.636993408203125,200.0,0.1183832511305809,0.087739130401093
20160903.0,0.2267667800188064,0.1917540729045868,,,,,,,,,,,,,,,,,
20160904.0,0.2011385560035705,0.1798189133405685,0.1009109243750572,0.117491215467453,0.1122975572943687,,,12.0,0.2564709782600403,1.531266450881958,303.1009521484375,1.3635793924331665,281.2167663574219,264.1722106933594,0.0022415870334953,2.033643960952759,200.0,0.1172563284635543,0.0827916668107112
20160905.0,0.1779956817626953,0.1709577888250351,,,,0.0607817508280277,0.0636921301484108,,,,,,,,,,,,
20160906.0,0.1628860682249069,0.1635385304689407,,,,,,,,,,,,,,,,,
20160907.0,0.1532758027315139,0.1468050926923751,0.0717989057302475,0.0889588892459869,0.0892705395817756,0.0481510609388351,0.0561235398054122,12.0,0.2564709782600403,1.531266450881958,305.3633117675781,1.4002577066421509,286.7904663085937,270.3856201171875,0.0887423604726791,0.8254712820053101,200.0,0.0816925764083862,0.0743333330998818
20160908.0,0.1475549489259719,0.1500512361526489,,,,,,,,,,,,,,,,,
20160909.0,0.1582322716712951,0.1671189814805984,0.1668502986431121,0.1979764848947525,0.1719144582748413,,,12.0,0.2564709782600403,1.531266450881958,306.3055419921875,1.4248186349868774,270.9361572265625,248.77813720703125,0.767005205154419,1.265293836593628,200.0,0.148837074637413,0.0724583333358169
20160910.0,0.1781756281852722,0.1627313196659088,0.2744568586349487,0.3064164817333221,0.2867940068244934,0.3036129176616668,0.3329264223575592,12.0,0.2564709782600403,1.531266450881958,300.8441467285156,1.4373056888580322,247.3436584472656,216.80572509765625,3.83254075050354,1.837160348892212,200.0,0.1758100092411041,0.0701249999304612
20160912.0,0.1627719849348068,0.1978488713502884,0.1466442495584488,0.1582927256822586,0.1517235338687896,,0.191564679145813,12.0,0.2564709782600403,1.531266450881958,301.9935302734375,1.4644386768341064,272.1982421875,245.063232421875,0.0017178335692733,0.9631739854812622,200.0,0.1373365074396133,0.0840476194307918
20160913.0,0.1533982157707214,0.1886718720197677,,,,,0.0980864912271499,,,,,,,,,,,,
20160914.0,0.1638804227113723,0.1973759829998016,,,,,,,,,,,,,,,,,
20160915.0,0.2027719020843505,0.2421139180660247,0.2066589146852493,0.2260485887527465,0.206752747297287,0.199759840965271,0.2206793427467346,12.0,0.2564709782600403,1.531266450881958,301.399169921875,1.4338375329971311,260.6835327148437,233.6579742431641,1.5293470621109009,1.7399379014968872,200.0,0.1617259085178375,0.087652174351008
20160916.0,0.2105511128902435,0.2076600492000579,,,,,,,,,,,,,,,,,
20160917.0,0.3392730355262756,0.2627712190151214,0.276125967502594,0.2929383516311645,0.2698062658309936,,0.3011566400527954,12.0,0.2564709782600403,1.531266450881958,298.817626953125,1.395777463912964,248.5966644287109,219.4794921875,17.160520553588867,2.8824145793914795,200.0,0.1844788789749145,0.101045455444943
20160918.0,0.3389433920383453,0.2365396171808242,0.2540297508239746,0.2510229051113128,0.2534582316875458,0.2556763887405395,0.2717978358268738,12.0,0.2564709782600403,1.531266450881958,300.2668762207031,1.376309156417847,251.91305541992188,218.9000701904297,5.687858581542969,3.3795323371887207,200.0,0.1962175667285919,0.118333334369319
20160919.0,0.2965998351573944,0.2191377431154251,,,,,,,,,,,,,,,,,
20160920.0,0.2520700097084045,0.2036597579717636,0.1614513397216797,0.1637382507324218,0.1539929509162902,0.1557579785585403,0.1662343144416809,12.0,0.2564709782600403,1.531266450881958,302.13702392578125,1.3375378847122192,273.1400146484375,247.36773681640625,0.0004375456774141,3.3637099266052246,200.0,0.1509086638689041,0.114375000819564
20160921.0,0.2210765779018402,0.1867378056049347,,,,,,,,,,,,,,,,,
20160922.0,0.198318213224411,0.1740588396787643,,,,,,,,,,,,,,,,,
20160923.0,0.180516317486763,0.171183094382286,0.0886264815926551,0.1122601479291915,0.1077074632048606,0.0906200483441352,0.0964690074324607,12.0,0.2564709782600403,1.531266450881958,301.16375732421875,1.279794454574585,282.23321533203125,262.948486328125,0.226951777935028,1.9106459617614744,200.0,0.0957984253764152,0.0946086959346481
20160924.0,0.1730677038431167,0.1573157012462616,,,,,,,,,,,,,,,,,
20160926.0,0.3624447882175445,0.265188455581665,0.3062867224216461,0.2931472063064575,0.2962594628334045,,,12.0,0.2564709782600403,1.531266450881958,292.30194091796875,1.222439527511597,240.6099548339844,207.35171508789065,1.2824519872665403,3.866345405578613,200.0,0.2271477282047271,0.231791667640209
20160928.0,0.2859227061271667,0.2163719683885574,,,,0.1810222119092941,0.1969054192304611,,,,,,,,,,,,
20160929.0,0.2623308897018432,0.2119845896959304,,,,,,,,,,,,,,,,,
20160930.0,0.2452151328325271,0.1991366147994995,,,,0.1362532079219818,0.1796929836273193,,,,,,,,,,,,
20161001.0,0.2332035452127456,0.1840295642614364,0.1349169164896011,0.140782818198204,0.1321856379508972,,0.0813928619027137,12.0,0.2564709782600403,1.531266450881958,294.7389831542969,1.168020486831665,271.088134765625,247.54428100585932,0.5033714771270752,2.5433449745178223,200.0,0.1256778687238693,0.155000000571211
20161002.0,0.2198757976293563,0.1867493391036987,,,,,,,,,,,,,,,,,
20161003.0,0.2053376138210296,0.1738837957382202,0.1009449437260627,0.1224737018346786,0.1156220212578773,0.0859774202108383,0.1013824865221977,12.0,0.2564709782600403,1.531266450881958,296.4415588378906,1.1689642667770386,275.9862060546875,256.1120300292969,0.0012936410494148,2.330023765563965,200.0,0.1093077808618545,0.134708334381382
20161004.0,0.1921528130769729,0.1786900907754898,0.126716747879982,0.156098410487175,0.140438362956047,,,12.0,0.2564709782600403,1.531266450881958,298.9672241210937,1.169756531715393,271.6261901855469,251.84295654296875,0.0,2.594175338745117,200.0,0.1380564570426941,0.125583335136374
20161005.0,0.1795926541090011,0.1642699092626571,,,,,0.14127017557621,,,,,,,,,,,,
20161006.0,0.1715853363275528,0.1897039413452148,0.1330843567848205,0.1652969866991043,0.1476940512657165,,0.1744132786989212,12.0,0.2564709782600403,1.531266450881958,301.07989501953125,1.1713414192199707,271.4320373535156,250.5568084716797,0.2860250771045685,1.7073019742965698,200.0,0.1384181678295135,0.106291666316489
20161007.0,0.3249971866607666,0.2223278284072876,,,,,,,,,,,,,,,,,
20161008.0,0.3039011061191559,0.2357635647058487,,,,0.2149152010679245,0.2199163734912872,,,,,,,,,,,,
20161009.0,0.2843696475028991,0.2107389569282531,0.1800185739994049,0.1951324790716171,0.1861296147108078,,,12.0,0.2564709782600403,1.531266450881958,292.5099182128906,1.1737194061279297,259.4320983886719,230.6773376464844,0.6910673379898071,1.713416576385498,200.0,0.1547665297985077,0.0960416672751307
20161010.0,0.2722713649272918,0.2032470107078552,,,,,,,,,,,,,,,,,
20161011.0,0.2490780502557754,0.1876410245895385,0.1322057992219925,0.1431546360254287,0.1358876824378967,0.1106674000620842,0.1187475174665451,12.0,0.2564709782600403,1.531266450881958,295.3436889648437,1.1753053665161133,270.3634033203125,245.15017700195312,0.0025704340077936,2.6524486541748047,200.0,0.13446044921875,0.0964166674142082
20161012.0,0.2293629795312881,0.1783345937728881,0.1131414622068405,0.1433339565992355,0.1317770928144455,,,12.0,0.2564709782600403,1.531266450881958,296.7156677246094,1.1760921478271484,272.7127380371094,252.8795623779297,0.0017196509288623,2.08219051361084,200.0,0.1223261579871177,0.0953749989469846
20161013.0,0.2275964766740799,0.1748989671468734,,,,0.0755465254187583,0.0798974558711052,,,,,,,,,,,,
20161014.0,0.2864084541797638,0.221613198518753,0.1593540161848068,0.2139142602682113,0.1847890019416809,,,12.0,0.2564709782600403,1.531266450881958,290.4022827148437,1.1775903701782229,257.803466796875,235.3985595703125,1.5232412815093994,1.115818738937378,200.0,0.1493842899799347,0.0902608701068422
20161015.0,0.2744043469429016,0.2160703688859939,,,,,,,,,,,,,,,,,
20161016.0,0.2489833682775497,0.1888352036476135,,,,0.158007875084877,0.1800286918878555,,,,,,,,,,,,
20161017.0,0.224961832165718,0.175335481762886,0.0993158593773841,0.1420290917158126,0.1309264898300171,,,12.0,0.2564709782600403,1.531266450881958,299.4217224121094,1.1824219226837158,274.0872802734375,253.6561279296875,0.000426173210144,2.7512784004211426,200.0,0.1263637840747833,0.089708333214124
20161018.0,0.2043783366680145,0.1631769388914108,,,,0.084184393286705,0.1300393640995025,,,,,,,,,,,,
20161019.0,0.1919836997985839,0.1507256478071212,0.0597169734537601,0.1101623028516769,0.1070088371634483,,0.0656147971749305,12.0,0.2564709782600403,1.531266450881958,295.304443359375,1.186292290687561,277.7071533203125,261.5382080078125,0.0008523463038727,1.679012656211853,200.0,0.0920397713780403,0.0852499998485049
20161020.0,0.1852728426456451,0.1840672045946121,0.1826719343662262,0.1922651082277298,0.1771791875362396,,,12.0,0.2564709782600403,1.531266450881958,294.9341125488281,1.1882470846176147,263.2199401855469,236.67221069335932,0.5024837851524353,1.60647714138031,200.0,0.1484906077384948,0.0820833326627811
20161021.0,0.1790544390678405,0.1776484698057174,,,,,,,,,,,,,,,,,
20161022.0,0.1727301627397537,0.1658859103918075,0.1054477542638778,0.1280261129140854,0.1206580623984336,,,12.0,0.2564709782600403,1.531266450881958,291.15380859375,1.1921589374542236,271.38140869140625,249.10189819335932,0.0008523463038727,1.2970592975616455,200.0,0.1104292273521423,0.0762916663661599
20161023.0,0.1664730161428451,0.1694883406162262,,,,,0.0876796767115593,,,,,,,,,,,,
20161024.0,0.1619578897953033,0.1617213487625122,,,,,0.0804773122072219,,,,,,,,,,,,
20161025.0,0.158174455165863,0.1581771224737167,0.080798789858818,0.1066785976290702,0.1038537770509719,,,12.0,0.2564709782600403,1.531266450881958,296.15838623046875,1.198030948638916,277.707763671875,260.9140625,0.0699106603860855,0.7539578676223755,200.0,0.0868843421339988,0.0724166675160329
20161026.0,0.1561336070299148,0.1554852724075317,,,,0.0749212354421615,0.0822168663144111,,,,,,,,,,,,
20161027.0,0.1533678621053695,0.1553776860237121,0.0842806994915008,,,,,,,,,,,,,,,,
20161028.0,0.1509817093610763,0.1595084965229034,0.073845699429512,0.0951986238360405,0.0929310321807861,,,12.0,0.2564709782600403,1.531266450881958,297.5632019042969,1.203787326812744,279.9384765625,262.4467163085937,0.0008595229592174,0.8631901741027832,200.0,0.0811780542135238,0.0718260864200799
20161029.0,0.1483430862426757,0.1546290814876556,,,,0.0541704110801219,0.0579241327941417,,,,,,,,,,,,
20161030.0,0.1460144519805908,0.1409866362810135,0.0572705529630184,0.0979601591825485,0.0958449244499206,,,12.0,0.2564709782600403,1.531266450881958,297.986572265625,1.2060145139694214,279.5121154785156,262.4444885253906,0.0029981357511132,0.8193407654762268,200.0,0.0834767073392868,0.068772728131576
20161031.0,0.1442098915576934,0.1522251516580581,,,,0.0668684542179107,0.0674459040164947,,,,,,,,,,,,
20161101.0,0.1425206512212753,0.1490798592567443,,,,,,,,,,,,,,,,,
20161102.0,0.1415901482105255,0.1514261662960052,0.0732750818133354,0.0964321419596672,0.0945670008659362,,,12.0,0.2564709782600403,1.531266450881958,297.8262634277344,1.259138822555542,280.6106872558594,263.57012939453125,0.6072127223014832,0.50059974193573,200.0,0.072266437113285,0.0675652192338653
20161103.0,0.2214307785034179,0.1833909600973129,,,,0.3483749628067016,0.4162114262580871,,,,,,,,,,,,
20161104.0,0.2320475727319717,0.2671290040016174,,,,,,,,,,,,,,,,,
20161105.0,0.2313202917575836,0.2509573698043823,0.2619442641735077,0.2618190348148346,0.2670622766017914,0.2881673872470855,0.3984801769256592,12.0,0.2564709782600403,1.531266450881958,291.3023681640625,1.332005500793457,241.41647338867188,207.44601440429688,1.5672714710235596,0.898616373538971,200.0,0.215483471751213,0.224375002086163
20161106.0,0.3236519992351532,0.2354352623224258,,,,,,,,,,,,,,,,,
20161107.0,0.3922875523567199,0.2722705602645874,0.323110818862915,0.3609611093997955,0.3526292145252228,,,12.0,0.2564709782600403,1.531266450881958,291.4017639160156,1.3815207481384275,226.90679931640625,194.52951049804688,9.539403915405272,1.118163824081421,200.0,0.2869579195976257,0.261916667222977
20161108.0,0.367648720741272,0.25859335064888,,,,0.3055958151817322,0.3246864080429077,,,,,,,,,,,,
20161109.0,0.3555163741111755,0.2552826404571533,,,,,,,,,,,,,,,,,
20161110.0,0.3446086943149566,0.2442028820514679,0.2842998802661896,0.2857946753501892,0.2876524031162262,,0.3267311751842499,12.0,0.2564709782600403,1.531266450881958,288.4686584472656,1.4564682245254517,234.7611694335937,200.02133178710932,0.0055104941129684,1.283275127410889,200.0,0.2558805048465729,0.218958332513769
20161111.0,0.3298887014389038,0.237227663397789,,,,,0.3454390168190002,,,,,,,,,,,,
20161112.0,0.3152016699314117,0.2301131039857864,0.2718408107757568,,,,,,,,,,,,,,,,
20161113.0,0.3046920299530029,0.2170463055372238,0.2507572770118713,0.2578527331352234,0.2466865330934524,0.2367720007896423,0.2582476139068603,12.0,0.2564709782600403,1.531266450881958,285.1045837402344,1.532337307929993,241.38034057617188,210.773193359375,0.0008553265361115,1.424178957939148,200.0,0.2199924290180206,0.189291665330529
20161114.0,0.2941562533378601,0.2196701020002365,,,,,,,,,,,,,,,,,
20161115.0,0.2834435403347015,0.1993786245584488,0.2336767464876175,0.2116026133298874,0.2030604928731918,,0.216772973537445,12.0,0.2564709782600403,1.531266450881958,288.0332336425781,1.5848809480667114,251.2381896972656,221.37713623046875,0.0012916736304759,1.6880334615707395,200.0,0.1866207122802734,0.176958333080014
20161116.0,0.2727587819099426,0.1925192028284073,,,,0.1762292981147766,0.1837214231491089,,,,,,,,,,,,
20161117.0,0.2596031129360199,0.1888967007398605,,,,,,,,,,,,,,,,,
20161118.0,0.2492867559194564,0.1740549057722091,0.170305460691452,0.1898515671491623,0.1702895015478134,0.1522127240896225,0.1532029211521148,12.0,0.2564709782600403,1.531266450881958,288.0521850585937,1.6175487041473389,259.3476867675781,235.12603759765625,7.197801460279152e-05,1.4591577053070068,200.0,0.1570752114057541,0.162750000754992
20161120.0,0.2373910248279571,0.1724537312984466,0.158522143959999,,,,,,,,,,,,,,,,
20161121.0,0.230521410703659,0.1714446395635604,0.1379494965076446,0.1488808393478393,0.1369593292474746,0.1389146596193313,0.1472518146038055,12.0,0.2564709782600403,1.531266450881958,286.4644470214844,1.6324191093444824,262.3050842285156,240.5346069335937,0.0012818806571885,1.3639012575149536,200.0,0.1417947113513946,0.151499999066194
20161122.0,0.224304512143135,0.1718592047691345,,,,,,,,,,,,,,,,,
20161123.0,0.2170052081346511,0.1586153656244278,0.1156220883131027,0.155140221118927,0.1386429816484451,0.096004232764244,0.1265602558851242,12.0,0.2564709782600403,1.531266450881958,286.74334716796875,1.6418917179107666,264.0946960449219,246.52117919921875,0.0,1.1985172033309937,200.0,0.1388458609580993,0.145874999463558
20161124.0,0.212571918964386,0.1515543311834335,,,,,0.0852687135338783,,,,,,,,,,,,
20161125.0,0.2084256261587143,0.154832050204277,,,,,,,,,,,,,,,,,
20161126.0,0.2053496092557907,0.1505460292100906,0.0912169516086578,0.1140780821442604,0.1086080074310302,0.0967098772525787,0.1112094521522522,12.0,0.2564709782600403,1.531266450881958,283.0007019042969,1.6561237573623655,267.92291259765625,248.88247680664065,0.0008523463038727,0.6183400750160217,200.0,0.1051308661699295,0.137083332364758
20161127.0,0.2037938237190246,0.1600972115993499,,,,,,,,,,,,,,,,,
20161128.0,0.2024546712636947,0.1484130173921585,0.1263413280248642,,,,0.1420941799879074,,,,,,,,,,,,
20161129.0,0.1956904381513595,0.1462995857000351,0.1052956730127334,0.1163598448038101,0.1102431938052177,,0.1535080969333648,12.0,0.2564709782600403,1.531266450881958,286.3832092285156,1.6705315113067627,268.92266845703125,248.30133056640625,0.0012874602107331,1.0998796224594116,200.0,0.1166156753897667,0.13333333345751
20161130.0,0.1908785253763198,0.1442935615777969,,,,,,,,,,,,,,,,,
20161201.0,0.1876503825187683,0.1412794589996338,0.0909230634570121,0.1202442049980163,0.1138503924012184,0.0982629358768463,0.1144138947129249,12.0,0.2564709782600403,1.531266450881958,281.5911865234375,1.6821361780166626,265.05908203125,247.70001220703125,0.0004291534423828,0.7743554711341858,200.0,0.1175064295530319,0.127299999445677
20161202.0,0.1858883500099182,,,,,,,,,,,,,,,,,,
20161203.0,0.3355426490306854,,,,,,0.3856013715267181,,,,,,,,,,,,
20161204.0,0.3461394608020782,0.2635883092880249,0.2808641791343689,0.2868448495864868,0.2646414041519165,0.2742471694946289,0.2712790369987488,12.0,0.2564709782600403,1.531266450881958,282.3351135253906,1.6387171745300293,233.0146484375,203.61251831054688,1.2481722831726074,0.9454073905944824,200.0,0.2493972778320312,0.252458330864708
20161205.0,0.3165535628795624,0.2265597879886627,,,,,,,,,,,,,,,,,
20161206.0,0.2972855567932129,0.2280588299036026,0.2722136676311493,,,0.2521420419216156,0.2701803743839264,,,,,,,,,,,,
20161211.0,0.2548823356628418,0.2000100016593933,,,,0.1856619417667389,0.2272713333368301,,,,,,,,,,,,
20161212.0,0.246690034866333,0.1949984729290008,0.2043425887823104,0.1854512393474578,0.1823720782995224,,0.1442304700613021,12.0,0.2564709782600403,1.531266450881958,280.5777282714844,1.4620798826217651,248.2340545654297,217.94142150878903,0.0008470237953588,0.7895886301994324,200.0,0.1791553497314453,0.193649999797344
20161213.0,0.2414358556270599,,,,,,,,,,,,,,,,,,
20161216.0,0.2299487292766571,0.1824049204587936,,,,,0.2514419853687286,,,,,,,,,,,,
20161217.0,0.21998231112957,0.1750489175319671,0.1845371276140213,0.1545592844486236,0.1453030556440353,,0.1701101660728454,12.0,0.2564709782600403,1.531266450881958,286.98614501953125,1.3521116971969604,258.73175048828125,232.91783142089844,0.0455644279718399,0.7823410630226135,200.0,0.1435974836349487,0.178842106147816
20161221.0,0.2119084000587463,,,,,,0.138645589351654,,,,,,,,,,,,
20161222.0,0.2068411856889724,0.1587803661823272,0.1354244947433471,0.1304236501455307,0.1222370341420173,0.1213104054331779,0.1338541805744171,12.0,0.2564709782600403,1.531266450881958,280.3460693359375,1.3062679767608645,259.07958984375,236.0929412841797,0.000435113790445,0.5743814706802368,200.0,0.1323449611663818,0.167999998355905
20161223.0,0.2091819494962692,,0.1274300366640091,0.1211257874965667,0.1143955588340759,,,12.0,0.2564709782600403,1.531266450881958,280.4057006835937,1.2998981475830078,259.740966796875,236.50958251953125,0.8728868961334229,0.6135993003845215,200.0,0.1340047419071197,0.166708332796892
20161224.0,0.2117463946342468,0.1612085402011871,,,,0.1213871017098426,0.1309244036674499,,,,,,,,,,,,
20161225.0,0.2173669934272766,,0.1345079839229583,0.1117419600486755,0.1058549508452415,,,12.0,0.2564709782600403,1.531266450881958,290.8962097167969,1.2871769666671753,267.3424987792969,246.31314086914065,2.823561191558838,1.775554895401001,200.0,0.1231550574302673,0.168380950887998
20161226.0,0.2240399867296219,,,,,,,,,,,,,,,,,,
20161227.0,0.2162030339241027,0.146757423877716,,,,0.1098138988018035,0.1240577399730682,,,,,,,,,,,,
20161228.0,0.2106269150972366,,0.1114665418863296,0.121827982366085,0.1142733246088028,,,12.0,0.2564709782600403,1.531266450881958,286.3515930175781,1.2681403160095217,264.42254638671875,245.4669189453125,0.0008523463038727,0.8371530175209045,200.0,0.1252758651971817,0.161750000591079
20161229.0,0.2039515823125839,0.1428210288286209,,,,0.1091781258583068,0.1280251443386078,,,,,,,,,,,,
20161231.0,0.1943468749523162,,0.1115595549345016,0.1223124712705612,0.1149745136499404,,,12.0,0.2564709782600403,1.531266450881958,283.92596435546875,1.2487932443618774,262.8199462890625,245.81985473632807,0.0017166137695312,0.7767906785011292,200.0,0.1303688287734985,0.154374999304612
20170101.0,0.190424308180809,,,,,0.0997735932469368,0.1029694527387619,,,,,,,,,,,,
20170102.0,0.1956488937139511,0.1727913320064544,0.1889477372169494,0.2003490924835205,0.1808798313140869,,,12.0,0.2564709782600403,1.531266450881958,286.71405029296875,1.2406383752822876,249.65711975097656,223.51840209960932,1.1352688074111938,1.041043758392334,200.0,0.1768665164709091,0.151999997595946
20170103.0,0.1933986246585846,0.158693253993988,,,,,0.2260200828313827,,,,,,,,,,,,
20170109.0,0.1917300820350647,,,,,0.1131566613912582,0.1293374449014663,,,,,,,,,,,,
20170110.0,0.2016211450099945,0.1480774283409118,0.1075152307748794,0.090786412358284,0.0861977860331535,,,12.0,0.2564709782600403,1.531266450881958,288.9012451171875,1.2263015508651731,265.69390869140625,246.47738647460932,0.0,1.143563151359558,200.0,0.125436320900917,0.140375000114242
20170111.0,0.1940766125917434,,,,,0.1029328405857086,0.1252479702234268,,,,,,,,,,,,
20170112.0,0.1860895603895187,,,,,,,,,,,,,,,,,,
20170113.0,0.188410997390747,0.138188824057579,0.0624403357505798,0.1079553738236427,0.1048630625009536,,,12.0,0.2564709782600403,1.531266450881958,278.5322265625,1.2207969427108765,264.6377258300781,248.9849548339844,2.2318596839904785,0.9169085025787354,200.0,0.1137925013899803,0.135166671127081
20170115.0,0.3227677345275879,,0.2194736152887344,0.2241210490465164,0.2122979313135147,,,12.0,0.2564709782600403,1.531266450881958,275.8321533203125,1.2172592878341677,239.5616912841797,209.60671997070312,13.584251403808594,0.4288273453712463,200.0,0.1950683295726776,0.133291666706403
20170116.0,0.3728480339050293,0.2441948503255844,0.2686153352260589,0.2809015810489654,0.2569010257720947,,0.2445753365755081,12.0,0.2564709782600403,1.531266450881958,280.73992919921875,1.214972734451294,230.6507568359375,201.20654296875,5.20146369934082,1.089461326599121,200.0,0.2346652001142501,0.24383333325386
20170117.0,0.3269490003585815,0.2344199568033218,,,,,,,,,,,,,,,,,
20170118.0,0.3696804940700531,,0.2928391098976135,0.2824712991714477,0.265935331583023,,,12.0,0.2564709782600403,1.531266450881958,282.9635925292969,1.215281367301941,229.48764038085932,198.59524536132807,4.207372188568115,0.9392823576927184,200.0,0.247600108385086,0.260190473425956
20170119.0,0.3347357809543609,0.2300916314125061,,,,0.2559737861156463,0.269051194190979,,,,,,,,,,,,
20170120.0,0.3096601963043213,0.2165200114250183,,,,,,,,,,,,,,,,,
20170121.0,0.2912408411502838,0.2060141563415527,0.2615588009357452,0.2345533072948455,0.2274503260850906,,0.3328348696231842,12.0,0.2564709782600403,1.531266450881958,285.6430358886719,1.2220330238342283,239.9610595703125,208.0407257080078,0.0160954650491476,1.3701413869857788,200.0,0.2201991975307464,0.218416665370266
20170122.0,0.2791768908500671,0.2072118520736694,,,,,0.1869258731603622,,,,,,,,,,,,
20170123.0,0.2690523266792297,0.1943806260824203,0.2029852867126464,0.2007079124450683,0.18794846534729,,,12.0,0.2564709782600403,1.531266450881958,282.24090576171875,1.226321578025818,247.3414306640625,218.64013671875,0.0017288891831412,1.4305622577667236,200.0,0.1793782711029052,0.203958333780368
20170124.0,0.2580269277095794,0.178318902850151,0.2122178375720977,0.193351462483406,0.176233172416687,0.1986140608787536,0.2265388965606689,12.0,0.2564709782600403,1.531266450881958,287.5463256835937,1.2284668684005735,250.9833068847656,224.4078521728516,0.0008523463038727,1.9546988010406487,200.0,0.1773962676525116,0.199666667729616
20170125.0,0.2456527352333068,0.1741307228803634,,,,,,,,,,,,,,,,,
20170129.0,0.2268203943967819,,0.1459719985723495,0.1389479041099548,0.1296254694461822,0.1461241096258163,0.1662037968635559,12.0,0.2564709782600403,1.531266450881958,281.2138061523437,1.239203929901123,256.4678039550781,232.86279296875,0.0008612871170043,1.373788833618164,200.0,0.1474780142307281,0.176826086381207
20170130.0,0.2191806137561798,,,,,,,,,,,,,,,,,,
20170131.0,0.2106289267539978,,0.1302626132965088,0.1347174495458603,0.1243354976177215,,,12.0,0.2564709782600403,1.531266450881958,285.7662048339844,1.2437341213226318,260.916748046875,240.02120971679688,0.0012934207916259,1.6037931442260742,200.0,0.1390009820461273,0.168708333124717
20170201.0,0.2021217495203018,0.1506869941949844,0.1216619163751602,0.1420025080442428,0.1285975873470306,0.1087786182761192,0.1248817443847656,12.0,0.2564709782600403,1.531266450881958,285.8392028808594,1.2450777292251587,260.5805053710937,242.42556762695312,0.0012764175189659,1.1087610721588137,200.0,0.1403602063655853,0.166739127558211
20170202.0,0.1979208290576934,,,,,,,,,,,,,,,,,,
20170204.0,0.1953174620866775,,,,,,,,,,,,,,,,,,
20170205.0,0.1950658708810806,,,,,,,,,,,,,,,,,,
20170206.0,0.189898744225502,0.1562991291284561,0.1033478900790214,0.1075811013579368,0.1037583425641059,0.1016576066613197,0.1135288551449775,12.0,0.2564709782600403,1.531266450881958,289.3527526855469,1.2847973108291626,266.9894104003906,250.20114135742188,0.000435113790445,1.2584985494613647,200.0,0.1198431476950645,0.155041668564081
20170207.0,0.1821871250867843,0.151757925748825,,,,,,,,,,,,,,,,,
20170208.0,0.1750386655330658,0.1469534635543823,0.0977690517902374,0.1091538965702056,0.1040945127606391,,0.1381878107786178,12.0,0.2564709782600403,1.531266450881958,289.6686706542969,1.3033703565597534,269.2454833984375,250.4071807861328,0.000435113790445,1.0147813558578491,200.0,0.1135706081986427,0.147416666150093
20170209.0,0.1716396659612655,,0.0806515514850616,0.1122766882181167,0.1071348711848259,,0.0823084190487861,12.0,0.2564709782600403,1.531266450881958,282.62860107421875,1.312676191329956,265.53277587890625,248.1045837402344,0.0008523463038727,0.8716627359390259,200.0,0.1160932332277298,0.141263157913559
20170210.0,0.1680270880460739,,,,,,,,,,,,,,,,,,
20170211.0,0.1630759388208389,0.148497462272644,0.0950422212481498,0.101494662463665,0.0981000363826751,,,12.0,0.2564709782600403,1.531266450881958,294.4164123535156,1.331326603889465,270.72564697265625,253.44918823242188,0.0012943109031766,1.5416263341903689,200.0,0.1219015941023826,0.138833331565062
20170212.0,0.1577202677726745,0.1376384049654007,,,,,,,,,,,,,,,,,
20170213.0,0.1630622297525406,0.1334299594163894,,,,,0.076967678964138,,,,,,,,,,,,
20170214.0,0.3800568282604217,,0.2932761311531067,0.3247638344764709,0.2877053022384643,0.295725554227829,0.2778710424900055,12.0,0.2564709782600403,1.531266450881958,279.11199951171875,1.3593987226486206,228.0865936279297,199.42431640625,22.05919075012207,1.8176099061965945,200.0,0.2227416336536407,0.183666666969657
20170215.0,0.3489052355289459,0.2628237307071686,,,,,,,,,,,,,,,,,
20170216.0,0.3139085173606872,,0.254884660243988,0.2479825466871261,0.2424481213092804,0.2520760893821716,0.2725302875041961,12.0,0.2564709782600403,1.531266450881958,280.7998352050781,1.3782544136047363,234.8463134765625,201.8832092285156,0.0025849128141999,1.833958506584168,200.0,0.2320074141025543,0.215208332364758
20170217.0,0.2909725606441498,0.2225212454795837,0.2523666322231293,0.2252656519412994,0.2206875830888748,,,12.0,0.2564709782600403,1.531266450881958,286.4688415527344,1.3873951435089111,240.95803833007807,209.0394287109375,0.0031664338894188,2.1007370948791504,200.0,0.2230468243360519,0.208083333447576
20170218.0,0.2728003561496734,0.2144482433795929,,,,,,,,,,,,,,,,,
20170219.0,0.2617648541927337,0.1977558732032776,0.2239650785923004,0.1995836198329925,0.1831899285316467,0.1804307997226715,0.201483204960823,12.0,0.2564709782600403,1.531266450881958,287.6209411621094,1.408607840538025,250.77407836914065,223.478271484375,0.65292888879776,1.075561285018921,200.0,0.1817341297864914,0.195374997953574
20170220.0,0.2581195831298828,0.207058310508728,,,,,,,,,,,,,,,,,
20170221.0,0.2424553781747818,,,,,0.1734196692705154,0.1758781671524047,,,,,,,,,,,,
20170222.0,0.228757306933403,0.1835173219442367,0.1866971403360366,0.1931464672088623,0.1685023158788681,,,12.0,0.2564709782600403,1.531266450881958,288.4613952636719,1.4442951679229736,254.19366455078125,231.17037963867188,0.0,2.308163642883301,200.0,0.1717332005500793,0.175541666025917
20170223.0,0.2136923670768737,0.1890992373228073,,,,,,,,,,,,,,,,,
20170224.0,0.1974570453166961,0.1610727906227111,0.130547285079956,0.1717372834682464,0.1481749713420868,0.1207356080412864,0.1294900327920913,12.0,0.2564709782600403,1.531266450881958,289.2494812011719,1.4680590629577637,261.2784423828125,242.5172271728516,0.0008523463038727,1.553828477859497,200.0,0.1502135545015335,0.159958332777023
20170225.0,0.1913450956344604,,0.1150091290473938,0.135365217924118,0.1248868927359581,,,12.0,0.2564709782600403,1.531266450881958,282.1943359375,1.4799712896347046,262.13739013671875,241.36895751953125,0.0025719401892274,1.1959954500198364,200.0,0.1360838711261749,0.153999999949807
20170226.0,0.1867295652627945,,,,,0.096577413380146,0.1153599694371223,,,,,,,,,,,,
20170227.0,0.1812882274389267,0.1534458696842193,0.0984764471650123,0.123070515692234,0.1154197752475738,,0.0891750827431678,12.0,0.2564709782600403,1.531266450881958,287.262939453125,1.5038560628890991,264.58837890625,247.5648956298828,0.000426173210144,1.6720058917999268,200.0,0.1291801035404205,0.145791665961345
20170228.0,0.1744875013828277,0.1467234939336776,,,,,,,,,,,,,,,,,
20170301.0,0.1693440973758697,0.141443133354187,,,,0.0985032990574836,0.1039765626192092,,,,,,,,,,,,
20170303.0,0.1618284285068512,,,,,,0.0729087218642234,,,,,,,,,,,,
20170304.0,0.158678188920021,0.1334359496831894,0.0776016563177108,0.0883956849575042,0.0875580534338951,,0.0840784907341003,12.0,0.2564709782600403,1.531266450881958,286.788330078125,1.5630155801773071,270.12066650390625,253.85647583007807,0.0529102683067321,0.5703393220901489,200.0,0.0970999151468277,0.121291666602095
20170305.0,0.1599127203226089,0.1615540087223053,0.082309566438198,0.0829299241304397,0.0825144350528717,,,12.0,0.2564709782600403,1.531266450881958,290.6048889160156,1.578258395195007,272.408203125,255.8970489501953,0.3549194037914276,0.9483394026756288,200.0,0.1042055487632751,0.120541667255263
20170306.0,0.1589057743549347,0.1553156226873397,,,,0.0943844243884086,0.1135593727231025,,,,,,,,,,,,
20170307.0,0.1545893102884292,0.1434892416000366,0.067584291100502,0.1025085225701332,0.0998133942484855,,,12.0,0.2564709782600403,1.531266450881958,291.3572082519531,1.574662685394287,271.7603759765625,255.2613525390625,0.0,1.2293379306793213,200.0,0.1101168394088745,0.112333334051073
20170308.0,0.1515147387981414,0.133832573890686,,,,,,,,,,,,,,,,,
20170309.0,0.1497150510549545,0.1543692946434021,,,,0.0650599598884582,0.0783104971051216,,,,,,,,,,,,
20170310.0,0.1485520601272583,,0.0742533579468727,0.096530295908451,0.0935156941413879,,,12.0,0.2564709782600403,1.531266450881958,292.0227966308594,1.525538206100464,274.4983215332031,256.82666015625,0.0576599538326263,0.4173835515975952,200.0,0.0858321040868759,0.105291665531695
20170311.0,0.1485397219657898,,,,,0.0664071962237358,0.0643330216407775,,,,,,,,,,,,
20170312.0,0.1576209515333175,0.1488920748233795,0.0599674396216869,0.0915509313344955,0.0897860154509544,,,12.0,0.2564709782600403,1.531266450881958,282.7372436523437,1.4944673776626587,271.9132080078125,255.02587890625,0.7066053748130798,0.7234134674072266,200.0,0.0874658450484275,0.100541665839652
20170313.0,0.1765753179788589,,0.0671236217021942,0.1018194258213043,0.1033249497413635,,,12.0,0.2564709782600403,1.531266450881958,286.6973876953125,1.47898268699646,268.8206787109375,255.9693298339844,2.5583291053771973,1.329096794128418,200.0,0.1069688647985458,0.101099999621511
20170314.0,0.1802043318748474,0.1425572037696838,,,,0.0678189024329185,0.0758690163493156,,,,,,,,,,,,
20170315.0,0.1713565438985824,0.1482076197862625,0.0553832501173019,0.0890260711312294,0.0888202190399169,,,12.0,0.2564709782600403,1.531266450881958,288.71221923828125,1.4481151103973389,271.5438842773437,255.54551696777344,0.0021494310349226,1.0946160554885864,200.0,0.1003670543432235,0.0995833339790503
20170316.0,0.1647263318300247,0.1495562046766281,,,,0.0553312823176384,0.0672322735190391,,,,,,,,,,,,
20170317.0,0.1581103205680847,0.1569642424583435,,,,,0.047853022813797,,,,,,,,,,,,
20170318.0,0.1524309366941452,0.1494085639715194,0.0631088986992836,0.0930991843342781,0.0932527855038642,,,12.0,0.2564709782600403,1.531266450881958,297.489013671875,1.4020678997039795,275.73638916015625,260.15447998046875,0.0099632320925593,1.1420893669128418,200.0,0.1158950552344322,0.105374999965231
20170319.0,0.1484114825725555,0.1526169776916504,,,,0.0570905022323131,0.0690328702330589,,,,,,,,,,,,
20170320.0,0.1444766372442245,0.1489366292953491,0.0591512359678745,0.0783634781837463,0.0781445205211639,,,12.0,0.2564709782600403,1.531266450881958,299.976806640625,1.3723269701004028,279.94610595703125,263.1029663085937,0.0008523463620804,1.2550095319747925,200.0,0.1011165529489517,0.10470833381017
20170321.0,0.1407106071710586,0.1477135270833969,0.0630400404334068,0.0865849256515502,0.0876289829611778,,0.0682088658213615,12.0,0.2564709782600403,1.531266450881958,300.8837585449219,1.354360580444336,279.10552978515625,263.45733642578125,0.3474638760089874,1.139460563659668,200.0,0.1100631356239318,0.104916667565703
20170322.0,0.1411008536815643,0.1434899270534515,,,,,0.0491042807698249,,,,,,,,,,,,
20170323.0,0.1388252824544906,0.1448397189378738,0.0635435059666633,0.0924148634076118,0.0926872193813324,,,12.0,0.2564709782600403,1.531266450881958,298.19464111328125,1.3480589389801023,278.1415405273437,262.5033569335937,0.0,0.722446084022522,200.0,0.0955240428447723,0.101833333882193
20170324.0,0.1386685669422149,0.1489991694688797,,,,0.1005700826644897,0.1094393730163574,,,,,,,,,,,,
20170325.0,0.1377776265144348,0.1328320354223251,,,,,,,,,,,,,,,,,
20170326.0,0.1363664269447326,0.1438172161579132,0.0485847070813179,0.0790823176503181,0.0810469686985015,,,12.0,0.2564709782600403,1.531266450881958,293.6268005371094,1.37671959400177,276.6280822753906,261.2042236328125,0.0030143256299197,0.6370714902877808,200.0,0.0840588510036468,0.0963333345328768
20170327.0,0.1351542919874191,0.1370883584022522,,,,0.0449241064488887,0.0433973222970962,,,,,,,,,,,,
20170328.0,0.1741694658994674,0.1474353671073913,0.0486502051353454,0.0669243410229682,0.0677388235926628,,,12.0,0.2564709782600403,1.531266450881958,291.5892944335937,1.394576072692871,279.6587829589844,263.5380249023437,38.8328971862793,1.2443848848342896,200.0,0.0797532796859741,0.0942173911177594
20170329.0,0.3772434890270233,,0.2991641163825989,0.3465268015861511,0.343433141708374,0.3207610547542572,0.3293252289295196,12.0,0.2564709782600403,1.531266450881958,288.99383544921875,1.4035215377807615,227.6383056640625,195.28643798828125,15.914569854736328,1.993906021118164,200.0,0.262273371219635,0.281130435674087
20170330.0,0.3391526937484741,0.2646805346012115,,,,,,,,,,,,,,,,,
20170331.0,0.3059927225112915,0.2376293689012527,0.2620793879032135,0.2679367363452911,0.2765885591506958,,,12.0,0.2564709782600403,1.531266450881958,291.14630126953125,1.42144775390625,238.04690551757807,203.9036407470703,0.0012904405593872,3.72951078414917,200.0,0.2431163340806961,0.242166666314006
20170401.0,0.2875506281852722,0.2246352136135101,,,,0.2044015526771545,0.2270271927118301,,,,,,,,,,,,
20170402.0,0.3848873078823089,0.2511631846427917,,,,,,,,,,,,,,,,,
20170403.0,0.3798464238643646,0.2645429968833923,0.2644480466842651,0.3008906245231628,0.2899536788463592,0.257712572813034,0.3482467234134674,12.0,0.2564709782600403,1.531266450881958,288.011474609375,1.4484236240386963,234.89898681640625,204.47808837890625,0.3323317766189575,3.7650997638702393,200.0,0.2349505722522735,0.264499998341004
20170404.0,0.3404337167739868,0.2324684560298919,,,,,0.1653187721967697,,,,,,,,,,,,
20170405.0,0.3123862445354461,0.2234669327735901,0.2049724459648132,0.2218197733163833,0.2189445346593856,,,12.0,0.2564709782600403,1.531266450881958,287.0392150878906,1.4654579162597656,248.55984497070312,218.12722778320312,0.0030240435153245,3.584843635559082,200.0,0.196478396654129,0.220583332081636
20170406.0,0.2916915416717529,0.1825352907180786,0.1694710403680801,0.1816091686487198,0.17180036008358,0.1584533005952835,0.1808526813983917,12.0,0.2564709782600403,1.531266450881958,287.3036499023437,1.4780268669128418,256.4506225585937,230.0167236328125,0.0,3.513468742370605,200.0,0.1658212393522262,0.203750000024835
20170407.0,0.2719880044460296,0.1941581219434738,,,,,,,,,,,,,,,,,
20170408.0,0.2510123550891876,0.1704165637493133,0.1285743564367294,0.1325009018182754,0.125629648566246,,0.1195715218782424,12.0,0.2564709782600403,1.531266450881958,294.3209533691406,1.4652045965194702,268.5933837890625,245.22805786132807,0.0012814997462555,4.2482500076293945,200.0,0.1360622197389602,0.185583335037033
20170409.0,0.2290600389242172,0.1689755767583847,,,,,0.1486556529998779,,,,,,,,,,,,
20170410.0,0.2144862413406372,0.1834042519330978,,,,,,,,,,,,,,,,,
20170411.0,0.2042499035596847,0.1438749730587005,0.0745948180556297,0.1105454415082931,0.1074178814888,0.082627460360527,0.0940275266766548,12.0,0.2564709782600403,1.531266450881958,291.49420166015625,1.3974902629852295,273.0898132324219,256.75860595703125,0.0,2.9763615131378174,200.0,0.1103137359023094,0.154458333427707
20170412.0,0.1946227252483368,0.1453025192022323,,,,,,,,,,,,,,,,,
20170413.0,0.2518370747566223,0.183305412530899,0.2410219460725784,0.2404033094644546,0.233639195561409,,,12.0,0.2564709782600403,1.531266450881958,292.2513732910156,1.3543651103973389,248.7972869873047,217.85922241210932,15.945444107055664,2.037741184234619,200.0,0.1731283962726593,0.141958332931002
20170414.0,0.3452496826648712,0.2308702617883682,,,,0.217898428440094,0.232032224535942,,,,,,,,,,,,
20170415.0,0.3013315796852112,0.2080739438533783,,,,,,,,,,,,,,,,,
20170416.0,0.2733648419380188,0.1844275891780853,0.1197816953063011,0.1313009411096573,0.1230996176600456,0.1556310206651687,0.1569566875696182,12.0,0.2564709782600403,1.531266450881958,296.28076171875,1.2901862859725952,272.0256042480469,250.96322631835932,0.191894382238388,2.3103058338165283,200.0,0.1287177503108978,0.131958333154519
20170417.0,0.3249202668666839,0.1711535453796386,,,,,,,,,,,,,,,,,
20170418.0,0.3228432834148407,0.1760883182287216,,,,,,,,,,,,,,,,,
20170419.0,0.2823427617549896,0.1709244400262832,0.0917251482605934,0.1072896942496299,0.1043935641646385,0.0972436442971229,0.1139561161398887,12.0,0.2564709782600403,1.531266450881958,295.87310791015625,1.2266178131103516,276.2273254394531,259.0422058105469,0.0008523463038727,3.949369430541992,200.0,0.1034236550331115,0.116375000216067
20170420.0,0.2491025775671005,0.1714192777872085,,,,,,,,,,,,,,,,,
20170421.0,0.2432499080896377,0.1673152893781662,0.0736567080020904,0.0968169346451759,0.0952997282147407,0.0627319663763046,0.0659810155630111,12.0,0.2564709782600403,1.531266450881958,297.4057006835937,1.1845953464508057,279.8995361328125,263.082275390625,0.16987344622612,3.386129140853882,200.0,0.0941527560353279,0.109125000424683
20170422.0,0.2217747718095779,0.1507546305656433,0.0584126263856887,0.1035965457558631,0.1014125272631645,,,12.0,0.2564709782600403,1.531266450881958,289.2692565917969,1.1636168956756592,276.435791015625,259.4349975585937,0.0001951974845724,2.164041519165039,200.0,0.097274824976921,0.104583334177732
20170423.0,0.2071536481380462,0.1416492462158203,,,,,,,,,,,,,,,,,
20170424.0,0.1908590793609619,0.1456531286239624,0.0515468269586563,0.0787843540310859,0.0764065384864807,0.0543630085885524,0.0662862062454223,12.0,0.2564709782600403,1.531266450881958,292.5987548828125,1.1225074529647827,278.00494384765625,260.2264404296875,0.0017225742340087,3.157386779785156,200.0,0.0965913534164428,0.102999999808768
20170425.0,0.1738851368427276,0.1535787731409073,,,,,,,,,,,,,,,,,
20170426.0,0.1630952358245849,0.1413123607635498,,,,,0.047883540391922,,,,,,,,,,,,
20170427.0,0.1619003117084503,0.1387348175048828,0.0437549166381359,0.0937143564224243,0.0923774465918541,,0.0810571610927581,12.0,0.2564709782600403,1.531266450881958,292.2297668457031,1.062159299850464,276.36639404296875,259.5469970703125,0.0012934206752106,2.1915578842163086,200.0,0.0970942303538322,0.0969166668752829
20170428.0,0.1544717699289322,0.1483920365571975,,,,,,,,,,,,,,,,,
20170429.0,0.2680680751800537,0.1813904792070388,0.1506416201591491,0.2797803580760956,0.2315237373113632,0.246975377202034,0.3045442104339599,12.0,0.2564709782600403,1.531266450881958,291.8649597167969,1.0222208499908447,252.3106231689453,229.03048706054688,28.684568405151367,1.7519729137420654,200.0,0.1329805999994278,0.0932083337878187
20170430.0,0.3237936198711395,,0.1377154439687729,0.1856433004140854,0.1729437112808227,,,12.0,0.2564709782600403,1.531266450881958,284.1392822265625,1.0023481845855713,258.4147644042969,232.4832000732422,0.636246919631958,2.8259739875793457,200.0,0.1468588411808014,0.0901250001043081
20170501.0,0.2886792123317718,0.174437791109085,,,,,0.1357463300228119,,,,,,,,,,,,
20170502.0,0.2554393112659454,0.1538994759321212,0.0714252367615699,0.1068242937326431,0.103157602250576,0.0902094319462776,0.1036103367805481,12.0,0.2564709782600403,1.531266450881958,293.9155578613281,0.96279639005661,273.6623840332031,255.41488647460932,0.0045790243893861,4.133656978607178,200.0,0.1055017337203025,0.0988260873633882
20170503.0,0.2247526794672012,0.1500335484743118,,,,,,,,,,,,,,,,,
20170504.0,0.2087845355272293,0.1480467319488525,,,,0.0671094134449958,0.0711996853351593,,,,,,,,,,,,
20170505.0,0.1931038200855255,0.1476944386959076,0.0421202555298805,0.0778794139623642,0.07825168967247,,,12.0,0.2564709782600403,1.531266450881958,292.6820983886719,0.903952181339264,277.3041381835937,260.89276123046875,0.0,3.051950454711914,200.0,0.0955433025956153,0.0980416669820746
20170506.0,0.1782601028680801,0.1469653099775314,,,,,,,,,,,,,,,,,
20170507.0,0.1650752872228622,0.1497247219085693,0.0393291488289833,,,0.0469843856990337,0.0479445792734622,,,,,,,,,,,,
20170508.0,0.1559809446334839,0.1409249454736709,0.0417769514024257,0.0697188302874565,0.0719860047101974,,,12.0,0.2564709782600403,1.531266450881958,299.0306091308594,0.8444265127182007,282.2433776855469,266.53106689453125,0.0,1.9673126935958865,200.0,0.0778905004262924,0.0940833333879709
20170509.0,0.1519078463315963,0.1527964919805526,,,,0.0279277432709932,0.0268257707357406,,,,,,,,,,,,
20170510.0,0.1563573777675628,0.1524554044008255,0.0498720817267894,0.0794300287961959,0.0756910294294357,,0.032380137592554,12.0,0.2564709782600403,1.531266450881958,298.1935729980469,0.8212888240814209,282.5945739746094,262.91473388671875,1.561071753501892,2.2341318130493164,200.0,0.0796564891934394,0.091952380325113
20170511.0,0.1554603427648544,0.1505349576473236,,,,,,,,,,,,,,,,,
20170512.0,0.1496795713901519,0.1453307718038559,,,,0.0351627953350544,0.0387585088610649,,,,,,,,,,,,
20170513.0,0.1460752040147781,0.123093232512474,0.0317752808332443,0.0603649169206619,0.0596642456948757,,,12.0,0.2564709782600403,1.531266450881958,296.8531494140625,0.8110100626945496,282.82684326171875,265.79278564453125,0.0008523463620804,1.739733099937439,200.0,0.0742100849747657,0.0879166663313905
20170514.0,0.1422508656978607,0.1390178054571151,,,,,0.0389416180551052,,,,,,,,,,,,
20170515.0,0.1390869617462158,0.1415188461542129,0.0431970320641994,,,,0.0357676930725574,,,,,,,,,,,,
20170516.0,0.1374238431453704,0.1398066580295562,0.0398586839437484,0.0652805343270301,0.069146804511547,,,12.0,0.2564709782600403,1.531266450881958,301.21270751953125,0.7994983792304993,285.83612060546875,270.6880187988281,0.96479994058609,0.9890266060829164,200.0,0.0576898343861103,0.0833750003948808
20170517.0,0.2437366545200348,0.1683432757854461,,,,0.2940558195114136,0.3306070268154144,,,,,,,,,,,,
20170518.0,0.2428686618804931,0.1885988414287567,0.1269696354866027,0.1686116904020309,0.1582978069782257,,,12.0,0.2564709782600403,1.531266450881958,298.0213317871094,0.791836678981781,266.0414123535156,238.51834106445312,6.6025800704956055,2.9303464889526367,200.0,0.1196194738149643,0.161749999349316
20170519.0,0.3083325326442718,0.1778255999088287,,,,,0.1172826290130615,,,,,,,,,,,,
20170520.0,0.3498411774635315,0.2935499548912048,,,,0.2175834029912948,0.2282784581184387,,,,,,,,,,,,
20170521.0,0.3028229176998138,0.2337012887001037,0.1920558810234069,0.2030696272850036,0.1911458969116211,,,12.0,0.2564709782600403,1.531266450881958,293.14666748046875,0.7803636789321899,256.95263671875,227.43243408203125,0.0,3.895344257354736,200.0,0.1616572588682174,0.127000001569589
20170522.0,0.2746880650520324,0.2009012997150421,,,,0.1336777210235595,0.1438032239675521,,,,,,,,,,,,
20170523.0,0.3432669639587402,0.2078067064285278,0.2167220264673233,,,,,,,,,,,,,,,,
20170524.0,0.3254802227020263,0.2264070361852646,0.212297111749649,0.1910500824451446,0.1837323904037475,,,12.0,0.2564709782600403,1.531266450881958,291.73150634765625,0.7677626013755798,257.0409545898437,226.57321166992188,0.0008553265361115,4.660863876342773,200.0,0.155418187379837,0.102727272632447
20170525.0,0.278824120759964,0.1985363066196441,,,,0.1218459233641624,0.1349223256111145,,,,,,,,,,,,
20170526.0,0.2360970228910446,0.175737977027893,0.1146862357854843,0.1126319840550422,0.1068393737077713,,,12.0,0.2564709782600403,1.531266450881958,302.5439758300781,0.7742505073547363,278.48687744140625,257.6244506835937,0.0,5.182651996612549,200.0,0.103381372988224,0.102416667466362
20170527.0,0.2068466693162918,0.1577447950839996,,,,0.0485929511487484,0.0562761314213275,,,,,,,,,,,,
20170528.0,0.1844655573368072,0.1571961194276809,,,,,,,,,,,,,,,,,
20170529.0,0.1729545593261718,0.1467459797859192,0.0660574212670326,0.0895350500941276,0.0892339497804641,,,12.0,0.2564709782600403,1.531266450881958,298.8154296875,0.8064181804656982,281.49285888671875,265.1385498046875,0.0008583068847656,3.253321886062622,200.0,0.086459182202816,0.0904166658098499
20170530.0,0.1619624495506286,0.1389906257390976,,,,0.0400309674441814,0.040528580546379,,,,,,,,,,,,
20170531.0,0.1538277417421341,0.1462065130472183,,,,,,,,,,,,,,,,,
20170601.0,0.1603057980537414,0.1406818628311157,0.0885201394557952,0.0858188718557357,0.0853750556707382,,0.0343028046190738,12.0,0.2564709782600403,1.531266450881958,300.0362548828125,0.8376024961471558,283.3658447265625,266.4952392578125,3.153700113296509,2.3533835411071777,200.0,0.0786646977066993,0.080874999674658
20170602.0,0.2442571073770523,0.1739386022090912,,,,,0.1349833607673645,,,,,,,,,,,,
20170603.0,0.4005464613437652,,0.3074257671833038,0.2974835634231567,0.2925207018852234,,,12.0,0.2564709782600403,1.531266450881958,296.5827941894531,0.8584863543510437,238.48486328125,203.9462432861328,29.50006866455078,2.702639579772949,200.0,0.1836983263492584,0.17690476278464
20170604.0,0.3715459406375885,0.2771013379096985,,,,0.235446959733963,0.2624591886997223,,,,,,,,,,,,
20170605.0,0.3395464420318603,0.2636463046073913,,,,,,,,,,,,,,,,,
20170606.0,0.3139669001102447,0.2215249836444854,0.2133515924215316,0.196464791893959,0.189008429646492,,0.1393475085496902,12.0,0.2564709782600403,1.531266450881958,298.7855529785156,0.8899527192115784,259.66229248046875,228.6220245361328,0.0267213452607393,4.955704212188721,200.0,0.1693490743637085,0.144833335032066
20170607.0,0.2823101580142975,0.2110566347837448,,,,0.1039546281099319,0.1238441094756126,,,,,,,,,,,,
20170608.0,0.2571492791175842,0.1818573325872421,,,,,,,,,,,,,,,,,
20170609.0,0.2358722537755966,0.1527810245752334,0.1611815094947815,0.1632929891347885,0.1514850854873657,0.1862874776124954,0.2195806801319122,12.0,0.2564709782600403,1.531266450881958,301.2340393066406,0.922970175743103,266.79315185546875,240.6832275390625,0.0005038460949435,4.85079288482666,200.0,0.1476119756698608,0.102541667409241
20170610.0,0.2122703343629837,0.171335369348526,,,,,,,,,,,,,,,,,
20170611.0,0.1914413273334503,0.15821373462677,0.0786630660295486,0.0868622213602066,0.0820787027478218,,,12.0,0.2564709782600403,1.531266450881958,303.02764892578125,0.927183985710144,283.7875366210937,262.75311279296875,0.0,4.074409484863281,200.0,0.0926924273371696,0.0950833335518837
20170612.0,0.1755862385034561,0.1507752537727356,,,,0.0531479157507419,0.0624408721923828,,,,,,,,,,,,
20170613.0,0.1635101735591888,0.1438153982162475,,,,,,,,,,,,,,,,,
20170614.0,0.1549378335475921,0.141941100358963,0.0586899481713771,0.0653509944677352,0.0642409399151802,0.0408348590135574,0.0440382100641727,12.0,0.2564709782600403,1.531266450881958,305.575927734375,0.9067318439483644,288.21649169921875,270.34051513671875,0.0212292782962322,3.00971794128418,200.0,0.0794276148080825,0.0805833336586754
20170615.0,0.149775892496109,0.1403400003910064,,,,,,,,,,,,,,,,,
20170616.0,0.1536360383033752,0.1460079401731491,,,,,,,,,,,,,,,,,
20170617.0,0.1461923867464065,0.1413224786520004,0.0567114800214767,0.0626579150557518,0.0617919638752937,0.0411254540085792,0.0440687276422977,12.0,0.2564709782600403,1.531266450881958,308.296630859375,0.8877238035202026,289.4631042480469,271.7955627441406,0.0008583068847656,2.868415355682373,200.0,0.0844674259424209,0.0737083327646057
20170618.0,0.1404420435428619,0.1358911097049713,,,,,,,,,,,,,,,,,
20170619.0,0.2175714671611786,0.1456387639045715,0.0508202873170375,0.062874436378479,0.059444822371006,,0.0333872511982917,12.0,0.2564709782600403,1.531266450881958,300.8269348144531,0.8750859498977661,289.47760009765625,270.3323974609375,13.242653846740724,2.9308390617370605,200.0,0.0621376521885395,0.0678750001825392
20170620.0,0.2642852365970611,0.1414150893688202,,,,,0.0274361409246921,,,,,,,,,,,,
20170621.0,0.2204762250185012,0.1367911994457245,,,,,,,,,,,,,,,,,
20170622.0,0.1863761395215988,0.1373567283153534,0.0475031398236751,0.067443624138832,0.0686729177832603,0.0330722853541374,0.0360728800296783,12.0,0.2564709782600403,1.531266450881958,304.39520263671875,0.8561801314353943,287.8709716796875,271.2471618652344,0.0008523463620804,3.268878221511841,200.0,0.0759789794683456,0.068125000068297
20170623.0,0.1651511490345001,0.1329499781131744,,,,,,,,,,,,,,,,,
20170624.0,0.2876332700252533,0.1680237203836441,,,,,0.2001098692417144,,,,,,,,,,,,
20170625.0,0.3127873837947845,0.2371878772974014,0.1755099147558212,0.1922566294670105,0.1820600181818008,0.152407094836235,0.1665089875459671,12.0,0.2564709782600403,1.531266450881958,298.6226501464844,0.8348826169967651,264.49041748046875,234.66465759277344,0.8485638499259949,2.9543979167938232,200.0,0.1442303657531738,0.140600003302097
20170626.0,0.2832511067390442,0.2103938907384872,,,,,,,,,,,,,,,,,
20170627.0,0.2523064613342285,0.1743918359279632,0.103446751832962,0.1217152178287506,0.1143461316823959,0.089151345193386,0.1031830832362175,12.0,0.2564709782600403,1.531266450881958,301.1820983886719,0.8524299263954163,278.8282165527344,259.54461669921875,0.0109078465029597,4.355940341949463,200.0,0.1029338240623474,0.127874999617537
20170628.0,0.2198595106601715,0.1669285595417022,,,,,,,,,,,,,,,,,
20170629.0,0.1927767097949981,0.1526892036199569,,,,,,,,,,,,,,,,,
20170630.0,0.1712600588798523,0.1432917565107345,0.0464769713580608,0.071307934820652,0.071797177195549,0.0402704179286956,0.0357676930725574,12.0,0.2564709782600403,1.531266450881958,306.935546875,0.9269465804100036,289.2694702148437,272.1719055175781,0.7505474090576172,3.877833604812622,200.0,0.0821413844823837,0.0949583339194457
20170701.0,0.2626783549785614,0.1558546870946884,,,,,,,,,,,,,,,,,
20170702.0,0.2768325507640838,0.2730811834335327,,,,0.248383030295372,0.2794885039329529,,,,,,,,,,,,
20170703.0,0.2293187379837036,0.2270391881465912,0.2126587629318237,0.1987228691577911,0.1949428915977478,,,12.0,0.2564709782600403,1.531266450881958,304.6547546386719,0.999885082244873,263.62420654296875,231.6605224609375,0.0406875759363174,4.325594902038574,200.0,0.1837388426065445,0.203999999910593
20170704.0,0.1955929398536682,0.2100434154272079,,,,,,,,,,,,,,,,,
20170705.0,0.2228529155254364,0.2202267497777938,0.1766628175973892,0.2063638567924499,0.1981372535228729,0.2081606686115265,0.2390820086002349,12.0,0.2564709782600403,1.531266450881958,303.0234680175781,1.0490010976791382,264.02734375,233.21432495117188,8.133735656738281,4.26310396194458,200.0,0.1516460329294204,0.184249999001622
20170706.0,0.236542135477066,0.2030561864376068,,,,,,,,,,,,,,,,,
20170707.0,0.2052072584629058,0.1669334024190902,,,,,0.158513143658638,,,,,,,,,,,,
20170708.0,0.1771321594715118,0.1566007286310196,0.0762618631124496,0.1061565801501274,0.1019952520728111,,0.0657673850655555,12.0,0.2564709782600403,1.531266450881958,305.2461853027344,1.1234099864959717,284.0001220703125,264.2123107910156,0.1189311668276786,3.0169358253479004,200.0,0.1032247319817543,0.153708332528671
20170709.0,0.1615502536296844,0.169970154762268,,,,,,,,,,,,,,,,,
20170710.0,0.1608020067214965,0.201809212565422,0.2364524453878402,,,0.1771172285079956,0.2182988971471786,,,,,,,,,,,,
20170711.0,0.1501607149839401,0.1937516182661056,0.1478307396173477,0.1458952277898788,0.1350315511226654,,,12.0,0.2564709782600403,1.531266450881958,305.7689514160156,1.200911521911621,276.5960693359375,253.3563995361328,0.0008523463038727,1.8301252126693728,200.0,0.1295154988765716,0.209333332255483
20170712.0,0.1432964950799942,0.1763579994440078,,,,,0.0679036825895309,,,,,,,,,,,,
20170713.0,0.1386889219284057,0.1559548527002334,0.0736043825745582,0.0923226401209831,0.0914540290832519,,0.0599383525550365,12.0,0.2564709782600403,1.531266450881958,306.9950866699219,1.2243645191192627,286.263671875,269.41656494140625,0.0014457002980634,1.337947130203247,200.0,0.0884677916765213,0.171791665876905
20170714.0,0.1354833841323852,0.1481653898954391,,,,,,,,,,,,,,,,,
20170715.0,0.1334249526262283,0.1388266682624817,,,,0.0531520061194896,0.0567033924162387,,,,,,,,,,,,
20170716.0,0.1323865801095962,0.1501639634370803,0.0641024336218833,0.0977074280381202,0.0950411111116409,,,12.0,0.2564709782600403,1.531266450881958,307.60845947265625,1.2166051864624023,286.8759765625,268.9205322265625,0.2069848179817199,0.9376034140586852,200.0,0.0833650082349777,0.120874999711911
20170717.0,0.1328907608985901,0.1629985570907592,,,,,,,,,,,,,,,,,
20170718.0,0.1321710050106048,0.1529159992933273,0.0699600800871849,,,0.078403316438198,0.0903042703866958,,,,,,,,,,,,
20170719.0,0.1313666105270385,0.1458852589130401,0.065551646053791,0.0915001854300499,0.0886223092675209,,,12.0,0.2564709782600403,1.531266450881958,308.0752258300781,1.2110683917999268,287.4708557128906,268.60186767578125,0.0,0.7158806324005127,200.0,0.0837676227092742,0.114125000312924
20170720.0,0.130820170044899,0.1349118202924728,,,,0.0498442575335502,0.0548722818493843,,,,,,,,,,,,
20170721.0,0.1304780393838882,0.1364239305257797,0.04893409460783,0.0756744444370269,0.0753398761153221,,,12.0,0.2564709782600403,1.531266450881958,308.8865966796875,1.2073800563812256,290.6344909667969,273.01043701171875,0.0002981946163345,0.667509913444519,200.0,0.0701678544282913,0.107250000039736
20170722.0,0.1302655637264251,0.1260959655046463,,,,,,,,,,,,,,,,,
20170723.0,0.1306108981370926,0.1268138736486435,,,,0.0522136837244033,0.0541093163192272,,,,,,,,,,,,
20170724.0,0.1379348337650299,0.15169757604599,0.1238795071840286,0.1419113427400589,0.1310308277606964,,,12.0,0.2564709782600403,1.531266450881958,307.3408508300781,1.20185124874115,280.3749084472656,257.743896484375,0.7680394649505615,0.9271602630615234,200.0,0.1019893139600753,0.0895833332712452
20170725.0,0.1399618089199066,0.1642282605171203,,,,0.0677426308393478,0.0885647162795066,,,,,,,,,,,,
20170726.0,0.1363307684659958,0.1406188160181045,0.060990210622549,,,,0.0490127280354499,,,,,,,,,,,,
20170727.0,0.1336163133382797,0.1328133344650268,0.0494256392121315,0.0763382539153099,0.0795988962054252,,,12.0,0.2564709782600403,1.531266450881958,308.9234313964844,1.195926070213318,289.7334289550781,274.40594482421875,0.0,0.5823912024497986,200.0,0.0719090327620506,0.0907916665698091
20170728.0,0.1318791657686233,0.1374305486679077,,,,0.0441033020615577,0.0499893203377723,,,,,,,,,,,,
20170729.0,0.1331793814897537,0.1229716390371322,0.046152263879776,0.0840920805931091,0.0842554718255996,,,12.0,0.2564709782600403,1.531266450881958,309.8184509277344,1.1971620321273804,290.00762939453125,273.0704345703125,2.5623044967651367,0.7155982255935669,200.0,0.0692564398050308,0.0795833338052034
20170730.0,0.1577432006597519,0.141262024641037,,,,,0.1149937435984611,,,,,,,,,,,,
20170731.0,0.1555686146020889,0.159821942448616,,,,,0.0934171602129936,,,,,,,,,,,,
20170801.0,0.1681091338396072,0.1742434948682785,0.1369032561779022,0.1455638408660888,0.1345426887273788,,,12.0,0.2564709782600403,1.531266450881958,300.5720520019531,1.206801414489746,278.61187744140625,255.53973388671875,4.302989482879639,1.803251028060913,200.0,0.0980874300003051,0.0701250008617838
20170802.0,0.1957952827215194,0.2131949663162231,,,,0.1777753382921219,0.1898861676454544,,,,,,,,,,,,
20170804.0,0.16260826587677,0.1595706790685653,0.0883545875549316,0.1096643507480621,0.1053923591971397,,,12.0,0.2564709782600403,1.531266450881958,305.4879150390625,1.216052532196045,283.3056030273437,264.58917236328125,0.0441884808242321,1.2752851247787476,200.0,0.0968043059110641,0.0754583332066735
20170805.0,0.1508440971374511,0.1473140269517898,,,,0.0601106323301792,0.0635090172290802,,,,,,,,,,,,
20170806.0,0.1457440555095672,0.1440849304199218,0.0648062825202941,0.1012605875730514,0.0968521758913993,,,12.0,0.2564709782600403,1.531266450881958,308.7342834472656,1.2222274541854858,286.7864990234375,266.663330078125,1.069000244140625,1.0491228103637695,200.0,0.0857303291559219,0.0727083341528972
20170807.0,0.2345769852399826,0.2214450687170028,,,,0.2578588724136352,0.2751243710517883,,,,,,,,,,,,
20170809.0,0.2196208536624908,0.1992459893226623,0.1459430605173111,0.1609256416559219,0.1498815566301345,,,12.0,0.2564709782600403,1.531266450881958,302.52850341796875,1.2315003871917725,272.8992004394531,247.57373046875,0.1142658740282058,2.4790139198303223,200.0,0.1446980834007263,0.0973913050864054
20170810.0,0.1886103004217147,0.1688238382339477,,,,0.1230494976043701,0.1431012898683548,,,,,,,,,,,,
20170811.0,0.1669368296861648,0.1510436534881591,0.0794223845005035,,,,,,,,,,,,,,,,
20170812.0,0.157154232263565,0.1388769596815109,0.0662564784288406,0.0907436236739158,0.0867296159267425,0.0523051060736179,0.0654927194118499,12.0,0.2564709782600403,1.531266450881958,305.34625244140625,1.2410879135131836,287.93731689453125,267.6673583984375,10.930662155151367,1.061851978302002,200.0,0.0667078867554664,0.0878750002011657
20170813.0,0.3635475039482116,0.150297001004219,,,,,0.0986968576908111,,,,,,,,,,,,
20170814.0,0.3557559549808502,,0.2660709917545318,0.3045778572559356,0.2983138859272003,,,12.0,0.2564709782600403,1.531266450881958,301.7757873535156,1.243589997291565,244.23110961914065,211.51541137695312,20.052810668945312,3.8196616172790527,200.0,0.1898658573627472,0.110541666857898
20170815.0,0.3372471332550049,0.229216918349266,,,,0.2247164398431778,0.2506180107593536,,,,,,,,,,,,
20170816.0,0.3675926029682159,0.2291863113641739,,,,,,,,,,,,,,,,,
20170817.0,0.3244620859622955,0.1934610903263092,0.1343521028757095,0.1613455563783645,0.1521367579698562,,0.1325113624334335,12.0,0.2564709782600403,1.531266450881958,303.3647766113281,1.2414997816085815,274.269775390625,248.05734252929688,0.0727742239832878,4.685532569885254,200.0,0.1482122838497162,0.12112499990811
20170818.0,0.2868443429470062,0.1926565617322921,,,,,0.1049226373434066,,,,,,,,,,,,
20170819.0,0.2557530105113983,0.1713697463274002,0.0990438386797905,,,,,,,,,,,,,,,,
20170820.0,0.2299245595932006,0.1748980283737182,0.2043846547603607,0.2206228822469711,0.2064813822507858,0.2014486044645309,0.219367042183876,12.0,0.2564709782600403,1.531266450881958,303.0064392089844,1.2397115230560305,263.5819702148437,234.92242431640625,0.302620381116867,4.485121726989746,200.0,0.1885198950767517,0.113708333112299
20170821.0,0.2073293477296829,0.1880553811788559,,,,,,,,,,,,,,,,,
20170822.0,0.1877599507570266,0.1604416221380233,0.106052428483963,0.1308266520500183,0.123016245663166,,,12.0,0.2564709782600403,1.531266450881958,303.87261962890625,1.2385196685791016,281.4021301269531,260.3788146972656,0.0379195399582386,3.571460485458374,200.0,0.1135208755731582,0.120583333695928
20170823.0,0.1792137920856475,0.2010931968688964,,,,0.2501386702060699,0.3026215434074402,,,,,,,,,,,,
20170824.0,0.176608994603157,0.1987205147743225,,,,,,,,,,,,,,,,,
20170825.0,0.1770974844694137,0.1752047538757324,0.1064653247594833,0.1323993653059005,0.12505903840065,0.1373831331729889,0.136021003127098,12.0,0.2564709782600403,1.531266450881958,300.3683776855469,1.2367322444915771,277.9124755859375,255.6591186523437,2.585777282714844,2.0869855880737305,200.0,0.1066017746925354,0.125208333134651
20170826.0,0.2151929438114166,0.2058258950710296,,,,,,,,,,,,,,,,,
20170827.0,0.2009464651346206,0.2018957883119583,0.1574713736772537,,,,,,,,,,,,,,,,
20170828.0,0.1845156848430633,0.1752211600542068,0.1014160811901092,0.112674094736576,0.1077165156602859,0.0883194431662559,0.0933866426348686,12.0,0.2564709782600403,1.531266450881958,300.6377258300781,1.236133694648743,280.8047790527344,258.69903564453125,0.2700657844543457,2.31599497795105,200.0,0.1026668176054954,0.100583333832522
20170829.0,0.17165407538414,0.161527082324028,,,,,,,,,,,,,,,,,
20170830.0,0.1605043858289718,0.1408014148473739,0.0610219426453113,0.092786930501461,0.0908948555588722,0.0592361353337764,0.0504470951855182,12.0,0.2564709782600403,1.531266450881958,299.0481872558594,1.2203943729400637,282.0695495605469,264.4627990722656,0.000426173210144,1.8382337093353271,200.0,0.0865730792284011,0.0911250005786618
20170831.0,0.1533343195915222,0.1418321579694748,,,,,,,,,,,,,,,,,
20170901.0,0.1487009972333908,0.1373375058174133,,,,,,,,,,,,,,,,,
20170902.0,0.1443029940128326,0.1358276307582855,0.0515525750815868,0.0746394321322441,0.0758709758520126,0.050132218748331,0.056855984032154,12.0,0.2564709782600403,1.531266450881958,303.1593017578125,1.1739964485168457,284.798095703125,268.5131225585937,1.053978681564331,1.4509114027023315,200.0,0.0799553543329238,0.0770000008245309
20170903.0,0.1521311998367309,0.1545690596103668,,,,,,,,,,,,,,,,,
20170904.0,0.1463319063186645,0.1462904959917068,0.0671595856547355,0.0865871161222457,0.0839921459555625,,0.0515457615256309,12.0,0.2564709782600403,1.531266450881958,304.29327392578125,1.1440293788909912,285.3860168457031,266.68426513671875,0.0017144021112471,1.4176231622695925,200.0,0.0815823525190353,0.0733333341777325
20170905.0,0.1414320617914199,0.1372652053833007,0.0577322170138359,0.0872881636023521,0.08560162037611,,0.0546891689300537,12.0,0.2564709782600403,1.531266450881958,302.4926147460937,1.1290982961654663,285.2630615234375,267.31719970703125,0.0008583068847656,0.8615902066230774,200.0,0.0682453364133834,0.0691250000769893
20170906.0,0.1385449767112732,0.1268292665481567,,,,,,,,,,,,,,,,,
20170907.0,0.1360113769769668,0.1236120387911796,0.0468604192137718,0.078703299164772,0.0802390128374099,0.0498270839452743,0.0604571662843227,12.0,0.2564709782600403,1.531266450881958,299.7222595214844,1.0993410348892212,282.92852783203125,266.97723388671875,0.0008702276973053,0.7930296659469604,200.0,0.06702671200037,0.0634999998534719
20170908.0,0.1342923045158386,0.1250861883163452,,,,,,,,,,,,,,,,,
20170909.0,0.1331355720758438,0.1169721186161041,,,,,0.0421460606157779,,,,,,,,,,,,
20170910.0,0.1323362737894058,0.1365545690059662,0.0414460413157939,0.0711021125316619,0.0719995573163032,0.0351131483912467,0.037202063947916,12.0,0.2564709782600403,1.531266450881958,300.8638610839844,1.0549674034118652,284.27313232421875,267.8853454589844,0.0,0.5641488432884216,200.0,0.0597364231944084,0.0583478264186693
20170911.0,0.1317237317562103,0.1214654073119163,,,,,,,,,,,,,,,,,
20170912.0,0.1312699764966964,0.1269406378269195,0.0410795286297798,0.0734893232583999,0.0783425942063331,0.0491309911012649,0.047791987657547,12.0,0.2564709782600403,1.531266450881958,301.6117553710937,1.026090383529663,283.5853576660156,269.2799987792969,0.0,0.5188177227973938,200.0,0.0605885162949562,0.0565416662332912
20170913.0,0.1309074014425277,0.1287988424301147,0.0390842333436012,0.0799970477819442,0.0836988389492034,,,12.0,0.2564709782600403,1.531266450881958,302.62017822265625,1.0095856189727783,282.9227294921875,268.24200439453125,0.0,0.4884300529956817,200.0,0.0681056231260299,0.0572916668218871
20170914.0,0.1306549459695816,0.1231350898742675,,,,,,,,,,,,,,,,,
20170915.0,0.1305471509695053,0.1339580863714218,0.0479751117527484,0.071418210864067,0.0731102004647255,0.0494737774133682,0.0553300566971302,12.0,0.2564709782600403,1.531266450881958,305.9501342773437,0.9965516924858092,287.121826171875,271.05926513671875,0.0655152276158332,0.3660046756267547,200.0,0.0632528886198997,0.0561666668703159
20170916.0,0.1309970021247863,0.1384550929069519,,,,,,,,,,,,,,,,,
20170917.0,0.131531149148941,0.1184109225869178,,,,0.0425757318735122,0.0375988036394119,,,,,,,,,,,,
20170918.0,0.1333908587694168,0.1549632847309112,0.0562990866601467,0.0834853798151016,0.0826278552412986,,0.0579546503722667,12.0,0.2564709782600403,1.531266450881958,304.35894775390625,1.002613544464111,284.5365600585937,267.1690368652344,0.2211135923862457,0.4229073226451874,200.0,0.0669178143143653,0.0569130434938099
20170919.0,0.1351366937160492,0.1437178403139114,,,,,,,,,,,,,,,,,
20170920.0,0.1523764133453369,0.1427177041769027,0.0459041483700275,0.0770736336708068,0.0773320347070694,0.049292929470539,0.0581987984478473,12.0,0.2564709782600403,1.531266450881958,305.58868408203125,1.0057765245437622,287.1173400878906,270.2855529785156,0.0,0.8108329772949219,200.0,0.0637341886758804,0.0569583338995775
20170921.0,0.1456465721130371,0.145250529050827,0.0417131781578063,0.068435251712799,0.0681997761130333,,,12.0,0.2564709782600403,1.531266450881958,305.23931884765625,1.0073587894439695,289.08428955078125,271.9862060546875,0.0856830328702926,0.5984681248664856,200.0,0.0543551631271839,0.0569583340547979
20170922.0,0.1422875970602035,0.1519594341516494,,,,,0.0521256141364574,,,,,,,,,,,,
20170923.0,0.1396544724702835,0.1430510282516479,0.0364579036831855,0.0634760111570358,0.0611944124102592,,0.0477004311978817,12.0,0.2564709782600403,1.531266450881958,303.0301208496094,1.0105242729187012,290.0794677734375,272.16748046875,0.0337238386273384,0.3542927503585815,200.0,0.0402786917984485,0.0551666673272848
20170924.0,0.1382527202367782,0.1410718560218811,,,,,,,,,,,,,,,,,
20170925.0,0.1603693515062332,0.2047749012708664,,,,0.2116627395153045,0.2486648112535476,,,,,,,,,,,,
20170926.0,0.3429109752178192,0.2117139399051666,0.1837503463029861,0.1917806714773178,0.1799729466438293,,,12.0,0.2564709782600403,1.531266450881958,295.8617553710937,1.0152757167816162,265.0213623046875,237.65170288085932,26.20753288269043,1.7860208749771118,200.0,0.100928857922554,0.059349999576807
20170927.0,0.3700296282768249,0.3109191358089447,,,,,0.3016144335269928,,,,,,,,,,,,
20170928.0,0.4034057557582855,0.322108656167984,0.2774211168289184,0.3132781088352203,0.2866346538066864,0.2692644596099853,0.2721030414104461,12.0,0.2564709782600403,1.531266450881958,290.6069641113281,1.0184094905853271,240.9605255126953,211.9569396972656,12.960977554321287,1.39864981174469,200.0,0.1833480447530746,0.247666665663322
20170929.0,0.3754073679447174,0.3079522550106048,0.2623147666454315,0.2777267396450043,0.2718917727470398,,,12.0,0.2564709782600403,1.531266450881958,292.5780029296875,1.0201208591461182,242.6544189453125,210.9580078125,0.8420702815055847,1.9352043867111208,200.0,0.2127659320831298,0.235624998187025
20170930.0,0.3500572443008423,0.2953526675701141,,,,0.2468872219324112,0.2666707336902618,,,,,,,,,,,,
20171001.0,0.3355423212051391,0.2564157545566559,0.2731766700744629,0.2694883346557617,0.2708173990249634,,,12.0,0.2564709782600403,1.531266450881958,294.7218017578125,1.0221903324127195,243.22735595703125,210.1639862060547,0.8376930952072144,3.1723318099975586,200.0,0.2171608954668045,0.221333334222436
20171002.0,0.3115211427211761,0.2505401968955993,,,,,,,,,,,,,,,,,
20171003.0,0.291265457868576,0.2359910905361175,,,,0.1719663292169571,0.1861629039049148,,,,,,,,,,,,
20171004.0,0.2864975333213806,0.2218043953180313,0.216129720211029,0.1826620995998382,0.1780170202255249,,,12.0,0.2564709782600403,1.531266450881958,297.806884765625,1.0235514640808103,264.0126953125,233.97174072265625,3.148024797439575,2.0944066047668457,200.0,0.1363721340894699,0.180541667466362
20171005.0,0.2984719276428222,0.2178912907838821,,,,0.1322024166584015,0.1478316634893417,,,,,,,,,,,,
20171006.0,0.2840481996536255,0.2041736841201782,0.1813086420297622,0.1624734699726104,0.1532612890005111,,0.1178930029273033,12.0,0.2564709782600403,1.531266450881958,298.2899169921875,1.0245192050933838,269.2678527832031,242.76271057128903,0.0008583068847656,2.8921287059783936,200.0,0.1412069499492645,0.167708331719041
20171007.0,0.298459529876709,0.202002540230751,0.164918765425682,0.1824816763401031,0.1673936247825622,,,12.0,0.2564709782600403,1.531266450881958,296.805908203125,1.0250030755996704,266.0606689453125,240.54409790039065,4.459829330444336,3.65738296508789,200.0,0.1277070939540863,0.161041667064031
20171008.0,0.2848373651504516,0.1849773973226547,,,,0.1167674362659454,0.1313211470842361,,,,,,,,,,,,
20171009.0,0.2610742747783661,0.1827926784753799,0.1081851422786712,0.1246999055147171,0.117474265396595,,,12.0,0.2564709782600403,1.531266450881958,295.5019836425781,1.0259710550308228,275.2099609375,256.2325744628906,0.0008614663383923,2.438924551010132,200.0,0.1071961149573326,0.149500000601014
20171010.0,0.2431252747774124,0.1657963544130325,,,,,0.0815759748220443,,,,,,,,,,,,
20171011.0,0.2317897081375122,0.1567360907793045,,,,,0.0797143504023552,,,,,,,,,,,,
20171012.0,0.2200582921504974,0.1654044538736343,0.0866807475686073,0.1027240008115768,0.1000973507761955,,,12.0,0.2564709782600403,1.531266450881958,293.7628173828125,1.0274231433868408,275.751708984375,258.4332275390625,0.0012874602107331,2.176558017730713,200.0,0.0997493490576744,0.134749999269843
20171013.0,0.2077629417181015,0.1651791334152221,,,,0.067098893225193,0.0774864926934242,,,,,,,,,,,,
20171014.0,0.196215271949768,0.1635660231113433,0.0676461309194564,0.0924050509929657,0.0932163372635841,,,12.0,0.2564709782600403,1.531266450881958,299.3378601074219,1.0278748273849487,280.79998779296875,265.38623046875,0.0004410743713378,2.107726812362671,200.0,0.086639828979969,0.129124999977648
20171015.0,0.1977536976337433,0.185345247387886,0.0982266589999198,0.14020936191082,0.1291054636240005,,0.0556352436542511,12.0,0.2564709782600403,1.531266450881958,294.5113830566406,1.0301672220230105,273.24053955078125,255.12155151367188,1.5184712409973145,2.069260835647583,200.0,0.1072919219732284,0.117666667016844
20171016.0,0.1925083547830581,0.1537782400846481,,,,0.0533334538340568,0.0484328754246234,,,,,,,,,,,,
20171017.0,0.1844985038042068,0.1465239375829696,0.066080518066883,0.0951237604022026,0.0931044742465019,,,12.0,0.2564709782600403,1.531266450881958,288.91876220703125,1.01531982421875,275.2169189453125,258.10565185546875,0.0004351138486526,1.6072314977645874,200.0,0.0949670299887657,0.101333332558473
20171018.0,0.1763465851545334,0.1521719694137573,,,,0.0549725480377674,0.0609454624354839,,,,,,,,,,,,
20171019.0,0.1685963422060012,0.1456824392080307,,,,,,,,,,,,,,,,,
20171020.0,0.1639738231897354,0.1528183221817016,0.0623657442629337,0.0707005783915519,0.0696215406060218,,,12.0,0.2564709782600403,1.531266450881958,295.6023864746094,0.9682750701904296,281.1302795410156,263.8068542480469,0.1958465874195099,1.1430364847183228,200.0,0.0736079588532447,0.0790416679034631
20171021.0,0.1610686480998993,0.152997076511383,,,,0.0486040264368057,0.0505386516451835,,,,,,,,,,,,
20171022.0,0.1863271445035934,0.1796448826789856,0.18738354742527,0.2319193482398986,0.2107162922620773,,,12.0,0.2564709782600403,1.531266450881958,292.68035888671875,0.9379620552062988,254.2037353515625,226.82400512695312,1.0295488834381104,1.7359840869903564,200.0,0.161858394742012,0.100727272981947
20171023.0,0.1771149933338165,0.1775896847248077,0.1305536925792694,0.1525902450084686,0.1443068832159042,0.1036611869931221,0.1300088465213775,12.0,0.2564709782600403,1.531266450881958,290.63934326171875,0.9228628277778624,265.60400390625,239.9001922607422,0.0008523463038727,1.3509163856506348,200.0,0.1235702037811279,0.0971739136654398
20171024.0,0.1686328798532486,0.1624194532632827,,,,,,,,,,,,,,,,,
20171025.0,0.1626924872398376,0.1496998369693756,0.076894424855709,0.1084079965949058,0.1038431674242019,,,12.0,0.2564709782600403,1.531266450881958,288.919189453125,0.8927789926528931,272.31280517578125,252.85791015625,0.0,1.1324131488800049,200.0,0.0968895107507705,0.0909166677544514
20171026.0,0.1571536362171173,0.1448757499456405,,,,0.0687266811728477,0.073305457830429,,,,,,,,,,,,
20171027.0,0.1528216302394867,0.1433077156543731,,,,,,,,,,,,,,,,,
20171028.0,0.1513365656137466,,0.056062988936901,0.0819900557398796,0.0846404731273651,,0.0430311001837253,12.0,0.2564709782600403,1.531266450881958,282.793701171875,0.84794020652771,272.0616760253906,257.37420654296875,0.0008602795423939,0.6197006702423096,200.0,0.076062336564064,0.0815500002354383
20171029.0,0.1493607759475708,,,,,,0.0612506493926048,,,,,,,,,,,,
20171030.0,0.1471004337072372,0.1448334753513336,0.0562416352331638,0.0649094060063362,0.0588702075183391,,,12.0,0.2564709782600403,1.531266450881958,288.94464111328125,0.8189103007316589,277.8910827636719,258.4522705078125,0.0017089499160647,0.4756207466125488,200.0,0.056282490491867,0.0765000004321337
20171031.0,0.1493306905031204,0.1336592733860016,,,,0.0618705749511718,0.0638142004609108,,,,,,,,,,,,
20171101.0,0.1580739468336105,0.1600028872489929,,,,,,,,,,,,,,,,,
20171102.0,0.1531543135643005,0.1523051559925079,0.0872261971235275,0.091032862663269,0.0867760628461837,,0.0718405693769455,12.0,0.2564709782600403,1.531266450881958,295.4965209960937,0.7927546501159668,274.6146850585937,255.21829223632807,0.000426173210144,0.9975886344909668,200.0,0.0885482802987098,0.0745454555885358
20171103.0,0.1494396328926086,0.1462331414222717,,,,0.0472653992474079,0.041749320924282,,,,,,,,,,,,
20171104.0,0.1477127224206924,0.1525062322616577,,,,,,,,,,,,,,,,,
20171105.0,0.1451028436422348,0.1558425575494766,0.0678092315793037,0.0746541395783424,0.0736865103244781,0.0642514675855636,0.0718100517988205,12.0,0.2564709782600403,1.531266450881958,297.0650939941406,0.811667799949646,279.06915283203125,261.79766845703125,0.0025796589907258,0.7257474660873413,200.0,0.0690952613949775,0.0752608704826106
20171106.0,0.1429217159748077,0.1474380791187286,,,,,,,,,,,,,,,,,
20171107.0,0.1419033706188202,0.144630491733551,,0.0851782038807869,0.0868808701634407,,,12.0,0.2564709782600403,1.531266450881958,286.5897216796875,0.8231914043426514,275.5099792480469,260.3564758300781,0.0008718660683371,0.2198904305696487,200.0,0.04910908639431,0.0688750001912316
20171108.0,0.1670103818178177,0.1399658620357513,0.2565195262432098,0.2601872384548187,0.250851422548294,0.1204573139548301,0.1349223256111145,12.0,0.2564709782600403,1.531266450881958,280.85009765625,0.8289618492126465,240.1495056152344,209.3344116210937,6.413620948791504,0.8769422173500061,200.0,0.1729516237974167,0.0636249994859099
20171109.0,0.2178647965192794,,,,,,,,,,,,,,,,,,
20171110.0,0.2099359482526779,0.1901826411485672,0.1742079555988311,0.1522751748561859,0.1463822275400161,0.1205040365457534,0.1341593712568283,12.0,0.2564709782600403,1.531266450881958,282.98358154296875,0.8405200242996216,258.919677734375,231.90542602539065,0.0153785124421119,0.3569256961345672,200.0,0.0981786698102951,0.0645416659923891
20171111.0,0.2059435993432998,0.1945840865373611,,,,,,,,,,,,,,,,,
20171112.0,0.2017838060855865,0.1877507716417312,,,,,,,,,,,,,,,,,
20171113.0,0.2173070311546325,0.2029512375593185,0.1829365044832229,0.1820382177829742,0.1692443192005157,0.1698630154132843,0.1884823143482208,12.0,0.2564709782600403,1.531266450881958,286.28521728515625,0.8579007387161255,256.7608642578125,230.50845336914065,1.7205932140350342,0.7040581703186035,200.0,0.1265381574630737,0.0724782606829768
20171115.0,0.21396404504776,0.1783688515424728,0.1409915685653686,0.1353984922170639,0.127412274479866,,0.1654408425092697,12.0,0.2564709782600403,1.531266450881958,291.22479248046875,0.8696689009666443,267.7816162109375,244.18490600585932,0.0266932416707277,0.5937021970748901,200.0,0.091616116464138,0.0751739124888959
20171116.0,0.2053659707307815,0.1708154827356338,0.134454607963562,0.1215599998831749,0.1159988492727279,,0.0752281248569488,12.0,0.2564709782600403,1.531266450881958,290.07879638671875,0.8749529719352722,268.9588623046875,244.2993621826172,0.0177701860666275,0.654822587966919,200.0,0.0885456651449203,0.0747619044213068
20171117.0,0.1980435848236084,0.1678863167762756,,,,,,,,,,,,,,,,,
20171118.0,0.1865912973880767,0.159580796957016,0.1089638248085975,0.1109984144568443,0.1059524118900299,0.0892357230186462,0.1027863398194313,12.0,0.2564709782600403,1.531266450881958,292.0711975097656,0.8912782669067383,272.924560546875,253.16165161132807,0.0021452235523611,0.7986086010932922,200.0,0.0845992118120193,0.0720833338176211
20171120.0,0.1734013557434082,,,,,,0.0533768720924854,,,,,,,,,,,,
20171121.0,0.1681196689605713,0.1368380337953567,0.0692415982484817,0.0890210345387458,0.0888243019580841,0.0450004115700721,0.0493789501488208,12.0,0.2564709782600403,1.531266450881958,286.2651672363281,0.9232841730117798,271.0360107421875,255.0428771972656,0.000435113790445,0.5313177704811096,200.0,0.0761739760637283,0.0644583343528211
20171122.0,0.1635393351316452,0.1310054808855056,,,,,,,,,,,,,,,,,
20171123.0,0.1599550247192382,,0.0647720471024513,,,0.056727297604084,0.059266947209835,,,,,,,,,,,,
20171124.0,0.1563547849655151,0.1491644978523254,0.0669967904686927,0.092514544725418,0.0936268493533134,,,12.0,0.2564709782600403,1.531266450881958,288.798583984375,0.955077588558197,270.69024658203125,256.00225830078125,0.0008523463038727,0.5466183423995972,200.0,0.0819653496146202,0.060250000252078
20171125.0,0.1526136994361877,0.1360896974802017,,,,,,,,,,,,,,,,,
20171126.0,0.1503232568502426,0.1327728778123855,0.0569795742630958,0.0896137431263923,0.0902578011155128,0.0459891967475414,0.0450453199446201,12.0,0.2564709782600403,1.531266450881958,287.0921630859375,0.9763669967651368,271.78594970703125,256.40435791015625,0.0,0.3657313287258148,200.0,0.0665397495031356,0.0542083339144786
20171127.0,0.1485545039176941,0.1372366100549698,,,,,,,,,,,,,,,,,
20171128.0,0.1467948257923126,0.1448441445827484,,,,0.0579803399741649,0.0599993914365768,,,,,,,,,,,,
20171129.0,0.1448657214641571,0.1364455372095108,0.0545667111873626,0.0794512629508972,0.0771708637475967,,,12.0,0.2564709782600403,1.531266450881958,286.76483154296875,1.008441925048828,274.03985595703125,256.1231689453125,0.000870227755513,0.334502249956131,200.0,0.0593729130923748,0.0515416665002704
20171130.0,0.143365204334259,0.1259057074785232,,,,,,,,,,,,,,,,,
20171201.0,0.1424993425607681,0.1339345127344131,0.0556115768849849,,,0.0573870465159416,0.0618915371596813,,,,,,,,,,,,
20171202.0,0.1417629569768905,0.1432605534791946,0.0627524778246879,0.07575623691082,0.0771460011601448,,,12.0,0.2564709782600403,1.531266450881958,290.5920715332031,1.0416377782821655,274.0863647460937,258.36724853515625,0.0008523463038727,0.266997367143631,200.0,0.0607885494828224,0.0528695659469003
20171203.0,0.1407245248556137,0.1428076773881912,,,,0.0386451259255409,0.0534684285521507,,,,,,,,,,,,
20171204.0,0.1399479657411575,0.140398308634758,0.067862831056118,0.0745895281434059,0.0714935213327407,,0.0437025055289268,12.0,0.2564709782600403,1.531266450881958,292.8197631835937,1.0515321493148804,276.8558349609375,258.1893310546875,0.000435113790445,0.2555654644966125,200.0,0.0547074601054191,0.0550909093157812
20171205.0,0.1389622092247009,0.1269232034683227,,,,,,,,,,,,,,,,,
20171206.0,0.139675036072731,,,,,0.0524610467255115,0.0595416128635406,,,,,,,,,,,,
20171207.0,0.140849232673645,,0.0559352785348892,0.0726147145032882,0.0762752741575241,,,12.0,0.2564709782600403,1.531266450881958,279.1928100585937,1.047900915145874,270.0599365234375,255.611328125,0.0140218129381537,0.1195045113563537,200.0,0.0524101853370666,0.0437619054601306
20171209.0,0.1399112343788147,,0.0631907507777214,,,,0.046571247279644,,,,,,,,,,,,
20171211.0,0.1383792459964752,,,,,0.0523531697690486,0.0525528751313686,,,,,,,,,,,,
20171212.0,0.1374939680099487,,0.0534480661153793,0.0729153975844383,0.0772196725010871,,,12.0,0.2564709782600403,1.531266450881958,283.9467163085937,1.0434406995773315,269.98211669921875,255.8666076660156,0.0012895470717921,0.1770832389593124,200.0,0.0604714043438434,0.0405416668703159
20171213.0,0.1369012892246246,,,,,,,,,,,,,,,,,,
20171214.0,0.1363029032945633,,,,,0.0641394779086113,0.0525223538279533,,,,,,,,,,,,
20171215.0,0.1360220462083816,,0.0497705675661563,0.0790495127439498,0.0765297636389732,,,12.0,0.2564709782600403,1.531266450881958,280.9494934082031,1.0407661199569702,268.58624267578125,250.86248779296875,0.0,0.1403290033340454,200.0,0.0594342127442359,0.0379473684649718
20171217.0,0.1433185189962387,,0.0592369772493839,,,,,,,,,,,,,,,,
20171219.0,0.144972950220108,0.1236217767000198,,,,0.089103065431118,0.0927152335643768,,,,,,,,,,,,
20171220.0,0.1675708144903183,,0.1717271655797958,0.1762083172798156,0.1632965505123138,,,12.0,0.2564709782600403,1.531266450881958,284.63006591796875,1.0227078199386597,253.9114227294922,227.66912841796875,0.4624069631099701,0.4338368773460388,200.0,0.1323079317808151,0.04795652239219
20171221.0,0.1637562960386276,,,,,0.0972341299057006,0.123630478978157,,,,,,,,,,,,
20171222.0,0.1603525727987289,,,,,,0.0577105022966861,,,,,,,,,,,,
20171224.0,0.158615842461586,0.1373644024133682,,,,0.0740121901035308,0.0784630849957466,,,,,,,,,,,,
20171229.0,0.1564781963825225,0.1439536064863205,,,,,0.0480361357331275,,,,,,,,,,,,
20180107.0,0.1635676473379135,,,,,,,,,,,,,,,,,,
20180108.0,0.16666080057621,0.1382078975439071,0.0822868421673774,0.1028829291462898,0.0979197472333908,0.0532636195421218,0.0549333170056343,12.0,0.2564709782600403,1.531266450881958,282.86834716796875,0.7763676047325134,264.03619384765625,244.7642822265625,0.0017116101225838,0.3848932385444641,200.0,0.0897274240851402,0.0476086962482204
20180109.0,0.1632093042135238,,,,,,,,,,,,,,,,,,
20180110.0,0.159337967634201,0.1286415010690689,0.0731582641601562,,,,,,,,,,,,,,,,
20180111.0,0.1581798195838928,,0.1460477113723755,0.1562158316373825,0.1464522927999496,0.1054973676800727,0.121036410331726,12.0,0.2564709782600403,1.531266450881958,284.5160522460937,0.7509121894836426,257.0885009765625,230.95260620117188,0.5018505454063416,0.5047714114189148,200.0,0.1105721145868301,0.0466363641687415
20180120.0,0.1479497104883194,,,,,,,,,,,,,,,,,,
20180121.0,0.1459330767393112,,0.0614350959658622,,,0.0472708642482757,0.0532853193581104,,,,,,,,,,,,
20180122.0,0.1439648568630218,,,,,,,,,,,,,,,,,,
20180125.0,0.1401931196451187,,,,,,,,,,,,,,,,,,
20180126.0,0.1418325752019882,,0.1487745642662048,,,0.1692710071802139,0.2173223048448562,,,,,,,,,,,,
20180127.0,0.1410238146781921,,0.106667123734951,0.1144696027040481,0.1082831695675849,,0.0834070891141891,12.0,0.2564709782600403,1.531266450881958,285.82666015625,0.6661571860313416,264.5783996582031,241.78445434570312,5.655415225191973e-05,0.1730788499116897,200.0,0.0734889954328537,0.0427619053849152
20180129.0,0.1388341784477234,,0.0632126927375793,0.0864524096250534,0.082493282854557,0.0538716875016689,0.062898650765419,12.0,0.2564709782600403,1.531266450881958,281.33575439453125,0.6593449115753174,267.118408203125,248.2748107910156,0.0,0.1471734344959259,200.0,0.0619250424206256,0.0409090915186839
20180131.0,0.1369952261447906,,,,,,0.1002227887511253,,,,,,,,,,,,
20180201.0,0.1359350234270095,,0.0482555739581584,0.0611923187971115,0.0599865168333053,,0.0341196954250335,12.0,0.2564709782600403,1.531266450881958,286.307861328125,0.6482281684875488,272.8189697265625,255.8643798828125,0.0012934207916259,0.1309598237276077,200.0,0.049466747790575,0.0385909090665254
20180203.0,0.1349425464868545,,0.0465276464819908,0.0553868822753429,0.0510320328176021,0.0503380969166755,0.0567644275724887,12.0,0.2564709782600403,1.531266450881958,283.9104309082031,0.652642011642456,271.5272521972656,253.6969146728516,0.0,0.147555723786354,200.0,0.051756240427494,0.0377826088148615
20180204.0,0.1344231814146042,,0.0505278035998344,0.0808325409889221,0.0831159725785255,,,12.0,0.2564709782600403,1.531266450881958,285.42510986328125,0.6617461442947388,268.0883178710937,253.3644256591797,0.0,0.1110187992453575,200.0,0.0622469298541545,0.0377272729846564
20180209.0,0.1346159726381302,0.1220322400331497,0.052153930068016,0.0711125507950782,0.0737801790237426,,,12.0,0.2564709782600403,1.531266450881958,285.4859313964844,0.7006610631942749,268.3203125,253.38116455078125,0.0,0.1632318496704101,200.0,0.0637902468442916,0.0362173914909363
20180214.0,0.13428495824337,0.1296897828578949,0.0534410439431667,0.0621218383312225,0.0638625100255012,,0.0433973222970962,12.0,0.2564709782600403,1.531266450881958,286.35955810546875,0.7402247190475464,269.4711303710937,254.12039184570312,0.0196094959974288,0.1104910001158714,200.0,0.0586556605994701,0.0367619049336229
20180215.0,0.1340321898460388,0.1271186023950576,,,,,,,,,,,,,,,,,
20180216.0,0.1338587254285812,0.1355475634336471,,,,0.0368508175015449,0.0521866530179977,,,,,,,,,,,,
20180218.0,0.1622144430875778,,,,,,0.1025421917438507,,,,,,,,,,,,
20180219.0,0.1639824360609054,0.1525069922208786,0.0885835662484169,0.0871843323111534,0.0842478200793266,,0.0724509432911872,12.0,0.2564709782600403,1.531266450881958,294.2802734375,0.7711121439933777,272.83135986328125,254.62307739257807,0.9287893772125244,0.6117563843727112,200.0,0.0831768661737442,0.0459047619785581
20180220.0,0.1634875684976577,0.1559211015701294,0.0752818286418914,0.0837774723768234,0.0800817683339119,,,12.0,0.2564709782600403,1.531266450881958,294.8334655761719,0.7682374119758606,275.12481689453125,255.865966796875,0.0720677301287651,0.4843964278697967,200.0,0.0689826607704162,0.046478261280319
20180223.0,0.2668215334415436,,,,,,0.1906796544790268,,,,,,,,,,,,
20180226.0,0.2708798348903656,0.1938800066709518,,,,0.1675683408975601,0.1626941710710525,,,,,,,,,,,,
20180227.0,0.249853029847145,0.1842933446168899,0.1840766668319702,0.162529170513153,0.1528714597225189,,,12.0,0.2564709782600403,1.531266450881958,285.3393249511719,0.7562391757965088,255.4854278564453,228.57351684570312,0.5109906196594238,0.5399482250213623,200.0,0.1190482527017593,0.121999999818703
20180228.0,0.245958998799324,0.1791557073593139,0.1689281910657882,0.1486304551362991,0.142022892832756,,,12.0,0.2564709782600403,1.531266450881958,290.17559814453125,0.7544820308685303,259.8243713378906,232.33436584472656,0.5941473245620728,0.8076739311218262,200.0,0.1205197721719741,0.12317391452582
20180301.0,0.2390199452638626,0.1843739002943039,,,,0.1477497667074203,0.153935357928276,,,,,,,,,,,,
20180302.0,0.22371606528759,0.1713311523199081,0.1440932601690292,0.1591009646654129,0.1453887373208999,,,12.0,0.2564709782600403,1.531266450881958,284.3120422363281,0.7509691715240479,257.5826110839844,233.76168823242188,0.0012874602107331,1.3365658521652222,200.0,0.1426009833812713,0.114391303904679
20180303.0,0.2102713137865066,,,,,0.1111170575022697,0.1613513529300689,,,,,,,,,,,,
20180304.0,0.2002491205930709,0.1707207113504409,,,,,0.0631427988409996,,,,,,,,,,,,
20180305.0,0.1902154386043548,0.1585265696048736,0.106262132525444,0.103735364973545,0.0981331095099449,,,12.0,0.2564709782600403,1.531266450881958,291.2957763671875,0.7447562217712402,270.963134765625,249.07125854492188,0.000426173210144,1.4016035795211792,200.0,0.105792798101902,0.103958333221575
20180306.0,0.1796115785837173,,,,,0.070674329996109,0.0815759748220443,,,,,,,,,,,,
20180307.0,0.1715065836906433,0.1093489825725555,0.0810495465993881,0.1054048910737037,0.1016601249575614,,,12.0,0.2564709782600403,1.531266450881958,284.1361694335937,0.7528704404830933,266.53466796875,249.0394897460937,0.0,1.007917404174805,200.0,0.1129804104566574,0.0947619037968772
20180308.0,0.1650460362434387,0.1229551807045936,0.0701701194047927,0.0821712389588356,0.0780463218688964,,0.0971709340810775,12.0,0.2564709782600403,1.531266450881958,286.6175842285156,0.7640869617462158,270.24658203125,251.03448486328125,0.001710653072223,1.0215977430343628,200.0,0.0991592034697532,0.0949583336090048
20180309.0,0.1586791574954986,0.1274122893810272,,,,,0.0571001321077346,,,,,,,,,,,,
20180310.0,0.1533668935298919,0.1196483895182609,0.0503110997378826,0.0783619582653045,0.0784130245447158,,,12.0,0.2564709782600403,1.531266450881958,292.7049865722656,0.7835323214530945,273.9576416015625,257.4950561523437,0.0,1.070225954055786,200.0,0.0872474461793899,0.0847500003874302
20180311.0,0.149380087852478,,,,,0.0531234294176101,0.0619830936193466,,,,,,,,,,,,
20180312.0,0.1473123431205749,,,,,,,,,,,,,,,,,,
20180313.0,0.1453008949756622,0.1191039755940437,0.0415145456790924,0.0625184923410415,0.0654964223504066,,0.0366832502186298,12.0,0.2564709782600403,1.531266450881958,286.3039855957031,0.8134015798568726,272.7903137207031,257.9281616210937,0.001284641213715,0.6010549664497375,200.0,0.0737575590610504,0.0699523818634805
20180314.0,0.1433857679367065,0.1114149466156959,,,,0.0373058170080184,0.0300607327371835,,,,,,,,,,,,
20180315.0,0.1413537263870239,0.1166904047131538,0.0556371957063674,0.0555236414074897,0.0504450276494026,,,12.0,0.2564709782600403,1.531266450881958,291.4454650878906,0.8334015011787415,276.5069580078125,258.59979248046875,0.0203884951770305,0.5871849060058594,200.0,0.0648178607225418,0.0584166672391196
20180316.0,0.1397085040807724,0.1238148435950279,0.0519198775291442,0.0802493616938591,0.0824581235647201,0.0476328581571579,0.0537125766277313,12.0,0.2564709782600403,1.531266450881958,294.587890625,0.8434274196624756,274.48162841796875,259.38055419921875,0.0,0.7087700963020325,200.0,0.084275022149086,0.0586521742136582
20180317.0,0.137968823313713,0.113519862294197,,,,,,,,,,,,,,,,,
20180318.0,0.141391783952713,0.1246763542294502,0.0565506368875503,0.074895828962326,0.0809153169393539,,,12.0,0.2564709782600403,1.531266450881958,291.7514038085937,0.8635315299034119,273.9867553710937,260.60870361328125,1.2465777397155762,0.9359106421470642,200.0,0.0831988677382469,0.0591052631406408
20180319.0,0.1457407176494598,0.1361250728368759,,,,0.0564462579786777,0.0496230982244014,,,,,,,,,,,,
20180320.0,0.1433091610670089,0.1147518157958984,,,,,,,,,,,,,,,,,
20180321.0,0.141172394156456,0.1064845770597457,0.0395304709672927,0.0672622397541999,0.0697853788733482,0.0346622131764888,0.0332956947386264,12.0,0.2564709782600403,1.531266450881958,289.4011535644531,0.894672691822052,273.727783203125,258.60113525390625,0.0004351138486526,0.5227745771408081,200.0,0.0691340938210487,0.0540454548529603
20180322.0,0.139125794172287,0.112578697502613,,,,,0.0599688701331615,,,,,,,,,,,,
20180323.0,0.1373486369848251,0.1380341202020645,0.0496958419680595,0.0630631521344184,0.0596072115004062,,,12.0,0.2564709782600403,1.531266450881958,296.599853515625,0.9044513702392578,279.8077697753906,261.67498779296875,0.0,0.3636399507522583,200.0,0.0543298907577991,0.0500000001241763
20180324.0,0.1360417753458023,0.1415842175483703,0.0485716201364994,0.0770537555217742,0.0803282111883163,0.0413677543401718,0.0357676930725574,12.0,0.2564709782600403,1.531266450881958,299.03125,0.902899980545044,277.70074462890625,262.8770751953125,0.0017166137695312,0.5866631269454956,200.0,0.0792551711201667,0.0512500001117587
20180325.0,0.1345962136983871,0.1349026411771774,,,,,,,,,,,,,,,,,
20180326.0,0.1384580135345459,0.1348490118980407,0.046353343874216,0.0622244663536548,0.0612763613462448,,0.0361644327640533,12.0,0.2564709782600403,1.531266450881958,300.3124694824219,0.9025364518165588,282.47467041015625,265.45465087890625,3.1749722957611084,0.7814233303070068,200.0,0.0649988502264022,0.0521666669907669
20180327.0,0.1838208734989166,,,,,,0.0640278309583664,,,,,,,,,,,,
20180328.0,0.2405329495668411,0.2317226082086563,,,,,,,,,,,,,,,,,
20180329.0,0.2557139992713928,0.2408807128667831,0.2417070269584655,0.2696820199489593,0.2653469443321228,0.237741932272911,0.2856227159500122,12.0,0.2564709782600403,1.531266450881958,286.7771301269531,0.9014774560928344,239.3044891357422,207.6451416015625,0.6286579370498657,0.9608516693115234,200.0,0.2052365839481353,0.156208333248893
20180330.0,0.2384491264820099,0.2167434841394424,,,,,,,,,,,,,,,,,
20180331.0,0.2144620716571808,0.1964836716651916,0.1732750087976455,0.1508095413446426,0.1495115160942077,,0.153721734881401,12.0,0.2564709782600403,1.531266450881958,292.7932434082031,0.9007717967033386,261.9732666015625,232.15147399902344,0.0011542697902768,1.8957858085632324,200.0,0.1486476957798004,0.132000000526508
20180401.0,0.1931734979152679,0.1785562634468078,0.1354639232158661,0.1438909024000167,0.1365326046943664,0.112092986702919,0.1147190779447555,12.0,0.2564709782600403,1.531266450881958,290.9299011230469,0.9004189372062683,266.802734375,241.96319580078125,0.0218795053660869,0.7441820502281189,200.0,0.0991933643817901,0.119624999972681
20180402.0,0.1862246990203857,0.1760672330856323,,,,,,,,,,,,,,,,,
20180403.0,0.179468423128128,,0.1069278120994567,0.112093910574913,0.1069636419415474,0.09634680300951,0.1267128586769104,12.0,0.2564709782600403,1.531266450881958,295.0472106933594,0.8997131586074829,272.248046875,251.33224487304688,0.0,1.0140079259872437,200.0,0.1018521562218666,0.10162500012666
20180404.0,0.1686657965183258,0.1547805815935135,,,,,,,,,,,,,,,,,
20180405.0,0.1603123098611831,0.1435892879962921,,,,,,,,,,,,,,,,,
20180406.0,0.1527027040719986,0.1605910360813141,0.064430184662342,0.0723542124032974,0.0729240998625755,0.0493064522743225,0.0470290221273899,12.0,0.2564709782600403,1.531266450881958,297.8388366699219,0.8993814587593079,278.1830749511719,261.9988098144531,0.0017439585644751,0.6548094749450684,200.0,0.0759341269731521,0.076208334416151
20180408.0,0.1471743732690811,,0.0578680336475372,0.0750733613967895,0.0759515240788459,0.0420385114848613,0.0445265062153339,12.0,0.2564709782600403,1.531266450881958,285.6094055175781,0.8897781372070312,272.1587829589844,256.462646484375,0.0012869554338976,0.473037987947464,200.0,0.0694170147180557,0.0594736841556273
20180409.0,0.1444561034440994,0.1419855058193206,0.0501206666231155,0.0780679732561111,0.0787383317947387,,,12.0,0.2564709782600403,1.531266450881958,290.3924560546875,0.8795281052589417,273.02667236328125,257.13995361328125,0.0025675140786916,0.4364627301692962,200.0,0.0685014501214027,0.0578333334997296
20180410.0,0.1420221477746963,0.1399704217910766,,,,,,,,,,,,,,,,,
20180411.0,0.1394492983818054,0.1329355984926223,0.0500097721815109,0.0657787844538688,0.0670185834169387,0.0460394769906997,0.0394604317843914,12.0,0.2564709782600403,1.531266450881958,295.0186767578125,0.8613914847373962,276.6900329589844,260.99517822265625,0.000435113790445,0.513588547706604,200.0,0.0667573139071464,0.0522916669336458
20180412.0,0.1369103193283081,0.1389563232660293,,,,,,,,,,,,,,,,,
20180413.0,0.1347670406103134,0.1365894824266433,,,,,0.0558488741517066,,,,,,,,,,,,
20180414.0,0.1334494650363922,0.1093742251396179,0.0347027070820331,0.0715765729546547,0.0719490647315979,,0.0329599902033805,12.0,0.2564709782600403,1.531266450881958,289.95819091796875,0.8338608145713806,278.7519226074219,262.33306884765625,0.0008523463038727,0.2150661349296569,200.0,0.0434923395514488,0.0427916667734583
20180415.0,0.1329164654016494,0.1003419607877731,,,,,,,,,,,,,,,,,
20180416.0,0.132262572646141,0.1033850759267807,0.0413836427032947,0.0632768347859382,0.0655659139156341,0.0374747924506664,0.0346995443105697,12.0,0.2564709782600403,1.531266450881958,293.78338623046875,0.8155797719955444,276.6695861816406,261.509033203125,0.0030006419401615,0.3282700181007385,200.0,0.0553052313625812,0.0386818185109984
20180417.0,0.1316082924604416,0.1243177875876426,0.0406850911676883,0.0548193715512752,0.0550094544887542,,,12.0,0.2564709782600403,1.531266450881958,300.49957275390625,0.8064610362052917,281.18133544921875,265.341552734375,0.0008583068847656,0.3536025881767273,200.0,0.0593964233994483,0.0378181817518039
20180418.0,0.1310666501522064,0.1217340528964996,,,,,0.0378124341368675,,,,,,,,,,,,
20180419.0,0.1308623552322387,0.1086680591106414,0.0331061594188213,0.0697614103555679,0.0747948065400123,0.0157712548971176,0.0155949583277106,12.0,0.2564709782600403,1.531266450881958,292.9803466796875,0.7882671356201172,277.86492919921875,263.73052978515625,0.0004351138486526,0.1997140049934387,200.0,0.0466100163757801,0.0355909094214439
20180420.0,0.1307597309350967,0.1172757521271705,,,,,,,,,,,,,,,,,
20180421.0,0.1353564262390136,0.1330157369375229,,,,0.0561656728386879,0.0549333170056343,,,,,,,,,,,,
20180422.0,0.1424304097890854,0.1549792140722274,0.0572810731828212,0.0678687691688537,0.067549429833889,,,12.0,0.2564709782600403,1.531266450881958,290.0143127441406,0.7606073021888733,276.923828125,260.591552734375,0.0016352889360859,0.2623444497585296,200.0,0.0485891923308372,0.0394583336698512
20180423.0,0.1402309387922287,0.1309072375297546,,,,,,,,,,,,,,,,,
20180424.0,0.1376701891422271,0.1327724307775497,0.0431035868823528,0.0638335794210434,0.0637647211551666,0.0361304283142089,0.0272530298680067,12.0,0.2564709782600403,1.531266450881958,297.1976623535156,0.7483994960784912,279.45819091796875,263.37603759765625,0.0366486012935638,0.3405021131038666,200.0,0.0523917973041534,0.0405416667150954
20180425.0,0.1991791129112243,0.1875212490558624,0.1161280646920204,0.1603234708309173,0.1513010710477829,,,12.0,0.2564709782600403,1.531266450881958,289.5107727050781,0.7458915114402771,264.9570007324219,240.32876586914065,10.186767578125,2.426706552505493,200.0,0.1270294785499572,0.0381666668690741
20180426.0,0.2356038242578506,,,,,0.1094370335340499,0.1179540380835533,,,,,,,,,,,,
20180427.0,0.2038556784391403,0.1521760076284408,0.0730660855770111,0.099238783121109,0.0958776473999023,,,12.0,0.2564709782600403,1.531266450881958,294.8101806640625,0.7393559217453003,273.8548278808594,255.85125732421875,0.0124110355973243,1.82296085357666,200.0,0.101078413426876,0.0428750001204511
20180428.0,0.180618479847908,0.1392064988613128,,,,,,,,,,,,,,,,,
20180429.0,0.1632459014654159,0.1336092501878738,,,,0.0480724386870861,0.0471205785870552,,,,,,,,,,,,
20180430.0,0.1538141667842865,0.1396945267915725,0.0469797030091285,0.0584620870649814,0.0594807527959346,,,12.0,0.2564709782600403,1.531266450881958,296.69049072265625,0.729851484298706,282.1880187988281,266.4229431152344,0.2709325850009918,0.5660846829414368,200.0,0.0533424131572246,0.036625000104929
20180501.0,0.1521714180707931,0.1382640153169632,,,,0.0305039789527654,0.0407422110438346,,,,,,,,,,,,
20180502.0,0.1499142050743103,0.1347728222608566,0.05380579829216,,,,0.0199896246194839,,,,,,,,,,,,
20180503.0,0.2339590042829513,0.2189315408468246,0.2767217755317688,0.3040072321891784,0.3082332909107208,,,12.0,0.2564709782600403,1.531266450881958,299.8493347167969,0.7203634977340698,237.48123168945312,203.3457794189453,12.049242973327637,4.285919189453125,200.0,0.2004179209470749,0.145375000778586
20180504.0,0.2501231133937835,0.2172733843326568,,,,0.1817948371171951,0.2023987621068954,,,,,,,,,,,,
20180505.0,0.2165585905313491,0.1787837445735931,0.1205094754695892,,,,,,,,,,,,,,,,
20180506.0,0.1859813332557678,0.1622075289487838,,,,,0.0878322720527648,,,,,,,,,,,,
20180507.0,0.1636922061443328,0.1529198735952377,,,,,0.0662556812167167,,,,,,,,,,,,
20180508.0,0.1505793184041977,0.1340331137180328,0.057855624705553,0.0756541192531585,0.0752594843506813,,,12.0,0.2564709782600403,1.531266450881958,303.57427978515625,0.7027261257171631,282.99493408203125,265.7536926269531,0.0,0.8745757937431335,200.0,0.0668689534068107,0.070208333277454
20180509.0,0.1436479687690735,0.1316761970520019,,,,0.0607711225748062,0.0671712383627891,,,,,,,,,,,,
20180510.0,0.1386765837669372,0.1458646953105926,0.0593242198228836,,,,,,,,,,,,,,,,
20180511.0,0.1357214003801345,0.1361136883497238,0.0498208589851856,,,,,,,,,,,,,,,,
20180512.0,0.1336914747953415,0.1399230659008026,,,,0.0377254448831081,0.0383007302880287,,,,,,,,,,,,
20180513.0,0.1368037760257721,0.132552832365036,0.048584833741188,0.0660934001207351,0.0634684190154075,,,12.0,0.2564709782600403,1.531266450881958,305.2082824707031,0.7805583477020264,287.434814453125,268.75457763671875,0.9317838549613952,0.6883499622344971,200.0,0.0540297850966453,0.0470833328242103
20180514.0,0.1446112394332885,0.1369376331567764,,,,0.0360599346458911,0.0373241379857063,,,,,,,,,,,,
20180515.0,0.1548814326524734,0.1526096165180206,,,,,,,,,,,,,,,,,
20180516.0,0.1586250513792038,0.1753532439470291,0.1547412872314453,0.1806358695030212,0.1649847328662872,,,12.0,0.2564709782600403,1.531266450881958,301.9092712402344,0.8406356573104858,266.9862670898437,240.7425842285156,0.4004245698451996,0.8993757963180542,200.0,0.1091324090957641,0.0499166667771836
20180517.0,0.1531689018011093,0.1749495714902877,,,,0.0743577852845192,0.0767540484666824,,,,,,,,,,,,
20180518.0,0.1606779396533966,0.1990663111209869,0.2345290184020996,,,,,,,,,,,,,,,,
20180519.0,0.1517931222915649,0.1816328018903732,0.1384366601705551,0.1611107736825943,0.1461009085178375,0.1301170885562896,0.1817072033882141,12.0,0.2564709782600403,1.531266450881958,304.50982666015625,0.9013433456420898,271.67877197265625,247.96905517578125,1.2108968496322632,0.8665469884872437,200.0,0.0965612381696701,0.147250001008312
20180520.0,0.3073730766773224,0.17625492811203,,,,,0.2791222929954529,,,,,,,,,,,,
20180521.0,0.3002614080905914,0.2472259551286697,0.2677997052669525,0.2990827262401581,0.2905617952346802,,,12.0,0.2564709782600403,1.531266450881958,297.4937438964844,0.9421653747558594,238.53073120117188,202.087890625,0.0119057055562734,2.9723503589630127,200.0,0.2297808676958084,0.22766666735212
20180522.0,0.2514519095420837,0.2173585444688797,,,,0.2287714779376983,0.2275460064411163,,,,,,,,,,,,
20180523.0,0.2168989777565002,0.2006039768457412,,,,,,,,,,,,,,,,,
20180524.0,0.192257672548294,0.1600197255611419,0.1404347568750381,0.1477712541818618,0.1366982609033584,,0.1637317985296249,12.0,0.2564709782600403,1.531266450881958,302.14776611328125,1.0029966831207275,272.3214111328125,247.9429931640625,0.1139562129974365,2.260856866836548,200.0,0.1330187618732452,0.171208331982295
20180525.0,0.1720850020647049,0.1614496856927871,,,,,0.1177098900079727,,,,,,,,,,,,
20180526.0,0.1575253307819366,0.166855588555336,0.2398464083671569,,,,,,,,,,,,,,,,
20180527.0,0.1474896371364593,0.1668683588504791,0.1282720565795898,0.1345346421003341,0.1255635172128677,0.1191958859562873,0.1213415935635566,12.0,0.2564709782600403,1.531266450881958,307.0002136230469,1.089698314666748,277.4442443847656,253.5662078857422,0.0486100316047668,1.2693939208984375,200.0,0.113718032836914,0.171583332742254
20180528.0,0.1418418139219284,0.1636432409286499,,,,,,,,,,,,,,,,,
20180529.0,0.1373648643493652,0.1434284746646881,0.0629494488239288,,,,,,,,,,,,,,,,
20180530.0,0.1343922317028045,0.1385455280542373,,,,0.0457452610135078,0.0467543564736843,,,,,,,,,,,,
20180531.0,0.1407757103443145,0.1452163308858871,,,,,,,,,,,,,,,,,
20180601.0,0.1370987743139267,0.1358900815248489,0.0534530729055404,0.0848840549588203,0.0845319554209709,0.0386682823300361,0.0370494723320007,12.0,0.2564709782600403,1.531266450881958,309.8303527832031,1.2539448738098145,288.7882080078125,271.6506042480469,0.1811832934617996,0.6865994930267334,200.0,0.0837298408150672,0.0765833339343468
20180602.0,0.1340055614709854,0.1312171816825866,,,,,,,,,,,,,,,,,
20180603.0,0.1322600841522216,0.1317530274391174,0.047678668051958,,,,,,,,,,,,,,,,
20180604.0,0.1321915984153747,0.1573046296834945,0.269725352525711,0.2917977571487427,0.2875954210758209,0.2868641912937164,0.3233741223812103,12.0,0.2564709782600403,1.531266450881958,304.302490234375,1.3547369241714478,243.25662231445312,208.40744018554688,0.2428563833236694,0.3495666086673736,200.0,0.1769380867481231,0.149869564920664
20180605.0,0.1335377395153045,0.199536994099617,,,,,,,,,,,,,,,,,
20180606.0,0.1528384238481521,0.2035726308822631,0.2478620409965515,0.2478554397821426,0.2431923151016235,0.2124368697404861,0.3564867079257965,12.0,0.2564709782600403,1.531266450881958,307.6678466796875,1.4227722883224487,253.18179321289065,217.56967163085932,2.0064620971679688,0.9975732564926147,200.0,0.1697201281785965,0.190086954961652
20180607.0,0.1679463684558868,0.1939995437860489,,,,,0.0811487138271331,,,,,,,,,,,,
20180608.0,0.1765147149562835,,,,,,,,,,,,,,,,,,
20180609.0,0.1617773473262787,0.224153459072113,0.2468092292547226,0.2466576993465423,0.2414058446884155,0.2480419278144836,0.2793359160423279,12.0,0.2564709782600403,1.531266450881958,306.1085205078125,1.5323090553283691,252.29364013671875,216.24880981445312,0.1537717133760452,1.128669023513794,200.0,0.2142384052276611,0.224374999602636
20180610.0,0.1510624587535858,0.208062931895256,,,,,,,,,,,,,,,,,
20180611.0,0.1463441401720047,0.1992683261632919,0.2989315986633301,,,,0.1961729824542999,,,,,,,,,,,,
20180612.0,0.1644719988107681,0.1999545246362686,0.1758417934179306,0.16907499730587,0.1537272036075592,,0.1765801012516021,12.0,0.2564709782600403,1.531266450881958,306.0867004394531,1.4753849506378174,272.9454345703125,247.76641845703125,0.2310404628515243,1.1703943014144895,200.0,0.1468977630138397,0.170458334187667
20180613.0,0.1536961197853088,0.1786441057920456,,,,,,,,,,,,,,,,,
20180614.0,0.1507054567337036,0.1427510976791381,0.0866506844758987,0.1019946485757827,0.0977203771471977,0.0780504494905471,0.0676900520920753,12.0,0.2564709782600403,1.531266450881958,306.55035400390625,1.3958146572113037,284.8447265625,265.35943603515625,0.2414258420467376,0.8636962175369263,200.0,0.0985044986009597,0.127083332277834
20180615.0,0.1430612355470657,0.1419541984796524,,,,,,,,,,,,,,,,,
20180616.0,0.1380253285169601,0.141806811094284,,,,,,,,,,,,,,,,,
20180617.0,0.1352397054433822,0.136950209736824,0.0550335869193077,0.0815807655453682,0.0810213461518287,0.0364780202507972,0.0407727286219596,12.0,0.2564709782600403,1.531266450881958,307.1661682128906,1.274561882019043,288.33074951171875,270.79071044921875,0.0888701528310775,0.2558625936508178,200.0,0.0780290216207504,0.0660000007289151
20180618.0,0.1346027255058288,0.1382471770048141,,,,,,,,,,,,,,,,,
20180619.0,0.1378419995307922,0.1376773416996002,,,,0.0512468665838241,0.0509659126400947,,,,,,,,,,,,
20180620.0,0.1355233639478683,0.1442307382822036,0.0501963458955287,0.0745173543691635,0.0723038837313652,,,12.0,0.2564709782600403,1.531266450881958,306.1492919921875,1.1554797887802124,288.8829345703125,269.9711303710937,0.1913548707962036,0.3680566549301147,200.0,0.0625953823328018,0.0577083335568508
20180621.0,0.1337418109178543,0.1381030529737472,,,,,,,,,,,,,,,,,
20180622.0,0.1317991316318512,0.1352328360080719,0.0469862818717956,0.0803372710943222,0.0802628546953201,0.0460137538611888,0.0549943558871746,12.0,0.2564709782600403,1.531266450881958,309.2522277832031,1.0772978067398071,289.02392578125,271.7904663085937,0.0008583068847656,0.1736063212156295,200.0,0.067383162677288,0.0550416672291855
20180623.0,0.1309239268302917,0.1290165781974792,,,,,,,,,,,,,,,,,
20180624.0,0.1449126154184341,0.1364120990037918,,,,0.0321841761469841,0.0281991027295589,,,,,,,,,,,,
20180625.0,0.1435594707727432,0.1285975575447082,0.0655839368700981,0.0868761390447616,0.0864242762327194,,0.034791100770235,12.0,0.2564709782600403,1.531266450881958,308.1669006347656,0.959179699420929,288.05450439453125,271.035888671875,0.1114618852734565,0.5685303807258606,200.0,0.0681423768401146,0.0464583341963589
20180626.0,0.1389120072126388,0.13395456969738,,,,,,,,,,,,,,,,,
20180627.0,0.1351692229509353,0.1296000778675079,,,,0.0392398014664649,0.0440076924860477,,,,,,,,,,,,
20180628.0,0.1326779872179031,0.1230321303009986,0.0446623861789703,0.0679322034120559,0.0670268237590789,,,12.0,0.2564709782600403,1.531266450881958,309.9608459472656,0.9137804508209229,291.77008056640625,273.7225341796875,0.0008529319893568,0.2080200910568237,200.0,0.0518381297588348,0.0415416667237878
20180629.0,0.1313380151987075,0.1275759935379028,,,,,0.0307931769639253,,,,,,,,,,,,
20180630.0,0.1384765952825546,0.1167575642466545,0.0500633083283901,0.0650221332907676,0.0610895007848739,,0.060548722743988,12.0,0.2564709782600403,1.531266450881958,308.0234375,0.9016475081443788,293.69696044921875,273.82000732421875,1.7815747261047363,0.7458581328392029,200.0,0.047513335943222,0.0401304354486258
20180718.0,0.1343090534210205,0.1256538033485412,,,,,0.0542924292385578,,,,,,,,,,,,
20180719.0,0.1319122165441513,0.117700271308422,0.0502442233264446,0.0709085017442703,0.0706744268536567,,,12.0,0.2564709782600403,1.531266450881958,311.7874755859375,0.8948180675506592,291.4442138671875,273.8293762207031,0.0004462282231543,0.1922555267810821,200.0,0.055298276245594,0.0403478265456531
20180720.0,0.1307273358106613,0.1192289367318153,,,,0.0397397838532924,0.0431226529181003,,,,,,,,,,,,
20180721.0,0.1302307844161987,0.1100669875741005,,,,,,,,,,,,,,,,,
20180722.0,0.1300279051065445,0.1163153946399688,0.0416796244680881,0.0777421668171882,0.0778571441769599,,0.0223090313374996,12.0,0.2564709782600403,1.531266450881958,313.0067749023437,0.9203791618347168,292.0650939941406,274.68927001953125,0.0021460624411702,0.0989395081996917,200.0,0.0548646077513694,0.0317916670658936
20180723.0,0.1299549639225006,0.1079184114933013,,,,0.0223034992814064,0.0204474013298749,,,,,,,,,,,,
20180724.0,0.1299806088209152,0.1033230796456337,0.0471681840717792,0.0670552849769592,0.0650490969419479,,,12.0,0.2564709782600403,1.531266450881958,308.1844482421875,0.937481164932251,292.9422302246094,274.2529602050781,0.0012755393981933,0.0631806850433349,200.0,0.0403204783797264,0.0290000000968575
20180725.0,0.1299774497747421,0.1044773608446121,,,,0.0355232656002044,0.0375988036394119,,,,,,,,,,,,
20180726.0,0.1299681514501571,0.1082039624452591,,,,,,,,,,,,,,,,,
20180727.0,0.1301305592060089,0.0962663665413856,0.0549955070018768,0.0772221013903617,0.0759154856204986,,,12.0,0.2564709782600403,1.531266450881958,309.7334899902344,0.9629251956939696,290.9493713378906,272.600830078125,1.577292799949646,0.1411582827568054,200.0,0.0552948415279388,0.030043478164336
20180728.0,0.1479528695344925,0.1064747273921966,,,,0.0456734411418437,0.0487685799598693,,,,,,,,,,,,
20180729.0,0.1423183381557464,0.1133280470967292,,,,,,,,,,,,,,,,,
20180730.0,0.1461232304573059,0.1741010993719101,0.2846465408802032,0.3246634602546692,0.3265707790851593,0.318011611700058,0.4283272922039032,12.0,0.2564709782600403,1.531266450881958,308.0504150390625,0.996618151664734,241.2342071533203,206.13140869140625,0.3197513222694397,0.5960226058959961,200.0,0.1589796841144561,0.113666665895532
20180731.0,0.1435647308826446,0.2512760460376739,,,,,0.1634876579046249,,,,,,,,,,,,
20180801.0,0.1391859203577041,0.1827438920736313,0.1459926664829254,0.166048914194107,0.1619376242160797,,,12.0,0.2564709782600403,1.531266450881958,305.1698303222656,1.0212619304656982,270.82916259765625,240.82725524902344,0.0007295091054402,0.3387145102024078,200.0,0.1025902777910232,0.155874999240041
20180802.0,0.1355977654457092,0.1489088982343673,,,,0.1018283739686012,0.1192663386464119,,,,,,,,,,,,
20180803.0,0.1336124092340469,0.1311152726411819,,,,,,,,,,,,,,,,,
20180804.0,0.1319888234138488,0.1214614659547805,0.0492605566978454,0.0744737535715103,0.0724664777517318,,0.0639057606458664,12.0,0.2564709782600403,1.531266450881958,307.6600646972656,1.0585970878601074,290.42291259765625,271.7178649902344,0.0759891271591186,0.1480308622121811,200.0,0.0558031685650348,0.0840833333010475
20180805.0,0.1316317915916443,0.1137383207678794,,,,,0.0635090172290802,,,,,,,,,,,,
20180806.0,0.1308336555957794,0.1311234682798385,,,,,,,,,,,,,,,,,
20180807.0,0.1304227709770202,0.1264524012804031,0.0473474785685539,0.0672792568802833,0.0623738057911396,0.0488651543855667,0.0600299090147018,12.0,0.2564709782600403,1.531266450881958,309.4964904785156,1.0961575508117676,292.2298278808594,271.79119873046875,0.0023764465004205,0.0814907327294349,200.0,0.0537185445427894,0.0549583331060906
20180808.0,0.1302627027034759,0.116527259349823,,,,,,,,,,,,,,,,,
20180809.0,0.147986814379692,0.1375608742237091,0.218939259648323,0.2133395075798034,0.2117546945810318,,0.1375469267368316,12.0,0.2564709782600403,1.531266450881958,305.7652282714844,1.1213232278823853,262.1559753417969,229.5967712402344,1.0944749116897583,0.9456841349601746,200.0,0.1301099509000778,0.0500416665648421
20180810.0,0.1474499702453613,0.165441632270813,,,,0.1345916092395782,0.1418500393629074,,,,,,,,,,,,
20180811.0,0.1697764098644256,0.1753453314304351,,,,,,,,,,,,,,,,,
20180812.0,0.1701447963714599,0.1533199548721313,0.1016605943441391,0.1276285052299499,0.1197608858346939,0.1024082824587822,0.1093173027038574,12.0,0.2564709782600403,1.531266450881958,303.3351745605469,1.1612704992294312,280.5937194824219,260.99273681640625,0.0764054134488105,0.9550654888153076,200.0,0.0960414335131645,0.0470416666939855
20180813.0,0.2766606211662292,0.147395521402359,,,,,,,,,,,,,,,,,
20180814.0,0.3156653642654419,0.2644578516483307,0.2688605487346649,,,,,,,,,,,,,,,,
20180815.0,0.256345123052597,0.2063033282756805,0.1815287768840789,0.1614460200071334,0.1643141955137252,0.1658308207988739,0.1869563907384872,12.0,0.2564709782600403,1.531266450881958,303.2635498046875,1.1472234725952148,270.3689270019531,238.46832275390625,0.0029164322186261,3.785657405853272,200.0,0.1633221209049224,0.156666665648421
20180816.0,0.2126222103834152,0.1841934621334076,,,,,,,,,,,,,,,,,
20180817.0,0.1864706575870514,0.147568479180336,0.0929582566022872,0.101689375936985,0.0966149568557739,0.0752434656023979,0.0969267860054969,12.0,0.2564709782600403,1.531266450881958,306.16143798828125,1.1241865158081057,286.6299133300781,264.52166748046875,1.4450697898864746,2.7360451221466064,200.0,0.0923434123396873,0.123749999639889
20180818.0,0.1827430129051208,0.1514354944229126,,,,,0.0721457600593566,,,,,,,,,,,,
20180819.0,0.1858164370059967,0.120274432003498,,,,,,,,,,,,,,,,,
20180820.0,0.2236286401748657,0.1740187257528305,0.1360863000154495,0.1354908049106598,0.1269800961017608,0.1098774075508117,0.1191137433052063,12.0,0.2564709782600403,1.531266450881958,301.3917236328125,1.0885939598083496,278.8077392578125,257.02227783203125,4.598913192749023,3.7304654121398926,200.0,0.0986100286245346,0.0846666662643353
20180821.0,0.2023178189992904,0.1552619040012359,,,,,,,,,,,,,,,,,
20180822.0,0.175966665148735,0.1381195336580276,0.0684447437524795,,,,0.0715964213013649,,,,,,,,,,,,
20180823.0,0.1601667255163192,0.1360257565975189,0.1004647240042686,0.111803650856018,0.1074933409690857,,0.0697347968816757,12.0,0.2564709782600403,1.531266450881958,306.66656494140625,1.0532019138336182,283.46173095703125,264.3398132324219,0.1514013558626175,1.4681180715560913,200.0,0.0923127233982086,0.0601250001539787
20180824.0,0.1501384675502777,0.1357763111591339,,,,,,,,,,,,,,,,,
20180825.0,0.1427171975374221,0.1242803558707237,0.0549026951193809,0.0697720050811767,0.0700461938977241,0.0528941787779331,0.0668050199747085,12.0,0.2564709782600403,1.531266450881958,308.3376770019531,1.0297187566757202,291.00457763671875,274.0728759765625,0.0,0.8736340999603271,200.0,0.0617088377475738,0.0488333332662781
20180826.0,0.13760507106781,0.1178305447101593,,,,,,,,,,,,,,,,,
20180827.0,0.1345454305410385,0.1260359436273574,,,,,0.0408337675034999,,,,,,,,,,,,
20180828.0,0.1341269463300705,0.1206787005066871,0.0517398305237293,0.0725903138518333,0.0730373635888099,0.0459404960274696,0.0473647266626358,12.0,0.2564709782600403,1.531266450881958,308.442138671875,0.991263747215271,290.8928527832031,273.92657470703125,0.014762413688004,0.4317146837711334,200.0,0.057063240557909,0.0407499998497466
20180829.0,0.1324591785669326,0.1205705255270004,,,,,,,,,,,,,,,,,
20180830.0,0.1325111389160156,0.1298674196004867,0.0512840710580349,,,0.0459321402013301,0.0462050251662731,,,,,,,,,,,,
20180831.0,0.1314949840307235,0.1279522329568863,0.0527281425893306,0.0681432858109474,0.06892691552639,,,12.0,0.2564709782600403,1.531266450881958,308.4468688964844,1.0445716381072998,291.9837341308594,275.1822509765625,0.0008523463620804,0.2305228114128112,200.0,0.050858162343502,0.0401249999801318
20180901.0,0.1308653056621551,0.1278412938117981,,,,,,,,,,,,,,,,,
20180902.0,0.131413072347641,0.1134458184242248,0.0411553122103214,0.0612177923321723,0.0554165802896022,0.041507963091135,0.0418408773839473,12.0,0.2564709782600403,1.531266450881958,307.148193359375,1.1039737462997437,293.4447021484375,273.41229248046875,0.0750196799635887,0.208669975399971,200.0,0.0417245663702487,0.0387083332364758
20180903.0,0.1440380960702896,0.1351980715990066,,,,,,,,,,,,,,,,,
20180904.0,0.1751509308815002,0.193632423877716,,,,0.2666501402854919,0.2971282005310058,,,,,,,,,,,,
20180905.0,0.2086210399866104,0.2150827795267105,0.2007850855588913,0.2008070647716522,0.187957227230072,,,12.0,0.2564709782600403,1.531266450881958,299.06866455078125,1.1962404251098633,264.04248046875,235.7426147460937,6.637109756469727,1.9255878925323489,200.0,0.1305737793445587,0.052578947457828
20180906.0,0.2505717873573303,0.2280731201171875,,,,,,,,,,,,,,,,,
20180907.0,0.2848390638828277,0.2435165792703628,0.3132180273532867,,,0.3441470563411712,0.4152653515338897,,,,,,,,,,,,
20180908.0,0.3322879374027252,,0.3303539752960205,0.3746367990970611,0.3649394810199737,,,12.0,0.2564709782600403,1.531266450881958,296.3822937011719,1.2898367643356323,230.4979248046875,198.35850524902344,2.9914352893829346,1.9879813194274905,200.0,0.2662181854248047,0.245791664347053
20180909.0,0.2911259233951568,0.2866930067539215,,,,,0.4059877395629883,,,,,,,,,,,,
20180910.0,0.2558125555515289,0.259466290473938,0.2826676070690155,0.2730769515037536,0.2836034893989563,,0.1941282451152801,12.0,0.2564709782600403,1.531266450881958,296.8914489746094,1.3529727458953855,243.5869903564453,208.994384765625,0.0013329125940799,2.3245327472686768,200.0,0.2389886081218719,0.202125001077851
20180911.0,0.2267629355192184,0.2317027300596237,,,,,,,,,,,,,,,,,
20180912.0,0.2031773626804351,0.2299700230360031,,,,0.1808391660451889,0.2175054103136062,,,,,,,,,,,,
20180913.0,0.1847622990608215,0.212179958820343,0.2000508159399032,0.188681423664093,0.1807997971773147,,,12.0,0.2564709782600403,1.531266450881958,300.7447204589844,1.4503870010375977,265.22430419921875,236.65365600585932,0.0047835535369813,1.4729044437408447,200.0,0.1647530943155288,0.168041666969657
20180914.0,0.1718435287475586,0.1895690858364105,,,,,0.1143833771347999,,,,,,,,,,,,
20180915.0,0.2261709719896316,0.1949887871742248,0.1719436049461364,,,0.1020436808466911,0.1016266345977783,,,,,,,,,,,,
20180916.0,0.2941416501998901,0.1851597279310226,0.1678075045347213,0.1574184447526931,0.1448081731796264,,,12.0,0.2564709782600403,1.531266450881958,299.5189514160156,1.5055744647979736,272.77227783203125,250.38250732421875,0.7611757516860962,2.4104912281036377,200.0,0.150540143251419,0.155434782738271
20180917.0,0.265231192111969,0.1941379606723785,,,,0.0958045423030853,0.1156346350908279,,,,,,,,,,,,
20180918.0,0.2299720197916031,0.1725276112556457,0.1187803745269775,0.1288811117410659,0.1211709827184677,,,12.0,0.2564709782600403,1.531266450881958,301.41412353515625,1.531513214111328,278.70513916015625,259.5401611328125,0.064490869641304,2.3756911754608154,200.0,0.1324150413274765,0.141416665166616
20180919.0,0.204420581459999,0.1737434566020965,,,,,,,,,,,,,,,,,
20180920.0,0.1894446313381195,0.167043387889862,,,,0.0568784140050411,0.0653401315212249,,,,,,,,,,,,
20180921.0,0.2389304339885711,0.2013487368822097,0.3763049244880676,0.3731457591056824,0.3759898543357849,,,12.0,0.2564709782600403,1.531266450881958,297.3337097167969,1.5696204900741575,231.2362670898437,198.1812744140625,48.33216094970703,1.2997620105743408,200.0,0.2395975887775421,0.199086956031944
20180922.0,0.398123562335968,,,,,0.3373586535453796,0.3564256727695465,,,,,,,,,,,,
20180923.0,0.3665892481803894,0.2869885861873626,0.3385583460330963,,,,,,,,,,,,,,,,
20180924.0,0.3463247120380401,0.2507588267326355,0.2853765487670898,0.2753032147884369,0.2869625389575958,,,12.0,0.2564709782600403,1.531266450881958,296.593017578125,1.6079288721084597,242.09524536132807,206.89117431640625,0.0660246163606643,3.4131524562835693,200.0,0.2673149704933166,0.218124999354283
20180925.0,0.3193749785423279,0.2403726726770401,,,,0.2128385603427887,0.2347178608179092,,,,,,,,,,,,
20180926.0,0.3640712797641754,0.2335073351860046,0.3004901111125946,0.3253519237041473,0.3212213218212127,,,12.0,0.2564709782600403,1.531266450881958,291.4869384765625,1.633579969406128,236.950424194336,204.61343383789065,22.553924560546875,2.98447847366333,200.0,0.2304709702730178,0.235083334768812
20180927.0,0.378383606672287,,,,,,0.4401074349880218,,,,,,,,,,,,
20180928.0,0.3469906449317932,0.2319694459438324,,,,,0.2007812708616256,,,,,,,,,,,,
20180929.0,0.3230727910995483,0.2181818336248397,0.2541569769382477,0.2284051775932312,0.2329661697149276,,,12.0,0.2564709782600403,1.531266450881958,296.29595947265625,1.6736314296722412,251.6626892089844,218.3257751464844,0.0581105388700962,2.694397449493408,200.0,0.233452707529068,0.205875000605981
20180930.0,0.3063157498836517,0.2203115075826645,,,,0.1898296773433685,0.2172002345323562,,,,,,,,,,,,
20181001.0,0.2886461615562439,0.2089328169822693,0.2323627024888992,0.2341810017824173,0.2065449506044387,,,12.0,0.2564709782600403,1.531266450881958,296.5812683105469,1.6822248697280884,257.9854736328125,232.3932647705078,0.0423906855285167,2.357819080352783,200.0,0.1993064284324646,0.183374998470147
20181002.0,0.2767025530338287,0.1942277550697326,0.1859240531921386,0.1814251244068145,0.1673741489648819,,0.1510055810213089,12.0,0.2564709782600403,1.531266450881958,297.2262878417969,1.6759212017059326,266.34698486328125,240.55728149414065,0.2865113615989685,2.493596076965332,200.0,0.1639818996191024,0.176791667317351
20181003.0,0.264159083366394,0.1936560869216919,,,,0.1177825257182121,0.1496017277240753,,,,,,,,,,,,
20181004.0,0.2456877380609512,0.1812097132205963,0.1352330446243286,0.1386799663305282,0.130930557847023,,,12.0,0.2564709782600403,1.531266450881958,300.2843017578125,1.66782808303833,275.5248413085937,251.0032958984375,0.0337891317903995,2.8837904930114746,200.0,0.1491451561450958,0.161791666721304
20181005.0,0.2316439747810363,0.1754210293292999,,,,0.1006126552820205,0.119785152375698,,,,,,,,,,,,
20181006.0,0.2224141210317611,0.1654366552829742,,,,,,,,,,,,,,,,,
20181007.0,0.354216456413269,0.2265191525220871,0.3517215549945831,0.37332883477211,0.382846474647522,,,12.0,0.2564709782600403,1.531266450881958,296.0370178222656,1.6548621654510498,226.29507446289065,191.61395263671875,23.041353225708008,2.3906874656677246,200.0,0.2709594070911407,0.24991666773955
20181008.0,0.3782065212726593,0.2721946239471435,,,,0.2899682819843292,0.2926114797592163,,,,,,,,,,,,
20181009.0,0.4161819815635681,0.3110770881175995,0.4259994626045227,0.3970077037811279,0.3970077037811279,,,12.0,0.2564709782600403,1.531266450881958,293.7327880859375,1.6462308168411257,208.9037170410156,177.69061279296875,29.978599548339844,2.368605613708496,200.0,0.311533510684967,0.302291668951511
20181010.0,0.3831093907356262,,0.3356924653053283,0.3781692087650299,0.3802419006824493,0.3363804519176483,0.3822443187236786,12.0,0.2564709782600403,1.531266450881958,289.53790283203125,1.6419191360473633,223.5629272460937,186.67657470703125,0.0030149361118674,2.6192307472229004,200.0,0.2915402054786682,0.252541667471329
20181011.0,0.3594952225685119,,,,,,,,,,,,,,,,,,
20181012.0,0.3656646013259887,,0.291175901889801,0.2883130609989166,0.2910036146640777,,,12.0,0.2564709782600403,1.531266450881958,291.1051940917969,1.633302927017212,237.6766357421875,201.06820678710932,4.557510852813721,1.5776063203811646,200.0,0.2447388619184494,0.211708330859741
20181013.0,0.3996809422969818,0.2580544948577881,,,,0.4887738227844238,0.5852229595184326,,,,,,,,,,,,
20181014.0,0.3901288509368896,0.2994876801967621,,,,,,,,,,,,,,,,,
20181015.0,0.3934363424777984,0.2866911590099334,0.3484571278095245,0.36753711104393,0.3764493465423584,0.3167497515678406,0.3949705362319946,12.0,0.2564709782600403,1.531266450881958,280.1022033691406,1.6211864948272705,220.55319213867188,185.5897216796875,3.822549343109131,2.0736725330352783,200.0,0.2618458867073059,0.246624998127421
20181016.0,0.4121035039424896,0.2798357009887695,,,,,0.2663350403308868,,,,,,,,,,,,
20181017.0,0.4042994678020477,,0.353486955165863,0.3240828514099121,0.330361932516098,,,12.0,0.2564709782600403,1.531266450881958,283.5531616210937,1.6029398441314695,226.0314483642578,191.1683654785156,4.258040428161621,1.281796097755432,200.0,0.265689343214035,0.247043478748073
20181018.0,0.4087490141391754,,0.393830806016922,0.3582771718502044,0.3669319152832031,0.3388255834579468,0.3907284736633301,12.0,0.2564709782600403,1.531266450881958,283.6657409667969,1.5879168510437012,220.6407165527344,187.67074584960932,5.5201191902160645,0.9229276180267334,200.0,0.2858723998069763,0.262291663636764
20181020.0,0.3886554539203644,,0.3795892596244812,0.34889817237854,0.3558600544929504,,0.4348887503147125,12.0,0.2564709782600403,1.531266450881958,288.3704833984375,1.5604679584503174,223.7669982910156,189.33447265625,0.0004410743713378,1.9228657484054563,200.0,0.2881129086017608,0.261541664600372
20181021.0,0.3680326044559479,,,,,,0.3149204850196838,,,,,,,,,,,,
20181022.0,0.3525636792182922,0.2581508755683899,,,,,,,,,,,,,,,,,
20181023.0,0.3408770859241485,0.2527702450752258,0.356667160987854,0.2931795120239258,0.2947663068771362,0.2790313363075256,0.2856227159500122,12.0,0.2564709782600403,1.531266450881958,289.4601745605469,1.5190222263336182,233.75148010253903,198.2516021728516,0.0645527616143226,2.016240358352661,200.0,0.2647038102149963,0.215875002245108
20181024.0,0.3573895096778869,,,,,,,,,,,,,,,,,,
20181025.0,0.3908226490020752,0.2820210754871368,0.3897841870784759,0.3730767369270324,0.3623347580432892,,,12.0,0.2564709782600403,1.531266450881958,287.2214660644531,1.491524577140808,221.0718994140625,189.58111572265625,0.3418333530426025,2.1449670791625977,200.0,0.2969262301921844,0.271041667709748
20181026.0,0.3646929264068603,,0.367326021194458,0.3311424255371094,0.3354117274284363,0.2881986796855926,0.3227637708187103,12.0,0.2564709782600403,1.531266450881958,288.0492553710937,1.4778156280517578,225.7247009277344,191.62046813964844,0.0,2.1007273197174072,200.0,0.2775870859622955,0.248416665941477
20181027.0,0.3481557369232178,0.2449370324611663,,,,,,,,,,,,,,,,,
20181028.0,0.3345594108104706,0.2409147769212722,0.3584389984607696,0.3154147863388061,0.3104766607284546,0.2679380178451538,0.2812280654907226,12.0,0.2564709782600403,1.531266450881958,291.4289245605469,1.4504777193069458,231.92251586914065,199.49913024902344,0.000435113790445,2.261482715606689,200.0,0.2727096378803253,0.22079166645805
20181029.0,0.3235704302787781,0.2353594154119491,,,,,,,,,,,,,,,,,
20181030.0,0.3120201826095581,0.2316889017820358,,,,,,,,,,,,,,,,,
20181031.0,0.3236898183822632,0.2243568003177642,0.3379698693752289,0.2813796699047088,0.2705892622470855,0.2140759527683258,0.2475966662168502,12.0,0.2564709782600403,1.531266450881958,286.16998291015625,1.4108624458312988,239.45278930664065,208.1715087890625,6.706186294555664,1.593295693397522,200.0,0.208674356341362,0.226083333914479
20181101.0,0.3557659387588501,,,,,,,,,,,,,,,,,,
20181102.0,0.3332460522651672,,0.3755195438861847,0.3384962081909179,0.3315728008747101,0.3013646006584167,0.3626819550991058,12.0,0.2564709782600403,1.531266450881958,284.8803100585937,1.3692359924316406,225.21676635742188,187.5736846923828,0.0,2.279517650604248,200.0,0.2593200206756592,0.24758333278199
20181103.0,0.3149505257606506,0.2332716733217239,0.3573020696640014,0.2996350228786468,0.3039125204086303,,0.2336497157812118,12.0,0.2564709782600403,1.531266450881958,287.5139465332031,1.3396230936050415,230.72122192382807,196.58132934570312,0.000870227755513,2.040503978729248,200.0,0.2607256174087524,0.23062500047187
20181104.0,0.3031519949436188,0.23578941822052,,,,,,,,,,,,,,,,,
20181105.0,0.2940244972705841,0.2280701100826263,0.3223216235637665,0.2660349011421203,0.2696583867073059,0.2515034973621368,0.269722580909729,12.0,0.2564709782600403,1.531266450881958,288.3415832519531,1.284529447555542,236.7709503173828,202.67172241210932,0.0008523463038727,2.1838927268981934,200.0,0.241245299577713,0.208374999463558
20181106.0,0.2845933437347412,,,,,,,,,,,,,,,,,,
20181107.0,0.283748596906662,0.2255717068910598,,,,,0.2406689673662185,,,,,,,,,,,,
20181108.0,0.300608366727829,,0.3109338283538818,0.2591316998004913,0.2542523443698883,,0.2188482284545898,12.0,0.2564709782600403,1.531266450881958,283.8331604003906,1.2020412683486938,239.5299835205078,207.86770629882807,1.991377830505371,1.0012497901916504,200.0,0.2034323215484619,0.185583333795269
20181109.0,0.3042584955692291,,,,,,,,,,,,,,,,,,
20181110.0,0.2948509454727173,,0.2853530645370483,0.2398434430360794,0.2370186448097229,0.1978773027658462,0.2121646851301193,12.0,0.2564709782600403,1.531266450881958,278.9772033691406,1.1476227045059204,239.60952758789065,208.1893920898437,0.000426173210144,1.111481785774231,200.0,0.2028499841690063,0.177666667848825
20181111.0,0.2865380644798279,0.2118242681026458,0.2704728841781616,0.2426839470863342,0.2285608053207397,,,12.0,0.2564709782600403,1.531266450881958,282.4052429199219,1.1205854415893557,240.98648071289065,211.9774627685547,0.0008523463620804,1.423219919204712,200.0,0.204546183347702,0.172500000024835
20181112.0,0.3486720621585846,,,,,,,,,,,,,,,,,,
20181116.0,0.3047274947166443,,0.2601737678050995,0.224962830543518,0.2263149619102478,,,12.0,0.2564709782600403,1.531266450881958,283.78668212890625,0.9850636720657348,240.412109375,207.4076538085937,0.0008523463038727,1.5968332290649414,200.0,0.2021299302577972,0.177958333243926
20181117.0,0.294889748096466,0.2001699209213256,,,,,,,,,,,,,,,,,
20181118.0,0.2868696451187134,0.1905057281255722,0.2449887692928314,0.2291294485330581,0.2151408493518829,0.1816392540931701,0.1965086758136749,12.0,0.2564709782600403,1.531266450881958,279.0525817871094,0.9575393199920654,242.87600708007807,214.34527587890625,0.0,0.9834516644477844,200.0,0.1836392879486084,0.163708336030444
20181120.0,0.2788968384265899,,,,,0.1584145128726959,0.1843623220920562,,,,,,,,,,,,
20181121.0,0.2750838696956634,,0.2075172811746597,0.1979611963033676,0.1881833225488662,,0.1554612815380096,12.0,0.2564709782600403,1.531266450881958,279.7414245605469,0.9560339450836182,246.99176025390625,218.8580322265625,0.0946226865053176,0.9347702860832214,200.0,0.1675394028425216,0.157894738410649
20181122.0,0.2723129689693451,,,,,,,,,,,,,,,,,,
20181123.0,0.2669647336006164,0.1907660663127899,,,,0.1669749021530151,0.1850947588682174,,,,,,,,,,,,
20181124.0,0.2573535442352295,0.177824780344963,0.212988942861557,0.1962136477231979,0.1789283007383346,,,12.0,0.2564709782600403,1.531266450881958,284.4056701660156,0.9524829387664796,251.57650756835932,226.13653564453125,0.0,1.7015773057937622,200.0,0.1610296964645385,0.151083332796892
20181125.0,0.2482476383447647,0.1889545768499374,,,,,0.1861323863267898,,,,,,,,,,,,
20181127.0,0.2402393370866775,,0.1737831979990005,0.1694571673870086,0.1583205461502075,,,12.0,0.2564709782600403,1.531266450881958,280.2150573730469,0.9489340782165528,253.0082855224609,227.52243041992188,0.0,1.3100651502609253,200.0,0.1525499373674392,0.130714285586561
20181128.0,0.2354880273342132,,,,,0.1476067900657653,0.1520737260580063,,,,,,,,,,,,
20181129.0,0.2285369038581848,,0.1739547848701477,0.1673959791660308,0.1521593630313873,,,12.0,0.2564709782600403,1.531266450881958,287.0122985839844,0.9465692639350892,256.7516784667969,233.79244995117188,0.001710653072223,1.8061482906341555,200.0,0.1536846607923507,0.129750000933806
20181130.0,0.2226961553096771,0.1608401536941528,,,,,0.1573229134082794,,,,,,,,,,,,
20181201.0,0.2172940075397491,0.1733275651931762,,,,0.1373827457427978,0.143467515707016,,,,,,,,,,,,
20181202.0,0.2099486291408538,0.1554839760065078,0.1446914821863174,0.1457187831401825,0.1349265277385711,,,12.0,0.2564709782600403,1.531266450881958,284.7832946777344,0.9429393410682678,260.9085693359375,238.30523681640625,0.0,1.1005128622055054,200.0,0.1331731081008911,0.126958332955837
20181203.0,0.2082581222057342,,,,,0.1271924376487732,0.125736266374588,,,,,,,,,,,,
20181206.0,0.2097425907850265,,,,,0.1242521256208419,0.1371501833200454,,,,,,,,,,,,
20181207.0,0.2234877049922943,,0.1579144895076751,0.1715238690376281,0.1582029163837433,,,12.0,0.2564709782600403,1.531266450881958,277.8937072753906,0.9412687420845032,253.11170959472656,228.19757080078125,5.006705284118652,0.7762336730957031,200.0,0.1456081569194793,0.111208333012958
20181211.0,0.3366109728813171,,,,,0.2576128244400024,0.2840052545070648,,,,,,,,,,,,
20181212.0,0.3686104118824005,,0.2883815169334411,0.2663040459156036,0.2662622034549713,,,12.0,0.2564709782600403,1.531266450881958,282.3937072753906,0.9405512809753418,230.71212768554688,198.12413024902344,0.0,0.8385586142539978,200.0,0.2404488325119018,0.234541665762663
20181213.0,0.3624278306961059,,0.2807851135730743,0.2538126707077026,0.2468556016683578,,0.2883693873882293,12.0,0.2564709782600403,1.531266450881958,281.5848083496094,0.9404077529907228,235.2618103027344,200.023193359375,10.82712173461914,1.687967300415039,200.0,0.1973142623901367,0.234300000220537
20181214.0,0.3725146353244781,,,,,,0.3412579596042633,,,,,,,,,,,,
20181216.0,0.3280337750911712,0.2048551142215728,,,,0.255495548248291,0.2689901292324066,,,,,,,,,,,,
20181217.0,0.3193078637123108,0.212718978524208,,,,,,,,,,,,,,,,,
20181218.0,0.3148589134216308,,0.2555878162384033,0.2253982126712799,0.2238128334283828,,0.2387463003396988,12.0,0.2564709782600403,1.531266450881958,279.9126281738281,0.9394152760505676,238.29852294921875,206.34811401367188,0.0047976598143577,0.8305322527885437,200.0,0.1994112432003021,0.216958334048589
20181219.0,0.3144461214542389,,,,,0.2234499603509903,0.236579492688179,,,,,,,,,,,,
20181220.0,0.3084232807159424,,0.2772126793861389,0.253644049167633,0.2404757738113403,,,12.0,0.2564709782600403,1.531266450881958,282.15411376953125,0.9425028562545776,236.5115966796875,206.0583953857422,0.0008523463038727,1.7013298273086548,200.0,0.2176671475172042,0.206541666140159
20181221.0,0.2970791161060333,,0.2375115305185318,0.2256345748901367,0.2168379426002502,0.1872502863407135,0.1875972747802734,12.0,0.2564709782600403,1.531266450881958,279.51275634765625,0.9461215138435364,239.9174346923828,209.41082763671875,0.0017131458735093,1.4258464574813845,200.0,0.1951163113117218,0.195736840367317
20181222.0,0.2881271839141845,,,,,,,,,,,,,,,,,,
20181223.0,0.2817162275314331,,0.2228850871324539,0.2113483101129531,0.1956634074449539,,,12.0,0.2564709782600403,1.531266450881958,280.42730712890625,0.9524823427200316,245.18002319335932,217.0099334716797,0.0008523463620804,0.9266133904457092,200.0,0.1762934625148773,0.182916664828857
20181224.0,0.2789201140403747,,,,,0.1699287593364715,0.1918088346719741,,,,,,,,,,,,
20181225.0,0.275344580411911,,,,,,,,,,,,,,,,,,
20181226.0,0.3322160542011261,,0.2451929003000259,0.1920770853757858,0.1819828897714615,0.2202662378549575,0.2656331062316894,12.0,0.2564709782600403,1.531266450881958,287.57879638671875,0.9622021913528442,249.9168701171875,220.743881225586,33.07033920288086,0.6108818054199219,200.0,0.155228316783905,0.182434784329456
20181227.0,0.3862201869487762,0.2274964749813079,,,,,0.2116153389215469,,,,,,,,,,,,
20181230.0,0.3523374199867248,,,,,,,,,,,,,,,,,,
20181231.0,0.3508163094520569,,0.3003996312618255,0.2741314172744751,0.2651116251945495,,0.3162938356399536,12.0,0.2564709782600403,1.531266450881958,279.44195556640625,0.9783546328544616,228.4571685791016,196.610595703125,0.7206054925918579,1.659631609916687,200.0,0.2356923520565033,0.220541665951411
20190105.0,0.3544679582118988,0.2087023556232452,0.2938903570175171,,,,0.2353587448596954,,,,,,,,,,,,
20190106.0,0.3577767312526703,,0.2867918610572815,0.250896543264389,0.244579330086708,0.2406693398952484,0.2513199150562286,12.0,0.2564709782600403,1.531266450881958,283.2384948730469,1.0030298233032229,233.5474548339844,200.71066284179688,0.0987962335348129,1.2466028928756714,200.0,0.2316144704818725,0.22404166807731
20190107.0,0.3457854092121124,,,,,,,,,,,,,,,,,,
20190108.0,0.3271467089653015,,0.2671626806259155,0.2401797324419021,0.2266986221075058,0.2052330076694488,0.2273629009723663,12.0,0.2564709782600403,1.531266450881958,283.248779296875,1.0115870237350464,239.6496734619141,209.28414916992188,0.0008523463038727,1.5894263982772827,200.0,0.2075223475694656,0.208333333954215
20190109.0,0.3166366517543793,,,,,,,,,,,,,,,,,,
20190110.0,0.3103762865066528,0.1909433305263519,,,,,,,,,,,,,,,,,
20190111.0,0.3251557350158691,,0.2967004776000976,0.2565336227416992,0.2399732917547226,0.1943600177764892,0.2184514850378036,12.0,0.2564709782600403,1.531266450881958,284.1336364746094,1.024445414543152,236.79019165039065,206.4681854248047,5.261797904968262,0.7769768834114075,200.0,0.2039888203144073,0.195624999081095
20190114.0,0.3338647484779358,,0.2783488035202026,0.2580718398094177,0.2501961290836334,,0.1901303082704544,12.0,0.2564709782600403,1.531266450881958,277.2040100097656,1.0373409986495972,231.18621826171875,199.5131072998047,0.0065875342115759,0.9355958104133606,200.0,0.2337423115968704,0.228291666756074
20190115.0,0.3254526853561401,0.2045380026102066,,,,,,,,,,,,,,,,,
20190116.0,0.3184430599212646,,0.2569975256919861,0.2285540401935577,0.2177921086549759,0.2044446468353271,0.2243720889091491,12.0,0.2564709782600403,1.531266450881958,282.61163330078125,1.0460888147354126,240.08859252929688,209.48667907714844,0.0010074041783809,1.2492432594299316,200.0,0.2055613994598388,0.217291668057442
20190117.0,0.3099237382411957,0.1906819939613342,,,,,,,,,,,,,,,,,
20190118.0,0.3036506175994873,,,,,,0.2766502797603607,,,,,,,,,,,,
20190119.0,0.2961735129356384,,0.2326412945985794,0.2179495841264724,0.200719729065895,,0.2101199328899383,12.0,0.2564709782600403,1.531266450881958,280.52362060546875,1.0550495386123655,244.18356323242188,215.84747314453125,0.7306002378463745,1.6368706226348877,200.0,0.1799635887145996,0.195583333571752
20190121.0,0.2855306267738342,,0.2403190582990646,,,0.190934807062149,0.219214454293251,,,,,,,,,,,,
20190122.0,0.2767219245433807,0.1736435443162918,0.1979089379310608,0.1781400293111801,0.1674791425466537,,,12.0,0.2564709782600403,1.531266450881958,285.7557067871094,1.0624197721481323,251.85845947265625,223.9949951171875,0.0445307381451129,1.18674635887146,200.0,0.1668986827135086,0.181666665400068
20190127.0,0.259349912405014,,0.1717883199453354,0.159241184592247,0.1471199691295623,,,12.0,0.2564709782600403,1.531266450881958,279.9164123535156,1.0746203660964966,252.54209899902344,227.84161376953125,0.0010682804277166,1.4461599588394165,200.0,0.1552565544843673,0.164454546164383
20190128.0,0.2523227632045746,,,,,,,,,,,,,,,,,,
20190130.0,0.2444626837968826,,0.1601496934890747,0.1519228667020797,0.1395015865564346,,,12.0,0.2564709782600403,1.531266450881958,278.8413391113281,1.081905484199524,253.42889404296875,230.289306640625,0.0,1.239987850189209,200.0,0.1533167064189911,0.1546842095099
20190131.0,0.2401839047670364,,,,,0.1182699277997016,0.143620103597641,,,,,,,,,,,,
20190201.0,0.236405462026596,,0.1340312361717224,0.1323176622390747,0.1233498901128768,,,12.0,0.2564709782600403,1.531266450881958,283.8290100097656,1.0861420631408691,259.585693359375,237.0159912109375,0.0085305795073509,1.028052568435669,200.0,0.1375066488981247,0.152999999622504
20190202.0,0.2347332239151001,,,,,,,,,,,,,,,,,,
20190203.0,0.2327078431844711,0.1689958125352859,,,,0.1276416629552841,0.1367534399032592,,,,,,,,,,,,
20190204.0,0.2228322029113769,,0.1422044783830642,0.1430190801620483,0.1300007104873657,,,12.0,0.2564709782600403,1.531266450881958,291.1029663085937,1.111747980117798,262.1337585449219,241.8609619140625,0.0017149224877357,2.116481065750122,200.0,0.1449988186359405,0.151374998812874
20190205.0,0.2152719795703888,,,,,,0.1464888453483581,,,,,,,,,,,,
20190206.0,0.2134577631950378,0.1615689396858215,0.1587581634521484,,,,0.1474044024944305,,,,,,,,,,,,
20190209.0,0.2087722718715667,,0.1241383105516433,0.1157005727291107,0.1092008799314498,,,12.0,0.2564709782600403,1.531266450881958,276.0614624023437,1.167239546775818,260.4967041015625,239.2655639648437,0.2981728315353393,0.4984848201274872,200.0,0.1188947707414627,0.130916666860382
20190210.0,0.2106921821832656,,,,,,0.0999786406755447,,,,,,,,,,,,
20190211.0,0.2229100614786148,,,,,0.1366849988698959,0.1424604058265686,,,,,,,,,,,,
20190212.0,0.2276965826749801,0.1948651820421219,0.177972674369812,0.1666155904531479,0.1530478149652481,,,12.0,0.2564709782600403,1.531266450881958,283.6748046875,1.2009376287460327,253.4939422607422,228.7113037109375,0.0008523463038727,1.559370040893555,200.0,0.1570064127445221,0.132052631754624
20190213.0,0.2192536890506744,0.1764551699161529,,,,0.1322508752346038,0.1475264728069305,,,,,,,,,,,,
20190214.0,0.2091420888900756,,0.1934996992349624,,,,,,,,,,,,,,,,
20190215.0,0.2005966454744339,0.1545558422803878,0.1236539110541343,0.1336669474840164,0.1232628896832466,,,12.0,0.2564709782600403,1.531266450881958,287.9910888671875,1.2349013090133667,263.30914306640625,244.3714599609375,0.0008523463038727,1.3383336067199707,200.0,0.1309012025594711,0.129500001048048
20190217.0,0.1913172900676727,,0.1137383431196212,0.1324570029973983,0.1227557137608528,,,12.0,0.2564709782600403,1.531266450881958,283.4242553710937,1.2588469982147217,261.3791198730469,240.8628845214844,0.0,1.150235295295715,200.0,0.1350218653678894,0.122526315874175
20190219.0,0.1883827894926071,0.1664508581161499,,,,,,,,,,,,,,,,,
20190221.0,0.1917079538106918,,,,,0.1158344596624374,0.1271095871925354,,,,,,,,,,,,
20190222.0,0.1893527060747146,,0.1301437616348266,,,,,,,,,,,,,,,,
20190223.0,0.206132024526596,,0.1398977935314178,0.1462719589471817,0.1326436549425125,,0.1727958023548126,12.0,0.2564709782600403,1.531266450881958,285.2458801269531,1.2425885200500488,258.84893798828125,238.9180603027344,2.297735452651977,1.801929950714112,200.0,0.1369887739419937,0.115476190334275
20190224.0,0.2071037143468856,,,,,,0.1100497469305992,,,,,,,,,,,,
20190225.0,0.1993420720100402,0.1581368595361709,0.1080709621310234,0.1147466823458671,0.1084795892238617,,,12.0,0.2564709782600403,1.531266450881958,282.5710754394531,1.2321090698242188,262.6429138183594,242.7899780273437,0.0008523463038727,1.4822574853897097,200.0,0.1323053836822509,0.110714285856202
20190226.0,0.1919698566198349,0.1580329835414886,,,,0.0937559753656387,0.110873743891716,,,,,,,,,,,,
20190227.0,0.1889165341854095,0.1588711887598037,,,,,,,,,,,,,,,,,
20190302.0,0.1830855011940002,,,,,,,,,,,,,,,,,,
20190307.0,0.179365187883377,,,,,,,,,,,,,,,,,,
20190308.0,0.1736317574977874,,0.0869039744138717,0.1023499742150306,0.1016615703701973,0.0758483931422233,0.0827967151999473,12.0,0.2564709782600403,1.531266450881958,290.6037292480469,1.218915939331055,265.76934814453125,251.3733673095703,0.0008523463038727,1.4743492603302002,200.0,0.1313376277685165,0.0924545462158593
20190309.0,0.1783053427934646,0.1593750417232513,,,,,,,,,,,,,,,,,
20190310.0,0.1806096732616424,,0.0926100760698318,,,,,,,,,,,,,,,,
20190311.0,0.2352316528558731,0.2647251486778259,0.2683759033679962,0.2706263065338135,0.2519620060920715,0.2360765039920807,0.2592242062091827,12.0,0.2564709782600403,1.531266450881958,282.1985168457031,1.268090009689331,235.32778930664065,205.72262573242188,1.5799038410186768,0.9212350249290466,200.0,0.2280571162700653,0.153083331882954
20190312.0,0.2479096055030822,0.2749529480934143,,,,,,,,,,,,,,,,,
20190313.0,0.3205499649047851,,0.3244220912456512,0.3383455574512481,0.3349494636058807,0.3237220644950866,0.3747062683105469,12.0,0.2564709782600403,1.531266450881958,289.37457275390625,1.3015565872192385,222.8915863037109,188.3525848388672,18.45716667175293,3.829423904418945,200.0,0.2511202692985534,0.228333333418483
20190314.0,0.2955964207649231,,,,,,0.204199343919754,,,,,,,,,,,,
20190315.0,0.2710390985012054,,,,,,,,,,,,,,,,,,
20190316.0,0.2548095285892486,,0.1985948979854583,0.202985867857933,0.1911167949438095,0.1780308932065963,0.191290020942688,12.0,0.2564709782600403,1.531266450881958,282.4977722167969,1.3520711660385132,247.23681640625,219.4734649658203,0.0017285346984863,2.0615954399108887,200.0,0.1814152300357818,0.185045454312455
20190317.0,0.241371139883995,0.2019103020429611,,,,,,,,,,,,,,,,,
20190318.0,0.2280634939670562,0.1908483952283859,0.1818790584802627,,,,0.1530503183603286,,,,,,,,,,,,
20190319.0,0.2150317579507827,0.1854617148637771,0.1555032134056091,0.1635711789131164,0.1478027701377868,,0.1564989238977432,12.0,0.2564709782600403,1.531266450881958,286.70928955078125,1.4030132293701172,258.2310791015625,236.8072967529297,0.0012874602107331,2.43655776977539,200.0,0.1494601815938949,0.167875001206994
20190320.0,0.2037167400121688,0.177197977900505,,,,,,,,,,,,,,,,,
20190321.0,0.1964712738990783,0.1717342585325241,0.1294559240341186,0.1312732249498367,0.1228099837899208,0.1231609880924224,0.1304666250944137,12.0,0.2564709782600403,1.531266450881958,287.8606872558594,1.4378505945205688,263.8259582519531,243.00112915039065,0.0582121610641479,2.290616035461426,200.0,0.1365872174501419,0.157666667054097
20190322.0,0.1882134526968002,0.1696632951498031,,,,,,,,,,,,,,,,,
20190323.0,0.1992117613554,0.1697729676961898,,,,,,,,,,,,,,,,,
20190324.0,0.1943815648555755,0.1659362614154815,0.1094877421855926,0.1158757135272026,0.1103333532810211,0.1024443283677101,0.1193578913807869,12.0,0.2564709782600403,1.531266450881958,292.5143127441406,1.4698480367660522,268.8669128417969,250.2253875732422,7.80789996497333e-05,2.68147087097168,200.0,0.1260607689619064,0.145166668420037
20190325.0,0.18282051384449,0.1551576107740402,,,,,,,,,,,,,,,,,
20190326.0,0.1755159050226211,0.1559805423021316,0.0963710099458694,,,0.0757307633757591,0.079317606985569,,,,,,,,,,,,
20190327.0,0.1687411516904831,0.1583838015794754,0.0868312716484069,0.1074307262897491,0.105462297797203,,,12.0,0.2564709782600403,1.531266450881958,292.16094970703125,1.494090557098389,270.31121826171875,254.9617919921875,0.0266093108803033,1.9031240940094,200.0,0.1172749549150466,0.128666666336358
20190328.0,0.1626980751752853,0.1649530529975891,,,,,,,,,,,,,,,,,
20190329.0,0.157630518078804,0.1706227362155914,0.0809988602995872,0.1023926958441734,0.1025003567337989,0.0860217437148094,0.1013214513659477,12.0,0.2564709782600403,1.531266450881958,297.2291564941406,1.5100961923599243,273.9501037597656,259.57421875,0.0016960689099505,2.175175905227661,200.0,0.1291468441486358,0.110541667168339
20190330.0,0.1532666832208633,0.1639059036970138,,,,,,,,,,,,,,,,,
20190331.0,0.1519331783056259,0.1393180936574936,,,,0.0523876175284385,0.0471205785870552,,,,,,,,,,,,
20190401.0,0.1512278914451599,0.1419222950935363,0.0676657631993293,0.0887462869286537,0.0899544209241867,,0.0540787987411022,12.0,0.2564709782600403,1.531266450881958,285.4294128417969,1.5341726541519165,269.4622802734375,254.36561584472656,0.1603395938873291,1.4743046760559082,200.0,0.1061764359474182,0.0913636362688108
20190402.0,0.1493702679872512,0.1495232135057449,,,,,,,,,,,,,,,,,
20190403.0,0.1471790075302124,0.1605492979288101,0.0787683054804802,,,0.0617634616792202,0.0786767154932022,,,,,,,,,,,,
20190404.0,0.1509365141391754,0.158365249633789,0.0700415149331092,0.0827931687235832,0.0841578841209411,,,12.0,0.2564709782600403,1.531266450881958,295.392578125,1.5583328008651731,274.7484130859375,259.2545166015625,0.0803327038884162,1.961364388465881,200.0,0.112445555627346,0.0850833337754011
20190405.0,0.1478125303983688,0.1555645912885666,,,,,0.0571306496858596,,,,,,,,,,,,
20190406.0,0.2612163722515106,0.2289609760046005,0.3287015557289123,0.3761174082756042,0.3668480217456817,,0.4332102537155151,12.0,0.2564709782600403,1.531266450881958,294.25860595703125,1.5745173692703247,225.09991455078125,194.1236114501953,25.880964279174805,2.9699742794036865,200.0,0.2533305585384369,0.170083334669471
20190407.0,0.2975841462612152,0.2709761559963226,,,,,,,,,,,,,,,,,
20190408.0,0.2642756104469299,0.234939768910408,,,,0.2329002469778061,0.2486037760972976,,,,,,,,,,,,
20190409.0,0.2359868884086609,0.2097517848014831,0.1733083724975586,0.1720470935106277,0.1604051440954208,,,12.0,0.2564709782600403,1.531266450881958,293.9770812988281,1.597847819328308,262.2205810546875,237.0447998046875,0.0008583068847656,3.9792325496673584,200.0,0.1633870601654052,0.177499998360872
20190410.0,0.2068690061569214,0.1983802914619445,,,,,,,,,,,,,,,,,
20190411.0,0.1815676689147949,0.181283563375473,0.0889439433813095,,,0.0900163352489471,0.0947294533252716,,,,,,,,,,,,
20190412.0,0.171709731221199,0.1607886254787445,0.072446659207344,0.1029390916228294,0.0994885563850402,,,12.0,0.2564709782600403,1.531266450881958,288.2075500488281,1.620863914489746,272.378662109375,254.1824493408203,0.0208129230886697,1.8386595249176023,200.0,0.1057179421186447,0.132333332672715
20190413.0,0.2700473368167877,,,,,0.3997781574726105,0.3933530747890472,,,,,,,,,,,,
20190414.0,0.3826710283756256,,0.3452956676483154,0.3875213861465454,0.3828928172588348,,,12.0,0.2564709782600403,1.531266450881958,283.4856262207031,1.6362380981445312,216.3348388671875,185.00987243652344,3.0410430431365967,3.871430158615112,200.0,0.2660514712333679,0.263833331565062
20190415.0,0.3336698710918426,,,,,,,,,,,,,,,,,,
20190416.0,0.3006859421730041,0.2706479132175445,,,,0.2401943355798721,0.2604144513607025,,,,,,,,,,,,
20190417.0,0.2863406538963318,0.2410252392292022,0.2730749249458313,0.240642249584198,0.2476054579019546,,,12.0,0.2564709782600403,1.531266450881958,295.0531311035156,1.659359574317932,244.1199951171875,209.9438934326172,0.3037262558937073,4.148406028747559,200.0,0.2430372983217239,0.202916668107112
20190418.0,0.268915981054306,0.2343014478683471,,,,0.1874725967645645,0.2280953377485275,,,,,,,,,,,,
20190419.0,0.2512179613113403,0.2180101573467254,0.2072831690311432,0.199664294719696,0.1919968128204345,,0.1357158124446869,12.0,0.2564709782600403,1.531266450881958,289.6993713378906,1.6748141050338743,254.4502868652344,225.83761596679688,0.0244441237300634,3.755714654922485,200.0,0.1856796145439148,0.175666666279236
20190420.0,0.2339368313550949,0.2076465934514999,0.1644075065851211,0.1842079311609268,0.1674564629793167,,,12.0,0.2564709782600403,1.531266450881958,290.9438781738281,1.682650804519653,258.7950134277344,235.29299926757807,0.0,4.035619735717773,200.0,0.1669614613056183,0.167291666691502
20190421.0,0.2148176878690719,0.2070657610893249,,,,0.121559165418148,0.1427960991859436,,,,,,,,,,,,
20190422.0,0.1988995373249054,0.1921867132186889,0.1254116743803024,0.1316879391670227,0.1238014921545982,,,12.0,0.2564709782600403,1.531266450881958,297.3809814453125,1.6995196342468262,271.68707275390625,251.31967163085932,4.020081996917725,2.1588642597198486,200.0,0.1416585892438888,0.144500001023213
20190423.0,0.3381310105323791,0.2105572819709777,,,,,0.251777708530426,,,,,,,,,,,,
20190424.0,0.3597277402877807,,,,,,0.3570360541343689,,,,,,,,,,,,
20190425.0,0.3206580877304077,0.2719865441322326,0.2456685006618499,0.2152614742517471,0.2185596227645874,,,12.0,0.2564709782600403,1.531266450881958,292.33984375,1.6848825216293335,250.3748016357422,218.95083618164065,0.0220182482153177,3.9991536140441895,200.0,0.2101774662733078,0.134833333392938
20190426.0,0.2839246392250061,0.2246037870645523,,,,0.1755636930465698,0.1968749016523361,,,,,,,,,,,,
20190427.0,0.2539618611335754,0.2235640585422516,0.1750261932611465,0.1433385908603668,0.1373296231031417,,,12.0,0.2564709782600403,1.531266450881958,295.02545166015625,1.6651694774627686,267.9154052734375,242.4505920410156,0.9884017109870912,4.078500747680664,200.0,0.1433117538690567,0.121958333998919
20190428.0,0.2419816851615905,0.2126286923885345,0.1661896854639053,0.1550466418266296,0.1426881253719329,,0.1173131540417671,12.0,0.2564709782600403,1.531266450881958,295.3003234863281,1.6550416946411133,267.8840026855469,246.1763153076172,0.0017245289636775,3.815641164779663,200.0,0.1442026942968368,0.115000000223517
20190429.0,0.2195814698934555,0.2028817236423492,,,,0.0879153981804847,0.1025727093219757,,,,,,,,,,,,
20190430.0,0.3028970658779144,0.2133712023496627,0.1527683734893798,0.1445597410202026,0.1363767236471176,,,12.0,0.2564709782600403,1.531266450881958,295.5190124511719,1.6348272562026978,269.9527587890625,245.67214965820312,13.054583549499512,3.3815019130706787,200.0,0.1273860037326812,0.0993333350246151
20190501.0,0.3387115895748138,0.2438859194517135,,,,0.2014003992080688,0.2173833400011062,,,,,,,,,,,,
20190502.0,0.3484696745872497,,,,,,,,,,,,,,,,,,
20190503.0,0.3427911400794983,0.2762377262115478,0.2888719439506531,0.231370210647583,0.2328213304281234,,,12.0,0.2564709782600403,1.531266450881958,292.8711242675781,1.6046093702316284,248.64743041992188,213.348861694336,14.30501937866211,2.2477498054504395,200.0,0.1935288906097412,0.173208331689239
20190504.0,0.3622831106185913,0.2923946678638458,,,,0.1846061497926712,0.2013306021690368,,,,,,,,,,,,
20190505.0,0.3287130892276764,0.2651610672473907,,,,,,,,,,,,,,,,,
20190506.0,0.3277770578861236,0.2560003399848938,0.2374154329299926,0.1922275424003601,0.1887108385562896,0.1453401446342468,0.1752372831106186,12.0,0.2564709782600403,1.531266450881958,296.53033447265625,1.5744937658309937,258.0625915527344,227.16897583007807,2.025798320770264,4.461683750152588,200.0,0.1857338398694992,0.151499999687076
20190507.0,0.2970925569534302,0.2356861233711242,,,,,0.0851466432213783,,,,,,,,,,,,
20190508.0,0.3231231868267059,0.207350805401802,0.2915718257427215,0.2685868442058563,0.2683365643024444,,,12.0,0.2564709782600403,1.531266450881958,296.445556640625,1.554193139076233,243.2912750244141,207.82470703125,5.446113109588623,5.315317630767822,200.0,0.2262261658906936,0.129041666475435
20190509.0,0.2967506945133209,0.2497520595788955,,,,0.1689441949129104,0.1818292737007141,,,,,,,,,,,,
20190510.0,0.2816402912139892,0.2381965965032577,,,,,,,,,,,,,,,,,
20190512.0,0.308620810508728,,,,,,0.3570970892906189,,,,,,,,,,,,
20190513.0,0.2782477438449859,0.2415573447942733,0.2411818951368332,0.2054707705974578,0.2020488381385803,,,12.0,0.2564709782600403,1.531266450881958,294.12646484375,1.520835041999817,252.19216918945312,220.5627899169922,0.0375582091510295,3.916743516921997,200.0,0.2047823369503021,0.213208331416051
20190514.0,0.2519589364528656,0.2210412919521331,0.1813960373401641,0.1611594706773758,0.1604118794202804,0.1824051439762115,0.2100283801555633,12.0,0.2564709782600403,1.531266450881958,295.65338134765625,1.514919400215149,262.1300048828125,231.2935028076172,0.0401612967252731,4.000537872314453,200.0,0.1741248369216919,0.199666665866971
20190515.0,0.2285968661308288,0.2177553623914718,,,,,,,,,,,,,,,,,
20190516.0,0.2074989378452301,0.1978038251399994,0.1306473612785339,0.120475985109806,0.1147083267569542,,0.1141697466373443,12.0,0.2564709782600403,1.531266450881958,298.3099060058594,1.5031030178070068,274.1342468261719,249.5643920898437,0.0008934765937738,3.629241704940796,200.0,0.1358349919319152,0.173583332449198
20190517.0,0.1933003813028335,0.1977984458208084,,,,0.0852729678153991,0.0844141989946365,,,,,,,,,,,,
20190518.0,0.2965822517871856,0.2049464732408523,,,,,,,,,,,,,,,,,
20190519.0,0.3148888349533081,0.2226958721876144,,,,0.1839703321456909,0.1951963901519775,,,,,,,,,,,,
20190520.0,0.2863028943538666,0.2209378033876419,,,,,,,,,,,,,,,,,
20190521.0,0.3445955216884613,,0.3553878962993622,0.3769148290157318,0.3698453307151794,,,12.0,0.2564709782600403,1.531266450881958,295.9962158203125,1.4736473560333252,223.42532348632807,189.4209899902344,18.592304229736328,6.172508716583252,200.0,0.2758741974830627,0.289826086033945
20190522.0,0.3186823427677154,0.261233240365982,0.286553293466568,0.289553701877594,0.2759139537811279,0.2476973384618759,0.2628864347934723,12.0,0.2564709782600403,1.531266450881958,295.1083374023437,1.4677011966705322,238.38677978515625,200.4735870361328,0.7376993894577026,4.801698207855225,200.0,0.2549018561840057,0.258874998117487
20190523.0,0.2950087189674377,0.2557898759841919,,,,,,,,,,,,,,,,,
20190524.0,0.3179255127906799,0.2451977133750915,0.2257277518510818,0.2097328603267669,0.2074306458234787,0.1942888051271438,0.2421948909759521,12.0,0.2564709782600403,1.531266450881958,298.6532287597656,1.4549882411956787,255.7167358398437,221.99664306640625,18.27767562866211,3.024786710739136,200.0,0.177539587020874,0.219083332146207
20190525.0,0.3537051677703857,0.2308698296546936,,,,,0.123538926243782,,,,,,,,,,,,
20190526.0,0.3263046741485595,0.2265343219041824,,,,,,,,,,,,,,,,,
20190527.0,0.2980005145072937,0.2050220817327499,0.1831847131252288,0.1723590642213821,0.1612953543663025,0.1430921256542205,0.1546983271837234,12.0,0.2564709782600403,1.531266450881958,299.54412841796875,1.4644709825515747,265.874755859375,238.0507049560547,0.0313694737851619,4.607416152954102,200.0,0.1698850095272064,0.183916666234533
20190528.0,0.2697016894817352,0.209568366408348,,,,,,,,,,,,,,,,,
20190529.0,0.3036097586154938,0.1844572573900222,0.2538415491580963,0.2359949350357055,0.218490794301033,,0.412945955991745,12.0,0.2564709782600403,1.531266450881958,296.1606140136719,1.477961778640747,253.9535522460937,223.739501953125,29.01142311096192,3.1404802799224854,200.0,0.1680539399385452,0.167458332454165
20190530.0,0.3570285141468048,0.2390388697385788,0.2387267649173736,0.212900161743164,0.2104291021823883,,0.2433545887470245,12.0,0.2564709782600403,1.531266450881958,295.6356201171875,1.4849265813827517,252.9164581298828,219.5027313232422,0.0021439171396195,4.803757667541504,200.0,0.2103857994079589,0.197869563880174
20190531.0,0.339670181274414,0.215959146618843,,,,,,,,,,,,,,,,,
20190601.0,0.3278487920761108,0.2287280261516571,0.2183278501033783,0.1768666803836822,0.1724849194288253,0.1563587188720703,0.17380291223526,12.0,0.2564709782600403,1.531266450881958,299.293212890625,1.4988770484924316,262.62860107421875,231.19143676757807,10.547971725463867,3.4785640239715576,200.0,0.1701229512691497,0.204913043457529
20190602.0,0.4077938199043274,0.2233304232358932,,,,,,,,,,,,,,,,,
20190603.0,0.391574889421463,0.2589966356754303,,,,,0.3562730848789215,,,,,,,,,,,,
20190604.0,0.3622726500034332,0.2890169620513916,0.3202607035636902,0.3040696978569031,0.2927757203578949,0.2553332448005676,0.2633137106895447,12.0,0.2564709782600403,1.531266450881958,297.8866882324219,1.5198540687561035,238.79937744140625,201.9473571777344,0.0,3.719037532806397,200.0,0.2819603979587555,0.263874998937051
20190605.0,0.338481068611145,0.2839816212654114,,,,,,,,,,,,,,,,,
20190606.0,0.3354120254516601,0.2730609476566314,0.31459841132164,0.2909176349639892,0.286809891462326,0.2428387850522995,0.2798852622509002,12.0,0.2564709782600403,1.531266450881958,298.5433959960937,1.5338729619979858,239.43621826171875,205.09385681152344,1.994596004486084,4.235115051269531,200.0,0.270874410867691,0.225208335866531
20190607.0,0.3193631172180176,0.2656853795051574,0.2839739620685577,0.2401316910982132,0.2365183532238006,,,12.0,0.2564709782600403,1.531266450881958,297.4845275878906,1.541027545928955,249.1822662353516,215.83477783203125,0.0009546078508719,4.553423404693604,200.0,0.2312577217817306,0.213541665424903
20190608.0,0.2920545935630798,0.2395109981298446,,,,,,,,,,,,,,,,,
20190609.0,0.2654627561569214,0.210973858833313,0.2069764584302902,0.1815850883722305,0.1721503883600235,0.1441677957773208,0.1635181754827499,12.0,0.2564709782600403,1.531266450881958,300.8817749023437,1.556976556777954,264.99609375,235.5884552001953,0.6627299785614014,4.05991268157959,200.0,0.1909456253051757,0.184875000889103
20190610.0,0.26045623421669,0.2147990763187408,,,,,,,,,,,,,,,,,
20190611.0,0.2439821809530258,0.1950783729553222,,,,0.1028718650341034,0.1226233690977096,,,,,,,,,,,,
20190612.0,0.2254917919635772,0.2107376605272293,0.2571834027767181,0.264657974243164,0.2313494384288787,,,12.0,0.2564709782600403,1.531266450881958,297.7676696777344,1.525712490081787,250.40835571289065,222.83807373046875,0.0687172561883926,3.90385627746582,200.0,0.2233678549528122,0.140000000596046
20190613.0,0.2098886668682098,0.2260634452104568,,,,,,,,,,,,,,,,,
20190614.0,0.1930758953094482,0.2013727724552154,0.1687185168266296,0.1645513623952865,0.1535110473632812,0.1018311828374862,0.119968257844448,12.0,0.2564709782600403,1.531266450881958,300.321044921875,1.4912188053131104,267.4227600097656,240.836669921875,0.0008523463620804,4.346648216247559,200.0,0.1711250990629196,0.126458334115644
20190615.0,0.1775031238794326,0.192338764667511,0.1362159550189972,0.1469536572694778,0.1346906572580337,,,12.0,0.2564709782600403,1.531266450881958,303.8335266113281,1.4736346006393433,273.0482788085937,250.5854034423828,0.2683769464492798,4.354681968688965,200.0,0.1736147403717041,0.10858333359162
20190616.0,0.1688140332698822,,,,,,0.3710135221481323,,,,,,,,,,,,
20190617.0,0.1633195281028747,0.2364230751991272,0.2351453155279159,0.2276697605848312,0.2160930186510086,,0.2057252675294876,12.0,0.2564709782600403,1.531266450881958,301.2530212402344,1.438597321510315,254.61114501953125,223.701171875,0.0399425439536571,3.426170110702514,200.0,0.2276269942522049,0.234208334237337
20190618.0,0.1955213397741317,0.1858709901571273,,,,,,,,,,,,,,,,,
20190619.0,0.2528014779090881,0.2462362647056579,,,,0.2124929577112198,0.2313303053379058,,,,,,,,,,,,
20190723.0,0.1317670345306396,0.1465809494256973,,,,,0.0321054719388484,,,,,,,,,,,,
20190724.0,0.1311132609844207,0.1262878775596618,0.0537501126527786,0.0706606730818748,0.072304293513298,,,12.0,0.2564709782600403,1.531266450881958,303.99835205078125,1.0870832204818726,286.5776062011719,270.3515930175781,0.0004413947463035,1.0308572053909302,200.0,0.067100815474987,0.0444583330924312
20190725.0,0.1306190937757492,0.1360136866569519,0.0485236570239067,0.0659244656562805,0.0679341927170753,0.0414466001093387,0.0455030985176563,12.0,0.2564709782600403,1.531266450881958,304.1480712890625,1.0819272994995115,286.8951721191406,270.8344116210937,0.0012755393981933,0.8916464447975159,200.0,0.0639915540814399,0.0458750003017485
20190726.0,0.1303812712430954,0.1329023391008377,,,,,,,,,,,,,,,,,
20190727.0,0.1302269101142883,0.1306494772434234,0.0488294921815395,0.0615187399089336,0.0597290731966495,,0.040559098124504,12.0,0.2564709782600403,1.531266450881958,305.7545471191406,1.0716532468795776,288.53076171875,270.62457275390625,0.001712602796033,0.894422709941864,200.0,0.0634253248572349,0.0438333335332572
20190728.0,0.1301430165767669,0.129736453294754,,,,,0.0294198431074619,,,,,,,,,,,,
20190729.0,0.1316447108983993,0.1334864497184753,,,,,,,,,,,,,,,,,
20190730.0,0.1432949602603912,0.1454598754644394,0.1135896816849708,,,0.149353340268135,0.1873226165771484,,,,,,,,,,,,
20190731.0,0.1374645680189132,0.1553962379693985,,,,,,,,,,,,,,,,,
20190801.0,0.1339222639799118,0.1412931680679321,0.0634446516633033,0.1013609766960144,0.1003725677728653,,,12.0,0.2564709782600403,1.531266450881958,309.32403564453125,1.0444121360778809,285.2470092773437,269.7162170410156,0.0027157713193446,1.059135675430298,200.0,0.0892947763204574,0.0563749995393058
20190802.0,0.1319684088230133,0.1394145339727401,0.0611377134919166,0.0882271826267242,0.0867065489292144,0.0411349907517433,0.0412610247731208,12.0,0.2564709782600403,1.531266450881958,309.6966857910156,1.0389083623886108,287.6152038574219,269.7494506835937,0.0008583068847656,0.9244055151939392,200.0,0.0791135281324386,0.0508749997243285
20190803.0,0.1313247382640838,0.1319551020860672,,,,,,,,,,,,,,,,,
20190804.0,0.1317901164293289,0.1377665400505066,0.0538925901055336,0.0695877447724342,0.0670759454369545,0.0390367098152637,0.0419934689998626,12.0,0.2564709782600403,1.531266450881958,307.2340087890625,1.0279152393341064,290.7720642089844,271.94012451171875,0.1697347462177276,0.7373293042182922,200.0,0.058362890034914,0.0494999997317791
20190805.0,0.1314999163150787,0.1402106434106826,,,,,,,,,,,,,,,,,
20190806.0,0.1307484209537506,0.1318524479866027,,,,,,,,,,,,,,,,,
20190807.0,0.1304474025964737,0.1365765929222107,0.052481573075056,0.0703585222363472,0.0691082030534744,0.0546598546206951,0.0521256141364574,12.0,0.2564709782600403,1.531266450881958,310.9627685546875,1.0114622116088867,291.01934814453125,272.91998291015625,0.0801029875874519,0.8190401196479797,200.0,0.0662515610456466,0.0484583335928619
20190808.0,0.1306682378053665,0.137531504034996,,,,,,,,,,,,,,,,,
20190809.0,0.1305302530527115,0.1265714913606643,0.0511222258210182,0.0766296610236167,0.0775623619556427,0.0342015959322452,0.040498062968254,12.0,0.2564709782600403,1.531266450881958,310.6449279785156,1.0005180835723877,290.6073303222656,273.8946838378906,0.0869143307209014,0.732188880443573,200.0,0.0649977922439575,0.0455833330440025
20190810.0,0.1306621730327606,0.130039095878601,0.0491974912583828,0.0736869648098945,0.0748534351587295,,0.0336924344301223,12.0,0.2564709782600403,1.531266450881958,310.38482666015625,0.9950081706047058,291.0999755859375,274.4407043457031,0.0012958158040419,0.7065860033035278,200.0,0.0629821941256523,0.0465652179782805
20190811.0,0.1302990019321441,0.1215203553438186,,,,,,,,,,,,,,,,,
20190812.0,0.130119189620018,0.1247701421380043,0.0494538694620132,0.0791499093174934,0.0813359171152114,0.0483892932534217,0.0520645789802074,12.0,0.2564709782600403,1.531266450881958,310.31591796875,0.983463168144226,290.2449951171875,274.3758239746094,0.0008583068847656,0.6476067304611206,200.0,0.0641091912984848,0.0437083334351579
20190813.0,0.1315846890211105,0.1260603964328766,,,,,,,,,,,,,,,,,
20190814.0,0.1334859877824783,0.1281154751777649,,,,,0.0336313992738723,,,,,,,,,,,,
20190815.0,0.13196362555027,0.1276702731847763,0.0465034916996955,0.0814017578959465,0.0839983075857162,,0.0337534733116626,12.0,0.2564709782600403,1.531266450881958,308.9577941894531,0.9846071004867554,289.17791748046875,273.7030029296875,0.1647924780845642,0.660559892654419,200.0,0.0666671842336654,0.0452500001216928
20190816.0,0.132223978638649,0.1252132058143615,,,,,,,,,,,,,,,,,
20190817.0,0.1313089430332183,0.1229292377829551,0.049522403627634,0.0751269087195396,0.0792497619986534,0.0608882531523704,0.0702230930328369,12.0,0.2564709782600403,1.531266450881958,310.104736328125,0.989990532398224,290.6322021484375,275.7331848144531,0.0374181978404521,0.5858745574951172,200.0,0.0614289715886116,0.0434285716286727
20190818.0,0.1313732713460922,0.1780490726232528,0.1239006593823432,0.1403496712446212,0.1296336650848388,,,12.0,0.2564709782600403,1.531266450881958,310.536376953125,0.992819368839264,281.57501220703125,261.52520751953125,0.93280827999115,0.689872682094574,200.0,0.0911108255386352,0.045761905078377
20190819.0,0.138020783662796,0.1367064863443374,,,,,,,,,,,,,,,,,
20190820.0,0.1400351524353027,0.124622955918312,0.052310723811388,0.080773040652275,0.0817562043666839,0.0441374480724334,0.0390636920928955,12.0,0.2564709782600403,1.531266450881958,310.0796203613281,0.9984809160232544,291.0003662109375,274.4242858886719,0.0152040505781769,0.9184622764587402,200.0,0.0639932006597518,0.0457500000484288
20190821.0,0.1354716569185257,0.1224726513028144,,,,,,,,,,,,,,,,,
20190822.0,0.1329891085624694,0.1173241585493087,,,,0.0421308875083923,0.0426953956484794,,,,,,,,,,,,
20190823.0,0.1382450014352798,0.1610294878482818,0.0915255397558212,0.1569616198539734,0.1421318799257278,,,12.0,0.2564709782600403,1.531266450881958,307.4713439941406,1.0069830417633057,278.60791015625,258.43798828125,5.837227821350098,0.9155324697494508,200.0,0.0867971926927566,0.0453333334686855
20190824.0,0.2004854381084442,0.1526010930538177,,,,,,,,,,,,,,,,,
20190825.0,0.177013024687767,0.1484478563070297,0.0576914362609386,0.1074379831552505,0.106191411614418,0.067663624882698,0.076998196542263,12.0,0.2564709782600403,1.531266450881958,305.8232116699219,1.012657642364502,285.5848693847656,270.35467529296875,0.0017174984095618,1.7265323400497437,200.0,0.0808794274926185,0.0462916671919326
20190826.0,0.1575373411178589,0.1414793878793716,0.0497629344463348,0.0809647366404533,0.080188363790512,,,12.0,0.2564709782600403,1.531266450881958,308.5393371582031,1.0155439376831057,290.32183837890625,272.67205810546875,0.0008697168668732,1.275071620941162,200.0,0.0695736035704612,0.045043478841367
20190827.0,0.1625524461269378,0.1297137588262558,,,,0.0358697213232517,0.0325022116303443,,,,,,,,,,,,
20190829.0,0.2890110313892364,0.1437973529100418,,,,,,,,,,,,,,,,,
20190830.0,0.2345314770936966,0.1773228049278259,,,,0.1692984402179718,0.2061525285243988,,,,,,,,,,,,
20190831.0,0.2234807163476944,0.1700191646814346,0.0963616222143173,0.1406861692667007,0.1306419223546981,,,12.0,0.2564709782600403,1.531266450881958,302.94610595703125,1.0121822357177734,278.5462646484375,257.0492553710937,0.1365111768245697,2.654224634170532,200.0,0.1113853827118873,0.0444545452906327
20190901.0,0.2067867666482925,0.1525087207555771,,,,,0.1253395229578018,,,,,,,,,,,,
20190902.0,0.1865369230508804,0.1543715596199035,0.0686089321970939,0.1062466278672218,0.1018311753869056,,0.1176793724298477,12.0,0.2564709782600403,1.531266450881958,304.55645751953125,1.0009255409240725,284.70086669921875,263.24053955078125,0.0008523463620804,2.26098895072937,200.0,0.0901142507791519,0.0448260866105556
20190903.0,0.1663241684436798,0.1433939486742019,0.0579159669578075,0.1008144840598106,0.0979004576802253,,,12.0,0.2564709782600403,1.531266450881958,304.8289794921875,0.9951647520065308,285.0477905273437,267.1669921875,0.0,1.8541985750198364,200.0,0.0815271437168121,0.044749999884516
20190904.0,0.1531859785318374,0.1366534829139709,,,,0.0768678113818168,0.0847498998045921,,,,,,,,,,,,
20190905.0,0.1462945938110351,0.1287854015827179,0.0462646000087261,0.0780306309461593,0.0774753838777542,,,12.0,0.2564709782600403,1.531266450881958,304.4657287597656,0.9836595058441162,287.9527282714844,270.4383850097656,0.0008594741229899,1.0127005577087402,200.0,0.0610448308289051,0.0433750002024074
20190906.0,0.1410596817731857,0.1296369135379791,,,,,,,,,,,,,,,,,
20190907.0,0.1368940323591232,0.1301449388265609,,,,0.0397949554026126,0.0379039905965328,,,,,,,,,,,,
20190908.0,0.1342837810516357,0.1285073906183242,0.0414652712643146,0.0637610927224159,0.0617621093988418,,,12.0,0.2564709782600403,1.531266450881958,306.4192810058594,0.9664424657821656,290.92889404296875,272.893798828125,0.0008583068847656,0.6158657073974609,200.0,0.0520261451601982,0.0422083330340683
20190909.0,0.1327392607927322,0.1289858818054199,,,,0.0528091341257095,0.0520035400986671,,,,,,,,,,,,
20190910.0,0.1320503056049347,0.1315814852714538,0.0489165894687175,0.0790791437029838,0.0773359835147857,,,12.0,0.2564709782600403,1.531266450881958,305.6517944335937,0.9549917578697203,289.0306396484375,270.7691345214844,0.0030460699927061,0.3977486491203308,200.0,0.052555613219738,0.0419565215706825
20190911.0,0.1318022608757019,0.131954550743103,0.0494813621044158,0.0732857063412666,0.0731513276696205,,,12.0,0.2564709782600403,1.531266450881958,304.36004638671875,0.9491414427757264,289.2784423828125,272.0486145019531,0.3852249681949615,0.4635299444198608,200.0,0.0485535375773906,0.0409130431387735
20190912.0,0.133397564291954,0.1340237557888031,,,,0.052781406790018,0.0558793917298316,,,,,,,,,,,,
20190913.0,0.1452517509460449,0.1376004666090011,0.1456948369741439,0.1815345138311386,0.1634870022535324,,,12.0,0.2564709782600403,1.531266450881958,304.29217529296875,0.9358646869659424,271.94171142578125,248.5103759765625,2.338172197341919,1.268624186515808,200.0,0.0988739728927612,0.0442500004234413
20190914.0,0.1497958302497863,0.1857440173625946,,,,0.1038415357470512,0.1335184723138809,,,,,,,,,,,,
20190915.0,0.1440156698226928,0.1624782681465149,,,,,0.0665913894772529,,,,,,,,,,,,
20190916.0,0.1395450979471206,0.1445974111557006,0.0670405402779579,0.0844161286950111,0.0824863240122795,,,12.0,0.2564709782600403,1.531266450881958,305.15008544921875,0.9704653024673462,286.7574768066406,268.51727294921875,0.0334882214665412,0.5253336429595947,200.0,0.0596799440681934,0.0484782609602679
20190917.0,0.1366038918495178,0.1455698907375335,,,,0.0550831221044063,0.062990203499794,,,,,,,,,,,,
20190918.0,0.1343986988067627,0.1402316987514495,0.0567725524306297,,,,,,,,,,,,,,,,
20190919.0,0.132881760597229,0.1390221267938614,0.0519552342593669,0.0837831571698188,0.0823152661323547,,0.0597247220575809,12.0,0.2564709782600403,1.531266450881958,305.5948791503906,1.0263667106628418,287.5790710449219,269.6242370605469,0.0051573612727224,0.2974189519882202,200.0,0.0598103180527687,0.0454347825244717
20190920.0,0.1379853188991546,0.1284411549568176,,,,,0.14108707010746,,,,,,,,,,,,
20190921.0,0.1815496087074279,0.253047376871109,0.2456703633069992,0.2838406562805176,0.2731926739215851,,,12.0,0.2564709782600403,1.531266450881958,303.5666809082031,1.0644611120224,250.09576416015625,218.7294769287109,0.0445009432733058,1.2488058805465698,200.0,0.1832102537155151,0.271304345649222
20190922.0,0.1807774901390075,0.2325780689716339,,,,0.2844545245170593,0.3225196003913879,,,,,,,,,,,,
20190923.0,0.2081004530191421,0.228865697979927,,,,,,,,,,,,,,,,,
20190924.0,0.2989345490932464,0.2297232002019882,0.2995355129241943,0.3211653530597687,0.3276711106300354,,0.2782982885837555,12.0,0.2564709782600403,1.531266450881958,300.7166748046875,1.1220420598983765,238.696533203125,204.7496032714844,11.380589485168455,3.3217012882232666,200.0,0.2057665586471557,0.271083333219091
20190925.0,0.2760507762432098,0.2559017837047577,,,,0.2491248697042465,0.2602618634700775,,,,,,,,,,,,
20190926.0,0.2311127185821533,0.2219021916389465,0.2254101037979126,,,,,,,,,,,,,,,,
20190927.0,0.1989758461713791,0.2098020911216735,0.1940041184425354,0.1846713423728943,0.1775811314582824,0.1729550063610077,0.1745353490114212,12.0,0.2564709782600403,1.531266450881958,303.7880249023437,1.180367946624756,268.0625305175781,239.0132598876953,0.0016212281771004,2.184077024459839,200.0,0.1542945802211761,0.184333333124717
20190928.0,0.1767436116933822,0.1907089352607727,,,,,,,,,,,,,,,,,
20190929.0,0.1639766693115234,0.1727916002273559,0.1403366327285766,0.1408950835466385,0.1318726390600204,,,12.0,0.2564709782600403,1.531266450881958,303.3839111328125,1.2224664688110352,278.0560913085937,254.83157348632807,0.1991037130355835,1.0380033254623413,200.0,0.1070510372519493,0.139875000342727
20190930.0,0.1570668369531631,0.1677678674459457,,,,0.1060644760727882,0.1334879547357559,,,,,,,,,,,,
20191001.0,0.1521904021501541,0.1642496734857559,,,,,,,,,,,,,,,,,
20191002.0,0.1472127884626388,0.1653461009263992,0.1024572178721427,0.1128277033567428,0.1078719571232795,0.0835983604192733,0.1033356711268425,12.0,0.2564709782600403,1.531266450881958,304.2811584472656,1.1961326599121094,282.7510986328125,263.0671691894531,0.0023473759647458,0.7161664366722107,200.0,0.0888150110840797,0.0979583341007431
20191003.0,0.1432530730962753,0.1576083302497863,,,,,0.0676900520920753,,,,,,,,,,,,
20191004.0,0.1439615935087204,0.1468963772058487,0.0810609012842178,,,,,,,,,,,,,,,,
20191005.0,0.1410257071256637,0.1542260646820068,0.0781380459666252,0.1045701503753662,0.1010558456182479,0.0722250193357467,0.0926541984081268,12.0,0.2564709782600403,1.531266450881958,301.9521179199219,1.1359161138534546,282.1342163085937,263.4266357421875,0.0008546130848117,0.543769896030426,200.0,0.0761720314621925,0.0790000005314748
20191006.0,0.1381592452526092,0.1504443883895874,,,,,,,,,,,,,,,,,
20191007.0,0.1362311691045761,0.1329367011785507,0.0697461068630218,0.1054255068302154,0.10235445946455,,0.0715964213013649,12.0,0.2564709782600403,1.531266450881958,294.5639343261719,1.095225811004639,279.868408203125,262.1539306640625,0.0,0.3263643682003021,200.0,0.0517154037952423,0.0642500004420678
20191008.0,0.1349774599075317,0.131510242819786,,,,,0.0609149448573589,,,,,,,,,,,,
20191009.0,0.1347504258155822,0.1387056410312652,,,,,,,,,,,,,,,,,
20191010.0,0.1342149823904037,0.1556354761123657,0.0768952146172523,0.0886863097548484,0.0886997431516647,0.0724105909466743,0.0903347879648208,12.0,0.2564709782600403,1.531266450881958,302.07403564453125,1.0346802473068235,283.1331787109375,266.68817138671875,0.0265415422618389,0.2722868919372558,200.0,0.0642709583044052,0.0617826090234777
20191011.0,0.133489578962326,0.134337916970253,,,,,,,,,,,,,,,,,
20191012.0,0.1331202685832977,,0.0529000014066696,,,,0.0474562831223011,,,,,,,,,,,,
20191013.0,0.1326460391283035,0.130961075425148,0.0569675862789154,0.0741664469242096,0.0727500170469284,0.0454041212797164,0.0459913946688175,12.0,0.2564709782600403,1.531266450881958,292.6674194335937,0.9746934175491332,278.554931640625,261.1669311523437,0.0,0.2186705321073532,200.0,0.0470126084983348,0.0503913042661936
20191014.0,0.1321227699518203,0.1440906822681427,,,,,,,,,,,,,,,,,
20191015.0,0.1317508965730667,0.147826611995697,0.0713456496596336,0.090879313647747,0.0910548120737075,0.0644930005073547,0.0670491680502891,12.0,0.2564709782600403,1.531266450881958,299.8380126953125,0.9346382021903992,280.40252685546875,264.33135986328125,0.0,0.1843230873346328,200.0,0.0619605295360088,0.0530833330315848
20191016.0,0.1314496248960495,0.1273576468229293,,,,,,,,,,,,,,,,,
20191017.0,0.1312697827816009,0.1210002824664115,,,,,,,,,,,,,,,,,
20191018.0,0.1310979276895523,0.1314442008733749,0.0577968657016754,0.0829397961497306,0.0849412530660629,0.058392234146595,0.0646992400288581,12.0,0.2564709782600403,1.531266450881958,295.12078857421875,0.886963963508606,278.4991760253906,263.166259765625,0.000435113790445,0.135173961520195,200.0,0.0478425920009613,0.0501739130071972
20191019.0,0.132876768708229,0.1611364334821701,,,,,,,,,,,,,,,,,
20191020.0,0.132539227604866,0.142918661236763,0.0883542224764823,,,0.0488961972296237,0.0491042807698249,,,,,,,,,,,,
20191021.0,0.1319434493780136,0.1206366270780563,0.0569294430315494,0.0952697396278381,0.0954536125063896,,0.0537736155092716,12.0,0.2564709782600403,1.531266450881958,294.4342346191406,0.8442018032073975,277.44793701171875,261.9962463378906,0.0,0.1569322794675827,200.0,0.0494790151715278,0.0508260867841866
20191022.0,0.1315838694572448,0.11627709120512,,,,,,,,,,,,,,,,,
20191023.0,0.1313456296920776,0.1234248653054237,0.056270532310009,0.0859241262078285,0.0893430784344673,0.0556573122739791,0.0667745023965835,12.0,0.2564709782600403,1.531266450881958,293.40380859375,0.8159828186035156,276.6138000488281,262.4508361816406,0.0008523463038727,0.1166786924004554,200.0,0.0486043207347393,0.0484166665313145
20191024.0,0.157737523317337,0.1315865218639373,,,,,,,,,,,,,,,,,
20191025.0,0.204025536775589,,,,,,0.1301309317350387,,,,,,,,,,,,
20191027.0,0.1843697130680084,0.132645383477211,,,,,,,,,,,,,,,,,
20191028.0,0.1750174462795257,0.1312334239482879,,,,0.0595761388540267,0.0631733164191246,,,,,,,,,,,,
20191029.0,0.171948105096817,0.1394608467817306,0.0538351014256477,0.0779221057891845,0.0771263167262077,,,12.0,0.2564709782600403,1.531266450881958,279.7184753417969,0.7320905327796936,272.72052001953125,255.924072265625,0.686711311340332,0.38542440533638,200.0,0.0604273565113544,0.0455416673794389
20191030.0,0.1848114877939224,0.1750300973653793,,,,,0.0687276870012283,,,,,,,,,,,,
20191102.0,0.1709261834621429,0.1394980996847152,,,,0.0578939206898212,0.062990203499794,,,,,,,,,,,,
20191103.0,0.1654286980628967,,0.0564749240875244,0.0742056965827941,0.0719360932707786,,,12.0,0.2564709782600403,1.531266450881958,285.3172302246094,0.687027096748352,271.822265625,254.26271057128903,0.0,0.4344469904899597,200.0,0.0656009912490844,0.0468695657732694
20191104.0,0.1597561538219452,0.139178916811943,,,,,,,,,,,,,,,,,
20191105.0,0.1553469598293304,0.1331946849822998,,,,0.0546629317104816,0.056855984032154,,,,,,,,,,,,
20191106.0,0.1548327505588531,0.1410687863826751,0.062123704701662,0.0772264823317527,0.0742316767573356,,,12.0,0.2564709782600403,1.531266450881958,288.5145263671875,0.6805559396743774,274.8475952148437,256.52734375,1.2167915105819702,0.4179244339466095,200.0,0.0614260323345661,0.0495652172552503
20191107.0,0.3276420533657074,0.2257575094699859,,,,0.2730775475502014,0.3117465674877167,,,,,,,,,,,,
20191108.0,0.3353519737720489,0.2793161273002624,0.2822255790233612,0.2972479164600372,0.2983713448047638,,0.1955015659332275,12.0,0.2564709782600403,1.531266450881958,280.6400146484375,0.6765007376670837,228.88314819335932,194.246322631836,0.0014476986834779,0.775165319442749,200.0,0.2267531603574752,0.229500000054638
20191109.0,0.3021358549594879,0.2420002818107605,,,,,,,,,,,,,,,,,
20191110.0,0.2796965837478637,,,,,0.2303264439105987,0.2475051134824752,,,,,,,,,,,,
20191114.0,0.237894058227539,,0.1993937343358993,0.1875594556331634,0.1812382042407989,,,12.0,0.2564709782600403,1.531266450881958,280.0464782714844,0.6643407940864563,248.61703491210932,219.83279418945312,0.001710653072223,0.8246639370918274,200.0,0.153851568698883,0.175157895997951
20191116.0,0.2227530479431152,,0.1923534572124481,0.1823241859674453,0.1711083501577377,,,12.0,0.2564709782600403,1.531266450881958,283.22186279296875,0.6601262092590332,251.91802978515625,225.2742919921875,0.0008523463038727,0.9194383025169371,200.0,0.1476185768842697,0.165250001475215
20191117.0,0.2148989588022232,0.1810010075569152,,,,,0.1881160885095596,,,,,,,,,,,,
20191118.0,0.2076204568147659,0.182041734457016,,,,0.1392445862293243,0.1414532959461212,,,,,,,,,,,,
20191119.0,0.2007923871278762,0.1732651591300964,0.1561287939548492,0.1598245054483413,0.147001177072525,,,12.0,0.2564709782600403,1.531266450881958,286.1720275878906,0.6588190197944641,259.0483093261719,235.79591369628903,0.0,1.0384451150894165,200.0,0.1339212656021118,0.152374999597669
20191120.0,0.2039956599473953,0.1733186841011047,,,,0.1420756131410598,0.1603747606277465,,,,,,,,,,,,
20191124.0,0.2876566648483276,,0.2052741795778274,0.2090700566768646,0.2056476175785064,,,12.0,0.2564709782600403,1.531266450881958,281.5513916015625,0.6598867177963257,245.9060516357422,215.1368560791016,0.0008480990654788,1.3116114139556885,200.0,0.1676940023899078,0.173041667168339
20191125.0,0.2678770124912262,0.1875026077032089,,,,0.1743372082710266,0.1994384527206421,,,,,,,,,,,,
20191126.0,0.2525282800197601,0.1847034394741058,,,,,,,,,,,,,,,,,
20191127.0,0.2375638335943222,0.1623819768428802,0.1628770381212234,0.1611229926347732,0.1571802049875259,,,12.0,0.2564709782600403,1.531266450881958,280.8882141113281,0.6605715751647949,256.54315185546875,227.7283477783203,0.0156649369746446,0.7784432768821716,200.0,0.1259097754955291,0.155999999493361
20191128.0,0.332257866859436,,,,,0.2998599112033844,0.3185521960258484,,,,,,,,,,,,
20191129.0,0.3475758731365204,0.2566084861755371,0.273540735244751,,,,,,,,,,,,,,,,
20191130.0,0.3319176435470581,0.267225831747055,0.2635997533798218,0.2616868913173675,0.2456769496202469,,0.3981750011444092,12.0,0.2564709782600403,1.531266450881958,286.06744384765625,0.6611875295639038,239.00408935546875,209.2293701171875,0.0356350243091583,1.5228739976882937,200.0,0.2065055817365646,0.231541665891806
20191201.0,0.3039674162864685,0.2048057317733764,,,,,0.2311166673898697,,,,,,,,,,,,
20191203.0,0.2766880691051483,0.1874046176671981,,,,0.2031022906303405,0.2293466031551361,,,,,,,,,,,,
20191204.0,0.2667535841464996,0.1851571053266525,,,,,,,,,,,,,,,,,
20191205.0,0.260885089635849,0.1736235618591308,0.2014633119106292,0.1820601224899292,0.1783633232116699,,0.1699270606040954,12.0,0.2564709782600403,1.531266450881958,285.8255615234375,0.688218355178833,250.85546875,220.6556701660156,0.026939695701003,1.4013426303863523,200.0,0.1617957949638366,0.188083332652847
20191206.0,0.2493900954723358,0.1790110468864441,,,,0.1744499653577804,0.1947691291570663,,,,,,,,,,,,
20191207.0,0.2430836707353592,,0.169961079955101,,,,,,,,,,,,,,,,
20191208.0,0.2366604208946228,,0.177748218178749,0.1652163565158844,0.1562051922082901,0.176172137260437,0.2011780142784118,12.0,0.2564709782600403,1.531266450881958,286.16802978515625,0.7268249988555908,256.0169982910156,229.17532348632807,0.0,1.1626644134521484,200.0,0.1455446034669876,0.173041665305694
20191209.0,0.2285209596157074,,,,,,,,,,,,,,,,,,
20191210.0,0.2295836955308914,,0.1963169574737548,0.1848732084035873,0.1669179052114486,,,12.0,0.2564709782600403,1.531266450881958,280.6976623535156,0.7529932260513306,253.4869537353516,229.1990966796875,0.376933217048645,1.165178656578064,200.0,0.1473283916711807,0.163750001539787
20191212.0,0.2209471762180328,,,,,,,,,,,,,,,,,,
20191213.0,0.2170833498239517,,0.1498006731271743,0.1502131521701812,0.1394952982664108,0.1279692947864532,0.1407513618469238,12.0,0.2564709782600403,1.531266450881958,282.1224365234375,0.7924752235412598,257.7652587890625,234.20025634765625,0.0008583068847656,0.7484683990478516,200.0,0.1280490607023239,0.154043478162392
20191214.0,0.2131940126419067,,,,,,,,,,,,,,,,,,
20191215.0,0.2095759063959121,0.1651778370141983,,,,,,,,,,,,,,,,,
20191216.0,0.2064892202615738,0.1576740890741348,0.1400241404771804,0.1514288634061813,0.139321282505989,0.1358179599046707,0.1454207003116607,12.0,0.2564709782600403,1.531266450881958,277.80859375,0.8322682976722717,257.20721435546875,234.6723175048828,0.0043279998935759,0.4494328200817108,200.0,0.1202737241983413,0.145541664833824
20191220.0,0.1929990351200103,,,,,,,,,,,,,,,,,,
20191221.0,0.1895123124122619,,0.1116832718253135,0.1292864829301834,0.1201828569173812,0.1152212843298912,0.1278115212917328,12.0,0.2564709782600403,1.531266450881958,279.4769592285156,0.8858660459518433,259.69970703125,241.29742431640625,7.197801460279152e-05,0.5843269228935242,200.0,0.1250553578138351,0.132260869378629
20191224.0,0.1815802603960037,,0.1216712296009063,0.1255702078342437,0.1171565130352974,0.0947872623801231,0.1238746270537376,12.0,0.2564709782600403,1.531266450881958,283.8071594238281,0.9068560600280762,261.443603515625,242.35906982421875,0.0,0.7691544890403748,200.0,0.1244170069694519,0.126624999567866
20191225.0,0.1770060211420059,,,,,,,,,,,,,,,,,,
20191226.0,0.1735787391662597,,0.1070469245314598,0.121285893023014,0.1142632663249969,0.1134303733706474,0.1284218877553939,12.0,0.2564709782600403,1.531266450881958,285.8553161621094,0.9207484126091005,264.40338134765625,247.9842834472656,0.0265255235135555,0.5349547266960144,200.0,0.1066633462905883,0.122304347546204
20191227.0,0.1887152194976806,,,,,,,,,,,,,,,,,,
20191228.0,0.2832582294940948,,,,,,,,,,,,,,,,,,
20191229.0,0.3105435967445373,,0.1975789368152618,0.1996736526489257,0.1886862516403198,0.1985383331775665,0.219031348824501,12.0,0.2564709782600403,1.531266450881958,281.14324951171875,0.9416415691375732,247.9452209472656,218.57823181152344,0.002155814319849,1.0869463682174685,200.0,0.1651865988969802,0.121000000640102
20200101.0,0.2566553354263305,,0.1518680304288864,0.1543408930301666,0.1424697488546371,,,12.0,0.2564709782600403,1.531266450881958,279.7073059082031,0.9627541303634644,254.80111694335932,230.74008178710932,0.0021398065146058,0.6850586533546448,200.0,0.140849694609642,0.116782608239547
20200102.0,0.2452933639287948,,,,,,,,,,,,,,,,,,
20200103.0,0.2371441423892974,0.1515179723501205,0.1331594884395599,0.1376281678676605,0.1271721869707107,0.1429166793823242,0.1657155007123947,12.0,0.2564709782600403,1.531266450881958,283.1920471191406,0.979137361049652,260.3549194335937,238.70733642578125,0.7122372984886169,1.1448447704315186,200.0,0.1347874402999878,0.117695651624514
20200104.0,0.2314199209213256,,,,,,,,,,,,,,,,,,
20200105.0,0.2225795239210128,,,,,0.1376315057277679,0.1622058749198913,,,,,,,,,,,,
20200109.0,0.1950820684432983,,0.1233083307743072,0.1089291274547576,0.103660799562931,,,12.0,0.2564709782600403,1.531266450881958,289.01251220703125,1.0287952423095703,266.2338256835937,246.522216796875,0.0750727355480194,0.8174270391464233,200.0,0.1139690652489662,0.10428571523655
20200110.0,0.197708711028099,,,,,,0.1566820293664932,,,,,,,,,,,,
20200112.0,0.2341075539588928,,,,,,,,,,,,,,,,,,
20200114.0,0.2249321937561035,,0.1423889100551605,0.1332443058490753,0.1226582154631614,,,12.0,0.2564709782600403,1.531266450881958,285.2544860839844,1.070503830909729,260.9549560546875,242.7411651611328,0.0,1.141892671585083,200.0,0.136593148112297,0.0949166671683391
20200115.0,0.2145520895719528,0.1558210998773574,,,,,,,,,,,,,,,,,
20200117.0,0.3959397971630096,,0.3362835645675659,0.3666850328445434,0.3407721817493438,,,12.0,0.2564709782600403,1.531266450881958,277.8244323730469,1.0959957838058472,216.1392517089844,185.3513641357422,15.89328384399414,0.7930623888969421,200.0,0.2562486529350281,0.268499998748302
20200118.0,0.3563187420368194,0.27742600440979,,,,0.2856378257274627,0.2944120466709137,,,,,,,,,,,,
20200120.0,0.3059812486171722,0.2229785919189453,,,,,,,,,,,,,,,,,
20200121.0,0.2929674983024597,,,,,0.2201816588640213,0.2547685205936432,,,,,,,,,,,,
20200122.0,0.3063820302486419,,0.2716482579708099,0.2379711121320724,0.2266036123037338,,,12.0,0.2564709782600403,1.531266450881958,283.84039306640625,1.152113437652588,237.21548461914065,206.54855346679688,2.248067855834961,1.728227972984314,200.0,0.2130907475948333,0.222869567249132
20200123.0,0.2963679432868957,,,,,0.2313104271888733,0.3063448071479797,,,,,,,,,,,,
20200124.0,0.2835875749588012,,0.2350354492664337,0.2210412174463272,0.2152395993471145,,0.191351056098938,12.0,0.2564709782600403,1.531266450881958,280.7867431640625,1.1748239994049072,240.36898803710932,207.9874420166016,0.0,1.321298599243164,200.0,0.2042944431304931,0.214136362753131
20200125.0,0.272055983543396,,0.2305380254983902,0.2081316858530044,0.2019902914762497,,,12.0,0.2564709782600403,1.531266450881958,283.2349548339844,1.1862094402313232,243.5046539306641,212.42037963867188,0.0,1.3154296875,200.0,0.1977496445178985,0.208083335310221
20200126.0,0.2615114748477936,0.2326262295246124,,,,0.2021396607160568,0.221778005361557,,,,,,,,,,,,
20200127.0,0.2536385357379913,,0.1980155259370803,0.1898663341999054,0.1760981380939483,,,12.0,0.2564709782600403,1.531266450881958,283.88690185546875,1.2090401649475098,250.09408569335932,222.52798461914065,0.0025689601898193,1.1835622787475586,200.0,0.1724899113178253,0.194791669026017
20200128.0,0.2462643086910247,,,,,,0.2509231865406036,,,,,,,,,,,,
20200129.0,0.244554117321968,,,,,,0.2359691113233566,,,,,,,,,,,,
20200130.0,0.2397364377975464,,0.1775920242071151,0.1769611835479736,0.1660173386335373,,,12.0,0.2564709782600403,1.531266450881958,278.3077087402344,1.2434720993041992,249.94869995117188,222.44155883789065,0.0955410525202751,0.4406915605068207,200.0,0.1555091291666031,0.181208333000541
20200202.0,0.2212944626808166,,0.1653804183006286,0.1634387224912643,0.1504317671060562,,0.1603442430496215,12.0,0.2564709782600403,1.531266450881958,285.8283386230469,1.2773042917251587,254.98663330078125,229.92030334472656,0.000435113790445,1.690865159034729,200.0,0.1577363312244415,0.168833331515392
20200203.0,0.2095737904310226,,,,,0.152893453836441,0.1695913523435592,,,,,,,,,,,,
20200204.0,0.2096345126628875,,0.2384180873632431,0.2374577075242996,0.2146147787570953,,,12.0,0.2564709782600403,1.531266450881958,283.6716003417969,1.287868857383728,244.06951904296875,215.6839904785156,1.349411964416504,0.9217156171798706,200.0,0.1902065724134445,0.157583334172765
20200208.0,0.3022895753383636,0.2362113445997238,,,,0.2513999938964844,,,,,,,,,,,,,
20200209.0,0.3464556336402893,0.2571738660335541,0.304435133934021,0.2593898177146911,0.252695232629776,,,12.0,0.2564709782600403,1.531266450881958,288.12017822265625,1.313318967819214,234.4754943847656,201.5074920654297,0.1515126973390579,1.4571857452392578,200.0,0.2517201900482178,0.241458331545194
20200210.0,0.3302339613437652,,0.2742218375205993,0.2443734407424926,0.238002598285675,0.2329361140727996,0.2581865787506103,12.0,0.2564709782600403,1.531266450881958,279.622314453125,1.3183777332305908,237.96148681640625,204.7854766845703,9.151409149169922,1.054875731468201,200.0,0.2036885321140289,0.239954544061964
20200211.0,0.3687490820884704,,,,,,0.2105471938848495,,,,,,,,,,,,
20200212.0,0.3704609274864197,0.2967615723609924,0.3532879650592804,0.3302487432956695,0.3169893026351928,,,12.0,0.2564709782600403,1.531266450881958,279.7991638183594,1.3285067081451416,220.05911254882807,188.2412109375,6.253363132476807,1.6726937294006348,200.0,0.2621615529060364,0.258958333482345
20200215.0,0.3084526658058166,0.2395049333572387,0.2926320731639862,0.2454123497009277,0.2395640760660171,,0.2078920900821685,12.0,0.2564709782600403,1.531266450881958,282.4652709960937,1.3436329364776611,234.63824462890625,202.90524291992188,0.0008583068847656,1.5664526224136353,200.0,0.2380988597869873,0.231874998658895
20200216.0,0.2950002551078796,0.2295098751783371,,,,,0.2382580041885376,,,,,,,,,,,,
20200217.0,0.2809736430644989,0.2176119983196258,0.2597191035747528,0.2302537113428115,0.214485228061676,,,12.0,0.2564709782600403,1.531266450881958,287.3024597167969,1.3524595499038696,242.61114501953125,213.3033142089844,0.0008523463038727,2.077005624771118,200.0,0.2141008377075195,0.220124997819463
20200218.0,0.2675863206386566,0.2075949907302856,0.2379121482372284,0.220066636800766,0.2010579109191894,0.2069781720638275,0.2451551854610443,12.0,0.2564709782600403,1.531266450881958,284.32159423828125,1.36090087890625,246.41993713378903,218.52267456054688,0.0,1.3821823596954346,200.0,0.1922566592693328,0.212499998509884
20200219.0,0.2590354084968567,0.2029139697551727,,,,,,,,,,,,,,,,,
20200220.0,0.2636701464653015,0.2049579620361328,0.2158950269222259,0.1788220852613449,0.1717078983783722,,0.2025208324193954,12.0,0.2564709782600403,1.531266450881958,281.4319152832031,1.405125617980957,251.0113067626953,221.77899169921875,1.0903332233428955,1.2462246417999268,200.0,0.1655144244432449,0.199708333238959
20200222.0,0.2514640986919403,0.197712555527687,,,,,,,,,,,,,,,,,
20200223.0,0.2506796419620514,0.1871353685855865,0.1780802011489868,0.155693382024765,0.1451733112335205,0.1579067856073379,0.1615649908781051,12.0,0.2564709782600403,1.531266450881958,285.1439208984375,1.4734572172164917,257.5888366699219,232.04641723632807,1.688336730003357,1.1540955305099487,200.0,0.1510147750377655,0.184958332528671
20200224.0,0.2550113797187805,0.2007126361131668,,,,,,,,,,,,,,,,,
20200225.0,0.2415869981050491,0.19619220495224,0.1855959892272949,0.1719703823328018,0.1584486067295074,,,12.0,0.2564709782600403,1.531266450881958,283.9466247558594,1.519775390625,254.98031616210932,229.1387481689453,0.0008553265361115,1.5079231262207031,200.0,0.1605142503976822,0.189291668434938
20200226.0,0.2311028242111206,0.1724765747785568,0.1565595418214798,0.1751795709133148,0.1564217358827591,0.1548899859189987,0.1680349111557006,12.0,0.2564709782600403,1.531266450881958,278.759033203125,1.5430477857589722,253.16668701171875,230.14035034179688,0.0008553265943191,1.2225737571716309,200.0,,
20200228.0,0.2148287296295166,0.1602187007665634,0.1401630789041519,0.1510477066040039,0.1370552629232406,0.1344642639160156,0.1554917991161346,12.0,0.2564709782600403,1.531266450881958,283.06951904296875,1.5898194313049316,257.1625366210937,235.8006896972656,0.0008523463038727,1.5289387702941897,200.0,0.1527323275804519,0.167227270928296
20200229.0,0.2064943164587021,0.1613636910915374,,,,,0.1165501847863197,,,,,,,,,,,,
20200301.0,0.1950816065073013,,,,,,,,,,,,,,,,,,
20200302.0,0.1843727082014084,,0.1230258271098136,0.1307820528745651,0.1207731664180755,0.1087221354246139,0.1353190690279007,12.0,0.2564709782600403,1.531266450881958,290.3852844238281,1.6606390476226809,266.40850830078125,247.82733154296875,0.0008523463038727,1.3991988897323608,200.0,0.135468453168869,0.142500001316269
20200303.0,0.1794591397047042,,,,,,,,,,,,,,,,,,
20200304.0,0.2442041784524917,,0.2943723201751709,0.2926042079925537,0.2601546049118042,,0.360820323228836,12.0,0.2564709782600403,1.531266450881958,285.0262451171875,1.7095119953155518,235.83401489257807,206.9032592773437,14.516547203063965,1.549143671989441,200.0,0.2324950993061065,0.194541666035851
20200305.0,0.3292339146137237,0.2690204381942749,0.3167465627193451,0.3042413294315338,0.2702711224555969,,0.360545665025711,12.0,0.2564709782600403,1.531266450881958,283.8812866210937,1.7300207614898682,231.82281494140625,203.1060485839844,0.1556228250265121,2.363693952560425,200.0,0.2632136046886444,0.255608694060989
20200306.0,0.2886963784694671,0.2522889375686645,,,,,,,,,,,,,,,,,
20200307.0,0.2630423009395599,0.2234974503517151,0.268940269947052,0.2097308784723281,0.2072996348142624,0.2152384370565414,0.2206183075904846,12.0,0.2564709782600403,1.531266450881958,285.5480651855469,1.743772268295288,245.489501953125,213.19256591796875,0.0025879230815917,2.123351812362671,200.0,0.2108974009752273,0.229666667059064
20200308.0,0.2531116008758545,,,,,,,,,,,,,,,,,,
20200309.0,0.298058271408081,0.2682219743728637,,,,,,,,,,,,,,,,,
20200310.0,0.2708885073661804,,0.240084707736969,0.2170632630586624,0.2034333646297454,0.1993539333343505,0.2282174080610275,12.0,0.2564709782600403,1.531266450881958,289.6482238769531,1.7629942893981934,249.0301513671875,220.0166015625,0.0362536944448947,1.930238962173462,200.0,0.2075740844011306,0.228791666527589
20200311.0,0.2506520748138428,,,,,,,,,,,,,,,,,,
20200312.0,0.2315306216478347,0.2152555584907531,0.2187052965164184,0.1856680959463119,0.1683896034955978,0.1528730988502502,0.1578417271375656,12.0,0.2564709782600403,1.531266450881958,294.0111083984375,1.7754483222961426,259.4721374511719,234.3763427734375,0.0237262640148401,1.8122237920761108,200.0,0.1814923733472824,0.208833333725731
20200313.0,0.2284670919179916,0.1936711817979812,0.3022961020469665,0.2813593745231628,0.2607218623161316,,,12.0,0.2564709782600403,1.531266450881958,289.8004150390625,1.7816829681396484,241.07034301757807,211.1646423339844,2.921627998352051,1.1703741550445557,200.0,0.2400998771190643,0.231166665752729
20200314.0,0.3151932954788208,0.3053105473518371,,,,,,,,,,,,,,,,,
20200315.0,0.3345583081245422,0.2781124711036682,0.3003602027893066,0.3012362718582153,0.2745796144008636,0.251135915517807,0.2904141247272491,12.0,0.2564709782600403,1.531266450881958,284.32061767578125,1.7941672801971436,236.10720825195312,207.1278686523437,2.7907536029815674,0.981618881225586,200.0,0.2453149259090423,0.269083332270384
20200316.0,0.3515832126140594,0.3295353651046753,,,,,,,,,,,,,,,,,
20200317.0,0.367024153470993,0.2780728042125702,,,,0.2591968774795532,0.3281960487365722,,,,,,,,,,,,
20200318.0,0.4054405093193054,,0.3710404336452484,0.3591715097427368,0.3536641895771026,,0.2885830402374267,12.0,0.2564709782600403,1.531266450881958,292.12615966796875,1.812904715538025,223.8236083984375,191.3749389648437,4.061256408691406,2.2201151847839355,200.0,0.3135736584663391,0.2829166688025
20200319.0,0.4048203229904175,0.2943756878376007,,,,,,,,,,,,,,,,,
20200320.0,0.3665343523025512,0.2701677680015564,0.3482113480567932,0.3395884335041046,0.3353997766971588,0.2772231101989746,0.3115329444408417,12.0,0.2564709782600403,1.531266450881958,286.24884033203125,1.8250558376312256,227.4033660888672,190.6166381835937,0.0042262892238795,2.668321371078491,200.0,0.2810873389244079,0.259749999890725
20200321.0,0.3500403165817261,0.2510969638824463,0.3153530657291412,0.2910734415054321,0.2943878173828125,,,12.0,0.2564709782600403,1.531266450881958,281.0670166015625,1.832291841506958,231.08425903320312,197.16159057617188,1.615842580795288,1.1613410711288452,200.0,0.2507816255092621,0.247791666537523
20200322.0,0.3943434357643127,0.2859690189361572,,,,,0.3670461177825928,,,,,,,,,,,,
20200323.0,0.3636249899864197,0.2549609839916229,0.3323355317115783,0.2751146852970123,0.2778886258602142,,0.3699758946895599,12.0,0.2564709782600403,1.531266450881958,290.0119934082031,1.8545923233032229,235.67337036132807,201.3214111328125,0.000435113790445,2.734029769897461,200.0,0.2711462378501892,0.242565217225448
20200324.0,0.3388022184371948,0.2476022690534591,,,,,,,,,,,,,,,,,
20200325.0,0.3139383792877197,0.2284841388463974,,,,0.2041378021240234,0.2272408157587051,,,,,,,,,,,,
20200326.0,0.2908859550952911,0.2046956270933151,0.2424291968345642,0.2146826088428497,0.2064618021249771,,,12.0,0.2564709782600403,1.531266450881958,295.2497863769531,1.8885776996612549,252.57046508789065,222.6693420410156,0.0016966245602816,3.906384468078613,200.0,0.2258777618408203,0.202833335225781
20200327.0,0.2733037769794464,0.2004575133323669,,,,,0.1453291475772857,,,,,,,,,,,,
20200328.0,0.2585683763027191,0.2180440723896026,0.2001577764749527,0.2030025720596313,0.186722844839096,0.1544529050588607,0.1659291386604309,12.0,0.2564709782600403,1.531266450881958,293.3973083496094,1.9114269018173216,259.26226806640625,232.58941650390625,0.383513331413269,4.096917629241943,200.0,0.1824276000261306,0.178125000248353
20200329.0,0.2420014590024948,0.1729130744934082,0.1498581767082214,0.1846323162317276,0.1648490726947784,,,12.0,0.2564709782600403,1.531266450881958,288.3559265136719,1.9228767156600952,260.5736083984375,237.9888916015625,0.0008523463038727,2.7105157375335693,200.0,0.1561432778835296,0.161624999716878
20200330.0,0.2402322739362716,0.1803648173809051,,,,0.1204524338245391,0.1287270784378051,,,,,,,,,,,,
20200401.0,0.2446770519018173,0.1849248260259628,,,,,,,,,,,,,,,,,
20200402.0,0.2319545596837997,0.1986395865678787,,,,0.137126162648201,0.1509140282869339,,,,,,,,,,,,
20200403.0,0.2369740158319473,0.1852990537881851,0.1113626360893249,0.1782102733850479,0.1557806432247162,,,12.0,0.2564709782600403,1.531266450881958,287.2875061035156,1.9805617332458496,263.1477966308594,244.67337036132807,1.215623378753662,1.593732833862305,200.0,0.1492530256509781,0.141166666522622
20200404.0,0.2390627264976501,0.1759403944015503,,,,0.0954765975475311,0.1148106306791305,,,,,,,,,,,,
20200405.0,0.2486217319965362,0.1865856945514679,0.1376231759786605,0.1495457291603088,0.1392681151628494,,0.110751673579216,12.0,0.2564709782600403,1.531266450881958,286.0519104003906,2.006338119506836,262.91656494140625,240.5333251953125,0.3730934262275696,1.1097898483276367,200.0,0.1574838161468505,0.130666665732861
20200406.0,0.2433716654777526,0.1943653225898742,0.1364399194717407,0.1236133426427841,0.1183822602033615,,,12.0,0.2564709782600403,1.531266450881958,291.8084716796875,2.011260986328125,267.797119140625,243.3299865722656,0.0416102036833763,1.8202931880950928,200.0,0.1489950865507125,0.127916667299966
20200407.0,0.2299010306596756,0.1881314218044281,,,,0.1134680286049842,0.1353801041841507,,,,,,,,,,,,
20200408.0,0.2066123932600021,0.1700220257043838,0.1155780777335167,0.1322638839483261,0.124031476676464,,,12.0,0.2564709782600403,1.531266450881958,296.2977600097656,1.96724534034729,270.2398986816406,249.5023193359375,0.0008523463038727,4.196534156799316,200.0,0.1478243768215179,0.116333333154519
20200409.0,0.1880407482385635,0.1687507182359695,,,,,0.1020844131708145,,,,,,,,,,,,
20200410.0,0.1817277669906616,0.1703148633241653,,,,,0.1153599694371223,,,,,,,,,,,,
20200411.0,0.1927917152643203,0.158177763223648,0.0930452272295951,0.1055549010634422,0.1017501875758171,,,12.0,0.2564709782600403,1.531266450881958,292.5564270019531,1.898856282234192,274.4164428710937,255.5609130859375,9.92767333984375,1.8547011613845823,200.0,0.1135813221335411,0.108166667011877
20200412.0,0.343353271484375,0.2079245895147323,,,,0.278760015964508,0.3249916136264801,,,,,,,,,,,,
20200413.0,0.3147830367088318,0.2266581207513809,0.2098046243190765,0.2223247587680816,0.2143996357917785,,,12.0,0.2564709782600403,1.531266450881958,283.21051025390625,1.8528436422348025,248.6684417724609,218.8666381835937,0.0012814998626708,2.731657028198242,200.0,0.1909823417663574,0.171041666840514
20200414.0,0.2869850099086761,0.1926185488700866,0.1729043871164322,0.171010136604309,0.1640487313270568,,0.1244239658117294,12.0,0.2564709782600403,1.531266450881958,281.1947937011719,1.8299384117126465,255.9805908203125,228.4823303222656,0.2972562313079834,1.828834891319275,200.0,0.1584662497043609,0.155249999836087
20200415.0,0.2707071602344513,,,,,0.1554486602544784,0.1519211381673813,,,,,,,,,,,,
20200416.0,0.2487412095069885,0.1844484508037567,0.1395217627286911,0.1366602182388305,0.1302415579557418,,,12.0,0.2564709782600403,1.531266450881958,289.8459777832031,1.784329891204834,264.40533447265625,239.69448852539065,0.0008583068847656,3.271323204040528,200.0,0.1467533856630325,0.128791667210559
20200417.0,0.2280814349651336,0.17857027053833,,,,0.1038138717412948,0.1177709251642227,,,,,,,,,,,,
20200418.0,0.2212733477354049,0.1738262176513672,,,,,,,,,,,,,,,,,
20200419.0,0.2174671590328216,0.1707823127508163,0.1075216829776763,0.1072180792689323,0.1023502945899963,,,12.0,0.2564709782600403,1.531266450881958,292.3316955566406,1.7164310216903689,271.4236145019531,249.92608642578125,0.0630518421530723,3.22041392326355,200.0,0.1224979609251022,0.106947368697116
20200420.0,0.2010962218046188,0.1673724800348281,,,,0.0754061117768287,0.0859096050262451,,,,,,,,,,,,
20200421.0,0.1907600909471511,0.1676082164049148,0.0885731652379036,0.106294609606266,0.1022098511457443,,,12.0,0.2564709782600403,1.531266450881958,294.6979064941406,1.6716160774230957,273.5995178222656,254.22352600097656,0.0704801902174949,2.606311798095703,200.0,0.1188712567090988,0.105999999457882
20200422.0,0.1846028566360473,0.2176480144262313,0.1800838410854339,0.1498344987630844,0.1452814936637878,0.0893053859472274,0.1226538866758346,12.0,0.2564709782600403,1.531266450881958,298.56494140625,1.6489510536193848,267.284912109375,240.29774475097656,1.0322858095169067,3.2546231746673584,200.0,0.1682581752538681,0.107666666309039
20200423.0,0.1759719550609588,0.1878551542758941,,,,,,,,,,,,,,,,,
20200424.0,0.1636010110378265,0.1630793064832687,0.1020482704043388,0.1194707080721855,0.1140650883316993,,,12.0,0.2564709782600403,1.531266450881958,297.3658447265625,1.601425290107727,274.6806640625,255.9136199951172,0.0008583068847656,2.811948299407959,200.0,0.1277331262826919,0.10170833269755
20200425.0,0.1559158414602279,0.1515933126211166,,,,0.051744420081377,0.0561845749616622,,,,,,,,,,,,
20200426.0,0.1513242572546005,0.1350201219320297,,,,,,,,,,,,,,,,,
20200427.0,0.146980345249176,0.1561715304851532,0.0722414478659629,0.0940536335110664,0.0923367142677307,,0.0739768669009208,12.0,0.2564709782600403,1.531266450881958,299.1350402832031,1.53058660030365,278.19512939453125,261.0126953125,0.0,2.165170431137085,200.0,0.1161002293229103,0.0941249992077549
20200428.0,0.1457390487194061,0.1732727885246276,,,,,0.0643940567970275,,,,,,,,,,,,
20200429.0,0.1621415764093399,0.1435620933771133,0.0691800564527511,0.1100807189941406,0.1074379086494445,,,12.0,0.2564709782600403,1.531266450881958,298.4754943847656,1.483712911605835,277.67047119140625,261.8442687988281,0.0017225741175934,2.366603136062622,200.0,0.1152283772826194,0.0940000000207321
20200430.0,0.1533931046724319,0.1319791674613952,0.053567286580801,0.0857372134923935,0.084299087524414,0.0484859570860862,0.0537125766277313,12.0,0.2564709782600403,1.531266450881958,295.47314453125,1.4603915214538574,278.8713684082031,261.47576904296875,0.0008583068847656,2.351830244064331,200.0,0.0994212254881858,0.0898750002185504
20200501.0,0.1467605531215667,0.1355086117982864,,,,,,,,,,,,,,,,,
20200502.0,0.1412802785634994,0.1505571901798248,0.0663283318281173,0.0742964372038841,0.070586010813713,,0.0465407259762287,12.0,0.2564709782600403,1.531266450881958,305.35186767578125,1.4139809608459473,285.0424194335937,265.6723937988281,0.0008583068847656,2.6136388778686523,200.0,0.1095389723777771,0.0864166673272848
20200503.0,0.1368307769298553,0.1472683697938919,,,,0.0452215932309627,0.045442059636116,,,,,,,,,,,,
20200504.0,0.134343147277832,0.1555422097444534,,,,,,,,,,,,,,,,,
20200505.0,0.1327553987503051,0.1526681333780288,0.0542162470519542,0.0869170874357223,0.0862022191286087,0.054649319499731,0.0612811669707298,12.0,0.2564709782600403,1.531266450881958,300.63360595703125,1.3449443578720093,283.8836669921875,266.7886047363281,0.0,1.1766082048416138,200.0,0.0807093009352684,0.0845416675632199
20200506.0,0.1321657747030258,0.1394853144884109,,,,,,,,,,,,,,,,,
20200507.0,0.1316027641296386,0.1322852969169616,0.0564439930021762,0.0749870836734771,0.0717000588774681,,,12.0,0.2564709782600403,1.531266450881958,298.8996887207031,1.2993149757385254,282.8914794921875,263.80230712890625,0.0348803214728832,1.0457065105438232,200.0,0.0773706808686256,0.0794166668007771
20200508.0,0.1316154152154922,0.1658164411783218,0.0536072216928005,0.0906742364168167,0.0909767970442771,0.0465227626264095,0.049928281456232,12.0,0.2564709782600403,1.531266450881958,298.66552734375,1.2765870094299316,281.4058532714844,265.52325439453125,0.0021750074811279,0.7088547348976135,200.0,0.0746664628386497,0.074749999679625
20200509.0,0.1314963549375534,0.1340208053588867,,,,,,,,,,,,,,,,,
20200510.0,0.131249725818634,0.1381599456071853,0.0531653687357902,0.0725219994783401,0.0727747604250907,0.0388349704444408,0.0419934689998626,12.0,0.2564709782600403,1.531266450881958,297.7695617675781,1.2311655282974243,280.771240234375,264.0361328125,0.0008583068847656,1.0283454656600952,200.0,0.0804645121097564,0.0740000003057977
20200511.0,0.1310113668441772,0.1419943273067474,,,,,,,,,,,,,,,,,
20200512.0,0.1860162913799286,0.1605942547321319,,,,,,,,,,,,,,,,,
20200514.0,0.199872687458992,0.2269617021083831,,,,,,,,,,,,,,,,,
20200515.0,0.1811926066875457,0.2100568413734436,0.1337610632181167,0.1707933992147445,0.1616120189428329,,0.2571184337139129,12.0,0.2564709782600403,1.531266450881958,303.0087585449219,1.1189578771591189,267.509765625,239.09298706054688,6.420968055725098,1.8535547256469729,200.0,0.1161867603659629,0.15470833517611
20200516.0,0.2480928599834442,0.2236678004264831,0.1765126436948776,0.1870801448822021,0.1783569902181625,,0.1348002552986145,12.0,0.2564709782600403,1.531266450881958,296.6254272460937,1.096749782562256,262.3559265136719,232.67202758789065,1.6235263347625732,1.558966875076294,200.0,0.1419899314641952,0.119500000961125
20200517.0,0.2362314909696579,0.2050813436508178,,,,,,,,,,,,,,,,,
20200518.0,0.2017054408788681,0.1787052005529403,0.1051571890711784,0.1205554082989692,0.113694742321968,0.1251539140939712,0.1438642591238021,12.0,0.2564709782600403,1.531266450881958,301.0057373046875,1.0525673627853394,275.7640380859375,253.5811920166016,0.0724982693791389,3.012002468109131,200.0,0.120814561843872,0.101291666428248
20200519.0,0.1757168471813202,0.181210309267044,,,,,,,,,,,,,,,,,
20200520.0,0.1592214405536651,0.1743568778038025,,,,,0.0835291594266891,,,,,,,,,,,,
20200521.0,0.1931948661804199,0.2368466705083847,0.2114846557378769,0.2042552679777145,0.1849758774042129,0.1359029710292816,0.1459395140409469,12.0,0.2564709782600403,1.531266450881958,302.9098205566406,0.9868348240852356,262.60076904296875,235.1234130859375,0.1941490173339843,2.804884433746338,200.0,0.1616095453500747,0.0911666663984458
20200522.0,0.1707212477922439,0.2261680364608764,,,,,,,,,,,,,,,,,
20200523.0,0.1579358577728271,0.2159939706325531,0.1862773448228836,0.1614652574062347,0.147474005818367,0.1101681739091873,0.1266823261976242,12.0,0.2564709782600403,1.531266450881958,302.76025390625,0.9428128600120544,271.6869506835937,246.87579345703125,0.1308198869228363,1.0761351585388184,200.0,0.1091125383973121,0.0961666659762462
20200524.0,0.1531833708286285,0.2665801644325256,0.2773608565330505,0.2864227294921875,0.270029753446579,,,12.0,0.2564709782600403,1.531266450881958,301.4736022949219,0.9227767586708068,244.9297790527344,212.51475524902344,6.276429176330566,1.1443977355957031,200.0,0.1446970701217651,0.207041666842997
20200525.0,0.3095099627971649,0.282443642616272,,,,,,,,,,,,,,,,,
20200526.0,0.2778891623020172,0.242391437292099,,,,0.217359647154808,0.2462233304977417,,,,,,,,,,,,
20200527.0,0.2324263602495193,0.2005162835121154,,,,,,,,,,,,,,,,,
20200528.0,0.2032480239868164,0.1971488893032074,,,,0.1435808390378952,0.1615344732999801,,,,,,,,,,,,
20200529.0,0.1810131669044494,0.1773547381162643,0.1485950648784637,0.1440031081438064,0.1322194188833236,,,12.0,0.2564709782600403,1.531266450881958,300.4737548828125,0.8551379442214966,272.1989440917969,249.54071044921875,0.0,2.534652709960937,200.0,0.1277407109737396,0.173291667054097
20200530.0,0.1624668836593628,0.1750749945640564,,,,,,,,,,,,,,,,,
20200531.0,0.1511959433555603,0.1598702073097229,0.0978839546442031,,,0.077732153236866,0.090884119272232,,,,,,,,,,,,
20200601.0,0.1451527774333953,0.1498073041439056,0.0874330624938011,0.086013488471508,0.0836519598960876,,,12.0,0.2564709782600403,1.531266450881958,302.4770202636719,0.8154482245445251,282.8193359375,264.34674072265625,0.2441099137067794,1.1018260717391968,200.0,0.0724999085068702,0.126041667846342
20200602.0,0.142948493361473,0.1620150804519653,,,,0.0603439696133136,0.089571826159954,,,,,,,,,,,,
20200603.0,0.1438944786787033,0.1595574021339416,,,,,0.058076724410057,,,,,,,,,,,,
20200604.0,0.1389683187007904,0.1504456847906112,,,,,,,,,,,,,,,,,
20200605.0,0.136365070939064,0.1982412338256836,,,,0.1962602585554123,0.2337107509374618,,,,,,,,,,,,
20200606.0,0.133652776479721,0.1823829263448715,0.1362340748310089,0.1281780451536178,0.1197119280695915,,,12.0,0.2564709782600403,1.531266450881958,307.7157592773437,0.7497804164886475,278.9525756835937,256.5655212402344,0.0021510415244847,1.0598642826080322,200.0,0.0904102995991706,0.0789583328490456
20200607.0,0.1320574581623077,0.1558094918727874,,,,,0.0860622003674507,,,,,,,,,,,,
20200608.0,0.131138190627098,0.1517605185508728,0.0885751247406005,,,0.0416456535458564,0.0536515414714813,,,,,,,,,,,,
20200609.0,0.1321810483932495,0.1447410732507705,0.0596738047897815,0.0817072764039039,0.0836931839585304,,,12.0,0.2564709782600403,1.531266450881958,307.398193359375,0.713416576385498,287.358154296875,271.71905517578125,0.2411632686853408,0.8747016191482544,200.0,0.0597080662846565,0.0627500005066395
20200610.0,0.131441444158554,0.1181186959147453,,,,0.0527360290288925,0.0560930222272872,,,,,,,,,,,,
20200611.0,0.1307760179042816,0.1283811032772064,0.0611956343054771,0.0706963464617729,0.068949818611145,,,12.0,0.2564709782600403,1.531266450881958,304.2887878417969,0.7313095331192017,286.56121826171875,268.1912841796875,0.0,0.7948087453842163,200.0,0.0572953596711158,0.053874999905626
20200612.0,0.1304178982973098,0.1243282854557037,,,,,,,,,,,,,,,,,
20200613.0,0.1302404999732971,0.1218505799770355,,,,0.0408437401056289,0.0404370240867137,,,,,,,,,,,,
20200614.0,0.1301340609788894,0.1271262317895889,0.0543025620281696,0.0784888342022895,0.0795269459486007,,,12.0,0.2564709782600403,1.531266450881958,305.9749755859375,0.7601283192634583,286.3302917480469,269.8758544921875,0.0008523463620804,0.6463741660118103,200.0,0.0579230189323425,0.0492608697841997
20200615.0,0.1300988793373108,0.1245193108916282,,,,0.0369856283068656,0.0389416180551052,,,,,,,,,,,,
20200616.0,0.1301580965518951,0.1397327482700348,0.0595623403787612,,,,,,,,,,,,,,,,
20200617.0,0.1305345892906189,0.1414952725172042,0.0580814778804779,0.0693301409482956,0.0718849077820777,,,12.0,0.2564709782600403,1.531266450881958,305.8948669433594,0.7898477911949158,288.1753845214844,272.2613525390625,0.33498415350914,0.5736116170883179,200.0,0.0521778091788291,0.0473750000819564
20200618.0,0.1335991621017456,0.1385918110609054,,,,0.0509925819933414,0.0554826520383358,,,,,,,,,,,,
20200619.0,0.1473110318183899,0.1339552849531173,0.0487836897373199,0.062650553882122,0.0616359710693359,,,12.0,0.2564709782600403,1.531266450881958,304.7585144042969,0.8097477555274963,289.9227905273437,272.1068115234375,0.6061424016952515,0.8961722254753113,200.0,0.050348125398159,0.0493913045072037
20200620.0,0.2123852372169494,0.2552162408828735,,,,0.311154842376709,0.408581793308258,,,,,,,,,,,,
20200621.0,0.2768212556838989,0.2726522982120514,,,,,0.1763359457254409,,,,,,,,,,,,
20200622.0,0.2223850488662719,0.2208356261253357,0.1792303621768951,0.1897787451744079,0.1852869987487793,,,12.0,0.2564709782600403,1.531266450881958,304.3379211425781,0.8398187160491943,264.34967041015625,232.52276611328125,0.3752444386482239,2.925575256347656,200.0,0.1565055102109909,0.22020833256344
20200623.0,0.2699671387672424,0.202309250831604,,,,0.2780969738960266,0.3044526576995849,,,,,,,,,,,,
20200624.0,0.2826658487319946,0.2694527208805084,0.2781934440135956,,,,,,,,,,,,,,,,
20200625.0,0.2364158481359481,0.2252402305603027,0.1949015259742736,0.1819208562374115,0.1727991849184036,,0.1869258731603622,12.0,0.2564709782600403,1.531266450881958,301.0907897949219,0.8680338263511658,265.6713256835937,236.3353576660156,0.0025743204168975,4.003872871398926,200.0,0.1601902544498443,0.186500000456969
20200626.0,0.2026684880256652,0.2048188596963882,,,,,0.1241798177361488,,,,,,,,,,,,
20200627.0,0.1784983873367309,0.1849828958511352,0.1327323168516159,0.1360564976930618,0.1261312663555145,,,12.0,0.2564709782600403,1.531266450881958,303.7276916503906,0.8558226823806763,278.35455322265625,256.0927429199219,0.0367601290345191,2.622492790222168,200.0,0.1091677919030189,0.15170833406349
20200628.0,0.1631681621074676,0.1778288334608078,,,,0.0836271047592163,0.0890530124306678,,,,,,,,,,,,
20200629.0,0.1543599218130111,0.1591569930315017,,,,,,,,,,,,,,,,,
20200630.0,0.1474903970956802,0.1660652607679367,0.0853915810585022,0.0949821323156356,0.0923835486173629,,,12.0,0.2564709782600403,1.531266450881958,307.8482666015625,0.8361890912055969,286.08477783203125,267.9666748046875,1.998834490776062,1.9767019748687744,200.0,0.0740698128938674,0.0811666663115223
20200701.0,0.1659153401851654,0.1644692867994308,,,,0.0547132864594459,0.0533158369362354,,,,,,,,,,,,
20200702.0,0.1966407150030136,0.1550681740045547,0.1142280772328376,,,,,,,,,,,,,,,,
20200703.0,0.1930817812681198,0.1382920891046524,0.0725512951612472,0.089202232658863,0.0889229178428649,0.0456469617784023,0.0439161360263824,12.0,0.2564709782600403,1.531266450881958,305.8636474609375,0.8160780072212219,287.18365478515625,270.4659118652344,0.3675998449325561,3.1203579902648926,200.0,0.0794302150607109,0.0663333342721065
20200704.0,0.1669776141643524,0.1367566585540771,,,,,,,,,,,,,,,,,
20200705.0,0.1523667722940445,0.146121859550476,0.0657534301280975,0.1168412417173385,0.1110100895166397,,,12.0,0.2564709782600403,1.531266450881958,307.02642822265625,0.8027096390724182,283.9106140136719,265.166015625,0.3044047951698303,1.4508787393569946,200.0,0.0778985470533371,0.0607499992474914
20200706.0,0.1487591713666916,0.143286257982254,,,,0.1374019831418991,0.1407818794250488,,,,,,,,,,,,
20200708.0,0.1422176957130432,0.1497306376695633,0.09405118227005,0.1197631880640983,0.1131981015205383,0.0818149223923683,0.1173131540417671,12.0,0.2564709782600403,1.531266450881958,307.6441345214844,0.7826420068740845,281.70343017578125,262.1542053222656,0.0999987497925758,1.1307456493377686,200.0,0.0830142349004745,0.0768750005712112
20200709.0,0.1380409300327301,0.1511472761631012,,,,,0.0439466536045074,,,,,,,,,,,,
20200710.0,0.1346054375171661,0.1468987464904785,,,,,,,,,,,,,,,,,
20200711.0,0.1335088312625885,0.1446799039840698,0.0587663576006889,0.0819933265447616,0.0805568769574165,0.0477834977209568,0.0531022064387798,12.0,0.2564709782600403,1.531266450881958,310.0367736816406,0.7642577886581421,289.96075439453125,271.7089233398437,0.0008523463038727,0.8172447681427002,200.0,0.060449231415987,0.0584166670838992
20200712.0,0.1317004859447479,0.1141887158155441,,,,,,,,,,,,,,,,,
20200713.0,0.1307764202356338,0.1206837594509124,0.055436372756958,0.0875670313835144,0.087467536330223,,0.0440382100641727,12.0,0.2564709782600403,1.531266450881958,310.47869873046875,0.7769392132759094,289.8079833984375,272.9647827148437,0.0017225742340087,0.5568250417709351,200.0,0.0582023561000824,0.0519999998311202
20200714.0,0.130353644490242,0.1114491373300552,,,,,0.046601764857769,,,,,,,,,,,,
20200715.0,0.1302647441625595,0.0846866443753242,,,,,,,,,,,,,,,,,
20200716.0,0.1341554522514343,0.1111606433987617,0.0486516132950782,0.0856394544243812,0.0874190926551818,0.0474618412554264,0.0520645789802074,12.0,0.2564709782600403,1.531266450881958,310.74371337890625,0.7971208095550537,290.1005554199219,274.4374084472656,0.0017225742340087,0.728621244430542,200.0,0.0587754137814044,0.0466999996453524
20200717.0,0.1319980770349502,0.1200461834669113,,,,,,,,,,,,,,,,,
20200718.0,0.1310034096240997,0.1155245974659919,0.0578251294791698,,,,,,,,,,,,,,,,
20200719.0,0.1328285336494445,0.1147559136152267,0.0496379770338535,0.0747639909386634,0.0758295282721519,0.0360382087528705,0.0385448783636093,12.0,0.2564709782600403,1.531266450881958,308.7371826171875,0.8178178071975708,291.61553955078125,274.83917236328125,0.0007450580596923,0.4701989889144897,200.0,0.0517675392329692,0.0472916668901841
20200720.0,0.1314985454082489,0.1192544996738433,,,,,,,,,,,,,,,,,
20200721.0,0.131209909915924,0.1129080802202224,0.0493832826614379,0.0717460513114929,0.0692932233214378,0.0406344309449195,0.0437330231070518,12.0,0.2564709782600403,1.531266450881958,308.5244445800781,0.8316576480865479,292.32391357421875,273.18511962890625,0.417353093624115,0.4255703389644623,200.0,0.0503866598010063,0.0458750006121894
20200722.0,0.134466752409935,0.1591174602508545,,,,,,,,,,,,,,,,,
20200723.0,0.1372314393520355,0.1865933388471603,,,,,,,,,,,,,,,,,
20200724.0,0.1486293971538543,0.1818866729736328,0.1200877428054809,0.1289338320493698,0.1211020052433013,0.0988762304186821,0.1205175966024398,12.0,0.2564709782600403,1.531266450881958,307.76519775390625,0.8525218963623047,281.4036865234375,258.3765563964844,0.0212922282516956,0.7511399984359741,200.0,0.0833265781402587,0.049409091133963
20200725.0,0.1425146460533142,0.1567992866039276,,,,,,,,,,,,,,,,,
20200726.0,0.1385924816131591,0.1423328071832656,0.0733565911650657,,,0.0537227652966976,0.0522476881742477,,,,,,,,,,,,
20200727.0,0.1354323625564575,0.1311289370059967,0.0628923997282981,0.0812175944447517,0.0802396237850189,,0.0353099144995212,12.0,0.2564709782600403,1.531266450881958,307.4540710449219,0.8725301623344421,289.2030029296875,271.3399353027344,0.000920002348721,0.3803788721561432,200.0,0.0577476546168327,0.0469166665958861
20200728.0,0.1336740404367447,0.1343777328729629,,,,,,,,,,,,,,,,,
20200729.0,0.1456345170736313,0.1272707283496856,0.0896519050002098,0.1198722273111343,0.1133854836225509,0.0681937262415885,0.0816675350069999,12.0,0.2564709782600403,1.531266450881958,307.22979736328125,0.8715141415596008,281.8255615234375,260.2022705078125,1.7656079530715942,0.9694065451622008,200.0,0.0763570517301559,0.0493181815201586
20200730.0,0.1449716538190841,0.1392881274223327,,,,,,,,,,,,,,,,,
20200731.0,0.1464817523956298,0.2163270711898803,,,,,0.2573320865631103,,,,,,,,,,,,
20200801.0,0.1419825404882431,0.1427793204784393,0.0827779248356819,0.1174427047371864,0.1113790571689605,,0.1520737260580063,12.0,0.2564709782600403,1.531266450881958,305.2279968261719,0.8693559169769287,281.678955078125,260.7982177734375,0.0010654252255335,0.5503731369972229,200.0,0.0771522969007492,0.0732727281071923
20200802.0,0.1373952478170395,0.1285433620214462,,,,,,,,,,,,,,,,,
20200803.0,0.1345970779657364,0.1314398795366287,0.1173245683312416,,,0.1708158254623413,0.2051759362220764,,,,,,,,,,,,
20200804.0,0.1336003690958023,0.1357272714376449,0.0738779753446579,0.106102742254734,0.1022295579314231,,,12.0,0.2564709782600403,1.531266450881958,306.317626953125,0.8669448494911194,284.75445556640625,265.52117919921875,0.1161882355809211,0.3510473072528839,200.0,0.070167452096939,0.0627083332898716
20200805.0,0.1328755468130111,0.1329304873943328,,,,,0.0446485802531242,,,,,,,,,,,,
20200806.0,0.1318561434745788,0.1271114498376846,0.0538979135453701,0.0791478380560875,0.0775544419884681,0.0543011613190174,0.056886501610279,12.0,0.2564709782600403,1.531266450881958,308.5818786621094,0.8653378486633301,289.5785522460937,271.23004150390625,0.5269823670387268,0.4222833216190338,200.0,0.0585696101188659,0.0537083335220814
20200807.0,0.1346587091684341,0.1197915449738502,,,,,,,,,,,,,,,,,
20200808.0,0.1331368833780288,0.1208719313144683,,,,0.0551179088652133,0.0603961311280727,,,,,,,,,,,,
20200809.0,0.1331920325756073,0.1233121007680893,0.0471439696848392,0.0764169171452522,0.078944481909275,,,12.0,0.2564709782600403,1.531266450881958,308.8878173828125,0.8629140853881836,289.90643310546875,274.1426086425781,0.0158747639507055,0.3131307661533355,200.0,0.0565357580780983,0.0533333336934447
20200810.0,0.131826639175415,0.1205320656299591,,,,,,,,,,,,,,,,,
20200811.0,0.1309596449136734,0.1193000674247741,0.0440580286085605,,,0.0675162896513938,0.0672322735190391,,,,,,,,,,,,
20200812.0,0.1304834634065628,0.1234809011220932,0.0410796292126178,0.0678608492016792,0.0700507387518882,,,12.0,0.2564709782600403,1.531266450881958,309.88604736328125,0.860808253288269,291.9781188964844,275.87109375,0.0012739318190142,0.2251572161912918,200.0,0.048929039388895,0.0470909091897986
20200813.0,0.1302153617143631,0.115051656961441,,,,0.0314585119485855,0.0257271043956279,,,,,,,,,,,,
20200814.0,0.1300670653581619,0.1113916710019111,0.0419993884861469,0.0785979628562927,0.0814950168132782,,0.0426343567669391,12.0,0.2564709782600403,1.531266450881958,311.35174560546875,0.8642993569374084,291.3226013183594,275.7671813964844,1.262661337852478,0.2852376401424408,200.0,0.052935529500246,0.0449130433085172
20200815.0,0.1449136883020401,0.1118393912911415,,,,,,,,,,,,,,,,,
20200816.0,0.1707311868667602,0.1134291589260101,,,,0.0361189655959606,0.0393078401684761,,,,,,,,,,,,
20200817.0,0.164405956864357,0.1137197911739349,0.1277741640806198,0.1623351722955703,0.1481890678405761,,,12.0,0.2564709782600403,1.531266450881958,305.8554992675781,0.8697565793991089,276.8526611328125,253.9371032714844,0.0055567910894751,1.2432842254638672,200.0,0.1003473848104476,0.0460000004133453
20200818.0,0.1523169726133346,0.1351318955421447,,,,,0.0853602737188339,,,,,,,,,,,,
20200819.0,0.1453293412923813,0.1223651245236396,0.0464223958551883,,,,0.0614337585866451,,,,,,,,,,,,
20200820.0,0.1408365964889526,0.0675526559352874,0.0648835524916648,0.1019481644034385,0.0976445972919464,,,12.0,0.2564709782600403,1.531266450881958,303.3011474609375,0.8753055334091187,285.6720886230469,265.258544921875,0.2978115975856781,0.4811230599880218,200.0,0.0563266389071941,0.0428095241742475
20200821.0,0.1388588845729828,0.1134517639875412,,,,0.0560367852449417,0.061738945543766,,,,,,,,,,,,
20200822.0,0.1421517580747604,0.1190317645668983,0.0466937646269798,0.0801357105374336,0.0801584422588348,,,12.0,0.2564709782600403,1.531266450881958,305.5889587402344,0.879007875919342,288.08673095703125,271.0722961425781,0.9162392020225524,0.805184006690979,200.0,0.0552580542862415,0.044739130884409
20200823.0,0.1390115767717361,0.1254367977380752,,,,,0.0394604317843914,,,,,,,,,,,,
20200824.0,0.1353982985019683,0.1138971745967865,,,,0.0372223258018493,0.0338755473494529,,,,,,,,,,,,
20200825.0,0.1329967230558395,0.1138321608304977,0.0407698564231395,0.0712677612900734,0.0718583911657333,,,12.0,0.2564709782600403,1.531266450881958,306.7935791015625,0.8844597339630127,289.78057861328125,273.0201416015625,0.0,0.2582782804965973,200.0,0.0509218648076057,0.0428695652795875
20200826.0,0.1316477656364441,0.114304132759571,,,,0.0412556305527687,0.0433057658374309,,,,,,,,,,,,
20200827.0,0.1310279965400695,0.1316605061292648,0.0437661819159984,0.0735223218798637,0.0710288807749748,,,12.0,0.2564709782600403,1.531266450881958,307.2640991210937,0.8866869211196899,290.5556640625,271.90338134765625,0.0242021586745977,0.1715437024831771,200.0,0.0487666651606559,0.0450869565424712
20200828.0,0.1306777894496917,0.1276117861270904,0.0416102148592472,0.0684426203370094,0.0700944289565086,,,12.0,0.2564709782600403,1.531266450881958,308.67071533203125,0.8922452926635742,290.9335327148437,274.6673583984375,0.0008426568238064,0.1807200163602829,200.0,0.0514682345092296,0.0443913042545319
20200829.0,0.1302942335605621,0.1229063495993614,,,,0.0339783653616905,0.034730065613985,,,,,,,,,,,,
20200830.0,,,,,,,,12.0,0.2564709782600403,1.531266450881958,309.1495361328125,0.9335450530052184,284.40142822265625,263.14910888671875,0.0963653251528739,0.1503210216760635,200.0,0.0813618451356887,0.0454545454545455
20200902.0,,,,,,,,12.0,0.2564709782600403,1.531266450881958,299.2976989746094,0.9976498484611512,256.2728271484375,225.6363677978516,2.6287994384765625,2.484797477722168,200.0,0.1531538814306259,0.103791666217148
20200904.0,,,,,,,,12.0,0.2564709782600403,1.531266450881958,301.047607421875,1.04119873046875,275.31646728515625,251.42062377929688,0.0436978228390216,2.3241634368896484,200.0,0.1231409758329391,0.146125000591079
20200905.0,,,,,,,,12.0,0.2564709782600403,1.531266450881958,301.5889587402344,1.0630890130996704,280.1845092773437,258.225830078125,0.0972483083605766,2.081589698791504,200.0,0.1006562709808349,0.123916667265197
20200907.0,,,,,,,,12.0,0.2564709782600403,1.531266450881958,303.9909973144531,1.1071010828018188,285.2159118652344,268.0653076171875,0.0018456223187968,1.6323161125183103,200.0,0.0812768638134002,0.0734583338101705
20200909.0,0.4099335670471191,0.2816442549228668,,,,,,,,,,,,,,,,,
20200910.0,,,,,,,,12.0,0.2564709782600403,1.531266450881958,286.19927978515625,1.1738325357437134,231.28628540039065,198.5188140869141,14.378113746643066,1.480349063873291,200.0,0.2307667434215545,0.243708331137896
20200912.0,,,,,,,,12.0,0.2564709782600403,1.531266450881958,294.9909973144531,1.2205095291137695,237.65774536132807,203.75045776367188,0.0,3.446295022964477,200.0,0.2508310675621032,0.231000001231829
20200913.0,,,,,,,,12.0,0.2564709782600403,1.531266450881958,297.50390625,1.23827862739563,244.98031616210932,212.97055053710932,1.0190446376800537,2.8795554637908936,200.0,0.2216953486204147,0.218499999493361
20200915.0,,,,,,,,12.0,0.2564709782600403,1.531266450881958,296.1487731933594,1.23540997505188,256.78253173828125,224.8602294921875,0.3867645263671875,3.257201671600342,200.0,0.187865063548088,0.189083332195878
20200916.0,0.3000880479812622,0.2272428572177887,,,,0.149948313832283,0.1551866233348846,,,,,,,,,,,,
20200917.0,0.2845920622348785,0.2183831185102462,,,,,,,,,,,,,,,,,
20200918.0,0.2717516720294952,0.2086808234453201,0.1660999953746795,0.1770803332328796,0.1622815877199173,0.117084689438343,0.1304055899381637,12.0,0.2564709782600403,1.531266450881958,295.94012451171875,1.2290791273117063,267.7098388671875,243.54412841796875,0.0050603100098669,3.1296119689941406,200.0,0.1446870416402816,0.157041667650143
20200919.0,0.2560519278049469,0.1929947435855865,,,,,,,,,,,,,,,,,
20200920.0,0.2421474158763885,0.1871885359287262,0.134070798754692,0.1550769060850143,0.1410533636808395,,,12.0,0.2564709782600403,1.531266450881958,294.7159423828125,1.224320650100708,270.881103515625,250.79461669921875,0.0017176661640405,2.999380826950073,200.0,0.1244403943419456,0.133250002438823
20200921.0,0.2295508086681366,0.1654870063066482,0.1226101666688919,0.1349495947360992,0.1259402483701706,0.0865011736750602,0.0905179008841514,12.0,0.2564709782600403,1.531266450881958,293.9219055175781,1.221942901611328,273.1788330078125,253.49249267578125,0.0004231928905937,2.070953607559204,200.0,0.1150511726737022,0.120952380200227
20200922.0,0.2222138941287994,0.1724259704351425,,,,,,,,,,,,,,,,,
20200923.0,0.2157319784164428,0.1770769655704498,0.111630231142044,0.1226380839943885,0.1162003576755523,,0.0800195336341857,12.0,0.2564709782600403,1.531266450881958,295.3277587890625,1.2171897888183594,276.22528076171875,257.02227783203125,0.022715812548995,2.29487419128418,200.0,0.1062529534101486,0.108374999836087
20200924.0,0.2065749317407608,0.1708476394414901,,,,,0.0663167238235473,,,,,,,,,,,,
20200925.0,0.195807546377182,0.1598761677742004,,,,,,,,,,,,,,,,,
20200926.0,0.1838438510894775,0.1556784659624099,0.090850830078125,0.1116790771484375,0.10861287266016,0.063667856156826,0.0751365721225738,12.0,0.2564709782600403,1.531266450881958,298.6900329589844,1.2100999355316162,279.2378234863281,263.155517578125,0.0,2.6193315982818604,200.0,0.0997335314750671,0.0739166668305794
20200927.0,0.1736951768398285,0.1582896560430526,,,,,,,,,,,,,,,,,
20200928.0,0.1650829166173935,0.1450091451406479,0.065906248986721,0.1100722029805183,0.1074862852692604,,0.0450148023664951,12.0,0.2564709782600403,1.531266450881958,294.5553283691406,1.2058236598968506,279.6833190917969,263.97900390625,0.0001951974845724,1.9014631509780884,200.0,0.0867974832653999,0.0650000007202228
20200929.0,0.1600734293460846,0.1252776086330413,0.0588391870260238,0.0998737886548042,0.1000645756721496,0.0344838425517082,0.0408032462000846,12.0,0.2564709782600403,1.531266450881958,291.8436889648437,1.2022823095321655,277.829345703125,262.9949951171875,0.0012809094041585,2.132972478866577,200.0,0.0925755053758621,0.0604347827965799
20200930.0,0.1550668627023697,0.1317209899425506,,,,,,,,,,,,,,,,,
20201001.0,0.1509535312652588,0.1330090761184692,0.0585795529186725,0.0964317172765731,0.0948963463306427,0.0513337478041648,0.0554216131567955,12.0,0.2564709782600403,1.531266450881958,295.176513671875,1.1857383251190186,280.2911682128906,263.4139404296875,0.0,1.576513409614563,200.0,0.0836747661232948,0.0608333333705862
20201002.0,0.1486051380634308,0.1280266344547271,,,,,,,,,,,,,,,,,
20201003.0,0.1464474201202392,0.1379079669713974,,,,,,,,,,,,,,,,,
20201004.0,0.1498638391494751,0.1380445510149002,0.0526004880666732,0.0993615612387657,0.0977645814418792,0.0490451008081436,0.0451368764042854,12.0,0.2564709782600403,1.531266450881958,295.1981201171875,1.1605031490325928,279.0771484375,262.58990478515625,0.7703642845153809,1.6060396432876587,200.0,0.0860792398452758,0.0614090914076025
20201005.0,0.1484714299440384,0.1345933973789215,,,,,,,,,,,,,,,,,
20201006.0,0.1456203013658523,0.1435975432395935,,,,0.0407996699213981,0.0437025055289268,,,,,,,,,,,,
20201007.0,0.1430295556783676,0.1361925452947616,0.0573651865124702,0.0988965928554534,0.0984227508306503,,,12.0,0.2564709782600403,1.531266450881958,298.0435791015625,1.1351683139801023,279.4525756835937,263.86895751953125,0.0,1.4361026287078855,200.0,0.0882159620523452,0.0623333342373371
20201008.0,0.1405171900987625,0.1407804936170578,,,,,,,,,,,,,,,,,
20201009.0,0.1385809928178787,0.1317949444055557,0.0538625791668891,0.0924873426556587,0.095635212957859,0.0446496419608593,0.0479750968515872,12.0,0.2564709782600403,1.531266450881958,298.3208923339844,1.11833393573761,281.0257568359375,267.1220703125,0.0004351138486526,1.0509518384933472,200.0,0.0763727948069572,0.0610833341876666
20201010.0,0.137308195233345,0.1372345387935638,,,,,,,,,,,,,,,,,
20201011.0,0.1360187381505966,0.1374317407608032,,,,,0.0401928760111331,,,,,,,,,,,,
20201012.0,0.1344931572675705,0.1260411739349365,0.0461988598108291,0.0886589735746383,0.0904149189591407,,0.0458998382091522,12.0,0.2564709782600403,1.531266450881958,298.0484924316406,1.09319269657135,282.5382385253906,267.3045654296875,0.0030148513615131,0.915779709815979,200.0,0.0681432336568832,0.0582916662096977
20201013.0,0.1338302940130233,0.1238057389855384,,,,,,,,,,,,,,,,,
20201014.0,0.1333367228507995,0.1373361945152282,0.0572427436709404,0.0798185169696807,0.0857010781764984,0.0467523634433746,0.0515152439475059,12.0,0.2564709782600403,1.531266450881958,298.7749328613281,1.076838493347168,281.90728759765625,268.44000244140625,0.0,0.9287036061286926,200.0,0.0700197517871856,0.0569130431698716
20201015.0,0.1327019929885864,0.1320195347070694,0.0428611747920513,0.0788400694727897,0.0807471051812172,,,12.0,0.2564709782600403,1.531266450881958,296.8499450683594,1.0675729513168335,283.644287109375,267.91778564453125,0.0,0.6120153665542603,200.0,0.0550835952162742,0.0512083331122994
20201016.0,0.1324936598539352,0.1147489622235298,,,,,0.046632282435894,,,,,,,,,,,,
20201017.0,0.1323340088129043,0.1174849197268486,0.047961413860321,0.087872177362442,0.0932297781109809,,0.0326242856681346,12.0,0.2564709782600403,1.531266450881958,292.4305114746094,1.0416520833969116,277.7417907714844,264.77545166015625,0.0012814997462555,0.5924453735351562,200.0,0.0655770450830459,0.0442083325857917
20201018.0,0.1321562826633453,0.135375440120697,,,,,,,,,,,,,,,,,
20201019.0,0.1322236061096191,0.1406614333391189,,,,0.0488253086805343,0.0483718365430831,,,,,,,,,,,,
20201020.0,0.1324712336063385,0.1418319344520568,0.0476789474487304,0.0799712464213371,0.0820770561695098,,,12.0,0.2564709782600403,1.531266450881958,292.11737060546875,1.0025835037231443,278.5911560058594,263.18072509765625,0.0452268831431865,0.3681053519248962,200.0,0.0532055124640464,0.0472631587793953
20201021.0,0.1325685828924179,0.1483740210533142,,,,,,,,,,,,,,,,,
20201022.0,0.1323432326316833,0.1585821211338043,0.0581311807036399,0.0967937186360359,0.0969004854559898,0.0507388673722744,0.0533463545143604,12.0,0.2564709782600403,1.531266450881958,298.6135559082031,0.976572036743164,279.95703125,264.6708374023437,0.000426173210144,0.4744215011596679,200.0,0.0643754601478576,0.0514782612090525
20201023.0,0.1438756287097931,0.1836508363485336,0.102827176451683,0.1686323136091232,0.1506635099649429,,,12.0,0.2564709782600403,1.531266450881958,291.4715881347656,0.963607907295227,268.769775390625,247.166244506836,1.5627435445785522,0.4050379395484924,200.0,0.0904356986284256,0.049409091133963
20201024.0,0.1498734056949615,0.1516949832439422,,,,0.0797191262245178,0.0834376066923141,,,,,,,,,,,,
20201025.0,0.147726833820343,0.1471981108188629,0.0605696775019168,0.1013377830386161,0.1005111113190651,,,12.0,0.2564709782600403,1.531266450881958,289.2475891113281,0.9377632737159728,273.517333984375,258.2319030761719,0.0555156283080577,0.3175671994686126,200.0,0.0608616657555103,0.0479166667597989
20201029.0,0.3588941991329193,0.2518719434738159,,,,0.290753424167633,0.3921018242835998,,,,,,,,,,,,
20201030.0,0.3355056345462799,0.2359450459480285,0.2305820286273956,0.2346932888031005,0.2358227968215942,,0.1932432055473327,12.0,0.2564709782600403,1.531266450881958,282.5557861328125,0.8712849617004395,239.17984008789065,205.4353485107422,0.0034405547194182,1.7247281074523926,200.0,0.2012568265199661,0.218583332995574
20201031.0,0.3175801038742065,0.2179900407791137,0.2306500524282455,0.2351946532726287,0.2318190932273864,,,12.0,0.2564709782600403,1.531266450881958,285.6112976074219,0.8640294671058655,241.74832153320312,210.45526123046875,0.0008523463038727,2.00943374633789,200.0,0.1996788084506988,0.209416666999459
20201101.0,0.3019431829452514,0.2148682177066803,,,,0.2137306183576584,0.2378002256155014,,,,,,,,,,,,
20201102.0,0.2895000576972961,0.1986882090568542,0.192377820611,0.2162713557481765,0.195292517542839,,,12.0,0.2564709782600403,1.531266450881958,285.2103576660156,0.8940534591674805,250.8328857421875,224.9801025390625,0.0004351138486526,1.7899127006530762,200.0,0.1650581061840057,0.192208331699173
20201103.0,0.2775592803955078,0.1874760240316391,,,,,0.1633350700139999,,,,,,,,,,,,
20201104.0,0.2647468447685241,0.1893443316221237,,,,,0.2043824642896652,,,,,,,,,,,,
20201105.0,0.2533774971961975,0.1821942925453186,0.153074711561203,0.1706273704767227,0.1568790078163147,,,12.0,0.2564709782600403,1.531266450881958,291.3700256347656,0.9417585730552672,261.6566162109375,237.17987060546875,0.0,1.8688373565673828,200.0,0.1473647356033325,0.173666665951411
20201106.0,0.2457251101732254,0.1731977611780166,,,,0.1465505063533783,0.156285285949707,,,,,,,,,,,,
20201107.0,0.2401222139596939,0.1784077882766723,0.1248776093125343,,,,,,,,,,,,,,,,
20201108.0,0.2322029769420623,0.1647163182497024,0.123202696442604,0.1509822756052017,0.1376714706420898,,,12.0,0.2564709782600403,1.531266450881958,291.51446533203125,0.9908068180084229,266.75048828125,245.856185913086,0.0002990686334669,1.4791935682296753,200.0,0.1267678141593933,0.159125000238419
20201109.0,0.2249771058559417,0.1639155149459839,,,,0.128665953874588,0.1465803980827331,,,,,,,,,,,,
20201110.0,0.2170263975858688,0.1613845378160476,0.1156217455863952,0.1514377295970916,0.136984720826149,,,12.0,0.2564709782600403,1.531266450881958,292.156494140625,1.0237271785736084,268.7236328125,249.07199096679688,0.0020002475939691,1.8155324459075928,200.0,0.1241240948438644,0.151583332568407
20201111.0,0.2093515247106552,0.1489729434251785,,,,0.0845297649502754,0.0847193822264671,,,,,,,,,,,,
20201112.0,0.2046424448490142,0.152222603559494,,,,,,,,,,,,,,,,,
20201113.0,0.1998447924852371,0.147792786359787,0.0839713886380195,,,,,,,,,,,,,,,,
20201114.0,0.197283923625946,0.1489144414663314,,,,0.0916422605514526,0.1043733060359954,,,,,,,,,,,,
20201115.0,0.189943328499794,0.1391245722770691,0.0723482966423034,,,,,,,,,,,,,,,,
20201116.0,0.185176596045494,0.12945057451725,0.0709749832749366,0.1179447770118713,0.1125246807932853,0.0729721561074256,0.0822473838925361,12.0,0.2564709782600403,1.531266450881958,284.6937866210937,1.122863531112671,268.53338623046875,251.8392944335937,0.0017061256803572,1.2128126621246338,200.0,0.111401654779911,0.122875001591941
20201117.0,0.1810541599988937,0.1337774693965912,,,,,0.0560014657676219,,,,,,,,,,,,
20201118.0,0.1767140626907348,0.137369304895401,0.0759877488017082,0.1102174296975135,0.1086641699075698,,,12.0,0.2564709782600403,1.531266450881958,287.3894958496094,1.1442720890045166,269.8558349609375,256.1116943359375,0.0008523463620804,1.14314067363739,200.0,0.1030943989753723,0.115958333325883
20201119.0,0.1725050806999206,0.1447830945253372,,,,0.0763748958706855,0.0878322720527648,,,,,,,,,,,,
20201120.0,0.1695412993431091,0.1486052423715591,,,,,,,,,,,,,,,,,
20201121.0,0.1674247831106186,0.1452728509902954,0.0738968178629875,0.1013141646981239,0.0994241684675216,,0.1036713793873786,12.0,0.2564709782600403,1.531266450881958,292.4576110839844,1.175999641418457,274.3290405273437,258.0888671875,0.0485279634594917,0.6990164518356323,200.0,0.0879501700401306,0.105416666716337
20201122.0,0.1692721545696258,0.145722821354866,,,,,0.078127384185791,,,,,,,,,,,,
20201123.0,0.1750309914350509,0.1456227153539657,0.0693955272436142,,,,,,,,,,,,,,,,
20201124.0,0.1753063350915908,0.1558171212673187,0.0798777788877487,0.0937060788273811,0.0929555222392082,0.0808597430586814,0.0906704887747764,12.0,0.2564709782600403,1.531266450881958,292.5992431640625,1.2076749801635742,273.77392578125,257.7283020019531,0.4957578778266907,1.1960068941116333,200.0,0.0981905460357666,0.0976666665325562
20201125.0,0.1718659102916717,0.1341271847486496,,,,,,,,,,,,,,,,,
20201126.0,0.1681658774614334,0.1318350732326507,0.0665731206536293,0.1060516238212585,0.1048179194331169,,,12.0,0.2564709782600403,1.531266450881958,286.4351501464844,1.2288777828216553,270.15899658203125,255.54872131347656,0.0,0.933885097503662,200.0,0.0984803438186645,0.0884166654820244
20201127.0,0.1647346317768097,0.1341703683137893,,,,0.0555082410573959,0.0563371703028678,,,,,,,,,,,,
20201128.0,0.2150442898273468,0.1291916817426681,,,,,,,,,,,,,,,,,
20201129.0,0.3272207379341125,0.2559008002281189,0.2682686448097229,0.2892076969146728,0.2628309428691864,0.2626674473285675,0.2686544358730316,12.0,0.2564709782600403,1.531266450881958,279.51043701171875,1.2608797550201416,234.37173461914065,205.81906127929688,0.0001439560292055,0.8286502957344055,200.0,0.2322180718183517,0.227818182923577
20201201.0,0.2735664248466491,0.2160735130310058,0.251633733510971,,,,,,,,,,,,,,,,
20201202.0,0.2575175762176513,0.2089879065752029,0.2449032664299011,0.2367276549339294,0.2237933874130249,0.2005432695150375,0.2288583070039749,12.0,0.2564709782600403,1.531266450881958,280.3467102050781,1.2915147542953491,241.1614532470703,211.60821533203125,0.002133845584467,0.6932779550552368,200.0,0.2053053379058838,0.203249999632438
20201203.0,0.2485768347978592,0.2074190527200698,,,,,,,,,,,,,,,,,
20201206.0,0.2288264632225036,0.1848282217979431,,,,,,,,,,,,,,,,,
20201207.0,0.2220035046339035,0.1768015474081039,0.1938651949167251,0.184234470129013,0.1722342222929,0.1554900109767913,0.1706289798021316,12.0,0.2564709782600403,1.531266450881958,280.6941833496094,1.282894730567932,250.6932678222656,223.8109130859375,0.0,0.7946539521217346,200.0,0.1689919531345367,0.182684212138778
20201208.0,0.2157262712717056,,,,,,,,,,,,,,,,,,
20201209.0,0.208269327878952,,,,,,0.1844233572483062,,,,,,,,,,,,
20201210.0,0.2000345289707183,0.1635095030069351,0.1680812537670135,0.1630958318710327,0.1500454097986221,,0.1638233661651611,12.0,0.2564709782600403,1.531266450881958,285.32928466796875,1.276899814605713,257.3634338378906,233.2680206298828,0.0,1.1213775873184204,200.0,0.1493949741125106,0.170083331565062
20201211.0,0.1974635869264602,0.1685396134853363,,,,,,,,,,,,,,,,,
20201212.0,0.1949845105409622,0.1642880290746688,0.1639536321163177,0.1882575750350952,0.1652899086475372,0.1519639641046524,0.1600695848464965,12.0,0.2564709782600403,1.531266450881958,281.1379089355469,1.272905945777893,254.73019409179688,232.58251953125,0.0,0.6067126989364624,200.0,0.1520657837390899,0.168150000274181
20201213.0,0.2301995158195495,0.1660656929016113,,,,,,,,,,,,,,,,,
20201215.0,0.2654253542423248,,0.1666158884763717,0.1751573085784912,0.1600944846868515,0.1546956747770309,0.1600695848464965,12.0,0.2564709782600403,1.531266450881958,278.7143249511719,1.2669148445129397,251.6361846923828,227.32571411132807,0.0306984055787324,0.6309952735900879,200.0,0.1617175936698913,0.159166666989525
20201218.0,0.2406932413578033,0.1517768055200576,0.1542197912931442,0.1596710383892059,0.1438203752040863,,,12.0,0.2564709782600403,1.531266450881958,281.9568786621094,1.261039972305298,255.72076416015625,234.5160369873047,0.0008523463038727,0.7732825875282288,200.0,0.1516805589199066,0.150541665653388
20201219.0,0.2335343807935714,,,,,,,,,,,,,,,,,,
20201221.0,0.2185186445713043,,,,,,,,,,,,,,,,,,
20201222.0,0.2113853543996811,,,,,0.109232060611248,0.1195715218782424,,,,,,,,,,,,
20201223.0,0.2042665928602218,0.1473911851644516,0.1050180047750473,0.1186846122145652,0.1117841005325317,,0.0726340562105178,12.0,0.2564709782600403,1.531266450881958,286.5409851074219,1.2556121349334717,265.7011108398437,246.79055786132807,0.0008523463038727,0.9339001774787904,200.0,0.1216937527060508,0.14309090714563
20201226.0,0.1852408647537231,,0.1051162332296371,0.1288013607263565,0.1195474788546562,,,12.0,0.2564709782600403,1.531266450881958,282.0036926269531,1.2524181604385376,261.359375,243.7841644287109,0.0021487474441528,0.86720210313797,200.0,0.1366638839244842,0.133473684913234
20201227.0,0.1791435480117797,,,,,,0.1406598091125488,,,,,,,,,,,,
20201228.0,0.1742026209831237,,0.094301164150238,0.1071396470069885,0.1032474189996719,,0.1025727093219757,12.0,0.2564709782600403,1.531266450881958,282.5906982421875,1.2502895593643188,266.61700439453125,249.5230712890625,0.2668695449829101,0.5059034824371338,200.0,0.096685416996479,0.129333332801859
20201229.0,0.2118723392486572,,,,,,,,,,,,,,,,,,
20201230.0,0.2533051967620849,0.1847071647644043,,,,0.2355780601501464,0.2595599293708801,,,,,,,,,,,,
20201231.0,0.2783878445625305,0.2217984199523925,0.2290880978107452,,,,,12.0,0.2564709782600403,1.531266450881958,275.3117980957031,1.2468903064727783,238.21954345703125,208.18331909179688,8.142566680908203,1.3408337831497192,200.0,0.1972616016864776,0.133565219848052
20210102.0,0.3194637298583984,0.2185382097959518,0.2798284292221069,,,0.2471219599246978,,,,,,,,,,,,,
20210103.0,0.330736756324768,0.2109463065862655,0.270821750164032,0.2501498460769653,0.2392125129699707,,,12.0,0.2564709782600403,1.531266450881958,277.10009765625,1.2490841150283811,233.9722137451172,203.07843017578125,0.0008583068847656,0.9755969047546388,200.0,0.2262781411409378,0.222863637588241
20210104.0,0.3269864618778229,0.2075967192649841,,,,0.1989182978868484,0.2052064538002014,,,,,,,,,,,,
20210105.0,0.3227130770683288,0.2033221274614334,0.2289560288190841,0.2259465008974075,0.2134635895490646,,,12.0,0.2564709782600403,1.531266450881958,278.6662902832031,1.2519688606262207,240.06295776367188,210.3304901123047,0.0008523463038727,0.993912637233734,200.0,0.2043108642101287,0.20985000282526
20210106.0,0.3129667937755584,,,,,,,,,,,,,,,,,,
20210107.0,0.2951762974262237,,,,,0.1663872897624969,0.1897946149110794,,,,,,,,,,,,
20210110.0,0.2732470035552978,0.1750465780496597,0.1854690760374069,,,,0.119815669953823,12.0,0.2564709782600403,1.531266450881958,276.095703125,1.2593941688537598,250.30661010742188,225.9747314453125,9.726370811462402,0.5081260800361633,200.0,0.1627451777458191,0.189791664481163
20210114.0,0.3171841502189636,0.2097537219524383,,,,,0.2597735524177551,,,,,,,,,,,,
20210115.0,0.30088672041893,0.1927389502525329,,,,,0.186559647321701,,,,,,,,,,,,
20210118.0,0.2659567594528198,,0.1882299035787582,0.2101647555828094,0.1800165921449661,,,12.0,0.2564709782600403,1.531266450881958,280.2431640625,1.276896357536316,246.8051147460937,224.06398010253903,0.000435113790445,1.1928021907806396,200.0,0.1863128244876861,0.195526313624884
20210119.0,0.2562052011489868,,0.2023795992136001,0.189191073179245,0.1678343564271927,,0.1747795045375824,12.0,0.2564709782600403,1.531266450881958,280.8783569335937,1.2851933240890503,250.42544555664065,226.51937866210932,0.0,0.7595916390419006,200.0,0.1718326658010482,0.191291666279236
20210120.0,0.2504047453403473,,,,,0.1554471552371978,0.153874322772026,,,,,,,,,,,,
20210121.0,0.2475870549678802,0.1787458956241607,0.1835279762744903,0.1634231507778167,0.148171529173851,,,12.0,0.2564709782600403,1.531266450881958,284.517822265625,1.30021870136261,254.47659301757807,231.17514038085932,0.0,0.9310708045959472,200.0,0.1612607538700103,0.189318180084229
20210122.0,0.2420831024646759,0.1661015152931213,,,,0.1392202377319336,0.1514633595943451,,,,,,,,,,,,
20210123.0,0.2417843341827392,0.1705299317836761,,,,,,,,,,,,,,,,,
20210124.0,0.2526073157787323,,0.1745087802410125,0.1504358649253845,0.1373838931322097,,,12.0,0.2564709782600403,1.531266450881958,285.9173889160156,1.323121190071106,258.3714599609375,235.9052734375,4.268309116363525,0.3060601055622101,200.0,0.1380262374877929,0.186708335454265
20210125.0,0.3378259241580963,0.2087817341089248,,,,0.2503515183925628,0.2945951819419861,,,,,,,,,,,,
20210129.0,0.2822803258895874,0.1876967549324035,0.2014798820018768,0.1979434043169021,0.1769801378250122,,,12.0,0.2564709782600403,1.531266450881958,280.2496337890625,1.3614649772644043,247.1688537597656,222.0311279296875,0.0922631099820137,1.0630555152893066,200.0,0.1835386604070663,0.216333335265517
20210130.0,0.2831521332263946,0.1822673082351684,,,,0.1662056148052215,0.1773735731840133,,,,,,,,,,,,
20210131.0,0.2716608941555023,,,,,,,,,,,,,,,,,,
20210202.0,0.2550133764743805,0.1726579219102859,,,,,0.136204108595848,,,,,,,,,,,,
20210203.0,0.2449554949998855,,,,,,,,,,,,,,,,,,
20210204.0,0.2332168966531753,,0.1499810665845871,0.1428314000368118,0.1306155323982238,0.1374568790197372,0.1651966869831085,12.0,0.2564709782600403,1.531266450881958,288.7627868652344,1.3741987943649292,263.128662109375,241.52081298828125,0.0012844800949096,1.470889687538147,200.0,0.1372673958539962,0.169708332046866
20210205.0,0.2319620549678802,,,,,,,,,,,,,,,,,,
20210206.0,0.2292193919420242,,0.1118595674633979,0.135174810886383,0.1238646134734153,,0.093142494559288,12.0,0.2564709782600403,1.531266450881958,282.3376770019531,1.3572218418121338,261.9832763671875,244.61538696289065,0.0012891325168311,1.2357558012008667,200.0,0.1345981657505035,0.145913045043531
20210207.0,0.2222474664449691,0.1462838351726532,,,,0.0873536095023155,0.0889614522457122,,,,,,,,,,,,
20210208.0,0.2148020267486572,0.1372509747743606,,,,,,,,,,,,,,,,,
20210221.0,0.3021773397922516,0.205300897359848,,,,,,,,,,,,,,,,,
20210223.0,0.2687593102455139,0.175513282418251,,,,,,,,,,,,,,,,,
20210224.0,0.2470208257436752,0.1730144619941711,,,,,0.1734366863965988,,,,,,,,,,,,
20210225.0,0.2343970835208892,0.1468888968229293,0.1235768646001815,0.1446001827716827,0.1326435953378677,0.1305248439311981,0.1524399518966674,12.0,0.2564709782600403,1.531266450881958,279.77587890625,1.300489068031311,257.7939147949219,235.9947509765625,2.0919294357299805,0.7107282876968384,200.0,0.1447936296463012,0.158916668345531
20210226.0,0.2562755346298218,0.1715898662805557,,,,,,,,,,,,,,,,,
20210227.0,0.2430562525987625,0.1553546786308288,0.1165315881371498,,,0.1190980151295661,0.1364787817001342,,,,,,,,,,,,
20210228.0,0.2319364249706268,0.1587835848331451,0.1179221048951149,0.1267651170492172,0.1180790290236473,,,12.0,0.2564709782600403,1.531266450881958,288.2257080078125,1.320912480354309,264.3496398925781,244.2413330078125,0.0025586776901036,1.413148045539856,200.0,0.1309925019741058,0.141791667168339
20210301.0,0.2219406813383102,,,,,,,,,,,,,,,,,,
20210303.0,0.2046602368354797,0.1503857672214508,,,,,,,,,,,,,,,,,
20210304.0,0.194152683019638,,,,,,,,,,,,,,,,,,
20210305.0,0.1854955106973648,0.1408394575119018,0.0933038592338562,0.1132067218422889,0.108561061322689,,,12.0,0.2564709782600403,1.531266450881958,288.1556091308594,1.3547112941741943,267.3736267089844,251.31820678710932,0.132483422756195,0.8254989981651306,200.0,0.1165525093674659,0.104166667287548
20210306.0,0.1826854944229126,0.1372908651828766,,,,,,,,,,,,,,,,,
20210307.0,0.1765032112598419,0.1367393136024475,,,,0.0680809542536735,0.0799890160560607,,,,,,,,,,,,
20210308.0,0.1702961474657058,0.1457225531339645,0.0676528438925743,0.0907657742500305,0.0882972627878189,,,12.0,0.2564709782600403,1.531266450881958,288.1630249023437,1.3851397037506104,270.314453125,252.8201446533203,0.0004410743713378,1.2226147651672363,200.0,0.1068909764289856,0.0983333336189389
20210309.0,0.1653080433607101,,,,,,0.0676595345139503,,,,,,,,,,,,
20210310.0,0.1612025052309036,0.1438991874456405,0.0758696049451828,0.0956778898835182,0.0951175689697265,,0.0501113943755626,12.0,0.2564709782600403,1.531266450881958,294.9540100097656,1.408106803894043,273.0653076171875,257.5330810546875,0.0012934207916259,1.5125900506973269,200.0,0.1145978793501854,0.0980000008518497
20210311.0,0.1560571491718292,,,,,,,,,,,,,,,,,,
20210312.0,0.1532852947711944,,,,,0.0697272419929504,0.0903347879648208,,,,,,,,,,,,
20210313.0,0.1532942950725555,0.1570704132318496,0.0724376365542411,0.0926351994276046,0.093117855489254,,,12.0,0.2564709782600403,1.531266450881958,294.8436889648437,1.4429312944412231,275.89111328125,260.509765625,0.3955982029438019,0.7294866442680359,200.0,0.1006357222795486,0.0973913044385288
20210314.0,0.3072427809238434,0.2658598124980926,,,,,0.2537308931350708,,,,,,,,,,,,
20210315.0,0.2838738560676574,0.2255365550518036,,,,,0.1964171230792999,,,,,,,,,,,,
20210316.0,0.2526441216468811,0.1845561563968658,0.176319807767868,0.1671510189771652,0.1587225347757339,,,12.0,0.2564709782600403,1.531266450881958,289.9446716308594,1.4779300689697266,259.5767822265625,232.42254638671875,0.09217119961977,2.1496775150299072,200.0,0.1609331220388412,0.174499999731779
20210317.0,0.2447353601455688,0.1921176016330719,,,,0.1260756254196167,0.1337931454181671,,,,,,,,,,,,
20210318.0,0.234294444322586,0.1624381393194198,0.126500055193901,0.1462413370609283,0.134193018078804,,,12.0,0.2564709782600403,1.531266450881958,283.1195373535156,1.501359462738037,262.2141418457031,241.65707397460932,0.0008523463038727,1.6312803030014038,200.0,0.1349905729293823,0.138375001649062
20210319.0,0.2190630286931991,0.156683012843132,,,,,,,,,,,,,,,,,
20210320.0,0.2061961442232132,0.1614604443311691,,,,0.0661243423819542,0.0698873847723007,,,,,,,,,,,,
20210321.0,0.1922218054533004,0.1486752480268478,0.0835436657071113,0.1017179936170578,0.0976158827543258,,,12.0,0.2564709782600403,1.531266450881958,289.6520690917969,1.5381057262420654,270.75958251953125,252.18032836914065,0.0017195938853546,1.7258082628250122,200.0,0.1128997653722763,0.105583334031204
20210322.0,0.2013920545578003,0.1507627069950103,,,,0.0535163693130016,0.0606402792036533,,,,,,,,,,,,
20210323.0,0.2842621207237243,0.2360160499811172,,,,,,,,,,,,,,,,,
20210324.0,0.2526801824569702,0.1916639953851699,0.1808964163064956,0.1961872577667236,0.1722904443740844,,,12.0,0.2564709782600403,1.531266450881958,286.715576171875,1.5357331037521362,255.5424194335937,233.06558227539065,0.0232258364558219,1.5823265314102173,200.0,0.1657146215438842,0.100375000697871
20210325.0,0.2343403697013855,0.1857140958309173,,,,0.1058677062392234,0.1145359650254249,,,,,,,,,,,,
20210326.0,0.2152589559555053,0.169659674167633,0.1278115659952163,0.1285485476255417,0.120465837419033,,,12.0,0.2564709782600403,1.531266450881958,289.6210021972656,1.5242010354995728,266.07733154296875,246.3494873046875,0.000426173210144,2.330110788345337,200.0,0.1325324922800064,0.100272727283564
20210327.0,0.1957473903894424,0.1601932346820831,,,,0.0465932339429855,0.061738945543766,,,,,,,,,,,,
20210328.0,0.1813456267118454,0.1490846872329712,,,,,0.0448622107505798,,,,,,,,,,,,
20210329.0,0.1696513593196869,0.1525367498397827,0.0786928758025169,0.0970621332526207,0.093796782195568,,,12.0,0.2564709782600403,1.531266450881958,291.5212707519531,1.5060676336288452,273.0887756347656,255.12355041503903,0.001709257485345,1.8201674222946167,200.0,0.107716754078865,0.0980434780535491
20210330.0,0.1597456336021423,0.14940245449543,,,,0.0535531118512153,0.0554216131567955,,,,,,,,,,,,
20210331.0,0.1540196537971496,0.1425196677446365,,,,,,,,,,,,,,,,,
20210401.0,0.1502107977867126,0.1313971430063247,0.052140187472105,0.0900054648518562,0.0909102112054824,,0.0341196954250335,12.0,0.2564709782600403,1.531266450881958,288.4727478027344,1.4879803657531738,272.01776123046875,256.7176208496094,0.0017239976441487,1.175858974456787,200.0,0.0979344099760055,0.0893043486968331
20210402.0,0.1473588794469833,0.1314531862735748,,,,,0.0227973274886608,,,,,,,,,,,,
20210403.0,0.1471444368362426,0.1460391730070114,0.0567514561116695,0.0823264196515083,0.0856776088476181,,,12.0,0.2564709782600403,1.531266450881958,292.0797424316406,1.475947618484497,274.1864624023437,259.7611694335937,0.0008523463620804,0.9618157744407654,200.0,0.0970908552408218,0.085875000183781
20210404.0,0.1453839689493179,0.1500778794288635,,,,0.0477413795888423,0.0516068004071712,,,,,,,,,,,,
20210405.0,0.1454932689666748,0.1528079956769943,,,,,,,,,,,,,,,,,
20210406.0,0.1427789628505706,0.1506636291742324,0.0729189366102218,0.0834701135754585,0.0817977115511894,,,12.0,0.2564709782600403,1.531266450881958,297.6312866210937,1.456886649131775,278.69305419921875,261.1342163085937,0.0024419259279966,1.1528100967407229,200.0,0.1010669693350792,0.0846956521272659
20210407.0,0.1397564858198166,0.1382090747356414,,,,0.0410915650427341,0.0351268053054809,,,,,,,,,,,,
20210408.0,0.1376653015613556,0.1217097789049148,,,,,,,,,,,,,,,,,
20210409.0,0.1357130259275436,0.1513570249080658,0.0470214262604713,0.0742980241775512,0.0782970041036605,0.0443547815084457,0.0464796908199787,12.0,0.2564709782600403,1.531266450881958,296.72039794921875,1.466125726699829,279.0045166015625,264.46875,0.0,1.095245599746704,200.0,0.0941214710474014,0.082181817767295
20210410.0,0.1343094259500503,0.1261936724185943,,,,,,,,,,,,,,,,,
20210411.0,0.1333694458007812,0.1216838806867599,0.0418660268187522,0.0776682719588279,0.0797794759273529,,,12.0,0.2564709782600403,1.531266450881958,294.6702575683594,1.479493260383606,277.724609375,262.3357849121094,0.0004351138486526,0.9314906001091005,200.0,0.0921210795640945,0.0763913036688514
20210412.0,0.1325990408658981,0.1306568384170532,,,,0.0438274070620536,0.0456556901335716,,,,,,,,,,,,
20210413.0,0.1323529779911041,0.1459496617317199,,,,,,,,,,,,,,,,,
20210414.0,0.1451469212770462,0.1716584712266922,0.1506735235452652,0.1850714981555938,0.1806645840406417,0.235254168510437,0.2638630270957947,12.0,0.2564709782600403,1.531266450881958,288.3483581542969,1.5002261400222778,256.52178955078125,227.01364135742188,5.667226314544678,1.398191213607788,200.0,0.1587122976779937,0.0814166652659575
20210415.0,0.2140571922063827,,,,,,0.18390454351902,,,,,,,,,,,,
20210416.0,0.2975437641143799,0.3083992898464203,0.2800588011741638,,,,,,,,,,,,,,,,
20210417.0,0.2869460582733154,0.2780762016773224,0.2707603573799133,0.2906282246112823,0.2941830158233642,,,12.0,0.2564709782600403,1.531266450881958,285.64617919921875,1.521019697189331,232.76133728027344,196.7589111328125,0.0025186769198626,1.8064444065094,200.0,0.2599888741970062,0.24554166632394
20210418.0,0.2539272606372833,0.2646879255771637,,,,,,,,,,,,,,,,,
20210419.0,0.2252303808927536,0.2303988337516784,0.1981364041566848,0.2057518512010574,0.2123366147279739,,0.1717886924743652,12.0,0.2564709782600403,1.531266450881958,288.8388671875,1.5349156856536863,248.2152557373047,215.15011596679688,0.0,2.350630760192871,200.0,0.2048486918210983,0.210958332444231
20210420.0,0.2020182758569717,0.2091545164585113,,,,,0.1743827611207962,,,,,,,,,,,,
20210421.0,0.1908669024705886,0.1972802132368087,,,,,,,,,,,,,,,,,
20210422.0,0.1799465715885162,0.1846047341823578,0.1416904032230377,0.1447512060403823,0.1375218480825424,0.150166168808937,0.1523178815841674,12.0,0.2564709782600403,1.531266450881958,285.63104248046875,1.5570122003555298,262.7576904296875,238.46774291992188,0.23532135784626,0.5669055581092834,200.0,0.1285958439111709,0.161166667938232
20210423.0,0.1799015700817108,0.2147556692361831,,,,,,,,,,,,,,,,,
20210424.0,0.1783502548933029,0.1986022144556045,0.1358640789985656,,,,,,,,,,,,,,,,
20210425.0,0.1688781082630157,0.1843318939208984,0.0956462323665618,0.1281581073999405,0.1212455853819847,0.0894134044647216,0.104800559580326,12.0,0.2564709782600403,1.531266450881958,293.86578369140625,1.546799898147583,269.3231201171875,248.76416015625,0.0,1.6311042308807373,200.0,0.133794218301773,0.118916666445633
20210426.0,0.1573501825332641,0.1805532127618789,,,,,,,,,,,,,,,,,
20210427.0,0.1517200320959091,0.1709198057651519,0.0878313332796096,0.1026887372136116,0.1006254702806472,0.0784649476408958,0.0867030844092369,12.0,0.2564709782600403,1.531266450881958,300.43560791015625,1.5318045616149902,278.29864501953125,261.2847900390625,2.0539565086364746,1.0887733697891235,200.0,0.1214464157819747,0.101208333236476
20210428.0,0.3251022696495056,0.1806888580322265,,,,,,,,,,,,,,,,,
20210429.0,0.3747885525226593,0.2871972024440765,,,,,,,,,,,,,,,,,
20210430.0,0.3889955282211303,0.2864930629730224,0.316548079252243,0.3469792604446411,0.3450136482715606,0.2844736874103546,0.3074739873409271,12.0,0.2564709782600403,1.531266450881958,291.7173767089844,1.508653998374939,229.2439727783203,197.02993774414065,6.531792640686035,4.2100830078125,200.0,0.2591868042945862,0.261210526290693
20210501.0,0.3846105635166168,0.2889745235443115,,,,,,,,,,,,,,,,,
20210502.0,0.3623292148113251,0.2926358878612518,0.2923271954059601,,,0.2539184093475342,0.2842493951320648,,,,,,,,,,,,
20210503.0,0.3222132921218872,0.2409503012895584,0.2536740601062774,0.2365706861019134,0.2400949299335479,,0.1430097371339798,12.0,0.2564709782600403,1.531266450881958,295.3316955566406,1.485578536987305,247.7132873535156,212.98016357421875,0.0055127730593085,4.02311897277832,200.0,0.2284384965896606,0.217666665712992
20210504.0,0.2984700798988342,0.2521237432956695,,,,,,,,,,,,,,,,,
20210505.0,0.2805152535438537,0.2272883653640747,0.2219118624925613,0.1958686709403991,0.1886122375726699,0.1512582004070282,0.1589709222316742,12.0,0.2564709782600403,1.531266450881958,291.1716003417969,1.4702364206314087,255.98370361328125,226.32667541503903,0.0008523463038727,3.792763948440552,200.0,0.1783692091703415,0.177250000958641
20210506.0,0.2591559588909149,0.2147196829319,,,,,,,,,,,,,,,,,
20210507.0,0.2379995286464691,0.2180942893028259,,,,,0.079439677298069,,,,,,,,,,,,
20210508.0,0.218296930193901,0.188928484916687,0.1161554902791976,0.1291463971138,0.1210295855998992,,0.1112704873085022,12.0,0.2564709782600403,1.531266450881958,298.4298095703125,1.4457573890686035,274.1713256835937,252.3077850341797,0.1589747816324234,4.183917045593262,200.0,0.1282126456499099,0.110333333102365
20210509.0,0.1996883004903793,0.1935748159885406,,,,,,,,,,,,,,,,,
20210510.0,0.1928942948579788,0.182212695479393,0.0881547853350639,,,0.0524879433214664,0.0615558326244354,,,,,,,,,,,,
20210511.0,0.2676635682582855,0.2326902598142624,,0.2865197956562042,0.2564461529254913,,,12.0,0.2564709782600403,1.531266450881958,288.0542907714844,1.4624725580215454,243.38491821289065,214.691650390625,16.6639347076416,1.2236719131469729,200.0,0.1911132633686065,0.15741666747878
20210512.0,0.3332003951072693,0.2995540201663971,,,,,0.1903134286403656,,,,,,,,,,,,
20210513.0,0.2992305755615234,0.2516073286533355,0.2370757460594177,0.2270451188087463,0.2226199060678482,0.1907896846532821,0.2126834988594055,12.0,0.2564709782600403,1.531266450881958,290.7256774902344,1.484138011932373,248.03146362304688,215.9702606201172,0.0312557145953178,2.4311952590942383,200.0,0.2090312987565994,0.213541666045785
20210514.0,0.2747702002525329,0.2362419366836547,,,,,,,,,,,,,,,,,
20210515.0,0.2522928118705749,0.2224786132574081,,,,0.133291095495224,0.1368449926376342,,,,,,,,,,,,
20210516.0,0.3845881223678589,0.2227752357721328,0.223940908908844,0.2199891805648803,0.203403890132904,,,12.0,0.2564709782600403,1.531266450881958,293.7076110839844,1.5176870822906494,254.55270385742188,225.63601684570312,24.818727493286133,3.110931634902954,200.0,0.1663051545619964,0.1609583341827
20210517.0,0.3851467669010162,0.1844444870948791,,,,,,,,,,,,,,,,,
20210518.0,0.3960024416446686,,0.3339065015316009,0.3597224652767181,0.3521512746810913,0.2899449467658996,0.3191625773906708,12.0,0.2564709782600403,1.531266450881958,293.0262756347656,1.5401411056518557,226.8135986328125,191.7200927734375,14.410703659057615,3.130805015563965,200.0,0.268862783908844,0.282374999175469
20210519.0,0.3948932886123657,0.2901715338230133,0.3076607286930084,0.3131163120269775,0.3073652684688568,,,12.0,0.2564709782600403,1.531266450881958,294.4311828613281,1.5513944625854492,232.83023071289065,199.3326110839844,11.478599548339844,2.816524028778076,200.0,0.2703965306282043,0.267291667560736
20210520.0,0.3915629386901855,0.2906355559825897,,,,0.2426628768444061,0.3029572367668152,,,,,,,,,,,,
20210521.0,0.3506810665130615,0.259699672460556,0.2756182551383972,0.232018157839775,0.2274302691221237,,0.1401715129613876,12.0,0.2564709782600403,1.531266450881958,297.04998779296875,1.5739542245864868,249.730224609375,214.7465667724609,0.0,4.69399881362915,200.0,0.2317370176315307,0.23274999919037
20210522.0,0.3297524452209472,0.2332292348146438,,,,,,,,,,,,,,,,,
20210523.0,0.3737684190273285,0.2672048807144165,,,,0.173459306359291,0.2003540098667144,,,,,,,,,,,,
20210524.0,0.3515886664390564,0.2367525696754455,0.2185419648885727,0.1949230730533599,0.1845035851001739,,,12.0,0.2564709782600403,1.531266450881958,295.9322814941406,1.6099809408187866,259.2115783691406,229.5133056640625,1.756389021873474,2.48059344291687,200.0,0.1781965792179107,0.194708334282041
20210525.0,0.3417211174964905,0.2348703444004058,,,,,0.4192022383213043,,,,,,,,,,,,
20210526.0,0.3274827599525451,0.287476897239685,0.3190669119358063,0.299869567155838,0.2909538149833679,,0.4762108325958252,12.0,0.2564709782600403,1.531266450881958,298.1348571777344,1.607491970062256,238.54708862304688,202.49050903320312,0.7067628502845764,4.257791996002197,200.0,0.2851400971412658,0.273500001678864
20210527.0,0.2971515655517578,0.255715936422348,0.2864665985107422,0.2477708011865615,0.244542509317398,,,12.0,0.2564709782600403,1.531266450881958,299.8730163574219,1.5907959938049316,248.79640197753903,214.29757690429688,0.030199110507965,4.468758583068848,200.0,0.2550480365753174,0.249458330993851
20210528.0,0.3606987297534942,0.254957377910614,,,,0.1856678575277328,0.1991637945175171,,,,,,,,,,,,
20210529.0,0.3617378771305084,0.2516312897205353,0.2623370885848999,0.2364052981138229,0.233882799744606,,,12.0,0.2564709782600403,1.531266450881958,295.6445617675781,1.5640522241592407,249.98800659179688,215.96669006347656,1.0474729537963867,3.098662137985229,200.0,0.2276002615690231,0.223625002428889
20210530.0,0.3328616917133331,0.2352121919393539,,,,,0.18402661383152,,,,,,,,,,,,
20210531.0,0.3553637862205505,0.2351193875074386,,,,0.2844956517219543,0.2963041961193084,,,,,,,,,,,,
20210601.0,0.3676138520240783,0.3112060129642486,0.330121785402298,0.3143104910850525,0.3029736280441284,,,12.0,0.2564709782600403,1.531266450881958,293.7137756347656,1.5229026079177856,234.27947998046875,197.95590209960932,0.4503858089447021,3.038241386413574,200.0,0.2773615419864654,0.274166667213043
20210602.0,0.3396799862384796,0.3001944422721863,,,,0.353339821100235,0.4044618010520935,,,,,,,,,,,,
20210603.0,0.332080215215683,0.3006776869297027,0.3174133002758026,0.2954882383346557,0.2813315987586975,,,12.0,0.2564709782600403,1.531266450881958,296.9503173828125,1.4956004619598389,239.38473510742188,201.5767517089844,2.7131831645965576,3.625399112701416,200.0,0.2676298022270202,0.267708332588275
20210604.0,0.3217309713363647,0.265288233757019,,0.2366672754287719,0.2314098179340362,,,12.0,0.2564709782600403,1.531266450881958,297.1145935058594,1.481988549232483,249.3272705078125,214.4840087890625,0.0,4.400622367858887,200.0,0.2300665825605392,0.246791665131847
20210605.0,0.2923009097576141,0.2686343789100647,,,,0.1842139810323715,0.2096621543169021,,,,,,,,,,,,
20210606.0,0.2742126882076263,0.2219134867191314,0.2376804202795028,0.1961262822151184,0.1899320781230926,,,12.0,0.2564709782600403,1.531266450881958,298.349365234375,1.4548431634902954,259.36981201171875,227.9508056640625,0.1571189165115356,3.804479360580444,200.0,0.1979530751705169,0.218708332628012
20210607.0,0.2960970103740692,,,,,0.3029074072837829,0.3463545739650726,,,,,,,,,,,,
20210608.0,0.3126962184906006,0.2160218358039856,,,,,0.2083498686552047,,,,,,,,,,,,
20210609.0,0.2754139900207519,0.2626289427280426,0.2855935990810394,0.2575817108154297,0.2471806108951568,,,12.0,0.2564709782600403,1.531266450881958,303.175537109375,1.412352442741394,250.25592041015625,212.2777404785156,0.0001951974845724,5.182058811187744,200.0,0.2459829300642013,0.262375000864267
20210610.0,0.24125736951828,0.2474287450313568,,,,0.1993038356304168,0.221442312002182,,,,,,,,,,,,
20210611.0,0.2135479003190994,0.2240659892559051,0.2098066359758377,0.2087263017892837,0.1880076974630355,,,12.0,0.2564709782600403,1.531266450881958,304.5435791015625,1.4095580577850342,264.06317138671875,236.6334228515625,0.0,5.030451774597168,200.0,0.2071372717618942,0.220791664595405
20210612.0,0.1896947622299194,0.2116770595312118,0.1686003506183624,0.1620470881462097,0.1519946455955505,,0.1524704694747924,12.0,0.2564709782600403,1.531266450881958,305.7173767089844,1.4229912757873535,272.27850341796875,244.9211883544922,0.0013624409912154,4.7953619956970215,200.0,0.1821263879537582,0.198208332061768
20210613.0,0.1727088540792465,0.1924728453159332,,,,,0.0904873833060264,,,,,,,,,,,,
20210614.0,0.164083793759346,0.2460404634475708,0.2791433334350586,0.2594279646873474,0.213774174451828,,,12.0,0.2564709782600403,1.531266450881958,304.8193054199219,1.4436043500900269,259.0082397460937,234.63186645507807,0.0322762988507747,3.660895109176636,200.0,0.214070588350296,0.161666665847103
20210615.0,0.1555608212947845,0.2540036141872406,,,,0.1002648994326591,0.1214331462979316,,,,,,,,,,,,
20210616.0,0.1489946395158767,0.2155329138040542,,,,,,,,,,,,,,,,,
20210617.0,0.1435280591249466,0.1980371326208114,0.1416641622781753,0.1387888491153717,0.1269783824682235,,0.0574968717992305,12.0,0.2564709782600403,1.531266450881958,305.4017333984375,1.4758299589157104,277.7652893066406,257.98248291015625,0.0021427869796752,3.1806640625,200.0,0.1564788669347763,0.121500000047187
20210618.0,0.1392961740493774,0.1850351393222808,,,,0.0635179951786995,0.0555436871945858,,,,,,,,,,,,
20210619.0,0.1363115310668945,0.1754921674728393,0.1047012880444526,0.1132343783974647,0.1076257079839706,,,12.0,0.2564709782600403,1.531266450881958,306.5807800292969,1.4973958730697632,282.8009033203125,263.13092041015625,0.0012839790433645,2.633711338043213,200.0,0.1299126148223877,0.104749999009073
20210620.0,0.1341424435377121,0.1634256243705749,0.0942569524049758,0.0993320569396019,0.09473817050457,0.0591770522296428,0.0683919787406921,12.0,0.2564709782600403,1.531266450881958,306.71832275390625,1.5082035064697266,285.4712219238281,265.6114501953125,0.0017220586305484,2.3405966758728027,200.0,0.115949310362339,0.0956666668256124
20210621.0,0.1331829279661178,0.1677842736244201,,,,,,,,,,,,,,,,,
20210622.0,0.1339821964502334,0.1474800556898117,0.0888130515813827,0.1094818115234375,0.1054660752415657,,,12.0,0.2564709782600403,1.531266450881958,300.9911193847656,1.5298680067062378,280.35693359375,263.11151123046875,0.0006279395893216,1.6010499000549316,200.0,0.1151819676160812,0.0844999995703499
20210623.0,0.132966861128807,0.1600164622068405,,,,0.0540756955742836,0.0623493157327175,,,,,,,,,,,,
20210624.0,0.1321227401494979,0.1661301106214523,,,,,,,,,,,,,,,,,
20210625.0,0.1314844936132431,0.1530122458934784,0.0772190615534782,0.0796506032347679,0.0770850256085395,0.0396938845515251,0.0482802838087081,12.0,0.2564709782600403,1.531266450881958,307.5186767578125,1.5631002187728882,288.4161682128906,269.1771545410156,0.0021507525816559,1.4393486976623535,200.0,0.0998125374317169,0.0784999999133023
20210626.0,0.1313658505678177,0.1506723910570144,,,,,,,,,,,,,,,,,
20210627.0,0.3420293033123016,0.1714474260807037,0.2341819703578949,0.2647276222705841,0.2430475652217865,,,12.0,0.2564709782600403,1.531266450881958,299.97216796875,1.577409267425537,252.8563842773437,222.3456115722656,40.847755432128906,4.075067520141602,200.0,0.1800453662872314,0.188250000278155
20210628.0,0.3520040214061737,0.2590862214565277,0.2197586745023727,0.2144907265901565,0.2072485983371734,0.2228494137525558,0.2541886568069458,12.0,0.2564709782600403,1.531266450881958,298.9104309082031,1.57995343208313,258.3270568847656,226.6285095214844,7.77739953994751,3.52057147026062,200.0,0.1958849728107452,0.22037500080963
20210629.0,0.3563393652439117,0.2802923917770386,,,,,,,,,,,,,,,,,
20210630.0,0.3150700330734253,0.2934149205684662,0.2696080207824707,0.2534356415271759,0.2540202736854553,,0.4936368763446808,12.0,0.2564709782600403,1.531266450881958,300.4117126464844,1.5870099067687988,248.6930084228516,213.81448364257807,0.5660806894302368,3.530512571334839,200.0,0.2520045042037964,0.259874996418754
20210701.0,0.2867260873317718,0.2624722123146057,,,,,0.21692556142807,,,,,,,,,,,,
20210702.0,0.2655450403690338,0.2396783977746963,,,,,,,,,,,,,,,,,
20210703.0,0.2604736685752868,0.220841959118843,0.2213978469371795,0.2092573940753936,0.1929197758436203,0.1561966091394424,0.1789605468511581,12.0,0.2564709782600403,1.531266450881958,300.9381103515625,1.597238540649414,262.2816162109375,233.99203491210932,2.824862003326416,3.421897649765014,200.0,0.1958350837230682,0.208166666949789
20210704.0,0.2544994950294494,0.2602092623710632,,,,,,,,,,,,,,,,,
20210710.0,0.1875590085983276,0.1945390552282333,,,,,,,,,,,,,,,,,
20210713.0,0.2048099339008331,0.2452720254659652,0.2621358036994934,0.2332536727190017,0.2235397398471832,0.2157687693834304,0.2312997877597808,12.0,0.2564709782600403,1.531266450881958,301.4053955078125,1.6196821928024292,256.5648803710937,225.33453369140625,0.095749482512474,3.399465560913086,200.0,0.235195130109787,0.252458334589998
20210714.0,0.1825241297483444,0.2233638912439346,0.2089068293571472,0.1829284280538559,0.1735535860061645,,,12.0,0.2564709782600403,1.531266450881958,302.4324951171875,1.6088627576828003,267.18878173828125,238.4450836181641,0.0095323426648974,2.9259591102600098,200.0,0.1943500787019729,0.233166665459673
20210715.0,0.1665621101856231,0.2083676308393478,,,,,,,,,,,,,,,,,
20210716.0,0.1557824611663818,0.1798106729984283,0.1375682353973388,0.1387301236391067,0.1294587254524231,0.1160495951771736,0.1203650012612342,12.0,0.2564709782600403,1.531266450881958,304.63201904296875,1.5905965566635132,277.7337341308594,254.47164916992188,0.1073290035128593,2.037010908126831,200.0,0.1496240794658661,0.195291666314006
20210717.0,0.1501123011112213,0.1688234955072403,,,,,,,,,,,,,,,,,
20210718.0,0.145319789648056,0.2036689966917038,,,,,0.251533567905426,,,,,,,,,,,,
20210719.0,0.2446725070476532,0.2156870663166046,0.2408198565244674,0.2631542384624481,0.2345958650112152,,0.1330607086420059,12.0,0.2564709782600403,1.531266450881958,303.28564453125,1.56266188621521,255.1747131347656,226.8111572265625,14.857991218566896,4.050393104553223,200.0,0.2009566277265548,0.253571426584607
20210720.0,0.2705301344394684,0.2251187562942505,,,,,,,,,,,,,,,,,
20210721.0,0.2282139956951141,0.1940120309591293,0.1277382671833038,,,0.1195280328392982,0.1499374359846115,,,,,,,,,,,,
20210722.0,0.2013552635908126,0.1732514202594757,0.1017571091651916,0.137916088104248,0.1264725923538208,,,12.0,0.2564709782600403,1.531266450881958,301.6570129394531,1.5348345041275024,277.2673645019531,259.1817626953125,0.0527139864861965,2.7265007495880127,200.0,0.1494840532541275,0.211833332975705
20210723.0,0.1803277432918548,0.1772085428237915,,,,,0.0619830936193466,,,,,,,,,,,,
20210817.0,0.1628344357013702,0.1329488158226013,0.1775619238615036,0.1858813315629959,0.1671597808599472,,,12.0,0.2564709782600403,1.531266450881958,300.6112060546875,1.252504587173462,270.38702392578125,246.46978759765625,8.762106895446777,2.403278112411499,200.0,0.1245616897940635,0.154869565821212
20210818.0,0.255476176738739,0.1999809890985489,,,,0.148853063583374,0.1692556589841842,,,,,,,,,,,,
20210819.0,0.2499480694532394,0.2354300320148468,,,,,,,,,,,,,,,,,
20210820.0,0.2252866327762603,0.2092127799987793,0.1175219863653183,0.1141560599207878,0.1092317402362823,,,12.0,0.2564709782600403,1.531266450881958,304.0263061523437,1.2233774662017822,282.547607421875,259.1478881835937,0.2412019819021225,2.482290506362915,200.0,0.1085245385766029,0.113708333733181
20210821.0,0.1970043629407882,0.1723996996879577,,,,0.0826530456542968,0.1016571521759033,,,,,,,,,,,,
20210822.0,0.1757030636072158,0.1555474996566772,,,,,,,,,,,,,,,,,
20210823.0,0.1591227948665619,0.1361782848834991,0.0700832530856132,0.0972194671630859,0.0956729277968406,0.0472537204623222,0.0672627985477447,12.0,0.2564709782600403,1.531266450881958,305.0917053222656,1.194379210472107,285.0848999023437,267.947021484375,0.000435113790445,1.3884165287017822,200.0,0.086109772324562,0.0892916669448217
20210824.0,0.148992970585823,0.1381391584873199,,,,,0.0450758375227451,,,,,,,,,,,,
20210825.0,0.1425397247076034,0.1496344655752182,0.0597265362739563,0.0824541896581649,0.0837192460894584,,,12.0,0.2564709782600403,1.531266450881958,307.6615600585937,1.1751185655593872,288.3031616210937,272.0977783203125,0.0025961506180465,1.0019131898880005,200.0,0.0748911052942276,0.0818750010803342
20210828.0,0.1333683580160141,0.1422397196292877,0.053662035614252,0.0811190977692604,0.0815397277474403,,0.0455030985176563,12.0,0.2564709782600403,1.531266450881958,306.5768127441406,1.145841360092163,288.6600341796875,271.85565185546875,0.000426173210144,0.5518982410430908,200.0,0.0653228759765625,0.0817500008270144
20210829.0,0.1322416514158249,0.1304762810468673,,,,,0.0324716940522193,,,,,,,,,,,,
20210830.0,0.1318613439798355,0.1480721980333328,,,,,,,,,,,,,,,,,
20210831.0,0.1315128803253173,0.1373183876276016,0.0507610440254211,0.0847955122590065,0.0868475958704948,0.0594505704939365,0.0625934600830078,12.0,0.2564709782600403,1.531266450881958,307.424560546875,1.1299384832382202,286.9958801269531,271.48858642578125,0.0086072562262415,0.5019642114639282,200.0,0.0776505768299102,0.0835000009586414
20210901.0,0.1309126317501068,0.136382520198822,,,,,,,,,,,,,,,,,
20210905.0,0.1702224314212799,0.1307960450649261,0.0557079762220382,0.1017342433333396,0.0980335399508476,0.0883765742182731,0.1100192293524742,12.0,0.2564709782600403,1.531266450881958,303.1445617675781,1.1122053861618042,286.43359375,267.29742431640625,8.004857063293457,1.8629664182662964,200.0,0.0706104487180709,0.0770526324447833
20210906.0,0.2112098336219787,0.1472004503011703,,,,,,,,,,,,,,,,,
20210907.0,0.1851688176393509,0.1505626142024994,,,,,,,,,,,,,,,,,
20210908.0,0.1660937219858169,0.1633372157812118,0.1074891984462738,0.1412344127893448,0.1311860084533691,0.0965569913387298,0.1042207106947898,12.0,0.2564709782600403,1.531266450881958,305.1429748535156,1.1017072200775146,278.50787353515625,256.443603515625,0.49771648645401,1.329750418663025,200.0,0.1048349142074585,0.078875000278155
20210909.0,0.157341867685318,0.1557931005954742,,,,,,,,,,,,,,,,,
20210910.0,0.1481843888759613,0.1323864907026291,0.0609124228358268,0.0968551188707351,0.0968246459960937,0.0470553822815418,0.0549333170056343,12.0,0.2564709782600403,1.531266450881958,304.3876647949219,1.0947178602218628,284.7460021972656,268.991455078125,0.0,0.7764956951141357,200.0,0.0728339999914169,0.073958333581686
20210911.0,0.141946867108345,0.1304874569177627,,,,,0.0412610247731208,,,,,,,,,,,,
20210912.0,0.1375830024480819,0.1272217482328415,,,,,,,,,,,,,,,,,
20210913.0,0.1348658353090286,0.1281431913375854,0.0498321615159511,0.0873662680387497,0.0885308682918548,0.046826422214508,0.0518814660608768,12.0,0.2564709782600403,1.531266450881958,303.7611083984375,1.0849921703338623,285.6762084960937,269.76483154296875,0.0021517276763916,0.3664889931678772,200.0,0.0619890801608562,0.0682499998559554
20210922.0,0.1306868195533752,0.11460942029953,,,,,,,,,,,,,,,,,
20210923.0,0.1305157840251922,0.1260196715593338,0.0472115091979503,,,0.0407980717718601,0.0422070994973182,,,,,,,,,,,,
20210924.0,0.130396082997322,0.1220650374889373,0.0402512960135936,0.0808872431516647,0.0826077684760093,,,12.0,0.2564709782600403,1.531266450881958,298.9677734375,0.9560956954956056,283.23358154296875,267.491455078125,0.000435113790445,0.1477170139551162,200.0,0.0449328050017356,0.0622499996485809
20210925.0,0.1303246468305587,0.1185642555356025,,,,,,,,,,,,,,,,,
20210926.0,0.1302334070205688,0.1251568645238876,0.0439052768051624,0.0760216861963272,0.0766577720642089,0.046324148774147,0.0533768720924854,12.0,0.2564709782600403,1.531266450881958,300.9396057128906,0.9314660429954528,284.8124389648437,268.25360107421875,0.0004231928905937,0.1586391776800155,200.0,0.0456835851073265,0.062478261311417
20210927.0,0.1302372962236404,0.1208539605140686,,,,,,,,,,,,,,,,,
20210928.0,0.1323796361684799,0.1280708014965057,,,,0.0338508374989032,0.0338755473494529,,,,,,,,,,,,
20210929.0,0.2286489605903625,0.1333707571029663,0.0602154955267906,0.1043988317251205,0.1029409244656562,,0.0464796908199787,12.0,0.2564709782600403,1.531266450881958,300.097900390625,0.8943749666213989,281.9252624511719,265.9524841308594,2.3572328090667725,2.232441663742065,200.0,0.0822580605745315,0.0648333338710169
20210930.0,0.2027965784072876,0.1407858878374099,,,,,,,,,,,,,,,,,
20211001.0,0.19716776907444,0.2366332113742828,0.1990567296743393,,,0.1292414665222168,0.1398052871227264,,,,,,,,,,,,
20211002.0,0.1865394115447998,0.1953401416540146,0.2215258330106735,0.2513012290000915,0.2252063602209091,,,12.0,0.2564709782600403,1.531266450881958,298.201904296875,0.8665214776992798,254.31173706054688,227.0147705078125,0.1488963067531585,1.047131061553955,200.0,0.1442300081253051,0.160260869109112
20211003.0,0.1744041293859481,0.1955035030841827,,,,,0.1696829199790954,,,,,,,,,,,,
20211004.0,0.1628461182117462,0.1647585928440094,0.1185157746076583,0.1556448638439178,0.1399169117212295,,0.1336100399494171,12.0,0.2564709782600403,1.531266450881958,298.2099609375,0.850308895111084,271.197509765625,251.99465942382807,0.0,0.8320753574371338,200.0,0.1114122048020362,0.165083334470789
20211005.0,0.153782308101654,0.155895859003067,,,,,,,,,,,,,,,,,
20211006.0,0.1483656764030456,0.1401133090257644,,,,0.0782233029603958,0.0832239761948585,,,,,,,,,,,,
20211007.0,0.14387147128582,0.1456068456172943,0.0685449764132499,0.0918700993061065,0.0918438732624054,,,12.0,0.2564709782600403,1.531266450881958,299.2255859375,0.8262742757797241,280.634765625,264.5885925292969,0.0,0.4505247473716736,200.0,0.0590840093791484,0.12262500077486
20211008.0,0.1397529691457748,0.1405044049024582,,,,,,,,,,,,,,,,,
20211009.0,0.1365751177072525,0.1518594026565551,0.0696319565176963,,,0.0491205751895904,0.0518204309046268,,,,,,,,,,,,
20211010.0,0.1344656944274902,0.1386473029851913,0.0674043819308281,0.0852583199739456,0.0870662033557891,,,12.0,0.2564709782600403,1.531266450881958,302.7580871582031,0.8023396730422974,284.4647521972656,268.9789733886719,0.046826459467411,0.263295829296112,200.0,0.0531385764479637,0.0791666669150193
20211011.0,0.1335365176200866,0.1524245887994766,,,,0.0515470691025257,0.0516983568668365,,,,,,,,,,,,
20211012.0,0.1329906582832336,0.1435052901506424,0.0567251779139041,0.0812419280409812,0.0819571167230606,,,12.0,0.2564709782600403,1.531266450881958,297.197265625,0.7864387631416321,283.28179931640625,266.9110107421875,0.2961597144603729,0.3234473764896393,200.0,0.0430685468018054,0.072000000004967
20211013.0,0.169520303606987,0.1542377471923828,,,,,,,,,,,,,,,,,
20211015.0,0.1762836277484893,0.17283695936203,0.1333195716142654,0.1561322808265686,0.1461191624403,,,12.0,0.2564709782600403,1.531266450881958,292.8818359375,0.7626672387123108,269.09698486328125,244.3562164306641,0.0008523463038727,0.6922539472579956,200.0,0.0892101675271987,0.0824210530048922
20211016.0,0.1675527244806289,0.1599327027797699,,,,0.0906892716884613,0.0967436730861663,,,,,,,,,,,,
20211017.0,0.1597973704338073,0.1380378156900406,0.0878214836120605,,,,0.0791955292224884,,,,,,,,,,,,
20211018.0,0.1543402224779129,0.1389800161123275,0.074805237352848,0.1046335771679878,0.1012917309999466,,,12.0,0.2564709782600403,1.531266450881958,291.7080993652344,0.7390872836112976,274.70330810546875,256.61102294921875,0.000870227755513,0.3821776509284973,200.0,0.0594278946518898,0.0756250008319815
20211019.0,0.150020495057106,0.1492838263511657,,,,0.0678052902221679,0.0804467946290969,,,,,,,,,,,,
20211020.0,0.1463914960622787,0.1519672274589538,0.0702830031514167,0.0892329066991806,0.089305467903614,,,12.0,0.2564709782600403,1.531266450881958,298.503662109375,0.7234456539154053,280.227783203125,264.0196533203125,0.0,0.3162798583507538,200.0,0.0523488298058509,0.0717499998087684
20211021.0,0.1432617753744125,0.1432826668024063,,,,,0.0604266487061977,,,,,,,,,,,,
20211022.0,0.141258105635643,0.1486704498529434,,,,,0.0645466446876525,,,,,,,,,,,,
20211023.0,0.1401110142469406,0.1488131582736969,0.0696712359786033,0.0919903963804245,0.0903509557247161,,,12.0,0.2564709782600403,1.531266450881958,299.20086669921875,0.7000675201416016,280.398193359375,263.0865783691406,0.0071452003903687,0.2344716042280197,200.0,0.0523108653724193,0.0692500000198682
20211024.0,0.1378603428602218,0.1504532396793365,,,,0.0659214630722999,0.0723899081349372,,,,,,,,,,,,
20211025.0,0.1358304619789123,0.1441695839166641,0.0504133664071559,,,,,,,,,,,,,,,,
20211026.0,0.1346037089824676,0.1442413926124572,0.0661204829812049,0.0835958868265152,0.0805976837873458,,0.0718710869550705,12.0,0.2564709782600403,1.531266450881958,300.5000305175781,0.6767883896827698,282.7563781738281,263.7686462402344,0.0916545391082763,0.1672773212194442,200.0,0.0472730249166488,0.0678260867362437
20211027.0,0.1838199645280838,0.1639377474784851,,,,0.2236762344837188,0.2418591827154159,,,,,,,,,,,,
20211028.0,0.1778275817632675,0.1788890957832336,0.1576203107833862,0.1815469861030578,0.1685687750577926,,,12.0,0.2564709782600403,1.531266450881958,291.0223388671875,0.6613238453865051,262.7965087890625,236.3242645263672,0.0,0.8365199565887451,200.0,0.1106717959046363,0.0628333332327505
20211029.0,0.1673333197832107,0.1601970791816711,,,,0.1361641883850097,0.1366924047470092,,,,,,,,,,,,
20211030.0,0.1603344082832336,0.1516289114952087,,,,,,,,,,,,,,,,,
20211031.0,0.1546754091978073,0.1443096697330474,0.0866388231515884,0.1252369284629821,0.117752768099308,,,12.0,0.2564709782600403,1.531266450881958,290.4027404785156,0.6378673911094666,271.3915405273437,252.91705322265625,0.0,0.2847622334957123,200.0,0.0625511854887008,0.0566250003563861
20211101.0,0.1515362113714218,0.1531747281551361,,,,0.0926660746335983,0.1031830832362175,,,,,,,,,,,,
20211102.0,0.1709177792072296,0.1557446122169494,0.0807383880019187,,,,,,,,,,,,,,,,
20211103.0,0.2007820308208465,0.2151084393262863,0.2235294729471206,0.2295676171779632,0.2154832631349563,0.1552758961915969,0.1940366774797439,12.0,0.2564709782600403,1.531266450881958,283.3493957519531,0.6236892342567444,249.16616821289065,220.23031616210932,2.099330186843872,0.8674388527870178,200.0,0.1431209444999694,0.0593999994918704
20211104.0,0.2024264633655548,0.2121541649103164,,,,,0.1187780424952507,,,,,,,,,,,,
20211105.0,0.1960358619689941,0.1831698417663574,0.1528912335634231,0.179030179977417,0.1602389067411422,,,12.0,0.2564709782600403,1.531266450881958,285.36248779296875,0.61658775806427,258.8159484863281,236.3421936035156,0.0015509615186601,0.5275649428367615,200.0,0.1072916239500045,0.0635416669150193
20211106.0,0.1878556311130523,0.1683604568243026,,,,0.1061345860362052,0.1307718157768249,,,,,,,,,,,,
20211107.0,0.1797322034835815,0.1639175415039062,,,,,,,,,,,,,,,,,
20211108.0,0.1716229170560836,0.1543307602405548,0.0980810299515724,0.1170298680663108,0.1110612452030181,,0.1296121031045913,12.0,0.2564709782600403,1.531266450881958,291.7635192871094,0.6061573028564453,271.4803466796875,251.4771728515625,0.0017093202332034,0.5174297094345093,200.0,0.0733382850885391,0.0656521738223408
20211109.0,0.1649606227874755,0.1553026437759399,,,,,0.0989715233445167,,,,,,,,,,,,
20211110.0,0.1600014418363571,0.1485044509172439,0.0900248810648918,,,,,,,,,,,,,,,,
20211111.0,0.1554569154977798,0.1394823491573333,0.0695649161934852,0.1086841747164726,0.1046407297253608,0.0724952593445777,0.0804467946290969,12.0,0.2564709782600403,1.531266450881958,290.7836303710937,0.5957474708557129,273.756103515625,255.69009399414065,0.0017131406348198,0.3266107141971588,200.0,0.0567118413746356,0.0622083328974744
20211112.0,0.1519503742456436,0.1396219283342361,,,,,,,,,,,,,,,,,
20211113.0,0.1493703871965408,0.1277241855859756,0.0625733435153961,0.1026962772011756,0.1031522378325462,,0.0495620593428611,12.0,0.2564709782600403,1.531266450881958,285.1338806152344,0.5888187885284424,270.6995544433594,256.989013671875,0.0017136335372924,0.2215434163808822,200.0,0.0585415735840797,0.0536000000312924
20230520.0,0.1921780556440353,0.1803906559944152,0.1096172705292701,0.1498132199048996,0.1393094807863235,0.1140088886022567,0.1283608525991439,12.0,0.2564709782600403,1.531266450881958,296.1790771484375,1.5055433511734009,270.01129150390625,245.0266571044922,0.0,2.459367752075196,200.0,0.1461921483278274,0.242249997953574
20230521.0,0.1758684813976287,0.1544727832078933,,,,,,,,,,,,,,,,,
20230522.0,0.1649665534496307,0.1648651510477066,0.0737345740199089,0.0974308922886848,0.0924748554825782,,0.079317606985569,12.0,0.2564709782600403,1.531266450881958,298.5997314453125,1.5993489027023315,279.1995849609375,258.8735656738281,0.5130195617675781,2.108985185623169,200.0,0.110636368393898,0.213791665931543
20230523.0,0.1781655400991439,0.2775632739067077,,,,,0.3469344079494476,,,,,,,,,,,,
20230524.0,0.3095473051071167,0.265431672334671,,,,,,,,,,,,,,,,,
20230525.0,0.3414269387722015,0.259710431098938,0.3386994004249573,0.3461484313011169,0.3365150094032287,0.363274872303009,0.3968016505241394,12.0,0.2564709782600403,1.531266450881958,297.3598937988281,1.736365556716919,230.8666534423828,195.3865203857422,5.843247890472412,3.099198341369629,200.0,0.3004242181777954,0.306272726167332
20230526.0,0.3281713426113128,0.2502182722091675,,,,,,,,,,,,,,,,,
20230527.0,0.2881508767604828,0.2718259692192077,,0.3081080913543701,0.2977591753005981,,0.2623676359653473,12.0,0.2564709782600403,1.531266450881958,296.5874938964844,1.7382882833480835,237.99725341796875,201.47573852539065,2.348295450210572,2.743298053741455,200.0,0.2824435234069824,0.317499997715155
20230528.0,0.3237873613834381,0.2698284983634949,0.303681343793869,0.3150261640548706,0.3060968518257141,0.2924458980560303,0.3292336761951446,12.0,0.2564709782600403,1.531266450881958,295.91375732421875,1.7392498254776,235.7108764648437,199.9419860839844,19.578107833862305,3.0963237285614014,200.0,0.2632851600646972,0.326863637024706
20230529.0,0.3330336809158325,0.2440326064825058,,,,,,,,,,,,,,,,,
20230530.0,0.2935674488544464,0.2433218359947204,0.2513030767440796,0.2551560699939728,0.2505268454551697,0.2270316332578659,0.2460097074508667,12.0,0.2564709782600403,1.531266450881958,298.9230041503906,1.7371861934661863,247.3638916015625,212.39373779296875,0.0765806436538696,4.342942237854004,200.0,0.2640343904495239,0.303124997764826
20230531.0,0.2590682208538055,0.2180758267641067,,,,,,,,,,,,,,,,,
20230601.0,0.2302634418010711,0.1910400837659835,,,,,,,,,,,,,,,,,
20230603.0,0.3628489375114441,0.2942429780960083,,,,,,,,,,,,,,,,,
20230604.0,0.3274532258510589,0.2634020745754242,0.3517975509166717,0.3249523937702179,0.3152118921279907,0.2995102703571319,0.5022431015968323,12.0,0.2564709782600403,1.531266450881958,297.0338134765625,1.7326935529708862,234.73745727539065,198.9781188964844,1.29469633102417,3.6950085163116455,200.0,0.3016272187232971,0.321916668365399
20230605.0,0.3102934062480926,0.2726343870162964,0.3269202411174774,0.3126075863838196,0.2997094690799713,,0.2089602351188659,12.0,0.2564709782600403,1.531266450881958,297.19110107421875,1.731795310974121,237.32601928710932,204.10125732421875,1.336607813835144,3.456003427505493,200.0,0.2916737198829651,0.332666669040918
20230606.0,0.2812699973583221,0.2630857825279236,,,,,,,,,,,,,,,,,
20230607.0,0.2510978579521179,0.230764240026474,0.2609145939350128,0.2402523458003997,0.2296492457389831,0.2044719904661178,0.2352366745471954,12.0,0.2564709782600403,1.531266450881958,299.15087890625,1.7301379442214966,252.0741424560547,219.94357299804688,0.1314783543348312,3.9801855087280273,200.0,0.2420298606157302,0.30287499849995
20230608.0,0.2551372945308685,0.2165355682373047,,,,,,,,,,,,,,,,,
20230609.0,0.234179213643074,0.2229179143905639,,,,,0.2253486812114715,,,,,,,,,,,,
20230610.0,0.2128399163484573,0.1800645291805267,,0.1556534767150879,0.1480429917573928,,0.2160100042819976,12.0,0.2564709782600403,1.531266450881958,302.3509826660156,1.7245362997055054,272.0289306640625,243.89208984375,0.8975973129272461,4.622936248779297,200.0,0.1788103580474853,0.241708331430952
20230611.0,0.186779111623764,0.1744750142097473,,,,,,,,,,,,,,,,,
20230612.0,0.1703858375549316,0.1948146969079971,0.1502644270658493,0.1302614212036132,0.1211496070027351,0.0922419801354408,0.105838194489479,12.0,0.2564709782600403,1.531266450881958,301.6374206542969,1.673940896987915,278.81170654296875,257.32440185546875,0.6730352640151978,1.6619935035705566,200.0,0.1367085129022598,0.194499999284744
20230613.0,0.1909244507551193,0.2033233195543289,0.1344550102949142,0.1278355568647384,0.1192005574703216,,,12.0,0.2564709782600403,1.531266450881958,298.1024475097656,1.6487709283828735,277.07208251953125,256.1644897460937,2.748253107070923,2.329514741897583,200.0,0.1231517791748046,0.184958334391316
20230614.0,0.1929990798234939,0.1948362588882446,,,,,0.0627460554242134,,,,,,,,,,,,
20230615.0,0.1785560995340347,0.1627609580755233,,,,0.0703286007046699,0.0729087218642234,,,,,,,,,,,,
20230616.0,0.1650281995534896,0.164383977651596,,,,,,,,,,,,,,,,,
20230617.0,0.1586392372846603,0.1629127115011215,,,,0.0545919798314571,0.0591143518686294,,,,,,,,,,,,
20230618.0,0.1724323481321334,0.1839936077594757,0.1044114157557487,0.1134665608406066,0.1077025607228279,,,12.0,0.2564709782600403,1.531266450881958,304.2235412597656,1.519352912902832,281.01239013671875,260.02886962890625,0.0001439560292055,2.530693769454956,200.0,0.1329592019319534,0.148083333546917
20230619.0,0.1567102223634719,0.1682995557785034,,,,,,,,,,,,,,,,,
20230620.0,0.1460113525390625,0.1602627784013748,0.0681035220623016,0.0796180143952369,0.0797778740525245,0.0545175150036811,0.0609454624354839,12.0,0.2564709782600403,1.531266450881958,309.92218017578125,1.4682841300964355,288.30096435546875,271.294677734375,0.0017424667021259,2.102931499481201,200.0,0.1020920053124427,0.135166666470468
20230621.0,0.1395311504602432,0.1437092721462249,0.0594954639673233,0.0764224231243133,0.0789854004979133,,,12.0,0.2564709782600403,1.531266450881958,310.1119689941406,1.4428876638412476,288.8291015625,273.15142822265625,2.6400907039642334,1.5234811305999756,200.0,0.0868970155715942,0.128500000884136
20230622.0,0.1678159832954406,0.1763649731874466,,,,0.0839568525552749,0.1166417449712753,,,,,,,,,,,,
20230623.0,0.1623887568712234,0.1785415709018707,0.1063037663698196,0.115809828042984,0.1099994108080864,,0.0770287215709686,12.0,0.2564709782600403,1.531266450881958,306.279052734375,1.3922182321548462,282.9478759765625,259.2349853515625,0.8614014387130737,1.5354242324829102,200.0,0.1101376041769981,0.12104166764766
20230624.0,0.1593769639730453,0.2121518701314926,,,,,,,,,,,,,,,,,
20230625.0,0.1621251404285431,0.2034329026937484,,,,0.1344873011112213,0.1554002463817596,,,,,,,,,,,,
20230626.0,0.1480659395456314,0.1708545088768005,0.0914197266101837,0.1194456219673156,0.1125408858060836,,,12.0,0.2564709782600403,1.531266450881958,310.28778076171875,1.3203006982803345,284.1757202148437,263.08526611328125,0.0098390830680727,1.2411998510360718,200.0,0.1097564473748207,0.140416666865349
20230627.0,0.1404833197593689,0.1705788820981979,,,,,0.0910672321915626,,,,,,,,,,,,
20230628.0,0.1350661069154739,0.1423347890377044,0.0635787174105644,,,,0.0855433791875839,,,,,,,,,,,,
20230629.0,0.132325142621994,0.1512164920568466,0.0583923645317554,0.0792015865445137,0.0767133682966232,,,12.0,0.2564709782600403,1.531266450881958,310.8518981933594,1.325626015663147,291.9705505371094,272.6267395019531,0.0012868526391685,0.5567706823348999,200.0,0.0756579861044883,0.116416667588055
20230630.0,0.1311432868242263,0.1487685143947601,,,,0.0430754199624061,0.0531327240169048,,,,,,,,,,,,
20230701.0,0.175200343132019,0.2743691802024841,,,,,,,,,,,,,,,,,
20230702.0,0.2164242416620254,0.2611120939254761,,,,,0.1986449807882309,,,,,,,,,,,,
20230703.0,0.1881280392408371,0.233647882938385,,,,0.2079629302024841,0.2315439283847808,,,,,,,,,,,,
20230704.0,0.163868173956871,0.2086448669433593,0.1699719578027725,0.1643887609243393,0.1592762172222137,,,12.0,0.2564709782600403,1.531266450881958,307.0340270996094,1.3399543762207031,273.1263427734375,243.36013793945312,0.0644514858722686,1.35957133769989,200.0,0.1416182965040207,0.214499998837709
20230705.0,0.15092334151268,0.1960362195968628,,,,0.121800772845745,0.1456038057804107,,,,,,,,,,,,
20230706.0,0.1433789581060409,0.1677945703268051,0.092178463935852,,,,,,,,,,,,,,,,
20230707.0,0.1384339183568954,0.1775112152099609,0.0863692685961723,0.1129161044955253,0.107785053551197,,,12.0,0.2564709782600403,1.531266450881958,308.2532043457031,1.3484750986099243,284.89471435546875,265.6591186523437,0.0370003767311573,0.5000761151313782,200.0,0.1070048585534095,0.137499999875824
20230708.0,0.1369182169437408,0.1645542532205581,,,,0.1138976290822029,0.1417584717273712,,,,,,,,,,,,
20230709.0,0.1358043700456619,0.1452658325433731,0.0824414268136024,0.1319621205329895,0.1222650185227394,,,12.0,0.2564709782600403,1.531266450881958,309.61053466796875,1.3542416095733645,282.0386962890625,264.2503356933594,0.0033877389505505,0.4176689088344574,200.0,0.1175726652145385,0.121875000496705
20230710.0,0.1353540271520614,0.1454290300607681,,,,0.0546203106641769,0.0634479820728302,,,,,,,,,,,,
20230711.0,0.1394383013248443,0.1562051773071289,,,,,,,,,,,,,,,,,
20230712.0,0.1392720341682434,0.1589624434709549,0.0955885723233223,0.0971727222204208,0.0935172662138938,,,12.0,0.2564709782600403,1.531266450881958,310.895263671875,1.3610942363739014,288.43414306640625,269.1507263183594,0.2633763551712036,0.6495270729064941,200.0,0.0944232940673828,0.114791666467985
20230713.0,0.1368782073259353,0.1444232612848281,,,,0.06929761916399,0.0790124237537384,,,,,,,,,,,,
20230714.0,0.1345021575689315,0.1358681619167328,0.0516157820820808,,,,,,,,,,,,,,,,
20230715.0,0.1332273781299591,0.1324798464775085,0.0608525574207305,0.0985321477055549,0.096590407192707,,0.0587786510586738,12.0,0.2564709782600403,1.531266450881958,311.2383728027344,1.3271275758743286,289.1644287109375,272.01739501953125,0.1483475267887115,0.3591109216213226,200.0,0.0846202820539474,0.103208333564301
20230716.0,0.1339510381221771,0.1226806193590164,,,,,0.3180944323539734,,,,,,,,,,,,
20230717.0,0.1351927071809768,0.243261381983757,,,,,,,,,,,,,,,,,
20230718.0,0.1324225217103958,0.1672713607549667,,,,0.1691348850727081,0.1996520906686782,,,,,,,,,,,,
20230719.0,0.131063163280487,0.1555600017309188,,,,,,,,,,,,,,,,,
20230720.0,0.1304401308298111,0.1399556398391723,0.0661485120654106,0.1046570390462875,0.1024861484766006,,0.0804467946290969,12.0,0.2564709782600403,1.531266450881958,311.6163024902344,1.268043041229248,288.4080810546875,271.982666015625,0.0008583068847656,0.2061119079589843,200.0,0.082340195775032,0.139217390962269
20230721.0,0.1301475316286087,0.1448391228914261,,,,0.052407618612051,0.0555436871945858,,,,,,,,,,,,
20230722.0,0.1300674080848693,0.1371268928050995,0.0545603968203067,,,,,,,,,,,,,,,,
20230723.0,0.1300392746925354,0.1278500109910965,0.0489701032638549,0.0856324359774589,0.0871255844831466,0.0604379549622535,0.0707113891839981,12.0,0.2564709782600403,1.531266450881958,308.0018615722656,1.2328897714614868,288.4515380859375,272.70733642578125,0.0048919646069407,0.149870753288269,200.0,0.0758926197886467,0.10570833273232
20230724.0,0.1300050020217895,0.1241772845387458,,,,,,,,,,,,,,,,,
20230725.0,0.1299609541893005,0.122885063290596,0.0496789664030075,0.0811347365379333,0.0785493031144142,,,12.0,0.2564709782600403,1.531266450881958,310.9794921875,1.209603190422058,291.7305908203125,272.3717346191406,0.0013033690629526,0.1548239439725875,200.0,0.064867116510868,0.0983478261724762
20230726.0,0.1299459338188171,0.115492433309555,,,,0.042851410806179,0.0422986559569835,,,,,,,,,,,,
20230727.0,0.1299425959587097,0.1272151321172714,,,,,,,,,,,,,,,,,
20230728.0,0.1300001293420791,0.120924137532711,0.0433851554989814,0.0833818688988685,0.0852904394268989,0.0344539135694503,0.0420850254595279,12.0,0.2564709782600403,1.531266450881958,310.9117126464844,1.1738210916519165,291.08721923828125,275.28790283203125,0.0161918047815561,0.1499551236629486,200.0,0.0633033066987991,0.0901666674762964
20230729.0,0.1299861669540405,0.1215809062123298,,,,,,,,,,,,,,,,,
20230730.0,0.1299434602260589,0.1119522675871849,0.0434334427118301,,,,,,,,,,,,,,,,
20230731.0,0.1299191117286682,0.1159948334097862,0.0348481200635433,0.0813976377248764,0.0847666710615158,0.0442847050726413,0.0454725809395313,12.0,0.2564709782600403,1.531266450881958,311.0060729980469,1.1155827045440674,291.26031494140625,276.2271728515625,0.0008523463620804,0.1304303407669067,200.0,0.0599638894200325,0.0864999995877345
20230801.0,0.129919096827507,0.117936223745346,,,,,,,,,,,,,,,,,
20230802.0,0.1299151182174682,0.1102123036980629,0.0399289466440677,0.0776255205273628,0.0775666162371635,,0.0385448783636093,12.0,0.2564709782600403,1.531266450881958,311.9884033203125,1.076390266418457,293.30816650390625,275.78973388671875,0.046511273831129,0.1239163652062416,200.0,0.0546272993087768,0.0849583332116405
20230803.0,0.1302249133586883,0.1092915758490562,,,,,0.0321359895169734,,,,,,,,,,,,
20230805.0,0.1299686133861541,0.1169551089406013,0.0443326793611049,0.0798497349023819,0.0836383178830146,0.0474304035305976,0.0549333170056343,12.0,0.2564709782600403,1.531266450881958,313.0776062011719,1.0181246995925903,292.8041381835937,277.8240966796875,0.0008583068847656,0.1263913214206695,200.0,0.0540749505162239,0.0836086953463762
20230806.0,0.1299223750829696,0.1172616407275199,,,,,,,,,,,,,,,,,
20230807.0,0.1299070417881012,0.1192924082279205,0.0390970073640346,,,,0.0351268053054809,,,,,,,,,,,,
20230808.0,0.1304977387189865,0.1397620290517807,0.0973787084221839,0.1461381763219833,0.133661687374115,0.1562587916851043,0.1681264638900756,12.0,0.2564709782600403,1.531266450881958,311.4927673339844,0.9604068994522096,281.81268310546875,260.7257995605469,0.230249673128128,0.2016177177429199,200.0,0.0938712880015373,0.0803913046484408
20230809.0,0.1312317699193954,0.1174394637346267,,,,,,,,,,,,,,,,,
20230810.0,0.1306517422199249,0.116040289402008,0.0387475080788135,0.0741852968931198,0.0736741870641708,0.0517889410257339,0.0600909441709518,12.0,0.2564709782600403,1.531266450881958,310.239990234375,0.9221574664115906,293.4040222167969,275.5819702148437,0.1746542602777481,0.1759044975042343,200.0,0.0467156916856765,0.0826956516374712
20230811.0,0.1364414691925048,0.1424262523651123,,,,,,,,,,,,,,,,,
20230812.0,0.1441708207130432,0.1277342587709427,,,,,,,,,,,,,,,,,
20230813.0,0.1386489868164062,0.1243630945682525,0.0418297201395034,0.07856285572052,0.0785894393920898,0.0436637252569198,0.0447096154093742,12.0,0.2564709782600403,1.531266450881958,311.2706604003906,0.8669166564941406,292.9476318359375,275.53076171875,0.0012814998626708,0.4420873820781708,200.0,0.0521287843585014,0.0801363638178869
20230814.0,0.1350386887788772,0.111793577671051,,,,,,,,,,,,,,,,,
20230815.0,0.1335576623678207,0.1008163392543792,0.0367732979357242,,,0.0380432233214378,0.0399792492389678,,,,,,,,,,,,
20230816.0,0.1318723261356353,0.1066448614001274,0.0363944359123706,0.0659982785582542,0.0678425133228302,,,12.0,0.2564709782600403,1.531266450881958,307.55810546875,0.8499019145965576,291.32373046875,275.1387939453125,0.0,0.1632625311613083,200.0,0.0459478981792926,0.0751250002843638
20230817.0,0.130854919552803,0.110858604311943,,,,,,,,,,,,,,,,,
20230818.0,0.1311722248792648,0.1047459542751312,0.0360144563019275,0.0734213814139366,0.0750964507460594,0.0410913713276386,0.0444044321775436,12.0,0.2564709782600403,1.531266450881958,311.2182006835937,0.8396978974342346,292.8836364746094,276.4611511230469,0.1308133453130722,0.2103297859430313,200.0,0.0480012074112892,0.0755909098820253
20230819.0,0.1304525882005691,0.1016601622104644,,,,,,,,,,,,,,,,,
20230820.0,0.1301115751266479,0.1024978905916214,,,,0.0369152538478374,0.0285653248429298,,,,,,,,,,,,
20230821.0,0.1299949735403061,0.1142763420939445,0.0358159281313419,0.0721003264188766,0.0734626427292823,,0.0285958442836999,12.0,0.2564709782600403,1.531266450881958,311.2541809082031,0.8243146538734436,293.70526123046875,277.10302734375,0.0401917956769466,0.0779427140951156,200.0,0.0451966486871242,0.0741739124059677
20230822.0,0.1315125226974487,0.1104806065559387,,,,,,,,,,,,,,,,,
20230823.0,0.1311481148004531,0.1047756224870681,0.0409245379269123,0.0732172131538391,0.0747466683387756,0.0423043258488178,0.0484939105808734,12.0,0.2564709782600403,1.531266450881958,309.9886169433594,0.8140819072723389,293.4052734375,276.9681396484375,0.05955271422863,0.1382797211408615,200.0,0.0429979786276817,0.072249999580284
20230824.0,0.1305677741765976,0.106987677514553,0.0366168208420276,0.0639929622411727,0.061261236667633,,,12.0,0.2564709782600403,1.531266450881958,309.7347106933594,0.8089722990989685,295.0047607421875,276.52667236328125,0.0004329600778874,0.09395532310009,200.0,0.037810705602169,0.0738260865859363
20230825.0,0.130240187048912,0.1059595942497253,,,,,0.046632282435894,,,,,,,,,,,,
20230826.0,0.1300618201494217,0.0991904810070991,0.0351690463721752,0.0744533836841583,0.0763251185417175,0.0191797781735658,0.0264900662004947,12.0,0.2564709782600403,1.531266450881958,310.8654479980469,0.7986818552017212,293.807861328125,277.4990539550781,0.0619461052119731,0.082443468272686,200.0,0.0433933101594448,0.0732499997441967
20230827.0,0.1304580569267273,0.1261163651943206,,,,,,,,,,,,,,,,,
20230828.0,0.1303015351295471,0.1536130309104919,,,,0.0951232984662056,0.1019013002514839,,,,,,,,,,,,
20230829.0,0.1301681399345398,0.1153744906187057,0.0574700497090816,0.0793107748031616,0.0818582102656364,,,12.0,0.2564709782600403,1.531266450881958,306.0068664550781,0.7851945161819458,289.543701171875,273.9151306152344,0.0025629997253417,0.0673757493495941,200.0,0.0440040603280067,0.0726363638585264
20230830.0,0.130074918270111,0.1081186830997467,,,,,,,,,,,,,,,,,
20230831.0,0.1300073117017746,0.1005365625023841,0.0374800749123096,,,0.0419940575957298,0.0402539148926734,,,,,,,,,,,,
20230901.0,0.1299600750207901,0.1059656888246536,0.0365430377423763,0.0679026991128921,0.0744368508458137,,,12.0,0.2564709782600403,1.531266450881958,308.57012939453125,0.8151556253433228,290.6529541015625,276.71173095703125,0.0025589601136744,0.0673729702830314,200.0,0.0489571988582611,0.0707826078262018
20230902.0,0.129939928650856,0.1085090041160583,,,,0.0364578440785408,0.0354930274188518,,,,,,,,,,,,
20230903.0,0.1299171298742294,0.100590743124485,0.0359864123165607,0.0673261582851409,0.0716829746961593,,,12.0,0.2564709782600403,1.531266450881958,309.01593017578125,0.8365048170089722,291.87457275390625,276.8247375488281,0.0008523463038727,0.0663719102740287,200.0,0.0455306842923164,0.0691739137729873
20230904.0,0.12990802526474,0.1037038415670394,,,,,,,,,,,,,,,,,
20230905.0,0.1299374997615814,0.1046675965189933,,,,0.0516199469566345,0.0581987984478473,,,,,,,,,,,,
20230906.0,0.1483755707740783,0.1238636225461959,0.0730338618159294,0.1174929365515708,0.1116298884153366,,,12.0,0.2564709782600403,1.531266450881958,310.21112060546875,0.8685474395751953,286.26007080078125,265.360107421875,0.0249874051660299,0.7656648755073547,200.0,0.0758873373270034,0.069041666885217
20230907.0,0.1411691755056381,0.1234907060861587,,,,0.0438623689115047,0.042970061302185,,,,,,,,,,,,
20230908.0,0.1360729038715362,0.1193986386060714,0.0520600080490112,,,,,,,,,,,,,,,,
20230909.0,,,,,,,,12.0,0.2564709782600403,1.531266450881958,308.77764892578125,0.9007668495178224,291.463623046875,274.9247436523437,0.0480973608791828,0.6510875821113586,200.0,0.0558474473655223,0.0670000006971152
20230911.0,,,,,,,,12.0,0.2564709782600403,1.531266450881958,304.7051086425781,0.9223503470420836,252.58859252929688,218.94155883789065,0.845456063747406,0.3547677099704742,200.0,0.1277083903551101,0.226458334053556
20230914.0,,,,,,,,12.0,0.2564709782600403,1.531266450881958,295.1872863769531,0.9547429084777832,262.1381225585937,233.504638671875,14.314417839050291,1.795174241065979,200.0,0.1180956363677978,0.230749997496605
20230917.0,,,,,,,,12.0,0.2564709782600403,1.531266450881958,298.4389038085937,0.9843472242355348,255.1928100585937,223.7305603027344,0.0008523463038727,2.999329328536988,200.0,0.1928155869245529,0.279125002523263
20230918.0,0.2423388212919235,0.2064331024885177,,,,0.1632255315780639,0.1729178726673126,,,,,,,,,,,,
20230919.0,0.2117014974355697,0.178530752658844,0.1750353872776031,0.1748232245445251,0.1608096957206726,,,12.0,0.2564709782600403,1.531266450881958,301.1269836425781,1.004076361656189,270.8768920898437,246.3214111328125,0.5407458543777466,2.554050207138061,200.0,0.1345519572496414,0.235375001405676
20230920.0,0.2089888602495193,0.1627565771341323,,,,0.1214769855141639,0.1278420388698578,,,,,,,,,,,,
20230921.0,0.1849446296691894,0.1595490574836731,,,,,,,,,,,,,,,,,
20230922.0,0.1748809218406677,0.1645538210868835,0.1130322143435478,0.1209793090820312,0.1148329377174377,,,12.0,0.2564709782600403,1.531266450881958,303.4818725585937,1.0337988138198853,280.63043212890625,260.78131103515625,0.77010178565979,1.9381881952285769,200.0,0.0961758196353912,0.204791667560736
20230923.0,0.1686849296092987,0.1571072936058044,,,,0.0798810198903083,0.0930509343743324,,,,,,,,,,,,
20230924.0,0.155384823679924,0.1532412618398666,0.0803628116846084,,,,,,,,,,,,,,,,
20230925.0,0.1490221619606018,0.1532434821128845,0.0739208087325096,0.0956877619028091,0.0932175368070602,0.0760186165571212,0.0911587849259376,12.0,0.2564709782600403,1.531266450881958,303.3192138671875,1.0636650323867798,285.91046142578125,267.8147277832031,0.0065541337244212,0.8683308362960815,200.0,0.0657078847289085,0.181208332379659
20230926.0,0.1448470056056976,0.1369185596704483,,,,,0.0473952442407608,,,,,,,,,,,,
20230927.0,0.1410466432571411,0.1362656652927398,0.0656862184405326,0.1041333079338073,0.1060186028480529,,,12.0,0.2564709782600403,1.531266450881958,302.9552001953125,1.0837137699127195,282.4853515625,269.9737243652344,0.0,0.8164523243904114,200.0,0.0802052542567253,0.164375000322858
20230928.0,0.1377585232257843,0.1362726092338562,,,,0.0566480718553066,0.0657368674874305,,,,,,,,,,,,
20230929.0,0.1354526132345199,0.1487689614295959,,,,,,,,,,,,,,,,,
20230930.0,0.1339056938886642,0.1346262097358703,0.058936484158039,0.0893857479095459,0.0895078107714653,,0.0520950965583324,12.0,0.2564709782600403,1.531266450881958,303.5321350097656,1.112598180770874,286.22222900390625,269.717041015625,0.0017183154122903,0.4062615633010864,200.0,0.0594101771712303,0.129041668027639
20231001.0,0.1329204142093658,0.1371161937713623,,,,,0.0518204309046268,,,,,,,,,,,,
20231002.0,0.1323194503784179,0.1359796077013015,0.0605463646352291,,,,,,,,,,,,,,,,
20231003.0,0.1320151835680008,0.1319671124219894,0.0813299641013145,0.1260720491409301,0.1184958815574646,0.1719707697629928,0.1898556500673294,12.0,0.2564709782600403,1.531266450881958,302.3927917480469,1.1119004487991333,280.1928405761719,260.3114624023437,0.06300750374794,0.2179023772478103,200.0,0.0897529274225235,0.110173913123815
20231004.0,0.1468080282211303,0.1704990714788437,,,,,,,,,,,,,,,,,
20231005.0,0.3012562394142151,0.2545113265514374,0.2746097147464752,0.2975108921527862,0.2921522855758667,,,12.0,0.2564709782600403,1.531266450881958,297.1790466308594,1.1105629205703735,243.98443603515625,210.91929626464844,16.358041763305664,2.8090593814849854,200.0,0.18740214407444,0.307999999626823
20231006.0,0.2613183557987213,0.2117138803005218,,,,0.2057261019945144,0.2184514850378036,,,,,,,,,,,,
20231007.0,0.2330172955989837,0.1866684705018997,,,,,,,,,,,,,,,,,
20231008.0,0.2133168578147888,0.1647058427333831,0.1452806740999221,0.1812136769294738,0.1644497364759445,0.1400230377912521,0.1375469267368316,12.0,0.2564709782600403,1.531266450881958,291.4858703613281,1.1086444854736328,264.2911376953125,240.04977416992188,0.0008584349998272,1.904017686843872,200.0,0.1420792639255523,0.248916662608584
20231009.0,0.1961115002632141,0.1705886274576187,,,,,,,,,,,,,,,,,
20231010.0,0.1810459941625595,0.1636711359024047,0.1139141842722892,,,,,,,,,,,,,,,,
20231011.0,0.1705426126718521,0.1620551943778991,0.0961257591843605,0.11613629758358,0.1106378659605979,0.0928428173065185,0.1011993810534477,12.0,0.2564709782600403,1.531266450881958,298.0137634277344,1.1067264080047607,278.6521301269531,259.4703063964844,0.0006279395893216,1.2733818292617798,200.0,0.0915884375572204,0.213291665539145
20231012.0,0.1622558087110519,0.1553503274917602,,,,,,,,,,,,,,,,,
20231013.0,0.1548084765672683,0.141000360250473,0.0660512447357177,0.1061522588133812,0.1031230017542839,0.0645914524793624,0.0620746500790119,12.0,0.2564709782600403,1.531266450881958,295.8841552734375,1.105438470840454,281.0003662109375,263.3668212890625,0.001729121315293,0.9097676873207092,200.0,0.0725683122873306,0.196249999726812
20231014.0,0.1508663594722747,0.1335236877202987,,,,,0.0584429465234279,,,,,,,,,,,,
20231015.0,0.1482814103364944,0.1347056180238723,,,,,,,,,,,,,,,,,
20231016.0,0.1465888172388076,0.1366529166698455,0.0568385496735572,0.0985762551426887,0.0950098410248756,0.0611232556402683,0.0657368674874305,12.0,0.2564709782600403,1.531266450881958,288.9209899902344,1.1037249565124512,275.9237060546875,257.60723876953125,0.0008606480550952,0.5395603775978088,200.0,0.0677205771207809,0.171291666726271
20231017.0,0.144903302192688,0.1312067061662674,,,,,,,,,,,,,,,,,
20231018.0,0.1426410377025604,0.1365965753793716,,,,,0.0742820501327514,,,,,,,,,,,,
20231019.0,0.1403170675039291,0.1339992582798004,0.0536412186920642,0.0932392030954361,0.0948436856269836,,0.076784573495388,12.0,0.2564709782600403,1.531266450881958,296.433349609375,1.1069488525390625,278.4097595214844,263.7621459960937,0.0017225741175934,0.6931817531585693,200.0,0.0773569718003273,0.153708335012197
20231020.0,0.1381265074014663,0.1312258690595626,,,,,,,,,,,,,,,,,
20231021.0,0.1361327767372131,0.1345631927251815,0.0533078499138355,0.0844862535595893,0.0851152837276458,0.0525878816843032,0.0620746500790119,12.0,0.2564709782600403,1.531266450881958,297.8213806152344,1.1092445850372314,281.7684020996094,265.5506591796875,0.0012860662536695,0.5157628655433655,200.0,0.0598739795386791,0.133375001139939
20231022.0,0.1348474025726318,0.13029845058918,,,,,,,,,,,,,,,,,
20231023.0,0.1345614790916443,0.1427859216928482,,,,,0.1010162681341171,,,,,,,,,,,,
20231025.0,0.3830307424068451,0.2484716773033142,,,,,,,,,,,,,,,,,
20231026.0,0.3942911326885223,0.2634475827217102,,,,0.296320378780365,0.2800988852977752,,,,,,,,,,,,
20231027.0,0.3662635385990143,0.2366517782211303,0.2576701045036316,0.270013153553009,0.2744805216789245,,,12.0,0.2564709782600403,1.531266450881958,292.0557861328125,1.1161072254180908,243.0649871826172,208.3142852783203,1.2769930362701416,1.8614861965179443,200.0,0.2089496850967407,0.292749997228384
20231028.0,0.3833802044391632,0.2522166073322296,,,,,,,,,,,,,,,,,
20231029.0,0.4082919061183929,0.259661853313446,0.2765340805053711,0.367324560880661,0.327423483133316,0.2548760175704956,0.2748496830463409,12.0,0.2564709782600403,1.531266450881958,279.776123046875,1.1183149814605713,229.52944946289065,200.8706970214844,18.85980033874512,1.7965738773345947,200.0,0.2151537388563156,0.288333335270484
20231030.0,0.3987893462181091,0.2631220817565918,,,,,,,,,,,,,,,,,
20231101.0,0.3554157018661499,0.2209116220474243,0.2567197978496551,0.2832779288291931,0.2825756967067718,,0.1604358106851577,12.0,0.2564709782600403,1.531266450881958,279.8127136230469,1.1234644651412964,231.549545288086,196.23580932617188,0.0008642672328278,1.7102458477020264,200.0,0.233844369649887,0.284750001132488
20231102.0,0.3400203883647918,0.235991433262825,,,,,,,,,,,,,,,,,
20231103.0,0.3256071507930755,0.2085712552070617,0.2766281068325043,,,0.2091745138168335,0.2301705926656723,,,,,,,,,,,,
20231104.0,0.31315478682518,0.2006091475486755,0.2445102483034134,0.2188366055488586,0.2115733176469802,,,12.0,0.2564709782600403,1.531266450881958,289.4339599609375,1.1703860759735107,249.23175048828125,218.95867919921875,0.003427327144891,1.8911662101745603,200.0,0.1932143867015838,0.255124999210238
20231105.0,0.3030617237091064,0.1897511035203933,,,,,0.2111270427703857,,,,,,,,,,,,
20231106.0,0.2934652268886566,0.1866165697574615,0.2067054510116577,0.1892880648374557,0.186193972826004,,0.2102725356817245,12.0,0.2564709782600403,1.531266450881958,292.5053405761719,1.2030978202819824,256.72784423828125,226.0640563964844,0.0008523463038727,2.310168981552124,200.0,0.1786925494670868,0.238916665315628
20231107.0,0.279321014881134,0.184811070561409,,,,,,,,,,,,,,,,,
20231108.0,0.2648699879646301,0.1661821752786636,,,,0.1570305526256561,0.1783196479082107,,,,,,,,,,,,
20231109.0,0.2636348307132721,0.1613622605800628,0.1540703475475311,0.1574739664793014,0.1488717645406723,,,12.0,0.2564709782600403,1.531266450881958,287.2595520019531,1.2523505687713623,266.7308349609375,240.32508850097656,4.745112419128418,1.3859930038452148,200.0,0.1219207048416137,0.216583332667748
20231110.0,0.2986628711223602,0.1936375945806503,,,,,0.1567430645227432,,,,,,,,,,,,
20231111.0,0.2899964153766632,0.178908497095108,0.1805778741836547,,,0.1290269047021865,0.1420636624097824,,,,,,,,,,,,
20231112.0,0.2852379083633423,0.171227365732193,0.1504104435443878,0.1703853756189346,0.1535941064357757,,,12.0,0.2564709782600403,1.531266450881958,285.1772766113281,1.3019731044769287,261.18829345703125,238.72409057617188,0.0,1.157672882080078,200.0,0.1385027170181274,0.20090909099037
20231113.0,0.2763330936431885,0.1645828634500503,,,,0.1302096992731094,0.1297952234745025,,,,,,,,,,,,
20231114.0,0.2716383635997772,0.1634266525506973,0.1388899683952331,0.1423269063234329,0.1320492476224899,,,12.0,0.2564709782600403,1.531266450881958,286.74639892578125,1.3353513479232788,265.72381591796875,243.5852813720703,0.2959993183612823,1.3883705139160156,200.0,0.1284140646457672,0.195208332811793
20231115.0,0.2631744146347046,0.1550598740577697,,,,,,,,,,,,,,,,,
20231116.0,0.2554180324077606,0.1655677258968353,,,,0.1206520423293113,0.1312601119279861,,,,,,,,,,,,
20231117.0,0.2478857189416885,0.1613959521055221,0.1255418807268142,0.1314111351966858,0.1225811392068862,,,12.0,0.2564709782600403,1.531266450881958,288.452880859375,1.3836641311645508,269.17413330078125,248.67575073242188,0.0017136334208771,0.6668574213981628,200.0,0.1080113425850868,0.187826087941294
20231118.0,0.243977278470993,0.1654397994279861,,,,0.1012772843241691,0.1190221905708313,,,,,,,,,,,,
20231119.0,0.2426115423440933,0.1647328734397888,,,,,0.0758690163493156,,,,,,,,,,,,
20231120.0,0.2387846857309341,0.1593577861785888,0.1241596117615699,0.1406568437814712,0.1296933889389038,,,12.0,0.2564709782600403,1.531266450881958,287.9687194824219,1.385400652885437,267.32421875,246.81915283203125,0.188613474369049,1.1095281839370728,200.0,0.1212651506066322,0.17719047835895
20231121.0,0.2323974519968032,0.1514590084552765,,,,0.098646804690361,0.110782191157341,,,,,,,,,,,,
20231122.0,0.2250947505235672,0.1375943571329116,0.1007120758295059,0.1259963363409042,0.1182615235447883,,,12.0,0.2564709782600403,1.531266450881958,282.1134033203125,1.385181903839111,266.0467529296875,246.50523376464844,0.0017225742340087,1.2021039724349976,200.0,0.120641753077507,0.163545454767617
20231123.0,0.2187641113996505,0.1422288566827774,,,,,0.0989715233445167,,,,,,,,,,,,
20231124.0,0.2127291411161422,0.1412990391254425,,,,,0.1076998189091682,,,,,,,,,,,,
20231125.0,0.2101859450340271,0.1415674090385437,0.0918273031711578,0.0941757038235664,0.0887425765395164,,,12.0,0.2564709782600403,1.531266450881958,284.2542724609375,1.3849916458129885,270.5666809082031,250.1852569580078,2.1934595108032227,0.5328769087791443,200.0,0.0905154719948768,0.156086957972983
20231128.0,0.260678619146347,,0.0885342359542846,0.1197695434093475,0.1137109994888305,,0.0864589363336563,12.0,0.2564709782600403,1.531266450881958,280.7580261230469,1.3848012685775757,263.4345703125,246.39959716796875,0.0008523463038727,1.0444989204406738,200.0,0.1256372332572937,0.14304166721801
20231129.0,0.2508728504180908,0.1443019658327102,,,,0.0866272151470184,0.093356117606163,,,,,,,,,,,,
20231130.0,0.2506713271141052,0.1402662694454193,0.0898473188281059,0.0841176211833953,0.0799621194601059,,,12.0,0.2564709782600403,1.531266450881958,287.7047119140625,1.3846042156219482,272.25689697265625,253.042724609375,1.6480196714401243,0.9941586852073668,200.0,0.0995938405394554,0.141782609016999
20231201.0,0.2544631361961365,0.1360226273536682,,,,0.0957492068409919,0.1063875257968902,,,,,,,,,,,,
20231203.0,,,,,,,,12.0,0.2564709782600403,1.531266450881958,283.51953125,1.3858861923217771,266.02130126953125,248.2610015869141,0.0,1.5654233694076538,200.0,0.1214471012353897,0.127833332555989
20231204.0,0.2339605987071991,0.1362207233905792,,,,0.0760556533932685,0.0820032358169555,,,,,,,,,,,,
20231205.0,0.2254729866981506,,0.0614468865096569,,,,,,,,,,,,,,,,
20231206.0,0.2192015796899795,0.1306733787059784,0.0667363032698631,0.1029944121837616,0.0995710641145706,0.0566647462546825,0.0594195388257503,12.0,0.2564709782600403,1.531266450881958,282.44189453125,1.4229962825775146,267.45654296875,249.9850616455078,0.0,0.8388457894325256,200.0,0.1079089418053627,0.120095238444351
20231207.0,0.2133532017469406,0.137221485376358,,,,,,,,,,,,,,,,,
20231208.0,0.2060079723596573,0.1395758688449859,0.0712411925196647,0.0930403992533683,0.0944725349545478,,,12.0,0.2564709782600403,1.531266450881958,289.7108154296875,1.448908448219299,272.1651306152344,257.75299072265625,0.0025872478727251,1.2650973796844482,200.0,0.0993585959076881,0.120652174496132
20231209.0,0.1989160329103469,0.1310548186302185,,,,0.0689480304718017,0.073152869939804,,,,,,,,,,,,
20231213.0,0.2343434244394302,0.1425314396619796,0.1770906746387481,,,,,,,,,,,,,,,,
20231214.0,0.3103897869586944,0.2011681944131851,0.2141553610563278,0.2079763114452362,0.2023780643939972,0.2580772936344147,0.2785729467868805,12.0,0.2564709782600403,1.531266450881958,282.430419921875,1.5270073413848877,246.4480133056641,215.8897247314453,5.591835975646973,1.434199571609497,200.0,0.1822109520435333,0.195416667809089
20231216.0,0.3741105496883392,0.2297299802303314,0.2906154990196228,0.3051664233207702,0.3025804758071899,,0.2639240622520447,12.0,0.2564709782600403,1.531266450881958,280.3273010253906,1.5532764196395874,225.9451904296875,192.491928100586,0.0008523463038727,1.3201926946640017,200.0,0.2647043764591217,0.300708333651225
20231217.0,0.3570398390293121,0.2197523862123489,,,,0.3118191361427307,0.3321939706802368,,,,,,,,,,,,
20231218.0,0.3455994427204132,0.2165192365646362,,,,,,,,,,,,,,,,,
20231219.0,0.3355414271354675,0.1991436183452606,0.2616640627384186,0.2550826966762543,0.2485005110502243,0.2417736202478408,0.2630085051059723,12.0,0.2564709782600403,1.531266450881958,280.92840576171875,1.591854453086853,235.52996826171875,201.17529296875,0.0,1.1545426845550537,200.0,0.2416891604661941,0.281043482863385
20231220.0,0.3258284032344818,0.2026025950908661,,,,,,,,,,,,,,,,,
20231221.0,0.3213966786861419,,0.2423720210790634,,,,,,,,,,,,,,,,
20231222.0,0.330768883228302,0.1934690922498703,0.249213770031929,0.2274475842714309,0.2180467844009399,0.2171386033296585,0.2385021448135376,12.0,0.2564709782600403,1.531266450881958,286.5401306152344,1.6077831983566284,244.285400390625,213.2537841796875,0.0073295440524816,0.9406829476356506,200.0,0.2131513059139251,0.285666672956376
20231223.0,0.3235488831996918,0.1925961673259735,,,,,,,,,,,,,,,,,
20231224.0,0.33836629986763,0.2160909324884414,0.3128093481063843,0.299770325422287,0.2836086452007293,0.2851558625698089,0.2851344347000122,12.0,0.2564709782600403,1.531266450881958,287.5077514648437,1.6177488565444946,232.38015747070312,200.4549865722656,1.1663260459899902,1.3719666004180908,200.0,0.2704264223575592,0.311149998009205
20231225.0,0.3237587809562683,0.221233069896698,,,,,,,,,,,,,,,,,
20231227.0,0.3033241331577301,,0.2500189840793609,0.238062098622322,0.2320545762777328,0.223118707537651,0.2278206795454025,12.0,0.2564709782600403,1.531266450881958,278.2718200683594,1.6327903270721436,236.58767700195312,204.6868896484375,0.0008523463038727,0.9388020634651184,200.0,0.2306608855724334,0.286347828481508
20231228.0,0.2968041002750397,0.1913076341152191,,,,,,,,,,,,,,,,,
20231231.0,0.2767775654792785,0.1739217340946197,,,,,,,,,,,,,,,,,
20240104.0,,,,,,,,12.0,0.2564709782600403,1.531266450881958,277.5575256347656,1.604089856147766,232.817611694336,202.29901123046875,2.453002691268921,0.4010277688503265,200.0,0.2320977449417114,0.295416661848625
20240109.0,,,,,,,,12.0,0.2564709782600403,1.531266450881958,277.6172180175781,1.5149062871932983,241.40478515625,212.26809692382807,0.0041602980345487,1.5806870460510254,200.0,0.2046598494052887,0.275791668643554
20240123.0,,,,,,,,12.0,0.2564709782600403,1.531266450881958,278.46356201171875,1.4841963052749634,241.3749847412109,216.85223388671875,5.374249458312988,0.2276559621095657,200.0,0.2084540426731109,0.242217390433602
20240125.0,,,,,,,,12.0,0.2564709782600403,1.531266450881958,280.48541259765625,1.5210790634155271,239.5338592529297,213.0464630126953,0.3778374195098877,0.6147474646568298,200.0,0.2203118354082107,0.273809525228682
20240128.0,,,,,,,,12.0,0.2564709782600403,1.531266450881958,280.2299194335937,1.576762080192566,226.41542053222656,190.08953857421875,0.000435113790445,1.5283877849578855,200.0,0.2636789381504059,0.308583334088326
20240131.0,,,,,,,,12.0,0.2564709782600403,1.531266450881958,282.61187744140625,1.6322591304779053,238.00485229492188,205.51806640625,0.000435113790445,1.4459887742996216,200.0,0.2340623438358307,0.290541669974724
20240202.0,,,,,,,,12.0,0.2564709782600403,1.531266450881958,288.3081970214844,1.6684584617614746,248.48715209960932,219.03146362304688,8.156866073608398,1.3022749423980713,200.0,0.1897094696760177,0.279782610095066
20240205.0,,,,,,,,12.0,0.2564709782600403,1.531266450881958,284.58612060546875,1.670273780822754,238.7445373535156,203.1242828369141,0.0026567596942186,1.502017617225647,200.0,0.2368555963039398,0.304749999195337
20240208.0,,,,,,,,12.0,0.2564709782600403,1.531266450881958,286.3074951171875,1.669816970825195,245.381103515625,212.13796997070312,0.0058277887292206,2.1437478065490723,200.0,0.2114650309085846,0.281666671236356
20240210.0,,,,,,,,12.0,0.2564709782600403,1.531266450881958,282.6553649902344,1.669581174850464,251.5159912109375,224.14865112304688,3.6059300899505615,1.3448659181594849,200.0,0.1720431447029113,0.270166665315628
20240216.0,,,,,,,,12.0,0.2564709782600403,1.531266450881958,285.06280517578125,1.669524312019348,239.80792236328125,208.7239990234375,0.0,1.619572401046753,200.0,0.2310270816087722,0.290333333114783
20240221.0,,,,,,,,12.0,0.2564709782600403,1.531266450881958,288.64178466796875,1.728157639503479,255.63336181640625,228.79849243164065,0.0025689601898193,2.9260809421539307,200.0,0.1779042780399322,0.249916665876905
20240224.0,,,,,,,,12.0,0.2564709782600403,1.531266450881958,286.0058288574219,1.788368821144104,261.1644287109375,238.7919921875,0.000853560923133,2.484686374664306,200.0,0.1458400934934616,0.23233333354195
20240226.0,,,,,,,,12.0,0.2564709782600403,1.531266450881958,291.2952575683594,1.828700304031372,265.878662109375,245.30685424804688,0.0017182623269036,3.5230953693389893,200.0,0.1416892111301422,0.221958334247271
20240229.0,,,,,,,,12.0,0.2564709782600403,1.531266450881958,280.1222839355469,1.8895924091339111,265.9544677734375,247.2279663085937,5.007901191711426,1.6317864656448364,200.0,0.1192744746804237,0.201173914515454
20240303.0,,,,,,,,12.0,0.2564709782600403,1.531266450881958,291.8629150390625,1.9503188133239744,265.9726867675781,244.17306518554688,0.0017188888741657,3.0238094329833984,200.0,0.149162083864212,0.203086956039719
20240305.0,,,,,,,,12.0,0.2564709782600403,1.531266450881958,287.9439697265625,1.989989280700684,268.8525390625,250.2767333984375,0.0017166137695312,1.8479543924331665,200.0,0.1228417605161666,0.190291666736205
20240308.0,,,,,,,,12.0,0.2564709782600403,1.531266450881958,285.9442138671875,1.995029091835022,248.57257080078125,223.2873992919922,2.4374358654022217,0.8988165855407715,200.0,0.2169330418109893,0.178958334649603
20240310.0,,,,,,,,12.0,0.2564709782600403,1.531266450881958,283.20556640625,1.996781587600708,256.873046875,231.5870056152344,0.0,1.897560358047485,200.0,0.1620925664901733,0.167590910738165
20240311.0,,,,,,,,12.0,0.2564709782600403,1.531266450881958,286.8066101074219,1.9977116584777832,260.4060974121094,241.36306762695312,0.0025381546001881,2.1093435287475586,200.0,0.1593057215213775,0.168043477379757
20240313.0,,,,,,,,12.0,0.2564709782600403,1.531266450881958,293.1670837402344,1.9995720386505127,270.5924072265625,250.8278961181641,0.0,2.599233388900757,200.0,0.1339068561792373,0.160041666279236
20240316.0,,,,,,,,12.0,0.2564709782600403,1.531266450881958,285.6882629394531,2.002363681793213,265.33111572265625,241.6792907714844,12.710083961486816,1.0984151363372805,200.0,0.1420100033283233,0.189583332588275
20240318.0,,,,,,,,12.0,0.2564709782600403,1.531266450881958,284.8963623046875,2.0042457580566406,238.59085083007807,206.5546264648437,0.0012822712305933,2.193932056427002,200.0,0.2431242167949676,0.294374997417132
20240319.0,,,,,,,,12.0,0.2564709782600403,1.531266450881958,285.2363586425781,2.005033016204834,246.59942626953125,218.6918334960937,0.0034274999052286,2.2835135459899902,200.0,0.2045365869998932,0.281208331386248
20240321.0,,,,,,,,12.0,0.2564709782600403,1.531266450881958,291.4409484863281,2.006608009338379,248.8783569335937,219.75732421875,8.545035362243652,2.0701050758361816,200.0,0.2139795571565628,0.260363635691729
20240324.0,,,,,,,,12.0,0.2564709782600403,1.531266450881958,290.9461364746094,1.998530030250549,263.477294921875,239.23260498046875,0.1106568500399589,2.253761053085327,200.0,0.1584752798080444,0.24104166465501
20240326.0,,,,,,,,12.0,0.2564709782600403,1.531266450881958,284.22039794921875,1.9928419589996336,260.719970703125,237.01124572753903,0.0,2.0333266258239746,200.0,0.1508112549781799,0.218421052161016
20240327.0,,,,,,,,12.0,0.2564709782600403,1.531266450881958,286.1925964355469,1.9900097846984863,262.3946533203125,241.6390991210937,0.4289590120315552,1.969446301460266,200.0,0.1465302556753158,0.211083330834905
20240329.0,,,,,,,,12.0,0.2564709782600403,1.531266450881958,291.5277709960937,1.9843482971191408,270.4226989746094,250.1181030273437,0.0,1.6208864450454712,200.0,0.1299552023410797,0.197916666666667
20240401.0,,,,,,,,12.0,0.2564709782600403,1.531266450881958,297.2372741699219,1.975863695144653,275.5603332519531,256.9223022460937,2.190852165222168,1.3865910768508911,200.0,0.1385603547096252,0.181304348551709
20240404.0,,,,,,,,12.0,0.2564709782600403,1.531266450881958,292.0042419433594,1.967114210128784,270.0205993652344,253.82144165039065,0.0017220344161614,2.336591482162476,200.0,0.1291025876998901,0.165478260620781
20240406.0,,,,,,,,12.0,0.2564709782600403,1.531266450881958,296.99395751953125,1.9608311653137207,274.98797607421875,259.7904968261719,0.0012874602107331,2.0557656288146973,200.0,0.1321173459291458,0.153791667272647
20240409.0,,,,,,,,12.0,0.2564709782600403,1.531266450881958,289.11651611328125,1.9282621145248413,258.1035461425781,231.48065185546875,29.839784622192383,1.758683443069458,200.0,0.1575938165187835,0.194666668151816
20240412.0,,,,,,,,12.0,0.2564709782600403,1.531266450881958,290.245361328125,1.894831657409668,254.01461791992188,222.8784637451172,0.0,3.861658334732056,200.0,0.1971924006938934,0.256666667759418
20240414.0,,,,,,,,12.0,0.2564709782600403,1.531266450881958,297.6123046875,1.872653007507324,269.0989685058594,244.49234008789065,0.0008583068847656,4.049452304840088,200.0,0.1672148406505584,0.22099999897182
20240417.0,,,,,,,,12.0,0.2564709782600403,1.531266450881958,295.0847473144531,1.8395023345947263,272.3934020996094,253.62600708007807,0.0004188495513517,3.478801965713501,200.0,0.1286209374666214,0.181375000004967
20240420.0,,,,,,,,12.0,0.2564709782600403,1.531266450881958,286.2143859863281,1.8060474395751955,249.33810424804688,217.24972534179688,9.753106117248535,1.658583164215088,200.0,0.1839370876550674,0.185708334048589
20240422.0,,,,,,,,12.0,0.2564709782600403,1.531266450881958,288.24676513671875,1.7830857038497925,246.96713256835932,212.63851928710932,0.0008523463620804,2.7215168476104736,200.0,0.2143815457820892,0.255333332965771
20240425.0,,,,,,,,12.0,0.2564709782600403,1.531266450881958,297.0440979003906,1.7113797664642334,270.84619140625,243.08236694335932,0.2949966192245483,1.3520593643188477,200.0,0.1546449959278106,0.212958333392938
20240428.0,,,,,,,,12.0,0.2564709782600403,1.531266450881958,294.9747009277344,1.6387557983398438,230.40725708007807,194.77427673339844,13.332096099853516,4.275735855102539,200.0,0.2744151353836059,0.328916665166616
20240430.0,,,,,,,,12.0,0.2564709782600403,1.531266450881958,297.9288330078125,1.5907809734344482,251.1338653564453,217.15985107421875,1.363223671913147,3.5855250358581543,200.0,0.2353191077709198,0.291956523190374
20240503.0,,,,,,,,12.0,0.2564709782600403,1.531266450881958,295.62457275390625,1.519407033920288,244.7705993652344,208.98377990722656,1.3291667699813845,1.902055263519287,200.0,0.2295804470777511,0.316041668256124
20240506.0,,,,,,,,12.0,0.2564709782600403,1.531266450881958,296.4685974121094,1.4496116638183594,241.53952026367188,203.9905548095703,0.2450836449861526,4.595456123352051,200.0,0.2580390572547912,0.322499999155601
20240508.0,,,,,,,,12.0,0.2564709782600403,1.531266450881958,297.2008361816406,1.4049084186553955,260.0303955078125,227.47702026367188,0.0017285346984863,5.116761207580566,200.0,0.1894310265779495,0.27479166785876
20240511.0,,,,,,,,12.0,0.2564709782600403,1.531266450881958,294.2599792480469,1.4116767644882202,271.7976989746094,248.8806304931641,0.5577417016029358,2.439987897872925,200.0,0.1237653270363807,0.222791666785876
20240514.0,,,,,,,,12.0,0.2564709782600403,1.531266450881958,294.817138671875,1.4216363430023191,251.8060607910156,219.0472869873047,0.0,4.51997709274292,200.0,0.2064381539821624,0.251958331093192
20240516.0,,,,,,,,12.0,0.2564709782600403,1.531266450881958,296.1031799316406,1.428187370300293,238.9696655273437,203.2987365722656,26.010358810424805,2.664026975631714,200.0,0.219697430729866,0.269130434031072
20240519.0,,,,,,,,12.0,0.2564709782600403,1.531266450881958,299.5446472167969,1.438025712966919,266.36798095703125,236.1641845703125,0.0036574939731508,5.450172424316406,200.0,0.1732871532440185,0.271208332230647
20240522.0,,,,,,,,12.0,0.2564709782600403,1.531266450881958,299.1675109863281,1.4478908777236938,278.4052734375,255.55825805664065,1.0479744672775269,3.607919454574585,200.0,0.1161600574851036,0.189374998832742
20240524.0,,,,,,,,12.0,0.2564709782600403,1.531266450881958,300.9935607910156,1.4544976949691772,277.20361328125,254.48214721679688,0.0,4.535654067993164,200.0,0.1279692649841308,0.170374997581045
20240527.0,,,,,,,,12.0,0.2564709782600403,1.531266450881958,300.3262634277344,1.4655449390411377,283.2799072265625,261.639404296875,0.2138839662075042,4.468056201934815,200.0,0.103462815284729,0.152500001092752
20240530.0,,,,,,,,12.0,0.2564709782600403,1.531266450881958,300.085693359375,1.4766581058502195,241.9711761474609,210.7098388671875,1.5240540504455566,3.7821295261383057,200.0,0.2570432722568512,0.265260868098425
20240601.0,,,,,,,,12.0,0.2564709782600403,1.531266450881958,299.5012512207031,1.4840751886367798,234.31109619140625,199.484375,0.0695526599884033,4.468656063079834,200.0,0.2861301004886627,0.323458332568407
20240604.0,,,,,,,,12.0,0.2564709782600403,1.531266450881958,302.5491027832031,1.4952154159545898,251.3082427978516,217.1293182373047,0.0,5.468449592590332,200.0,0.2521696090698242,0.315541667242845
20240607.0,,,,,,,,12.0,0.2564709782600403,1.531266450881958,305.0309143066406,1.5060514211654663,274.68975830078125,250.1837310791016,0.0810666233301162,4.198174476623535,200.0,0.1737183481454849,0.231666667386889
20240609.0,,,,,,,,12.0,0.2564709782600403,1.531266450881958,307.1651611328125,1.5127477645874023,284.2081298828125,263.36627197265625,5.119866371154785,2.9403791427612305,200.0,0.1208129152655601,0.184916666398446
20240612.0,,,,,,,,12.0,0.2564709782600403,1.531266450881958,298.1742858886719,1.495463728904724,235.0074615478516,200.0658264160156,0.2097886055707931,3.612648010253906,200.0,0.2870036661624908,0.341749995946884
20240614.0,,,,,,,,12.0,0.2564709782600403,1.531266450881958,301.6667175292969,1.4831624031066897,254.4686889648437,219.56057739257807,0.0008523463038727,5.629146099090576,200.0,0.2398642003536224,0.292416666944822
20240615.0,,,,,,,,12.0,0.2564709782600403,1.531266450881958,301.388427734375,1.4770464897155762,264.546875,232.212646484375,0.0012785353465005,5.618292808532715,200.0,0.2013088017702102,0.262916663661599
20240617.0,,,,,,,,12.0,0.2564709782600403,1.531266450881958,303.0464172363281,1.46483051776886,274.1259765625,251.7526092529297,0.0004376282158773,5.449056148529053,200.0,0.153591439127922,0.204791668181618
20240620.0,,,,,,,,12.0,0.2564709782600403,1.531266450881958,298.43634033203125,1.4465463161468506,279.5126953125,259.8202514648437,1.3086258172988892,1.555199146270752,200.0,0.1016524881124496,0.167916666095455
20240622.0,,,,,,,,12.0,0.2564709782600403,1.531266450881958,302.9716186523437,1.4343608617782593,279.7694091796875,256.3614501953125,0.0228792242705822,3.8707432746887207,200.0,0.1297020614147186,0.159750000263254
20240623.0,,,,,,,,12.0,0.2564709782600403,1.531266450881958,304.62518310546875,1.4284448623657229,282.5646057128906,261.1873779296875,0.0,4.225129127502441,200.0,0.1231182068586349,0.153750001763304
20240625.0,,,,,,,,12.0,0.2564709782600403,1.531266450881958,307.0360412597656,1.4166277647018433,287.8688659667969,268.6049194335937,0.2210637480020523,3.4175047874450684,200.0,0.10675048828125,0.143652174135913
20240628.0,,,,,,,,12.0,0.2564709782600403,1.531266450881958,308.16558837890625,1.410367727279663,287.619384765625,269.2133178710937,0.0034302473068237,3.3216042518615723,200.0,0.1096707731485366,0.132833335548639
20240630.0,,,,,,,,12.0,0.2564709782600403,1.531266450881958,309.362060546875,1.4065340757369995,287.5165405273437,271.86968994140625,0.0012910914374515,2.5807809829711914,200.0,0.103502944111824,0.125565218212812
20240701.0,,,,,,,,12.0,0.2564709782600403,1.531266450881958,308.9226989746094,1.404606819152832,289.88397216796875,271.75115966796875,0.0008523463038727,2.211691379547119,200.0,0.0940586775541305,0.122125001003345
20240703.0,,,,,,,,12.0,0.2564709782600403,1.531266450881958,310.1409606933594,1.4007538557052612,289.9967041015625,274.49639892578125,0.0006279395893216,1.869556665420532,200.0,0.0882203429937362,0.118666667180757
20240706.0,,,,,,,,12.0,0.2564709782600403,1.531266450881958,302.3651733398437,1.394978642463684,253.0391540527344,221.5205841064453,0.0017106531886383,2.9045679569244385,200.0,0.2168962210416793,0.308454546061429
20240708.0,,,,,,,,12.0,0.2564709782600403,1.531266450881958,302.6663818359375,1.3911280632019043,249.5321044921875,216.9572906494141,3.355970859527588,2.605799436569214,200.0,0.1843158304691314,0.316869564678358
20240709.0,,,,,,,,12.0,0.2564709782600403,1.531266450881958,303.59442138671875,1.3892251253128052,261.72393798828125,233.52325439453125,0.0,2.5910236835479736,200.0,0.1871278285980224,0.302458333472411
20240711.0,,,,,,,,12.0,0.2564709782600403,1.531266450881958,306.3912658691406,1.3854206800460815,278.07598876953125,255.88653564453125,0.0008523463038727,1.6757723093032837,200.0,0.1371097266674041,0.21491666448613
20240714.0,,,,,,,,12.0,0.2564709782600403,1.531266450881958,307.8436889648437,1.381167769432068,287.9264221191406,268.0328674316406,0.0772579386830329,1.1178984642028809,200.0,0.0919048935174942,0.15295238225233
20240716.0,,,,,,,,12.0,0.2564709782600403,1.531266450881958,309.8259582519531,1.3783767223358154,289.008056640625,272.28839111328125,0.0243346840143203,1.1285206079483032,200.0,0.0889718607068061,0.137541666006049
20240717.0,,,,,,,,12.0,0.2564709782600403,1.531266450881958,308.2170715332031,1.3769803047180176,288.156005859375,274.4800109863281,1.1231930255889893,0.9132927656173706,200.0,0.0810872018337249,0.134347827862138
20240719.0,,,,,,,,12.0,0.2564709782600403,1.531266450881958,306.6358947753906,1.37418794631958,289.76007080078125,270.9831848144531,0.0066270697861909,1.0937135219573977,200.0,0.0775623992085456,0.124083333648741
20240722.0,,,,,,,,12.0,0.2564709782600403,1.531266450881958,303.4426574707031,1.3700017929077148,286.6196594238281,266.5414123535156,0.0786105543375015,0.7305352091789246,200.0,0.0735456496477127,0.122833333909512
20240725.0,,,,,,,,12.0,0.2564709782600403,1.531266450881958,307.55865478515625,1.3650420904159546,289.33209228515625,271.3194885253906,0.0017106533050537,0.9199094772338868,200.0,0.0788933560252189,0.119000000371174
20240727.0,,,,,,,,12.0,0.2564709782600403,1.531266450881958,307.2798156738281,1.3604446649551392,287.559814453125,271.36383056640625,0.0025640451349318,0.6625511050224304,200.0,0.0858210921287536,0.11665217416442
20240730.0,,,,,,,,12.0,0.2564709782600403,1.531266450881958,309.132080078125,1.2880645990371704,291.50506591796875,272.3964233398437,0.0008523463620804,0.5950831770896912,200.0,0.0720791593194007,0.116666667473813
20240802.0,,,,,,,,12.0,0.2564709782600403,1.531266450881958,311.5582275390625,1.2136777639389038,290.1773986816406,276.7996826171875,0.0100354552268981,0.7183694243431091,200.0,0.0743940025568008,0.113875000116726
20240804.0,,,,,,,,12.0,0.2564709782600403,1.531266450881958,309.3348083496094,1.1646356582641602,290.770263671875,275.6455078125,0.0,0.614043653011322,200.0,0.0662974864244461,0.111391305275585
20240807.0,,,,,,,,12.0,0.2564709782600403,1.531266450881958,312.46783447265625,1.0917681455612185,289.9862670898437,275.11529541015625,0.0,0.6899404525756836,200.0,0.0707842856645584,0.109869565976703
20240810.0,,,,,,,,12.0,0.2564709782600403,1.531266450881958,305.0140075683594,1.0207663774490356,290.4389038085937,272.33709716796875,1.992056369781494,1.002277135848999,200.0,0.0534796938300132,0.109565217533837
20240812.0,,,,,,,,12.0,0.2564709782600403,1.531266450881958,309.79931640625,0.9755873680114746,292.4293212890625,275.865234375,0.0008583068847656,0.7519393563270569,200.0,0.0572855994105339,0.108260869979858
20240815.0,,,,,,,,12.0,0.2564709782600403,1.531266450881958,310.8879089355469,0.9949966669082642,294.2879943847656,276.92645263671875,0.2619757056236267,0.4914575219154358,200.0,0.0513367056846618,0.107826088109742
20240818.0,,,,,,,,12.0,0.2564709782600403,1.531266450881958,311.29132080078125,1.0182448625564575,291.42510986328125,277.43035888671875,0.0008583068847656,0.81825190782547,200.0,0.0612443797290325,0.104956521288208
20240820.0,,,,,,,,12.0,0.2564709782600403,1.531266450881958,311.0054016113281,1.0336779356002808,291.8520812988281,276.8075561523437,0.0008553265361115,0.4677224159240722,200.0,0.0581137761473655,0.10381818190217
20240823.0,,,,,,,,12.0,0.2564709782600403,1.531266450881958,312.5926818847656,1.056900143623352,292.53826904296875,276.9378356933594,0.0050048194825649,0.3581100106239319,200.0,0.0570983998477458,0.104739130839058
20240826.0,,,,,,,,12.0,0.2564709782600403,1.531266450881958,308.3319702148437,1.0798999071121216,293.6270751953125,276.217529296875,0.0069862883538007,0.4842444360256195,200.0,0.0495248585939407,0.102083332215746
20240828.0,,,,,,,,12.0,0.2564709782600403,1.531266450881958,307.60333251953125,1.0947628021240234,291.09600830078125,274.0205078125,0.0201426725834608,0.2573465406894684,200.0,0.0538722984492778,0.0972608695535556
20240831.0,,,,,,,,12.0,0.2564709782600403,1.531266450881958,301.8328857421875,1.0907275676727295,285.30926513671875,268.4418029785156,0.1110490784049034,2.7259223461151123,200.0,0.0834548845887184,0.10039130339156
20240902.0,,,,,,,,12.0,0.2564709782600403,1.531266450881958,296.1988830566406,1.0872639417648315,276.2076110839844,252.40023803710932,49.18032836914063,2.0912628173828125,200.0,0.081875167787075,0.101826087936111
20240903.0,,,,,,,,12.0,0.2564709782600403,1.531266450881958,294.3433532714844,1.0855586528778076,251.9235076904297,225.39779663085932,15.694334030151367,3.129410743713379,200.0,0.1585931330919265,0.22566666888694
20240905.0,,,,,,,,12.0,0.2564709782600403,1.531266450881958,298.6463928222656,1.0821495056152344,254.939453125,224.62026977539065,0.1304448693990707,3.748212099075317,200.0,0.2001431435346603,0.292416665703058
20240908.0,,,,,,,,12.0,0.2564709782600403,1.531266450881958,296.51275634765625,1.0770392417907717,272.2592468261719,248.33743286132807,0.0008514981600455,3.8868913650512695,200.0,0.1226000785827636,0.17845833239456
20240910.0,,,,,,,,12.0,0.2564709782600403,1.531266450881958,295.8455505371094,1.0736348628997805,277.57159423828125,259.0258178710937,0.0,3.675683736801148,200.0,0.1008643135428428,0.137739130660244
20240911.0,,,,,,,,12.0,0.2564709782600403,1.531266450881958,296.777099609375,1.0719321966171265,279.2005615234375,263.843017578125,0.0008523463038727,3.3974146842956543,200.0,0.0931150913238525,0.129249999920527
20240913.0,,,,,,,,12.0,0.2564709782600403,1.531266450881958,300.2254943847656,1.0685282945632937,283.94451904296875,267.35430908203125,0.0017285346984863,3.194000482559204,200.0,0.0853828489780426,0.119913043859212
20240916.0,,,,,,,,12.0,0.2564709782600403,1.531266450881958,303.4207763671875,1.063349366188049,285.8414306640625,269.857421875,0.0052925636991858,2.433706283569336,200.0,0.0816578939557075,0.109391304785791
20240919.0,,,,,,,,12.0,0.2564709782600403,1.531266450881958,305.3270874023437,1.0581713914871216,288.09820556640625,271.63726806640625,0.002581222448498,1.8752446174621584,200.0,0.0725157633423805,0.10266666735212
20240921.0,,,,,,,,12.0,0.2564709782600403,1.531266450881958,304.6392517089844,1.0547219514846802,290.70880126953125,274.3497619628906,0.0064431917853653,1.313845157623291,200.0,0.0570209436118602,0.102416667466362
20240924.0,,,,,,,,12.0,0.2564709782600403,1.531266450881958,298.73193359375,1.0495513677597046,261.9457702636719,233.8956756591797,0.063597947359085,1.2431834936141968,200.0,0.1428299844264984,0.257583334421118
20240926.0,,,,,,,,12.0,0.2564709782600403,1.531266450881958,299.03472900390625,1.0461552143096924,268.9228515625,247.2522735595703,0.0,1.2437423467636108,200.0,0.1340198814868927,0.180416667213043
20240927.0,,,,,,,,12.0,0.2564709782600403,1.531266450881958,300.3495178222656,1.044094443321228,275.81500244140625,256.6156616210937,0.0012934206752106,1.143907904624939,200.0,0.1120580062270164,0.147250000697871
20240929.0,,,,,,,,12.0,0.2564709782600403,1.531266450881958,300.1194763183594,1.0399749279022217,277.57843017578125,260.15155029296875,0.000435113790445,0.8643574714660645,200.0,0.0969399064779281,0.1249130429781
20241002.0,,,,,,,,12.0,0.2564709782600403,1.531266450881958,300.0104675292969,1.009204626083374,283.43072509765625,267.4107666015625,0.0008523463038727,0.598145604133606,200.0,0.0597919598221778,0.109652174231799
20241005.0,,,,,,,,12.0,0.2564709782600403,1.531266450881958,302.1518859863281,0.9775339365005492,282.571044921875,269.4190979003906,0.0004357596626505,0.5028702020645142,200.0,0.0669866949319839,0.101695651917354
20241007.0,,,,,,,,12.0,0.2564709782600403,1.531266450881958,301.47198486328125,0.9565434455871582,283.34539794921875,268.4114074707031,0.0,0.4128595292568207,200.0,0.0578942410647869,0.0956363632259044
20241010.0,,,,,,,,12.0,0.2564709782600403,1.531266450881958,301.9972229003906,0.9251946210861206,284.322021484375,268.7928466796875,0.1749483495950698,0.3859882354736328,200.0,0.0542373545467853,0.0955833330129584
20241012.0,,,,,,,,12.0,0.2564709782600403,1.531266450881958,302.8362731933594,0.9043436646461488,283.153564453125,270.8299865722656,0.0,0.373397022485733,200.0,0.0641726404428482,0.0938260875966238
20241013.0,,,,,,,,12.0,0.2564709782600403,1.531266450881958,302.81646728515625,0.8942663073539734,285.152587890625,269.54913330078125,0.0012918700231239,0.2928152978420257,200.0,0.0529317036271095,0.0929130422680274
20241015.0,,,,,,,,12.0,0.2564709782600403,1.531266450881958,299.07861328125,0.8741633296012878,283.3782653808594,269.02410888671875,0.0,0.2769666612148285,200.0,0.045910719782114,0.0909130440458008
20241018.0,,,,,,,,12.0,0.2564709782600403,1.531266450881958,293.848876953125,0.8657751679420471,283.85955810546875,267.19512939453125,0.0862298458814621,0.1131743043661117,200.0,0.0338157713413238,0.0881250003973643
20241020.0,,,,,,,,12.0,0.2564709782600403,1.531266450881958,297.0303039550781,0.8608273863792419,282.9468994140625,267.2212829589844,0.0017166137695312,0.2476315945386886,200.0,0.042071133852005,0.0890869566279909
20241021.0,,,,,,,,12.0,0.2564709782600403,1.531266450881958,297.6322937011719,0.8583338856697083,282.0965881347656,268.162841796875,0.0008583068847656,0.2129889875650406,200.0,0.0444053187966346,0.0887083333606521
20241023.0,,,,,,,,12.0,0.2564709782600403,1.531266450881958,300.6183166503906,0.8533499836921692,283.0338134765625,266.9610595703125,0.0008583068847656,0.2428577095270156,200.0,0.0502464771270751,0.0883478263150091
20241026.0,,,,,,,,12.0,0.2564709782600403,1.531266450881958,295.0072937011719,0.845881998538971,282.8616638183594,266.1898193359375,0.0,0.1462316066026687,200.0,0.0371222123503685,0.0876956523760505
20241028.0,,,,,,,,12.0,0.2564709782600403,1.531266450881958,299.68914794921875,0.8407644033432007,283.563720703125,269.89263916015625,0.0,0.1465135961771011,200.0,0.0437985435128212,0.0877826097218887
20241029.0,,,,,,,,12.0,0.2564709782600403,1.531266450881958,298.9340209960937,0.8392891883850098,283.2698059082031,267.894775390625,0.0,0.1178166344761848,200.0,0.0423502177000045,0.0900000006608341
20241031.0,,,,,,,,12.0,0.2564709782600403,1.531266450881958,294.61651611328125,0.8363398313522339,282.0014038085937,266.682373046875,0.0,0.112893708050251,200.0,0.0373493283987045,0.0882608692931092
20241103.0,,,,,,,,12.0,0.2564709782600403,1.531266450881958,292.776611328125,0.9058042764663696,234.97366333007807,201.69546508789065,86.62032318115234,1.7507082223892212,200.0,0.263337105512619,0.333624999970198
20241106.0,,,,,,,,12.0,0.2564709782600403,1.531266450881958,287.5073547363281,0.9793429970741272,235.0552978515625,199.1753845214844,0.0017212085658684,2.3131418228149414,200.0,0.2327299863100052,0.295869565528372
20241108.0,,,,,,,,12.0,0.2564709782600403,1.531266450881958,290.96600341796875,1.0287714004516602,227.8722076416016,192.81817626953125,78.43116760253906,1.7433124780654907,200.0,0.2876587510108948,0.314583337555329
20241111.0,,,,,,,,12.0,0.2564709782600403,1.531266450881958,286.2527770996094,1.103663444519043,234.956787109375,200.0839233398437,0.0008583068847656,1.6948010921478271,200.0,0.2351660281419754,0.293666664510965
20241114.0,,,,,,,,12.0,0.2564709782600403,1.531266450881958,284.879150390625,1.1787692308425903,247.988021850586,214.35903930664065,0.000426173210144,1.9786289930343628,200.0,0.1834137141704559,0.265791667004426
20241116.0,,,,,,,,12.0,0.2564709782600403,1.531266450881958,289.4244689941406,1.228179097175598,254.53990173339844,225.25732421875,0.0008523463038727,1.932289123535156,200.0,0.1741172075271606,0.247958329195778
20241119.0,,,,,,,,12.0,0.2564709782600403,1.531266450881958,286.5729064941406,1.2439167499542236,228.4366455078125,192.8935546875,0.0012934206752106,2.2050235271453857,200.0,0.2558082938194275,0.324083331972361
20241122.0,,,,,,,,12.0,0.2564709782600403,1.531266450881958,282.92071533203125,1.257147192955017,240.31027221679688,206.4960174560547,0.000426173210144,1.4061036109924316,200.0,0.2122186720371246,0.286086958387624
20241124.0,,,,,,,,12.0,0.2564709782600403,1.531266450881958,288.7649230957031,1.266059398651123,247.3109130859375,218.42236328125,0.0,2.0876457691192627,200.0,0.1975822150707245,0.271874996523062
20241127.0,,,,,,,,12.0,0.2564709782600403,1.531266450881958,287.6875915527344,1.2794501781463623,252.18185424804688,223.6260528564453,0.0,2.0751006603240967,200.0,0.1768282651901245,0.245130435928054
20241130.0,,,,,,,,12.0,0.2564709782600403,1.531266450881958,280.4630432128906,1.292662262916565,253.26071166992188,227.2554931640625,0.0,1.3615365028381348,200.0,0.1564466655254364,0.22224999902149
20241202.0,,,,,,,,12.0,0.2564709782600403,1.531266450881958,280.6964111328125,1.3011409044265747,257.3200988769531,231.356201171875,0.0,1.019545555114746,200.0,0.1486066579818725,0.213150002062321
20241205.0,,,,,,,,12.0,0.2564709782600403,1.531266450881958,282.1493530273437,1.296359896659851,259.6976928710937,238.4777374267578,0.000435113790445,1.0592267513275146,200.0,0.1387728899717331,0.202999999125799
20241208.0,,,,,,,,12.0,0.2564709782600403,1.531266450881958,283.2772216796875,1.290827751159668,255.7465362548828,230.21096801757807,0.0090247057378292,1.3731745481491089,200.0,0.1516158878803253,0.195173912722131
20241210.0,,,,,,,,12.0,0.2564709782600403,1.531266450881958,280.8851623535156,1.2871646881103516,259.0797424316406,235.74969482421875,0.0026780341286212,0.9714850783348083,200.0,0.1423357427120208,0.192583333700895
20241213.0,,,,,,,,12.0,0.2564709782600403,1.531266450881958,285.1099548339844,1.2816743850708008,263.86572265625,241.66796875,0.0,1.1943320035934448,200.0,0.1316817253828048,0.182454546744173
20241216.0,,,,,,,,12.0,0.2564709782600403,1.531266450881958,287.7419738769531,1.2763198614120483,267.55645751953125,246.90005493164065,0.000426173210144,1.1940114498138428,200.0,0.1206603869795799,0.175916667406758
20241218.0,,,,,,,,12.0,0.2564709782600403,1.531266450881958,283.7420654296875,1.2729713916778564,266.24493408203125,246.180404663086,0.0118745733052492,1.1054723262786863,200.0,0.121059164404869,0.165666667123636
20241224.0,,,,,,,,12.0,0.2564709782600403,1.531266450881958,284.6323547363281,1.2857275009155271,268.8641357421875,249.8846740722656,0.9230871200561525,0.5036084651947021,200.0,0.0935468599200248,0.157625000923872
20241226.0,,,,,,,,12.0,0.2564709782600403,1.531266450881958,283.4066467285156,1.2901312112808228,256.06915283203125,234.91688537597656,3.6989688873291016,0.4885716736316681,200.0,0.1496414095163345,0.155458335454265
20241229.0,,,,,,,,12.0,0.2564709782600403,1.531266450881958,283.9033508300781,1.2967677116394043,262.3450927734375,237.71124267578125,0.0008583068847656,1.1542702913284302,200.0,0.135210707783699,0.148374998942018
20250101.0,,,,,,,,12.0,0.2564709782600403,1.531266450881958,278.8724975585937,1.302849054336548,261.84783935546875,243.9400329589844,0.0,0.7599753141403198,200.0,0.1287398487329483,0.142368421350655
20250103.0,,,,,,,,12.0,0.2564709782600403,1.531266450881958,281.07733154296875,1.2982317209243774,265.0737609863281,246.39425659179688,0.0016393230762332,0.6909356117248535,200.0,0.1146460324525833,0.142260870207911
20250117.0,,,,,,,,12.0,0.2564709782600403,1.531266450881958,283.580078125,1.2633483409881592,262.28521728515625,241.18978881835932,0.1902412176132202,1.4875106811523438,200.0,0.1338992118835449,0.176086956392164
20250125.0,,,,,,,,12.0,0.2564709782600403,1.531266450881958,280.2630615234375,1.220777988433838,264.1459350585937,245.29898071289065,0.0,0.9563139081001282,200.0,0.1235730797052383,0.153478260273519
20250130.0,,,,,,,,12.0,0.2564709782600403,1.531266450881958,284.8385925292969,1.19413959980011,265.8425598144531,248.68948364257807,0.5859344005584717,1.234233260154724,200.0,0.1210432276129722,0.144375000149012
20250202.0,,,,,,,,12.0,0.2564709782600403,1.531266450881958,288.32537841796875,1.177696704864502,269.7783508300781,252.50213623046875,0.0025947466492652,1.7188665866851809,200.0,0.1159126386046409,0.135826087516287
20250204.0,,,,,,,,12.0,0.2564709782600403,1.531266450881958,286.1781921386719,1.1587225198745728,273.0616455078125,253.9490509033203,0.0001951974845724,0.7355822324752808,200.0,0.0831889361143112,0.130086956788664
20250207.0,,,,,,,,12.0,0.2564709782600403,1.531266450881958,285.59674072265625,1.1300129890441897,271.79901123046875,253.3323974609375,0.0007333084358833,0.980947494506836,200.0,0.094737209379673,0.125916667903463
20250209.0,,,,,,,,12.0,0.2564709782600403,1.531266450881958,281.49713134765625,1.110851168632507,269.865234375,253.06495666503903,0.0,0.6077203750610352,200.0,0.0823649615049362,0.121809525149209
20250210.0,,,,,,,,12.0,0.2564709782600403,1.531266450881958,278.4283142089844,1.1012920141220093,269.4786376953125,252.16232299804688,0.5746970772743225,0.3503217101097107,200.0,0.0683978423476219,0.121954546394673
20250215.0,,,,,,,,12.0,0.2564709782600403,1.531266450881958,284.9113464355469,1.0536458492279053,265.5111999511719,244.8236389160156,0.0017292411066591,1.1647003889083862,200.0,0.1241981387138366,0.116739130538443
20250225.0,,,,,,,,12.0,0.2564709782600403,1.531266450881958,286.4958801269531,1.0452128648757937,270.19586181640625,253.61802673339844,0.0012804500292986,1.6559094190597534,200.0,0.1143503934144973,0.110260869497838
20250226.0,,,,,,,,12.0,0.2564709782600403,1.531266450881958,288.1893615722656,1.0480573177337646,269.48858642578125,254.4878845214844,0.00085994170513,1.4654853343963623,200.0,0.111524797976017,0.109826087303784
20250228.0,,,,,,,,12.0,0.2564709782600403,1.531266450881958,285.4261474609375,1.053749918937683,269.0505065917969,254.9849090576172,0.0017136326059699,1.402056097984314,200.0,0.1098276004195213,0.106500000072022
20250303.0,,,,,,,,12.0,0.2564709782600403,1.531266450881958,289.8790588378906,1.0623167753219604,264.52301025390625,244.40655517578125,0.0,1.5474425554275513,200.0,0.1330205351114273,0.106458332389593
20250306.0,,,,,,,,12.0,0.2564709782600403,1.531266450881958,285.26171875,1.07049298286438,268.1771240234375,254.42413330078125,0.0,2.0403339862823486,200.0,0.1189453974366188,0.109086956990802
20250308.0,,,,,,,,12.0,0.2564709782600403,1.531266450881958,283.02197265625,1.0697304010391235,238.9674835205078,208.59259033203125,15.57207489013672,1.5111587047576904,200.0,0.1853217184543609,0.109875000081956
20250311.0,,,,,,,,12.0,0.2564709782600403,1.531266450881958,288.8427124023437,1.068312168121338,255.2027740478516,231.51416015625,0.0008583068847656,3.43028211593628,200.0,0.1644657403230667,0.124857142567635
20250313.0,,,,,,,,12.0,0.2564709782600403,1.531266450881958,291.439453125,1.067293643951416,269.87237548828125,248.5368804931641,0.0008523463038727,2.820600748062134,200.0,0.1261859089136123,0.132090910591862
20250314.0,,,,,,,,12.0,0.2564709782600403,1.531266450881958,292.1180725097656,1.0667845010757446,271.5159606933594,252.06134033203125,0.0017225742340087,2.5718986988067627,200.0,0.1190664023160934,0.134000001475215
20250316.0,,,,,,,,12.0,0.2564709782600403,1.531266450881958,285.6642761230469,1.0657663345336914,269.41668701171875,251.48602294921875,0.0017225742340087,1.875948667526245,200.0,0.1197148188948631,0.125714286097458
20250319.0,,,,,,,,12.0,0.2564709782600403,1.531266450881958,292.42877197265625,1.0641708374023438,276.98309326171875,260.2969970703125,0.0,1.3023455142974854,200.0,0.0869207978248596,0.120750000389914
20250321.0,,,,,,,,12.0,0.2564709782600403,1.531266450881958,288.7734069824219,1.0621944665908811,272.239013671875,258.2581787109375,0.0017180679133161,1.6214667558670044,200.0,0.1030250638723373,0.106791667329768
20250322.0,,,,,,,,12.0,0.2564709782600403,1.531266450881958,291.0728454589844,1.0640822649002075,273.9761962890625,258.3129272460937,0.000435113790445,1.7044236660003662,200.0,0.0998903959989547,0.106695652655933
20250330.0,,,,,,,,12.0,0.2564709782600403,1.531266450881958,297.1727905273437,1.160098671913147,279.9669189453125,261.29595947265625,0.0008583068847656,1.247718095779419,200.0,0.0844579711556434,0.101999999955297
20250428.0,,,,,,,,12.0,0.2564709782600403,1.531266450881958,298.2408447265625,1.397142767906189,256.6993713378906,227.75814819335932,1.3632868528366089,4.586905002593994,200.0,0.192001536488533,0.296333335340023
20250509.0,,,,,,,,12.0,0.2564709782600403,1.531266450881958,292.3003234863281,1.4698214530944824,245.3350524902344,211.1570587158203,0.3562824726104736,3.972547292709351,200.0,0.2181045711040496,0.304999998460213
20250530.0,,,,,,,,12.0,0.2564709782600403,1.531266450881958,295.7650451660156,1.52426016330719,261.2301940917969,232.79507446289065,16.671260833740234,4.560318946838379,200.0,0.1551716029644012,0.235208331917723
