date,era5_land_sm,esa_cci_sm,smap_ib_sm,smap_dca_sm,smap_scav_sm,smos_ic_sm,smos_l3_sm,mcd12c1_IGBP_land_cover,soilgrid_clay_fraction,soilgrid_bulk_density,era5_surface_temperature,vwc_mod13_sf_land,smap_tb_v_corrected,smap_tb_h_corrected,era5_prep,era5_evap,koppen_climate_5_types,pgml_sm,insitu_sm
20221029.0,0.182517871260643,0.1803507059812545,0.0496699064970016,,,,0.022064883261919,,,,,,,,,,,,
20221030.0,0.1825348138809204,0.1859038025140762,,,,,0.0074465163052082,,,,,,,,,,,,
20221031.0,0.1825369894504547,0.1762016117572784,0.0447240434587001,0.089257463812828,0.0828013643622398,,,7.0,0.2737363874912262,1.2899494171142578,287.0559997558594,0.8580929040908813,274.6476135253906,264.7045288085937,0.0008583068847656,0.0423636138439178,300.0,0.0183705743402242,0.0050526315922309
20221101.0,0.1831556856632232,0.1735798865556717,,,,0.0355718098580837,0.042970061302185,,,,,,,,,,,,
20221102.0,0.2420297116041183,0.2529524266719818,,,,,,,,,,,,,,,,,
20221103.0,0.2522494196891784,0.2404967844486236,0.1681594401597976,0.2014406472444534,0.1611346751451492,,0.1503646969795227,7.0,0.2737363874912262,1.2899494171142578,279.6223449707031,0.8584643602371216,257.8162841796875,241.11778259277344,0.4287764132022857,0.6473343968391418,300.0,0.1162026971578598,0.0040454546370628
20221104.0,0.2464976608753204,0.239513874053955,,,,0.0791636332869529,0.0841395333409309,,,,,,,,,,,,
20221105.0,0.2398787587881088,0.2171894311904907,0.1029438599944114,0.1224253699183464,0.1077621206641197,,,7.0,0.2737363874912262,1.2899494171142578,283.2827453613281,0.858168363571167,267.3973083496094,255.89178466796875,0.0155001636594533,0.3928893804550171,300.0,0.0677822977304458,0.0067368420576186
20221106.0,0.2354626953601837,0.221915915608406,0.1300171017646789,0.1125605627894401,0.0922154858708381,0.0784545168280601,0.090701013803482,7.0,0.2737363874912262,1.2899494171142578,286.2271728515625,0.858004629611969,271.39556884765625,256.2074584960937,0.2844687402248382,0.3443079590797424,300.0,0.0417380779981613,0.0102857142420752
20221108.0,0.3088403344154358,0.2873570322990417,0.2671780884265899,0.2835513055324554,0.2143743485212326,,,7.0,0.2737363874912262,1.2899494171142578,279.44781494140625,0.8576775789260864,248.6615295410156,231.43344116210932,23.414871215820312,1.6664094924926758,300.0,0.136874109506607,0.104458331770729
20221109.0,0.4141262471675873,0.3306223750114441,,,,0.3300584256649017,0.3589282035827636,,,,,,,,,,,,
20221111.0,,,,,,,,7.0,0.2737363874912262,1.2899494171142578,278.3880920410156,0.8571878671646118,245.39459228515625,228.4632873535156,0.0004351138486526,0.8942275643348694,300.0,0.2184470146894455,0.214350000023842
20221113.0,,,,,,,,7.0,0.2737363874912262,1.2899494171142578,279.39605712890625,0.8568620681762695,254.1722717285156,238.14663696289065,0.000435113790445,0.921919047832489,300.0,0.150328129529953,0.19558333295087
20221119.0,,,,,,,,7.0,0.2737363874912262,1.2899494171142578,279.9045104980469,0.8662165403366089,260.4300537109375,245.15675354003903,0.000435113790445,0.7973934412002563,300.0,0.118093229830265,0.170947368992002
20221124.0,,,,,,,,7.0,0.2737363874912262,1.2899494171142578,281.7980651855469,0.8925837278366089,264.0130615234375,250.03033447265625,0.0,0.7017160058021545,300.0,0.1085442751646041,0.158583334336678
20221127.0,,,,,,,,7.0,0.2737363874912262,1.2899494171142578,281.3040771484375,0.9098429083824158,265.44122314453125,253.1479034423828,0.000435113790445,0.4990248084068298,300.0,0.0903826281428337,0.153150000423193
20221129.0,,,,,,,,7.0,0.2737363874912262,1.2899494171142578,279.8682861328125,0.921906054019928,265.0013427734375,254.7503967285156,0.0008614647085778,0.3563663363456726,300.0,0.0821858718991279,0.147799998521805
20221201.0,0.2277612537145614,0.2299021929502487,,,,,,,,,,,,,,,,,
20221203.0,0.4436064064502716,0.3312859833240509,,,,,,,,,,,,,,,,,
20221204.0,0.4701750874519348,0.3961197137832641,,,,,0.574236273765564,,,,,,,,,,,,
20221205.0,0.440248429775238,0.3460123538970947,0.3151328265666961,0.3392099738121032,0.2733578681945801,,0.3835261166095733,7.0,0.2737363874912262,1.2899494171142578,279.6074523925781,0.9506536722183228,237.0845947265625,216.07470703125,0.8975088000297546,0.9750400185585022,300.0,0.2659426033496856,0.264681817455725
20221206.0,0.4314607977867126,0.3278187215328216,,,,,,,,,,,,,,,,,
20221207.0,0.4267884492874145,0.3132702708244324,0.2905109822750091,0.3276292979717254,0.2696570754051208,0.3043795526027679,0.2943815290927887,7.0,0.2737363874912262,1.2899494171142578,277.1594543457031,0.9542889595031738,236.0556182861328,214.4326934814453,0.3407171964645386,0.7816169857978821,300.0,0.278970867395401,0.29709090563384
20221208.0,0.4166705012321472,0.3311633765697479,0.2886699438095093,0.3208173215389251,0.2567415237426758,,,7.0,0.2737363874912262,1.2899494171142578,277.1524963378906,0.9560378193855286,237.72250366210932,217.28097534179688,0.013658320531249,0.639667809009552,300.0,0.2673375308513641,0.261666668578982
20221209.0,0.408039778470993,0.3217119872570038,,,,,0.2632831931114197,,,,,,,,,,,,
20221210.0,0.4194583296775818,0.3222566545009613,0.2844242453575134,0.2746519148349762,0.2225494533777237,0.2141961455345153,0.249427780508995,7.0,0.2737363874912262,1.2899494171142578,280.53594970703125,0.9595580101013184,245.1091766357422,224.73992919921875,8.810789108276367,0.6772534251213074,300.0,0.2156966030597686,0.237541666875283
20221211.0,0.4557971954345703,0.3757086098194122,,,,,,,,,,,,,,,,,
20221212.0,0.459029883146286,0.3654387295246124,,,,0.4044740498065948,0.3509323298931122,,,,,,,,,,,,
20221213.0,0.4541026651859283,0.3510327935218811,0.2998128831386566,0.3739520311355591,0.3030229210853576,,,7.0,0.2737363874912262,1.2899494171142578,274.99432373046875,0.9648948907852172,230.16165161132807,209.0362243652344,0.0,0.7803075909614563,300.0,0.2807575762271881,0.262318180365996
20221215.0,0.4343509674072265,0.3146166205406189,,,,0.2312668710947036,0.2482986003160476,,,,,,,,,,,,
20221220.0,0.4032734036445617,0.3058361113071441,,,,0.1828113943338394,0.1972716450691223,,,,,,,,,,,,
20221221.0,0.3976903259754181,0.2964790463447571,0.2281613498926162,0.2584304213523865,0.2012069672346115,,,7.0,0.2737363874912262,1.2899494171142578,277.70074462890625,0.979170024394989,246.20120239257807,228.8018798828125,0.001718723331578,0.868219256401062,300.0,0.223563477396965,0.214000000059605
20221222.0,0.3915044665336609,0.3143994808197021,,,,,0.2097232043743133,,,,,,,,,,,,
20221223.0,0.3902478218078613,0.3063069581985473,,,,,0.1750236451625824,,,,,,,,,,,,
20221224.0,0.3862129747867584,0.286242127418518,0.2557828724384308,0.2404853701591491,0.1882966011762619,,,7.0,0.2737363874912262,1.2899494171142578,279.79248046875,0.9843261241912842,249.94546508789065,232.9929351806641,0.001275539281778,0.8462811708450317,300.0,0.194115549325943,0.206291665012638
20221225.0,0.3799983263015747,0.2995365858078003,,,,0.1666041761636734,0.1790520995855331,,,,,,,,,,,,
20221226.0,,,,,,,,7.0,0.2737363874912262,1.2899494171142578,281.685546875,0.9877926111221312,250.30795288085932,235.9122314453125,0.0008523463620804,0.7233953475952148,300.0,0.181585818529129,0.202952380691256
20221229.0,,,,,,,,7.0,0.2737363874912262,1.2899494171142578,278.9021301269531,0.993032932281494,223.392822265625,198.97723388671875,8.128493309020996,0.886339008808136,300.0,0.3181032538414001,0.293666671961546
20221231.0,,,,,,,,7.0,0.2737363874912262,1.2899494171142578,283.8069763183594,0.9964549541473388,233.2129669189453,212.83523559570312,10.414058685302734,0.7311736345291138,300.0,0.2817939221858978,0.287666667252779
20230101.0,,,,,,,,9.0,0.2737363874912262,1.2899494171142578,280.6256103515625,1.7645635604858398,228.22360229492188,204.97296142578125,5.631590843200684,1.713513731956482,300.0,0.3053236007690429,0.300249996284644
20230103.0,,,,,,,,9.0,0.2737363874912262,1.2899494171142578,279.16717529296875,1.770920991897583,226.8560485839844,206.3418426513672,1.2642309665679932,1.2975924015045166,300.0,0.2979936003684997,0.274749999245008
20230105.0,0.4681682288646698,0.3848934173583984,,,,,0.2309335619211197,,,,,,,,,,,,
20230106.0,0.4778303503990173,0.3891502022743225,0.3955254852771759,0.4483903050422668,0.3574906587600708,,,9.0,0.2737363874912262,1.2899494171142578,276.9950866699219,1.7807300090789795,223.1830444335937,202.56964111328125,0.4041954278945923,1.0554978847503662,300.0,0.2955444455146789,0.295416665573915
20230107.0,0.4609494507312774,0.373285710811615,,,,0.3249959647655487,0.3136081993579864,,,,,,,,,,,,
20230108.0,0.4809700846672058,0.3961108028888702,0.4166925847530365,0.4556751251220703,0.3807240426540375,,,9.0,0.2737363874912262,1.2899494171142578,280.9337463378906,1.7874059677124023,221.5811920166016,201.1190185546875,7.463889122009277,1.836833477020264,300.0,0.3032737672328949,0.301875001440446
20230109.0,0.4776137471199035,0.400849848985672,0.4602314829826355,0.4556751251220703,0.4556751251220703,,0.5470137596130371,9.0,0.2737363874912262,1.2899494171142578,282.9641418457031,1.7907754182815552,212.6366577148437,191.42027282714844,43.36653900146485,0.5373168587684631,300.0,0.3775609135627746,0.33870833242933
20230110.0,0.4744648933410644,0.4415804743766784,,,,,0.3659779727458954,,,,,,,,,,,,
20230111.0,0.4535026252269745,0.4228004217147827,0.4116081595420837,0.4287262260913849,0.354910284280777,,,9.0,0.2737363874912262,1.2899494171142578,278.3551330566406,1.797577142715454,224.57720947265625,202.92906188964844,2.469621181488037,0.5349015593528748,300.0,0.2974087297916412,0.293749998013179
20230112.0,0.4671765565872192,0.3925045132637024,,,,0.385161280632019,0.3622852265834808,,,,,,,,,,,,
20230113.0,0.4567548334598541,0.38516566157341,,,,,,,,,,,,,,,,,
20230114.0,0.4759332835674286,0.3814917802810669,0.4070586562156677,0.41267991065979,0.3296327590942383,,0.41340371966362,9.0,0.2737363874912262,1.2899494171142578,281.6119079589844,1.807973027229309,229.61996459960932,208.98291015625,18.10640335083008,0.7717921137809753,300.0,0.3111788630485534,0.274416663994392
20230115.0,0.4464434385299682,0.4068309664726257,,,,0.4602187871932983,0.4191106855869293,,,,,,,,,,,,
20230116.0,0.4778136610984802,0.4152162969112396,0.4186584949493408,0.4556751251220703,0.3912731111049652,,,9.0,0.2737363874912262,1.2899494171142578,278.1409912109375,1.8154897689819336,220.40554809570312,200.2576904296875,13.661266326904297,1.690472960472107,300.0,0.3259395658969879,0.303142855564753
20230117.0,0.466209203004837,0.3969843983650207,0.3935834169387817,0.4517382681369781,0.375679612159729,0.4257821440696716,0.4289986789226532,9.0,0.2737363874912262,1.2899494171142578,276.73370361328125,1.8177621364593504,221.7107391357422,200.2081298828125,0.4307555556297302,1.154469013214111,300.0,0.2930137515068054,0.285041666279236
20230119.0,0.4542020261287689,0.3780638873577118,0.3857704997062683,0.4119664430618286,0.3416553437709808,,,9.0,0.2737363874912262,1.2899494171142578,277.9178771972656,1.8120737075805664,225.82525634765625,204.34353637695312,0.7088190317153931,1.142089605331421,300.0,0.2913751602172851,0.264043473679086
20230123.0,0.4300353825092315,0.3466866016387939,,,,,,,,,,,,,,,,,
20230126.0,0.414342314004898,0.3577581346035003,,,,,,,,,,,,,,,,,
20230127.0,0.4089694917201996,0.3332900702953338,0.2991111874580383,0.2711344361305237,0.2081392109394073,0.2005639225244522,0.2164677828550338,9.0,0.2737363874912262,1.2899494171142578,278.2353210449219,1.788145661354065,245.69528198242188,229.3486785888672,0.0008553265361115,1.3767985105514526,300.0,0.2385309487581253,0.220190473965236
20230128.0,0.4038420021533966,0.3253868818283081,,,,,0.153599664568901,,,,,,,,,,,,
20230129.0,0.4012115001678467,0.3236796259880066,,,,,,,,,,,,,,,,,
20230203.0,0.3912047743797302,0.331307977437973,,,,,,,,,,,,,,,,,
20230204.0,0.3936380743980407,0.3225785791873932,0.3039459884166717,0.2168947756290435,0.1751104891300201,0.1786345541477203,0.1829279512166977,9.0,0.2737363874912262,1.2899494171142578,279.6566467285156,1.7729253768920898,252.537353515625,234.7243194580078,0.1880045235157013,0.8112567067146301,300.0,0.1976096928119659,0.218391305078631
20230205.0,0.4182436466217041,0.3333278000354767,,,,,,,,,,,,,,,,,
20230209.0,0.3903604745864868,0.3283674120903015,0.3131902813911438,0.2387373745441436,0.1861070990562439,0.2183944880962371,0.2175054103136062,9.0,0.2737363874912262,1.2899494171142578,280.598388671875,1.7780354022979736,249.9719390869141,234.02975463867188,0.0012814997462555,1.7145048379898071,300.0,0.2049062699079513,0.219454545189034
20230210.0,0.3805665671825409,0.3282049894332886,0.3073858916759491,0.2229188531637191,0.1773029565811157,,,9.0,0.2737363874912262,1.2899494171142578,281.4674987792969,1.779089331626892,252.4019775390625,235.6595764160156,0.0008523463038727,1.60870623588562,300.0,0.1963573992252349,0.216249999279777
20230211.0,0.3733854591846466,0.3332959115505218,,,,,,,,,,,,,,,,,
20230212.0,0.3974484503269195,0.3246180713176727,0.3344968259334564,0.2456313520669937,0.1915695816278457,0.2166134715080261,0.2437208145856857,9.0,0.2737363874912262,1.2899494171142578,277.294921875,1.7812036275863647,248.58590698242188,232.15383911132807,0.2231965959072113,1.901960611343384,300.0,0.2147759944200515,0.206217391983322
20230213.0,0.3845071792602539,0.3278086483478546,,,,,,,,,,,,,,,,,
20230214.0,0.3730788826942444,0.3196817338466644,,,,0.166309505701065,0.1994689851999282,,,,,,,,,,,,
20230215.0,0.3732790648937225,0.3030205070972442,,,,,0.1377605497837066,,,,,,,,,,,,
20230220.0,0.3310019075870514,0.3094410002231598,0.2313772737979889,0.1590307205915451,0.1325189769268036,0.0703663900494575,0.1020538955926895,9.0,0.2737363874912262,1.2899494171142578,280.4436340332031,1.7917885780334473,259.2396850585937,246.0303955078125,0.0008702276973053,1.8560577630996704,300.0,0.1532362997531891,0.183250000327826
20230221.0,0.3222983181476593,0.311215192079544,,,,,,,,,,,,,,,,,
20230222.0,0.3158594667911529,0.298007607460022,,,,0.119648203253746,0.1319315135478973,,,,,,,,,,,,
20230223.0,0.3161236643791199,0.2943651080131531,0.2132176756858825,0.1651274114847183,0.1381008476018905,,,9.0,0.2737363874912262,1.2899494171142578,274.4250793457031,1.7980527877807615,256.8681030273437,245.70944213867188,0.7933029532432556,1.123088002204895,300.0,0.1520449221134185,0.173681819303469
20230224.0,0.3680796325206756,0.3274648785591125,,,,,,,,,,,,,,,,,
20230225.0,0.4604245722293854,0.4428007900714874,0.3724274933338165,,,0.3354823589324951,,9.0,0.2737363874912262,1.2899494171142578,273.83941650390625,1.802290678024292,235.07492065429688,220.9822540283203,6.24669885635376,0.60886549949646,300.0,0.3027019500732422,0.332478261512259
20230226.0,0.4679214358329773,0.3773018717765808,0.3748743236064911,,,,,9.0,0.2737363874912262,1.2899494171142578,273.35089111328125,1.804421663284301,233.63995361328125,216.05532836914065,1.3635255098342896,0.6378200054168701,300.0,0.3044068813323974,0.302416669825713
20230227.0,0.4901360869407654,0.3850839734077453,,,,0.3675363659858703,,,,,,,,,,,,,
20230228.0,0.4638668298721313,0.3723091781139374,0.386009931564331,,,,,9.0,0.2737363874912262,1.2899494171142578,274.1747436523437,1.808707356452942,232.92323303222656,216.523681640625,2.9145984649658203,1.252595067024231,300.0,0.3091466724872589,0.302913045105727
20230301.0,0.4708177745342254,0.3685252368450165,,,,,,,,,,,,,,,,,
20230304.0,0.4599407017230987,0.3537166714668274,,,,0.2610377669334411,,,,,,,,,,,,,
20230305.0,0.4668855667114258,0.3556593954563141,0.3294308185577392,,,,,9.0,0.2737363874912262,1.2899494171142578,276.7958068847656,1.8194454908370967,244.1682281494141,229.74240112304688,4.434093952178955,1.986563801765442,300.0,0.2566027045249939,0.259333331137896
20230308.0,0.4448477327823639,0.3481529951095581,0.3765844404697418,0.3179785907268524,0.2362401038408279,,,9.0,0.2737363874912262,1.2899494171142578,276.647705078125,1.8290919065475464,241.97573852539065,226.23583984375,0.9357056021690368,1.604410171508789,300.0,0.2657568454742431,0.258952379226685
20230309.0,0.4443645179271698,,,,,,0.2894680500030517,,,,,,,,,,,,
20230310.0,0.4791166186332702,0.4271147549152374,,,,,0.6084475517272949,,,,,,,,,,,,
20230311.0,0.4783007800579071,0.4435688853263855,0.4589308202266693,0.3954049348831177,0.2915157675743103,,,9.0,0.2737363874912262,1.2899494171142578,284.4750061035156,1.8401408195495603,235.9354248046875,218.682846069336,2.9962518215179443,1.683410882949829,300.0,0.3093758225440979,0.30162500217557
20230312.0,0.476361483335495,0.3935360014438629,,,,0.4204798340797424,0.3582262694835663,,,,,,,,,,,,
20230313.0,0.4635562300682068,0.3671449720859527,0.4098649024963379,0.3205029964447021,0.2433561831712722,,,9.0,0.2737363874912262,1.2899494171142578,283.767333984375,1.8476462364196773,244.3092041015625,226.9886932373047,1.828171372413636,2.2060136795043945,300.0,0.2733384370803833,0.27170833448569
20230314.0,0.4721887707710266,0.3583002388477325,0.4796470105648041,0.4235756993293762,0.3087579905986786,,0.4380016624927521,9.0,0.2737363874912262,1.2899494171142578,283.1585388183594,1.851431488990784,235.01058959960932,217.69607543945312,11.821938514709473,1.5969892740249634,300.0,0.3052256107330322,0.281291666130225
20230315.0,0.4725127518177032,0.4022085070610046,,,,0.3448362052440643,0.3187353014945984,,,,,,,,,,,,
20230316.0,0.4552681446075439,0.3713583350181579,0.4154370725154876,0.3482426702976227,0.2529536187648773,,,9.0,0.2737363874912262,1.2899494171142578,280.7781066894531,1.8590668439865112,241.2774200439453,225.4761657714844,0.0008583068847656,2.3707830905914307,300.0,0.2756151854991913,0.273083332926035
20230317.0,0.443231999874115,0.345687061548233,,,,0.2757629454135895,0.28205206990242,,,,,,,,,,,,
20230318.0,0.4312618374824524,0.3655067086219787,,,,,,,,,,,,,,,,,
20230319.0,0.4283767938613891,0.4154922366142273,0.4692624807357788,0.3748883605003357,0.2698986530303955,,,9.0,0.2737363874912262,1.2899494171142578,282.6323547363281,1.8707205057144165,240.4442596435547,224.37582397460932,3.1649699211120605,2.003236055374145,300.0,0.2896169126033783,0.243625000119209
20230320.0,0.4454897046089172,0.4158374071121216,,,,0.2958959341049194,0.2908414006233215,,,,,,,,,,,,
20230321.0,0.4588009119033813,0.3424199223518371,,,,,,,,,,,,,,,,,
20230322.0,0.4789025783538818,0.3810502290725708,0.4747367203235626,0.4032445549964905,0.2870542705059051,0.3923890888690948,0.4938505291938782,9.0,0.2737363874912262,1.2899494171142578,277.82843017578125,1.8817139863967896,235.9980926513672,220.04766845703125,10.630023956298828,2.2700040340423584,300.0,0.3079602718353271,0.321826084800388
20230323.0,0.4646715223789215,0.3782034814357757,,,,,0.1391644030809402,,,,,,,,,,,,
20230324.0,0.4575204253196716,0.3875309228897095,0.4345416128635406,0.3194702267646789,0.2448639571666717,,,9.0,0.2737363874912262,1.2899494171142578,278.62255859375,1.875906109809876,241.88528442382807,224.38427734375,0.0048245107755064,2.3488147258758545,300.0,0.2743682265281677,0.279083331425985
20230325.0,0.4429279267787933,0.3860276341438293,,,,0.2508118748664856,0.2922147214412689,,,,,,,,,,,,
20230326.0,0.4309737384319305,0.3792779147624969,,,,,,,,,,,,,,,,,
20230328.0,0.4090145230293274,0.3236794769763946,,,,,0.2631000578403473,,,,,,,,,,,,
20230329.0,0.4700537025928497,0.3783068060874939,0.4488556683063507,0.3836591839790344,0.2581528723239898,,,9.0,0.2737363874912262,1.2899494171142578,278.9138488769531,1.860495686531067,239.1099548339844,226.12701416015625,8.117772102355957,2.086125135421753,300.0,0.291796326637268,0.269095236346835
20230330.0,0.4728060960769653,0.3969241380691528,0.464336097240448,0.3261440396308899,0.2455793470144271,0.3790308833122253,0.3819086253643036,9.0,0.2737363874912262,1.2899494171142578,277.640869140625,1.857409238815308,240.80923461914065,223.81021118164065,1.6757075786590576,2.144990921020508,300.0,0.290212333202362,0.281578943917626
20230331.0,0.4559302628040313,0.3992010354995727,,,,,,,,,,,,,,,,,
20230401.0,0.4359771907329559,0.3438026010990143,0.421949565410614,0.2658381462097168,0.2009196281433105,,0.4241767525672912,9.0,0.2737363874912262,1.2899494171142578,281.4830017089844,1.851278305053711,248.1234741210937,233.28128051757807,0.0008598762797191,2.7704174518585205,300.0,0.2294271737337112,0.264791664977868
20230402.0,0.4201859533786773,0.3306688368320465,,,,0.2118810415267944,0.2416760772466659,,,,,,,,,,,,
20230403.0,0.4109430015087127,0.3260872662067413,,,,,,,,,,,,,,,,,
20230404.0,0.3992297351360321,0.3001547753810882,0.3878123760223388,0.2232628017663955,0.1725790500640869,0.1882400810718536,0.2117069065570831,9.0,0.2737363874912262,1.2899494171142578,277.7724304199219,1.842183947563172,252.13333129882807,239.68312072753903,0.0,2.5929834842681885,300.0,0.1874600946903228,0.230954544110732
20230406.0,0.3759035170078277,0.3220592141151428,0.3574068248271942,0.1822178065776825,0.1481325775384903,,,9.0,0.2737363874912262,1.2899494171142578,281.30224609375,1.8361506462097168,256.7911682128906,245.14801025390625,0.0,3.082418918609619,300.0,0.1708199679851532,0.213000001091706
20230407.0,0.3734066784381866,0.3373318910598755,0.3952324986457824,0.1737505495548248,0.1428582370281219,0.1571193188428878,0.1981566846370697,9.0,0.2737363874912262,1.2899494171142578,283.8279113769531,1.8332819938659668,260.3729858398437,248.43585205078125,4.980953693389893,2.115141630172729,300.0,0.1527986079454422,0.210000001514951
20230408.0,0.4103732705116272,0.3264364302158355,,,,,,,,,,,,,,,,,
20230409.0,0.3885470628738403,0.3175836205482483,0.3381873071193695,0.1669859886169433,0.1394309252500534,0.1443394869565963,0.2323679327964782,9.0,0.2737363874912262,1.2899494171142578,286.3630676269531,1.82843279838562,261.88739013671875,251.17791748046875,0.0012814997462555,3.6013495922088623,300.0,0.1437804400920868,0.199250000839432
20230410.0,0.3650641143321991,0.327016532421112,,,,,0.0882290080189704,,,,,,,,,,,,
20230411.0,0.3438661694526672,0.327875941991806,,,,,,,,,,,,,,,,,
20230412.0,0.3276689052581787,0.3097834289073944,0.2437221258878708,0.1497676819562912,0.1313701868057251,0.084847368299961,0.1212500408291816,9.0,0.2737363874912262,1.2899494171142578,284.8827819824219,1.821274280548096,264.98504638671875,256.5332946777344,0.0,2.979075193405152,300.0,0.137846902012825,0.181541667630275
20230413.0,0.3140071630477905,0.3059498071670532,,,,,,,,,,,,,,,,,
20230414.0,0.3015615046024322,0.3077637255191803,0.2029329389333725,0.1477394700050354,0.1292756199836731,,0.1317178905010223,9.0,0.2737363874912262,1.2899494171142578,283.1876220703125,1.8165600299835205,263.4017944335937,254.42727661132807,0.0004351138486526,3.0234246253967285,300.0,0.1439044177532196,0.169045454399152
20230415.0,0.2891983985900879,0.3018463551998138,0.2869137823581695,0.1158926114439964,0.1049404665827751,,0.0679952427744865,9.0,0.2737363874912262,1.2899494171142578,285.7476501464844,1.8142168521881104,267.468994140625,256.98004150390625,0.0012814997462555,3.0798799991607666,300.0,0.1377275586128235,0.16679166816175
20230416.0,0.2771134674549103,0.3011165261268616,,,,,,,,,,,,,,,,,
20230417.0,0.2667336463928222,0.3564503192901611,0.2144903391599655,0.1167888194322586,0.1065234839916229,0.0803379043936729,0.1170384809374809,9.0,0.2737363874912262,1.2899494171142578,286.16363525390625,1.8095580339431765,268.516845703125,258.4748229980469,0.0026308740489184,2.510101079940796,300.0,0.1321760714054107,0.160624999552965
20230418.0,0.2596282362937927,0.3422638773918152,,,,,,,,,,,,,,,,,
20230419.0,0.2553888261318207,0.2855260968208313,,,,,0.0536515414714813,,,,,,,,,,,,
20230420.0,0.2484817504882812,0.2719951868057251,0.1373706310987472,0.1006000861525535,0.0907001495361328,0.0382720343768596,0.0508743561804294,9.0,0.2737363874912262,1.2899494171142578,284.35321044921875,1.802639961242676,268.3488464355469,258.08514404296875,0.0,2.6079354286193848,300.0,0.1318216174840927,0.151952380225772
20230421.0,0.2398131340742111,0.2850909829139709,,,,,,,,,,,,,,,,,
20230422.0,0.2317394316196441,0.3762282133102417,0.1543696671724319,0.0885795354843139,0.0830514878034591,0.067913606762886,0.0835291594266891,9.0,0.2737363874912262,1.2899494171142578,290.6911926269531,1.798080563545227,272.3930053710937,262.7924194335937,0.0,2.6207995414733887,300.0,0.118168756365776,0.148416665693124
20230423.0,0.2243718206882476,0.2862768769264221,0.240496888756752,0.0991952419281005,0.0958737507462501,,,9.0,0.2737363874912262,1.2899494171142578,290.62762451171875,1.795794129371643,271.90966796875,263.5858154296875,0.0096326665952801,2.3664443492889404,300.0,0.1160547360777854,0.148761905374981
20230424.0,0.2187351286411285,0.280579149723053,,,,,,,,,,,,,,,,,
20230425.0,0.2127246409654617,0.2648197412490845,0.1230833008885383,0.1028711721301078,0.0960376039147377,0.0664091259241104,0.0592059083282947,9.0,0.2737363874912262,1.2899494171142578,290.1468200683594,1.7911112308502195,271.8926086425781,262.70086669921875,0.0012830368941649,2.4384782314300537,300.0,0.1182212457060813,0.141791666547457
20230426.0,0.2079943269491195,0.2695432007312774,,,,,,,,,,,,,,,,,
20230427.0,0.2036001235246658,0.2712924480438232,,,,0.0296731237322092,0.0387890264391899,,,,,,,,,,,,
20230428.0,0.1998422294855117,0.2593870162963867,0.1390620023012161,0.0987415388226509,0.0899283438920974,,0.0159306619316339,9.0,0.2737363874912262,1.2899494171142578,295.9812316894531,1.7841546535491943,275.7873229980469,265.52362060546875,0.0008523463038727,2.4143733978271484,300.0,0.1079576015472412,0.136727273464203
20230429.0,0.1969780027866363,0.2670013308525085,,,,,,,,,,,,,,,,,
20230430.0,0.1948436498641967,0.2554245591163635,0.123064748942852,0.0962510854005813,0.0812770277261734,0.0559898987412452,0.05935849994421,9.0,0.2737363874912262,1.2899494171142578,295.1396179199219,1.7795648574829102,278.3913879394531,265.7372436523437,0.0012874602107331,1.9050582647323608,300.0,0.1017103418707847,0.133695652951365
20230501.0,0.194285362958908,0.2477213740348816,0.1394069492816925,0.1056282073259353,0.0962440818548202,,,9.0,0.2737363874912262,1.2899494171142578,285.6497497558594,1.7772849798202517,273.4805908203125,263.4177551269531,0.0247386991977691,0.8653628826141357,300.0,0.0922496989369392,0.130086956140788
20230502.0,0.2016878277063369,0.240493431687355,,,,,0.0411389507353305,,,,,,,,,,,,
20230503.0,0.2335010021924972,0.2855896055698395,0.3610134422779083,0.1895003914833068,0.1525622010231018,,0.1916867643594741,9.0,0.2737363874912262,1.2899494171142578,281.6020202636719,1.7727552652359009,259.5964050292969,244.2308349609375,3.0691113471984863,1.7503725290298462,300.0,0.1606873273849487,0.127913044846576
20230504.0,0.2739161252975464,0.3694302439689636,,,,,,,,,,,,,,,,,
20230505.0,0.3365268111228943,0.3903225362300873,,,,0.2840409874916076,0.378154844045639,,,,,,,,,,,,
20230506.0,0.3304926455020904,0.344261884689331,0.375696063041687,0.241321176290512,0.1868211179971695,,,9.0,0.2737363874912262,1.2899494171142578,283.646484375,1.7660421133041382,253.02609252929688,236.68624877929688,0.9781984090805054,1.9308815002441408,300.0,0.2038681209087371,0.127956521575866
20230507.0,0.3244565725326538,,,,,,0.2311166673898697,,,,,,,,,,,,
20230508.0,0.3069730103015899,0.3071382045745849,0.3158381581306457,0.1733023077249527,0.1413608491420745,0.1425425112247467,0.1676076501607895,9.0,0.2737363874912262,1.2899494171142578,286.1387023925781,1.7617011070251465,262.205322265625,248.5063934326172,0.0008583068847656,2.604269504547119,300.0,0.1548916101455688,0.128636363216422
20230509.0,0.2866208553314209,0.3000032901763916,0.2846031486988067,0.1586672067642212,0.133261039853096,,,9.0,0.2737363874912262,1.2899494171142578,286.45977783203125,1.7592802047729492,264.35699462890625,253.39596557617188,0.8067007064819336,2.02182674407959,300.0,0.1338850110769271,0.12939130352891
20230510.0,0.2807289958000183,0.2814306914806366,,,,0.1285411119461059,0.1678823232650756,,,,,,,,,,,,
20230511.0,0.262406587600708,0.2755812406539917,0.1980433166027069,0.1253281831741333,0.1103132218122482,,,9.0,0.2737363874912262,1.2899494171142578,287.520263671875,1.7527086734771729,268.4891967773437,257.0680847167969,0.000435113790445,2.547731876373291,300.0,0.1340468376874923,0.12821739166975
20230512.0,0.2461554706096649,0.2749995291233063,,,,,,,,,,,,,,,,,
20230513.0,0.231278195977211,0.2752328217029571,,,,0.0722988247871398,0.0684530138969421,,,,,,,,,,,,
20230514.0,0.2177275568246841,0.26714888215065,0.1597901433706283,0.0899103954434394,0.0776699855923652,,,9.0,0.2737363874912262,1.2899494171142578,296.0542297363281,1.7429307699203491,278.002685546875,266.0478820800781,0.0,2.363250255584717,300.0,0.1070353165268898,0.125708333527048
20230515.0,0.2090953886508941,0.2725411653518677,,,,0.0323763899505138,0.0546891689300537,,,,,,,,,,,,
20230516.0,0.2021287083625793,0.2473771870136261,0.1230258867144584,0.0957019850611686,0.0887110233306884,,0.0192571803927421,9.0,0.2737363874912262,1.2899494171142578,297.5286560058594,1.736504077911377,277.7994384765625,267.9635925292969,0.0421123541891574,2.223649024963379,300.0,0.0996099039912223,0.123000000603497
20230517.0,0.1967596411705017,0.2503165900707245,0.1316653341054916,0.1003220900893211,0.0906077027320861,,,9.0,0.2737363874912262,1.2899494171142578,297.8841857910156,1.733325719833374,278.1409912109375,267.60174560546875,0.0017046927241608,2.06010365486145,300.0,0.0956073626875877,0.120791667451461
20230518.0,0.1927442848682403,0.2661638557910919,,,,0.0450107418000698,0.048677023500204,,,,,,,,,,,,
20230519.0,0.1900743991136551,0.2546521723270416,0.0717965885996818,0.0892172157764434,0.0836140289902687,,,9.0,0.2737363874912262,1.2899494171142578,296.57635498046875,1.727039098739624,279.33905029296875,269.501953125,0.0,1.831716537475586,300.0,0.0939690694212913,0.115708333440125
20230520.0,0.1883281171321869,0.2646999955177307,,,,,0.051087986677885,,,,,,,,,,,,
20230521.0,0.1870466619729995,0.2544380128383636,,,,,0.020050661638379,,,,,,,,,,,,
20230522.0,0.18596713244915,0.2441437542438507,0.0686072781682014,0.082155741751194,0.0787725895643234,,,9.0,0.2737363874912262,1.2899494171142578,298.55035400390625,1.7177788019180298,280.6365966796875,271.10546875,0.0008583068847656,1.69769024848938,300.0,0.0824837312102317,0.112391305358514
20230523.0,0.185268834233284,0.2299539893865585,,,,0.03330884501338,0.0437940619885921,,,,,,,,,,,,
20230524.0,0.1850973516702652,0.2190970927476883,0.0621710941195488,0.1047012656927108,0.0962037146091461,,,9.0,0.2737363874912262,1.2899494171142578,292.7611389160156,1.711651086807251,276.3641967773437,266.63092041015625,0.0024831285700201,1.2560524940490725,300.0,0.0861204415559768,0.108956521943859
20230525.0,0.1849031001329422,0.2188694328069687,0.085847333073616,0.0920704677700996,0.0855847671627998,,0.0368968769907951,9.0,0.2737363874912262,1.2899494171142578,292.6319885253906,1.708845615386963,276.9257202148437,267.0323486328125,0.0008523463038727,1.2447046041488647,300.0,0.0850847139954567,0.107916666815678
20230526.0,0.1847301125526428,0.213598296046257,,,,0.0092193437740206,0.0077822199091315,,,,,,,,,,,,
20230527.0,0.1845401376485824,0.2182937413454055,0.0514711700379848,0.084805242717266,0.0757628679275512,,,9.0,0.2737363874912262,1.2899494171142578,294.0349426269531,1.7047812938690186,278.189697265625,267.0924072265625,0.0012814997462555,1.270765781402588,300.0,0.0827090293169021,0.105541666348775
20230528.0,0.1842237561941146,0.2213407158851623,,,,0.0343921184539794,0.0502029471099376,,,,,,,,,,,,
20230529.0,0.1842228770256042,0.2367088943719864,,,,,,,,,,,,,,,,,
20230530.0,0.1865568310022354,0.193738505244255,0.0707052573561668,0.0888782665133476,0.0840688571333885,,,9.0,0.2737363874912262,1.2899494171142578,291.49810791015625,1.6988444328308103,276.14678955078125,266.6566162109375,0.4839509427547455,1.0640567541122437,300.0,0.0829679369926452,0.0994583334152897
20230531.0,0.1876247376203537,0.2146765291690826,,,,0.0399343743920326,0.0401318408548831,,,,,,,,,,,,
20230601.0,0.1859099864959716,0.211803138256073,0.0599157884716987,0.080931156873703,0.0737925842404365,,,9.0,0.2737363874912262,1.2899494171142578,293.60211181640625,1.6949604749679563,278.1861877441406,267.59002685546875,0.0008583068847656,1.2838345766067505,300.0,0.0829764455556869,0.0955454544587569
20230602.0,0.1848510801792144,0.2194841504096985,0.079629011452198,0.079485036432743,0.0678488463163375,0.0291796289384365,0.0393688790500164,9.0,0.2737363874912262,1.2899494171142578,293.9086608886719,1.693034291267395,279.05224609375,266.9644775390625,0.0016969999996945,1.3080750703811646,300.0,0.0841390937566757,0.0940000006686086
20230603.0,0.1840740889310836,0.2153535038232803,,,,,0.0,,,,,,,,,,,,
20230604.0,0.1834799349308014,0.2258236110210418,0.0580044537782669,0.0816227123141288,0.0739830657839775,,,9.0,0.2737363874912262,1.2899494171142578,298.6100158691406,1.689213752746582,280.3214416503906,269.4755859375,0.0012814998626708,1.3643438816070557,300.0,0.0715637058019638,0.0921304355496946
20230605.0,0.1833164244890213,0.2201922535896301,,,,0.0291097294539213,0.0312814712524414,,,,,,,,,,,,
20230606.0,0.2288682162761688,0.1937381625175476,,,,,,,,,,,,,,,,,
20230607.0,0.2904407083988189,0.2065585702657699,0.0891020968556404,0.0892271697521209,0.0756027624011039,,0.0480056144297122,9.0,0.2737363874912262,1.2899494171142578,290.4202880859375,1.6835492849349976,278.7521667480469,266.2108459472656,0.1582765728235244,1.7941153049468994,300.0,0.1025683283805847,0.0856956515623176
20230608.0,0.2764419317245483,0.2339426279067993,,,,,0.0174260698258876,,,,,,,,,,,,
20230609.0,0.2644400298595428,0.2227478474378585,0.0760516375303268,0.0915545597672462,0.0848180577158927,,,9.0,0.2737363874912262,1.2899494171142578,293.14117431640625,1.6796557903289795,277.5158996582031,267.53253173828125,0.3972705006599426,2.227766990661621,300.0,0.1053832918405532,0.083916666607062
20230610.0,0.2486246675252914,0.2287392765283584,0.0791729539632797,0.0852888822555542,0.0730399191379547,0.035417154431343,0.0493484288454055,9.0,0.2737363874912262,1.2899494171142578,293.4745788574219,1.678260087966919,279.79376220703125,267.5756225585937,0.0888034552335739,2.097716808319092,300.0,0.1025676876306533,0.0836666659230278
20230611.0,0.2325655817985534,0.2405644208192825,,,,,,,,,,,,,,,,,
20230612.0,0.2232731133699417,0.2136393338441848,0.0688718780875206,0.0950344279408454,0.0837177187204361,,0.0312204360961914,9.0,0.2737363874912262,1.2899494171142578,293.5163879394531,1.6790820360183716,277.86505126953125,266.42840576171875,0.2945663928985595,1.705819010734558,300.0,0.0987034291028976,0.0823913044903589
20230613.0,0.2131481766700744,0.2122768461704254,,,,,0.0111697744578123,,,,,,,,,,,,
20230614.0,0.2048964947462082,0.2131289839744568,,,,,,,,,,,,,,,,,
20230615.0,0.198268324136734,0.2263586968183517,0.0614746883511543,0.0923422649502754,0.0899881049990654,0.0343558751046657,0.0463576167821884,9.0,0.2737363874912262,1.2899494171142578,297.6258239746094,1.6805111169815063,279.07342529296875,270.5392150878906,0.0031656054779887,1.332350730895996,300.0,0.0743505209684372,0.0803913049723791
20230616.0,0.1940218806266784,0.2197297811508178,,,,,,,,,,,,,,,,,
20230617.0,0.19077830016613,0.210505872964859,0.0512545406818389,0.0797241702675819,0.0703910365700721,,,9.0,0.2737363874912262,1.2899494171142578,298.97125244140625,1.6815186738967896,282.38067626953125,270.8939514160156,0.0017041156534105,1.308982491493225,300.0,0.0651420950889587,0.0756666672726472
20230618.0,0.1882454007863998,0.2073020488023758,0.0737932920455932,0.0836246684193611,0.078879527747631,0.0277671050280332,0.0289620663970708,9.0,0.2737363874912262,1.2899494171142578,298.4849853515625,1.6820236444473269,282.11199951171875,272.2008056640625,0.0,1.0893089771270752,300.0,0.0584271438419818,0.073916667761902
20230619.0,0.1869204342365265,0.2021291553974151,,,,,,,,,,,,,,,,,
20230620.0,0.1861866563558578,0.1783382296562194,0.0417182333767414,0.0727816522121429,0.0660422891378402,0.0136763621121644,0.0130314035341143,9.0,0.2737363874912262,1.2899494171142578,290.5433349609375,1.6830358505249023,279.824462890625,269.0660705566406,0.0017424667021259,0.8662002086639404,300.0,0.0637445896863937,0.0673750002558033
20230621.0,0.1854338645935058,0.1862251311540603,,,,,,,,,,,,,,,,,
20230622.0,0.1846475303173065,0.1828929930925369,,,,,,,,,,,,,,,,,
20230623.0,0.184553325176239,0.1723354905843734,0.0491151101887226,0.079627476632595,0.0695959478616714,0.0284597594290971,0.0318002887070179,9.0,0.2737363874912262,1.2899494171142578,291.9021301269531,1.6845688819885254,279.23468017578125,267.6271667480469,0.0030181214679032,0.8167133927345276,300.0,0.0605085492134094,0.0627272731878541
20230624.0,0.1840363144874572,0.1934209614992141,,,,,,,,,,,,,,,,,
20230625.0,0.1836016327142715,0.1889360249042511,0.0363495126366615,0.0719695538282394,0.0733847394585609,0.0254410970956087,0.0244148075580596,9.0,0.2737363874912262,1.2899494171142578,294.4356689453125,1.6857130527496338,279.9007568359375,271.4247741699219,0.0012851288774982,0.8120249509811401,300.0,0.0526517108082771,0.0599130434186562
20230626.0,0.1833351850509643,0.2061454206705093,0.0554349645972251,0.0823566317558288,0.0693243592977523,,0.0,9.0,0.2737363874912262,1.2899494171142578,294.1241149902344,1.6859138011932373,280.0827331542969,267.5297241210937,0.0008644618792459,0.8223133087158203,300.0,0.0577094741165638,0.0609999997541308
20230627.0,0.1831238716840744,0.2041411250829696,,,,,,,,,,,,,,,,,
20230628.0,0.1829057484865188,0.1920261830091476,0.0414335094392299,,,0.0273523107171058,0.0311899166554212,,,,,,,,,,,,
20230629.0,0.1827273368835449,0.1999921649694442,,,,,,,,,,,,,,,,,
20230630.0,0.1825020313262939,0.21787691116333,,,,,0.0022583696991205,,,,,,,,,,,,
20230701.0,0.1822780966758728,0.2198264747858047,0.029157118871808,0.0887075290083885,0.0813720002770423,,0.0053407391533255,9.0,0.2737363874912262,1.2899494171142578,304.6719970703125,1.6805365085601809,284.0015869140625,273.39947509765625,0.0008583068847656,1.0546916723251345,300.0,0.0493257269263267,0.0585833337778846
20230702.0,0.1821391731500625,0.2191257029771804,,,,,,,,,,,,,,,,,
20230703.0,0.1820665597915649,0.1987378150224685,0.0292628984898328,0.0898686572909355,0.0891289189457893,0.0340762175619602,0.0431836917996406,9.0,0.2737363874912262,1.2899494171142578,304.3758544921875,1.6783407926559448,284.7958068847656,276.5524597167969,0.0017136335372924,0.9923397898674012,300.0,0.0440427847206592,0.0555652180767578
20230704.0,0.1820679008960724,0.200001522898674,0.0522044524550437,0.0921958088874816,0.0858736336231231,,,9.0,0.2737363874912262,1.2899494171142578,301.8314208984375,1.6772485971450806,284.2312316894531,274.20074462890625,0.000435113790445,0.9322993159294128,300.0,0.0463506430387496,0.055772727355361
20230705.0,0.1820729523897171,0.1933353245258331,,,,,,,,,,,,,,,,,
20230706.0,0.1820959150791168,0.2019034773111343,0.0407165512442588,0.091276928782463,0.0947604179382324,0.027784464880824,0.0288705099374055,9.0,0.2737363874912262,1.2899494171142578,299.6982116699219,1.6750752925872805,281.9072265625,275.18914794921875,0.0008523463620804,0.829660177230835,300.0,0.0464573130011558,0.0501739134931046
20230707.0,0.1821271628141403,0.1827801465988159,,,,,,,,,,,,,,,,,
20230708.0,0.1821731626987457,0.1748979687690735,,,,0.0283975396305322,0.027405621483922,,,,,,,,,,,,
20230709.0,0.1822128295898437,0.178903728723526,0.0298594031482934,0.0816165208816528,0.0791125074028968,,,9.0,0.2737363874912262,1.2899494171142578,295.7012939453125,1.6718450784683228,281.8237609863281,272.52490234375,0.0008531532948836,0.7141487002372742,300.0,0.0437532179057598,0.0468636366792701
20230710.0,0.1822167634963989,0.2036978006362915,,,,,,,,,,,,,,,,,
20230711.0,0.1821804642677307,0.1866780221462249,0.0327224135398864,0.0725937038660049,0.0639117807149887,0.0346797630190849,0.037202063947916,9.0,0.2737363874912262,1.2899494171142578,300.1144104003906,1.6697289943695068,284.0876159667969,272.59771728515625,0.0017057753866538,0.7897060513496399,300.0,0.0449170172214508,0.0460000002587383
20230712.0,0.1821231245994568,0.1908497363328933,0.055741973221302,0.0811694264411926,0.0781427770853042,,,9.0,0.2737363874912262,1.2899494171142578,301.5467529296875,1.6686177253723145,283.3821716308594,273.86016845703125,0.0021461700089275,0.7983323335647583,300.0,0.0425081774592399,0.0464347832552765
20230713.0,0.1820816248655319,0.1808909475803375,,,,0.0200295113027095,0.013916440308094,,,,,,,,,,,,
20230714.0,0.1820751577615738,0.194656029343605,0.0342809930443763,0.0910740047693252,0.0843928828835487,,0.0076296273618936,9.0,0.2737363874912262,1.2899494171142578,302.146484375,1.6660139560699463,283.79791259765625,273.58062744140625,0.0008583068847656,0.7859159708023071,300.0,0.0412009544670581,0.0443913042545319
20230715.0,0.18202605843544,0.1870740950107574,,,,,,,,,,,,,,,,,
20230716.0,0.1819408237934112,0.2109005153179168,,,,0.0345158092677593,0.0357371754944324,,,,,,,,,,,,
20230717.0,0.1819212287664413,0.1953233331441879,0.0463502183556556,0.0945045053958892,0.0863713920116424,,,9.0,0.2737363874912262,1.2899494171142578,306.82958984375,1.66213059425354,286.98455810546875,276.3508605957031,0.0008523463038727,0.7731735706329346,300.0,0.0342828594148159,0.0438260873374732
20230718.0,0.1825952380895614,0.1930020004510879,,,,,0.022095400840044,,,,,,,,,,,,
20230719.0,0.1829450875520706,0.1939623057842254,0.0361296497285366,0.1008935496211052,0.0893313810229301,0.0040625501424074,0.0055848872289061,9.0,0.2737363874912262,1.2899494171142578,304.3922424316406,1.6595650911331177,286.5426025390625,275.09381103515625,0.0077873398549854,0.7949870824813843,300.0,0.0349127426743507,0.0441250001701216
20230720.0,0.1823337227106094,0.1789217740297317,0.0494763292372226,0.1026661917567253,0.089298166334629,,,9.0,0.2737363874912262,1.2899494171142578,303.9981384277344,1.658290982246399,285.95587158203125,273.85675048828125,0.0008583068847656,0.757188081741333,300.0,0.0349138565361499,0.0424782611105753
20230721.0,0.1821175515651703,0.1944806426763534,,,,0.0312829315662384,0.0408642850816249,,,,,,,,,,,,
20230722.0,0.1820077151060104,0.1934676766395568,0.0381917431950569,0.0910764783620834,0.0895527228713035,,,9.0,0.2737363874912262,1.2899494171142578,305.8594055175781,1.6557601690292358,286.1752014160156,277.68408203125,0.0012814998626708,0.7291489839553833,300.0,0.0289076268672943,0.0416666663562258
20230723.0,0.1819488853216171,0.1954249888658523,,,,,,,,,,,,,,,,,
20230724.0,0.1823757737874984,0.1766572445631027,,,,0.0344866886734962,0.0279244370758533,,,,,,,,,,,,
20230725.0,0.1821269541978836,0.1767612099647522,0.0317543745040893,0.1002419963479042,0.0922031104564666,,,9.0,0.2737363874912262,1.2899494171142578,302.8429870605469,1.6519927978515625,285.4856262207031,275.4063415527344,0.0013033690629526,0.6537520885467529,300.0,0.0309923440217971,0.0396086957467639
20230726.0,0.1820194870233535,0.1746816039085388,,,,0.0374922268092632,0.0394909530878067,,,,,,,,,,,,
20230727.0,0.1819803267717361,0.1702331006526947,0.0278616528958082,0.0906894654035568,0.0790401324629783,,,9.0,0.2737363874912262,1.2899494171142578,302.7526550292969,1.6493189334869385,287.3609924316406,275.2022705078125,0.0004410743713378,0.6124864816665649,300.0,0.0297538135200738,0.0393750004780789
20230728.0,0.1819603741168975,0.1837969422340393,0.045670460909605,0.0875189006328582,0.0821158662438392,,,9.0,0.2737363874912262,1.2899494171142578,301.7323913574219,1.6485927104949951,286.47821044921875,276.41424560546875,0.0,0.5961791276931763,300.0,0.0305174104869365,0.0374347829138455
20230729.0,0.1819499880075454,0.1809876561164856,,,,0.0389850847423076,0.0389416180551052,,,,,,,,,,,,
20230730.0,0.1819341778755188,0.1899589896202087,0.0291191712021827,0.0924232304096221,0.0866733565926551,,,9.0,0.2737363874912262,1.2899494171142578,302.5373229980469,1.6512165069580078,285.96466064453125,276.1170654296875,0.0,0.5678374171257019,300.0,0.0262892488390207,0.0383478257319202
20230731.0,0.1819240003824234,0.1773038357496261,,,,0.0234547592699527,0.0044557023793458,,,,,,,,,,,,
20230801.0,0.1819193810224533,0.1728852242231369,,,,,0.0177617724984884,,,,,,,,,,,,
20230802.0,0.1819531470537185,0.1760188490152359,0.0243988242000341,0.1010156124830246,0.0938409492373466,,,9.0,0.2737363874912262,1.2899494171142578,298.931884765625,1.6554217338562012,283.68719482421875,274.03399658203125,0.0017106533050537,0.5036575198173523,300.0,0.0329927541315555,0.0343333333730698
20230803.0,0.1819983869791031,0.1724850982427597,,,,0.0245645847171545,0.0276497695595026,,,,,,,,,,,,
20230804.0,,,,,,,,9.0,0.2737363874912262,1.2899494171142578,296.6769714355469,1.6583210229873655,282.4693908691406,272.1250305175781,0.0009623803198337,0.4698862433433532,300.0,0.0323417671024799,0.0335217390371406
20230805.0,0.1820536851882934,0.1673564910888672,0.043160144239664,0.0901936143636703,0.0870924219489097,,0.0500198379158973,9.0,0.2737363874912262,1.2899494171142578,299.30255126953125,1.6597820520401,282.7462158203125,273.741455078125,0.0008583068847656,0.4830629825592041,300.0,0.0306985862553119,0.0336818182840943
20230806.0,0.1820386052131652,0.1795787811279297,,,,,0.0133060701191425,,,,,,,,,,,,
20230807.0,0.1820161193609237,0.1966529786586761,0.0337577760219574,0.0947561264038086,0.0910470709204673,,,9.0,0.2737363874912262,1.2899494171142578,302.1056213378906,1.662726879119873,283.8694763183594,274.97515869140625,0.0008463859558105,0.4864075779914856,300.0,0.0231618694961071,0.0344583333935589
20230808.0,0.1820046603679657,0.1834183633327484,,,,0.027830597013235,0.0423596911132335,,,,,,,,,,,,
20230809.0,0.1820311248302459,0.169654443860054,,,,,,,,,,,,,,,,,
20230810.0,0.1821180582046508,0.1845022141933441,0.0373542606830596,0.0847484916448593,0.0760833919048309,,0.0185247361660003,9.0,0.2737363874912262,1.2899494171142578,299.1188049316406,1.6672117710113523,285.2548828125,273.9624328613281,0.1273809820413589,0.4520502984523773,300.0,0.0304647497832775,0.0350434784979924
20230811.0,0.1928872615098953,0.1804182380437851,,,,0.0468117035925388,0.0506607256829738,,,,,,,,,,,,
20230812.0,0.2047362476587295,0.1889207661151886,0.0421717688441276,0.1010566800832748,0.089557945728302,,,9.0,0.2737363874912262,1.2899494171142578,299.0274658203125,1.670382380485535,283.2403564453125,271.95025634765625,0.0008583068847656,1.2941172122955322,300.0,0.063557431101799,0.0337272729216651
20230813.0,0.1937585473060608,0.1971156746149063,0.0694939419627189,0.0961693450808525,0.0888012275099754,0.0449759997427463,0.0594195388257503,9.0,0.2737363874912262,1.2899494171142578,302.03924560546875,1.6715291738510132,284.3830871582031,274.2623596191406,0.0781641528010368,0.9602773189544678,300.0,0.0467311032116413,0.0371904760776531
20230814.0,0.1889823377132415,0.2043886184692382,,,,,,,,,,,,,,,,,
20230815.0,0.2015662789344787,0.2068415433168411,0.0692464336752891,0.0966062247753143,0.0853050798177719,,,9.0,0.2737363874912262,1.2899494171142578,303.15496826171875,1.6707830429077148,286.17498779296875,274.49127197265625,0.1646839678287506,1.3423576354980469,300.0,0.0531764738261699,0.0360909090800719
20230816.0,0.1927833259105682,0.1980996578931808,,,,0.0502378717064857,0.0566423535346984,,,,,,,,,,,,
20230817.0,0.1927609294652938,0.2045562118291854,,,,,,,,,,,,,,,,,
20230818.0,0.1924575567245483,0.1950234025716781,0.0591085962951183,0.1235298737883567,0.1084823161363601,0.0510236173868179,0.0507827997207641,9.0,0.2737363874912262,1.2899494171142578,301.0034484863281,1.6695075035095217,282.38287353515625,270.2427978515625,0.3148901760578155,0.8895049095153809,300.0,0.0468828156590461,0.0355454546145417
20230819.0,0.1877149194478988,0.1968061774969101,,,,,0.0351573228836059,,,,,,,,,,,,
20230820.0,0.1929388791322708,0.193597137928009,0.2166065126657486,0.2662245035171509,0.195024162530899,,,9.0,0.2737363874912262,1.2899494171142578,299.06671142578125,1.6686174869537354,264.5955810546875,249.65289306640625,1.2765706777572632,0.9393763542175292,300.0,0.0967676490545272,0.0358333340846002
20230821.0,0.1978645771741867,0.2865217328071594,0.1579318046569824,0.1779644340276718,0.1446899771690368,0.1264834851026535,0.1509140282869339,9.0,0.2737363874912262,1.2899494171142578,296.04962158203125,1.6681734323501587,273.221923828125,256.6344909667969,0.6847531795501709,0.6999993324279785,300.0,0.0743076279759407,0.03669565235791
20230823.0,0.1945293098688125,0.1959925293922424,0.0936836823821067,0.1256076246500015,0.1079799383878707,,0.1381267756223678,9.0,0.2737363874912262,1.2899494171142578,298.9665832519531,1.6672873497009275,278.96063232421875,265.1439208984375,0.0017224120674654,0.8158283233642578,300.0,0.0525267496705055,0.038260869519866
20230824.0,0.1889593750238418,0.2008582055568695,,,,,0.0566423535346984,,,,,,,,,,,,
20230825.0,0.1860432922840118,0.1907982677221298,,,,,,,,,,,,,,,,,
20230826.0,0.1844102293252945,0.2069172859191894,0.0536237955093383,0.1054861173033714,0.0980866849422454,0.0480597876012325,0.0634174644947052,9.0,0.2737363874912262,1.2899494171142578,299.9543151855469,1.665963053703308,281.2176208496094,271.8076171875,0.0008612871170043,0.4516034424304962,300.0,0.0280691031366586,0.0374090907756578
20230827.0,0.1834956109523773,0.1851201057434082,,,,,,,,,,,,,,,,,
20230828.0,0.1829549521207809,0.1757636964321136,0.0428332798182964,0.0943745672702789,0.0909353271126747,,0.0329905077815055,9.0,0.2737363874912262,1.2899494171142578,299.6998291015625,1.665081024169922,282.2281188964844,273.4725036621094,0.0,0.4017857909202575,300.0,0.0251254141330719,0.0325416668783873
20230829.0,0.1825908869504928,0.178018108010292,0.0577505640685558,0.0943501219153404,0.0787096992135047,0.0249192789196968,0.0280159916728734,9.0,0.2737363874912262,1.2899494171142578,299.6603698730469,1.6646487712860107,284.20928955078125,270.7398681640625,0.0025629997253417,0.3837444484233856,300.0,0.0280438996851444,0.0350434788219307
20230830.0,0.182402029633522,0.1749782711267471,,,,,,,,,,,,,,,,,
20230831.0,0.18222676217556,0.1888636648654937,0.0462078563868999,0.0942530781030654,0.0853853002190589,0.0415527261793613,0.0520645789802074,9.0,0.2737363874912262,1.2899494171142578,299.9971008300781,1.6638377904891968,283.18804931640625,272.401123046875,0.000435113790445,0.3595532476902008,300.0,0.0233465693891048,0.0330869561142248
20230901.0,0.1821924000978469,0.1873706430196762,,,,,,,,,,,,,,,,,
20230902.0,0.1852489113807678,0.1680207848548889,,,,,,,,,,,,,,,,,
20230903.0,0.2032453119754791,0.1985568255186081,0.0570334829390049,0.0897330418229103,0.0818929821252822,0.0487500242888927,0.053559985011816,9.0,0.2737363874912262,1.2899494171142578,293.0213928222656,1.662628412246704,282.02862548828125,271.3817138671875,1.6616525650024414,0.995304524898529,300.0,0.0582102164626121,0.03269565243112
20230904.0,0.2108062505722046,0.2171492725610733,,,,,,,,,,,,,,,,,
20230905.0,0.2018015831708908,0.18162801861763,0.0502840168774127,0.0926284119486808,0.0860172659158706,0.0306224152445793,0.0264900662004947,9.0,0.2737363874912262,1.2899494171142578,295.77264404296875,1.6618256568908691,280.20184326171875,270.26861572265625,0.0,0.863178551197052,300.0,0.0542911291122436,0.0315652177061724
20230906.0,0.1941047608852386,0.1936929374933242,0.069621630012989,0.094694435596466,0.0878809764981269,,0.0236518457531929,9.0,0.2737363874912262,1.2899494171142578,296.93536376953125,1.6614251136779783,280.7764892578125,270.869873046875,0.0001558799267513,0.666644275188446,300.0,0.0429884307086467,0.0322608699941117
20230907.0,0.1895139962434768,0.1765309125185012,,,,,,,,,,,,,,,,,
20230908.0,0.1867850422859192,0.1857603788375854,0.0366511717438697,0.0886806696653366,0.0882088616490364,,,9.0,0.2737363874912262,1.2899494171142578,297.70672607421875,1.660625696182251,281.24395751953125,273.0570068359375,0.0,0.4296800792217254,300.0,0.02981998026371,0.0340869566020758
20230911.0,,,,,,,,9.0,0.2737363874912262,1.2899494171142578,298.92071533203125,1.6594252586364746,283.17742919921875,272.7415771484375,0.000435113790445,0.3560870587825775,300.0,0.0257836822420358,0.0322499997758617
20230913.0,,,,,,,,9.0,0.2737363874912262,1.2899494171142578,297.95556640625,1.6585522890090942,283.31964111328125,272.0478210449219,0.0008523463038727,0.3036474883556366,300.0,0.0238218158483505,0.0298571431388458
20230914.0,,,,,,,,9.0,0.2737363874912262,1.2899494171142578,298.2458801269531,1.6583539247512815,282.67596435546875,271.3417053222656,0.0017225741175934,0.3055469989776611,300.0,0.0241807624697685,0.0262173914310077
20230916.0,,,,,,,,9.0,0.2737363874912262,1.2899494171142578,299.1678466796875,1.659561038017273,282.5682983398437,270.9686279296875,0.0,0.2794755399227142,300.0,0.0226767770946025,0.0289565221123073
20230918.0,0.1822595745325088,0.2030812799930572,,,,0.0392289124429225,0.0495010241866111,,,,,,,,,,,,
20230919.0,0.1822730898857116,0.1771302074193954,0.0612655989825725,0.0999738052487373,0.0848934650421142,,,9.0,0.2737363874912262,1.2899494171142578,295.2732849121094,1.6614670753479004,281.1434326171875,268.33856201171875,0.0008583068847656,0.2316664606332779,300.0,0.0228660553693771,0.0287083335376034
20230920.0,0.1822603344917297,0.1942812204360962,,,,,,,,,,,,,,,,,
20230921.0,0.1822545230388641,0.176402747631073,,,,0.0406806953251361,0.0411084331572055,,,,,,,,,,,,
20230922.0,0.1822817772626876,0.1753183305263519,0.0587525479495525,0.0952456146478653,0.0847807675600051,,,9.0,0.2737363874912262,1.2899494171142578,293.4717712402344,1.66342031955719,279.559814453125,268.38629150390625,0.0030040740966796,0.2282128632068634,300.0,0.022806255146861,0.0281666666657353
20230923.0,0.1822506338357925,0.1806492805480957,,,,0.0273987501859664,0.0311593990772962,,,,,,,,,,,,
20230924.0,0.1822161078453064,0.1806437373161316,0.0513014532625675,0.1009446233510971,0.0921710655093193,,0.0252693258225917,9.0,0.2737363874912262,1.2899494171142578,294.3104248046875,1.6647299528121948,278.298095703125,268.19793701171875,0.0,0.2266941666603088,300.0,0.0235084742307662,0.0297391308552545
20230925.0,0.1822053045034408,0.1956415921449661,,,,,,,,,,,,,,,,,
20230926.0,0.1822085380554199,0.1890254020690918,,,,0.0324932336807251,0.0369884334504604,,,,,,,,,,,,
20230927.0,0.1822535991668701,0.1996792405843734,0.0399205572903156,0.0845345556735992,0.0758608803153038,,,9.0,0.2737363874912262,1.2899494171142578,293.9450378417969,1.6667096614837646,280.4584350585937,269.35614013671875,0.0,0.2078546583652496,300.0,0.0212763585150241,0.0288750000763685
20230928.0,0.1822595596313476,0.1918307840824127,,,,,0.0315561406314373,,,,,,,,,,,,
20230929.0,0.1822636425495147,0.1871093809604644,,,,,0.0018311105668544,,,,,,,,,,,,
20230930.0,0.1837094873189926,0.1969321817159652,0.0737934187054634,0.0917778685688972,0.0782016217708587,,,9.0,0.2737363874912262,1.2899494171142578,289.6917724609375,1.668605923652649,279.70556640625,267.2011108398437,0.4921213686466217,0.320425420999527,300.0,0.0296477042138576,0.0288571432410252
20231001.0,0.1872587651014328,0.1989238411188125,,,,0.1262660920619964,0.1977904587984085,,,,,,,,,,,,
20231002.0,0.187789112329483,0.225895345211029,0.1201056018471717,0.1584688425064087,0.131166785955429,,,9.0,0.2737363874912262,1.2899494171142578,289.99725341796875,1.6683790683746338,268.2743530273437,254.48312377929688,0.0097848661243915,0.2775808572769165,300.0,0.0601486563682556,0.0243478261096322
20231003.0,0.1862606406211853,0.2365974932909011,,,,,0.0755027905106544,,,,,,,,,,,,
20231004.0,0.1849145889282226,0.2156112641096115,,,,0.0352798178791999,0.0316782146692276,,,,,,,,,,,,
20231005.0,0.18390853703022,0.2041418254375457,0.0590976029634475,0.1042404621839523,0.0932618156075477,,,9.0,0.2737363874912262,1.2899494171142578,295.9537048339844,1.6679730415344238,277.742431640625,266.99566650390625,0.0017106533050537,0.2645208239555359,300.0,0.0276438109576702,0.0397272732278163
20231006.0,0.1832422167062759,0.2143228650093078,,,,0.0428177006542682,0.0566118359565734,,,,,,,,,,,,
20231007.0,0.1828090846538543,0.2068909704685211,,,,,,,,,,,,,,,,,
20231008.0,0.182548776268959,0.1904242187738418,0.066853292286396,0.1090367436408996,0.0985495671629905,,,9.0,0.2737363874912262,1.2899494171142578,298.080322265625,1.667541265487671,279.40582275390625,268.775146484375,0.0008584349998272,0.229846253991127,300.0,0.0251745972782373,0.0366666668560356
20231009.0,0.1824496388435363,0.191910520195961,,,,0.0332800336182117,0.0358897671103477,,,,,,,,,,,,
20231010.0,0.1830030381679535,0.1805335581302642,0.0685984715819358,0.0867421180009841,0.0834983214735984,,,9.0,0.2737363874912262,1.2899494171142578,293.2227478027344,1.6672537326812744,279.9034729003906,270.7216186523437,0.0484440401196479,0.1728815883398056,300.0,0.019712895154953,0.031130435269164
20231011.0,0.183123379945755,0.1875399053096771,,,,0.024503007531166,0.0286873988807201,,,,,,,,,,,,
20231012.0,0.1830369681119918,0.1801959425210952,,,,,0.0198980681598186,,,,,,,,,,,,
20231013.0,0.1828722059726715,0.191136434674263,0.0494808070361614,0.0941826626658439,0.0929148569703102,,,9.0,0.2737363874912262,1.2899494171142578,290.3842163085937,1.666822910308838,275.1300048828125,267.2245788574219,0.001729121315293,0.187172845005989,300.0,0.0266413241624832,0.0291363637555729
20231014.0,0.1827099621295929,0.1879886090755462,,,,0.0279429201036691,0.0310983620584011,,,,,,,,,,,,
20231015.0,0.182562381029129,0.1823159009218216,,,,,,,,,,,,,,,,,
20231016.0,0.1824515163898468,0.1942019611597061,0.0737995952367782,0.0914032161235809,0.0790696218609809,,0.0222785118967294,9.0,0.2737363874912262,1.2899494171142578,294.0116882324219,1.6663953065872192,279.10546875,267.0899658203125,0.0008606480550952,0.1789511740207672,300.0,0.0223100204020738,0.0276956525023865
20231017.0,0.1824171245098114,0.1989429593086242,,,,,0.0013733329251408,,,,,,,,,,,,
20231018.0,0.1824184954166412,0.1989456564188003,0.0467865094542503,0.0918772369623184,0.0843211263418197,,,9.0,0.2737363874912262,1.2899494171142578,293.6712951660156,1.6661505699157717,278.2885131835937,267.9993591308594,0.0025629987940192,0.1838424056768417,300.0,0.0215673856437206,0.0264285718135181
20231019.0,0.1823346465826034,0.2109797298908233,,,,0.0254246573895216,0.031434066593647,,,,,,,,,,,,
20231020.0,0.1822623610496521,0.2114916741847992,,,,,,,,,,,,,,,,,
20231021.0,0.1822295933961868,0.2213990241289138,0.0571156367659568,0.1106224954128265,0.0979237109422683,,0.0269478447735309,9.0,0.2737363874912262,1.2899494171142578,294.6708679199219,1.665785551071167,278.61004638671875,266.98199462890625,0.0012860662536695,0.1521321982145309,300.0,0.0216341633349657,0.0273043481714052
20231022.0,0.1823688745498657,0.2047610878944397,,,,0.0213508028537035,0.0222479943186044,,,,,,,,,,,,
20231023.0,0.1840365529060363,0.1847706735134124,,,,,,,,,,,,,,,,,
20231024.0,0.1838973760604858,0.1975563615560531,0.0826927497982978,0.1021547839045524,0.0922861844301223,0.0352189950644969,0.0401013232767581,9.0,0.2737363874912262,1.2899494171142578,290.2486267089844,1.665421724319458,276.01348876953125,265.6680603027344,0.0008583068847656,0.1673821806907653,300.0,0.0252089798450469,0.0263478265184423
20231025.0,0.1834954917430877,0.2066968381404876,,,,,,,,,,,,,,,,,
20231026.0,0.1832573562860489,0.1926850080490112,0.0568313263356685,0.1016479954123497,0.0925817191600799,,,9.0,0.2737363874912262,1.2899494171142578,287.8079833984375,1.6651793718338013,275.1805725097656,265.11199951171875,0.0015264493413269,0.1386323571205139,300.0,0.0255727805197238,0.0267391308089313
20231027.0,0.183111160993576,0.1879307031631469,,,,0.0285660065710544,0.0262154005467891,,,,,,,,,,,,
20231028.0,0.1829673796892166,0.2042137384414672,,,,,,,,,,,,,,,,,
20231101.0,0.1826184242963791,0.183110624551773,0.0431772507727146,0.0873059630393982,0.0811795592308044,,,9.0,0.2737363874912262,1.2899494171142578,286.9647521972656,1.6644245386123655,273.51885986328125,263.629638671875,0.0008642672328278,0.1510225683450698,300.0,0.0312470942735672,0.0233478261076886
20231102.0,0.1825388520956039,0.2047057598829269,,,,,,,,,,,,,,,,,
20231103.0,0.1824626624584198,0.2225526273250579,0.053986307233572,0.1050395891070365,0.0972365960478782,,0.0188604388386011,9.0,0.2737363874912262,1.2899494171142578,289.9423217773437,1.663669228553772,273.07977294921875,263.7008972167969,0.0,0.1419359892606735,300.0,0.0305569022893905,0.0234545454890891
20231104.0,0.1824338138103485,0.208760067820549,,,,,0.0091555528342723,,,,,,,,,,,,
20231105.0,0.1824214309453964,0.2187877893447876,,,,,,,,,,,,,,,,,
20231106.0,0.1826605349779129,0.2291970998048782,0.1459967344999313,0.1549371480941772,0.1318147033452987,0.079141616821289,0.109591968357563,9.0,0.2737363874912262,1.2899494171142578,290.59600830078125,1.6625183820724487,268.64605712890625,259.0001525878906,0.1207595542073249,0.1417271494865417,300.0,0.0463826805353164,0.0248695653255867
20231107.0,0.1854529827833175,0.2651481330394745,,,,,,,,,,,,,,,,,
20231108.0,0.1885123401880264,0.2448889166116714,0.1010620594024658,,,,0.138615071773529,,,,,,,,,,,,
20231111.0,0.1855212748050689,0.2247759848833084,0.1024194806814193,0.1349982917308807,0.1152841076254844,0.066725954413414,0.0830103456974029,9.0,0.2737363874912262,1.2899494171142578,284.5721130371094,1.6605961322784424,267.28759765625,254.24578857421875,0.003010032698512,0.163919061422348,300.0,0.062015376985073,0.0266818182796917
20231112.0,0.1848911046981811,0.2160635739564895,,,,,,,,,,,,,,,,,
20231113.0,0.184264674782753,0.2416618168354034,,,,,,,,,,,,,,,,,
20231114.0,0.1839504390954971,0.2223318666219711,0.0872560366988182,0.118705041706562,0.1075721681118011,0.0405089557170867,0.0431836917996406,9.0,0.2737363874912262,1.2899494171142578,285.0987548828125,1.6594538688659668,269.80548095703125,259.75701904296875,0.0,0.1153608560562133,300.0,0.0436456054449081,0.0287619050414789
20231115.0,0.1837696135044098,0.2289099246263504,,,,,,,,,,,,,,,,,
20231116.0,0.2597393989562988,0.260747879743576,,,,0.2069752961397171,0.2449720799922943,,,,,,,,,,,,
20231117.0,0.2935007512569427,0.3001354932785034,0.2283270359039306,0.2200070321559906,0.170572817325592,,,9.0,0.2737363874912262,1.2899494171142578,284.1258239746094,1.6582088470458984,258.343017578125,243.75717163085932,2.3724706172943115,0.8819695711135864,300.0,0.1380829364061355,0.0948181822896004
20231118.0,0.354741096496582,,,,,,,,,,,,,,,,,,
20231119.0,0.4145477414131164,0.3673276901245117,0.2655109763145447,0.2722499370574951,0.2011976987123489,0.2066492587327957,0.2247077822685241,9.0,0.2737363874912262,1.2899494171142578,283.14501953125,1.6557323932647705,252.40652465820312,237.47702026367188,0.2696201205253601,1.3729368448257446,300.0,0.1863467991352081,0.0706666672291855
20231120.0,0.3801239728927612,0.3010567426681518,,,,,,,,,,,,,,,,,
20231121.0,0.3603327870368957,0.2976097464561462,,,,0.1391383111476898,0.1701101660728454,,,,,,,,,,,,
20231122.0,0.3451205193996429,0.2588050365447998,0.207857996225357,0.1897131949663162,0.1520321071147918,,0.0733970180153846,9.0,0.2737363874912262,1.2899494171142578,283.4359436035156,1.6519877910614014,259.7607421875,245.13124084472656,0.0017225742340087,0.9105697274208068,300.0,0.1439053565263748,0.0640833342137436
20231123.0,0.3319561183452606,0.2561078369617462,,,,,,,,,,,,,,,,,
20231124.0,0.3193764388561249,0.2354755401611328,,,,0.0963042825460434,0.1011993810534477,,,,,,,,,,,,
20231128.0,0.2850515246391296,,,,,,,,,,,,,,,,,,
20231129.0,0.279982179403305,0.2436844110488891,,,,,,,,,,,,,,,,,
20231130.0,0.2867419123649597,0.2765727341175079,0.1401465237140655,0.1225815564393997,0.1065665781497955,,,9.0,0.2737363874912262,1.2899494171142578,280.7579040527344,1.6421475410461426,266.416259765625,253.93463134765625,0.7776525616645813,0.7268828749656677,300.0,0.1155212670564651,0.0603333333773272
20231201.0,0.2867726385593414,0.2471814304590225,,,,,,,,,,,,,,,,,
20231203.0,,,,,,,,9.0,0.2737363874912262,1.2899494171142578,281.66748046875,1.6392799615859983,265.6185913085937,254.9246826171875,3.417336483835243e-05,0.3922498226165771,300.0,0.1015681996941566,0.0555217394038387
20231204.0,0.2725809812545776,0.2524407804012298,,,,0.0635035410523414,0.0699484273791313,,,,,,,,,,,,
20231205.0,0.2679597437381744,0.2522644996643066,0.1177141666412353,0.1130287498235702,0.0965408608317375,,,9.0,0.2737363874912262,1.2899494171142578,282.3719787597656,1.6491165161132812,267.4411315917969,254.52456665039065,0.000435113790445,0.5705742239952087,300.0,0.111113429069519,0.236449998617172
20231206.0,0.2613548636436462,0.252331018447876,,,,,,,,,,,,,,,,,
20231207.0,0.2573770582675934,0.2482957988977432,,,,0.0599209666252136,0.0646382048726081,,,,,,,,,,,,
20231208.0,0.2520684599876404,0.2309549003839492,0.1231676563620567,0.1298394948244094,0.1136326119303703,,,9.0,0.2737363874912262,1.2899494171142578,280.2807312011719,1.665155291557312,265.1456298828125,253.87155151367188,0.0025872478727251,0.4121748208999634,300.0,0.110410176217556,0.190285715318861
20231211.0,0.2379783689975738,0.226394772529602,0.0966066643595695,0.1143155097961425,0.1021819338202476,,,9.0,0.2737363874912262,1.2899494171142578,281.3316650390625,1.6823606491088867,266.0535583496094,255.05252075195312,0.0008523463038727,0.4595447182655334,300.0,0.1081816777586937,0.172142857596988
20231216.0,0.2197107672691345,0.2413986623287201,0.100847378373146,0.1304535567760467,0.1133231967687606,,,9.0,0.2737363874912262,1.2899494171142578,281.72174072265625,1.713200569152832,264.64697265625,252.79083251953125,0.0008523463038727,0.4183582663536072,300.0,0.1153137907385826,0.155181818387725
20231217.0,0.2168773859739303,0.2483702450990677,,,,0.0451798141002655,0.0467543564736843,,,,,,,,,,,,
20231218.0,0.2618447244167328,0.2770277559757232,0.1872359663248062,0.1732833981513977,0.141642153263092,,,9.0,0.2737363874912262,1.2899494171142578,282.1083984375,1.726876139640808,261.0511169433594,248.32305908203125,9.535794258117676,0.6196653842926025,300.0,0.1239289417862892,0.154999999329448
20231220.0,0.4160483777523041,0.3638602495193481,,,,0.2758790254592895,0.2711264491081238,,,,,,,,,,,,
20231221.0,0.4626360833644867,,0.3287447392940521,0.3766027688980102,0.2730013132095337,,,9.0,0.2737363874912262,1.2899494171142578,281.42529296875,1.7298104763031006,238.3814849853516,221.1364288330078,18.20128059387207,0.9356936812400818,300.0,0.2911863923072815,0.361333332955837
20231222.0,0.4619115591049194,0.3700368106365204,,,,0.3033747673034668,0.2531510293483734,,,,,,,,,,,,
20231223.0,0.4363600313663482,0.3567078411579132,,,,,,,,,,,,,,,,,
20231224.0,0.4241602122783661,0.351107507944107,0.2991656959056854,0.3527983725070953,0.2502024173736572,,,9.0,0.2737363874912262,1.2899494171142578,278.9615783691406,1.725858449935913,240.304916381836,224.70947265625,0.0012905775802209,0.7837567329406738,300.0,0.2673153281211853,0.278521741214006
20231225.0,0.4141536355018616,0.3326666355133056,,,,0.2323037087917328,0.2576067447662353,,,,,,,,,,,,
20231226.0,0.4046761095523834,0.3475070595741272,0.2782731354236603,0.2884218990802765,0.2167940139770507,,,9.0,0.2737363874912262,1.2899494171142578,280.00665283203125,1.7230708599090576,245.89993286132807,229.389877319336,0.0055254446342587,0.8755868673324585,300.0,0.240482360124588,0.253874999160568
20231227.0,0.3966119289398193,0.3292140066623688,0.3012549877166748,0.2509471178054809,0.2041282653808593,0.2381986528635025,0.236854150891304,9.0,0.2737363874912262,1.2899494171142578,281.07977294921875,1.7216840982437134,248.5031890869141,228.46536254882807,0.0130761275067925,0.6723407506942749,300.0,0.2337400913238525,0.245625001067917
20231228.0,0.4081636369228363,0.3357567489147186,,,,,0.1472823321819305,,,,,,,,,,,,
20231229.0,0.4079415202140808,0.3350304663181305,0.2847980856895447,0.2551844120025635,0.1952445656061172,,,9.0,0.2737363874912262,1.2899494171142578,282.72509765625,1.7188918590545654,251.34962463378903,235.28941345214844,0.3481265604496002,0.6505559086799622,300.0,0.2070090472698211,0.235249999289711
20240101.0,,,,,,,,9.0,0.2737363874912262,1.2899494171142578,279.2109069824219,1.7154755592346191,238.7920684814453,218.69029235839844,0.0016824404010549,0.9127739071846008,300.0,0.2881427407264709,0.303000000615915
20240103.0,,,,,,,,9.0,0.2737363874912262,1.2899494171142578,279.3585510253906,1.7244272232055664,237.50216674804688,220.468978881836,5.130268096923828,1.2218540906906128,300.0,0.2932105660438537,0.313958331942558
20240104.0,,,,,,,,9.0,0.2737363874912262,1.2899494171142578,278.52642822265625,1.7289776802062988,236.58897399902344,218.00344848632807,0.8671486973762512,1.1039903163909912,300.0,0.3028968870639801,0.323956524548323
20240114.0,,,,,,,,9.0,0.2737363874912262,1.2899494171142578,281.1643371582031,1.7799170017242432,247.9571228027344,233.57327270507807,0.173735961318016,0.6030957102775574,300.0,0.2271452695131302,0.244857143788111
20240117.0,,,,,,,,9.0,0.2737363874912262,1.2899494171142578,283.3493957519531,1.7956650257110596,248.76901245117188,233.8046722412109,4.594785213470459,1.3445886373519895,300.0,0.2240939438343048,0.237749998768171
20240120.0,,,,,,,,9.0,0.2737363874912262,1.2899494171142578,282.578369140625,1.7973471879959106,240.6632080078125,223.33465576171875,9.58281421661377,1.449492573738098,300.0,0.2789019346237182,0.268708331510425
20240122.0,,,,,,,,9.0,0.2737363874912262,1.2899494171142578,282.3104248046875,1.7980486154556274,237.24917602539065,220.9862670898437,31.16753387451172,0.7194005250930786,300.0,0.3106654286384582,0.350166664769252
20240125.0,,,,,,,,9.0,0.2737363874912262,1.2899494171142578,282.51373291015625,1.7991447448730469,237.201171875,222.3288116455078,0.181805744767189,1.3388830423355105,300.0,0.2989405989646911,0.347958333790302
20240127.0,,,,,,,,9.0,0.2737363874912262,1.2899494171142578,282.997314453125,1.799876689910889,242.6561279296875,227.10671997070312,0.0,0.9873093366622924,300.0,0.2629933953285217,0.302666664123535
20240128.0,,,,,,,,9.0,0.2737363874912262,1.2899494171142578,283.4852905273437,1.8002430200576782,244.67431640625,227.01345825195312,0.000435113790445,1.4873409271240234,300.0,0.2582712471485138,0.290666667123636
20240130.0,,,,,,,,9.0,0.2737363874912262,1.2899494171142578,284.032958984375,1.800970196723938,249.27963256835932,231.23098754882807,0.0008583068847656,1.6550240516662598,300.0,0.2266805171966552,0.260666664689779
20240202.0,,,,,,,,9.0,0.2737363874912262,1.2899494171142578,278.12823486328125,1.8022023439407349,236.4327087402344,219.5268096923828,2.103843688964844,1.469627022743225,300.0,0.3096760213375091,0.354249998927116
20240205.0,,,,,,,,9.0,0.2737363874912262,1.2899494171142578,280.6368408203125,1.8066153526306152,232.3798828125,217.4305725097656,8.80884838104248,1.870052933692932,300.0,0.3128817975521087,0.380842105338448
20240207.0,,,,,,,,9.0,0.2737363874912262,1.2899494171142578,276.9909973144531,1.8096704483032229,236.84185791015625,219.5829925537109,8.297418594360352,1.3526105880737305,300.0,0.2979594767093658,0.36899999777476
20240210.0,,,,,,,,9.0,0.2737363874912262,1.2899494171142578,277.02520751953125,1.8142740726470947,234.65008544921875,218.5640563964844,0.0008583068847656,1.5595653057098389,300.0,0.3105784952640533,0.331684211367055
20240213.0,,,,,,,,9.0,0.2737363874912262,1.2899494171142578,279.3783874511719,1.8189136981964111,243.5308837890625,226.19436645507807,0.1849851757287979,1.4810086488723757,300.0,0.2568751275539398,0.288857142130534
20240215.0,,,,,,,,9.0,0.2737363874912262,1.2899494171142578,282.30242919921875,1.8220341205596924,238.85183715820312,224.26693725585932,5.701882362365723,2.0124542713165283,300.0,0.296707421541214,0.278083334366481
20240218.0,,,,,,,,9.0,0.2737363874912262,1.2899494171142578,282.3630676269531,1.8265812397003167,237.28909301757807,221.67709350585932,8.798996925354004,1.68316388130188,300.0,0.2973499894142151,0.312727271155878
20240220.0,,,,,,,,9.0,0.2737363874912262,1.2899494171142578,281.6950988769531,1.827154874801636,238.26119995117188,224.36932373046875,3.661447048187256,1.7051331996917725,300.0,0.2986927032470703,0.349875003099442
20240223.0,,,,,,,,9.0,0.2737363874912262,1.2899494171142578,280.5435791015625,1.827906847000122,241.2377319335937,224.29983520507807,0.0012814997462555,1.6100300550460815,300.0,0.2729577422142029,0.327916668107112
20240226.0,,,,,,,,9.0,0.2737363874912262,1.2899494171142578,282.7279663085937,1.8286161422729488,248.1930084228516,232.3154296875,1.3778008222579956,1.5642048120498655,300.0,0.2279781550168991,0.292958331604799
20240302.0,,,,,,,,9.0,0.2737363874912262,1.2899494171142578,279.8241882324219,1.8297630548477173,243.8355255126953,229.84896850585932,5.7761993408203125,2.689589738845825,300.0,0.2642455995082855,0.264894736440558
20240305.0,,,,,,,,9.0,0.2737363874912262,1.2899494171142578,279.88751220703125,1.8312506675720213,242.67819213867188,228.201416015625,0.0017166137695312,1.800849676132202,300.0,0.258480042219162,0.325749997794628
20240307.0,,,,,,,,9.0,0.2737363874912262,1.2899494171142578,280.61981201171875,1.844956874847412,245.26077270507807,230.0843963623047,3.083113193511963,1.9901468753814693,300.0,0.255114883184433,0.316318181428042
20240308.0,,,,,,,,9.0,0.2737363874912262,1.2899494171142578,281.0030212402344,1.8519201278686523,243.0763702392578,228.70608520507807,0.1213913038372993,2.29544448852539,300.0,0.2605204880237579,0.308681818571958
20240310.0,,,,,,,,9.0,0.2737363874912262,1.2899494171142578,282.48223876953125,1.8666523694992063,249.5545959472656,237.2815399169922,0.0001197798774228,2.1834731101989746,300.0,0.2065645903348922,0.284541667749484
20240313.0,,,,,,,,9.0,0.2737363874912262,1.2899494171142578,281.8634338378906,1.8892879486083984,251.49966430664065,236.3065795898437,0.0037332929205149,2.246433734893799,300.0,0.2050718516111374,0.265374999493361
20240315.0,,,,,,,,9.0,0.2737363874912262,1.2899494171142578,281.7296447753906,1.9047743082046509,255.62176513671875,242.12747192382807,0.0030195759609341,2.8473455905914307,300.0,0.182800218462944,0.247380954169092
20240316.0,,,,,,,,9.0,0.2737363874912262,1.2899494171142578,282.8777160644531,1.9126365184783936,257.4410400390625,242.7869415283203,0.0,2.694298505783081,300.0,0.1743168383836746,0.239791665226221
20240318.0,,,,,,,,9.0,0.2737363874912262,1.2899494171142578,285.6336669921875,1.9286794662475584,260.154052734375,248.3054656982422,0.0012822712305933,2.807650327682495,300.0,0.1516360640525818,0.22787499986589
20240321.0,,,,,,,,9.0,0.2737363874912262,1.2899494171142578,286.052978515625,1.9514625072479248,263.83575439453125,252.52540588378903,0.0008523463620804,2.6575257778167725,300.0,0.1426276415586471,0.209333334118128
20240323.0,,,,,,,,9.0,0.2737363874912262,1.2899494171142578,283.7547302246094,1.9385712146759035,255.7506256103516,242.885009765625,5.598491668701172,2.6224470138549805,300.0,0.1869402229785919,0.199291665727894
20240324.0,,,,,,,,9.0,0.2737363874912262,1.2899494171142578,280.0997009277344,1.9321987628936768,253.2833404541016,238.55047607421875,6.8512139320373535,2.3175625801086426,300.0,0.2026896476745605,0.194875000665585
20240326.0,,,,,,,,9.0,0.2737363874912262,1.2899494171142578,282.1583251953125,1.9183942079544067,255.772705078125,243.4353790283203,6.834672967670485e-05,2.446043968200684,300.0,0.1698692739009857,0.189458334197601
20240329.0,,,,,,,,9.0,0.2737363874912262,1.2899494171142578,280.2679138183594,1.898244380950928,261.5399780273437,249.1225433349609,5.789674758911133,1.5558347702026367,300.0,0.1440407782793045,0.181291668365399
20240331.0,,,,,,,,9.0,0.2737363874912262,1.2899494171142578,280.0233764648437,1.885100483894348,249.11209106445312,238.0082397460937,1.237583875656128,2.307424545288086,300.0,0.2110788077116012,0.290375000486771
20240401.0,,,,,,,,9.0,0.2737363874912262,1.2899494171142578,282.2262268066406,1.8786154985427856,250.92501831054688,237.2890625,2.8271076679229736,2.951867818832397,300.0,0.2137670516967773,0.291333333899577
20240403.0,,,,,,,,9.0,0.2737363874912262,1.2899494171142578,287.11236572265625,1.86580753326416,259.4344177246094,244.8461456298828,0.0061947549693286,3.207152366638184,300.0,0.1674215346574783,0.266583332171043
20240409.0,,,,,,,,9.0,0.2737363874912262,1.2899494171142578,284.4782409667969,1.8347806930541992,260.7435913085937,244.57681274414065,0.001713472418487,3.3091838359832764,300.0,0.1679668724536895,0.24030434631783
20240411.0,,,,,,,,9.0,0.2737363874912262,1.2899494171142578,289.8354797363281,1.826743245124817,264.3866577148437,254.6255798339844,0.0,3.6238999366760254,300.0,0.1307740807533264,0.223916666582227
20240414.0,,,,,,,,9.0,0.2737363874912262,1.2899494171142578,279.8812561035156,1.814865469932556,243.8775634765625,230.57765197753903,10.153558731079102,3.000048875808716,300.0,0.264366865158081,0.202000000203649
20240417.0,,,,,,,,9.0,0.2737363874912262,1.2899494171142578,288.3226928710937,1.8032209873199463,260.3361511230469,245.70315551757807,0.0004188495513517,3.5986902713775635,300.0,0.1597788035869598,0.200583334391316
20240419.0,,,,,,,,9.0,0.2737363874912262,1.2899494171142578,290.4201965332031,1.795584201812744,264.36932373046875,252.1312866210937,0.0008523463038727,3.5039327144622803,300.0,0.138233795762062,0.189375000074506
20240422.0,,,,,,,,9.0,0.2737363874912262,1.2899494171142578,292.2796325683594,1.78440260887146,270.3182067871094,259.140380859375,0.0121610518544912,3.239595890045166,300.0,0.1241639405488967,0.168291666855415
20240424.0,,,,,,,,9.0,0.2737363874912262,1.2899494171142578,288.43829345703125,1.77825129032135,269.5804443359375,258.2479858398437,0.0216211881488561,2.3367815017700195,300.0,0.1287738978862762,0.161999999235074
20240425.0,,,,,,,,9.0,0.2737363874912262,1.2899494171142578,287.6983642578125,1.7752026319503784,271.1031494140625,260.3792724609375,0.0208332128822803,1.8531429767608645,300.0,0.1190344840288162,0.159583335742354
20240427.0,,,,,,,,9.0,0.2737363874912262,1.2899494171142578,285.45703125,1.7692103385925293,269.1658935546875,260.5584716796875,0.0100279934704303,2.056412935256958,300.0,0.1220411658287048,0.155958333363136
20240430.0,,,,,,,,9.0,0.2737363874912262,1.2899494171142578,288.9610290527344,1.7603497505187988,271.39727783203125,261.27276611328125,0.0,2.2128102779388428,300.0,0.1196959018707275,0.147583335017165
20240503.0,,,,,,,,9.0,0.2737363874912262,1.2899494171142578,291.5246887207031,1.7516485452651978,275.79949951171875,264.3719482421875,3.417336483835243e-05,1.8602107763290403,300.0,0.1068971380591392,0.139958335086703
20240505.0,,,,,,,,9.0,0.2737363874912262,1.2899494171142578,280.7702941894531,1.745941996574402,259.19989013671875,248.07052612304688,0.4150654971599579,2.1553895473480225,300.0,0.1490357965230941,0.134291667491198
20240508.0,,,,,,,,9.0,0.2737363874912262,1.2899494171142578,289.1148681640625,1.7373919486999512,272.41119384765625,260.11993408203125,0.0017285346984863,2.270014762878418,300.0,0.1205585375428199,0.133130433766738
20240511.0,,,,,,,,9.0,0.2737363874912262,1.2899494171142578,294.75634765625,1.7262885570526123,278.557373046875,264.6859130859375,0.0,2.0347654819488525,300.0,0.1054157391190528,0.132499999677142
20240513.0,,,,,,,,9.0,0.2737363874912262,1.2899494171142578,296.0829467773437,1.718968629837036,275.9541015625,267.0418701171875,0.1467753648757934,1.8278791904449463,300.0,0.0952798500657081,0.129875002118448
20240516.0,,,,,,,,9.0,0.2737363874912262,1.2899494171142578,297.0481872558594,1.7082425355911257,279.7718811035156,269.3135070800781,0.0030685923993587,1.695002198219299,300.0,0.0895033106207847,0.124708333363136
20240518.0,,,,,,,,9.0,0.2737363874912262,1.2899494171142578,295.7497863769531,1.7012557983398438,280.20556640625,270.0595092773437,0.0012437182012945,1.4111922979354858,300.0,0.0810001939535141,0.11862500042965
20240519.0,,,,,,,,9.0,0.2737363874912262,1.2899494171142578,294.9219055175781,1.697811484336853,278.6361999511719,267.2989501953125,6.834672967670485e-05,1.3712667226791382,300.0,0.0854797139763832,0.11645833371828
20240521.0,,,,,,,,9.0,0.2737363874912262,1.2899494171142578,293.1397705078125,1.6910072565078735,277.4364013671875,267.9782409667969,0.000854980549775,1.273054838180542,300.0,0.0831255540251731,0.109791665958862
20240524.0,,,,,,,,9.0,0.2737363874912262,1.2899494171142578,291.75885009765625,1.681357741355896,279.6738586425781,267.5731811523437,0.0,0.9982078075408936,300.0,0.0701668113470077,0.0995416672279437
20240527.0,,,,,,,,9.0,0.2737363874912262,1.2899494171142578,295.3650817871094,1.6788804531097412,278.7381286621094,270.4328918457031,0.0025820364244282,1.2172348499298096,300.0,0.0731301456689834,0.0917083338523905
20240529.0,,,,,,,,9.0,0.2737363874912262,1.2899494171142578,294.5350036621094,1.6774437427520752,281.0250244140625,268.85693359375,0.0008583068847656,1.1291691064834597,300.0,0.0682418718934059,0.087333332747221
20240601.0,,,,,,,,9.0,0.2737363874912262,1.2899494171142578,297.7479858398437,1.6752803325653076,281.7369384765625,270.9252014160156,0.0008583068847656,1.1354514360427856,300.0,0.0619496181607246,0.0781249996895591
20240604.0,,,,,,,,9.0,0.2737363874912262,1.2899494171142578,295.9051208496094,1.673131823539734,281.4787902832031,272.27081298828125,0.0,0.9929770827293396,300.0,0.0569121241569519,0.0692500006407499
20240606.0,,,,,,,,9.0,0.2737363874912262,1.2899494171142578,303.858642578125,1.67171049118042,283.62939453125,274.0809326171875,0.0008523463038727,1.2272502183914185,300.0,0.0513547770678997,0.0700416679804524
20240609.0,,,,,,,,9.0,0.2737363874912262,1.2899494171142578,296.8849182128906,1.6695280075073242,284.8018798828125,272.7376403808594,0.0,0.9488736987113952,300.0,0.0519903413951396,0.0615000003017485
20240611.0,,,,,,,,9.0,0.2737363874912262,1.2899494171142578,301.57672119140625,1.6671375036239624,284.04949951171875,272.9160461425781,0.0017166137695312,1.0614502429962158,300.0,0.0501040294766426,0.0575416665524244
20240612.0,,,,,,,,9.0,0.2737363874912262,1.2899494171142578,302.4428405761719,1.6659493446350098,285.26397705078125,274.53594970703125,0.0008490024483762,0.9803845286369324,300.0,0.0471164882183074,0.0570434778928757
20240614.0,,,,,,,,9.0,0.2737363874912262,1.2899494171142578,299.6231689453125,1.663546442985535,283.193603515625,273.62945556640625,0.0008523463038727,0.9684879183769226,300.0,0.049998003989458,0.0547727273607796
20240617.0,,,,,,,,9.0,0.2737363874912262,1.2899494171142578,294.6599426269531,1.6599830389022827,282.64312744140625,271.7815246582031,0.0004376282158773,0.7164391875267029,300.0,0.0444506332278251,0.049583333854874
20240619.0,,,,,,,,9.0,0.2737363874912262,1.2899494171142578,296.0263061523437,1.6576321125030518,281.6828308105469,273.07763671875,0.000268840114586,0.8217171430587769,300.0,0.0486125871539115,0.0470416668492059
20240620.0,,,,,,,,9.0,0.2737363874912262,1.2899494171142578,296.7411804199219,1.6564639806747437,283.2030029296875,273.96551513671875,0.0008523463038727,0.8203739523887634,300.0,0.0462210923433303,0.0456956526183564
20240622.0,,,,,,,,9.0,0.2737363874912262,1.2899494171142578,302.2127380371094,1.6541422605514526,284.45123291015625,275.3796081542969,0.0017202605959028,0.9316468834877014,300.0,0.0461085066199302,0.0451250003340344
20240625.0,,,,,,,,9.0,0.2737363874912262,1.2899494171142578,304.221923828125,1.6507049798965454,286.7548522949219,275.9603881835937,0.0095664486289024,0.8573821783065796,300.0,0.0385988354682922,0.0447083332886299
20240627.0,,,,,,,,9.0,0.2737363874912262,1.2899494171142578,300.2222900390625,1.6485629081726074,285.86065673828125,276.29058837890625,0.0,0.7799919843673706,300.0,0.0434752330183982,0.0421666667486231
20240628.0,,,,,,,,9.0,0.2737363874912262,1.2899494171142578,299.6341552734375,1.6474984884262085,284.437255859375,274.89996337890625,0.0034302473068237,0.7796598076820374,300.0,0.0442245006561279,0.0418333332054317
20240630.0,,,,,,,,9.0,0.2737363874912262,1.2899494171142578,301.2962951660156,1.645388126373291,286.1937255859375,276.5343322753906,0.0012910914374515,0.7355143427848816,300.0,0.0400723591446876,0.0398260870057604
20240703.0,,,,,,,,9.0,0.2737363874912262,1.2899494171142578,305.3498840332031,1.6422548294067385,287.3743896484375,275.39404296875,0.0,0.783004105091095,300.0,0.0341708399355411,0.0405000001192093
20240705.0,,,,,,,,9.0,0.2737363874912262,1.2899494171142578,306.48162841796875,1.6401876211166382,286.5882568359375,278.33306884765625,0.0017103344434872,0.7800253629684448,300.0,0.0313704572618007,0.0385416665424903
20240706.0,,,,,,,,9.0,0.2737363874912262,1.2899494171142578,307.0475769042969,1.6391606330871582,290.2884521484375,278.42449951171875,0.0017106531886383,0.7770487070083618,300.0,0.0357358455657959,0.0380833330564201
20240708.0,,,,,,,,9.0,0.2737363874912262,1.2899494171142578,307.2273864746094,1.637114644050598,289.29473876953125,279.4686889648437,0.0008583068847656,0.7449078559875488,300.0,0.0323349758982658,0.0375833333625148
20240711.0,,,,,,,,9.0,0.2737363874912262,1.2899494171142578,307.2403259277344,1.634187936782837,288.86773681640625,280.4833984375,0.0098835499957203,0.7057890892028809,300.0,0.0296751856803894,0.0358333336189389
20240713.0,,,,,,,,9.0,0.2737363874912262,1.2899494171142578,306.4022521972656,1.633900165557861,290.6485595703125,280.5024719238281,0.8500166535377502,1.1415369510650637,300.0,0.04889402911067,0.0356086960629277
20240714.0,,,,,,,,9.0,0.2737363874912262,1.2899494171142578,304.0169677734375,1.633756399154663,289.601806640625,278.05975341796875,0.0576533712446689,0.8883211612701416,300.0,0.0419898703694343,0.0343636361543428
20240716.0,,,,,,,,9.0,0.2737363874912262,1.2899494171142578,303.5599060058594,1.633541703224182,287.53228759765625,276.2139892578125,0.0,0.6333004236221313,300.0,0.0282815396785736,0.0354347828289737
20240719.0,,,,,,,,9.0,0.2737363874912262,1.2899494171142578,303.7743530273437,1.633212924003601,289.0544128417969,276.54571533203125,0.0021398065146058,0.5884442925453186,300.0,0.0264619346708059,0.0333750005811453
20240721.0,,,,,,,,9.0,0.2737363874912262,1.2899494171142578,303.38330078125,1.6329939365386963,287.45977783203125,279.2816162109375,0.0025808811187744,0.5518324375152588,300.0,0.0235796943306922,0.0340000003731499
20240722.0,,,,,,,,9.0,0.2737363874912262,1.2899494171142578,304.3705444335937,1.6328846216201782,288.48345947265625,276.2633972167969,0.0008523463038727,0.5518962740898132,300.0,0.0248142201453447,0.0341818185353821
20240724.0,,,,,,,,9.0,0.2737363874912262,1.2899494171142578,307.5702209472656,1.632660984992981,289.07135009765625,279.7603759765625,0.0628477483987808,0.5968795418739319,300.0,0.0269285775721073,0.03321739156609
20240727.0,,,,,,,,9.0,0.2737363874912262,1.2899494171142578,300.3033142089844,1.632436752319336,285.0367736816406,276.8678283691406,0.0,0.4659152626991272,300.0,0.0266279932111501,0.0303478262022786
20240729.0,,,,,,,,9.0,0.2737363874912262,1.2899494171142578,299.2347717285156,1.6339623928070068,286.41827392578125,274.715576171875,0.0021427867468446,0.4471165239810943,300.0,0.0314033925533294,0.0285909096287055
20240730.0,,,,,,,,9.0,0.2737363874912262,1.2899494171142578,299.8188171386719,1.634729027748108,285.6214599609375,275.65850830078125,0.0008523463620804,0.4454755187034607,300.0,0.02757572196424,0.0290869565923577
20240801.0,,,,,,,,9.0,0.2737363874912262,1.2899494171142578,302.8720703125,1.6363450288772583,286.09295654296875,277.1317443847656,0.002131228102371,0.4673729836940765,300.0,0.0200364999473094,0.0294166672974825
20240804.0,,,,,,,,9.0,0.2737363874912262,1.2899494171142578,304.4896545410156,1.638782262802124,288.049072265625,276.74530029296875,0.0,0.5157185792922974,300.0,0.0227516889572143,0.0300434788122125
20240807.0,,,,,,,,9.0,0.2737363874912262,1.2899494171142578,306.36285400390625,1.641244411468506,289.2335205078125,279.0950927734375,0.0,0.4362869262695312,300.0,0.0209846571087837,0.0311250004451722
20240809.0,,,,,,,,9.0,0.2737363874912262,1.2899494171142578,303.79498291015625,1.642907738685608,287.1318359375,278.1181030273437,0.0,0.4290991723537445,300.0,0.0177553705871105,0.0289130436013574
20240812.0,,,,,,,,9.0,0.2737363874912262,1.2899494171142578,302.0860290527344,1.6452430486679075,286.3614501953125,277.22442626953125,0.0008583068847656,0.3841551542282104,300.0,0.0182638596743345,0.0269166664996495
20240815.0,,,,,,,,9.0,0.2737363874912262,1.2899494171142578,298.86553955078125,1.6435041427612305,286.02667236328125,276.6871337890625,0.0,0.3470938205718994,300.0,0.0251607485115528,0.0261304346925539
20240817.0,,,,,,,,9.0,0.2737363874912262,1.2899494171142578,299.0011291503906,1.6422325372695925,286.44342041015625,276.4044189453125,0.0,0.3242101073265075,300.0,0.0244556926190853,0.0262727275152098
20240820.0,,,,,,,,9.0,0.2737363874912262,1.2899494171142578,299.1817626953125,1.6403491497039795,283.68048095703125,275.4142761230469,0.0008553265361115,0.3359903991222381,300.0,0.0236584208905696,0.0266666666915019
20240823.0,,,,,,,,9.0,0.2737363874912262,1.2899494171142578,293.6537780761719,1.6384801864624023,283.3895874023437,271.4819641113281,0.0017494948115199,0.2409171313047409,300.0,0.0211205817759037,0.0244999999519099
20240825.0,,,,,,,,9.0,0.2737363874912262,1.2899494171142578,293.6087951660156,1.637241244316101,283.1234130859375,271.91815185546875,0.0008523463038727,0.2598508596420288,300.0,0.0213930159807205,0.0250000000485907
20240828.0,,,,,,,,9.0,0.2737363874912262,1.2899494171142578,300.8168029785156,1.6354172229766846,285.5936889648437,274.0384216308594,0.0008583068847656,0.3195667862892151,300.0,0.0196531657129526,0.025708333356306
20240830.0,,,,,,,,9.0,0.2737363874912262,1.2899494171142578,300.5103759765625,1.6345441341400146,283.06512451171875,274.7396545410156,0.0,0.3082966804504394,300.0,0.0190682802349329,0.0243749998432274
20240831.0,,,,,,,,9.0,0.2737363874912262,1.2899494171142578,301.1090087890625,1.6341089010238647,284.294677734375,273.4811096191406,0.0021487474441528,0.3110546171665191,300.0,0.0191463734954595,0.0234782607902003
20240902.0,,,,,,,,9.0,0.2737363874912262,1.2899494171142578,301.0070495605469,1.6332554817199707,285.16949462890625,274.0432434082031,0.0008583068847656,0.2986240983009338,300.0,0.0184107851237058,0.0243913041346747
20240905.0,,,,,,,,9.0,0.2737363874912262,1.2899494171142578,301.967529296875,1.6319798231124878,285.6561889648437,274.63238525390625,0.0,0.3005556464195251,300.0,0.0173883996903896,0.02320833329577
20240907.0,,,,,,,,9.0,0.2737363874912262,1.2899494171142578,302.53326416015625,1.6311333179473877,288.8275756835937,278.05419921875,0.0008523463038727,0.2880364060401916,300.0,0.0162611436098814,0.0242499997839332
20240908.0,,,,,,,,9.0,0.2737363874912262,1.2899494171142578,302.3356628417969,1.630711317062378,286.25634765625,275.887939453125,0.0008514981600455,0.2883009612560272,300.0,0.0161760877817869,0.0241904761642218
20240910.0,,,,,,,,9.0,0.2737363874912262,1.2899494171142578,299.930419921875,1.6298673152923584,285.6591186523437,274.731201171875,0.0,0.2663164138793945,300.0,0.0198291633278131,0.0245000000789084
20240913.0,,,,,,,,9.0,0.2737363874912262,1.2899494171142578,295.6434631347656,1.6286582946777344,282.6767578125,270.4589233398437,0.0017285346984863,0.2382657825946808,300.0,0.0223380997776985,0.0214285717035333
20240915.0,,,,,,,,9.0,0.2737363874912262,1.2899494171142578,295.59783935546875,1.6286238431930542,282.0673522949219,273.55584716796875,0.0033861694391816,0.2044775336980819,300.0,0.0197021849453449,0.0209999999386214
20240916.0,,,,,,,,9.0,0.2737363874912262,1.2899494171142578,289.2055053710937,1.6286066770553589,279.94683837890625,270.5829467773437,0.1770058721303939,0.159525915980339,300.0,0.02065921574831,0.0198749998041118
20240921.0,,,,,,,,9.0,0.2737363874912262,1.2899494171142578,295.78717041015625,1.6286020278930664,279.4459228515625,267.07781982421875,0.0012904405593872,0.3589653074741363,300.0,0.0313174575567245,0.0232173915466537
20240924.0,,,,,,,,9.0,0.2737363874912262,1.2899494171142578,299.8123474121094,1.6285979747772217,284.5888671875,271.338134765625,0.0008516840753145,0.2769320905208587,300.0,0.0226663891226053,0.0240416668045024
20240926.0,,,,,,,,9.0,0.2737363874912262,1.2899494171142578,296.2183532714844,1.6285896301269531,280.8109130859375,271.7043151855469,0.0,0.232154443860054,300.0,0.0206524059176445,0.0215652174437823
20240929.0,,,,,,,,9.0,0.2737363874912262,1.2899494171142578,297.2610168457031,1.628704071044922,282.417236328125,269.41064453125,0.000435113790445,0.215107575058937,300.0,0.0226612500846385,0.020999999970875
20241001.0,,,,,,,,9.0,0.2737363874912262,1.2899494171142578,299.22723388671875,1.630707621574402,283.21746826171875,273.3583984375,0.0,0.218550905585289,300.0,0.0187618527561426,0.0208749997739991
20241002.0,,,,,,,,9.0,0.2737363874912262,1.2899494171142578,301.0579528808594,1.631716251373291,283.96173095703125,273.54052734375,0.0008523463038727,0.221057042479515,300.0,0.0168369300663471,0.0212727272883058
20241004.0,,,,,,,,9.0,0.2737363874912262,1.2899494171142578,301.0399780273437,1.6338335275650024,285.57012939453125,273.8544921875,0.000435113790445,0.2049429565668106,300.0,0.0158883593976497,0.0229090907695619
20241009.0,,,,,,,,9.0,0.2737363874912262,1.2899494171142578,298.05572509765625,1.6391980648040771,284.53338623046875,273.5341491699219,0.0,0.1898847222328186,300.0,0.019671693444252,0.020565217340608
20241010.0,,,,,,,,9.0,0.2737363874912262,1.2899494171142578,296.36248779296875,1.640285611152649,281.52911376953125,270.6917724609375,0.0008647983777336,0.1676748991012573,300.0,0.0193074475973844,0.0188333332383384
20241012.0,,,,,,,,9.0,0.2737363874912262,1.2899494171142578,294.1091613769531,1.6424823999404907,280.2755126953125,270.28814697265625,0.0,0.1602827310562133,300.0,0.0194169543683528,0.0174285713139744
20241015.0,,,,,,,,9.0,0.2737363874912262,1.2899494171142578,293.8278503417969,1.645652413368225,279.63507080078125,270.2589111328125,0.0,0.1575805395841598,300.0,0.0195491686463356,0.0202727272937244
20241017.0,,,,,,,,9.0,0.2737363874912262,1.2899494171142578,290.1878967285156,1.6453303098678589,278.52154541015625,270.4327392578125,0.0012294381158426,0.5247682929039001,300.0,0.0430574640631675,0.0188695650304789
20241018.0,,,,,,,,9.0,0.2737363874912262,1.2899494171142578,287.76922607421875,1.645169377326965,275.95654296875,266.8517761230469,0.0008523463038727,0.4141181409358978,300.0,0.0437818206846714,0.0189047618990853
20241020.0,,,,,,,,9.0,0.2737363874912262,1.2899494171142578,289.242919921875,1.644740104675293,275.0284423828125,266.14117431640625,0.0017166137695312,0.3025000095367431,300.0,0.0345016606152057,0.0171904761255497
20241023.0,,,,,,,,9.0,0.2737363874912262,1.2899494171142578,291.3351135253906,1.6441082954406738,278.4833984375,266.78466796875,0.0008583068847656,0.194993183016777,300.0,0.023242874071002,0.0186190474778414
20241025.0,,,,,,,,9.0,0.2737363874912262,1.2899494171142578,290.8224792480469,1.643688082695007,278.2133178710937,267.603271484375,0.0017225088085979,0.1738481521606445,300.0,0.0224061049520969,0.0149473683222344
20241026.0,,,,,,,,9.0,0.2737363874912262,1.2899494171142578,290.6497802734375,1.6434781551361084,276.090576171875,265.86572265625,0.0,0.1511447727680206,300.0,0.0242831967771053,0.0149999998763881
20241028.0,,,,,,,,9.0,0.2737363874912262,1.2899494171142578,288.02716064453125,1.6430509090423584,276.604248046875,266.66357421875,1.0532034635543823,0.3500333428382873,300.0,0.0404096916317939,0.0168636362068355
20241031.0,,,,,,,,9.0,0.2737363874912262,1.2899494171142578,283.6392517089844,1.6425907611846924,276.1101989746094,264.719970703125,0.1587762683629989,0.1606726944446563,300.0,0.0284339487552642,0.0127500000720223
20241102.0,,,,,,,,9.0,0.2737363874912262,1.2899494171142578,284.9447021484375,1.6450048685073853,272.0238037109375,260.5047607421875,2.981608629226685,0.956310510635376,300.0,0.096460647881031,0.0147391307046232
20241103.0,,,,,,,,9.0,0.2737363874912262,1.2899494171142578,283.5622253417969,1.646220564842224,271.6326904296875,260.8671875,0.0025779400020837,0.3865220844745636,300.0,0.062897115945816,0.0137272727337073
20241105.0,,,,,,,,9.0,0.2737363874912262,1.2899494171142578,285.0332336425781,1.6487921476364136,273.63232421875,262.51007080078125,0.0008523463038727,0.3683077096939087,300.0,0.0531462915241718,0.0130476189245071
20241108.0,,,,,,,,9.0,0.2737363874912262,1.2899494171142578,284.7507019042969,1.652685046195984,271.615234375,260.4830322265625,0.0008523463038727,0.2724711894989013,300.0,0.0506981015205383,0.0140999999828637
20241111.0,,,,,,,,9.0,0.2737363874912262,1.2899494171142578,283.6536865234375,1.656635284423828,272.000244140625,261.5964660644531,7.201303958892822,0.6226621270179749,300.0,0.0850907415151596,0.0129523807693095
20241121.0,,,,,,,,9.0,0.2737363874912262,1.2899494171142578,281.8679504394531,1.661105394363403,269.2269287109375,256.8096008300781,0.0017320427577942,0.5578159689903259,300.0,0.0994371548295021,0.0317272725938396
20241127.0,,,,,,,,9.0,0.2737363874912262,1.2899494171142578,281.0614624023437,1.6584389209747314,246.83868408203125,230.5417633056641,0.0119941430166363,1.149640440940857,300.0,0.230845957994461,0.180421051226164
20241202.0,,,,,,,,9.0,0.2737363874912262,1.2899494171142578,282.997802734375,1.656375288963318,252.54592895507807,235.83189392089844,0.0,0.9676047563552856,300.0,0.1908059120178222,0.195916666338841
20241205.0,,,,,,,,9.0,0.2737363874912262,1.2899494171142578,282.2711181640625,1.6587579250335691,257.03521728515625,241.7543029785156,0.000435113790445,0.8429088592529297,300.0,0.1571859121322631,0.184374999875824
20241207.0,,,,,,,,9.0,0.2737363874912262,1.2899494171142578,281.54119873046875,1.6604634523391724,257.2679748535156,242.36819458007807,0.0012814997462555,0.8576242923736572,300.0,0.1534629762172699,0.175523809024266
20241213.0,,,,,,,,9.0,0.2737363874912262,1.2899494171142578,280.6048583984375,1.6656205654144287,252.77517700195312,241.15817260742188,0.0083345146849751,0.6419916749000549,300.0,0.175092339515686,0.154956521547359
20241218.0,,,,,,,,9.0,0.2737363874912262,1.2899494171142578,280.6781921386719,1.6700750589370728,255.9267578125,240.60336303710932,0.0012808594619855,0.7958997488021851,300.0,0.1628714650869369,0.154500000178814
20241221.0,,,,,,,,9.0,0.2737363874912262,1.2899494171142578,281.9544677734375,1.6750565767288208,259.0526733398437,244.17881774902344,0.0183208063244819,0.6467567086219788,300.0,0.1452872306108474,0.153826085769612
20241223.0,,,,,,,,9.0,0.2737363874912262,1.2899494171142578,284.8910522460937,1.6784892082214355,259.552978515625,244.0892333984375,0.000102520098153,0.702111542224884,300.0,0.1388739943504333,0.153954543850639
20241226.0,,,,,,,,9.0,0.2737363874912262,1.2899494171142578,279.9838562011719,1.6837012767791748,249.05465698242188,234.2042694091797,0.0112514253705739,0.524700939655304,300.0,0.2173851281404495,0.146166666721304
20241229.0,,,,,,,,9.0,0.2737363874912262,1.2899494171142578,283.3944702148437,1.689018726348877,252.549057006836,236.94921875,1.5904563665390017,0.4424432814121246,300.0,0.1931339502334594,0.158100001513958
20250103.0,,,,,,,,9.0,0.2737363874912262,1.2899494171142578,281.4571533203125,1.6896815299987793,254.51657104492188,240.99871826171875,2.1587564945220947,0.7972201704978943,300.0,0.1628193855285644,0.147291667759418
20250201.0,,,,,,,,9.0,0.2737363874912262,1.2899494171142578,284.0370178222656,1.7011672258377075,258.0663452148437,244.1408233642578,0.2829179465770721,0.3823254108428955,300.0,0.1394690573215484,0.303708331038554
20250204.0,,,,,,,,9.0,0.2737363874912262,1.2899494171142578,282.5594787597656,1.6998286247253418,260.35479736328125,248.5157470703125,8.897080421447754,1.210034728050232,300.0,0.1355631351470947,0.29979166512688
20250206.0,,,,,,,,9.0,0.2737363874912262,1.2899494171142578,281.0653381347656,1.6962940692901611,254.68280029296875,240.8593597412109,7.622758865356445,1.2061830759048462,300.0,0.1742975562810897,0.32647368782445
20250207.0,,,,,,,,9.0,0.2737363874912262,1.2899494171142578,282.0602111816406,1.694463133811951,248.61196899414065,233.58502197265625,1.8400297164916992,1.431955099105835,300.0,0.2157159745693206,0.359833333641291
20250212.0,,,,,,,,9.0,0.2737363874912262,1.2899494171142578,278.9684143066406,1.6854506731033323,250.24533081054688,238.27951049804688,4.370287895202637,1.1167805194854736,300.0,0.1946312636137008,0.320083332558473
20250214.0,,,,,,,,9.0,0.2737363874912262,1.2899494171142578,280.7301330566406,1.6819120645523071,242.8260498046875,228.58126831054688,2.873276710510254,1.8004226684570312,300.0,0.2663285136222839,0.380333335449298
20250217.0,,,,,,,,9.0,0.2737363874912262,1.2899494171142578,281.47003173828125,1.6762105226516724,250.71939086914065,235.31298828125,0.0055410121567547,1.500832200050354,300.0,0.1967894583940506,0.347727272998203
20250220.0,,,,,,,,9.0,0.2737363874912262,1.2899494171142578,283.4239196777344,1.683132529258728,255.67745971679688,243.0746459960937,0.0026120741385966,1.6874988079071045,300.0,0.1606226861476898,0.336125003794829
20250222.0,,,,,,,,9.0,0.2737363874912262,1.2899494171142578,283.0447082519531,1.691136360168457,256.985595703125,246.57403564453125,0.0,1.7722302675247192,300.0,0.1478032767772674,0.328666669627031
20250223.0,,,,,,,,9.0,0.2737363874912262,1.2899494171142578,284.9989929199219,1.695307731628418,259.5316162109375,246.46731567382807,0.0008523463038727,1.8496983051300049,300.0,0.1515297442674636,0.328125002483527
20250225.0,,,,,,,,9.0,0.2737363874912262,1.2899494171142578,285.02069091796875,1.7038002014160156,262.1080322265625,249.151611328125,0.0021733194589614,1.7128701210021973,300.0,0.1425385475158691,0.323916668693225
20250228.0,,,,,,,,9.0,0.2737363874912262,1.2899494171142578,285.88201904296875,1.7169127464294434,264.0775451660156,252.04153442382807,0.0017136326059699,1.494174599647522,300.0,0.1320139914751052,0.315708330521981
20250302.0,,,,,,,,9.0,0.2737363874912262,1.2899494171142578,282.959716796875,1.7259035110473633,266.59130859375,255.6761932373047,1.763546347618103,1.2785104513168335,300.0,0.1182765588164329,0.310166663179795
20250303.0,,,,,,,,9.0,0.2737363874912262,1.2899494171142578,279.8044738769531,1.7305047512054443,259.548583984375,248.03729248046875,0.0764454156160354,1.0473533868789673,300.0,0.1377249360084533,0.305041664590438
20250305.0,,,,,,,,9.0,0.2737363874912262,1.2899494171142578,281.9621276855469,1.7402399778366089,235.88682556152344,220.98849487304688,16.679759979248047,1.454569697380066,300.0,0.2975341379642486,0.33316666384538
20250310.0,,,,,,,,9.0,0.2737363874912262,1.2899494171142578,282.20416259765625,1.7398908138275146,253.2730407714844,238.6683959960937,0.0017138620605692,1.9466753005981443,300.0,0.1850988864898681,0.339863634922288
20250311.0,,,,,,,,9.0,0.2737363874912262,1.2899494171142578,283.47442626953125,1.7387501001358032,256.82598876953125,239.82632446289065,0.0631643012166023,2.0086991786956787,300.0,0.1827648282051086,0.334625000754992
20250313.0,,,,,,,,9.0,0.2737363874912262,1.2899494171142578,279.0245056152344,1.736477613449097,244.08718872070312,229.8262634277344,14.61932373046875,2.509536027908325,300.0,0.2747473120689392,0.372086955153424
20250316.0,,,,,,,,9.0,0.2737363874912262,1.2899494171142578,280.7416687011719,1.7330907583236694,246.8687438964844,230.76670837402344,0.0017225742340087,1.8971867561340328,300.0,0.2269922494888305,0.358750002086163
20250321.0,,,,,,,,9.0,0.2737363874912262,1.2899494171142578,283.13592529296875,1.7274664640426636,256.61944580078125,243.927001953125,0.0017180679133161,2.348484516143799,300.0,0.1628544628620147,0.319772731174122
20250324.0,,,,,,,,9.0,0.2737363874912262,1.2899494171142578,288.2372741699219,1.725147008895874,263.7276306152344,251.70050048828125,0.0008523463620804,2.473835229873657,300.0,0.1415983438491821,0.296374998986721
20250414.0,,,,,,,,9.0,0.2737363874912262,1.2899494171142578,292.7674255371094,1.6960517168045044,275.006103515625,263.6872253417969,0.0008569624624215,1.0723191499710083,300.0,0.0827341824769973,0.214291667565703
20250530.0,,,,,,,,9.0,0.2737363874912262,1.2899494171142578,300.1894836425781,1.6239125728607178,282.6241455078125,272.7869873046875,0.0,0.3810303211212158,300.0,0.0235301107168197,0.140249999860922
