date,era5_land_sm,esa_cci_sm,smap_ib_sm,smap_dca_sm,smap_scav_sm,smos_ic_sm,smos_l3_sm,mcd12c1_IGBP_land_cover,soilgrid_clay_fraction,soilgrid_bulk_density,era5_surface_temperature,vwc_mod13_sf_land,smap_tb_v_corrected,smap_tb_h_corrected,era5_prep,era5_evap,koppen_climate_5_types,pgml_sm,insitu_sm
20150401.0,0.3269625902175903,0.2948434352874756,0.3328879773616791,0.2665067017078399,0.2525293827056885,,,8.0,0.216533362865448,1.275159478187561,282.8888244628906,3.60829496383667,253.09573364257807,239.2757568359375,0.0747201591730117,1.320096135139465,300.0,0.2675731182098388,0.289233334362507
20150402.0,0.318757563829422,0.2944250702857971,,,,,0.1365703344345092,,,,,,,,,,,,
20150403.0,0.3125462234020233,0.2971621453762054,0.3203259110450744,0.2958506941795349,0.2760075330734253,0.0777262225747108,0.0873439759016037,8.0,0.216533362865448,1.275159478187561,283.1329650878906,3.607897520065308,250.39743041992188,236.5580139160156,0.5625073909759521,1.5120691061019895,300.0,0.3014809191226959,0.248016667862733
20150404.0,0.3144145309925079,,0.3163857460021972,0.2277706563472747,0.2213938534259796,,,8.0,0.216533362865448,1.275159478187561,283.4834289550781,3.607645034790039,256.33203125,243.77919006347656,1.0549137592315674,1.5792567729949951,300.0,0.2431282103061676,0.239374996473392
20150405.0,0.3094606697559356,0.2853817045688629,,,,0.1003150343894958,0.1614429205656051,,,,,,,,,,,,
20150406.0,0.2994948327541351,,0.32462278008461,0.271268218755722,0.2588330805301666,,,8.0,0.216533362865448,1.275159478187561,282.8924560546875,3.606492519378662,250.83004760742188,236.323486328125,0.0,2.297627210617065,300.0,0.2748559117317199,0.217533331985275
20150407.0,0.2911877036094665,,,,,,0.09195227175951,,,,,,,,,,,,
20150408.0,0.2841503024101257,0.2876845002174377,,,,0.1110209226608276,0.1069368571043014,,,,,,,,,,,,
20150409.0,0.2776703834533691,0.2950690686702728,0.3207172751426697,0.2237876504659652,0.2187019139528274,,,8.0,0.216533362865448,1.275159478187561,287.1522216796875,3.6271071434021,256.5872802734375,244.8919982910156,0.0008597277919761,2.2951788902282715,300.0,0.2051877528429031,0.171483334153891
20150410.0,0.2759347856044769,0.283787727355957,,,,0.0965159684419632,0.1641895771026611,,,,,,,,,,,,
20150411.0,0.2752887010574341,0.2834433317184448,0.3035299777984619,0.2074194103479385,0.2058669030666351,,0.0714133158326149,8.0,0.216533362865448,1.275159478187561,286.74871826171875,3.646892547607422,259.89068603515625,246.6709899902344,0.532503068447113,1.593616962432861,300.0,0.1911629736423492,0.148899999757608
20150412.0,0.2714406549930572,0.2817555963993072,0.3145572245121002,0.2035019248723983,0.2019435614347458,,,8.0,0.216533362865448,1.275159478187561,289.4435729980469,3.657117366790772,260.0378112792969,246.7258758544922,0.0201628282666206,2.385080575942993,300.0,0.1773061454296112,0.141704165066282
20150413.0,0.2629377245903015,0.287102073431015,,,,0.0854400694370269,0.0863063484430313,,,,,,,,,,,,
20150414.0,0.2534734308719635,0.2782519161701202,0.3009321093559265,0.2084129154682159,0.2074382305145263,,,8.0,0.216533362865448,1.275159478187561,292.0795593261719,3.677900314331055,261.4105834960937,250.23745727539065,0.0008553265361115,2.964456558227539,300.0,0.1601867228746414,0.126683332646886
20150415.0,0.2441956996917724,0.2733601927757263,,,,,,,,,,,,,,,,,
20150416.0,0.2414425611495971,0.2765786051750183,,,,,0.0031128879636526,,,,,,,,,,,,
20150417.0,0.2554428577423095,0.2847981750965118,0.2921516001224518,0.1668111830949783,0.1737783998250961,,,8.0,0.216533362865448,1.275159478187561,287.1007080078125,3.709907770156861,265.20379638671875,253.58367919921875,2.544817924499512,1.9371323585510247,300.0,0.1308462619781494,0.120254167045156
20150418.0,0.2739706039428711,0.2816242277622223,,,,0.0394986271858215,0.0496230982244014,,,,,,,,,,,,
20150419.0,0.3354524075984955,0.305985152721405,0.3348396122455597,0.2767869234085083,0.2643156349658966,,,8.0,0.216533362865448,1.275159478187561,286.5759582519531,3.7318015098571777,254.9307098388672,239.93243408203125,1.163729190826416,2.6944525241851807,300.0,0.2502619922161102,0.255345833177368
20150420.0,0.309376448392868,0.2845133543014526,0.3222546577453613,0.2278537005186081,0.2220380455255508,,3.051850944757461e-05,8.0,0.216533362865448,1.275159478187561,287.4137878417969,3.742963314056397,257.84771728515625,244.185302734375,0.0009670426370576,2.354137897491455,300.0,0.2128330022096634,0.221275000522534
20150421.0,0.2950318157672882,0.2879311740398407,,,,,,,,,,,,,,,,,
20150422.0,0.2852424681186676,0.2851592004299164,0.3146930932998657,0.2198934853076934,0.2159471809864044,,,8.0,0.216533362865448,1.275159478187561,290.2258605957031,3.766219139099121,260.533203125,247.01710510253903,0.9575236439704896,2.646890640258789,300.0,0.1954063177108764,0.176966667175293
20150423.0,0.2874984741210937,0.2813339233398437,,,,,,,,,,,,,,,,,
20150424.0,0.2812769114971161,0.2851919531822204,,,,,,,,,,,,,,,,,
20150425.0,0.3034622073173523,0.2915264368057251,0.3237907290458679,0.2168909609317779,0.2135335206985473,,0.078096866607666,8.0,0.216533362865448,1.275159478187561,290.5722045898437,3.781217098236084,261.1914978027344,247.41281127929688,3.053150653839112,3.077064752578736,300.0,0.1939866244792938,0.16168333341678
20150426.0,0.3074331879615783,0.2805245518684387,,,,0.0707248747348785,0.0963164195418357,,,,,,,,,,,,
20150427.0,0.3821189105510711,0.2962676882743835,0.3494157791137695,0.3350576758384704,0.3016453981399536,,,8.0,0.216533362865448,1.275159478187561,285.4483947753906,3.786133289337158,252.66012573242188,240.0345001220703,21.68916320800781,3.9875996112823486,300.0,0.2777111232280731,0.305712502449751
20150428.0,0.3564516007900238,0.2896902561187744,0.3444869816303253,0.2423905432224273,0.2398162335157394,0.1066270694136619,0.2179937064647674,8.0,0.216533362865448,1.275159478187561,285.3907470703125,3.788447380065918,256.5848999023437,239.67462158203125,0.0989977419376373,2.164618968963623,300.0,0.2488247454166412,0.266145832836628
20150429.0,0.3375216722488403,,,,,,0.1254310756921768,,,,,,,,,,,,
20150430.0,0.3251412212848663,0.2789441347122192,0.3159220218658447,0.2365820407867431,0.2315296083688736,,,8.0,0.216533362865448,1.275159478187561,286.9688720703125,3.793088912963867,257.4872436523437,242.46420288085932,0.0138456476852297,2.1667394638061523,300.0,0.2348525077104568,0.224395832046866
20150501.0,0.3377576172351837,0.2890792787075043,,,,0.074825532734394,0.1134983375668525,,,,,,,,,,,,
20150502.0,0.3358065187931061,0.2990129888057709,,,,,,,,,,,,,,,,,
20150503.0,0.3317626416683197,0.2866908311843872,0.3443764150142669,0.2258202582597732,0.2216940522193908,0.0904539451003074,0.1598254293203354,8.0,0.216533362865448,1.275159478187561,292.60272216796875,3.800083875656128,262.06036376953125,248.02908325195312,4.232069492340088,2.407167434692383,300.0,0.2029684334993362,0.223162502671281
20150504.0,0.3395753502845764,0.2952556908130646,,,,,0.094485305249691,,,,,,,,,,,,
20150505.0,0.3200390040874481,0.2817782759666443,0.3386526107788086,0.2252098321914672,0.2230690568685531,,,8.0,0.216533362865448,1.275159478187561,289.84576416015625,3.804769515991211,263.13214111328125,247.15872192382807,0.0041543585248291,2.1478471755981445,300.0,0.1829396486282348,0.214887499188383
20150506.0,0.3120104670524597,0.2754372060298919,0.3256889879703522,0.1856932044029235,0.1867029815912246,,,8.0,0.216533362865448,1.275159478187561,287.2701110839844,3.807138919830322,264.9998474121094,248.12789916992188,0.5041177272796631,2.284530639648437,300.0,0.1708507537841797,0.200291667754451
20150507.0,0.3025118410587311,0.2626616358757019,,,,,,,,,,,,,,,,,
20150508.0,0.2967901825904846,0.2667720019817352,0.3095177114009857,0.1527930945158004,0.1562128663063049,,0.0777916833758354,8.0,0.216533362865448,1.275159478187561,290.8627319335937,3.812134265899658,268.401611328125,253.369140625,1.0658859014511108,3.0845823287963867,300.0,0.1488677859306335,0.159270833556851
20150509.0,0.2921424210071563,0.2584531605243683,,,,0.0501847863197326,0.0471205785870552,,,,,,,,,,,,
20150510.0,0.2847647368907928,0.2587769031524658,,,,,,,,,,,,,,,,,
20150511.0,0.2720215618610382,0.2607720196247101,0.3120657503604889,0.1456295102834701,0.1503929942846298,0.0190846677869558,0.076845608651638,8.0,0.216533362865448,1.275159478187561,295.54461669921875,3.811355352401733,270.3726806640625,255.9429626464844,0.0025932530406862,3.210346937179565,300.0,0.1366001069545745,0.130137500042717
20150512.0,0.2621927559375763,0.2616365849971771,,,,,,,,,,,,,,,,,
20150514.0,0.2473866641521453,0.2512232661247253,,,,0.043296180665493,0.0354014709591865,,,,,,,,,,,,
20150515.0,0.2695175409317016,0.2777339220046997,,,,,,,,,,,,,,,,,
20150517.0,0.2592403590679168,0.2778702676296234,,,,,0.0191351063549518,,,,,,,,,,,,
20150518.0,0.2512207925319671,0.2586276829242706,,,,,,,,,,,,,,,,,
20150519.0,0.2641770243644714,0.2544559240341186,0.3034439384937286,0.2526378929615021,0.2439147233963012,0.0990677773952484,0.1207617446780204,8.0,0.216533362865448,1.275159478187561,285.8895874023437,3.800667762756348,259.1614990234375,244.98977661132807,2.778182983398437,2.157024621963501,300.0,0.2274157255887985,0.132354165737828
20150521.0,0.2746572196483612,0.2800855636596679,0.2821891903877258,0.1982834041118621,0.1982004642486572,0.0725092068314552,0.0955534502863884,8.0,0.216533362865448,1.275159478187561,286.7206420898437,3.797980070114136,261.244140625,246.27862548828125,0.1685378104448318,2.607508420944214,300.0,0.1818489581346511,0.150130000710487
20150522.0,0.2597110867500305,0.2644451856613159,,0.1751841753721237,0.1778163909912109,,0.0601825006306171,8.0,0.216533362865448,1.275159478187561,287.5565185546875,3.796593189239502,263.46441650390625,249.23263549804688,0.0506921298801898,2.334269046783448,300.0,0.15430249273777,0.147774999340375
20150523.0,0.2523239254951477,0.2581146657466888,,,,,,,,,,,,,,,,,
20150524.0,0.25062096118927,0.2578288316726684,,0.1195453628897667,0.1279238611459732,0.0358285792171955,0.0550248734652996,8.0,0.216533362865448,1.275159478187561,290.30548095703125,3.793285608291626,269.8726806640625,257.0244140625,0.2958623468875885,2.124847412109375,300.0,0.1327969282865524,0.140241666386525
20150525.0,0.2481514066457748,0.2537411153316498,,,,,,,,,,,,,,,,,
20150526.0,0.2447124123573303,0.257781445980072,,,,0.0328718684613704,0.0475478395819664,,,,,,,,,,,,
20150527.0,0.2342739254236221,0.253576248884201,0.2690666019916534,0.1533132791519165,0.163753256201744,,0.0206610318273305,8.0,0.216533362865448,1.275159478187561,290.5595397949219,3.806807994842529,266.6327514648437,255.44175720214844,0.0008642672910355,2.996027708053589,300.0,0.1244935765862464,0.132191667333245
20150528.0,0.2227326333522796,0.2427870333194732,,,,,,,,,,,,,,,,,
20150529.0,0.2130371332168579,0.241108238697052,0.2407819926738739,0.1261236816644668,0.1406763941049575,0.0262089315801858,0.0428479872643947,8.0,0.216533362865448,1.275159478187561,290.3966064453125,3.8206052780151367,270.5331726074219,259.7074890136719,0.0034517417661845,2.5233469009399414,300.0,0.1285760998725891,0.126925001541773
20150530.0,0.2100062370300293,0.2377483546733856,0.2348137348890304,0.1164941042661666,0.1295524835586547,,,8.0,0.216533362865448,1.275159478187561,289.57867431640625,3.8276989459991455,271.3118896484375,259.8885498046875,0.7175276875495911,1.918118953704834,300.0,0.1317136585712433,0.124608334153891
20150531.0,0.2061873972415924,0.2345702201128006,,,,,0.0091860713437199,,,,,,,,,,,,
20150601.0,0.2040687948465347,0.2430952489376068,0.1979783624410629,0.0914674028754234,0.106889821588993,0.016373923048377,0.0027466658502817,8.0,0.216533362865448,1.275159478187561,291.3332214355469,3.842003583908081,275.06610107421875,264.3939208984375,0.8584203124046326,1.3945072889328003,300.0,0.1244624853134155,0.120745831169188
20150602.0,0.2027166187763214,0.2454396784305572,,,,,,,,,,,,,,,,,
20150603.0,0.1931972503662109,0.2357921749353408,,,,,,,,,,,,,,,,,
20150604.0,0.1837443560361862,0.2396854013204574,0.21621173620224,0.1030961871147155,0.1205002292990684,,,8.0,0.216533362865448,1.275159478187561,299.1196594238281,3.8637542724609375,275.92431640625,265.54364013671875,0.1046633198857307,3.006091833114624,300.0,0.1133206039667129,0.118604167364538
20150605.0,0.1748764365911483,0.2418382465839386,,,,,,,,,,,,,,,,,
20150606.0,0.1675065159797668,0.2270950525999069,0.1763568371534347,0.0927620157599449,0.1234072521328926,,0.0091555528342723,8.0,0.216533362865448,1.275159478187561,295.64404296875,3.878450393676758,276.56524658203125,269.3223571777344,0.0038879245985299,2.4758858680725098,300.0,0.1107250675559043,0.114550000677506
20150607.0,0.1620486378669738,0.2229630351066589,0.1879774034023285,0.096876174211502,0.1141541600227356,,,8.0,0.216533362865448,1.275159478187561,297.3482666015625,3.885915994644165,276.9657287597656,266.58404541015625,0.5575469136238098,2.8144803047180176,300.0,0.11605254560709,0.113141666476925
20150608.0,0.1702357232570648,0.2409190237522125,,,,,0.003082369454205,,,,,,,,,,,,
20150609.0,0.1823034137487411,0.2611292898654938,0.1739723980426788,0.1600680947303772,0.164774939417839,,,8.0,0.216533362865448,1.275159478187561,295.6088256835937,3.901681661605835,272.2392578125,257.9607849121094,0.2441080808639526,2.6189992427825928,300.0,0.1384688764810562,0.110433333553374
20150610.0,0.2887474000453949,0.2566513121128082,,,,,,,,,,,,,,,,,
20150611.0,0.2969259023666382,0.271898478269577,,,,0.0745025128126144,0.0575273893773555,,,,,,,,,,,,
20150612.0,0.3368241786956787,0.3083308935165405,0.2484998404979705,0.2358185946941375,0.2349356263875961,,,8.0,0.216533362865448,1.275159478187561,292.4027099609375,3.901048183441162,264.0820617675781,247.21658325195312,11.4439697265625,3.259246826171875,300.0,0.2039833813905716,0.110850000443558
20150613.0,0.3382924795150757,0.280513048171997,,,,0.0769438669085502,0.1313516646623611,,,,,,,,,,,,
20150614.0,0.3674251139163971,0.2835346460342407,0.2464899867773056,0.2890805602073669,0.2772088646888733,,0.0835291594266891,8.0,0.216533362865448,1.275159478187561,291.4851989746094,3.894531726837158,259.2327880859375,244.3233184814453,7.357278823852539,3.497888326644897,300.0,0.2246283292770385,0.118887499906123
20150615.0,0.3485834896564483,0.2572324573993683,0.2182588726282119,0.2088051736354828,0.208897054195404,,,8.0,0.216533362865448,1.275159478187561,290.6780700683594,3.8911073207855225,265.5087890625,249.97808837890625,4.892424583435059,3.173813581466675,300.0,0.1775207072496414,0.143636842307292
20150617.0,0.3385508060455322,0.3070104718208313,,,,,,,,,,,,,,,,,
20150618.0,0.3163563907146454,0.2726946175098419,,,,,0.1282998174428939,,,,,,,,,,,,
20150619.0,0.3110472857952118,0.2702305912971496,,,,0.0569494739174842,0.0407422110438346,,,,,,,,,,,,
20150620.0,0.3012215495109558,0.2502733469009399,0.2242870926856994,0.1701181977987289,0.1738994866609573,,,8.0,0.216533362865448,1.275159478187561,293.6540832519531,3.8741087913513184,269.046630859375,254.29788208007807,0.001708298921585,3.850008964538574,300.0,0.1509691476821899,0.165224997947613
20150621.0,0.2841599285602569,0.2381530255079269,,,,0.0504140332341194,0.0946989357471466,,,,,,,,,,,,
20150622.0,0.2694607377052307,0.2269609123468399,0.2016558051109314,,,,,,,,,,,,,,,,
20150623.0,0.255868911743164,0.2033555805683136,0.1943322420120239,0.1586175411939621,0.1749986410140991,,0.013122959062457,8.0,0.216533362865448,1.275159478187561,293.2103271484375,3.863999366760254,271.012451171875,261.74365234375,0.0,3.458941698074341,300.0,0.1155117005109787,0.127837500845393
20150624.0,0.2444962561130523,0.205586239695549,,,,0.021861582994461,0.0346995443105697,,,,,,,,,,,,
20150625.0,0.2330328524112701,0.1914005428552627,0.1698800027370453,0.1183348000049591,0.1202355250716209,,,8.0,0.216533362865448,1.275159478187561,295.5613098144531,3.857187986373901,276.0033264160156,261.0228881835937,0.0008523463620804,3.757532358169556,300.0,0.1292832642793655,0.115162500180304
20150626.0,0.2209067642688751,0.2001495510339737,,,,0.0186766106635332,0.0339365825057029,,,,,,,,,,,,
20150627.0,0.2114214301109314,0.211061805486679,,,,,,,,,,,,,,,,,
20150628.0,0.2026440799236297,0.1979455351829528,0.1704415082931518,0.1135503128170967,0.1335556507110595,,,8.0,0.216533362865448,1.275159478187561,298.06988525390625,3.850503444671631,276.8685302734375,267.0316162109375,0.0,3.4594931602478027,300.0,0.1109186634421348,0.108120833523571
20150629.0,0.1924105733633041,0.1995432525873184,,,,0.0112548638135194,0.0,,,,,,,,,,,,
20150630.0,0.1814324259757995,0.1853151321411132,0.1733488291501999,0.0993758589029312,0.1229827478528022,,,8.0,0.216533362865448,1.275159478187561,302.39208984375,3.846932411193848,278.93231201171875,269.8950500488281,0.0008583068847656,3.538043975830078,300.0,0.1098179444670677,0.107620831889411
20150701.0,0.1721071749925613,0.1917408108711242,0.1686847060918808,0.0976101160049438,0.1304817050695419,,,8.0,0.216533362865448,1.275159478187561,302.8094482421875,3.8451759815216064,279.73699951171875,272.6426696777344,0.8055405616760254,3.538896083831787,300.0,0.104064367711544,0.108463636176153
20150702.0,0.1690919995307922,0.2024912238121032,,,,,0.0041199987754225,,,,,,,,,,,,
20150703.0,0.1630323231220245,,0.1503545939922332,0.1095760464668273,0.1353279948234558,,,8.0,0.216533362865448,1.275159478187561,302.83868408203125,3.841669797897339,279.03912353515625,270.4569702148437,0.2877693772315979,3.276568651199341,300.0,0.1058193072676658,0.106912501777212
20150704.0,0.1545528322458267,0.1938764750957489,,,,,,,,,,,,,,,,,
20150705.0,0.1480477452278137,0.2131052911281585,,,,,,,,,,,,,,,,,
20150706.0,0.1425606608390808,0.1818392425775528,0.1476547867059707,0.1011863276362419,0.1271542161703109,,,8.0,0.216533362865448,1.275159478187561,301.1060791015625,3.836427927017212,279.7304077148437,271.1243896484375,0.0008559238631278,2.749408483505249,300.0,0.0990996733307838,0.108825001120567
20150707.0,0.1375971585512161,0.192106544971466,,,,0.0026194853708148,,,,,,,,,,,,,
20150708.0,0.1347882598638534,0.1890093088150024,0.1202595382928848,0.0983810573816299,0.1236934587359428,,,8.0,0.216533362865448,1.275159478187561,295.2290344238281,3.832945108413696,279.8265991210937,271.1058349609375,0.0654297694563865,2.0219762325286865,300.0,0.1064757257699966,0.109579166707893
20150709.0,0.1322477906942367,0.1668553203344345,0.1132625713944435,0.0989050343632698,0.1292685121297836,,3.051850944757461e-05,8.0,0.216533362865448,1.275159478187561,294.4698181152344,3.8311686515808105,277.2039794921875,269.6134033203125,0.001015483867377,2.133259057998657,300.0,0.1079355478286743,0.108412500470877
20150710.0,0.1286204606294632,0.1712383329868316,,,,,,,,,,,,,,,,,
20150711.0,0.1282393485307693,0.1827764362096786,0.1049782559275627,0.0941625982522964,0.1258223801851272,,0.0002441480755805,8.0,0.216533362865448,1.275159478187561,296.9872131347656,3.8271656036376953,278.95166015625,271.5504455566406,0.3413898944854736,2.0277931690216064,300.0,0.1009496450424194,0.108339131202387
20150712.0,0.1262696236371994,0.1845064610242843,,,,0.0052525224164128,0.011047700420022,,,,,,,,,,,,
20150713.0,0.1234201118350029,0.1749733388423919,,,,,,,,,,,,,,,,,
20150714.0,0.1207887083292007,0.1669239997863769,0.0898043662309646,0.0823770016431808,0.1190287321805954,0.0099675534293055,0.0080568864941596,8.0,0.216533362865448,1.275159478187561,297.355712890625,3.836835145950317,278.63250732421875,271.9032592773437,0.0012814997462555,2.1366782188415527,300.0,0.0996357351541519,0.109850000590086
20150715.0,0.1182365640997886,0.1743722707033157,,,,,3.051850944757461e-05,,,,,,,,,,,,
20150716.0,0.1167227551341056,0.1640118211507797,0.0964996814727783,0.0943306237459182,0.1279762983322143,,,8.0,0.216533362865448,1.275159478187561,302.20086669921875,3.8472883701324463,279.8440246582031,272.8109130859375,0.4810393154621124,2.2029829025268555,300.0,0.0943948253989219,0.108808332743744
20150717.0,0.1174430772662162,0.1650824397802353,0.0995101332664489,0.0936049297451973,0.118863508105278,,3.051850944757461e-05,8.0,0.216533362865448,1.275159478187561,300.6181945800781,3.852663040161133,281.52838134765625,272.771484375,0.3369841873645782,2.071924924850464,300.0,0.0935836210846901,0.108641666360199
20150718.0,0.133239284157753,0.1990808248519897,,,,,,,,,,,,,,,,,
20150719.0,0.1754279732704162,0.2026909291744232,0.1228047311305999,0.1640544235706329,0.1767144501209259,0.0167071465402841,0.0236823633313179,8.0,0.216533362865448,1.275159478187561,298.42578125,3.863476514816284,275.4212951660156,264.29559326171875,0.1123259663581848,2.218892335891724,300.0,0.1153232008218765,0.108404345810413
20150720.0,0.1639656722545623,0.1989872008562088,,,,,0.0148930326104164,,,,,,,,,,,,
20150721.0,0.1528561562299728,0.1918818652629852,,,,,,,,,,,,,,,,,
20150722.0,0.1500046700239181,0.1768042743206024,0.1520391106605529,0.1717956215143203,0.1829101890325546,0.0449034459888935,0.1116061881184578,8.0,0.216533362865448,1.275159478187561,297.3715515136719,3.879858732223511,275.9204406738281,264.45245361328125,1.2815358638763428,1.9811723232269287,300.0,0.1137706860899925,0.10678750059257
20150724.0,0.1402627974748611,0.1701171547174453,0.1294239163398742,0.1207740604877471,0.143118530511856,,0.0139774773269891,8.0,0.216533362865448,1.275159478187561,297.0688781738281,3.890888214111328,277.60308837890625,268.261962890625,0.1521019786596298,1.8248199224472048,300.0,0.1101643666625022,0.118645000830293
20150725.0,0.1376630514860153,0.1635506451129913,0.115273080766201,0.1175354719161987,0.1410244107246399,0.0078756092116236,0.0025635547935962,8.0,0.216533362865448,1.275159478187561,293.75909423828125,3.896444082260132,277.048095703125,267.963623046875,0.3678979277610779,1.5870230197906494,300.0,0.1134669035673141,0.118083332975705
20150726.0,0.133579209446907,0.1558115929365158,,,,,,,,,,,,,,,,,
20150727.0,0.1291986107826233,0.1821866780519485,0.1048970520496368,0.0923936665058136,0.1150550618767738,,0.0,8.0,0.216533362865448,1.275159478187561,295.3347473144531,3.907725334167481,278.9857788085937,269.7999267578125,0.0699905380606651,1.3942025899887085,300.0,0.1075147613883018,0.113745834367971
20150728.0,0.1271158158779144,0.1662952005863189,,,,,,,,,,,,,,,,,
20150729.0,0.1348351687192917,0.1792697012424469,,,,,,,,,,,,,,,,,
20150730.0,0.1431492269039154,0.1907204985618591,0.1154974326491355,0.1174102649092674,0.1448505371809005,0.0158293787389993,0.0142521439120173,8.0,0.216533362865448,1.275159478187561,292.4159545898437,3.921204090118408,274.6558837890625,266.605712890625,0.2086235284805297,1.3855373859405518,300.0,0.1181440129876136,0.122917392007683
20150731.0,0.1589630246162414,0.2054195255041122,,,,,,,,,,,,,,,,,
20150805.0,0.2044423818588256,0.2067273557186126,,,,,,,,,,,,,,,,,
20150806.0,0.1870407313108444,0.172785684466362,,,,,0.0,,,,,,,,,,,,
20150807.0,0.1739337295293808,0.1733801960945129,0.1302633732557296,0.1197377368807792,0.1402639299631118,,,8.0,0.216533362865448,1.275159478187561,298.2369689941406,3.9538984298706055,278.55010986328125,268.7894287109375,0.0970362648367881,1.9819780588150024,300.0,0.1089838743209838,0.128350000207623
20150808.0,0.2347413301467895,0.189958855509758,,,,,,,,,,,,,,,,,
20150809.0,0.2889554500579834,0.2676805257797241,0.1855838745832443,0.2233282029628753,0.2243344783782959,0.0610854141414165,0.1057771518826484,8.0,0.216533362865448,1.275159478187561,290.7686462402344,3.96216893196106,266.4262084960937,253.98692321777344,0.7699355483055115,1.5836389064788818,300.0,0.1548153609037399,0.149137500052651
20150811.0,0.2328075468540191,0.208500862121582,,,,,0.0646076872944831,,,,,,,,,,,,
20150812.0,0.2132930904626846,0.1866479367017746,0.1750643700361251,0.1559809148311615,0.1745896786451339,,0.0191045869141817,8.0,0.216533362865448,1.275159478187561,299.7922058105469,3.975233554840088,274.2013244628906,264.93798828125,0.7746121883392334,2.540982246398926,300.0,0.1249667406082153,0.150924999266863
20150813.0,0.3005460202693939,0.2332860827445984,,,,,,,,,,,,,,,,,
20150814.0,0.2980557978153229,0.2514466345310211,,,,0.1140244677662849,0.1972411274909973,,,,,,,,,,,,
20150815.0,0.2783239781856537,0.232871726155281,0.2214179337024688,0.2307439744472503,0.2312517017126083,,,8.0,0.216533362865448,1.275159478187561,291.2748107910156,3.972839832305908,265.43609619140625,253.37155151367188,0.9489673972129822,2.0402920246124268,300.0,0.1606905162334442,0.194245833903551
20150816.0,0.2586666941642761,0.2119941264390945,,,,,0.0471816174685955,,,,,,,,,,,,
20150817.0,0.2406805008649826,0.1862104386091232,0.1921878308057785,0.1924551576375961,0.200919508934021,0.0413031056523323,0.0500503554940223,8.0,0.216533362865448,1.275159478187561,292.86529541015625,3.967319250106812,268.3443603515625,257.4634094238281,0.0116829015314579,2.2334303855896,300.0,0.1388765573501587,0.178416666885217
20150818.0,0.22745181620121,0.1839601546525955,0.2033193558454513,0.1832864582538604,0.1964453011751175,,,8.0,0.216533362865448,1.275159478187561,292.79852294921875,3.964451789855957,269.1039428710937,259.67755126953125,0.0050160512328147,2.0390334129333496,300.0,0.1342386752367019,0.168458330134551
20150819.0,0.2155655771493911,0.1684428453445434,,,,0.0497681610286235,0.0641804262995719,,,,,,,,,,,,
20150820.0,0.2031560987234115,0.1566716432571411,0.1665464788675308,0.1316854655742645,0.157792866230011,,0.0091250343248248,8.0,0.216533362865448,1.275159478187561,295.274658203125,3.958732128143311,272.671142578125,264.6605224609375,0.0017136334208771,2.526056289672852,300.0,0.1229172796010971,0.139883332575361
20150821.0,0.1908272951841354,0.1607561707496643,,,,,,,,,,,,,,,,,
20150822.0,0.1838906854391098,0.1489550024271011,,,,0.0138843795284628,0.0100711081176996,,,,,,,,,,,,
20150823.0,0.2391676306724548,0.1881032437086105,0.2070225924253463,0.227887362241745,0.2285096496343612,,,8.0,0.216533362865448,1.275159478187561,293.77276611328125,3.950192451477051,268.7071838378906,257.25909423828125,5.465555191040039,2.818082571029663,300.0,0.1359040737152099,0.117333335181077
20150824.0,0.2331208437681198,0.1820246577262878,,,,0.0175134185701608,0.0430616177618503,,,,,,,,,,,,
20150825.0,0.220561146736145,0.1695827543735504,0.1778201609849929,0.1710171401500702,0.1890079230070114,,0.0212408825755119,8.0,0.216533362865448,1.275159478187561,293.7709655761719,3.944525241851807,269.26885986328125,260.9272766113281,0.0017225742340087,2.373424768447876,300.0,0.1285927295684814,0.115000000844399
20150826.0,0.2043490260839462,0.1584413349628448,0.1772855371236801,0.1134429350495338,0.1340598911046981,,,8.0,0.216533362865448,1.275159478187561,298.5345458984375,3.941678047180176,275.75860595703125,266.0790405273437,0.0141438413411378,2.631894826889038,300.0,0.1168911457061767,0.113391666983565
20150827.0,0.1900879740715026,0.1706260442733764,,,,0.0138844093307852,0.0255439933389425,,,,,,,,,,,,
20150903.0,0.2194034457206726,0.1819281131029129,,0.2797423303127289,0.2677311897277832,,0.0853297561407089,8.0,0.216533362865448,1.275159478187561,291.551513671875,3.939057588577272,263.4842529296875,252.47869873046875,1.6668578386306765,1.7222930192947388,300.0,0.1776502579450607,0.123749999950329
20150904.0,0.2107946127653122,0.198025032877922,,,,0.0703159943222999,0.0961638242006301,,,,,,,,,,,,
20150905.0,0.1998287588357925,0.1845863759517669,0.1662310361862182,0.2044995129108429,0.2151898443698883,,,8.0,0.216533362865448,1.275159478187561,290.0837707519531,3.941385269165039,266.0379638671875,257.97998046875,0.0193032063543796,1.357649326324463,300.0,0.1409696489572525,0.123250000178814
20150906.0,0.1906259059906005,0.1790499538183212,,,,0.0568424053490161,0.0967131555080413,,,,,,,,,,,,
20150907.0,0.1805327534675598,0.161790519952774,,,,,0.0076906643807888,,,,,,,,,,,,
20150908.0,0.1714066565036773,0.1744594722986221,0.1576695591211319,0.1626832038164138,0.1766588687896728,,,8.0,0.216533362865448,1.275159478187561,291.9525451660156,3.944883346557617,268.69110107421875,258.3751525878906,0.0012958926381543,1.6659553050994873,300.0,0.1367975920438766,0.1127916664506
20150909.0,0.1633207499980926,0.161194235086441,,,,0.0117614679038524,0.0334482863545417,,,,,,,,,,,,
20150910.0,0.173198714852333,0.168270394206047,0.1749515384435653,0.189421534538269,0.2022928297519683,,,8.0,0.216533362865448,1.275159478187561,294.0112609863281,3.947219848632813,268.880126953125,260.02935791015625,2.2890102863311768,2.0670299530029297,300.0,0.1249758601188659,0.109250000057121
20150912.0,0.2023721486330032,0.1845543682575225,,,,,0.0001220740377902,,,,,,,,,,,,
20150914.0,0.286474734544754,0.2147146463394165,,,,,0.0,,,,,,,,,,,,
20150915.0,0.2585131525993347,0.2060894817113876,,,,,,,,,,,,,,,,,
20150916.0,0.2758876383304596,0.2254020124673843,0.2120621651411056,0.2287694066762924,0.2289176881313324,,0.0961333066225051,8.0,0.216533362865448,1.275159478187561,294.3945617675781,3.949700355529785,265.0054931640625,252.4447021484375,4.07413911819458,3.241570949554444,300.0,0.1854197978973388,0.186583330854774
20150917.0,0.3180619776248932,0.2250673621892929,,,,0.0676512122154235,0.0762657523155212,,,,,,,,,,,,
20150918.0,0.2859270870685577,0.2334979027509689,0.2226890623569488,0.2552635967731476,0.2515654563903808,,,8.0,0.216533362865448,1.275159478187561,288.53399658203125,3.947645664215088,261.4517822265625,247.5431671142578,0.4375936090946197,1.7423832416534424,300.0,0.2183970957994461,0.201208331311742
20150919.0,0.2672363519668579,0.2094627320766449,,0.2280316352844238,0.2277142703533172,,0.1204565539956092,8.0,0.216533362865448,1.275159478187561,289.2870178222656,3.9465832710266113,263.1798095703125,250.67337036132807,0.3421216011047363,1.3562846183776855,300.0,0.1882275640964508,0.194458330670993
20150920.0,0.2535683810710907,0.2186497747898101,,,,,,,,,,,,,,,,,
20150921.0,0.2409021556377411,0.2339461743831634,0.1982555240392685,0.2344299703836441,0.2326158136129379,,0.0245674010366201,8.0,0.216533362865448,1.275159478187561,289.86895751953125,3.944460153579712,262.60260009765625,249.9727478027344,0.0085006076842546,1.701257348060608,300.0,0.1825349330902099,0.178958332786957
20150922.0,0.2378507256507873,0.2050611078739166,,,,0.0550390779972076,0.049867246299982,,,,,,,,,,,,
20150930.0,0.1951198279857635,0.1820778250694275,,,,,0.0349436923861503,,,,,,,,,,,,
20151001.0,0.1896933317184448,0.188954696059227,,,,,,,,,,,,,,,,,
20151002.0,0.1902390718460083,,0.173375979065895,0.1346093565225601,0.1554039865732193,0.0432292595505714,0.0390942096710205,8.0,0.216533362865448,1.275159478187561,288.4695129394531,3.9195072650909424,269.58349609375,260.6246337890625,1.6226996183395386,0.9886593818664552,300.0,0.1357908546924591,0.125791668271025
20151003.0,0.2209570258855819,0.2411803305149078,,,,,,,,,,,,,,,,,
20151004.0,0.2236593514680862,0.2014046460390091,,,,,0.0889614522457122,,,,,,,,,,,,
20151005.0,0.2259477376937866,0.2373826652765274,,0.1756377220153808,0.1870519965887069,0.0349536202847957,0.0580156855285167,8.0,0.216533362865448,1.275159478187561,293.7645568847656,3.8971776962280273,266.1337890625,256.285888671875,0.878288745880127,1.8719615936279297,300.0,0.1453049778938293,0.130416662742694
20151006.0,0.2572425901889801,0.2015289366245269,,,,,,,,,,,,,,,,,
20151007.0,0.2825781404972076,0.1979576051235199,0.199946328997612,0.1978810876607895,0.2037569284439087,0.0604886896908283,0.119876705110073,8.0,0.216533362865448,1.275159478187561,288.7304382324219,3.882343292236328,265.25701904296875,254.931396484375,0.4623328149318695,1.1978484392166138,300.0,0.1469159871339798,0.127958336224159
20151008.0,0.2622523307800293,0.2025189399719238,,,,,,,,,,,,,,,,,
20151009.0,0.2482686787843704,0.1870339512825012,,,,,0.0276497695595026,,,,,,,,,,,,
20151010.0,0.2368693351745605,0.1968024373054504,0.176255002617836,0.1649167537689209,0.1729765385389328,0.0479832552373409,0.0450758375227451,8.0,0.216533362865448,1.275159478187561,288.82037353515625,3.8603835105896,265.8457336425781,253.7241058349609,0.0008523463038727,1.4189841747283936,300.0,0.1461073160171508,0.12333333461235
20151011.0,0.2302572131156921,0.1918230950832367,,,,,,,,,,,,,,,,,
20151012.0,0.2398027032613754,0.1966593116521835,0.1755619794130325,0.1604163199663162,0.1743355244398117,0.0243260003626346,0.0402844324707984,8.0,0.216533362865448,1.275159478187561,289.7153625488281,3.845937490463257,267.9625244140625,258.0629577636719,9.036137580871582,1.4640434980392456,300.0,0.127446562051773,0.121750000864267
20151020.0,0.2664939165115356,,0.2114079445600509,0.219069555401802,0.2176531553268432,0.0863379910588264,0.0827967151999473,8.0,0.216533362865448,1.275159478187561,285.6121826171875,3.803354263305664,260.51739501953125,247.0802001953125,0.0008559525012969,1.08041250705719,300.0,0.203155368566513,0.181583330656091
20151021.0,0.2571633756160736,0.2087916731834411,0.2073913663625717,0.2085653394460678,0.2095010727643966,,,8.0,0.216533362865448,1.275159478187561,283.4105224609375,3.799839973449707,259.9668273925781,248.07061767578125,0.0147541332989931,0.6800259351730347,300.0,0.2106010615825653,0.179916673029462
20151022.0,0.2521309554576874,0.2154822945594787,,,,0.0523907393217086,0.0833155289292335,,,,,,,,,,,,
20151023.0,0.2482697963714599,0.2183654755353927,0.1942261159420013,,,0.0042344289831817,0.0380260646343231,,,,,,,,,,,,
20151024.0,0.242559552192688,0.2291559278964996,,,,,,,,,,,,,,,,,
20151025.0,0.2380160242319107,0.2111450135707855,,,,0.0620488971471786,0.1244850009679794,,,,,,,,,,,,
20151026.0,0.2330651134252548,0.215191900730133,0.2159474343061447,0.2041673511266708,0.2063170969486236,,,8.0,0.216533362865448,1.275159478187561,289.4311218261719,3.782417297363281,262.2860412597656,251.08120727539065,0.0,1.0458279848098757,300.0,0.1692332476377487,0.175166664024194
20151027.0,0.2476811408996582,0.2104539722204208,,,,,0.0411084331572055,,,,,,,,,,,,
20151028.0,0.3120467364788055,0.244532510638237,0.229541003704071,0.2462743520736694,0.2378897964954376,0.0801659896969795,0.0796533077955246,8.0,0.216533362865448,1.275159478187561,285.65576171875,3.77551794052124,259.51904296875,248.3502960205078,0.1625437438488006,1.3526803255081177,300.0,0.1905397921800613,0.172499999403954
20151030.0,0.2703256905078888,0.222075805068016,,,,0.0840078890323638,0.1350749284029007,,,,,,,,,,,,
20151031.0,,,,,,,,8.0,0.216533362865448,1.275159478187561,289.763916015625,3.765198230743408,263.8867492675781,248.7865753173828,0.0008523463038727,1.123176336288452,300.0,0.1736461222171783,0.171166670819124
20151101.0,0.2519446015357971,0.2119195759296417,,,,,,,,,,,,,,,,,
20151102.0,0.250291496515274,0.2238318622112274,,,,0.080333687365055,0.0992767140269279,,,,,,,,,,,,
20151103.0,0.2880637347698211,,0.2232020795345306,0.1949232369661331,0.1994204670190811,,,8.0,0.216533362865448,1.275159478187561,287.6264038085937,3.756179571151733,263.3350830078125,252.7833709716797,0.4920641779899597,0.9575147032737732,300.0,0.1566975563764572,0.163000002503395
20151104.0,0.2751277983188629,0.242255300283432,,,,0.0589964799582958,0.073152869939804,,,,,,,,,,,,
20151105.0,0.2648230791091919,0.2119942605495453,0.2183288484811782,0.2021127939224243,0.2054722607135772,,0.0690633878111839,8.0,0.216533362865448,1.275159478187561,289.0263671875,3.750512361526489,262.40447998046875,252.4262542724609,0.2210758179426193,0.9838335514068604,300.0,0.1633868962526321,0.161291665708025
20151106.0,0.2585858106613159,0.2281627207994461,,0.1918631643056869,0.1971492916345596,,,8.0,0.216533362865448,1.275159478187561,291.1962890625,3.7476983070373535,264.271728515625,253.9139709472656,0.1281048953533172,1.078785061836243,300.0,0.1483069062232971,0.159958332777023
20151107.0,0.251559317111969,0.2356710433959961,,,,,0.0828577503561973,,,,,,,,,,,,
20151108.0,0.24580779671669,0.2296184003353119,0.2206118404865265,0.1965639889240265,0.1992227435111999,,,8.0,0.216533362865448,1.275159478187561,288.8296813964844,3.7420907020568848,264.32037353515625,252.87203979492188,0.0,0.8881462812423706,300.0,0.1621027588844299,0.155000001192093
20151109.0,0.2417263835668563,0.2119160145521164,,,,0.0568884126842021,0.0668660551309585,,,,,,,,,,,,
20151110.0,0.2389248609542846,,,,,,0.0112308114767074,,,,,,,,,,,,
20151111.0,0.2362746894359588,0.2004210501909256,0.2030393183231353,0.1790628135204315,0.1881005465984344,,,8.0,0.216533362865448,1.275159478187561,285.2879333496094,3.733732223510742,263.8487548828125,254.2583923339844,0.0025775583926588,0.585155725479126,300.0,0.165685623884201,0.152374995872378
20151112.0,0.2342014014720916,0.199169784784317,,,,0.0273649096488952,0.0753807201981544,,,,,,,,,,,,
20151113.0,0.2334351539611816,0.1989453881978988,0.1938351392745971,0.1437731087207794,0.1595696955919265,,,8.0,0.216533362865448,1.275159478187561,285.4075622558594,3.728194713592529,265.39361572265625,255.79934692382807,0.1702741384506225,0.3322846889495849,300.0,0.1567419916391372,0.152249995619059
20151114.0,0.2326239347457885,0.2194704413414001,,0.1699830591678619,0.1801027506589889,,0.0440382100641727,8.0,0.216533362865448,1.275159478187561,285.4353332519531,3.725419998168945,263.79449462890625,253.8507843017578,0.0064300345256924,0.5450838208198547,300.0,0.1674728542566299,0.151833328107993
20151115.0,0.2298305183649063,,,,,0.0481777340173721,0.0333567298948764,,,,,,,,,,,,
20151116.0,0.2285465747117996,,0.192827045917511,0.141428992152214,0.1556502282619476,,,8.0,0.216533362865448,1.275159478187561,282.7403259277344,3.7196996212005615,264.8641967773437,254.64096069335932,0.1076140329241752,0.2148681432008743,300.0,0.1517417877912521,0.15134782311709
20151117.0,0.2278665453195572,,,,,0.0167758613824844,0.0387890264391899,,,,,,,,,,,,
20151118.0,0.2258562743663787,0.2218515276908874,,,,,,,,,,,,,,,,,
20151119.0,0.2267336100339889,0.2196610271930694,0.1971760541200637,0.1449417918920517,0.1624833792448043,,0.0564592443406581,8.0,0.216533362865448,1.275159478187561,288.2312316894531,3.7177207469940186,266.56475830078125,257.7089233398437,0.6641253232955933,0.5539816617965698,300.0,0.1528521627187729,0.148583336422841
20151120.0,0.2276382595300674,0.2150048613548278,,,,0.0557348988950252,0.0462050251662731,,,,,,,,,,,,
20151122.0,0.3243759274482727,,0.2264898270368576,0.2843846678733825,0.2629760801792145,0.0858862325549125,0.107150487601757,8.0,0.216533362865448,1.275159478187561,277.9559631347656,3.7182576656341553,252.60272216796875,241.1820678710937,0.0019383243052288,0.6746624112129211,300.0,0.2791026830673218,0.195458328351378
20151125.0,0.3430655896663666,0.2755290567874908,,,,,0.0942411571741104,,,,,,,,,,,,
20151126.0,0.3359151780605316,0.3080067038536072,,,,,,,,,,,,,,,,,
20151127.0,0.3221811354160309,0.2652206718921661,0.2275694906711578,0.2246413230895996,0.2194982022047042,0.0744321048259735,0.1018402650952339,8.0,0.216533362865448,1.275159478187561,280.18072509765625,3.719313383102417,255.4509429931641,242.3526611328125,0.619356095790863,0.711245059967041,300.0,0.2749810814857483,0.207625003531575
20151128.0,0.3194351196289062,0.2713997662067413,,,,,0.0637226477265358,,,,,,,,,,,,
20151129.0,0.3091624677181244,0.2632055580615997,0.2428804188966751,0.2264225780963897,0.2215084880590438,,,8.0,0.216533362865448,1.275159478187561,282.6318664550781,3.719735860824585,255.02003479003903,240.505599975586,0.0615501813590526,0.5844696164131165,300.0,0.2714886963367462,0.207000002264977
20151130.0,0.3026361167430877,0.2562259435653686,0.2431077659130096,0.2509707808494568,0.2390593439340591,0.0792097151279449,0.1325418800115585,8.0,0.216533362865448,1.275159478187561,281.13189697265625,3.719947338104248,253.1127014160156,240.87356567382807,0.0017195938853546,0.4539066851139068,300.0,0.2749366164207458,0.204708330954115
20151201.0,0.2978538572788238,,,,,,,,,,,,,,,,,,
20151202.0,0.2941304445266723,0.2479342967271804,,0.2281202524900436,0.222420334815979,,0.0965300425887107,8.0,0.216533362865448,1.275159478187561,278.3405456542969,3.7203688621521,254.1979217529297,240.07327270507807,0.0030123889446258,0.3253561556339264,300.0,0.2813959717750549,0.19941666846474
20151203.0,0.2903767228126526,,,,,0.0642189159989357,0.041688285768032,,,,,,,,,,,,
20151204.0,0.2871282994747162,0.2706451416015625,,,,,,,,,,,,,,,,,
20151205.0,0.2852728068828583,0.2599371671676636,,,,0.0958120971918106,0.1353190690279007,,,,,,,,,,,,
20151206.0,0.281880646944046,0.2609433829784393,,,,,,,,,,,,,,,,,
20151207.0,0.2783381640911102,,0.2479777038097381,0.2142199873924255,0.2107828855514526,,0.0458998382091522,8.0,0.216533362865448,1.275159478187561,283.9539489746094,3.721486568450928,256.77703857421875,245.21749877929688,0.0008523463038727,0.5020357370376587,300.0,0.2408470660448074,0.195499993860722
20151208.0,0.280115008354187,,0.2399003803730011,0.2134261131286621,0.210419699549675,0.0744733065366745,0.0687276870012283,8.0,0.216533362865448,1.275159478187561,283.4281921386719,3.721713066101074,256.8017578125,245.78814697265625,2.013471841812134,0.5581585764884949,300.0,0.2546826303005218,0.194041671852271
20151209.0,0.2887159585952759,,,,,,,,,,,,,,,,,,
20151210.0,0.2825695276260376,0.2435507774353027,0.2427401691675186,0.242459550499916,0.2320839166641235,0.0850827172398567,0.0913113802671432,8.0,0.216533362865448,1.275159478187561,279.9964599609375,3.722165822982788,253.2732391357422,240.73486328125,0.0010095234028995,0.4455192387104034,300.0,0.277477890253067,0.191666667660077
20151211.0,0.2783802151679992,0.2494159340858459,,,,,0.0726035311818122,,,,,,,,,,,,
20151212.0,0.2751297354698181,,,,,,,,,,,,,,,,,,
20151213.0,0.2719923555850982,,0.241789773106575,0.2393110990524292,0.2295562624931335,0.0689245536923408,0.0628376081585884,8.0,0.216533362865448,1.275159478187561,280.1058044433594,3.7228457927703857,253.21292114257807,240.7710876464844,0.0016927155666053,0.4328191578388214,300.0,0.2771990597248077,0.187041668842236
20151214.0,0.2691254913806915,,,,,,,,,,,,,,,,,,
20151215.0,0.2664999961853027,0.2688029110431671,,,,0.0585433319211006,0.0799279734492302,,,,,,,,,,,,
20151217.0,0.2627462744712829,0.2465871274471283,,,,,,,,,,,,,,,,,
20151218.0,0.2609403729438782,,0.2367656677961349,0.2103421688079834,0.2076200693845749,0.0691509619355201,0.1033967137336731,8.0,0.216533362865448,1.275159478187561,284.18096923828125,3.723842144012451,257.816650390625,246.04595947265625,0.0008583068847656,0.3948047161102295,300.0,0.2318362444639206,0.183541666095455
20151219.0,0.2582176625728607,0.2381924837827682,,,,,,,,,,,,,,,,,
20151220.0,0.2556396722793579,0.2599834501743316,,,,,0.0910672321915626,,,,,,,,,,,,
20151221.0,0.2543662190437317,0.2548142373561859,,0.2125644832849502,0.2098599523305893,0.0643465220928192,0.0704672411084175,8.0,0.216533362865448,1.275159478187561,283.8917541503906,3.728093147277832,257.93463134765625,246.9471893310547,0.021495409309864,0.3940650522708893,300.0,0.2273560464382171,0.180874998370806
20151222.0,0.2529249191284179,,,,,,,,,,,,,,,,,,
20151223.0,0.2577807009220123,0.2378282099962234,0.2282245308160781,0.2020022571086883,0.2014912068843841,0.0670181512832641,0.1030915230512619,8.0,0.216533362865448,1.275159478187561,281.64910888671875,3.731883049011232,257.9613647460937,246.33840942382807,0.9138604998588562,0.4103653728961944,300.0,0.2468514889478683,0.178791671370467
20151224.0,0.2591149508953094,,0.2165492922067642,0.1898668855428695,0.1930204778909683,,,8.0,0.216533362865448,1.275159478187561,282.4573059082031,3.7338109016418457,258.3167724609375,247.5282287597656,0.0008523463038727,0.3810593783855438,300.0,0.2235182225704193,0.177875002846122
20151225.0,0.2563014328479767,,,,,,0.0806299000978469,,,,,,,,,,,,
20151226.0,0.2540858685970306,,0.2244820892810821,0.2030116617679596,0.2025794088840484,0.0794503316283226,0.0778222009539604,8.0,0.216533362865448,1.275159478187561,282.86700439453125,3.73767614364624,257.51129150390625,245.987045288086,0.0008523463038727,0.3285815715789795,300.0,0.2379974871873855,0.175874998793006
20151227.0,0.2520209848880768,0.2321057915687561,,,,,,,,,,,,,,,,,
20151228.0,0.2494819164276123,,,,,0.0802851691842079,0.0903958231210708,,,,,,,,,,,,
20151229.0,0.2757720053195953,0.2501598596572876,0.2398927509784698,0.2116324007511139,0.2105642855167389,,0.0812707915902137,8.0,0.216533362865448,1.275159478187561,283.209716796875,3.743520736694336,257.13385009765625,247.133529663086,1.4934563636779783,0.8560268878936768,300.0,0.2441723644733429,0.17513043206671
20151230.0,0.2692578136920929,0.261890172958374,,,,,,,,,,,,,,,,,
20151231.0,0.2870519459247589,0.2801794409751892,0.2451738119125366,0.1918161809444427,0.1941224187612533,0.0774375572800636,0.0725730136036872,8.0,0.216533362865448,1.275159478187561,282.5806884765625,3.747720241546631,258.90283203125,247.3758850097656,1.2606230974197388,0.552043616771698,300.0,0.2352945059537887,0.174999997019768
20160101.0,0.2808992564678192,0.2468561977148056,0.2339401692152023,0.2146984785795211,0.2121088206768036,,,8.0,0.216533362865448,1.275159478187561,280.3583068847656,3.7489230632781982,256.06378173828125,244.83009338378903,4.6984686851501465,0.4333617091178894,300.0,0.2647509574890136,0.174708329762022
20160103.0,0.3384304940700531,0.2762444317340851,0.2583310306072235,0.2331140637397766,0.226999431848526,,0.1284218877553939,8.0,0.216533362865448,1.275159478187561,280.56451416015625,3.745240211486816,254.4474334716797,240.4381103515625,15.130268096923828,1.4262890815734863,300.0,0.2920568287372589,0.232833333313465
20160104.0,0.3680521845817566,,,,,,,,,,,,,,,,,,
20160105.0,0.3575676083564758,,,,,0.1188913658261299,0.1544541716575622,,,,,,,,,,,,
20160106.0,0.3768529593944549,0.2991314232349396,0.298094630241394,0.3992384374141693,0.3480245769023895,,,8.0,0.216533362865448,1.275159478187561,280.2289428710937,3.7394185066223145,243.34017944335932,230.79461669921875,20.33271598815918,2.869539260864258,300.0,0.3391154110431671,0.27794737094327
20160107.0,0.3864091336727142,0.3283126950263977,,,,,0.3217261135578155,,,,,,,,,,,,
20160108.0,0.3743093907833099,0.3298432826995849,0.2895979583263397,0.2938738465309143,0.2707552313804626,0.1064850687980651,0.0904873833060264,8.0,0.216533362865448,1.275159478187561,285.7782287597656,3.735469341278076,251.3966827392578,238.7337951660156,9.029870986938477,1.2567721605300903,300.0,0.3157684803009033,0.262374999622504
20160109.0,0.3713602423667907,0.3030957281589508,0.2952628135681152,0.3013124167919159,0.2887429893016815,,,8.0,0.216533362865448,1.275159478187561,283.97869873046875,3.733500242233277,250.323471069336,234.0025329589844,3.505601167678833,0.937338650226593,300.0,0.323779433965683,0.257666663577159
20160110.0,0.3905963897705078,0.3005107939243316,,,,0.1881721019744873,0.3321024179458618,,,,,,,,,,,,
20160111.0,0.3881309032440185,0.2934824824333191,0.2876364588737488,0.3232554793357849,0.2898215651512146,,,8.0,0.216533362865448,1.275159478187561,281.82208251953125,3.729572057723999,249.30523681640625,236.78260803222656,11.92591381072998,2.9277994632720947,300.0,0.3037376999855041,0.27337500328819
20160112.0,0.3792080879211426,0.2845214307308197,,,,,0.2153386026620865,,,,,,,,,,,,
20160113.0,0.3656446933746338,0.3028947114944458,,,,0.1508035212755203,0.1796929836273193,,,,,,,,,,,,
20160114.0,0.3780484795570373,0.2930879592895508,0.3233817517757416,0.2410103976726532,0.2384337782859802,,,8.0,0.216533362865448,1.275159478187561,280.4437561035156,3.723686695098877,252.23287963867188,234.34230041503903,8.509156227111816,1.4091894626617432,300.0,0.3184410631656647,0.257041661689679
20160115.0,0.3624313175678253,0.2995483577251434,,,,0.1660035699605941,0.2377697080373764,,,,,,,,,,,,
20160120.0,0.3506245613098144,0.2938240170478821,,,,0.1277391612529754,0.2726218402385711,,,,,,,,,,,,
20160121.0,0.343181848526001,,,,,,3.051850944757461e-05,,,,,,,,,,,,
20160122.0,0.3514997661113739,0.3061727881431579,0.3222220540046692,0.3227221369743347,0.2889144122600555,,,8.0,0.216533362865448,1.275159478187561,279.5805969238281,3.726171970367432,246.31561279296875,234.259033203125,4.356006622314453,0.4651779234409332,300.0,0.331964910030365,0.244909088042649
20160123.0,0.3520955741405487,0.3178783059120178,,,,0.1211134046316146,0.1274452954530716,,,,,,,,,,,,
20160124.0,0.3418805003166199,0.3126549422740936,0.3245724737644195,0.2695899605751037,0.2596359848976135,,,8.0,0.216533362865448,1.275159478187561,282.8186950683594,3.7295098304748535,251.26876831054688,235.4239196777344,0.0009641370270401,0.6915291547775269,300.0,0.2912430167198181,0.24674999838074
20160125.0,0.3357254266738891,,0.3286568522453308,0.3168135285377502,0.2855687439441681,,0.2155217081308365,8.0,0.216533362865448,1.275159478187561,284.0914001464844,3.731182813644409,248.8458251953125,236.72946166992188,0.0,0.6883546710014343,300.0,0.2979982197284698,0.239583331470688
20160126.0,0.3322839736938476,0.300477534532547,,,,0.0834561809897422,0.0909451618790626,,,,,,,,,,,,
20160127.0,0.3292699754238128,0.3092767000198364,0.3251694142818451,0.2587276697158813,0.2451020330190658,,,8.0,0.216533362865448,1.275159478187561,283.4052734375,3.7345361709594727,253.1496734619141,240.0955810546875,0.0008523463038727,0.4514884650707245,300.0,0.2807539105415344,0.232374996567766
20160128.0,0.3278793692588806,,,,,0.1274235695600509,0.1813714951276779,,,,,,,,,,,,
20160129.0,0.3306397497653961,0.3152649700641632,,,,,,,,,,,,,,,,,
20160130.0,0.3245537877082824,0.2984293401241302,0.3290263712406158,0.2987220585346222,0.2783738076686859,,0.1576586216688156,8.0,0.216533362865448,1.275159478187561,280.0371398925781,3.739648103713989,249.16357421875,235.0634307861328,0.662573516368866,0.8829723000526428,300.0,0.3105998933315277,0.229291669403513
20160202.0,0.327133446931839,0.3002972304821014,,0.3001759350299835,0.2749707102775574,0.1480193138122558,0.2240058630704879,8.0,0.216533362865448,1.275159478187561,283.1566162109375,3.743391513824463,251.6014404296875,238.85484313964844,0.2727658450603485,0.4399598836898803,300.0,0.2930658459663391,0.243125000968575
20160203.0,0.3350748121738434,0.3020544648170471,,,,,,,,,,,,,,,,,
20160204.0,0.328530877828598,0.2941426634788513,0.3330569565296173,0.3225450813770294,0.2908523976802826,,,8.0,0.216533362865448,1.275159478187561,279.144775390625,3.724573373794556,247.3002014160156,234.8243408203125,0.0526882782578468,0.6747833490371704,300.0,0.3049124181270599,0.249124995743235
20160205.0,0.3223601281642914,0.2917660474777221,,,,0.1380282193422317,0.1471602469682693,,,,,,,,,,,,
20160206.0,0.3180797696113586,0.2864055633544922,,,,,,,,,,,,,,,,,
20160207.0,0.3670097291469574,,0.344084233045578,0.3117221891880035,0.2836760282516479,0.1543833464384079,0.2834559082984924,8.0,0.216533362865448,1.275159478187561,280.7559509277344,3.696038722991944,248.85096740722656,236.0067596435547,10.675811767578123,2.3323309421539307,300.0,0.3247301280498504,0.266374997794628
20160208.0,0.348427802324295,0.3067358732223511,,,,,0.2346873432397842,,,,,,,,,,,,
20160209.0,0.3730989098548889,0.3084784150123596,0.3462646901607513,0.2863253653049469,0.267504334449768,,,8.0,0.216533362865448,1.275159478187561,282.1068115234375,3.677205801010132,251.08724975585932,237.05862426757807,22.9433822631836,2.8157663345336914,300.0,0.2854834198951721,0.284000001847744
20160210.0,0.3869512677192688,,0.3577284812927246,0.3569768369197845,0.3216072916984558,0.1009452790021896,0.2074343115091323,8.0,0.216533362865448,1.275159478187561,278.6468811035156,3.6679208278656006,244.9203186035156,230.95199584960932,8.084232330322266,1.3280366659164429,300.0,0.3355799317359924,0.297541668017705
20160211.0,0.3729459941387176,0.3219902515411377,,,,,,,,,,,,,,,,,
20160212.0,0.3871462047100067,0.3109213709831238,0.3665294051170349,0.350652813911438,0.3194168508052826,,0.4502395689487457,8.0,0.216533362865448,1.275159478187561,282.4109191894531,3.649614334106445,244.7289428710937,230.2011566162109,16.58121681213379,2.741689682006836,300.0,0.3169743120670318,0.293374999115864
20160213.0,0.3875600695610046,0.3332865834236145,,,,0.1827474981546402,0.1531724035739898,,,,,,,,,,,,
20160214.0,0.3892543911933899,,,,,,,,,,,,,,,,,,
20160215.0,0.3754265904426574,0.3090758025646209,0.3573181331157684,0.3595914244651794,0.3181023895740509,0.1914481818675995,0.2475051134824752,8.0,0.216533362865448,1.275159478187561,276.8085632324219,3.6227424144744873,244.7279052734375,231.51754760742188,1.5244321823120115,1.211073398590088,300.0,0.3328185975551605,0.27312499905626
20160216.0,0.36076420545578,0.3075173497200012,,,,,,,,,,,,,,,,,
20160225.0,0.3612974286079407,0.31142657995224,0.3605303466320038,0.2935554683208465,0.2704911530017853,0.119607999920845,0.1730399429798126,8.0,0.216533362865448,1.275159478187561,281.1925354003906,3.625249147415161,250.11764526367188,236.4171905517578,10.914875030517578,1.886946439743042,300.0,0.3192855715751648,0.257041662310561
20160226.0,0.3568693399429321,0.296000599861145,0.3625902831554413,0.3476677238941192,0.3026029467582702,,0.1157567054033279,8.0,0.216533362865448,1.275159478187561,280.2270812988281,3.629390239715576,246.13479614257807,234.40625,0.1065829768776893,1.1082470417022705,300.0,0.3120526671409607,0.260869562625885
20160227.0,0.3666221499443054,,,,,,,,,,,,,,,,,,
20160228.0,0.3655209541320801,0.2988169491291046,0.3580821752548218,0.2963653206825256,0.2700845599174499,0.112687848508358,0.1244850009679794,8.0,0.216533362865448,1.275159478187561,279.2320251464844,3.637729644775391,248.14877319335932,235.7577667236328,2.7336013317108154,1.2820900678634644,300.0,0.3382235467433929,0.263624993463357
20160229.0,0.3534697890281677,0.3080424964427948,,,,,,,,,,,,,,,,,
20160301.0,0.34506556391716,0.2981541156768799,,,,,0.1331217437982559,,,,,,,,,,,,
20160302.0,0.3614037334918976,0.318331629037857,0.3758709728717804,0.2875640392303467,0.2644549608230591,0.0977461859583854,0.1087374463677406,8.0,0.216533362865448,1.275159478187561,281.76983642578125,3.650418281555176,249.2669219970703,236.8162841796875,7.120913982391357,2.3166325092315674,300.0,0.3201269507408142,0.266166667764386
20160303.0,0.3636025488376617,0.3120332360267639,,,,,,,,,,,,,,,,,
20160304.0,0.3715858459472656,0.3170298337936401,0.3752665519714355,0.3091605007648468,0.2936808466911316,0.1785393059253692,0.3367107212543487,8.0,0.216533362865448,1.275159478187561,282.6214294433594,3.6594467163085938,247.2676696777344,231.28448486328125,12.016119956970217,2.526041507720948,300.0,0.306344985961914,0.297124996781349
20160305.0,0.3816449642181396,0.3090733885765075,0.3844701647758484,0.3777129054069519,0.3441954851150512,,,8.0,0.216533362865448,1.275159478187561,279.0193176269531,3.6624984741210938,242.64352416992188,227.781478881836,9.127812385559082,2.288140058517456,300.0,0.33608478307724,0.311916663000981
20160306.0,0.3736585974693298,0.3054019510746002,,,,,0.2267830371856689,,,,,,,,,,,,
20160307.0,0.3788964748382568,0.3076071441173553,0.379956305027008,0.3648735582828522,0.3169291913509369,0.1584467142820358,0.2126529812812805,8.0,0.216533362865448,1.275159478187561,278.5589599609375,3.658531188964844,244.02767944335932,232.20877075195312,4.848132610321045,1.3455208539962769,300.0,0.3381207883358001,0.278499998152256
20160315.0,,,,,,,,8.0,0.216533362865448,1.275159478187561,281.3482360839844,3.6410880088806152,248.21548461914065,232.44625854492188,0.095091164112091,1.209170699119568,300.0,0.3002386689186096,0.232791665320595
20160316.0,0.3284235298633575,0.3026438951492309,,,,,,,,,,,,,,,,,
20160317.0,0.3256731331348419,0.2921740412712097,,,,0.0712677836418151,0.0973540470004081,,,,,,,,,,,,
20160318.0,0.3214110434055328,0.2927514612674713,,0.2600226700305938,0.2532128393650055,,,8.0,0.216533362865448,1.275159478187561,279.5873718261719,3.634507656097412,249.53759765625,232.9717254638672,0.1675878912210464,1.0176395177841189,300.0,0.2951813638210296,0.221625001480182
20160319.0,0.3204907476902008,0.3018743693828583,,,,0.0979403033852577,0.1226844117045402,,,,,,,,,,,,
20160320.0,0.3562462627887726,,0.3610907793045044,0.2300387322902679,0.2220484018325805,0.0502524338662624,0.0482192449271678,8.0,0.216533362865448,1.275159478187561,283.3919372558594,3.629548788070679,254.29409790039065,242.34048461914065,4.5455427169799805,1.7161688804626465,300.0,0.2834910154342651,0.215666670973102
20160321.0,0.3430070579051971,0.3057901859283447,0.3617623150348663,0.2295187711715698,0.2230118513107299,,,8.0,0.216533362865448,1.275159478187561,282.7853698730469,3.628960371017456,254.74346923828125,240.1458740234375,0.3427505791187286,1.4961891174316406,300.0,0.2602775990962982,0.213833334545294
20160322.0,0.3314767181873321,0.2959131002426147,,,,0.1240981742739677,0.1792046874761581,,,,,,,,,,,,
20160323.0,0.3230477571487427,0.2956823408603668,0.361082375049591,0.2682287395000458,0.2554033994674682,,,8.0,0.216533362865448,1.275159478187561,282.1031799316406,3.640575408935547,250.91976928710932,235.96295166015625,0.0008523463038727,1.6463115215301514,300.0,0.2806279063224792,0.204875001683831
20160324.0,0.3172012567520141,0.2920717000961303,,,,,0.1119418963789939,,,,,,,,,,,,
20160325.0,0.3202104270458221,,,,,0.0979015529155731,0.071962647140026,,,,,,,,,,,,
20160326.0,0.3180537223815918,0.3019320964813232,0.3609768450260162,0.2078903913497924,0.2065676599740982,,,8.0,0.216533362865448,1.275159478187561,286.97412109375,3.658971548080444,256.48565673828125,239.57247924804688,0.6795138120651245,2.025443315505981,300.0,0.243774801492691,0.191333332409461
20160327.0,0.3211585581302643,0.2881904542446136,,,,0.108182206749916,0.1526841074228286,,,,,,,,,,,,
20160328.0,0.3137057423591614,0.3016323447227478,0.3667885065078735,0.235927328467369,0.2284056097269058,,,8.0,0.216533362865448,1.275159478187561,286.2254638671875,3.671623945236206,255.7904357910156,241.432357788086,0.5353631377220154,2.1441643238067627,300.0,0.2496120035648346,0.184666668375333
20160329.0,0.3303396999835968,0.2928402423858642,0.3507356643676758,0.1913576275110244,0.1915719211101532,,,8.0,0.216533362865448,1.275159478187561,284.8959350585937,3.678012132644653,260.15631103515625,246.6893310546875,5.235311508178711,1.919151306152344,300.0,0.1979003995656967,0.182083329806725
20160330.0,0.3248050808906555,0.3005844354629516,,,,0.0970662608742713,0.1054719686508178,,,,,,,,,,,,
20160331.0,0.3415204584598541,,0.3522529006004333,0.2462377697229385,0.2345810979604721,,,8.0,0.216533362865448,1.275159478187561,282.5411071777344,3.69091272354126,257.2203674316406,245.5816345214844,7.037158489227295,1.8493472337722776,300.0,0.2349573820829391,0.191250004495184
20160401.0,0.3351134061813354,0.2929691970348358,,,,0.1147103831171989,0.1927243918180465,,,,,,,,,,,,
20160402.0,0.3222270309925079,0.2966004014015198,,,,,0.1133457422256469,,,,,,,,,,,,
20160403.0,0.3173375129699707,0.2965129613876343,0.3637150228023529,0.2460272014141082,0.2364394217729568,,,8.0,0.216533362865448,1.275159478187561,287.2225341796875,3.7106003761291504,255.31149291992188,241.81300354003903,1.645854949951172,2.329702377319336,300.0,0.2554234564304352,0.233666668956478
20160404.0,0.3238098621368408,0.3035476803779602,,,,,0.0923490077257156,,,,,,,,,,,,
20160405.0,0.3412700593471527,0.2984806001186371,0.3574057221412658,0.2672201991081238,0.2500051259994507,,,8.0,0.216533362865448,1.275159478187561,284.3672790527344,3.7242937088012695,254.78988647460932,243.4566650390625,1.3977041244506836,1.7583608627319336,300.0,0.2777995467185974,0.234608698150386
20160406.0,0.3246825337409973,0.3016789555549621,0.3600577712059021,0.2580311298370361,0.2451298236846923,,,8.0,0.216533362865448,1.275159478187561,283.4591369628906,3.730061531066896,254.07000732421875,241.2098388671875,0.00791194755584,1.4560357332229614,300.0,0.2671207785606384,0.235041667396824
20160407.0,0.3245309591293335,0.2914947867393493,,,,,0.0909451618790626,,,,,,,,,,,,
20160408.0,0.3269911110401153,0.3024114966392517,0.3484057784080505,0.2748219966888428,0.2561113238334656,,,8.0,0.216533362865448,1.275159478187561,280.8291015625,3.733905792236328,252.04360961914065,240.4217529296875,1.3794515132904053,1.9408820867538448,300.0,0.3090969920158386,0.226833334192634
20160409.0,0.3299334645271301,0.2876921892166137,,,,0.1059839725494384,0.1505172848701477,,,,,,,,,,,,
20160410.0,0.3245316445827484,0.3049164712429046,,,,,,,,,,,,,,,,,
20160411.0,0.3521019518375397,,,0.272007942199707,0.2572098970413208,,0.1323282569646835,8.0,0.216533362865448,1.275159478187561,286.2004089355469,3.739285469055176,254.08583068847656,240.392822265625,6.792831897735596,3.013754606246948,300.0,0.2518940269947052,0.207499996448557
20160412.0,0.3412879109382629,0.2930338382720947,,,,0.1065153554081916,0.075624868273735,,,,,,,,,,,,
20160413.0,0.3349164128303528,0.2902266085147857,0.3493575155735016,0.2451806813478469,0.2350375354290008,,,8.0,0.216533362865448,1.275159478187561,285.62322998046875,3.742776393890381,256.80859375,244.2421417236328,0.3115899264812469,2.525897741317749,300.0,0.2270772904157638,0.19666666785876
20160414.0,0.3229022622108459,0.2861133813858032,0.359037846326828,0.2302699387073516,0.2261104732751846,0.1216568201780319,0.1446577310562133,8.0,0.216533362865448,1.275159478187561,287.4732971191406,3.744525671005249,257.26641845703125,241.62579345703125,2.091420412063598,2.237355232238769,300.0,0.2454345673322677,0.191916666304072
20160415.0,0.3526646494865417,0.2959879040718078,,,,,,,,,,,,,,,,,
20160416.0,0.3709577322006225,0.2844305038452148,0.3682838976383209,0.2436782568693161,0.2397466301918029,,0.2078920900821685,8.0,0.216533362865448,1.275159478187561,287.9860534667969,3.748032808303833,257.8368530273437,241.2321929931641,6.5616607666015625,2.382289409637451,300.0,0.236101895570755,0.271458333358169
20160417.0,0.3708696663379669,0.3002043664455414,,,,0.1025590002536773,0.093356117606163,,,,,,,,,,,,
20160418.0,0.3545665740966797,0.2995200753211975,,,,,,,,,,,,,,,,,
20160419.0,0.3374339342117309,0.291563332080841,,0.2546449303627014,0.2434203326702118,0.0902489572763443,0.1026947870850563,8.0,0.216533362865448,1.275159478187561,286.0486145019531,3.7533040046691895,254.19715881347656,240.84909057617188,0.0,2.894482612609864,300.0,0.2381142079830169,0.248083332553506
20160420.0,0.3309301137924194,0.2913371324539184,,,,,,,,,,,,,,,,,
20160421.0,0.3606951832771301,,0.3471046686172485,0.2074905484914779,0.205653041601181,,,8.0,0.216533362865448,1.275159478187561,286.2005615234375,3.756702661514282,260.7933349609375,246.86373901367188,10.327753067016602,1.6672261953353882,300.0,0.2110809981822967,0.250041666130225
20160422.0,0.3549096286296844,0.2890191674232483,0.3528714478015899,0.2257788181304931,0.2213983088731765,,0.0893276780843734,8.0,0.216533362865448,1.275159478187561,285.2829895019531,3.758813381195069,257.9841613769531,243.2676696777344,0.7914063930511475,1.549675464630127,300.0,0.2503186166286468,0.276541667679946
20160423.0,0.3547801971435547,,,,,,,,,,,,,,,,,,
20160424.0,0.3501836955547333,0.2996376156806946,0.3557064533233642,0.2526504695415497,0.244312971830368,,,8.0,0.216533362865448,1.275159478187561,283.1932678222656,3.765812873840332,255.3388671875,240.46636962890625,0.2187918722629547,2.050884962081909,300.0,0.2673499584197998,0.302625000476837
20160425.0,0.3371066153049469,0.2834648489952087,,,,,,,,,,,,,,,,,
20160426.0,0.3319787681102752,,,,,,,,,,,,,,,,,,
20160427.0,0.3266823589801788,0.2853384912014007,0.3440949320793152,0.1911097466945648,0.1917563378810882,0.0885936096310615,0.1614124029874801,8.0,0.216533362865448,1.275159478187561,283.9665832519531,3.776538848876953,259.9222412109375,245.75515747070312,0.1009780913591384,2.0190658569335938,300.0,0.1898861676454544,0.255291663731138
20160428.0,0.31755530834198,0.2744384706020355,,,,,,,,,,,,,,,,,
20160429.0,0.310051828622818,0.279983788728714,,0.204142078757286,0.2032686322927475,,0.1078829318284988,8.0,0.216533362865448,1.275159478187561,284.13250732421875,3.783783674240112,258.87628173828125,243.75656127929688,0.0698984265327453,2.3792128562927246,300.0,0.2088356018066406,0.226249997193615
20160430.0,0.3358914256095886,0.2796201407909393,,,,0.0784460231661796,0.0668050199747085,,,,,,,,,,,,
20160502.0,0.3102902173995971,0.2773588299751282,,,,0.2057946771383285,0.0307931769639253,,,,,,,,,,,,
20160503.0,0.3023470938205719,0.2692398726940155,,,,,,,,,,,,,,,,,
20160504.0,0.2940064072608948,0.2668817937374115,,,,,,,,,,,,,,,,,
20160505.0,0.2823989391326904,0.2667560279369354,0.3413265645503998,0.1461350619792938,0.1478333175182342,0.0855834260582923,0.104678489267826,8.0,0.216533362865448,1.275159478187561,290.707275390625,3.8058090209960938,266.1657409667969,250.3643035888672,0.0016992683522403,3.576993942260742,300.0,0.1597516238689422,0.165666668986281
20160506.0,0.2734404504299164,0.268760085105896,,,,,,,,,,,,,,,,,
20160507.0,0.2710371613502502,0.2582906782627105,0.3224954605102539,0.1341030299663543,0.1412881165742874,0.042851947247982,0.0688497573137283,8.0,0.216533362865448,1.275159478187561,290.1586303710937,3.813634634017944,268.69024658203125,255.4462890625,1.328518271446228,2.650930166244507,300.0,0.1338789612054824,0.149999998509884
20160508.0,0.2723839879035949,0.2614873945713043,0.3175551891326904,0.1445316970348358,0.155625119805336,,0.0248420666903257,8.0,0.216533362865448,1.275159478187561,290.4073486328125,3.8163459300994873,267.70294189453125,256.2518310546875,0.2657176554203033,2.413563966751098,300.0,0.1273318827152252,0.148000001907349
20160509.0,0.3255550563335418,0.2628073096275329,,,,,,,,,,,,,,,,,
20160510.0,0.3260964751243591,0.2870196402072906,0.3390146195888519,0.244119718670845,0.2367389798164367,0.0904759317636489,0.0881069377064704,8.0,0.216533362865448,1.275159478187561,290.5632629394531,3.813541889190674,259.2622985839844,245.57684326171875,0.8189066052436829,2.9719576835632324,300.0,0.2055948078632354,0.175750000402331
20160511.0,0.3496614396572113,0.2725393772125244,,,,,,,,,,,,,,,,,
20160512.0,0.3291407525539398,0.2779910862445831,,,,0.0597886145114898,0.0975371599197387,,,,,,,,,,,,
20160513.0,0.3241345584392547,0.2807745039463043,0.3180312812328338,0.1818963140249252,0.1840177476406097,,0.0505386516451835,8.0,0.216533362865448,1.275159478187561,287.0563659667969,3.808914661407471,264.1702880859375,249.6582794189453,2.2084550857543945,2.4954047203063965,300.0,0.1634717285633087,0.172458332031965
20160514.0,0.327450543642044,0.2942621111869812,,,,,,,,,,,,,,,,,
20160515.0,0.328824520111084,0.2891474664211273,,0.1606168895959854,0.1645275205373764,0.0297582615166902,0.0597857609391212,8.0,0.216533362865448,1.275159478187561,287.875732421875,3.8057241439819336,266.4467163085937,252.06619262695312,1.799045443534851,3.3035247325897217,300.0,0.1533475965261459,0.16095833790799
20160516.0,0.3140061497688293,0.2606131136417389,0.3103167414665222,0.1606683582067489,0.1691796034574508,,,8.0,0.216533362865448,1.275159478187561,286.6293334960937,3.804131746292114,265.1238098144531,253.46871948242188,0.3193913102149963,1.935142517089844,300.0,0.1381708830595016,0.153541666145126
20160517.0,0.3087598383426666,0.2643050849437713,,,,,0.0625629425048828,,,,,,,,,,,,
20160518.0,0.3002976477146148,0.2395453304052353,0.2972521483898163,0.16535384953022,0.1723608523607254,,,8.0,0.216533362865448,1.275159478187561,287.4801940917969,3.8009533882141113,265.3885498046875,253.30584716796875,0.4423412382602691,2.629669666290283,300.0,0.1324980705976486,0.144416668141882
20160519.0,0.3013354837894439,0.2710596024990082,,,,,,,,,,,,,,,,,
20160520.0,0.2939513623714447,0.2562453746795654,,,,0.0594265833497047,0.0500198379158973,,,,,,,,,,,,
20160521.0,0.2810000479221344,0.2562693953514099,0.2997374832630157,0.1257776618003845,0.1349041163921356,,,8.0,0.216533362865448,1.275159478187561,294.8128662109375,3.796143531799317,270.3489990234375,257.7019348144531,0.167332574725151,3.683302879333496,300.0,0.1280463635921478,0.139625002319614
20160522.0,0.3288169503211975,0.2755931317806244,,,,,0.0938749387860298,,,,,,,,,,,,
20160523.0,0.3195157051086426,0.2970755398273468,0.3366985023021698,0.2770777642726898,0.2695862948894501,0.1173884496092796,0.1527756601572036,8.0,0.216533362865448,1.275159478187561,286.5523681640625,3.792180299758911,255.5849151611328,239.2135009765625,1.128023982048035,3.066185712814331,300.0,0.2494845390319824,0.233624999721845
20160524.0,0.3024567067623138,0.2874340415000915,0.3289816081523895,0.2415547966957092,0.2374417334794998,,,8.0,0.216533362865448,1.275159478187561,288.13677978515625,3.792617082595825,258.1167297363281,241.9765625,0.6433472633361816,2.9862060546875,300.0,0.2193010598421096,0.223833334321777
20160525.0,0.3134661316871643,0.2795401811599731,,,,0.0821377113461494,0.1030304878950119,,,,,,,,,,,,
20160526.0,0.3287571668624878,0.2746532559394836,0.3131718635559082,0.1759589612483978,0.1778774559497833,,,8.0,0.216533362865448,1.275159478187561,291.0187072753906,3.809931755065918,266.455322265625,251.12924194335932,3.505319833755493,2.52558708190918,300.0,0.1625627279281616,0.195583334192634
20160527.0,0.3173277676105499,0.265985906124115,,,,,,,,,,,,,,,,,
20160528.0,0.3392479419708252,0.2723041474819183,,,,,,,,,,,,,,,,,
20160529.0,0.3681028485298157,0.3011530041694641,0.32548388838768,0.2303813397884369,0.2252155244350433,,,8.0,0.216533362865448,1.275159478187561,288.98663330078125,3.8372511863708496,262.8912658691406,249.00917053222656,8.020413398742676,3.855825424194336,300.0,0.1883732080459594,0.166999995708466
20160601.0,0.3451795279979706,0.2943101823329925,,,,,,,,,,,,,,,,,
20160602.0,0.3410511016845703,0.3099089860916137,,,,0.1032017841935157,0.191595196723938,,,,,,,,,,,,
20160603.0,0.3284277617931366,0.2837774455547333,0.3284297585487366,0.1942492872476577,0.1949640959501266,,,8.0,0.216533362865448,1.275159478187561,291.7327575683594,3.88469123840332,264.60498046875,248.39035034179688,0.0863383039832115,2.3579254150390625,300.0,0.1845862865447998,0.239333334689339
20160604.0,0.3171357214450836,0.2709440886974334,,,,,0.1262855976819992,,,,,,,,,,,,
20160605.0,0.3072565495967865,0.2689879536628723,,,,0.0376447290182113,0.0268257707357406,,,,,,,,,,,,
20160606.0,0.2962470054626465,0.2441368997097015,0.3177702128887176,0.1696840077638626,0.1746062487363815,,,8.0,0.216533362865448,1.275159478187561,293.6646728515625,3.913984060287476,268.82550048828125,255.4532470703125,0.4279902279376983,3.052989959716797,300.0,0.1424415409564972,0.170083334669471
20160607.0,0.2894686460494995,0.2708585262298584,,,,0.0640364363789558,0.0788598284125328,,,,,,,,,,,,
20160608.0,0.2779487073421478,0.2637383043766022,0.3025261461734772,0.1537175476551056,0.1609886884689331,,,8.0,0.216533362865448,1.275159478187561,295.80450439453125,3.9342987537384033,270.9745788574219,257.9929504394531,0.0,3.727351188659668,300.0,0.1386405229568481,0.15029166576763
20160609.0,0.265680193901062,0.2464683949947357,0.3046889305114746,0.1414542645215988,0.1578379571437835,,0.011474959552288,8.0,0.216533362865448,1.275159478187561,295.3529357910156,3.94312047958374,271.8890686035156,262.05401611328125,0.0,3.591437816619873,300.0,0.1197626441717147,0.144041667381922
20160610.0,0.2745572626590729,0.2485560625791549,,,,0.0316601507365703,0.0311288796365261,,,,,,,,,,,,
20160611.0,0.2884318232536316,0.2754340767860412,0.3007996380329132,0.1939431428909301,0.1962121427059173,,,8.0,0.216533362865448,1.275159478187561,290.7826843261719,3.9511122703552246,266.83477783203125,253.82601928710932,1.0361113548278809,2.612393379211426,300.0,0.1464672088623047,0.141500003635883
20160612.0,0.2799469828605652,0.2560852766036987,,,,0.0368746817111969,0.0448927283287048,,,,,,,,,,,,
20160613.0,0.2809987962245941,0.2572850883007049,,,,,0.0305795464664697,,,,,,,,,,,,
20160614.0,0.2874142527580261,0.2716256976127624,0.3138306140899658,0.1996443271636963,0.2006755024194717,,,8.0,0.216533362865448,1.275159478187561,289.500244140625,3.962657928466797,264.97418212890625,250.98226928710932,5.646845817565918,2.9314985275268555,300.0,0.1709630638360977,0.14295000359416
20160615.0,0.3384270370006561,0.2951284050941467,,,,0.089451789855957,0.136387214064598,,,,,,,,,,,,
20160616.0,0.3334808945655823,0.300925076007843,0.3210251331329345,0.2607833445072174,0.255625456571579,,,8.0,0.216533362865448,1.275159478187561,287.9272155761719,3.9702634811401367,259.0916748046875,243.61544799804688,1.9468697309494016,3.212284564971924,300.0,0.2273937463760376,0.184958333770434
20160617.0,0.3176478445529938,0.2944562435150146,0.3228398263454437,0.2408709973096847,0.2402861714363098,0.0961674600839614,0.2375255525112152,8.0,0.216533362865448,1.275159478187561,288.1787414550781,3.9740800857543945,259.798583984375,243.1864624023437,3.413522958755493,2.622486114501953,300.0,0.2359384000301361,0.194714282949766
20160619.0,0.3229702115058899,0.281419962644577,0.3238751888275146,0.2253214120864868,0.2274776697158813,,,8.0,0.216533362865448,1.275159478187561,288.8792724609375,3.981740474700928,261.0465087890625,243.50753784179688,0.8408450484275818,2.5159506797790527,300.0,0.2287179976701736,0.222449998557568
20160620.0,0.3075526058673858,0.2810795307159424,,,,0.0999179407954216,0.1401104778051376,,,,,,,,,,,,
20160621.0,0.2920119762420654,0.2656742334365845,,,,,,,,,,,,,,,,,
20160624.0,0.2517578303813934,0.2253033071756363,0.2897733151912689,0.1466478854417801,0.1562141627073288,,,8.0,0.216533362865448,1.275159478187561,295.432861328125,4.00114107131958,274.62310791015625,262.04376220703125,1.3300249576568604,2.4385879039764404,300.0,0.1335409432649612,0.143666668484608
20160625.0,0.2565925717353821,0.2705085277557373,0.2790153920650482,0.1829885691404342,0.1881446689367294,0.0466419532895088,0.0739768669009208,8.0,0.216533362865448,1.275159478187561,292.56298828125,4.004826068878174,269.78204345703125,256.6546630859375,0.3267219662666321,3.272267818450928,300.0,0.1382030099630355,0.145000001010687
20160626.0,0.2455112487077713,0.2170858532190323,,,,,,,,,,,,,,,,,
20160627.0,0.2354570925235748,0.2289111912250518,0.2662310302257538,0.1519897729158401,0.1625564843416214,,0.0140690328553318,8.0,0.216533362865448,1.275159478187561,292.4368896484375,4.010551452636719,270.6700439453125,258.7481384277344,0.0,3.073145866394043,300.0,0.1339911818504333,0.157500001043081
20160628.0,0.2259566634893417,0.2106775492429733,,,,0.033242680132389,0.0410473942756652,,,,,,,,,,,,
20160629.0,0.2189126759767532,0.2338133454322815,,,,,,,,,,,,,,,,,
20160630.0,0.2150524854660034,0.2166240811347961,0.2487878948450088,0.11602533608675,0.1373504549264907,,0.0,8.0,0.216533362865448,1.275159478187561,293.95654296875,4.019087314605713,273.9416198730469,264.5248107910156,0.136607751250267,2.494018316268921,300.0,0.1292982399463653,0.165727273984389
20160701.0,0.2098210752010345,0.2104696333408355,,,,,0.0007019257172942,,,,,,,,,,,,
20160702.0,0.2082599997520446,0.2264887392520904,0.2297304570674896,0.1134326383471489,0.1349924653768539,,,8.0,0.216533362865448,1.275159478187561,292.6319274902344,4.024778366088867,274.973388671875,265.5571594238281,0.4808135330677032,2.0772807598114014,300.0,0.1276083290576934,0.167749997228384
20160703.0,0.2029057741165161,0.2027410268783569,0.2327292263507843,0.1235193014144897,0.1339601725339889,0.0060523590072989,0.0201727356761693,8.0,0.216533362865448,1.275159478187561,293.6784973144531,4.0276312828063965,273.7626953125,261.4674987792969,0.0063695879653096,2.73388934135437,300.0,0.1383537650108337,0.165782611007276
20160704.0,0.1961400955915451,0.2103306055068969,,,,,,,,,,,,,,,,,
20160705.0,0.311197429895401,0.2312926352024078,0.2012104541063308,0.1138724237680435,0.1296218335628509,,0.0024414807558059,8.0,0.216533362865448,1.275159478187561,294.4115600585937,4.033351421356201,276.49169921875,265.59503173828125,11.253718376159668,2.9872989654541016,300.0,0.1167019382119178,0.159333335235715
20160706.0,0.2798919975757599,0.2288282215595245,,,,,,,,,,,,,,,,,
20160707.0,0.2558861672878265,0.2152381539344787,,,,,,,,,,,,,,,,,
20160708.0,0.2379911094903946,0.20860256254673,0.1941998302936554,0.1091564446687698,0.1265742927789688,,0.0076906643807888,8.0,0.216533362865448,1.275159478187561,297.2422180175781,4.042006969451904,278.1278076171875,267.6130065917969,0.0649743527173996,3.3285484313964844,300.0,0.1220684498548507,0.154958334440986
20160709.0,0.2238987982273101,0.2198730707168579,,,,,,,,,,,,,,,,,
20160710.0,0.210491806268692,0.1969455778598785,0.1772687882184982,0.1158173680305481,0.1468246877193451,,0.000213629566133,8.0,0.216533362865448,1.275159478187561,298.0578918457031,4.048325538635254,276.2318420410156,268.962890625,0.0,3.396683931350708,300.0,0.1118352264165878,0.151500000307957
20160711.0,0.2034607976675033,0.1856572926044464,0.16256083548069,0.1114193201065063,0.1345168203115463,,,8.0,0.216533362865448,1.275159478187561,294.8171691894531,4.049840450286865,277.71405029296875,268.535888671875,0.7555697560310364,2.1257967948913574,300.0,0.1201018691062927,0.153583331654469
20160712.0,0.228891372680664,0.236073613166809,,,,,,,,,,,,,,,,,
20160713.0,0.2308215349912643,0.2243852168321609,0.1591691225767135,0.153100848197937,0.1704336404800415,0.0172828547656536,0.0407727286219596,8.0,0.216533362865448,1.275159478187561,291.0108337402344,4.041731834411621,270.8492431640625,261.1172180175781,0.408473253250122,2.689401388168335,300.0,0.1354008316993713,0.147958335156242
20160714.0,0.221479520201683,0.2075097113847732,,,,,,,,,,,,,,,,,
20160715.0,0.2115494906902313,0.2047263085842132,,,,,0.0075075533241033,,,,,,,,,,,,
20160716.0,0.1976023614406585,0.1926530301570892,0.151956707239151,0.1203811317682266,0.1378591209650039,0.0249574724584817,0.0252388082444667,8.0,0.216533362865448,1.275159478187561,294.1661682128906,4.029057025909424,273.03826904296875,262.6759033203125,0.0,3.2198710441589355,300.0,0.1292122304439544,0.14300000295043
20160717.0,0.1843670308589935,0.1825521141290664,,,,,,,,,,,,,,,,,
20160718.0,0.1714619100093841,0.1939471960067749,0.1319913268089294,0.1033980920910835,0.1260975748300552,,0.0031434064731001,8.0,0.216533362865448,1.275159478187561,300.8471984863281,4.020504951477051,277.2006530761719,267.95318603515625,0.0008523463038727,3.277149677276612,300.0,0.1176836937665939,0.14204166829586
20160719.0,0.1600583791732788,0.1941506266593933,0.145180270075798,0.1007111445069313,0.1142377033829689,,0.0231025125831365,8.0,0.216533362865448,1.275159478187561,302.77703857421875,4.016244888305664,279.7152709960937,268.44287109375,1.803075406314747e-06,2.9485459327697754,300.0,0.1142545491456985,0.149291668087244
20160720.0,0.1554723381996154,0.2062237858772277,,,,,,,,,,,,,,,,,
20160721.0,0.1574304550886154,0.1933896243572235,,0.1217887178063392,0.1426549404859542,,,8.0,0.216533362865448,1.275159478187561,295.9320983886719,4.007757663726807,276.4747314453125,266.82379150390625,1.0946649312973022,1.528626799583435,300.0,0.1202654689550399,0.10220833402127
20160722.0,0.1772475838661193,0.167067602276802,,,,,,,,,,,,,,,,,
20160723.0,0.1787678897380828,0.2044859081506729,,,,,0.0,,,,,,,,,,,,
20160724.0,0.1726232022047042,0.190382182598114,0.1267198026180267,0.1232697069644928,0.1521330624818802,,9.155552834272385e-05,8.0,0.216533362865448,1.275159478187561,295.9100036621094,3.995112895965576,274.2967529296875,266.620849609375,0.0538536235690116,2.106863021850586,300.0,0.1166077107191085,0.13222727145661
20160725.0,0.164485827088356,0.1933079957962036,,,,,,,,,,,,,,,,,
20160726.0,0.1565405428409576,0.1803734749555587,0.0937215834856033,0.0940783023834228,0.1209813952445983,,0.0003357036039233,8.0,0.216533362865448,1.275159478187561,297.7142639160156,3.9867987632751465,278.33331298828125,269.991455078125,0.0043087964877486,2.318866729736328,300.0,0.1076773628592491,0.173458334058523
20160727.0,0.1494479924440384,0.1629319936037063,0.098303385078907,0.1109177395701408,0.147122636437416,,,8.0,0.216533362865448,1.275159478187561,296.5737609863281,3.982463836669922,275.45440673828125,269.1917724609375,0.0022031562402844,2.1980299949646,300.0,0.1088695079088211,0.139458333452543
20160728.0,0.144112080335617,0.1713544428348541,,,,,0.0001220740377902,,,,,,,,,,,,
20160729.0,0.1396584957838058,0.1685235202312469,0.0917299017310142,0.1084536015987396,0.1498385369777679,,0.0,8.0,0.216533362865448,1.275159478187561,298.0600891113281,3.972525835037232,275.1673889160156,269.99383544921875,0.0026928738225251,2.1324622631073,300.0,0.1032522767782211,0.11062499973923
20160730.0,0.1348502486944198,0.1696158945560455,,,,,,,,,,,,,,,,,
20160801.0,0.1341103911399841,0.1688810586929321,0.1298895329236984,0.1373595893383026,0.1510792374610901,,,8.0,0.216533362865448,1.275159478187561,295.3711853027344,3.957667350769043,274.0970458984375,262.76080322265625,0.0193964671343565,1.9140177965164185,300.0,0.1239635944366455,0.156416667625308
20160802.0,0.130122572183609,0.1633883714675903,,,,,0.0,,,,,,,,,,,,
20160803.0,0.1263073086738586,0.1556590795516967,0.0879099667072296,0.1098293885588646,0.1430765092372894,0.0127332936972379,0.0104983672499656,8.0,0.216533362865448,1.275159478187561,298.4667358398437,3.947821855545044,275.20977783203125,268.4152526855469,0.0012906801421195,1.9904788732528689,300.0,0.1068929582834243,0.114958332851529
20160804.0,0.1297503858804702,0.1578230261802673,0.0711770951747894,0.0923651903867721,0.1249803602695465,,,8.0,0.216533362865448,1.275159478187561,293.9041442871094,3.942922592163086,278.243896484375,271.09423828125,2.53701114654541,1.4528264999389648,300.0,0.107126697897911,0.102291667833924
20160805.0,0.1444722265005111,0.1735420227050781,,,,,,,,,,,,,,,,,
20160806.0,0.1389632672071457,0.1589007377624511,0.0853502377867698,0.0953800752758979,0.122431956231594,,,8.0,0.216533362865448,1.275159478187561,295.04443359375,3.933171510696411,276.3546142578125,268.11444091796875,0.0017166137695312,1.87885844707489,300.0,0.1131064891815185,0.0926249998932083
20160807.0,0.1331053376197815,0.1553245782852172,,,,,,,,,,,,,,,,,
20160808.0,0.1278000026941299,0.1525222212076187,,,,,,,,,,,,,,,,,
20160809.0,0.1297584027051925,0.1090523451566696,0.0816126093268394,0.0905642360448837,0.1116112321615219,,,8.0,0.216533362865448,1.275159478187561,294.3976135253906,3.918654441833496,279.1861877441406,269.70721435546875,1.2823580503463743,1.785887598991394,300.0,0.1116516143083572,0.087583332012097
20160810.0,0.1298167407512664,0.1455295234918594,,,,0.0071115153841674,0.0121158482506871,,,,,,,,,,,,
20160811.0,0.125640869140625,0.1417605727910995,0.0677698478102684,0.1002714931964874,0.1350930482149124,,0.0,8.0,0.216533362865448,1.275159478187561,292.9222412109375,3.908949851989746,274.035888671875,267.4091186523437,0.0,1.5874534845352173,300.0,0.1143501847982406,0.102666665489475
20160812.0,0.1221562996506691,0.1436962634325027,0.0708484798669815,0.0699399337172508,0.0978258177638053,,,8.0,0.216533362865448,1.275159478187561,295.8116455078125,3.904451847076416,278.063232421875,269.4910888671875,0.0017106533050537,1.6933436393737793,300.0,0.1077663674950599,0.0948750001067917
20160813.0,0.1186059191823005,0.1571511179208755,,,,0.0004091213922947,3.051850944757461e-05,,,,,,,,,,,,
20160814.0,0.1150031089782714,0.1447200179100036,0.0574149750173091,0.0934724584221839,0.1266886591911316,,,8.0,0.216533362865448,1.275159478187561,300.5643920898437,3.897717714309693,278.0813293457031,270.9820556640625,0.0008670523529872,1.7638441324234009,300.0,0.0961388126015663,0.0854583336040378
20160816.0,0.1329741477966308,0.1613247692584991,,,,,3.051850944757461e-05,,,,,,,,,,,,
20160817.0,0.1303129345178604,0.1478069275617599,0.0650956779718399,0.081340953707695,0.1263852566480636,,,8.0,0.216533362865448,1.275159478187561,297.59783935546875,3.8877921104431152,279.9481811523437,274.6584777832031,0.0602173060178756,1.2361167669296265,300.0,0.0909042358398437,0.0957916667684913
20160818.0,0.1283492743968963,0.1518937051296234,,,,,0.0001525925472378,,,,,,,,,,,,
20160819.0,0.1249297261238098,0.1398603022098541,0.0529090166091918,0.0952832028269767,0.1166319325566291,,,8.0,0.216533362865448,1.275159478187561,296.9825439453125,3.881244421005249,278.19012451171875,268.72607421875,0.1835978180170059,1.5025980472564695,300.0,0.1080251485109329,0.0877083338176211
20160820.0,0.1795257329940796,0.1856701672077179,0.14744833111763,0.242433950304985,0.2401686608791351,,0.0495620593428611,8.0,0.216533362865448,1.275159478187561,293.0750427246094,3.8779821395874015,267.1023864746094,256.45758056640625,6.200280666351318,1.997790694236756,300.0,0.1356335580348968,0.111333333266278
20160821.0,0.1868834942579269,0.1828026175498962,,,,0.0396629087626934,0.0365001372992992,,,,,,,,,,,,
20160822.0,0.1757400184869766,0.1595531702041626,0.0840630382299423,0.1509906649589538,0.1631228625774383,,,8.0,0.216533362865448,1.275159478187561,295.7796936035156,3.871480226516724,272.1017761230469,260.55963134765625,0.0013050511479377,2.10412335395813,300.0,0.124731957912445,0.160000002632538
20160823.0,0.1623416244983673,0.1778575927019119,,,,0.010299758054316,0.0408032462000846,,,,,,,,,,,,
20160824.0,0.1513711214065551,0.1574280709028244,,,,,,,,,,,,,,,,,
20160825.0,0.1424815654754638,0.1567283868789672,0.0791754573583602,0.0921585336327552,0.1346151530742645,,,8.0,0.216533362865448,1.275159478187561,301.16583251953125,3.861764907836914,278.939208984375,273.7001342773437,0.0049574729055166,1.7521263360977173,300.0,0.0881070867180824,0.0945416679605842
20160826.0,0.1346447169780731,0.1558533757925033,,,,0.0033935736864805,,,,,,,,,,,,,
20160828.0,0.1241216585040092,0.1497669517993927,0.079994611442089,0.1050404086709022,0.1337907165288925,,,8.0,0.216533362865448,1.275159478187561,297.7393798828125,3.852550506591797,280.06329345703125,272.1048583984375,0.1933792531490326,1.1408607959747314,300.0,0.0993319228291511,0.178400001674891
20160829.0,0.1220977008342742,0.1516598165035247,,,,,0.0,,,,,,,,,,,,
20160830.0,0.1206241473555564,0.149110272526741,0.0852618962526321,0.0981854349374771,0.1325926482677459,,,8.0,0.216533362865448,1.275159478187561,295.7776794433594,3.853104114532471,276.843994140625,270.07635498046875,0.0042188121005892,1.1969221830368042,300.0,0.1063513979315757,0.129166666728755
20160831.0,0.1177622824907302,0.1462591141462326,,,,0.0005628732033073,0.0083010345697402,,,,,,,,,,,,
20160901.0,0.1148387044668197,0.1548048555850982,,,,,,,,,,,,,,,,,
20160902.0,0.1121870726346969,0.1381542384624481,0.0828018486499786,0.1018863394856453,0.125311866402626,,6.103701889514923e-05,8.0,0.216533362865448,1.275159478187561,298.7355041503906,3.8542304039001465,278.630859375,269.51776123046875,0.0008523463038727,1.2925033569335938,300.0,0.1060194000601768,0.0890833353623748
20160903.0,0.1100115403532981,0.1479688584804535,,,,,0.0136417737230658,,,,,,,,,,,,
20160904.0,0.1085031628608703,0.1542795449495315,0.0643104612827301,0.1135415956377983,0.1466835588216781,,,8.0,0.216533362865448,1.275159478187561,298.4179992675781,3.855060338973999,277.67547607421875,270.88336181640625,0.0008583068847656,1.0543608665466309,300.0,0.1035088449716568,0.0832083318382502
20160905.0,0.1074662804603576,0.1418022662401199,0.0640730410814285,0.1019509434700012,0.129155158996582,0.0010036124149337,0.0121158482506871,8.0,0.216533362865448,1.275159478187561,296.63287353515625,3.855475425720215,278.94000244140625,270.655029296875,0.0091831516474485,0.9639548063278198,300.0,0.1024882197380065,0.081750001758337
20160906.0,0.1065753474831581,0.1648404747247696,,,,,,,,,,,,,,,,,
20160907.0,0.1055270433425903,0.1274984925985336,0.0791639387607574,0.1085468754172325,0.1394207924604416,,,8.0,0.216533362865448,1.275159478187561,300.6518859863281,3.856306314468384,278.21502685546875,270.7716064453125,0.0368534252047538,1.142591118812561,300.0,0.0998890027403831,0.0794583344832063
20160908.0,0.1086230874061584,0.1551272720098495,,,,0.001847568899393,3.051850944757461e-05,,,,,,,,,,,,
20160909.0,0.1285373419523239,0.1527110934257507,,,,,,,,,,,,,,,,,
20160910.0,0.1916198134422302,0.1824192255735397,0.0864139050245285,0.1377390623092651,0.1511024832725525,0.0254439637064933,0.0412915423512458,8.0,0.216533362865448,1.275159478187561,295.0396423339844,3.8575735092163086,274.7120361328125,263.2411193847656,3.606150812629494e-06,1.8199931383132928,300.0,0.1193578019738197,0.0806666672939346
20160911.0,0.1795421987771988,0.1575687378644943,,,,,,,,,,,,,,,,,
20160912.0,0.1677342504262924,0.1550715565681457,0.0702767223119735,0.1186298504471778,0.1315929144620895,,,8.0,0.216533362865448,1.275159478187561,299.85711669921875,3.8586854934692383,278.0269470214844,266.3153686523437,0.0114407306537032,1.6949092149734497,300.0,0.1134408861398696,0.0787083345154921
20160913.0,0.176023244857788,0.15499347448349,0.0716030821204185,0.090579979121685,0.1104540899395942,0.0078457053750753,0.0204168837517499,8.0,0.216533362865448,1.275159478187561,298.6944580078125,3.8584017753601074,281.250732421875,271.47027587890625,17.39935302734375,2.0627217292785645,300.0,0.0912821441888809,0.0874583351736267
20160914.0,0.3089946806430816,,,,,,,,,,,,,,,,,,
20160915.0,0.2688311636447906,0.2360355705022812,0.173024371266365,0.2732910811901092,0.2667936086654663,0.1018229648470878,0.1476790606975555,8.0,0.216533362865448,1.275159478187561,290.02947998046875,3.8521766662597656,261.91796875,248.31854248046875,0.0444132015109062,1.7471482753753662,300.0,0.1823254227638244,0.202166664724549
20160916.0,0.2489000409841537,0.2179953753948211,,,,,0.0726035311818122,,,,,,,,,,,,
20160917.0,0.2426188737154007,0.2156668603420257,,,,,,,,,,,,,,,,,
20160918.0,0.2298040837049484,0.2204689234495163,0.1613702476024627,0.2222200483083725,0.2228951156139373,0.0607656277716159,0.0879238247871398,8.0,0.216533362865448,1.275159478187561,289.8240051269531,3.842596054077149,264.15191650390625,251.55303955078125,0.1517772823572158,1.0721745491027832,300.0,0.1645497381687164,0.171333334719141
20160919.0,0.2237538397312164,0.2198903709650039,,,,,,,,,,,,,,,,,
20160920.0,0.2227725833654403,0.2180256247520446,0.1560441106557846,0.1915292143821716,0.1965281814336776,0.0304866190999746,0.074526198208332,8.0,0.216533362865448,1.275159478187561,291.8414001464844,3.836168766021729,267.3607788085937,254.73654174804688,0.9287217259407043,1.460691213607788,300.0,0.1422250568866729,0.136624999965231
20160921.0,0.2157850265502929,0.1976948678493499,0.1453379988670349,0.1712616980075836,0.1803498268127441,,0.2481459975242614,8.0,0.216533362865448,1.275159478187561,291.8585205078125,3.8329670429229736,268.900634765625,257.20416259765625,0.0201606675982475,1.3812867403030396,300.0,0.140518769621849,0.129624998196959
20160922.0,0.2057776004076004,0.2013758271932602,,,,,,,,,,,,,,,,,
20160923.0,0.1966493129730224,0.1781265288591385,0.1386645585298538,0.1782035380601883,0.1856988668441772,0.0198158361017704,0.0640583485364914,8.0,0.216533362865448,1.275159478187561,292.64013671875,3.8265867233276367,269.3863830566406,257.38702392578125,0.0781828761100769,1.3906278610229492,300.0,0.1388094574213028,0.116500000158946
20160924.0,0.1880846917629242,0.1953800320625305,,,,,,,,,,,,,,,,,
20160925.0,0.1870160400867462,0.1883326023817062,,,,,0.0002746665850281,,,,,,,,,,,,
20160926.0,0.1896604150533676,0.2031413316726684,0.1572554260492324,0.2015944123268127,0.2068345546722412,0.0366271212697029,0.030671102926135,8.0,0.216533362865448,1.275159478187561,290.5835266113281,3.817080497741699,266.8319091796875,256.1376037597656,0.0,1.4548169374465942,300.0,0.1410799771547317,0.130625000223517
20160928.0,0.1748246997594833,0.1944745033979416,,,,,,,,,,,,,,,,,
20160929.0,0.1672666370868683,0.1957832127809524,0.1310679614543914,0.1471884995698928,0.1665319353342056,,,8.0,0.216533362865448,1.275159478187561,294.6353759765625,3.8075318336486816,271.05841064453125,262.17047119140625,0.0,1.4991226196289062,300.0,0.1220412105321884,0.106708333206673
20160930.0,0.1606902182102203,0.1731419116258621,,,,,,,,,,,,,,,,,
20161001.0,0.2110618948936462,0.2018725723028183,,0.3085196912288666,0.289292961359024,,,8.0,0.216533362865448,1.275159478187561,290.2489013671875,3.799476623535156,260.62762451171875,247.75279235839844,6.459884643554688,1.335913062095642,300.0,0.2167120426893234,0.163333332964352
20161002.0,0.2278950065374374,0.2385362386703491,,,,,,,,,,,,,,,,,
20161003.0,0.2168386280536651,0.2219506800174713,,,,0.0689153224229812,0.0916165634989738,,,,,,,,,,,,
20161004.0,0.2050428390502929,0.2197050303220749,0.1737291067838668,0.2012847810983657,0.2038024812936782,,,8.0,0.216533362865448,1.275159478187561,293.0715637207031,3.7874157428741455,265.542724609375,252.91732788085932,0.0624262653291225,1.3608070611953735,300.0,0.1518031060695648,0.158166667446494
20161005.0,0.1983354538679123,0.2017999291419983,,,,,,,,,,,,,,,,,
20161006.0,0.2370009273290634,0.1903777718544006,0.1584644317626953,0.1764077246189117,0.1858010441064834,0.0357305482029914,0.0575884282588958,8.0,0.216533362865448,1.275159478187561,290.273681640625,3.779421329498291,268.6027526855469,257.83477783203125,4.67282772064209,1.823813199996948,300.0,0.1222556605935096,0.127499999168018
20161007.0,0.233461320400238,0.1720267683267593,0.1303259283304214,0.1671653836965561,0.1807829737663269,,,8.0,0.216533362865448,1.275159478187561,286.8594970703125,3.775444030761719,267.0485534667969,257.4772644042969,0.2184328436851501,1.0149904489517212,300.0,0.1486867368221283,0.121208333099882
20161008.0,0.2234145104885101,0.1797327995300293,,,,0.0153253301978111,0.0075075533241033,,,,,,,,,,,,
20161009.0,0.2141354978084564,0.1812677234411239,0.1362266838550567,0.1550574600696563,0.170566126704216,,0.0046082949265837,8.0,0.216533362865448,1.275159478187561,286.8918151855469,3.767529010772705,266.5303955078125,256.92999267578125,0.0025749204214662,1.0010957717895508,300.0,0.1512451767921447,0.112874999331931
20161010.0,0.2055400907993316,0.1686231195926666,,,,,,,,,,,,,,,,,
20161011.0,0.1979115009307861,,,,,0.0163421910256147,0.033509325236082,,,,,,,,,,,,
20161012.0,0.1931631863117218,0.1653135865926742,0.1435284912586212,0.1249292269349098,0.1341511905193328,,,8.0,0.216533362865448,1.275159478187561,287.3759155273437,3.755745649337769,268.4918212890625,256.03662109375,3.2690083980560303,1.2832101583480835,300.0,0.1385490000247955,0.0975416662792365
20161013.0,0.2409257292747497,0.2063859701156616,,,,,0.0758079811930656,,,,,,,,,,,,
20161014.0,0.324944794178009,0.2114181667566299,0.1556877195835113,0.1962494552135467,0.2021551430225372,0.0385119095444679,0.0446790978312492,8.0,0.216533362865448,1.275159478187561,286.2074279785156,3.7478199005126953,263.79833984375,253.47293090820312,7.074476718902588,1.2272779941558838,300.0,0.1482453793287277,0.118041666224599
20161015.0,0.281437337398529,,0.1634266078472137,0.2097197771072387,0.2146392911672592,,,8.0,0.216533362865448,1.275159478187561,288.0438842773437,3.744307279586792,260.8284912109375,252.00875854492188,0.0017100825207307,1.376044511795044,300.0,0.1568242013454437,0.149652171394099
20161016.0,0.2618637084960937,0.1926069259643554,,,,0.0547233931720256,0.0469069480895996,,,,,,,,,,,,
20161017.0,0.2528872787952423,0.1835780590772628,0.1301497966051101,0.1546822339296341,0.163846880197525,,,8.0,0.216533362865448,1.275159478187561,290.2449035644531,3.740206241607666,267.79083251953125,255.7089233398437,0.6592133045196533,1.0789223909378052,300.0,0.1444294154644012,0.132291669026017
20161018.0,0.2465589791536331,0.1862561404705047,,,,,0.0,,,,,,,,,,,,
20161019.0,0.2397705763578415,0.1671399176120758,,,,0.0283568613231182,0.0334482863545417,,,,,,,,,,,,
20161020.0,0.2347172200679779,0.1822483986616134,0.1119666248559951,0.1415329575538635,0.1545053720474243,,,8.0,0.216533362865448,1.275159478187561,285.0394287109375,3.734234809875488,267.46954345703125,256.4651184082031,0.0048331934958696,0.8824087381362915,300.0,0.1475142240524292,0.10720833328863
20161021.0,0.2289780527353286,0.1681223660707473,,,,0.0283668264746665,0.0328073985874652,,,,,,,,,,,,
20161022.0,0.2237555235624313,,0.1056563705205917,0.1333247423171997,0.1489247381687164,,0.0,8.0,0.216533362865448,1.275159478187561,284.85723876953125,3.730312347412109,265.75665283203125,255.48709106445312,0.0008523463038727,0.9530045986175536,300.0,0.1532432436943054,0.0978333329161008
20161023.0,0.2216862440109253,0.1767586171627044,,0.1023686900734901,0.1212117746472358,,,8.0,0.216533362865448,1.275159478187561,289.9208679199219,3.728356122970581,269.9295349121094,260.1303100585937,7.456815719604492,0.9613649845123292,300.0,0.1289720088243484,0.10170833269755
20161024.0,0.3591558337211609,0.2369778752326965,,,,0.0917425975203514,0.1133457422256469,,,,,,,,,,,,
20161025.0,0.3324836790561676,0.2335567325353622,0.1931613683700561,0.2366857379674911,0.2312892228364944,,,8.0,0.216533362865448,1.275159478187561,288.3111572265625,3.724454402923584,260.3406982421875,250.05050659179688,2.0010640621185303,1.143038988113403,300.0,0.1900331676006317,0.266541664178173
20161026.0,0.3199478685855865,0.2423026412725448,,,,0.0083239031955599,0.0635090172290802,,,,,,,,,,,,
20161027.0,0.3063205480575561,0.2212782651185989,,,,,0.0447706542909145,,,,,,,,,,,,
20161028.0,0.2973805069923401,,0.1711491644382476,0.2104248404502868,0.2104576677083969,,,8.0,0.216533362865448,1.275159478187561,284.5076599121094,3.7186295986175537,260.19842529296875,248.37088012695312,0.0012898535933345,0.9136606454849244,300.0,0.1874456703662872,0.238999998196959
20161029.0,0.2901897132396698,,,,,,,,,,,,,,,,,,
20161030.0,0.2842701077461242,,0.1588137000799179,0.1936313956975937,0.1966351717710495,,,8.0,0.216533362865448,1.275159478187561,285.19757080078125,3.714785099029541,261.2598876953125,249.30780029296875,0.003860600059852,0.8203906416893005,300.0,0.1779677420854568,0.217208332071702
20161031.0,0.2789711654186249,,,0.2054438292980194,0.2082303464412689,,0.0585039816796779,8.0,0.216533362865448,1.275159478187561,286.4405212402344,3.712800979614258,260.6439208984375,250.63775634765625,0.0034419717267155,0.9230401515960692,300.0,0.1709288209676742,0.205124999706944
20161101.0,0.2738064527511596,0.2056259214878082,,,,0.0354959964752197,0.0383007302880287,,,,,,,,,,,,
20161102.0,0.2695293724536896,0.1898950934410095,,0.1875353306531906,0.189988225698471,,,8.0,0.216533362865448,1.275159478187561,285.6042785644531,3.708390712738037,263.2567138671875,249.828369140625,0.0004410743713378,0.7528369426727295,300.0,0.1749963015317917,0.176458337033788
20161103.0,0.2660101652145386,0.1913769394159317,,,,0.0463472083210945,0.048677023500204,,,,,,,,,,,,
20161104.0,0.2675129175186157,0.1802772879600525,,,,,,,,,,,,,,,,,
20161105.0,0.318051815032959,,0.210935354232788,0.2198552787303924,0.217419683933258,,0.0534684285521507,8.0,0.216533362865448,1.275159478187561,283.82598876953125,3.7017860412597656,259.8966064453125,248.5435333251953,7.05036735534668,1.4030463695526123,300.0,0.2018404006958007,0.307875001182159
20161106.0,0.3264409601688385,,,,,0.0599211081862449,0.0738242715597152,,,,,,,,,,,,
20161107.0,0.331498235464096,0.2428919374942779,0.1892680525779724,0.2507656514644623,0.240401804447174,,,8.0,0.216533362865448,1.275159478187561,279.6015625,3.697399616241455,254.57339477539065,243.4999084472656,4.081866264343262,1.330112338066101,300.0,0.2720538675785064,0.294541665663322
20161108.0,0.3227231800556183,,0.1931371241807937,0.2278600484132766,0.2232294976711273,0.0677993595600128,0.0992461964488029,8.0,0.216533362865448,1.275159478187561,279.8304138183594,3.695213556289673,255.58889770507807,243.0574493408203,1.3053867816925049,1.0356791019439695,300.0,0.2681863903999328,0.284999997665485
20161109.0,0.3449310064315796,,,,,,0.1608935892581939,,,,,,,,,,,,
20161110.0,0.3367612361907959,0.2652356624603271,0.2398293316364288,0.2446507066488266,0.2375532984733581,,,8.0,0.216533362865448,1.275159478187561,283.8975830078125,3.690855026245117,255.5345764160156,241.40982055664065,4.304001808166504,2.0621163845062256,300.0,0.2740046679973602,0.335608697455862
20161111.0,0.3384458124637604,0.271444171667099,,,,0.1015232875943183,0.1430707722902298,,,,,,,,,,,,
20161112.0,0.3251875042915344,0.2771925330162048,,,,,,,,,,,,,,,,,
20161113.0,0.3395403027534485,0.2865567505359649,0.2376665025949478,0.2486439347267151,0.237969771027565,0.0747688189148902,0.2081362307071685,8.0,0.216533362865448,1.275159478187561,285.8277282714844,3.684348106384277,256.62579345703125,245.2119140625,4.26899528503418,1.5011518001556396,300.0,0.2529149055480957,0.330416668206453
20161114.0,0.3288888335227966,,,,,,0.1069368571043014,,,,,,,,,,,,
20161115.0,0.3174636363983154,0.2578364610671997,0.2174198627471923,0.2342711836099624,0.2291015088558197,,,8.0,0.216533362865448,1.275159478187561,281.487548828125,3.6799795627594,255.6332855224609,240.9105529785156,0.001560331787914,0.6458395719528198,300.0,0.2685679793357849,0.296166668335597
20161116.0,0.3099987208843231,0.2638514637947082,0.2247463017702102,0.2204163074493408,0.2174668163061142,0.0732970237731933,0.0926541984081268,8.0,0.216533362865448,1.275159478187561,282.8788452148437,3.677971124649048,257.02703857421875,241.93145751953125,0.0508183315396308,0.3574072420597076,300.0,0.2608171999454498,0.284208333740632
20161117.0,0.3049937784671783,0.2521232366561889,,,,,,,,,,,,,,,,,
20161118.0,0.3043296337127685,0.2472447752952575,0.2422809600830078,0.2227892875671386,0.218391552567482,,0.1111178919672966,8.0,0.216533362865448,1.275159478187561,283.9211120605469,3.675100564956665,257.55780029296875,245.033432006836,2.8983023166656494,0.7364981174468994,300.0,0.2516453564167022,0.268291675796111
20161119.0,0.3270512521266937,,,,,0.0415739305317401,0.0440382100641727,,,,,,,,,,,,
20161120.0,0.318472295999527,0.2644561231136322,,,,,,,,,,,,,,,,,
20161121.0,0.3416111767292022,0.254839539527893,0.2509539723396301,0.2423905134201049,0.2335075885057449,0.0823208540678024,0.1117893010377883,8.0,0.216533362865448,1.275159478187561,285.3937072753906,3.670869827270508,256.2715759277344,243.69137573242188,3.7458245754241934,1.5855783224105835,300.0,0.2660980224609375,0.326874999950329
20161122.0,0.3553041815757751,0.2619279026985168,,,,,,,,,,,,,,,,,
20161123.0,0.3787250816822052,,0.2554102540016174,0.2681462466716766,0.2519815266132355,,0.1034272313117981,8.0,0.216533362865448,1.275159478187561,281.45977783203125,3.6680753231048575,253.64794921875,241.6527099609375,7.719078063964844,0.7053267955780029,300.0,0.2992451190948486,0.347250000884136
20161124.0,0.3610604405403137,,0.257816880941391,0.253515362739563,0.2425636649131775,0.1162635684013366,0.1381267756223678,8.0,0.216533362865448,1.275159478187561,282.0916748046875,3.666681289672852,254.13612365722656,240.811752319336,0.4345991313457489,1.001227617263794,300.0,0.2791628539562225,0.336833332975705
20161125.0,0.344732791185379,,,,,,,,,,,,,,,,,,
20161126.0,0.3347343504428863,,0.2549822926521301,0.2913367450237274,0.2701326906681061,0.1287765204906463,0.1806390583515167,8.0,0.216533362865448,1.275159478187561,281.0398254394531,3.663898706436157,250.18051147460932,237.5000915527344,0.7413095235824585,0.5169896483421326,300.0,0.3049614429473877,0.308749997367462
20161127.0,0.329531729221344,,,,,,0.1528977304697036,,,,,,,,,,,,
20161128.0,0.321927934885025,0.2566286027431488,,,,,,,,,,,,,,,,,
20161129.0,0.3170498609542846,,0.2416531294584274,0.2304801791906356,0.2236546874046325,0.0943124145269393,0.1243018880486488,8.0,0.216533362865448,1.275159478187561,281.860107421875,3.6597495079040527,254.79641723632807,242.2841644287109,0.0445274896919727,0.4551533162593841,300.0,0.262458473443985,0.293541668603818
20161130.0,0.3120168149471283,,,,,,,,,,,,,,,,,,
20161201.0,0.307567298412323,0.2473678737878799,0.2372155934572219,0.2480196207761764,0.2373899519443512,0.0597107261419296,0.0584734641015529,8.0,0.216533362865448,1.275159478187561,279.89227294921875,3.657117366790772,253.1546173095703,240.0981292724609,0.0004291534423828,0.5279057025909424,300.0,0.2768483161926269,0.284375001986821
20161202.0,0.3041436076164245,0.2553580105304718,0.228906825184822,0.2288515269756317,0.2239011377096176,,0.0614642798900604,8.0,0.216533362865448,1.275159478187561,278.3602600097656,3.655413627624512,253.0559234619141,237.94357299804688,0.0025719401892274,0.4271071255207062,300.0,0.2858310341835022,0.280833332488934
20161207.0,0.2912071943283081,0.2451405376195907,0.2397870272397995,0.257702112197876,0.2435665726661682,0.056242536753416,0.0633869469165802,8.0,0.216533362865448,1.275159478187561,281.07403564453125,3.640292644500733,252.27224731445312,239.77459716796875,0.0012848341139033,0.4887336194515228,300.0,0.2794635891914367,0.269499998539686
20161208.0,0.2888622283935547,,,,,,,,,,,,,,,,,,
20161209.0,0.2871886789798736,0.2412825226783752,0.2322014421224594,0.2118662297725677,0.2084178179502487,0.0921030417084693,0.1501205414533615,8.0,0.216533362865448,1.275159478187561,281.8328552246094,3.63424015045166,255.880859375,242.33853149414065,0.0012874602107331,0.300909012556076,300.0,0.2612369656562805,0.267166662961245
20161210.0,0.2859157025814056,,0.2334921658039093,0.2188014090061187,0.2142389863729477,,,8.0,0.216533362865448,1.275159478187561,280.2177734375,3.631228923797608,254.4832763671875,240.3493804931641,0.0332268476486206,0.4065611362457275,300.0,0.273452877998352,0.26404166345795
20161211.0,0.2844707369804382,0.249216541647911,,,,,0.0655842795968055,,,,,,,,,,,,
20161212.0,0.2832211852073669,,0.2455366551876068,0.2352751791477203,0.227067768573761,0.0776977688074112,0.0946684181690216,8.0,0.216533362865448,1.275159478187561,282.18927001953125,3.625236749649048,254.72686767578125,241.22457885742188,0.0009516021818853,0.243638128042221,300.0,0.2729740440845489,0.258166664590438
20161213.0,0.2818257212638855,,,,,,,,,,,,,,,,,,
20161214.0,0.2800498008728027,0.2439120709896087,,,,0.098782755434513,0.1582079529762268,,,,,,,,,,,,
20161215.0,0.2788522839546203,,0.2200086861848831,0.2270211428403854,0.2217910587787628,,0.0845057517290115,8.0,0.216533362865448,1.275159478187561,279.39373779296875,3.616295337677002,253.04412841796875,244.418701171875,0.0016173769254237,0.3249726891517639,300.0,0.2633898556232452,0.252624994764725
20161216.0,0.2777571082115173,,,,,,,,,,,,,,,,,,
20161217.0,0.2766017913818359,0.2407630532979965,0.2365323454141616,0.1933894455432891,0.1926719546318054,0.0669142752885818,0.090762048959732,8.0,0.216533362865448,1.275159478187561,282.0011901855469,3.610008716583252,257.33172607421875,242.65365600585932,0.0001081845184671,0.3413637578487396,300.0,0.2546846866607666,0.247375000268221
20161218.0,0.2756623029708862,,0.2226945459842682,0.210612803697586,0.2074216306209564,,,8.0,0.216533362865448,1.275159478187561,278.0425109863281,3.608063936233521,255.3505249023437,242.09002685546875,0.0008523463038727,0.2035880535840988,300.0,0.2765145897865295,0.24245833295087
20161219.0,0.2769023180007934,,,,,0.0573526360094547,0.0777611657977104,,,,,,,,,,,,
20161220.0,0.2811336517333984,,,0.1938606053590774,0.1942330747842788,,0.0378124341368675,8.0,0.216533362865448,1.275159478187561,278.6593017578125,3.612173318862915,255.904052734375,243.37437438964844,0.3141774237155914,0.4765215814113617,300.0,0.2626258730888366,0.243565219252006
20161223.0,0.3260427415370941,0.297395259141922,0.2520251870155334,0.1963673830032348,0.1963212639093399,,,8.0,0.216533362865448,1.275159478187561,283.90478515625,3.6188015937805176,256.3633728027344,243.6689453125,0.9593594074249268,0.5162808299064636,300.0,0.2647218704223633,0.333500000563535
20161224.0,0.3139740824699402,0.2850476503372192,,,,,0.1488082557916641,,,,,,,,,,,,
20161225.0,0.3075564801692962,0.2784842848777771,0.2571539580821991,0.2308845967054367,0.223579853773117,,0.0939054563641548,8.0,0.216533362865448,1.275159478187561,284.6405334472656,3.6233630180358887,256.0223999023437,243.82899475097656,0.2368572950363159,0.3888929188251495,300.0,0.2542871236801147,0.331874998907248
20161226.0,0.3031356930732727,0.2806409895420074,0.2542188763618469,0.2102862745523452,0.2075439393520355,,,8.0,0.216533362865448,1.275159478187561,281.8348999023437,3.625652551651001,256.90625,242.93228149414065,0.1602317094802856,0.1336375921964645,300.0,0.2633330821990967,0.318625004341205
20161227.0,0.2999800443649292,0.2786928713321686,,,,0.0265013314783573,0.058046206831932,,,,,,,,,,,,
20161228.0,0.296290785074234,,0.2396886646747589,0.2254821360111236,0.2200441062450409,,,8.0,0.216533362865448,1.275159478187561,279.06787109375,3.630249500274658,253.8433990478516,240.5788726806641,0.0008523463038727,0.5108279585838318,300.0,0.2749546766281128,0.307124998420477
20161229.0,0.2939784228801727,,,,,,0.0545670948922634,,,,,,,,,,,,
20161230.0,0.2940998375415802,0.2678679227828979,,,,0.071064107120037,0.0660725757479667,,,,,,,,,,,,
20161231.0,0.2926488816738128,0.257294625043869,0.239607572555542,0.1940136402845382,0.1940041184425354,,,8.0,0.216533362865448,1.275159478187561,276.74664306640625,3.637443780899048,254.97848510742188,241.2786865234375,0.0279837697744369,0.2375288307666778,300.0,0.2798503935337066,0.289083333065112
20170101.0,0.2909288704395294,0.2718364298343658,,,,0.0672591030597686,0.093234047293663,,,,,,,,,,,,
20170102.0,0.2894907295703888,0.261025995016098,0.2315141558647155,0.2000796049833297,0.2001062035560608,,0.0749839767813682,8.0,0.216533362865448,1.275159478187561,275.452392578125,3.638971090316773,253.39779663085932,241.213134765625,0.0025724640581756,0.1884544491767883,300.0,0.2833251059055328,0.279750004410744
20170103.0,0.2880009114742279,0.2726612389087677,0.218933567404747,0.1958727240562439,0.1983325183391571,,,8.0,0.216533362865448,1.275159478187561,273.9580993652344,3.637816905975342,253.17251586914065,242.40914916992188,0.0025610472075641,0.2922241687774658,300.0,0.2798269987106323,0.274416666477919
20170111.0,0.3137728869915008,0.2768990695476532,0.2377231419086456,0.2038492709398269,0.2013985216617584,,0.1163670793175697,8.0,0.216533362865448,1.275159478187561,280.3122253417969,3.631563663482666,253.69610595703125,239.41525268554688,0.7114641666412354,0.1940451860427856,300.0,0.2990487217903137,0.346166666597128
20170112.0,0.3143231272697449,0.2890585958957672,,,,0.056874830275774,0.0546281337738037,,,,,,,,,,,,
20170113.0,0.3299953937530517,,0.2523925006389618,0.2788629233837127,0.2573083043098449,,,8.0,0.216533362865448,1.275159478187561,278.2053527832031,3.629981756210327,249.70248413085932,237.3775787353516,2.0659494400024414,1.433202624320984,300.0,0.3343610465526581,0.373612902818188
20170114.0,0.317222386598587,,,,,0.0949479565024375,0.1765190660953521,,,,,,,,,,,,
20170115.0,0.3212203681468963,0.278622418642044,,,,,,,,,,,,,,,,,
20170116.0,0.3509980142116546,0.3045985996723175,0.2599014043807983,0.2376637458801269,0.2276898026466369,,0.1654713600873947,8.0,0.216533362865448,1.275159478187561,279.6451721191406,3.627500295639038,249.8720703125,236.53628540039065,3.9633219242095934,1.2980612516403198,300.0,0.3333935141563415,0.371333334594965
20170117.0,0.3314343988895416,0.2666206359863281,,,,0.0967951044440269,0.0658284276723861,,,,,,,,,,,,
20170215.0,0.3289787173271179,,,,,,,,,,,,,,,,,,
20170216.0,0.3221824467182159,0.2950790226459503,,,,0.1097412928938865,0.1062654480338096,,,,,,,,,,,,
20170217.0,0.3171390295028686,0.2955287098884582,0.2413545548915863,0.2942665219306946,0.2725876867771148,,0.0912503451108932,8.0,0.216533362865448,1.275159478187561,283.3911437988281,3.636126756668091,249.4963836669922,235.45294189453125,0.0025749204214662,1.0163078308105469,300.0,0.2938712835311889,0.278750001142422
20170218.0,0.3122604191303253,0.2968584299087524,,,,,,,,,,,,,,,,,
20170219.0,0.3090884685516357,,0.2371013164520263,0.2245547026395797,0.2214458286762237,0.098889485001564,0.1758476495742797,8.0,0.216533362865448,1.275159478187561,281.6958312988281,3.641404867172241,255.0393524169922,237.9960327148437,0.1658874154090881,0.7646759748458862,300.0,0.2746264338493347,0.257624998688698
20170220.0,0.307382732629776,0.2939347922801971,0.234121024608612,0.2348905652761459,0.2256361842155456,,,8.0,0.216533362865448,1.275159478187561,281.2014465332031,3.647326707839966,253.82525634765625,240.4146728515625,0.0613823793828487,0.4238418042659759,300.0,0.2744660079479217,0.252749995638927
20170221.0,0.3051453828811645,0.29129359126091,,,,,0.1239661872386932,,,,,,,,,,,,
20170222.0,0.3024944961071014,,0.2486994862556457,0.2390697002410888,0.2285929322242736,0.0787175670266151,0.0871303454041481,8.0,0.216533362865448,1.275159478187561,283.46307373046875,3.657874584197998,254.34646606445312,241.14889526367188,0.0266102943569421,0.7120369076728821,300.0,0.2695384919643402,0.232708333060145
20170223.0,0.2993620038032532,,,,,,,,,,,,,,,,,,
20170224.0,0.2998076379299164,,,,,0.0931849032640457,0.1445661783218383,,,,,,,,,,,,
20170225.0,0.2953265905380249,0.2849604785442352,,0.2449465990066528,0.2352168262004852,,,8.0,0.216533362865448,1.275159478187561,279.6508178710937,3.674185991287232,251.7866058349609,236.9764404296875,0.0025719401892274,1.1274522542953491,300.0,0.2779523730278015,0.230250000332793
20170226.0,0.2923347949981689,0.2895761728286743,,,,,0.060487687587738,,,,,,,,,,,,
20170227.0,0.291552871465683,,,0.2248588055372238,0.2184116393327713,0.0744509398937225,0.0848109349608421,8.0,0.216533362865448,1.275159478187561,283.95184326171875,3.685212850570679,254.43605041503903,240.1343688964844,3.8081095218658447,1.656968593597412,300.0,0.2970918715000152,0.207750000059605
20170301.0,0.3439501225948334,0.2975509464740753,,,,0.0954406335949897,0.1698049902915954,,,,,,,,,,,,
20170302.0,0.3341912627220154,0.2978447377681732,0.2569103538990021,0.2543716728687286,0.2422526031732559,,0.1214331462979316,8.0,0.216533362865448,1.275159478187561,285.0022888183594,3.701981782913208,253.15460205078125,239.00421142578125,0.3526627123355865,0.8782756924629211,300.0,0.293594092130661,0.323333335419496
20170303.0,0.3337646126747131,0.291163831949234,,,,,,,,,,,,,,,,,
20170304.0,0.380300760269165,0.3050152063369751,,,,0.1245631948113441,0.1828363835811615,,,,,,,,,,,,
20170305.0,0.3631890714168548,0.3057014346122741,0.2777419984340668,0.3021486699581146,0.2743267118930816,,,8.0,0.216533362865448,1.275159478187561,281.7439880371094,3.7196974754333496,248.79763793945312,236.72982788085932,2.2411351203918457,1.4160871505737305,300.0,0.3328355252742767,0.365000003327926
20170306.0,0.3526731133460998,0.3226145207881927,,,,0.1398239731788635,0.2597125172615051,,,,,,,,,,,,
20170307.0,0.357157826423645,0.3043972253799438,0.2857006788253784,0.283074289560318,0.2680011391639709,,0.1462141722440719,8.0,0.216533362865448,1.275159478187561,282.67974853515625,3.7229199409484863,250.6785430908203,235.6205139160156,5.996774673461914,1.286781907081604,300.0,0.3287693858146667,0.353333334128062
20170308.0,0.3537204265594482,0.3132526874542236,0.2886810004711151,0.2864255607128143,0.2656888663768768,,,8.0,0.216533362865448,1.275159478187561,285.1582336425781,3.7194607257843018,251.62213134765625,238.2674560546875,0.5719919204711914,1.8150575160980225,300.0,0.301607072353363,0.349916667987903
20170309.0,0.3394572734832763,0.3079966306686401,,,,0.1077810972929,0.1621143221855163,,,,,,,,,,,,
20170310.0,0.3307027518749237,0.2968337535858154,0.2694303393363952,0.2889615297317505,0.2697538137435913,,,8.0,0.216533362865448,1.275159478187561,284.96649169921875,3.7147157192230233,250.97103881835932,236.85223388671875,0.0017120924312621,1.582241415977478,300.0,0.2958733141422272,0.304666666934888
20170311.0,0.3228362202644348,0.293973296880722,,,,,0.136082038283348,,,,,,,,,,,,
20170312.0,0.3612723648548126,0.3032654821872711,,,,0.096457839012146,0.0906094536185264,,,,,,,,,,,,
20170313.0,0.363121747970581,0.3126045167446136,0.2873212695121765,0.2549482882022857,0.2448727488517761,,,8.0,0.216533362865448,1.275159478187561,283.7827453613281,3.7072386741638175,254.16856384277344,239.0409240722656,2.38599181175232,1.2647305727005005,300.0,0.307699978351593,0.358894737143266
20170314.0,0.3464893698692322,0.3017334342002868,,,,0.107613168656826,0.1425214409828186,,,,,,,,,,,,
20170315.0,0.3350492119789123,0.2982816398143768,0.2724725306034088,0.2435253858566284,0.2349211126565933,,,8.0,0.216533362865448,1.275159478187561,285.3617858886719,3.702282905578613,254.9020233154297,240.08322143554688,0.0021494310349226,1.653651475906372,300.0,0.2662476003170013,0.321826087391895
20170316.0,0.3265049457550049,0.2944617569446563,0.273760974407196,0.2756620943546295,0.253943383693695,,0.12479018419981,8.0,0.216533362865448,1.275159478187561,286.9303283691406,3.6998140811920166,252.7443084716797,241.65023803710932,0.0012862976873293,1.912159085273743,300.0,0.2826946973800659,0.304041668772697
20170317.0,0.3194225430488586,0.2925933599472046,,,,0.1034091487526893,0.1159703359007835,,,,,,,,,,,,
20170318.0,0.3144866824150085,0.2905643284320831,0.2748259603977203,0.2491016983985901,0.2398429214954376,,,8.0,0.216533362865448,1.275159478187561,284.3731994628906,3.6948938369750977,255.20681762695312,240.12673950195312,0.0544487386941909,1.319350242614746,300.0,0.2600289285182953,0.263083333770434
20170319.0,0.3103346824645996,0.2910371720790863,,,,0.1065535172820091,0.1207922622561454,,,,,,,,,,,,
20170320.0,0.3068158030509949,0.2937717139720917,,,,,0.0661946460604667,,,,,,,,,,,,
20170321.0,0.3108500838279724,,0.2610266804695129,0.2318672984838485,0.2233462482690811,,,8.0,0.216533362865448,1.275159478187561,281.6444396972656,3.687358856201172,256.6141967773437,244.4866943359375,2.2172086238861084,1.0204706192016602,300.0,0.2578920722007751,0.242199999094009
20170322.0,0.3222255110740661,,,,,0.0508412905037403,0.0474257655441761,,,,,,,,,,,,
20170323.0,0.3668793439865112,0.3011936843395233,0.2814947664737701,0.2701968252658844,0.2532573044300079,,,8.0,0.216533362865448,1.275159478187561,280.84185791015625,3.684923648834229,251.425048828125,238.16677856445312,3.8964710235595694,2.043215036392212,300.0,0.3230451345443725,0.352708333482345
20170324.0,0.346155047416687,,0.2800294160842895,0.2727043330669403,0.2552484571933746,0.1039211377501487,0.1115451529622078,8.0,0.216533362865448,1.275159478187561,281.9964599609375,3.685199499130249,250.47715759277344,237.1908721923828,3.830127954483032,1.449336290359497,300.0,0.3291278779506683,0.32820833226045
20170325.0,0.3664184212684631,0.2970480620861053,,,,,0.1011993810534477,,,,,,,,,,,,
20170326.0,0.3480520844459533,0.2992960810661316,0.26439368724823,0.2309594303369522,0.2234954833984375,,,8.0,0.216533362865448,1.275159478187561,283.6778564453125,3.685116767883301,253.668212890625,240.01983642578125,0.0267489030957222,2.035325288772583,300.0,0.2721360325813293,0.331666668256124
20170327.0,0.3358485698699951,0.2938178777694702,,,,0.1052080988883972,0.1508835107088089,,,,,,,,,,,,
20170328.0,0.3280377388000488,0.2918780446052551,,,,,,,,,,,,,,,,,
20170329.0,0.3188636600971222,0.2896857559680938,,0.2355987727642059,0.2297079116106033,,0.0947294533252716,8.0,0.216533362865448,1.275159478187561,286.6866760253906,3.685111522674561,256.1268005371094,240.56588745117188,0.0017225742340087,2.339938402175904,300.0,0.2324661910533905,0.257791666934888
20170330.0,0.3097377121448517,0.2924674451351166,,,,0.0694354772567749,0.052339244633913,,,,,,,,,,,,
20170331.0,0.319474309682846,0.2814993560314178,,0.2228031307458877,0.2177409827709198,,,8.0,0.216533362865448,1.275159478187561,287.8409423828125,3.685108184814453,259.4365234375,245.1620178222656,11.840286254882812,1.7518035173416138,300.0,0.2202996462583542,0.214916663244367
20170401.0,0.363252192735672,,0.2906887233257293,0.2947087585926056,0.2723481655120849,0.1372894793748855,0.1697439551353454,8.0,0.216533362865448,1.275159478187561,283.4215393066406,3.6851065158844,253.3317413330078,240.11122131347656,5.628588676452637,2.6353321075439453,300.0,0.2800567746162414,0.357458330690861
20170402.0,0.3641019463539123,0.3011568188667297,,,,,,,,,,,,,,,,,
20170403.0,0.3503011763095855,0.2941830456256866,0.274662435054779,0.2489386945962906,0.2390884608030319,,0.0848719775676727,8.0,0.216533362865448,1.275159478187561,285.4178161621094,3.685102939605713,254.82247924804688,240.9399871826172,0.0021376363001763,2.03246808052063,300.0,0.2586183547973633,0.327208333959182
20170404.0,0.3357888162136078,0.2962347269058227,,,,0.0917489975690841,0.0823084190487861,,,,,,,,,,,,
20170405.0,0.340065062046051,0.2915385663509369,,,,,,,,,,,,,,,,,
20170406.0,0.327580988407135,0.286222368478775,0.2826707363128662,0.2304739356040954,0.2247346192598343,0.0990331023931503,0.1325113624334335,8.0,0.216533362865448,1.275159478187561,285.37322998046875,3.6850619316101074,256.80377197265625,242.59548950195312,0.0,2.2017910480499268,300.0,0.2269418537616729,0.260291664550702
20170407.0,0.3173403441905975,0.2743623852729797,,,,,0.0798364207148552,,,,,,,,,,,,
20170408.0,0.3087826073169708,0.2817094326019287,0.2655008137226105,0.2493632733821869,0.2371207028627395,,,8.0,0.216533362865448,1.275159478187561,288.4784851074219,3.685500383377075,255.7095642089844,245.21299743652344,0.0012814997462555,2.628548383712769,300.0,0.21160988509655,0.181666668504477
20170409.0,0.299697071313858,0.2775698006153106,0.2715621590614319,0.2105736136436462,0.2084857672452926,0.0783106833696365,0.0865199714899063,8.0,0.216533362865448,1.275159478187561,290.9561767578125,3.685991287231445,260.2442626953125,248.3188323974609,0.0316651090979576,2.777771234512329,300.0,0.172149583697319,0.140958335871498
20170410.0,0.2916642427444458,0.2864350080490112,,,,,,,,,,,,,,,,,
20170411.0,0.2876818478107452,0.2791851758956909,0.2505169212818146,0.2106953114271164,0.2095091491937637,0.0464878231287002,0.0602435395121574,8.0,0.216533362865448,1.275159478187561,286.5813903808594,3.6868581771850586,261.4409484863281,250.8450164794922,0.3987877368927002,1.6410737037658691,300.0,0.1493014097213745,0.106541666512688
20170412.0,0.2834340333938598,0.2688755691051483,,,,,,,,,,,,,,,,,
20170413.0,0.2760421335697174,0.2683835923671722,,,,,,,,,,,,,,,,,
20170414.0,0.2691797316074371,0.2697345018386841,0.2323333472013473,0.1669284999370575,0.1754741668701172,0.0363191440701484,0.049958799034357,8.0,0.216533362865448,1.275159478187561,286.9488525390625,3.688181877136232,264.49560546875,253.6881103515625,0.0021571840625256,2.159389972686768,300.0,0.129155620932579,0.0911250011995435
20170415.0,0.2697066962718963,0.2710680365562439,,,,,,,,,,,,,,,,,
20170416.0,0.2698025107383728,0.261700302362442,0.2177791446447372,0.1476916968822479,0.1565714627504348,,0.0346995443105697,8.0,0.216533362865448,1.275159478187561,286.2996520996094,3.6890652179718018,265.20904541015625,253.2281188964844,0.0028604140970855,1.7522763013839722,300.0,0.1407351940870285,0.0890833350519339
20170417.0,0.2633451223373413,0.2646570205688476,0.2182348519563675,0.1548162400722503,0.1679224371910095,0.021628750488162,0.0222174748778343,8.0,0.216533362865448,1.275159478187561,287.0617980957031,3.689507007598877,263.8360900878906,254.1526641845703,0.0025808804202824,2.252458572387696,300.0,0.1257172226905822,0.0873333330576618
20170418.0,0.2560223639011383,0.264847844839096,,,,,,,,,,,,,,,,,
20170419.0,0.2482514828443527,,0.1847801208496093,0.1403980106115341,0.1498854011297226,0.0443435423076152,0.0698263496160507,8.0,0.216533362865448,1.275159478187561,284.0345153808594,3.690391540527344,264.47344970703125,252.48455810546875,0.0008523463038727,2.466923236846924,300.0,0.1313923150300979,0.082999998703599
20170420.0,0.2411704212427139,,,,,,,,,,,,,,,,,,
20170421.0,0.2346423119306564,,,,,,0.0,,,,,,,,,,,,
20170422.0,0.2274529188871383,0.250138372182846,0.1751033514738083,0.1184975877404213,0.1346983462572097,0.038902074098587,0.0418713949620723,8.0,0.216533362865448,1.275159478187561,288.9461364746094,3.69146728515625,265.88671875,255.6421813964844,0.0,2.771501064300537,300.0,0.1207201331853866,0.0792916677892208
20170423.0,0.2203540503978729,0.2499825656414032,,,,,,,,,,,,,,,,,
20170424.0,0.2138310521841049,0.2469053119421005,0.13150455057621,0.125996932387352,0.1468960344791412,0.0237273387610912,0.036042358726263,8.0,0.216533362865448,1.275159478187561,290.9944763183594,3.695456981658936,266.82147216796875,258.132080078125,0.0017225742340087,2.66036343574524,300.0,0.1149604544043541,0.077250000089407
20170425.0,0.2463422268629074,,0.1398570388555526,0.1080475375056266,0.1381302326917648,,0.0002441480755805,8.0,0.216533362865448,1.275159478187561,284.7854919433594,3.699372291564941,269.03155517578125,262.1826477050781,9.921462059020996,2.1731948852539062,300.0,0.1093559712171554,0.0814583317066232
20170426.0,0.2954336106777191,0.2911763191223144,,,,,,,,,,,,,,,,,
20170427.0,0.2754894196987152,,0.1463483870029449,0.1689587980508804,0.1739125996828079,0.0572958514094352,0.0686971619725227,8.0,0.216533362865448,1.275159478187561,281.9448547363281,3.7064270973205566,260.5685119628906,247.8934326171875,0.17166668176651,2.0414376258850098,300.0,0.1555462181568145,0.101833333571752
20170428.0,0.2625121772289276,,,,,,,,,,,,,,,,,,
20170429.0,0.2511756718158722,0.2546038925647735,,,,0.0100881336256861,0.0115970335900783,,,,,,,,,,,,
20170430.0,0.282692402601242,0.2559085190296173,0.1450093239545822,0.1099219545722007,0.1129631027579307,,3.051850944757461e-05,8.0,0.216533362865448,1.275159478187561,284.7862548828125,3.717254161834717,268.8563842773437,254.63966369628903,9.722461700439451,2.2907915115356445,300.0,0.1297454237937927,0.12529166880995
20170501.0,0.3083373308181762,0.2950047850608825,,,,,,,,,,,,,,,,,
20170503.0,0.3187057971954345,0.2975042164325714,0.194575160741806,0.2207367867231369,0.2192124426364898,,,8.0,0.216533362865448,1.275159478187561,286.7308349609375,3.72819185256958,257.8388061523437,241.65737915039065,0.2588905692100525,2.0710697174072266,300.0,0.2320546209812164,0.255583333472411
20170504.0,0.3034921288490295,0.2892033457756042,,,,,0.104709006845951,,,,,,,,,,,,
20170505.0,0.297785222530365,0.2813786566257477,0.1832363009452819,0.1947814971208572,0.1953087300062179,0.0389051102101802,0.047853022813797,8.0,0.216533362865448,1.275159478187561,290.0061950683594,3.7355449199676514,262.3016357421875,245.9265594482422,4.383813381195068,2.4049251079559326,300.0,0.2000669687986374,0.153375000382463
20170506.0,0.3380206227302551,0.2784061431884765,,,,,,,,,,,,,,,,,
20170507.0,0.3116489946842193,0.2900820970535278,,,,0.0570512264966964,0.1551255881786346,,,,,,,,,,,,
20170508.0,0.296460211277008,0.2726262211799621,0.1854767650365829,0.1931381970643997,0.1937647312879562,,,8.0,0.216533362865448,1.275159478187561,288.1281433105469,3.746983528137207,262.3587951660156,246.18405151367188,0.0,2.4893274307250977,300.0,0.1795001924037933,0.180499999473492
20170509.0,0.2841415405273437,0.2702241837978363,,,,,0.0357066579163074,,,,,,,,,,,,
20170510.0,0.2844531536102295,0.2654144167900085,0.1760112196207046,0.160712793469429,0.1648163646459579,0.0609161257743835,0.052400279790163,8.0,0.216533362865448,1.275159478187561,290.57501220703125,3.75055718421936,266.1474914550781,251.9185485839844,2.8373465538024902,3.092705726623535,300.0,0.1554466187953949,0.143916666818162
20170511.0,0.3066390454769134,0.2812097370624542,0.2094902545213699,0.2408324480056762,0.2360720634460449,,,8.0,0.216533362865448,1.275159478187561,289.88525390625,3.749953269958496,259.0687866210937,243.7991943359375,4.081672668457031,3.033928871154785,300.0,0.2116392105817794,0.217238094125475
20170512.0,0.2951544523239136,0.2822402715682983,,,,0.0799552872776985,0.1112094521522522,,,,,,,,,,,,
20170513.0,0.2929941713809967,0.2736992835998535,0.2011052221059799,0.1877824813127517,0.1889933347702026,,0.0959196761250495,8.0,0.216533362865448,1.275159478187561,289.58514404296875,3.749762296676636,264.91314697265625,249.70201110839844,2.302447557449341,2.677680015563965,300.0,0.1657811403274536,0.18499999979268
20170514.0,0.2836694717407226,0.2658808529376983,,,,,,,,,,,,,,,,,
20170515.0,0.2684238255023956,0.2598892450332641,,,,0.0612609088420867,0.0751365721225738,,,,,,,,,,,,
20170516.0,0.2537597715854645,0.2570566236972809,0.1877483427524566,0.1505938470363617,0.1603365391492843,,,8.0,0.216533362865448,1.275159478187561,296.6737976074219,3.749285697937012,270.1354064941406,258.2836608886719,0.0008523463620804,3.3377132415771484,300.0,0.1229535117745399,0.0880833333358169
20170517.0,0.2436413615942001,0.2518549859523773,,,,0.0284219905734062,0.0427869521081447,,,,,,,,,,,,
20170518.0,0.2983887493610382,0.2845936119556427,0.203667864203453,0.2312757968902588,0.2275147289037704,,0.0301217697560787,8.0,0.216533362865448,1.275159478187561,285.8915405273437,3.748968124389648,263.29229736328125,248.0316162109375,15.424142837524414,2.1156461238861084,300.0,0.193509966135025,0.289000002046426
20170519.0,0.3395329117774963,,0.238557681441307,0.2853366136550903,0.2722562849521637,,,8.0,0.216533362865448,1.275159478187561,285.7198181152344,3.748809337615967,255.47564697265625,240.6698303222656,4.175040245056152,3.3547840118408203,300.0,0.2456743419170379,0.308416667083899
20170520.0,0.3138507902622223,0.2894811332225799,,,,0.1134703680872917,0.1855525374412536,,,,,,,,,,,,
20170521.0,0.2946444749832153,0.2688077986240387,0.2128212749958038,0.2066606283187866,0.2059659957885742,,,8.0,0.216533362865448,1.275159478187561,290.9288330078125,3.748491764068604,261.2452392578125,245.5116577148437,0.0,3.5929980278015137,300.0,0.1943724900484085,0.218041667093833
20170522.0,0.2854644060134887,0.2663683891296386,,,,,0.0033570360392332,,,,,,,,,,,,
20170523.0,0.2824507355690002,0.2614243626594543,,,,,0.0058290353044867,,,,,,,,,,,,
20170524.0,0.2680965662002563,0.2564892470836639,0.2060433030128479,0.1687196642160415,0.1724811345338821,,,8.0,0.216533362865448,1.275159478187561,294.9295654296875,3.747080326080322,267.8188171386719,253.8149871826172,0.0008553265361115,3.3457462787628174,300.0,0.1452110707759857,0.105833333606521
20170525.0,0.2532837688922882,0.2529767751693725,,,,0.0556143261492252,0.1136814504861831,,,,,,,,,,,,
20170526.0,0.244418978691101,0.2456648647785186,0.1829564869403839,0.1350584626197815,0.1401510089635849,,,8.0,0.216533362865448,1.275159478187561,298.4490966796875,3.75827431678772,273.6307983398437,259.1644897460937,1.586675047874451,3.697703361511232,300.0,0.1413659006357193,0.0845416684945424
20170527.0,0.2422475069761276,0.2421141564846038,0.1789983212947845,0.1333078891038894,0.1474596112966537,,0.0051271095871925,8.0,0.216533362865448,1.275159478187561,297.6311340332031,3.771074771881104,273.2260437011719,262.3879699707031,0.0012831644853577,3.496964931488037,300.0,0.1126367449760437,0.0813333342472712
20170528.0,0.2274288833141327,0.2524953484535217,,,,0.0217390656471252,0.0214239936321973,,,,,,,,,,,,
20170529.0,0.2188662737607956,0.2400287985801696,0.1665078699588775,0.1284051239490509,0.1434981971979141,,,8.0,0.216533362865448,1.275159478187561,295.6514892578125,3.793981075286865,274.7076110839844,263.9759521484375,3.378453493118286,2.5163779258728027,300.0,0.1119046360254287,0.0799999982118607
20170530.0,0.3169132173061371,0.2538583874702453,,,,0.0922088325023651,0.124637596309185,,,,,,,,,,,,
20170531.0,0.326423704624176,0.2855001986026764,,,,,0.0707419067621231,,,,,,,,,,,,
20170601.0,0.2941669225692749,0.273971676826477,0.198511004447937,0.1899984925985336,0.1912629455327987,,,8.0,0.216533362865448,1.275159478187561,295.09844970703125,3.829758882522583,267.5341796875,252.9509429931641,0.0364798903465271,3.3259406089782715,300.0,0.1607090830802917,0.125750001519918
20170602.0,0.2798517644405365,0.2549208402633667,,,,0.0514556877315044,0.0594195388257503,,,,,,,,,,,,
20170603.0,0.3322478532791137,0.2704030275344848,0.1515646576881408,0.1599007546901703,0.1649698466062545,,,8.0,0.216533362865448,1.275159478187561,290.0426025390625,3.8541746139526367,271.54351806640625,257.6397705078125,13.770413398742676,2.4043664932250977,300.0,0.1266547739505767,0.16941666478912
20170604.0,0.3261970281600952,,0.2202628850936889,0.2348640263080597,0.2333094328641891,0.0939896628260612,0.1338541805744171,8.0,0.216533362865448,1.275159478187561,289.3510437011719,3.8665518760681152,261.97216796875,245.17599487304688,2.870192527770996,2.915156364440918,300.0,0.2073573619127273,0.241124999398986
20170605.0,0.3184631466865539,0.3075296878814697,,,,,0.0701010152697563,,,,,,,,,,,,
20170606.0,0.3102609813213348,0.2748585045337677,0.189444750547409,0.1870625615119934,0.188643679022789,,,8.0,0.216533362865448,1.275159478187561,289.6796875,3.8916444778442383,266.14599609375,251.37353515625,1.9022650718688965,3.5484933853149414,300.0,0.169229120016098,0.185708332806826
20170607.0,0.2938240766525268,0.2522942721843719,,,,,0.0005493331700563,,,,,,,,,,,,
20170609.0,0.3094596266746521,0.2546424567699432,0.1882907450199127,0.1418508887290954,0.1543579846620559,0.0406782440841198,0.0574968717992305,8.0,0.216533362865448,1.275159478187561,293.2973327636719,3.930335521697998,271.7803955078125,260.56475830078125,1.1289407014846802,2.695340633392334,300.0,0.1257869005203247,0.119208333703379
20170610.0,0.2867344617843628,0.253684401512146,,,,,0.0216986611485481,,,,,,,,,,,,
20170611.0,0.2664877474308014,0.2496769875288009,0.1721540242433548,0.1312146484851837,0.1448653787374496,,,8.0,0.216533362865448,1.275159478187561,298.202392578125,3.953993082046509,274.3392333984375,263.1251220703125,0.0042915344238281,3.69110918045044,300.0,0.1226112097501754,0.100291667195658
20170612.0,0.2506540417671203,0.2469285130500793,0.1625933051109314,0.1260722875595092,0.1430215835571289,0.0305657722055912,0.0711081251502037,8.0,0.216533362865448,1.275159478187561,296.291748046875,3.9643728733062735,274.8385009765625,264.5375366210937,0.0042078243568539,3.481207847595215,300.0,0.1201634779572486,0.0906666669373711
20170613.0,0.2373336553573608,0.2329811453819275,,,,,,,,,,,,,,,,,
20170614.0,0.2279381304979324,0.2288220822811126,0.1745795607566833,0.12022365629673,0.147341713309288,,0.0138859217986464,8.0,0.216533362865448,1.275159478187561,299.8757629394531,3.986023426055908,275.6542358398437,268.0408935546875,0.4636771380901336,3.29744029045105,300.0,0.1123533993959426,0.0806250010306637
20170615.0,0.2198508977890014,0.2305839657783508,,,,,0.0039368877187371,,,,,,,,,,,,
20170616.0,0.2105988413095474,0.2481054812669754,,,,,,,,,,,,,,,,,
20170617.0,0.1986253708600998,0.210743710398674,0.1418094635009765,0.0894736349582672,0.1054868698120117,0.0292892921715974,0.0473342090845108,8.0,0.216533362865448,1.275159478187561,297.7851257324219,4.018922805786133,278.6455078125,268.0574951171875,0.0008583068847656,3.548300504684448,300.0,0.1176845654845237,0.0740416667734583
20170618.0,0.186827152967453,0.205921933054924,,,,,,,,,,,,,,,,,
20170619.0,0.1759701818227768,0.208903357386589,0.1381079405546188,0.0801108703017234,0.1017801165580749,,,8.0,0.216533362865448,1.275159478187561,302.51226806640625,4.041221618652344,280.48150634765625,270.7985534667969,0.0017138594994321,3.129990100860596,300.0,0.1072879284620285,0.0706666661426425
20170620.0,0.1816264539957046,0.2059851884841919,0.1561993509531021,0.0789885818958282,0.095130942761898,,0.0040284432470798,8.0,0.216533362865448,1.275159478187561,301.80633544921875,4.052480697631836,282.64111328125,271.7353210449219,3.7700271606445312,3.06721305847168,300.0,0.1063145399093627,0.0691666680698593
20170621.0,0.2034869939088821,0.2174874246120453,,,,,,,,,,,,,,,,,
20170622.0,0.1908378601074218,0.2086403965950012,0.1217516437172889,0.0930177643895149,0.1118135750293731,,0.0033875545486807,8.0,0.216533362865448,1.275159478187561,301.6042785644531,4.07521915435791,282.2665405273437,272.12872314453125,0.0043967100791633,3.104687452316284,300.0,0.0987711772322654,0.0669583339865009
20170623.0,0.1807922422885894,0.2250697314739227,,,,,0.0050965910777449,,,,,,,,,,,,
20170624.0,0.1747069060802459,0.2223225384950637,,,,,,,,,,,,,,,,,
20170625.0,0.1676060855388641,0.1884109377861023,0.1100491434335708,0.091537520289421,0.1090265810489654,,,8.0,0.216533362865448,1.275159478187561,296.513916015625,4.110358238220215,278.4755554199219,268.23748779296875,0.196922481060028,2.61258864402771,300.0,0.1201691180467605,0.066708334411184
20170626.0,0.2039919048547744,0.2107250839471817,,,,,,,,,,,,,,,,,
20170627.0,0.2669507563114166,0.2190690636634826,0.1523022204637527,0.1150967627763748,0.1395690590143203,0.0196306575089693,0.0366832502186298,8.0,0.216533362865448,1.275159478187561,294.047607421875,4.127855777740479,276.0423278808594,267.3740234375,10.92290210723877,2.632359743118286,300.0,0.1156482249498367,0.0759583335990707
20170628.0,0.3141781687736511,0.2450694441795349,0.2036458551883697,0.2408117651939392,0.2373092919588089,,,8.0,0.216533362865448,1.275159478187561,291.427734375,4.1329851150512695,265.5329284667969,252.93153381347656,7.909143924713135,4.097012042999268,300.0,0.1887764632701873,0.162249999431272
20170629.0,0.3174744844436645,0.2760825455188751,,,,,,,,,,,,,,,,,
20170630.0,0.3346878588199615,0.2805794477462768,0.2069957256317138,0.255904883146286,0.2499145716428756,0.0983784422278404,0.2119205296039581,8.0,0.216533362865448,1.275159478187561,287.2252197265625,4.144858360290527,261.8912353515625,249.32205200195312,14.07402515411377,4.451299667358398,300.0,0.2298311442136764,0.263333333656192
20170701.0,0.3355931937694549,0.2627969682216644,,,,,,,,,,,,,,,,,
20170702.0,0.3131126761436462,0.2825207412242889,,,,,0.156010627746582,,,,,,,,,,,,
20170703.0,0.2977024614810943,0.2881568670272827,0.2005554437637329,0.2063000500202179,0.208549290895462,0.0434919036924839,0.0596636869013309,8.0,0.216533362865448,1.275159478187561,293.3387451171875,4.1625075340271,266.271728515625,251.8427276611328,0.6900844573974609,2.657187938690185,300.0,0.2102682143449783,0.229499998812874
20170704.0,0.2808876931667328,0.2568915486335754,,,,,,,,,,,,,,,,,
20170705.0,0.2601369023323059,0.2390237301588058,0.187743604183197,0.1767885982990265,0.1829466819763183,,,8.0,0.216533362865448,1.275159478187561,299.8707275390625,4.174363136291504,271.6304931640625,258.23260498046875,0.0017180485883727,4.170663356781006,300.0,0.2005019634962082,0.210523808995883
20170706.0,0.2460809499025344,0.2425251007080078,0.1886485815048217,0.1523084342479705,0.1657523065805435,,,8.0,0.216533362865448,1.275159478187561,298.1781005859375,4.180317401885986,274.37628173828125,263.2618408203125,0.0124952904880046,2.807444334030152,300.0,0.1411682516336441,0.204624999935428
20170707.0,0.2350482493638992,0.2251831293106079,,,,,0.0481887273490428,,,,,,,,,,,,
20170708.0,0.2461193203926086,0.2168214470148086,0.1705145090818405,0.1608047038316726,0.1737493127584457,0.0295071545988321,0.0263985116034746,8.0,0.216533362865448,1.275159478187561,297.1526184082031,4.192279815673828,275.1413269042969,264.1065368652344,8.455487251281738,2.626089334487915,300.0,0.1443811357021331,0.179125000412265
20170709.0,0.3356444835662842,0.2627197504043579,,,,,,,,,,,,,,,,,
20170710.0,0.33560511469841,0.2669050395488739,,,,0.0364915542304515,0.0516068004071712,,,,,,,,,,,,
20170711.0,0.315195232629776,0.2536456882953644,0.1948819458484649,0.2060045599937439,0.2099119275808334,,0.0,8.0,0.216533362865448,1.275159478187561,293.988525390625,4.211780548095703,268.5050354003906,255.9130249023437,0.5568979978561401,2.7295854091644287,300.0,0.1776623725891113,0.261833331858118
20170712.0,0.2972307503223419,0.2610263526439667,,,,,,,,,,,,,,,,,
20170713.0,0.2860325276851654,0.2405623793601989,0.1721125394105911,0.1714913547039032,0.1844497323036193,,,8.0,0.216533362865448,1.275159478187561,293.6497802734375,4.2064409255981445,270.90606689453125,260.5314025878906,0.466840386390686,2.613609790802002,300.0,0.14966881275177,0.229708331947525
20170714.0,0.273676723241806,0.2361426800489425,0.167739525437355,0.1575413793325424,0.1677385866641998,,,8.0,0.216533362865448,1.275159478187561,293.93365478515625,4.193121910095215,272.48394775390625,260.33056640625,0.069154106080532,3.169625997543335,300.0,0.149784043431282,0.217291666815678
20170715.0,0.2587212324142456,0.1952518671751022,,,,0.0182092580944299,0.0248420666903257,,,,,,,,,,,,
20170716.0,0.2428469210863113,0.2007057219743728,0.1554086655378341,0.1523216515779495,0.1711501777172088,,0.0,8.0,0.216533362865448,1.275159478187561,297.7377014160156,4.171207904815674,272.4761962890625,263.1274108886719,0.0008523463038727,3.899693727493286,300.0,0.1414706259965896,0.174166666343808
20170717.0,0.227660521864891,0.2094170004129409,,,,,,,,,,,,,,,,,
20170718.0,0.2193436324596405,0.1775142550468444,,,,0.0165814273059368,0.0615253150463104,,,,,,,,,,,,
20170719.0,0.238840252161026,0.2345175892114639,0.2028158009052276,0.1919594258069992,0.204757884144783,,,8.0,0.216533362865448,1.275159478187561,297.3757629394531,4.137962818145752,272.8720703125,263.905517578125,8.264429092407227,3.594696283340454,300.0,0.1477951109409332,0.1512500004222
20170721.0,0.2693528234958648,0.2626899778842926,0.1790821850299835,0.2235395908355713,0.2289308607578277,0.0442593209445476,0.0439161360263824,8.0,0.216533362865448,1.275159478187561,293.0624694824219,4.116114616394043,267.2444152832031,258.41064453125,0.6180528998374939,1.8718109130859373,300.0,0.1529621630907058,0.203624999150634
20170722.0,0.2568723857402801,0.2412553578615188,0.1843143552541732,0.1795184016227722,0.1894091069698333,,,8.0,0.216533362865448,1.275159478187561,293.8222045898437,4.10528564453125,270.43231201171875,259.0608825683594,0.0660679787397384,2.339759111404419,300.0,0.1441450715065002,0.184458333998919
20170723.0,0.24383445084095,0.2327895164489746,,,,0.0521318018436431,0.07559435069561,,,,,,,,,,,,
20170724.0,0.2569681406021118,0.2418792694807052,0.1623163521289825,0.1706524491310119,0.1880526542663574,,,8.0,0.216533362865448,1.275159478187561,292.636962890625,4.0838165283203125,270.69140625,261.7118530273437,3.142770290374756,3.331855773925781,300.0,0.1279758960008621,0.16016666777432
20170725.0,0.2500185668468475,0.226614773273468,,,,,0.032349620014429,,,,,,,,,,,,
20170726.0,0.2412302494049072,0.2129471898078918,,,,0.0340472124516963,0.0485244318842887,,,,,,,,,,,,
20170727.0,0.2313718497753143,0.2036480903625488,0.1563821882009506,0.1253099292516708,0.1344891488552093,,,8.0,0.216533362865448,1.275159478187561,294.6806335449219,4.051522254943848,275.04345703125,262.372802734375,0.0045500961132347,2.279703617095948,300.0,0.1334646791219711,0.139666667828957
20170728.0,0.2203588187694549,0.20546655356884,,,,0.0162775181233882,0.0289925839751958,,,,,,,,,,,,
20170729.0,0.208699882030487,0.1925369203090667,,0.1209628209471702,0.1486041843891143,,,8.0,0.216533362865448,1.275159478187561,297.60137939453125,4.037527084350586,275.0647888183594,267.1124267578125,0.0493262596428394,2.778219223022461,300.0,0.1201105341315269,0.137363638390194
20170801.0,0.2057652771472931,0.2115494310855865,0.1377532929182052,0.12314373254776,0.1523563265800476,,,8.0,0.216533362865448,1.275159478187561,295.9443664550781,4.027483940124512,275.77117919921875,268.2533874511719,1.0346533060073853,2.551153421401977,300.0,0.1180153861641883,0.142916667585572
20170802.0,0.1965191662311554,0.1826986819505691,,,,,3.051850944757461e-05,,,,,,,,,,,,
20170803.0,0.1848768889904022,0.1814521551132202,,,,,,,,,,,,,,,,,
20170804.0,0.1748335808515548,0.1892174780368805,,0.1014021411538124,0.130906343460083,,,8.0,0.216533362865448,1.275159478187561,298.5711669921875,4.016946792602539,278.8399963378906,271.04034423828125,0.0019340852741152,2.2360312938690186,300.0,0.1032011732459068,0.129375000794729
20170805.0,0.1706060469150543,0.1863693743944168,,,,,0.0132450331002473,,,,,,,,,,,,
20170806.0,0.1669828742742538,0.1726877242326736,0.0790342614054679,0.0972643047571182,0.1390696913003921,,,8.0,0.216533362865448,1.275159478187561,295.6838684082031,4.009959697723389,275.9940490722656,270.7689819335937,0.0267237573862075,2.43365216255188,300.0,0.1071945205330848,0.150421053955429
20170818.0,0.2139634191989898,0.1637008786201477,,,,,0.0,,,,,,,,,,,,
20170819.0,0.2085527032613754,0.1727785170078277,,,,,,,,,,,,,,,,,
20170820.0,0.1982246786355972,0.1569689512252807,0.1091445907950401,0.1355034857988357,0.1670148372650146,0.0055201123468577,0.0111392559483647,8.0,0.216533362865448,1.275159478187561,293.1120910644531,3.934418916702272,271.47393798828125,264.9686584472656,0.0,2.412435531616211,300.0,0.1209310069680213,0.1749565238538
20170915.0,0.2729535698890686,0.197160929441452,0.1730127185583114,0.2051170021295547,0.209826648235321,0.0691185295581817,0.1299172937870025,8.0,0.216533362865448,1.275159478187561,286.6712341308594,3.8631808757781982,264.831787109375,253.03384399414065,5.4835638999938965,1.816378235816956,300.0,0.1431459486484527,0.0960434788595075
20170916.0,0.2894357740879059,0.1966524273157119,,0.1987601816654205,0.2036066055297851,,,8.0,0.216533362865448,1.275159478187561,285.437744140625,3.857968807220459,264.511474609375,252.20993041992188,1.382127046585083,1.5697892904281616,300.0,0.1495542973279953,0.0844166660681367
20170917.0,0.2907675504684448,0.2022943049669265,,,,,0.0447401367127895,,,,,,,,,,,,
20170918.0,0.3323257565498352,0.2419010698795318,,0.266424685716629,0.2577325999736786,0.0762053355574607,0.1148411482572555,8.0,0.216533362865448,1.275159478187561,286.9398803710937,3.848765850067138,259.2518005371094,249.52413940429688,7.325555801391602,1.712157964706421,300.0,0.2120650708675384,0.143000000156462
20170919.0,0.3037678599357605,0.218580812215805,,,,,,,,,,,,,,,,,
20170920.0,0.286865621805191,0.2143410444259643,,,,0.0750151351094245,0.0865810140967369,,,,,,,,,,,,
20170921.0,0.2719413042068481,0.2098302692174911,0.1791480779647827,0.1967461556196212,0.2022576183080673,,0.0903042703866958,8.0,0.216533362865448,1.275159478187561,290.5120849609375,3.8348639011383057,263.902587890625,252.34539794921875,0.0,2.065460443496704,300.0,0.147635743021965,0.106041666430732
20170922.0,0.2648660838603973,0.1987161636352539,,,,,,,,,,,,,,,,,
20170923.0,0.2588396370410919,0.2019120007753372,0.1584447473287582,0.1767681837081909,0.1849871426820755,0.0550299622118473,0.0735801234841346,8.0,0.216533362865448,1.275159478187561,291.3915710449219,3.825677394866944,266.66241455078125,255.0233459472656,0.0,1.8638017177581787,300.0,0.1360946297645568,0.076708333256344
20170924.0,0.2491445988416671,0.2040561437606811,0.172640323638916,0.1567975878715515,0.1709598451852798,,,8.0,0.216533362865448,1.275159478187561,293.5378723144531,3.821108341217041,269.25537109375,258.9682922363281,0.0017285346984863,1.96092426776886,300.0,0.1266317516565323,0.0634166671273609
20170925.0,0.304940402507782,0.1938377171754837,,,,0.055425189435482,0.0976592302322387,,,,,,,,,,,,
20170926.0,0.3061463236808777,0.199875071644783,0.1920186430215835,0.2308409810066223,0.2292149811983108,,0.0260628070682287,8.0,0.216533362865448,1.275159478187561,289.6075134277344,3.8120193481445312,263.7154541015625,252.93917846679688,0.7311837673187256,1.3047105073928833,300.0,0.1568437814712524,0.0999166661252578
20170927.0,0.286323606967926,0.2105195820331573,,,,,,,,,,,,,,,,,
20170928.0,0.2713361978530884,0.1960294693708419,,,,0.0534139610826969,0.0821558311581611,,,,,,,,,,,,
20170929.0,0.2598851919174194,0.1940673887729644,0.1792642921209335,0.1745314002037048,0.1861954629421234,,,8.0,0.216533362865448,1.275159478187561,293.8528747558594,3.798650026321411,268.7889404296875,258.755615234375,0.0393381305038929,1.845045566558838,300.0,0.1268573701381683,0.060583333329608
20171001.0,0.3106747567653656,0.234428584575653,0.1900134235620498,0.2085014581680297,0.2106069028377533,0.0441256240010261,0.0463881343603134,8.0,0.216533362865448,1.275159478187561,287.0393371582031,3.787988424301148,263.9993591308594,252.1439819335937,2.408273458480835,0.5694440603256226,300.0,0.1710928678512573,0.0930000006531676
20171002.0,0.3115514516830444,0.2781855463981628,0.212141528725624,0.1940559893846511,0.1968206763267517,,,8.0,0.216533362865448,1.275159478187561,291.3526611328125,3.781633138656616,266.1874694824219,252.4424743652344,1.731372356414795,1.3024181127548218,300.0,0.1433720290660858,0.109208332995574
20171003.0,0.307242214679718,0.2376762330532074,,,,0.0921289771795272,0.2028565257787704,,,,,,,,,,,,
20171004.0,0.299486756324768,0.2386880815029144,0.2092660814523697,0.2201732695102691,0.2206598371267318,,,8.0,0.216533362865448,1.275159478187561,290.1353454589844,3.769468307495117,264.2618408203125,253.6927947998047,0.0448011048138141,0.7542539834976196,300.0,0.1577269732952118,0.0914583330353101
20171005.0,0.2892623543739319,0.2232632637023925,,,,,0.0083010345697402,,,,,,,,,,,,
20171006.0,0.2887335121631622,0.2145714163780212,,,,,0.0,,,,,,,,,,,,
20171008.0,0.2712742388248443,0.1919575184583664,,,,0.0126107539981603,0.027832880616188,,,,,,,,,,,,
20171009.0,0.265550822019577,0.2017024010419845,0.1726846396923065,0.1718438416719436,0.1755218654870987,,0.0530716888606548,8.0,0.216533362865448,1.275159478187561,287.45428466796875,3.739465713500977,266.162109375,251.75344848632807,0.0974915251135826,0.7953445911407471,300.0,0.1642251461744308,0.0818750006146729
20171010.0,0.2630963325500488,0.198042944073677,0.1734727919101715,0.1725622862577438,0.1854662746191024,,,8.0,0.216533362865448,1.275159478187561,288.464599609375,3.7335596084594727,265.4208984375,256.0369873046875,0.2332656532526016,0.873837947845459,300.0,0.15422984957695,0.0691666666728755
20171011.0,0.2579124867916107,0.2108539193868637,,,,0.0648867115378379,0.0752586424350738,,,,,,,,,,,,
20171012.0,0.2515616416931152,0.2005756795406341,0.1672404557466507,0.1296467930078506,0.1339838653802871,,,8.0,0.216533362865448,1.275159478187561,290.8092956542969,3.721841335296631,272.5166015625,258.1092834472656,0.1536725908517837,1.3559852838516235,300.0,0.1302754878997802,0.10050000064075
20171013.0,0.2454089373350143,0.1991015672683715,,,,0.0417228825390338,0.0430921353399753,,,,,,,,,,,,
20171014.0,0.2391113191843032,0.1847142726182937,,,,,0.0,,,,,,,,,,,,
20171015.0,0.233027771115303,0.1998369544744491,0.1582700908184051,0.1519847512245178,0.1674837321043014,,,8.0,0.216533362865448,1.275159478187561,293.4734191894531,3.7039406299591056,269.8529968261719,260.01806640625,0.0,1.5238869190216064,300.0,0.1266666948795318,0.0972916673248013
20171016.0,0.226953849196434,0.1916770190000534,,,,0.0010032097343355,0.0406201370060443,,,,,,,,,,,,
20171017.0,0.2217161357402801,0.1857752650976181,0.153837651014328,0.1342144459486007,0.1536221802234649,,,8.0,0.216533362865448,1.275159478187561,292.9547424316406,3.699336528778076,272.0600891113281,262.72784423828125,0.0107212346047163,1.3502305746078491,300.0,0.1246973425149917,0.0946521720160609
20171018.0,0.2421625256538391,0.1758310347795486,0.1343146860599517,0.1225771754980087,0.1519031375646591,,0.006378368474543,8.0,0.216533362865448,1.275159478187561,291.5507202148437,3.701228141784668,272.0335998535156,265.0602722167969,13.554000854492188,1.3822667598724363,300.0,0.1094042658805847,0.138583332610627
20171019.0,0.3182714879512787,0.2324642688035965,,,,0.0187200475484132,0.0365306548774242,,,,,,,,,,,,
20171020.0,0.2908843457698822,0.200426235795021,0.1500542759895324,0.1779272854328155,0.1920377761125564,,,8.0,0.216533362865448,1.275159478187561,289.4298400878906,3.7032337188720703,266.31695556640625,258.18359375,0.0024100476875901,0.8672971725463867,300.0,0.1478661000728607,0.223916665961345
20171023.0,0.2732860445976257,0.2189568132162094,0.1540924906730651,0.1596825867891311,0.1723037958145141,,0.041688285768032,8.0,0.216533362865448,1.275159478187561,286.6936340332031,3.706585168838501,265.654541015625,255.4351959228516,0.0491814650595188,0.8544442653656006,300.0,0.1570090502500534,0.367041666060686
20171024.0,0.265768438577652,0.2041355967521667,,,,0.0397838614881038,0.0378124341368675,,,,,,,,,,,,
20171025.0,0.258510559797287,0.205956757068634,0.1504581123590469,0.1849900782108307,0.1938383430242538,,,8.0,0.216533362865448,1.275159478187561,290.9104919433594,3.7088255882263184,264.6983642578125,255.1045684814453,0.0,1.2178170680999756,300.0,0.1415963917970657,0.282958333690961
20171026.0,0.251737892627716,0.2026983052492141,0.1425733864307403,0.1722400933504104,0.1832978576421737,,,8.0,0.216533362865448,1.275159478187561,291.0053405761719,3.7099475860595694,266.8310546875,256.955078125,0.000862464250531,1.2751463651657104,300.0,0.1407810747623443,0.247166665270925
20171027.0,0.2505728304386139,0.2097335010766983,,,,,,,,,,,,,,,,,
20171028.0,0.2485097199678421,0.1960050165653228,0.1436071544885635,0.1545062959194183,0.1722022593021392,,,8.0,0.216533362865448,1.275159478187561,286.7782287597656,3.7121951580047607,267.3804931640625,258.75787353515625,0.0138613246381282,0.9547584056854248,300.0,0.1449011862277984,0.198124999801318
20171029.0,0.2466453313827514,,,,,0.0279696397483348,0.0380870997905731,,,,,,,,,,,,
20171030.0,0.2488837093114853,0.2129250913858413,,,,,,,,,,,,,,,,,
20171101.0,0.2405383586883545,0.191620260477066,,,,,0.0189825128763914,,,,,,,,,,,,
20171102.0,0.2364261150360107,0.1918396800756454,0.1341136544942855,0.1295782029628753,0.1449330598115921,,,8.0,0.216533362865448,1.275159478187561,287.8655090332031,3.714145660400391,266.9400329589844,256.5172119140625,0.000426173210144,0.9324249625205994,300.0,0.154361754655838,0.24824999893705
20171103.0,0.2327653914690017,0.1879004687070846,0.1411125510931015,0.1405989676713943,0.1553672552108764,0.0241206064820289,0.0424207299947738,8.0,0.216533362865448,1.275159478187561,287.6434020996094,3.71081018447876,267.0511474609375,256.7834777832031,0.0844859629869461,0.7624495029449463,300.0,0.1568226516246795,0.22604166654249
20171104.0,0.2573273181915283,0.1760263890028,,,,,,,,,,,,,,,,,
20171105.0,0.3342656195163727,,0.1502401679754257,0.1666154414415359,0.1737652122974395,0.0318310149013996,0.0399792492389678,8.0,0.216533362865448,1.275159478187561,282.8168029785156,3.7052083015441895,264.8052673339844,252.78713989257807,4.309739589691162,1.5979573726654053,300.0,0.164298340678215,0.369857141659373
20171106.0,0.3091532588005066,,,,,,0.0733665004372596,,,,,,,,,,,,
20171110.0,0.3156682252883911,0.2467645853757858,0.177287295460701,0.1931234896183014,0.1939426660537719,,0.0873744934797287,8.0,0.216533362865448,1.275159478187561,281.8109741210937,3.6910133361816406,258.291259765625,244.41995239257807,0.345449835062027,0.5072301626205444,300.0,0.2524636089801788,0.367333337664604
20171116.0,0.2869565188884735,,,0.2081702798604965,0.2068436741828918,,0.0,8.0,0.216533362865448,1.275159478187561,278.5917663574219,3.6743297576904297,255.00314331054688,239.40914916992188,0.0017258170992136,0.5458081960678101,300.0,0.2795380651950836,0.298666667193174
20171117.0,0.2829927206039428,,,,,,,,,,,,,,,,,,
20171118.0,0.2796133756637573,,0.1573639661073684,0.1915989518165588,0.1919532269239425,0.0212795734405517,0.0,8.0,0.216533362865448,1.275159478187561,278.844970703125,3.667667865753174,257.6512451171875,243.25010681152344,0.0024120786692947,0.4414785802364349,300.0,0.2571648955345154,0.267458330839872
20171119.0,0.2769448757171631,,,0.2012533545494079,0.2003288269042968,,0.0579241327941417,8.0,0.216533362865448,1.275159478187561,277.57989501953125,3.663662195205689,255.7281494140625,240.98878479003903,0.000435113790445,0.411865085363388,300.0,0.2775664925575256,0.253749997665485
20171120.0,0.2745389342308044,,,,,,,,,,,,,,,,,,
20171121.0,0.2719947397708893,,0.1500971317291259,0.187800794839859,0.1931259930133819,0.045227725058794,0.0614642798900604,8.0,0.216533362865448,1.275159478187561,281.6256103515625,3.655992031097412,256.7950744628906,246.60623168945312,0.000435113790445,0.5747258067131042,300.0,0.2314962148666381,0.23504166615506
20171122.0,0.2685904204845428,,,,,,,,,,,,,,,,,,
20171123.0,0.2649351060390472,,,,,0.055060688406229,0.0791955292224884,,,,,,,,,,,,
20171124.0,0.2690973877906799,0.2235221713781356,0.1674428135156631,0.1655510663986206,0.1700610518455505,,0.0336313992738723,8.0,0.216533362865448,1.275159478187561,283.9152526855469,3.644548177719116,262.388916015625,249.15594482421875,2.784968852996826,0.6116778254508972,300.0,0.1942602545022964,0.212874999269843
20171125.0,0.327260673046112,0.2447615265846252,,,,,,,,,,,,,,,,,
20171126.0,0.3061807751655578,,0.191325768828392,0.2412894368171692,0.2330587357282638,0.0889926478266716,0.1625415831804275,8.0,0.216533362865448,1.275159478187561,279.0302734375,3.636996507644653,253.68234252929688,240.21920776367188,0.3373526632785797,0.5818256139755249,300.0,0.2806605398654938,0.315958334753911
20171127.0,0.2947733998298645,,0.1746987253427505,0.2546771168708801,0.2434107512235641,,,8.0,0.216533362865448,1.275159478187561,277.04644775390625,3.6332437992095934,251.6994781494141,238.42385864257807,0.000426173210144,0.5401405096054077,300.0,0.2879385352134704,0.296375002712011
20171129.0,0.3058220148086548,,0.1852654814720153,0.2305103987455368,0.2242467850446701,0.0698133111000061,0.0761741995811462,8.0,0.216533362865448,1.275159478187561,277.56494140625,3.625785112380981,253.80337524414065,243.9695281982422,0.7774180173873901,0.789612889289856,300.0,0.267485648393631,0.331428570406778
20171201.0,0.3124223351478576,,,,,0.1116390898823738,0.1987670511007309,,,,,,,,,,,,
20171202.0,0.3013379275798797,0.2479684948921203,,0.2382456511259079,0.2296979874372482,,,8.0,0.216533362865448,1.275159478187561,275.05767822265625,3.61435341835022,251.1138610839844,238.37008666992188,0.1218696683645248,0.5328160524368286,300.0,0.2946831583976745,0.328708334515492
20171205.0,0.2857811748981476,0.2597148418426513,0.1986076384782791,0.2311273068189621,0.2241203784942627,,,8.0,0.216533362865448,1.275159478187561,276.85302734375,3.612689733505249,250.61557006835932,237.5570373535156,0.0190771631896495,0.2441893368959427,300.0,0.3005555868148803,0.304999995976686
20171206.0,0.2835453748703003,,,,,0.0560326054692268,0.0785241276025772,,,,,,,,,,,,
20171207.0,0.2868449091911316,0.2380189299583435,,0.193297877907753,0.1929939836263656,,0.0477309487760067,8.0,0.216533362865448,1.275159478187561,275.8971252441406,3.6140403747558594,252.86080932617188,239.31820678710932,4.092462062835693,0.7134021520614624,300.0,0.3039947152137756,0.292958332846562
20171208.0,0.3210828006267547,0.2521615624427795,,,,,,,,,,,,,,,,,
20171209.0,0.3099161684513092,0.2619603276252746,,,,0.0774487107992172,0.0842310860753059,,,,,,,,,,,,
20171212.0,0.3549576699733734,0.2873924672603607,0.2389823347330093,0.3207411766052246,0.2857293784618377,,0.138889729976654,8.0,0.216533362865448,1.275159478187561,278.68585205078125,3.6177878379821777,247.44216918945312,236.13119506835932,1.3904778957366943,0.8805611729621887,300.0,0.3259056806564331,0.383166664590438
20171213.0,0.3457083106040954,0.2673238813877105,0.2407948225736618,0.253989964723587,0.2448693364858627,,,8.0,0.216533362865448,1.275159478187561,280.8434143066406,3.618539094924927,250.18405151367188,234.9799041748047,2.5067291259765625,0.9762111306190492,300.0,0.3265939354896545,0.364291667938232
20171214.0,0.3422349989414215,0.2982278168201446,,,,0.1348293870687484,0.2346568256616592,,,,,,,,,,,,
20171215.0,0.3684648871421814,,0.2492047995328903,0.3227591216564178,0.2975037097930908,,,8.0,0.216533362865448,1.275159478187561,279.81298828125,3.620043992996216,247.4976501464844,233.10809326171875,10.668063163757324,1.838519096374512,300.0,0.3275372385978699,0.3894090896303
20171216.0,0.3504978716373443,0.2881569564342499,,,,,0.1496627777814865,,,,,,,,,,,,
20171217.0,0.3391856849193573,0.2780994474887848,,,,0.0770908668637275,0.0873439759016037,,,,,,,,,,,,
20171218.0,0.3478071689605713,0.2919225394725799,0.2492698729038238,0.2668111622333526,0.2529486119747162,,,8.0,0.216533362865448,1.275159478187561,279.8143310546875,3.6221303939819336,249.908203125,235.89480590820312,5.434810161590576,0.6595257520675659,300.0,0.3336304426193237,0.358285710925148
20171219.0,0.3447114527225494,0.2903632223606109,,,,0.1467864215373993,0.1788689792156219,,,,,,,,,,,,
20171220.0,0.3335535526275635,0.2848067581653595,0.242864117026329,0.2930340468883514,0.2803962826728821,,,8.0,0.216533362865448,1.275159478187561,277.0440673828125,3.6258022785186768,246.27606201171875,230.42868041992188,0.0028788472991436,0.3492821156978607,300.0,0.3138295710086822,0.35108333081007
20171221.0,0.3274231255054474,0.3008874356746673,0.2434310615062713,0.2413334250450134,0.2354920357465744,,0.1098971515893936,8.0,0.216533362865448,1.275159478187561,279.5549621582031,3.628976821899414,250.3531188964844,234.5946655273437,0.1626914739608764,0.2571677267551422,300.0,0.3065141141414642,0.339458333949248
20171222.0,0.3263231515884399,,,,,0.1087365597486496,0.1090121194720268,,,,,,,,,,,,
20171223.0,0.3225049972534179,,0.2486832439899444,0.2594915330410003,0.2445238828659057,,,8.0,0.216533362865448,1.275159478187561,281.355712890625,3.634788751602173,251.0331420898437,239.24948120117188,0.0491901338100433,0.279066264629364,300.0,0.2950417399406433,0.33934782769369
20171224.0,0.3183135390281677,,,,,0.1103400215506553,0.1824396550655365,,,,,,,,,,,,
20171225.0,0.3143920302391052,,,,,,0.1066316738724708,,,,,,,,,,,,
20171226.0,0.3247983157634735,,0.2716327905654907,0.2820956707000732,0.2702990770339966,,,8.0,0.216533362865448,1.275159478187561,280.4428100585937,3.6436848640441895,248.69973754882807,233.1563720703125,7.111303329467773,1.598015308380127,300.0,0.3286195397377014,0.326166665802399
20171227.0,0.3650939762592315,0.2563865780830383,,,,0.1580815017223358,0.203955203294754,,,,,,,,,,,,
20171228.0,0.3532649576663971,0.297571063041687,0.2655144035816192,0.3110005259513855,0.2857334017753601,,,8.0,0.216533362865448,1.275159478187561,277.370361328125,3.6496636867523193,246.57598876953125,233.46536254882807,2.457325935363769,0.7412678003311157,300.0,0.3327155709266662,0.360625005016724
20171229.0,0.3598253726959228,0.2948671579360962,0.2760957181453705,0.2934943735599518,0.2756146490573883,0.1215461865067482,0.2221442312002182,8.0,0.216533362865448,1.275159478187561,281.6443176269531,3.6526732444763184,247.7923583984375,233.64712524414065,5.282306671142578,1.1919758319854736,300.0,0.3305056691169739,0.360272728584029
20171230.0,0.3467931449413299,0.3002704381942749,,,,,0.1466109156608581,,,,,,,,,,,,
20180101.0,0.363348513841629,,,,,0.1683867424726486,0.2385631948709488,,,,,,,,,,,,
20180102.0,0.3741571605205536,0.3114915192127228,,,,,,,,,,,,,,,,,
20180103.0,0.3641756772994995,,0.3055703639984131,0.3109531998634338,0.2868248224258423,,0.2849818468093872,14.0,0.216533362865448,1.275159478187561,286.4351806640625,3.066690921783448,249.0751342773437,235.7596435546875,2.762129545211792,1.789297580718994,300.0,0.3070901036262512,0.367458334813515
20180104.0,0.3533668518066406,0.3171732425689697,,,,0.1326410174369812,0.0910367146134376,,,,,,,,,,,,
20180105.0,0.3485477566719055,0.3112925887107849,0.3055996596813202,0.3195264935493469,0.3042481243610382,,,14.0,0.216533362865448,1.275159478187561,284.9971923828125,3.070762157440185,249.3286895751953,233.51300048828125,6.347218036651611,0.8651154637336731,300.0,0.3014426827430725,0.339374999205271
20180106.0,0.3888161480426788,0.3027156591415405,,,,0.2002763748168945,0.2581865787506103,,,,,,,,,,,,
20180107.0,0.3816663026809692,0.3159309029579162,,,,,,,,,,,,,,,,,
20180109.0,0.3599244952201843,0.2899916172027588,,,,0.1559367179870605,0.1579638123512268,,,,,,,,,,,,
20180110.0,0.3558533787727356,0.2965877056121826,,,,,,,,,,,,,,,,,
20180111.0,0.3587632477283478,0.298984557390213,0.3130569159984588,0.3145796954631805,0.29462531208992,0.1963315159082412,0.2615131139755249,14.0,0.216533362865448,1.275159478187561,279.4172058105469,3.0829756259918213,245.89306640625,230.67779541015625,1.544171929359436,1.065488338470459,300.0,0.3140014111995697,0.347750000655651
20180112.0,0.350243479013443,0.2939569354057312,,,,,0.1698049902915954,,,,,,,,,,,,
20180113.0,0.3438906669616699,0.2933490872383117,0.295658677816391,0.2965112626552582,0.2777428030967712,,,14.0,0.216533362865448,1.275159478187561,278.395751953125,3.087080240249634,246.88433837890625,231.96728515625,0.0180168729275465,0.3944132924079895,300.0,0.2476154565811157,0.328624999771516
20180114.0,0.3657631576061249,0.2899128496646881,0.3111543953418731,0.304220587015152,0.2864407300949096,0.1402707993984222,0.1720328330993652,14.0,0.216533362865448,1.275159478187561,278.4903259277344,3.0891671180725098,245.954833984375,230.301513671875,8.000066757202148,0.8579272627830505,300.0,0.3179066479206085,0.336791666845481
20180115.0,0.3573686480522156,0.3095990121364593,,,,,,,,,,,,,,,,,
20180116.0,0.3574590981006622,0.3264587819576263,0.3269222676753998,0.3004602789878845,0.2798466384410858,0.1708566695451736,0.3263038992881775,14.0,0.216533362865448,1.275159478187561,284.13250732421875,3.093695163726806,247.7926788330078,232.90093994140625,4.705779552459717,2.21010160446167,300.0,0.3241422176361084,0.359130434367968
20180117.0,0.3577118515968323,0.3261736035346985,,,,,0.2246467471122741,,,,,,,,,,,,
20180118.0,0.3481126427650451,0.30282723903656,,,,,,,,,,,,,,,,,
20180119.0,0.3542695343494415,,0.3317004442214966,0.2850037813186645,0.2707875072956085,,,14.0,0.216533362865448,1.275159478187561,282.26861572265625,3.088857650756836,249.49441528320312,233.8477325439453,3.5263748168945312,1.6282060146331787,300.0,0.3032646179199219,0.354545453732664
20180120.0,0.3647961914539337,,,,,,,,,,,,,,,,,,
20180121.0,0.3624675571918487,0.348195344209671,0.3457361161708832,,,,0.4876247346401214,,,,,,,,,,,,
20180122.0,0.3547984063625335,0.335923433303833,0.3449039459228515,0.3205496966838836,0.3208236992359161,0.145869567990303,0.1440168470144271,14.0,0.216533362865448,1.275159478187561,284.61944580078125,3.07963228225708,247.147705078125,228.3038024902344,1.5618982315063477,0.9851695895195008,300.0,0.3185853958129883,0.372666668146849
20180123.0,0.3494664132595062,0.33107390999794,,,,,,,,,,,,,,,,,
20180124.0,0.3430083394050598,0.3169451057910919,0.3342427611351013,0.3570190072059631,0.3151631951332092,0.1634421646595001,0.1980956494808197,14.0,0.216533362865448,1.275159478187561,283.5939025878906,3.07341742515564,247.65771484375,235.001220703125,0.0012874100357294,0.6180992722511292,300.0,0.260716825723648,0.337791666388512
20180125.0,0.3479631543159485,0.303456962108612,,,,,,,,,,,,,,,,,
20180126.0,0.3654011189937591,0.3121166527271271,,,,,0.2423474788665771,,,,,,,,,,,,
20180127.0,0.3536839187145233,0.3034493327140808,0.3358038067817688,0.329968124628067,0.3094215393066406,0.1573175191879272,0.1558885425329208,14.0,0.216533362865448,1.275159478187561,278.38153076171875,3.064168930053711,245.63214111328125,230.2503967285156,0.0358242839574813,0.4810718894004822,300.0,0.2603013515472412,0.324333334962527
20180128.0,0.3451988101005554,0.2900901734828949,,,,,,,,,,,,,,,,,
20180129.0,0.3401499092578888,0.3088178634643554,0.3221170008182525,0.3255191147327423,0.29762864112854,0.1478376239538192,0.1871700137853622,14.0,0.216533362865448,1.275159478187561,278.1273193359375,3.058052062988281,245.339111328125,231.7512969970703,0.0518992654979229,0.3844771981239319,300.0,0.2613458037376404,0.308375000953674
20180130.0,0.3373676836490631,0.3020305335521698,0.3351267278194427,0.3064489066600799,0.2896482646465301,,0.1428571492433548,14.0,0.216533362865448,1.275159478187561,280.23492431640625,3.0550007820129395,246.69366455078125,231.33840942382807,0.1412888765335083,0.2089231610298156,300.0,0.2626844644546509,0.303249993671974
20180131.0,0.3338758945465088,0.3065653145313263,,,,,,,,,,,,,,,,,
20180201.0,0.3605796992778778,,0.3443343341350555,0.3347156941890716,0.3071897327899933,0.1570174098014831,0.188909575343132,14.0,0.216533362865448,1.275159478187561,279.1653747558594,3.0488414764404297,245.85292053222656,231.63140869140625,8.407381057739258,1.7638797760009766,300.0,0.3223989009857178,0.331272725354541
20180202.0,0.3554570376873016,0.3009987771511078,,,,,,,,,,,,,,,,,
20180203.0,0.3532655835151672,0.3111037909984588,,,,0.1249592080712318,0.1874141693115234,,,,,,,,,,,,
20180204.0,0.3613783419132232,0.2947300672531128,0.3331129252910614,0.3219373226165771,0.3023837506771087,,0.1810358017683029,14.0,0.216533362865448,1.275159478187561,277.9309997558594,3.0426135063171387,244.91368103027344,229.63623046875,2.511080741882324,1.180611491203308,300.0,0.3294866681098938,0.330875001847744
20180205.0,0.3595481216907501,0.3072797060012817,,,,,,,,,,,,,,,,,
20180206.0,0.3515340387821197,0.2996785342693329,0.325023740530014,0.2888613641262054,0.2831815779209137,0.1400022804737091,0.1778313517570495,14.0,0.216533362865448,1.275159478187561,275.2115478515625,3.039217948913574,245.43356323242188,228.0955047607422,0.452677309513092,0.9548465013504028,300.0,0.2923521399497986,0.331208334614833
20180207.0,0.3442857265472412,0.2956995069980621,0.3185736536979675,0.3013358414173126,0.2943300008773803,,,14.0,0.216533362865448,1.275159478187561,273.7720642089844,3.037546157836914,243.3092498779297,226.093978881836,0.4646530747413635,0.6783912181854248,300.0,0.3049991130828857,0.321125000715256
20180208.0,0.3389852344989776,0.2973166406154632,,,,,0.1611072123050689,,,,,,,,,,,,
20180209.0,0.3370159864425659,0.298797607421875,,,,0.0946119502186775,0.092043824493885,,,,,,,,,,,,
20180210.0,0.3353622853755951,0.3067282140254974,,,,,,,,,,,,,,,,,
20180211.0,0.3425767421722412,0.3189162313938141,,,,0.1699794381856918,0.1928159445524215,,,,,,,,,,,,
20180212.0,0.3452454805374145,0.3064931333065033,0.3389011025428772,0.2984808981418609,0.2815293967723846,,,14.0,0.216533362865448,1.275159478187561,276.90264892578125,3.029233932495117,244.42596435546875,229.21978759765625,0.1678134053945541,1.0863584280014038,300.0,0.2893466353416443,0.319083339224259
20180213.0,0.3470970690250397,0.2893573641777038,,,,,0.1057466343045234,,,,,,,,,,,,
20180214.0,0.3672474026679992,0.3065160810947418,0.3367782235145569,0.3004493117332458,0.2835140526294708,,,14.0,0.216533362865448,1.275159478187561,278.2689514160156,3.025930404663086,244.472412109375,229.06820678710932,8.88713550567627,0.8459711074829102,300.0,0.3235141038894653,0.361374999086062
20180215.0,0.3625570237636566,0.3312557637691498,,0.3260182738304138,0.2997230589389801,,,14.0,0.216533362865448,1.275159478187561,285.347412109375,3.0242693424224854,244.9278259277344,230.3946228027344,1.1540967226028442,0.8888835310935974,300.0,0.3146046996116638,0.353208335737387
20180216.0,0.3619459271430969,0.316932737827301,,,,0.1504382789134979,0.1759086847305297,,,,,,,,,,,,
20180217.0,0.3576493561267853,0.3155189156532287,0.3501542806625366,0.3127538859844208,0.2912907600402832,,0.1964171230792999,14.0,0.216533362865448,1.275159478187561,283.155517578125,3.020792484283448,249.22091674804688,233.98068237304688,2.238492012023926,1.5129142999649048,300.0,0.2978560924530029,0.333043479401132
20180218.0,0.3542343080043793,0.2966705858707428,,,,,,,,,,,,,,,,,
20180219.0,0.3523457944393158,0.3170279264450073,,,,0.1454286128282547,0.1779534220695495,,,,,,,,,,,,
20180220.0,0.3630186915397644,0.3206007480621338,0.361286461353302,0.3639355599880218,0.3301244974136352,,,14.0,0.216533362865448,1.275159478187561,282.2447509765625,3.021201133728028,244.1397705078125,229.3441925048828,5.467199802398682,1.4203282594680786,300.0,0.3264125883579254,0.352565214685772
20180221.0,0.361415296792984,0.312317281961441,,,,0.1802197247743606,0.2568742930889129,,,,,,,,,,,,
20180222.0,0.3462168276309967,0.3057732880115509,0.3450266122817993,0.3592406511306762,0.3387131690979004,,0.1590624749660492,14.0,0.216533362865448,1.275159478187561,276.56085205078125,3.022881031036377,240.21731567382807,223.82766723632807,0.0012959243031218,1.0827457904815674,300.0,0.3230844140052795,0.32962500055631
20180223.0,0.3392945230007171,0.3029351830482483,0.3315445482730865,0.3171425461769104,0.2943909764289856,,,14.0,0.216533362865448,1.275159478187561,275.1521301269531,3.023763656616211,242.921875,228.03347778320312,0.0008775894530117,0.7474397420883179,300.0,0.2922699451446533,0.316958334296942
20180224.0,0.3346724808216095,0.301527589559555,,,,0.124890960752964,0.1782586127519607,,,,,,,,,,,,
20180225.0,0.3302291333675384,0.3041127622127533,,0.2821729183197021,0.2818215489387512,,,14.0,0.216533362865448,1.275159478187561,276.1905822753906,3.02553129196167,243.48321533203125,224.75222778320312,0.0,0.8288016319274902,300.0,0.2939588725566864,0.297499999403954
20180226.0,0.3255038261413574,0.2903316617012024,,,,,6.103701889514923e-05,,,,,,,,,,,,
20180302.0,0.3646411597728729,,0.3627176880836487,0.3312861323356628,0.3200937807559967,,,14.0,0.216533362865448,1.275159478187561,281.56036376953125,3.02996563911438,242.1920166015625,225.0444793701172,2.8574881553649902,2.6241941452026367,300.0,0.3429145812988281,0.362958333144585
20180303.0,0.3574581742286682,0.3059282004833221,0.3595705330371856,0.3330794274806976,0.3093947172164917,,0.1956236511468887,14.0,0.216533362865448,1.275159478187561,283.3726501464844,3.030853509902954,243.95753479003903,228.81692504882807,2.563934803009033,2.212520122528076,300.0,0.3371832966804504,0.341958331565062
20180304.0,0.3542883098125458,0.3054061532020569,,,,0.148988202214241,0.1631824672222137,,,,,,,,,,,,
20180305.0,0.3461587727069855,0.3002701103687286,0.3585085868835449,0.321329653263092,0.2985956072807312,,,14.0,0.216533362865448,1.275159478187561,282.0074768066406,3.03261137008667,245.72740173339844,230.90087890625,0.6421354413032532,1.0972509384155271,300.0,0.2966545820236206,0.333750000844399
20180306.0,0.3459469676017761,0.2987863421440124,,,,0.1578228026628494,0.1824701726436615,,,,,,,,,,,,
20180308.0,0.3384728729724884,0.3016822040081024,0.3687690198421478,0.3278741538524627,0.3152343332767486,,,14.0,0.216533362865448,1.275159478187561,282.47149658203125,3.035953998565674,243.45620727539065,226.663818359375,0.001710653072223,1.5786339044570925,300.0,0.3109632134437561,0.345083333551884
20180309.0,0.3301942944526672,0.3076183795928955,,,,0.1798388808965683,0.2135380059480667,,,,,,,,,,,,
20180310.0,0.3519874811172485,0.305453360080719,0.3679842948913574,0.3231717646121979,0.3066554963588714,,,14.0,0.216533362865448,1.275159478187561,286.5374755859375,3.038365125656128,247.52908325195312,231.29721069335932,3.10718846321106,1.5501247644424438,300.0,0.3174428939819336,0.341791667044163
20180311.0,0.3441635072231293,0.3132875859737396,0.3718329966068268,0.3226351141929626,0.3037046790122986,0.1603468060493469,0.2161626070737838,14.0,0.216533362865448,1.275159478187561,285.4797668457031,3.0395781993865967,248.51168823242188,232.6983642578125,1.05020010471344,2.416823387145996,300.0,0.3153813779354095,0.34383333226045
20180312.0,0.3503034710884094,,,,,,0.1978820115327835,,,,,,,,,,,,
20180313.0,0.3438119888305664,,0.3702998161315918,0.3220730125904083,0.3078666925430298,,,14.0,0.216533362865448,1.275159478187561,282.7584533691406,3.042009115219116,246.0474853515625,229.507080078125,0.3352538645267486,1.0620523691177368,300.0,0.2874267101287842,0.335125000526508
20180314.0,0.3349081575870514,0.2990592420101166,,,,0.1670707017183303,0.2139042317867279,,,,,,,,,,,,
20180315.0,0.3418121337890625,,,,,,,,,,,,,,,,,,
20180316.0,0.3394340276718139,0.3042450845241546,0.3767682611942291,0.3075430393218994,0.2920934855937958,,0.2055421620607376,14.0,0.216533362865448,1.275159478187561,282.1039123535156,3.0456676483154297,248.54885864257807,232.54373168945312,3.337364673614502,1.5840953588485718,300.0,0.3084719777107239,0.307666666805744
20180317.0,0.3516326546669006,0.2926805019378662,,,,0.1192786172032356,,,,,,,,,,,,,
20180318.0,0.3599545061588287,,0.365713357925415,0.3318199813365936,0.305303156375885,,,14.0,0.216533362865448,1.275159478187561,279.7264099121094,3.048114776611328,246.36865234375,231.78404235839844,6.602739810943604,2.0647006034851074,300.0,0.3245653212070465,0.291272722861984
20180319.0,0.3674520254135132,,0.3732879757881164,0.3250751793384552,0.2983228266239166,0.1581135690212249,0.2181768268346786,14.0,0.216533362865448,1.275159478187561,277.8499755859375,3.0493288040161133,246.2137451171875,232.02227783203125,6.235333442687988,1.515771508216858,300.0,0.3173264265060425,0.309791665524244
20180320.0,0.3573007881641388,0.3055832982063293,,,,,,,,,,,,,,,,,
20180321.0,0.3445107340812683,0.2994912564754486,0.3694015443325043,0.3363970518112182,0.3201648294925689,,0.1600390672683715,14.0,0.216533362865448,1.275159478187561,277.8204345703125,3.051619291305542,241.2539978027344,224.92807006835932,0.0004351138486526,1.5545490980148315,300.0,0.3158524334430694,0.298083333919446
20180322.0,0.3358986973762512,0.296392410993576,,,,0.1277084350585937,0.1221655905246734,,,,,,,,,,,,
20180323.0,0.3310864269733429,0.2926481962203979,,,,,,,,,,,,,,,,,
20180324.0,0.364556610584259,0.3012018203735351,0.3777009546756744,0.2739420235157013,0.2620204389095306,0.1464152783155441,0.1821649819612503,14.0,0.216533362865448,1.275159478187561,281.5788269042969,3.059957981109619,246.82858276367188,231.3777008056641,8.139915466308594,2.712231159210205,300.0,0.3285045623779297,0.295833333084981
20180325.0,0.3542090952396393,0.3062903583049774,,,,,0.3013702929019928,,,,,,,,,,,,
20180326.0,0.3615614771842956,0.3073695003986358,0.3758183419704437,0.2931950688362121,0.2758005559444427,,,14.0,0.216533362865448,1.275159478187561,281.7786865234375,3.06679368019104,248.31979370117188,233.42352294921875,3.882796287536621,1.915111303329468,300.0,0.3173009753227234,0.312391307042993
20180327.0,0.3603739142417907,0.3086165189743042,0.3824656009674072,0.2669691741466522,0.2606472671031952,0.1418170779943466,0.1845759451389312,14.0,0.216533362865448,1.275159478187561,282.2716979980469,3.0702662467956543,249.7606201171875,232.81982421875,6.306143760681152,0.9231682419776917,300.0,0.2985247075557709,0.328916667650143
20180328.0,0.3639580905437469,0.3082803785800934,,,,,,,,,,,,,,,,,
20180329.0,0.3625839352607727,0.3068439662456512,0.3789272308349609,0.3253819644451141,0.2960424423217773,0.1369159817695617,0.1801202446222305,14.0,0.216533362865448,1.275159478187561,282.7852478027344,3.0772480964660645,248.17660522460932,234.6842498779297,0.7809414267539978,1.9217287302017207,300.0,0.2998895347118377,0.336124998827775
20180330.0,0.3526203334331512,0.3033731579780578,,,,,0.10837122797966,,,,,,,,,,,,
20180331.0,0.3663198947906494,0.3018441200256347,,,,,,,,,,,,,,,,,
20180401.0,0.3574205040931701,0.3054223656654358,0.3871908485889435,0.2975796163082123,0.2867851853370666,0.1405484974384308,0.1801202446222305,14.0,0.216533362865448,1.275159478187561,283.1676940917969,3.0878140926361084,247.3392639160156,231.0013732910156,0.0,1.9743494987487795,300.0,0.2897522747516632,0.320708334445953
20180402.0,0.3436747193336487,0.3056716620922088,,,,,,,,,,,,,,,,,
20180403.0,0.3444039523601532,0.3103203177452087,0.3794694244861603,0.2659812271595001,0.2691703140735626,0.1422742456197738,0.1500900238752365,14.0,0.216533362865448,1.275159478187561,286.8802490234375,3.094919919967652,251.89892578125,232.8155517578125,3.262791633605957,2.5783848762512207,300.0,0.3131086230278015,0.28920833269755
20180404.0,0.3421997427940368,0.2971366047859192,0.3833082616329193,0.2853387892246246,0.2740554511547088,,,14.0,0.216533362865448,1.275159478187561,285.902099609375,3.098478317260742,252.21481323242188,236.3793334960937,0.8664997816085815,2.435076236724853,300.0,0.2866990864276886,0.275666667769353
20180405.0,0.333362340927124,0.3020149171352386,,,,,,,,,,,,,,,,,
20180406.0,0.3230840861797333,0.3016833961009979,0.3793293833732605,0.2842860221862793,0.2713733911514282,0.1442679911851883,0.2154606729745865,14.0,0.216533362865448,1.275159478187561,288.3704833984375,3.1054728031158447,251.89236450195312,236.65310668945312,0.4986243546009063,2.695619583129883,300.0,0.2857924103736877,0.250958327824871
20180407.0,0.3298854827880859,0.2798176407814026,,,,,,,,,,,,,,,,,
20180408.0,0.3795734643936157,0.306420236825943,,,,,0.1293374449014663,,,,,,,,,,,,
20180409.0,0.3661079108715057,0.3033317029476166,0.3815045058727264,0.292841225862503,0.2722352147102356,0.1052233129739761,0.119907222688198,14.0,0.216533362865448,1.275159478187561,284.315673828125,3.121553897857666,251.92208862304688,238.6958923339844,3.3820242881774902,2.276062250137329,300.0,0.2970792353153229,0.317350000143051
20180410.0,0.3675790727138519,,,,,,,,,,,,,,,,,,
20180411.0,0.3740889430046081,,0.3781931400299072,0.3005698919296264,0.2857373654842376,0.1607687175273895,0.21686452627182,14.0,0.216533362865448,1.275159478187561,283.0782775878906,3.133805274963379,250.35140991210932,234.92623901367188,5.6659369468688965,2.0484399795532227,300.0,0.312481015920639,0.32300000016888
20180412.0,0.3578602969646454,0.3064826130867004,0.3734755218029022,0.2664130926132202,0.2571835219860077,,,14.0,0.216533362865448,1.275159478187561,283.7362670898437,3.140023231506348,252.0591278076172,236.5691070556641,0.3012873530387878,1.6188043355941772,300.0,0.2368745058774948,0.310000001029535
20180417.0,0.3387954533100128,0.3042572140693664,0.3775898814201355,0.279667466878891,0.2606476247310638,,,14.0,0.216533362865448,1.275159478187561,288.2728576660156,3.171637773513794,253.14215087890625,240.78811645507807,0.0008583068847656,2.744850873947144,300.0,0.2535306513309479,0.252541668092211
20180418.0,0.3252706527709961,0.3059438467025757,,,,,,,,,,,,,,,,,
20180419.0,0.3139760792255401,0.2960226535797119,0.3683836162090301,0.2245827615261078,0.2217985689640045,,,14.0,0.216533362865448,1.275159478187561,291.9895324707031,3.1845273971557617,260.0951538085937,244.009521484375,0.0004351138486526,3.212074279785156,300.0,0.2237937003374099,0.202999997884035
20180420.0,0.3036591708660126,0.2897041440010071,0.3737232387065887,0.2240835577249527,0.2193094491958618,,,14.0,0.216533362865448,1.275159478187561,291.7925720214844,3.191045045852661,260.32080078125,246.44891357421875,0.0193650964647531,3.1159825325012207,300.0,0.2078740298748016,0.166541665792465
20180421.0,0.2951610684394836,0.2806620299816131,,,,0.07923623919487,0.1020844131708145,,,,,,,,,,,,
20180422.0,0.2875768542289734,0.2745062112808227,0.3577483594417572,0.2076590210199356,0.2062565684318542,,0.1039460450410842,14.0,0.216533362865448,1.275159478187561,293.0312194824219,3.204432249069214,263.1529541015625,250.9784240722656,0.056632425636053,2.805339813232422,300.0,0.1726839989423751,0.106750000578662
20180423.0,0.292196124792099,0.2744988203048706,,,,,,,,,,,,,,,,,
20180424.0,0.2889733612537384,0.2869853377342224,,,,0.0700629875063896,0.1110873743891716,,,,,,,,,,,,
20180425.0,0.2836571931838989,0.2793379724025726,0.3413325548171997,0.1649135202169418,0.1711386740207672,,,14.0,0.216533362865448,1.275159478187561,288.4984436035156,3.216244697570801,267.5394287109375,255.08517456054688,0.1927046775817871,1.3349440097808838,300.0,0.124038740992546,0.0871249983708064
20180426.0,0.2796534597873688,0.2667833566665649,,,,,0.0367748029530048,,,,,,,,,,,,
20180427.0,0.2732981145381927,0.2654084265232086,0.3246842920780182,0.1601173281669616,0.1670863926410675,0.0440381355583667,0.0468459129333496,14.0,0.216533362865448,1.275159478187561,286.678466796875,3.222038507461548,264.7392883300781,252.44732666015625,0.0017213969258591,2.1013894081115723,300.0,0.106358028948307,0.0823333337903023
20180428.0,0.290057510137558,0.2679383158683777,0.3479237854480743,0.1767212450504303,0.1804779171943664,,,14.0,0.216533362865448,1.275159478187561,285.6063232421875,3.2248826026916504,263.3876953125,250.4338836669922,12.257685661315918,2.167775154113769,300.0,0.1509967297315597,0.0818333352605502
20180430.0,0.3636685907840729,0.291217565536499,0.3604118525981903,0.2217537462711334,0.219075009226799,,,14.0,0.216533362865448,1.275159478187561,283.5078430175781,3.2305896282196045,257.77459716796875,242.293701171875,1.598966121673584,2.103488206863404,300.0,0.2211885452270507,0.18008333692948
20180501.0,0.3535371422767639,0.2934280335903168,,,,,0.0791955292224884,,,,,,,,,,,,
20180502.0,0.3408993482589721,0.2861699759960174,,,,0.1004964411258697,0.1089205592870712,,,,,,,,,,,,
20180504.0,0.346561074256897,0.3024196922779083,,,,0.1217697262763977,0.1832941621541977,,,,,,,,,,,,
20180505.0,0.3341420590877533,0.2972339391708374,0.3504509329795837,,,,0.1208532974123954,,,,,,,,,,,,
20180506.0,0.3240332007408142,0.2862775325775146,0.3486364185810089,0.2156989723443985,0.2133781164884567,,,14.0,0.216533362865448,1.275159478187561,291.44049072265625,3.247838020324707,260.2039794921875,246.65008544921875,0.0017124129226431,3.084545850753784,300.0,0.2108061611652374,0.18212499966224
20180507.0,0.3194098472595215,0.2834627628326416,,,,0.0801639854907989,0.0706198289990425,,,,,,,,,,,,
20180508.0,0.3210496306419372,0.2784408628940582,0.3453466296195984,0.2139517217874527,0.2121281176805496,,,14.0,0.216533362865448,1.275159478187561,289.50506591796875,3.2533087730407715,263.332275390625,248.83334350585932,0.5675627589225769,1.7894401550292969,300.0,0.1835372895002365,0.256041664009293
20180509.0,0.3165489137172699,0.2872805893421173,,,,0.0744394734501838,0.0906704887747764,,,,,,,,,,,,
20180510.0,0.3131957948207855,0.2817997932434082,,,,,0.0560930222272872,,,,,,,,,,,,
20180511.0,0.3050924241542816,0.273516982793808,0.3413872420787811,,,,,,,,,,,,,,,,
20180512.0,0.3320984244346618,0.2686400115489959,,,,,,,,,,,,,,,,,
20180513.0,0.3493358492851257,,0.3539617359638214,0.2463431805372238,0.2405530959367752,,,14.0,0.216533362865448,1.275159478187561,283.251220703125,3.2863211631774902,256.04327392578125,241.0325164794922,6.447662830352783,3.0828003883361816,300.0,0.2823010087013244,0.318749999006589
20180514.0,0.3498952686786651,,0.3520414531230926,,,,,,,,,,,,,,,,
20180515.0,0.358353704214096,0.3142309486865997,,,,0.1213040277361869,0.1245155185461044,,,,,,,,,,,,
20180516.0,0.3452059626579284,0.3020185828208923,0.3533807396888733,0.2533898949623108,0.2449851036071777,,,14.0,0.216533362865448,1.275159478187561,288.10357666015625,3.309045791625977,256.2373352050781,242.10348510742188,0.7530798316001892,2.309100866317749,300.0,0.2648263573646545,0.304458337525527
20180517.0,0.3333641588687897,0.2890565395355224,,,,0.1019075438380241,0.1213415935635566,,,,,,,,,,,,
20180518.0,0.3233709633350372,0.2926121950149536,,,,,,,,,,,,,,,,,
20180519.0,0.3174376785755157,0.281736671924591,0.3427697122097015,0.2116051465272903,0.2098777890205383,,0.1057771518826484,14.0,0.216533362865448,1.275159478187561,290.9335021972656,3.3321309089660645,262.6291809082031,249.19061279296875,1.9352712631225584,3.2166852951049805,300.0,0.2204491645097732,0.241083330785235
20180520.0,0.314443439245224,0.2702471017837524,,,,,0.0172734763473272,,,,,,,,,,,,
20180521.0,0.303528368473053,0.2666878998279571,0.3369536101818084,0.2154336124658584,0.2128490805625915,,,14.0,0.216533362865448,1.275159478187561,291.8919677734375,3.347721576690674,262.72735595703125,249.18212890625,2.01709532737732,3.157228708267212,300.0,0.2269021272659301,0.196083332101504
20180522.0,0.3195802569389343,0.273069679737091,0.3487154543399811,0.2082992941141128,0.2069056034088134,0.0958767682313919,0.1389812976121902,14.0,0.216533362865448,1.275159478187561,290.7396850585937,3.35565185546875,263.95123291015625,250.3552703857422,4.268184185028076,3.4214041233062744,300.0,0.2133083045482635,0.23583333256344
20180523.0,0.3190731406211853,0.2722845673561096,,,,,0.264839619398117,,,,,,,,,,,,
20180524.0,0.3011413514614105,0.2742964625358581,0.3415750563144684,0.1900420486927032,0.191752478480339,,,14.0,0.216533362865448,1.275159478187561,293.37188720703125,3.3725380897521973,266.5076904296875,253.25979614257807,0.1785154193639755,3.006545305252075,300.0,0.1657742410898208,0.189416666204731
20180525.0,0.2942094206809997,0.2734736204147339,,,,0.075257807970047,0.0981475263833999,,,,,,,,,,,,
20180526.0,0.3204124271869659,0.2829836905002594,,,,,,,,,,,,,,,,,
20180527.0,0.3357053697109222,0.3048489689826965,0.3642801940441131,0.2638058364391327,0.2557226419448852,0.1481346040964126,0.2477187365293502,14.0,0.216533362865448,1.275159478187561,291.7021484375,3.367157220840454,260.2326354980469,244.521728515625,1.0255897045135498,2.57552456855774,300.0,0.2610992789268493,0.263916662583749
20180528.0,0.354984849691391,0.3063173294067383,,,,,0.1500595062971115,,,,,,,,,,,,
20180529.0,0.3708962202072143,0.309471845626831,0.3665218651294708,0.3216443359851837,0.2977524101734161,,,14.0,0.216533362865448,1.275159478187561,291.0082397460937,3.355918407440185,255.6417236328125,241.58218383789065,2.550302267074585,3.140305995941162,300.0,0.3005871176719665,0.338291666160027
20180530.0,0.3647201061248779,0.2812041342258453,0.3695728182792663,0.3016179800033569,0.2900344431400299,0.1677601337432861,0.2438428848981857,14.0,0.216533362865448,1.275159478187561,290.4486999511719,3.350106716156006,256.40020751953125,240.33872985839844,12.63032054901123,2.83928656578064,300.0,0.3050675392150879,0.347999998678764
20180531.0,0.3682754635810852,0.3138184547424316,,,,,,,,,,,,,,,,,
20180601.0,0.3470601141452789,0.3003691136837005,0.36005699634552,0.2856321632862091,0.2853649854660034,,0.2074953466653823,14.0,0.216533362865448,1.275159478187561,293.0156555175781,3.3385488986968994,256.6832275390625,238.54893493652344,0.1300245076417923,3.3660032749176025,300.0,0.273991972208023,0.304708333065112
20180602.0,0.3316807746887207,0.2885188162326813,,,,0.1017694100737571,0.094454787671566,,,,,,,,,,,,
20180603.0,0.3336039185523987,0.2871747612953186,,,,,,,,,,,,,,,,,
20180604.0,0.3707745373249054,0.3063157796859741,0.3666501343250274,0.2774796485900879,0.2655200660228729,0.0887473598122596,0.1302224844694137,14.0,0.216533362865448,1.275159478187561,291.8196105957031,3.3213765621185303,259.56591796875,244.7976226806641,11.667261123657228,3.22053337097168,300.0,0.2802523970603943,0.280291665966312
20180605.0,0.4023157954216003,0.3351373970508575,,,,,,,,,,,,,,,,,
20180606.0,0.3816156685352325,0.3227754235267639,0.3742027878761291,0.3192096948623657,0.3076355755329132,,0.1708731353282928,14.0,0.216533362865448,1.275159478187561,289.84295654296875,3.3100380897521973,254.2862548828125,238.06906127929688,4.055653095245361,3.143432378768921,300.0,0.3066676557064056,0.322458333025376
20180607.0,0.3632789552211761,0.3070709705352783,0.3695979416370392,0.3085174858570099,0.2975841164588928,0.1437423080205917,0.156102180480957,14.0,0.216533362865448,1.275159478187561,291.2153015136719,3.3043644428253174,255.2232360839844,239.1636962890625,0.6510401964187622,3.224655866622925,300.0,0.2901672720909118,0.295374996960163
20180608.0,0.3464434146881103,0.2906079590320587,,,,,,,,,,,,,,,,,
20180609.0,0.3430580496788025,0.2920474708080292,0.3633534014225006,0.2352063357830047,0.2338098287582397,0.1143833175301551,0.1792352050542831,14.0,0.216533362865448,1.275159478187561,294.7088317871094,3.292644023895264,263.2340087890625,246.6021423339844,8.319437026977539,3.41465711593628,300.0,0.249618262052536,0.254391302233157
20180610.0,0.3865482211112976,0.2894315421581268,,,,,0.052308727055788,,,,,,,,,,,,
20180611.0,0.3884679973125458,0.3126233220100403,,,,,,,,,,,,,,,,,
20180612.0,0.3868435323238373,0.3102043569087982,0.3910738229751587,0.4138470590114593,0.369071215391159,0.1801706552505493,0.2565996348857879,14.0,0.216533362865448,1.275159478187561,288.9847106933594,3.2901620864868164,249.93458557128903,236.5243225097656,18.97260093688965,2.9347445964813232,300.0,0.3296913504600525,0.333041665454706
20180613.0,0.3711036741733551,0.3260873556137085,,,,,,,,,,,,,,,,,
20180614.0,0.357351690530777,0.3128160834312439,0.3619430959224701,0.2906343638896942,0.2829062938690185,0.1277559250593185,0.2410046756267547,14.0,0.216533362865448,1.275159478187561,290.780517578125,3.2922654151916504,257.2559509277344,241.2315673828125,1.0918893814086914,2.759188413619995,300.0,0.2870133817195892,0.291249999155601
20180615.0,0.3461223244667053,0.293873518705368,0.3592046201229095,0.2480601519346237,0.246648907661438,,0.1289101839065551,14.0,0.216533362865448,1.275159478187561,290.8220520019531,3.2934281826019287,260.5419921875,243.7803497314453,1.726758360862732,2.612367868423462,300.0,0.264053463935852,0.274375002831221
20180616.0,0.3410693407058716,0.3085373640060425,,,,,,,,,,,,,,,,,
20180617.0,0.3305608630180359,0.2763516008853912,0.3563448190689087,0.2406550794839859,0.2382284551858902,0.0931047275662422,0.1492660343647003,14.0,0.216533362865448,1.275159478187561,289.5882263183594,3.2957565784454346,260.9498596191406,245.13839721679688,0.5692683458328247,2.2158069610595703,300.0,0.2227168977260589,0.253833329305053
20180618.0,0.326638787984848,0.2807003855705261,,,,,,,,,,,,,,,,,
20180619.0,0.3181556761264801,0.2857577800750732,,,,,0.1094088554382324,,,,,,,,,,,,
20180620.0,0.3037928342819214,0.2668985724449157,0.3569094240665436,0.1834495961666107,0.1865123063325882,0.0647037327289581,0.0641499087214469,14.0,0.216533362865448,1.275159478187561,297.9065246582031,3.299256563186645,268.4324035644531,253.9407958984375,0.0,4.313880443572998,300.0,0.1674556136131286,0.21145833345751
20180621.0,0.2964751422405243,0.2791134119033813,,,,,,,,,,,,,,,,,
20180622.0,0.2887857258319855,0.267359584569931,0.3405909240245819,0.1896975189447403,0.1928243935108184,0.0509373433887958,0.0649128705263137,14.0,0.216533362865448,1.275159478187561,295.0542297363281,3.3015947341918945,269.7133483886719,255.6129608154297,0.0019843149930238,4.221412658691406,300.0,0.1388644725084304,0.17699999983112
20180623.0,0.2752878367900848,0.2337630689144134,0.328822374343872,,,,,,,,,,,,,,,,
20180624.0,0.2642414271831512,0.238890454173088,,,,,0.0099795525893569,,,,,,,,,,,,
20180625.0,0.2537243366241455,0.2305323183536529,0.3147967457771301,0.1413934826850891,0.1462563276290893,0.0475104078650474,0.0550859086215496,14.0,0.216533362865448,1.275159478187561,295.5645751953125,3.3047292232513428,273.1034545898437,258.65582275390625,0.0017046927241608,4.288417816162109,300.0,0.1132006421685218,0.123999998283883
20180626.0,0.2434112280607223,0.2341658771038055,,,,,,,,,,,,,,,,,
20180627.0,0.2346844524145126,0.2379514873027801,,,,0.0171554312109947,0.0316782146692276,,,,,,,,,,,,
20180628.0,0.2275740355253219,0.2339368611574173,0.3120867013931274,0.1208842322230339,0.1356142461299896,,,14.0,0.216533362865448,1.275159478187561,296.7090148925781,3.318142890930176,276.07196044921875,264.89794921875,0.0097000217065215,3.5805816650390625,300.0,0.0713183432817459,0.0941249995181958
20180629.0,0.2212466746568679,0.2303740531206131,,,,,,,,,,,,,,,,,
20180630.0,0.2139540612697601,0.2194151729345321,0.2989879250526428,0.1296359747648239,0.1494946032762527,0.0214742757380008,0.0392162837088108,14.0,0.216533362865448,1.275159478187561,299.6650390625,3.3297910690307617,275.2921142578125,265.6605834960937,0.1163280457258224,3.736257076263428,300.0,0.0793864652514457,0.084333333807687
20180701.0,0.2081919759511947,0.2126025408506393,0.3000575304031372,0.1267721503973007,0.1420265734195709,,,14.0,0.216533362865448,1.275159478187561,299.7107849121094,3.3357272148132324,276.709228515625,265.66949462890625,1.3527443408966064,3.784507989883423,300.0,0.0807431787252426,0.0836666667213043
20180702.0,0.2473117709159851,0.2795232236385345,,,,0.1239933148026466,0.2674947381019592,,,,,,,,,,,,
20180703.0,0.2463551759719848,0.2529421746730804,0.3085866868495941,0.2092548459768295,0.2128545045852661,,0.0464186519384384,14.0,0.216533362865448,1.275159478187561,296.45294189453125,3.3476696014404297,269.5245361328125,257.6568908691406,2.055354595184326,3.190639019012451,300.0,0.1500450074672699,0.189750000834465
20180704.0,0.2562890946865082,0.2548973560333252,,,,,,,,,,,,,,,,,
20180705.0,0.2980874180793762,0.3027459383010864,,,,0.1019001007080078,0.158482626080513,,,,,,,,,,,,
20180706.0,0.2815622091293335,0.2894432246685028,0.3086699843406677,0.2163037061691284,0.2185387313365936,,,14.0,0.216533362865448,1.275159478187561,293.7386474609375,3.3657593727111816,266.9984130859375,251.03683471679688,0.6558002233505249,2.8074891567230225,300.0,0.1916909515857696,0.157095236437661
20180707.0,0.2622672617435455,0.2593302726745605,,,,,0.1254005581140518,,,,,,,,,,,,
20180708.0,0.2421123683452606,0.2410053610801696,0.2887759804725647,0.1787953078746795,0.1853276193141937,0.0193396117538213,0.0234687346965074,14.0,0.216533362865448,1.275159478187561,298.2948303222656,3.377936601638794,271.56671142578125,258.50537109375,0.0,4.013613700866699,300.0,0.1360683441162109,0.212458333621422
20180709.0,0.2262408584356308,0.2336381524801254,0.2914434969425201,0.1545325070619583,0.1638614684343338,,,14.0,0.216533362865448,1.275159478187561,298.3383178710937,3.384084701538086,274.23028564453125,261.5875244140625,0.0013371226377785,3.5244739055633545,300.0,0.1037653312087059,0.180416665350397
20180710.0,0.2136933207511901,0.2267087697982788,,,,0.0383851900696754,0.0711691677570343,,,,,,,,,,,,
20180711.0,0.2024409174919128,0.2126291096210479,0.2730774581432342,0.1437275260686874,0.1666337549686432,,,14.0,0.216533362865448,1.275159478187561,297.2436218261719,3.3967437744140625,273.44390869140625,264.97247314453125,0.003991839941591,3.2181379795074463,300.0,0.0793724879622459,0.134250001671414
20180712.0,0.1928398758172989,0.2006087452173233,,,,,0.0098879970610141,,,,,,,,,,,,
20180713.0,0.1838827431201934,0.2052903622388839,,,,0.0253377500921487,0.0262764375656843,,,,,,,,,,,,
20180714.0,0.200530931353569,0.221084177494049,0.2707898914813995,0.1165409237146377,0.1373336315155029,,,14.0,0.216533362865448,1.275159478187561,298.28472900390625,3.405853271484375,276.68035888671875,266.9918212890625,3.9383044242858887,3.5844321250915527,300.0,0.0771138444542884,0.135636362839829
20180715.0,0.21261727809906,0.2038321644067764,,,,0.0275606866925954,0.047822505235672,,,,,,,,,,,,
20180716.0,0.2948650121688843,0.1928721070289611,0.2576647400856018,0.1883784979581833,0.1961210966110229,,0.0244758445769548,14.0,0.216533362865448,1.275159478187561,293.2950134277344,3.4094343185424805,271.9613647460937,260.16619873046875,15.483485221862791,3.541855335235596,300.0,0.1190684661269187,0.118250000601013
20180717.0,0.3002554774284363,0.2540771067142486,0.2685703933238983,0.1934751570224762,0.2012778669595718,,,14.0,0.216533362865448,1.275159478187561,294.8065185546875,3.411154270172119,269.75732421875,258.4891967773437,0.2079991102218628,2.704090118408203,300.0,0.123599849641323,0.112458333993951
20180718.0,0.2746675610542297,0.2258811742067337,,,,,0.0383617654442787,,,,,,,,,,,,
20180719.0,0.2635477781295776,0.2295740246772766,0.2512353062629699,0.1339431852102279,0.1471164673566818,,,14.0,0.216533362865448,1.275159478187561,297.8640441894531,3.4145994186401367,275.3925170898437,263.78033447265625,0.2117646336555481,3.5036659240722656,300.0,0.0871843621134758,0.0945000008990367
20180720.0,0.2582659423351288,0.2169061452150344,,,,0.0507349818944931,0.0889309346675872,,,,,,,,,,,,
20180721.0,0.2537693679332733,0.2174623906612396,,,,,0.0437330231070518,,,,,,,,,,,,
20180722.0,0.2426192760467529,0.2168594002723693,0.2557786107063293,0.159408301115036,0.1821506470441818,,,14.0,0.216533362865448,1.275159478187561,293.9153747558594,3.4197804927825928,270.1960144042969,262.3184814453125,0.4974099695682525,2.655702352523804,300.0,0.0958819985389709,0.0801249987756213
20180723.0,0.2309543043375015,0.2088692486286163,,,,0.0227066241204738,0.0495620593428611,,,,,,,,,,,,
20180724.0,0.2167818993330001,0.1961359530687332,0.2384232133626938,0.1249259635806083,0.1475691795349121,,,14.0,0.216533362865448,1.275159478187561,298.5226745605469,3.423243522644043,275.1088562011719,265.9681396484375,0.3623009026050567,3.371945381164551,300.0,0.0795044749975204,0.0792500022798777
20180725.0,0.2058182805776596,0.1947975903749466,,0.1156567931175232,0.1413030177354812,,,14.0,0.216533362865448,1.275159478187561,299.0850830078125,3.425012350082397,276.6602783203125,268.08282470703125,0.0008598174317739,3.2644357681274414,300.0,0.0662567242980003,0.0774583341553807
20180726.0,0.1944665163755417,0.1948424577713012,,,,,,,,,,,,,,,,,
20180727.0,0.1865109205245971,0.2036504745483398,0.222911462187767,0.1155446097254753,0.1370215117931366,,,14.0,0.216533362865448,1.275159478187561,299.24920654296875,3.428971290588379,278.1334228515625,268.54364013671875,3.9402706623077393,2.8518993854522705,300.0,0.0681150406599044,0.0712083335965872
20180728.0,0.3188310265541076,0.2033532708883285,,,,0.0095829926431179,0.0487990975379943,,,,,,,,,,,,
20180729.0,0.2849612236022949,0.1975613534450531,,,,,,,,,,,,,,,,,
20180730.0,0.2608431875705719,0.2058865875005722,0.2085805535316467,0.1089254170656204,0.1388215124607086,,,14.0,0.216533362865448,1.275159478187561,297.7471923828125,3.420731544494629,276.68731689453125,269.031982421875,0.0,3.363193988800049,300.0,0.0584027990698814,0.0692608699850414
20180731.0,0.2444647997617721,0.198906809091568,,,,0.0147978505119681,0.0143131809309124,,,,,,,,,,,,
20180801.0,0.2315611839294433,0.1895260661840438,0.1886554658412933,0.1088288277387619,0.1274730563163757,,,14.0,0.216533362865448,1.275159478187561,298.7596740722656,3.4117367267608643,278.79302978515625,268.5530700683594,0.000426173210144,3.1712446212768555,300.0,0.0590686313807964,0.0684583345428109
20180802.0,0.2177564203739166,0.1840207129716873,0.1866534501314163,0.0917791947722435,0.1175024062395095,,,14.0,0.216533362865448,1.275159478187561,300.8264465332031,3.4071547985076904,279.9114074707031,271.3280944824219,0.0008583068847656,3.3742892742156982,300.0,0.0540288314223289,0.0673333356777827
20180804.0,0.1921418458223343,0.1680637896060943,,0.0907107517123222,0.1034926697611808,,,14.0,0.216533362865448,1.275159478187561,301.6004943847656,3.398029327392578,282.5855712890625,271.2679443359375,0.0006025119218975,3.111246585845948,300.0,0.0535012669861316,0.0758636370301247
20180805.0,0.1821611374616623,0.1688396483659744,,,,0.0122956121340394,0.0144962919875979,,,,,,,,,,,,
20180806.0,0.1731474995613098,0.1871175915002823,,,,,,,,,,,,,,,,,
20180807.0,0.1655133962631225,0.1640689224004745,0.1638456583023071,0.1052089408040046,0.1429758369922638,,0.003295999020338,14.0,0.216533362865448,1.275159478187561,298.6019592285156,3.3844363689422607,279.40673828125,273.429443359375,0.0316151976585388,2.0688509941101074,300.0,0.0450691394507885,0.072541664664944
20180808.0,0.1623801738023758,0.2049571573734283,,,,,,,,,,,,,,,,,
20180809.0,0.1996469646692276,0.1817265748977661,0.1987782120704651,0.1779133677482605,0.1892723739147186,,,14.0,0.216533362865448,1.275159478187561,293.74761962890625,3.3754377365112305,272.99365234375,262.4168395996094,2.9736521244049072,2.6892242431640625,300.0,0.0926797911524772,0.0704583345601956
20180812.0,0.1778685748577118,0.1602856218814849,0.1548692137002945,0.1167815998196601,0.1357448548078537,,0.0010071108117699,14.0,0.216533362865448,1.275159478187561,298.5267028808594,3.362068891525269,276.8924255371094,266.75701904296875,3.832799434661865,3.20676064491272,300.0,0.0757780447602272,0.0937083316966891
20180814.0,0.212920144200325,0.2107020318508148,,,,,,,,,,,,,,,,,
20180815.0,0.201800063252449,0.1887368261814117,0.1965436488389969,0.1850556135177612,0.1965060085058212,0.0652921721339225,0.1297036707401275,14.0,0.216533362865448,1.275159478187561,296.13311767578125,3.347905158996582,269.75848388671875,259.62939453125,0.0012945618946105,2.459894895553589,300.0,0.1164526119828224,0.109375000310441
20180816.0,0.1892648637294769,0.1645379215478897,,,,,,,,,,,,,,,,,
20180817.0,0.1818923354148864,0.1802442669868469,0.1597516387701034,0.1261537373065948,0.1455716341733932,,3.051850944757461e-05,14.0,0.216533362865448,1.275159478187561,294.95849609375,3.3383054733276367,276.13885498046875,266.203369140625,0.3704646825790405,2.071508407592773,300.0,0.0678038746118545,0.101791667131086
20180818.0,0.1738055646419525,0.1755439043045044,0.1478016972541809,0.1129752919077873,0.1310266703367233,0.033680934458971,0.0351573228836059,14.0,0.216533362865448,1.275159478187561,294.4654541015625,3.333521604537964,275.5507507324219,265.261474609375,0.0366725325584411,2.079089403152466,300.0,0.0684854984283447,0.0974583327770233
20180819.0,0.164829134941101,0.1684276610612869,,,,,,,,,,,,,,,,,
20180820.0,0.1560684591531753,0.1594525873661041,0.1324486434459686,0.1097006350755691,0.1392458975315094,0.0332428440451622,0.0597857609391212,14.0,0.216533362865448,1.275159478187561,297.3861083984375,3.3239996433258057,275.6923828125,268.003662109375,0.0021087918430566,2.190251350402832,300.0,0.0628501921892166,0.0866249992201726
20180821.0,0.1489262580871582,0.1278168261051178,,,,,0.048677023500204,,,,,,,,,,,,
20180822.0,0.1478653252124786,0.166042074561119,,,,,,,,,,,,,,,,,
20180823.0,0.1644472479820251,0.1654406189918518,0.1267330348491668,0.0855186879634857,0.1179293468594551,0.0150471972301602,0.0283516962081193,14.0,0.216533362865448,1.275159478187561,297.4756164550781,3.3098304271698,280.54840087890625,273.1130065917969,2.2702202796936035,2.2256627082824707,300.0,0.0474513620138168,0.0748333334922791
20180824.0,0.1731137633323669,0.1664965003728866,,,,,,,,,,,,,,,,,
20180825.0,0.1803497076034546,0.1389880776405334,0.1023454070091247,0.116927295923233,0.1485777497291565,0.0022149675060063,0.0002441480755805,14.0,0.216533362865448,1.275159478187561,290.7084350585937,3.30046010017395,274.23931884765625,267.214599609375,2.702324151992798,1.518779993057251,300.0,0.0629937350749969,0.0707916685690482
20180826.0,0.1894395798444748,0.1470015794038772,0.1148071214556694,0.1241904869675636,0.1489546746015548,,0.0,14.0,0.216533362865448,1.275159478187561,293.5999755859375,3.2957956790924072,272.6689758300781,264.1992492675781,0.0147210033610463,1.8478848934173584,300.0,0.076516643166542,0.0700000002980232
20180827.0,0.1791536509990692,0.1614888608455658,,,,,,,,,,,,,,,,,
20180828.0,0.1689428091049194,0.1625144779682159,0.1064082682132721,0.0996210426092147,0.1258233934640884,0.0046579269692301,0.0265511032193899,14.0,0.216533362865448,1.275159478187561,299.54742431640625,3.286486864089966,277.96759033203125,269.4892578125,0.967699944972992,2.252126693725586,300.0,0.0635147392749786,0.0678750034421682
20180829.0,0.1720974445343017,0.2027002274990081,,,,,,,,,,,,,,,,,
20180830.0,0.1658502370119094,0.1867303997278213,,,,,0.0485549494624137,,,,,,,,,,,,
20180831.0,0.158923789858818,0.1701372563838958,0.1266019195318222,0.1621959507465362,0.1794037073850631,0.0859402939677238,0.0172734763473272,14.0,0.216533362865448,1.275159478187561,293.57379150390625,3.2734994888305664,270.9155578613281,261.7132568359375,0.0826823338866233,1.4112651348114014,300.0,0.0960833504796028,0.068000003695488
20180901.0,0.1529560387134552,0.1682828962802887,,,,,,,,,,,,,,,,,
20180902.0,0.1454683393239975,0.1589315384626388,0.104693628847599,0.1413922309875488,0.1639388501644134,0.0312863029539585,0.0527359843254089,14.0,0.216533362865448,1.275159478187561,294.9159240722656,3.265122652053833,272.0352783203125,263.48486328125,0.0,1.885332107543945,300.0,0.081829622387886,0.0669166681667169
20180903.0,0.1388141065835952,0.148459181189537,0.1154983043670654,0.1280136555433273,0.1431841105222702,,,14.0,0.216533362865448,1.275159478187561,295.61920166015625,3.2609596252441406,274.0799560546875,263.11285400390625,0.0021517276763916,1.80126953125,300.0,0.0837011486291885,0.0659999996423721
20180904.0,0.1333562284708023,0.1722148060798645,,,,,0.0,,,,,,,,,,,,
20180905.0,0.1364244669675827,0.1653288006782531,0.0746079012751579,0.0949106886982917,0.1272469013929367,0.0048993951641023,0.0076601458713412,14.0,0.216533362865448,1.275159478187561,295.2947998046875,3.252671718597412,276.869384765625,269.68048095703125,3.3891329765319824,1.7137068510055542,300.0,0.0574884116649627,0.0649999976158142
20180906.0,0.2114818096160888,0.1861542463302612,,,,,,,,,,,,,,,,,
20180907.0,0.2464620023965835,0.2220300436019897,,,,0.0925423204898834,0.1484725475311279,,,,,,,,,,,,
20180908.0,0.2263572216033935,0.2027091085910797,0.1559278815984726,0.2065756171941757,0.2135094851255417,,,14.0,0.216533362865448,1.275159478187561,295.0948486328125,3.240335702896118,267.22869873046875,257.36895751953125,0.0,2.219766855239868,300.0,0.1286323368549347,0.101695651917354
20180909.0,0.2102121859788894,0.1912256777286529,,,,,,,,,,,,,,,,,
20180910.0,0.2006924897432327,0.197754368185997,0.144274041056633,0.1705166101455688,0.1849809437990188,0.0504756569862365,0.0799279734492302,14.0,0.216533362865448,1.275159478187561,295.53466796875,3.232175350189209,271.54840087890625,261.771484375,0.0069154258817434,1.67425274848938,300.0,0.0952702686190605,0.101541667245328
20180911.0,0.1891914010047912,0.1950697153806686,0.1416755616664886,0.174776092171669,0.188548669219017,,,14.0,0.216533362865448,1.275159478187561,297.13946533203125,3.228130340576172,271.0507202148437,261.28973388671875,0.0004410743713378,1.8216630220413208,300.0,0.102271556854248,0.0992916667213043
20180912.0,0.1895362287759781,0.1856140196323394,,,,0.014830308035016,0.0287484358996152,,,,,,,,,,,,
20180914.0,0.1938924789428711,0.1965294778347015,,,,,,,,,,,,,,,,,
20180915.0,0.1844755262136459,0.1794459223747253,,,,0.0285310018807649,0.0468764305114746,,,,,,,,,,,,
20180916.0,0.1741870790719986,0.1785845756530761,0.1497701108455658,0.1563382446765899,0.1731792688369751,,,14.0,0.216533362865448,1.275159478187561,296.0686340332031,3.201988935470581,271.6605834960937,261.94891357421875,0.0142280841246247,1.6608326435089111,300.0,0.0939949452877044,0.107791665631036
20180917.0,0.1657013595104217,0.1908455342054367,,,,,0.0,,,,,,,,,,,,
20180918.0,0.1582753211259842,0.1802103221416473,0.1219907477498054,0.1372382789850235,0.1544061005115509,,9.155552834272385e-05,14.0,0.216533362865448,1.275159478187561,297.14239501953125,3.188318252563477,275.76080322265625,265.4549560546875,0.2526511549949646,1.533961534500122,300.0,0.0744667500257492,0.0979583334798614
20180919.0,0.1534713804721832,0.1770657896995544,0.127761036157608,0.113169252872467,0.1357493102550506,,,14.0,0.216533362865448,1.275159478187561,296.7857360839844,3.181492805480957,276.7540283203125,267.536865234375,0.013452224433422,1.3547704219818115,300.0,0.0639845728874206,0.0929583323498567
20180920.0,0.1473115086555481,0.1730948239564895,,,,0.0151730990037322,0.0233771782368421,,,,,,,,,,,,
20180921.0,0.1446637660264969,0.1812614947557449,0.1130042672157287,0.1243562921881675,0.1500746607780456,,,14.0,0.216533362865448,1.275159478187561,294.19140625,3.1679577827453613,276.25372314453125,268.046142578125,0.8855658769607544,1.1375021934509275,300.0,0.0628595501184463,0.0841249997417132
20180922.0,0.1454990357160568,0.1777892708778381,,,,,0.0005493331700563,,,,,,,,,,,,
20180923.0,0.1410154849290847,0.1782179623842239,,,,,0.0,,,,,,,,,,,,
20180924.0,0.1558180749416351,0.1999778598546981,0.1360402256250381,0.1913581490516662,0.2004178762435913,,,14.0,0.216533362865448,1.275159478187561,290.6482238769531,3.147944927215576,269.4036865234375,259.61212158203125,0.1468384265899658,1.6776669025421145,300.0,0.0926932543516159,0.0758749997864167
20180925.0,0.1501290202140808,0.1684520691633224,,,,0.0303711388260126,0.0462965779006481,,,,,,,,,,,,
20180926.0,0.1448062658309936,0.1701123565435409,0.1001979932188987,0.1351958811283111,0.1582198590040207,,,14.0,0.216533362865448,1.275159478187561,293.3009033203125,3.134796142578125,270.25799560546875,261.89630126953125,0.0004351138486526,1.2284188270568848,300.0,0.0891626626253128,0.071916664019227
20180928.0,0.1354283094406128,0.1768935918807983,,,,,,,,,,,,,,,,,
20180929.0,0.1315972357988357,0.1756587773561477,0.0980235561728477,0.1085226014256477,0.1211562007665634,,,14.0,0.216533362865448,1.275159478187561,293.2396545410156,3.1145567893981934,276.8111572265625,265.15692138671875,0.0022555736359208,1.0739399194717407,300.0,0.0611143596470356,0.0677500031888485
20180930.0,0.1286776810884475,0.1548535823822021,,,,,3.051850944757461e-05,,,,,,,,,,,,
20181002.0,0.1250011920928955,0.1490980088710785,0.0588520094752311,0.1106238141655922,0.1356934905052185,,,14.0,0.216533362865448,1.275159478187561,286.6205139160156,3.1162097454071045,270.46923828125,262.0856018066406,0.0017074019415304,0.8629465103149414,300.0,0.0628735572099685,0.0649999976158142
20181003.0,0.1233890801668167,0.1704859584569931,,,,,9.155552834272385e-05,,,,,,,,,,,,
20181004.0,0.1221790537238121,0.1682981550693512,0.0777094215154647,0.1124521493911743,0.1448575556278228,,,14.0,0.216533362865448,1.275159478187561,291.1217346191406,3.1228556632995605,270.1898803710937,263.5840759277344,0.0,0.8133476972579956,300.0,0.0768450871109962,0.0640416694805026
20181005.0,0.1203131526708602,0.1597650945186615,0.0841807723045349,0.1050760224461555,0.1315367370843887,,3.051850944757461e-05,14.0,0.216533362865448,1.275159478187561,293.879150390625,3.126357078552246,272.71112060546875,264.58160400390625,0.0017217576969414,0.9544087648391724,300.0,0.0741214305162429,0.0640000030398369
20181006.0,0.1250356137752533,0.1806048899888992,,,,,0.0,,,,,,,,,,,,
20181007.0,0.2072067260742187,0.263197660446167,0.1758163422346115,0.2405192703008651,0.2379257380962371,,,14.0,0.216533362865448,1.275159478187561,285.24627685546875,3.1333937644958496,263.15753173828125,248.0741577148437,7.368882656097412,2.1192517280578613,300.0,0.1474958658218383,0.0669166687875986
20181008.0,0.2358151823282241,0.2573648691177368,,,,0.0958613157272338,0.1717581748962402,,,,,,,,,,,,
20181009.0,0.2242880761623382,0.2286404222249984,,,,,,,,,,,,,,,,,
20181010.0,0.2806575000286102,0.2324472069740295,0.1589912176132202,0.1942631602287292,0.1967823207378387,,0.1232337430119514,14.0,0.216533362865448,1.275159478187561,291.8495483398437,3.144033670425415,265.49346923828125,251.77674865722656,9.31850242614746,1.8789093494415283,300.0,0.1744415462017059,0.102739130025325
20181011.0,0.2675565481185913,0.1950519382953643,,,,0.1151191964745521,0.1403851509094238,,,,,,,,,,,,
20181012.0,0.2504645884037018,0.224775031208992,0.1431542485952377,0.1855203062295913,0.1896198391914367,,,14.0,0.216533362865448,1.275159478187561,293.9364013671875,3.1511833667755127,268.0107421875,254.769271850586,0.0008523463038727,1.3503568172454834,300.0,0.1403559297323227,0.103541667883595
20181013.0,0.233534500002861,0.2131280750036239,0.1519296020269394,0.1588425785303115,0.1662874519824981,0.06407330930233,0.1120639666914939,14.0,0.216533362865448,1.275159478187561,294.8948669433594,3.1547975540161133,271.40155029296875,258.4641418457031,0.0,1.2688595056533811,300.0,0.1083532348275184,0.102166667580605
20181014.0,0.2593395709991455,,,,,,,,,,,,,,,,,,
20181015.0,0.3459942042827606,0.2675493061542511,0.2223482280969619,0.3275197148323059,0.3027377426624298,,0.1795403957366943,14.0,0.216533362865448,1.275159478187561,287.9163513183594,3.162329196929932,257.0932312011719,244.330322265625,12.715205192565918,1.301698923110962,300.0,0.2383975684642791,0.225416666517655
20181016.0,0.3026740550994873,0.2507612109184265,,,,0.0907372832298278,0.1990417242050171,,,,,,,,,,,,
20181017.0,0.2910151779651642,0.240691140294075,,,,,,,,,,,,,,,,,
20181018.0,0.2858444452285766,0.2357518970966339,0.2043906897306442,0.2542956471443176,0.2463464885950088,0.1032275855541229,0.1611682474613189,14.0,0.216533362865448,1.275159478187561,290.16473388671875,3.1644747257232666,260.40606689453125,247.3883056640625,0.725264310836792,1.0283640623092651,300.0,0.2099598944187164,0.185708333427707
20181019.0,0.279288649559021,0.2360689491033554,,,,,0.0750144943594932,,,,,,,,,,,,
20181020.0,0.2719552218914032,0.2263623028993606,0.1944257020950317,0.2356447577476501,0.2312645763158798,,,14.0,0.216533362865448,1.275159478187561,290.21197509765625,3.1636013984680176,262.263427734375,249.00881958007807,0.0007584156119264,0.9550799131393432,300.0,0.1830952912569046,0.16904166713357
20181021.0,0.2656678855419159,0.2242787182331085,0.1928398162126541,0.2308157980442047,0.22714164853096,0.0766435414552688,0.093142494559288,14.0,0.216533362865448,1.275159478187561,289.4527587890625,3.163097858428955,262.54901123046875,249.54498291015625,0.0059035695157945,1.0206025838851929,300.0,0.1733981221914291,0.161916668216387
20181022.0,0.2595591247081756,0.2250466793775558,,,,,,,,,,,,,,,,,
20181023.0,0.2535994350910187,0.2155914455652237,0.1832074075937271,0.226485475897789,0.2255959957838058,0.0653097555041313,0.0795007199048996,14.0,0.216533362865448,1.275159478187561,286.7133178710937,3.1620912551879883,260.7965087890625,252.09231567382807,0.0008612871170043,1.0934091806411743,300.0,0.1425912678241729,0.148000000665585
20181024.0,0.2486233711242675,0.1946629583835601,,,,,0.0380260646343231,,,,,,,,,,,,
20181025.0,0.244556576013565,0.2078734934329986,,,,,,,,,,,,,,,,,
20181026.0,0.2426350563764572,0.2112559378147125,0.1725418269634246,0.1678720563650131,0.1757464259862899,0.0435489602386951,0.0800805687904357,14.0,0.216533362865448,1.275159478187561,286.2333679199219,3.1605825424194336,265.63153076171875,253.8601226806641,0.1985571682453155,0.5357252359390259,300.0,0.1284360736608505,0.136541667704781
20181027.0,0.2492143511772155,,,,,,,,,,,,,,,,,,
20181028.0,0.2764288783073425,,0.1620973348617553,0.1752548068761825,0.185324341058731,,0.063081756234169,14.0,0.216533362865448,1.275159478187561,278.4389343261719,3.1595778465271,261.7294311523437,251.78884887695312,8.367971420288086,1.5741442441940308,300.0,0.0927746891975402,0.136958330248793
20181029.0,0.3066173195838928,,0.1982462704181671,0.2284519076347351,0.2246269434690475,0.0733151137828826,0.0964384898543357,14.0,0.216533362865448,1.275159478187561,279.0634460449219,3.1590776443481445,255.9872894287109,244.31423950195312,0.8517122864723206,0.9526689052581788,300.0,0.1608166694641113,0.169833335404595
20181030.0,0.2878162264823913,,,,,,,,,,,,,,,,,,
20181031.0,0.2791322767734527,,0.2045787274837494,0.2151408940553665,0.2144333571195602,0.1022644266486167,0.1358989179134369,14.0,0.216533362865448,1.275159478187561,282.7549133300781,3.1580944061279297,257.5653076171875,246.2647399902344,0.8240724802017212,0.6989672780036926,300.0,0.1912975013256073,0.165916666388512
20181101.0,0.3185218572616577,0.2344134300947189,,,,,,,,,,,,,,,,,
20181102.0,0.3426445424556732,,,,,,0.0860316753387451,,,,,,,,,,,,
20181103.0,0.3160290122032165,,0.1940208673477172,0.2200890928506851,0.2174923568964004,0.0781820490956306,0.094576857984066,14.0,0.216533362865448,1.275159478187561,280.9061279296875,3.1560306549072266,257.341552734375,244.034423828125,0.0017721779877319,0.7132087349891663,300.0,0.1709775030612945,0.161916666974624
20181104.0,0.3038355410099029,,,,,,,,,,,,,,,,,,
20181105.0,0.3051801323890686,0.2073871940374374,0.2036356180906295,0.2059725075960159,0.2061008661985397,0.0183037165552377,0.0461134687066078,14.0,0.216533362865448,1.275159478187561,285.2950439453125,3.1545090675354004,259.1912536621094,246.829833984375,10.6034517288208,1.0551589727401731,300.0,0.1952603757381439,0.163291666656733
20181106.0,0.3489525020122528,,0.2320312410593032,0.2670021951198578,0.2542546391487121,,0.073213905096054,14.0,0.216533362865448,1.275159478187561,282.453125,3.153744697570801,255.06260681152344,242.1669158935547,2.5195024013519287,1.491287350654602,300.0,0.2156279385089874,0.284166667610407
20181107.0,0.3445755839347839,,,,,,,,,,,,,,,,,,
20181108.0,0.3322286307811737,,0.2224042266607284,0.2490074187517166,0.239405557513237,0.1094258651137352,0.1391644030809402,14.0,0.216533362865448,1.275159478187561,283.4602355957031,3.152217626571656,254.9454040527344,243.20672607421875,0.0008523463620804,0.7530058026313782,300.0,0.2047817409038543,0.259666666388512
20181109.0,0.332134336233139,,,,,,,,,,,,,,,,,,
20181110.0,0.3345257341861725,0.2497330605983734,,,,0.0970680341124534,0.1837824583053589,,,,,,,,,,,,
20181111.0,0.3354009389877319,0.2351535856723785,0.2404280751943588,0.2445807456970214,0.2356442660093307,,0.1371807008981704,14.0,0.216533362865448,1.275159478187561,286.4504699707031,3.149930715560913,256.1903686523437,244.3674774169922,0.0033441763371229,1.2161142826080322,300.0,0.1939951926469802,0.24937499811252
20181112.0,0.3260215818881988,0.2422704696655273,,,,,,,,,,,,,,,,,
20181113.0,0.3444841206073761,0.2475080639123916,0.2382980287075042,0.2678873538970947,0.2519578337669372,0.0993806421756744,0.186529129743576,14.0,0.216533362865448,1.275159478187561,286.2310791015625,3.1484086513519287,255.80165100097656,244.41119384765625,0.587496280670166,1.13239586353302,300.0,0.207657054066658,0.240708330646157
20181114.0,0.3241723179817199,0.2313147038221359,0.2442025542259216,0.2195110619068145,0.2160359770059585,,,14.0,0.216533362865448,1.275159478187561,287.3296813964844,3.14768648147583,259.13653564453125,246.51589965820312,0.0062807016074657,0.6233499646186829,300.0,0.2128514051437378,0.235041667396824
20181115.0,0.3153970539569855,0.2357162833213806,,,,,0.24939726293087,,,,,,,,,,,,
20181116.0,0.3086677193641662,0.2261245101690292,0.2375145703554153,0.2318517565727234,0.2254200875759124,0.1075226962566375,0.1466719508171081,14.0,0.216533362865448,1.275159478187561,286.45965576171875,3.1466968059539795,258.8809814453125,247.556884765625,0.001713007572107,0.6838966608047485,300.0,0.2004361897706985,0.22020833256344
20181117.0,0.303402841091156,0.2347067594528198,,,,,,,,,,,,,,,,,
20181118.0,0.2982155382633209,,,,,0.1110168024897575,0.1477706283330917,,,,,,,,,,,,
20181119.0,0.2940253913402557,,0.2328597605228424,0.2388156503438949,0.2305251061916351,,,14.0,0.216533362865448,1.275159478187561,281.61932373046875,3.1298460960388184,255.9649353027344,244.5380249023437,0.0021415136288851,0.5924063324928284,300.0,0.1929331570863723,0.197458333025376
20181120.0,0.2907576858997345,,,,,,0.0723593831062316,,,,,,,,,,,,
20181121.0,0.2884618937969208,,0.2029405087232589,0.2013478428125381,0.201464906334877,0.0719304382801055,0.0846888646483421,14.0,0.216533362865448,1.275159478187561,278.35107421875,3.1149790287017822,255.73861694335932,243.6317749023437,0.0866110622882843,0.5589064955711365,300.0,0.1713095605373382,0.18745833200713
20181122.0,0.2856239974498749,,0.2008630335330963,0.2001738995313644,0.2015728056430816,,,14.0,0.216533362865448,1.275159478187561,281.3118896484375,3.1075127124786377,256.87091064453125,245.90985107421875,0.0008523463038727,0.5607129335403442,300.0,0.1781927943229675,0.183583332846562
20181123.0,0.2837746143341064,,,,,0.0913012325763702,0.107242040336132,,,,,,,,,,,,
20181124.0,0.2818953096866607,,0.2226378917694091,0.2299499958753585,0.2237048149108886,,0.0608233883976936,14.0,0.216533362865448,1.275159478187561,281.1062316894531,3.092738389968872,254.56130981445312,242.58572387695312,0.148231565952301,0.6708430051803589,300.0,0.1953615397214889,0.175874998793006
20181125.0,0.3019357919692993,,,,,,,,,,,,,,,,,,
20181126.0,0.3048461079597473,,,,,0.0821311771869659,0.1168858930468559,,,,,,,,,,,,
20181127.0,0.2963310778141022,,0.2237974256277084,0.2451681494712829,0.2346165180206298,,,14.0,0.216533362865448,1.275159478187561,279.9385070800781,3.070971965789795,253.5296173095703,242.49319458007807,0.0531362146139144,0.4191545844078064,300.0,0.2113465815782547,0.178083336601655
20181128.0,0.2899796068668365,,,,,0.0713504254817962,0.1180455982685089,,,,,,,,,,,,
20181129.0,0.2880704402923584,,0.223060131072998,0.2355538457632064,0.2278187423944473,,0.0469374693930149,14.0,0.216533362865448,1.275159478187561,283.3306579589844,3.056724786758423,254.54345703125,244.80926513671875,6.0404863357543945,0.7420017719268799,300.0,0.2234584838151931,0.172249998897314
20181130.0,0.3634254038333893,,0.2456565648317337,0.2829492092132568,0.2603537738323211,,,14.0,0.216533362865448,1.275159478187561,282.107177734375,3.049602508544922,252.4135131835937,241.49624633789065,11.29811191558838,1.2021039724349976,300.0,0.2587146461009979,0.243000006303191
20181201.0,0.3378910720348358,,,,,0.1158026829361915,0.1578112095594406,,,,,,,,,,,,
20181202.0,0.3576991260051727,0.2971571087837219,0.2609605491161346,0.238009974360466,0.2297457456588745,,,14.0,0.216533362865448,1.275159478187561,283.8822631835937,3.034604549407959,255.64761352539065,242.2789459228516,4.071790218353272,1.091284990310669,300.0,0.2170644253492355,0.279708334555229
20181203.0,0.3591174781322479,0.2786876559257507,,,,,0.2172002345323562,,,,,,,,,,,,
20181213.0,0.3471636474132538,,0.2678906917572021,0.2363001406192779,0.227032333612442,,,14.0,0.216533362865448,1.275159478187561,280.02459716796875,3.102313041687012,254.00547790527344,242.1822662353516,17.159164428710938,0.3983339965343475,300.0,0.2719729244709015,0.299541667103767
20181214.0,0.356470376253128,,,,,0.1315839439630508,0.1902829110622406,,,,,,,,,,,,
20181215.0,0.3497654497623443,0.2697979509830475,0.2684976756572723,0.273865282535553,0.2530148029327392,,,14.0,0.216533362865448,1.275159478187561,279.888916015625,3.117673873901367,250.4973907470703,239.74002075195312,6.871043682098389,0.473298966884613,300.0,0.2705682218074798,0.282416667789221
20181216.0,0.3874147832393646,,0.289615273475647,0.2682149708271026,0.2589810490608215,0.1607540696859359,0.2486953288316726,14.0,0.216533362865448,1.275159478187561,282.7582702636719,3.1254849433898926,251.4312438964844,235.325439453125,19.61328315734864,1.2709487676620483,300.0,0.3058576583862304,0.305166667948167
20181217.0,0.367800235748291,,,,,,0.153752252459526,,,,,,,,,,,,
20181218.0,0.3501844108104706,,0.2830464243888855,0.2866115570068359,0.2641104161739349,,,14.0,0.216533362865448,1.275159478187561,280.61541748046875,3.1418440341949463,250.01870727539065,237.7843017578125,0.3524901270866394,0.477461040019989,300.0,0.2407394647598266,0.287250000983477
20181219.0,0.3505493402481079,,,,,0.1395021826028823,0.1969969719648361,,,,,,,,,,,,
20181220.0,0.3422138690948486,,,,,,,,,,,,,,,,,,
20181221.0,0.3369167745113373,,0.296868234872818,0.2692116200923919,0.2536397874355316,,0.1669972836971283,14.0,0.216533362865448,1.275159478187561,283.8192138671875,3.147193670272827,251.0629272460937,237.70654296875,2.271337985992432,0.9190171360969543,300.0,0.2604305446147918,0.25979166602095
20181222.0,0.3555288910865783,0.2860579192638397,,,,0.1281188428401947,0.0758690163493156,,,,,,,,,,,,
20181223.0,0.3429487347602844,,0.2884835302829742,0.2363594621419906,0.2278037518262863,,,14.0,0.216533362865448,1.275159478187561,285.66180419921875,3.1458935737609863,254.9564971923828,242.1593475341797,0.0291311983019113,0.3789967894554138,300.0,0.2366962432861328,0.266666663189729
20181224.0,0.3360450267791748,,0.2880685925483703,0.2808324694633484,0.2578506469726562,0.1253634244203567,0.173772394657135,14.0,0.216533362865448,1.275159478187561,283.5941772460937,3.145101547241211,252.68133544921875,242.20394897460932,0.1978720277547836,0.1351514756679535,300.0,0.2396122217178344,0.258249998092651
20181225.0,0.3320129513740539,,,,,,,,,,,,,,,,,,
20181226.0,0.3275307714939117,,0.2831303775310516,0.2629533112049103,0.2470580637454986,,0.0714438334107399,14.0,0.216533362865448,1.275159478187561,280.45123291015625,3.143519401550293,251.85281372070312,240.16571044921875,0.000426173210144,0.4682702124118805,300.0,0.2221242636442184,0.246083333467444
20181227.0,0.3243387639522552,,,,,0.1170840635895729,0.1094393730163574,,,,,,,,,,,,
20181228.0,0.3237351477146148,,,,,,,,,,,,,,,,,,
20181229.0,0.3216561079025268,0.2708581686019897,0.2822692096233368,0.2615776360034942,0.2468807995319366,,0.0,14.0,0.216533362865448,1.275159478187561,278.3970031738281,3.141144275665283,252.390869140625,240.260009765625,0.0146386576816439,0.4751919209957123,300.0,0.2138864994049072,0.232166665916642
20181230.0,0.3185637295246124,,,,,,0.051087986677885,,,,,,,,,,,,
20181231.0,0.3162117898464203,,0.2616651952266693,0.2330387979745865,0.2258255928754806,,,14.0,0.216533362865448,1.275159478187561,276.0247497558594,3.1394810676574707,251.7598876953125,240.1077880859375,0.0038592251949012,0.3733442425727844,300.0,0.2142502516508102,0.224791665251056
20190102.0,0.3135019838809967,,,,,,,,,,,,,,,,,,
20190103.0,0.3108634650707245,,,0.2328041791915893,0.2267884612083435,,0.0,14.0,0.216533362865448,1.275159478187561,274.5341186523437,3.13952374458313,250.55897521972656,236.6218414306641,0.0,0.4847442209720611,300.0,0.2193041145801544,0.216583331425985
20190104.0,0.3085440099239349,,,,,,0.0439771711826324,,,,,,,,,,,,
20190109.0,0.3065426349639892,,0.2600428164005279,0.22001314163208,0.215675488114357,0.0584365986287593,0.0850856080651283,14.0,0.216533362865448,1.275159478187561,278.4159240722656,3.141590118408203,252.2548370361328,241.57147216796875,0.3528089225292206,0.4890477061271667,300.0,0.2194498032331466,0.214157896606546
20190110.0,0.3044850528240204,,,,,,,,,,,,,,,,,,
20190111.0,0.3020170927047729,,,0.2176734954118728,0.2133734375238418,,0.0897549390792846,14.0,0.216533362865448,1.275159478187561,274.0254821777344,3.1422924995422363,250.2523193359375,235.403076171875,0.0130868013948202,0.4108864367008209,300.0,0.2249495238065719,0.209500001743436
20190112.0,0.3008611500263214,,,,,,,,,,,,,,,,,,
20190115.0,0.3005914390087127,,,,,,,,,,,,,,,,,,
20190116.0,0.2978630661964416,,,0.249539315700531,0.2387138605117797,,0.0036622211337089,14.0,0.216533362865448,1.275159478187561,278.0650329589844,3.144379138946533,248.9849853515625,234.3584442138672,0.0200505796819925,0.3999619483947754,300.0,0.2349027097225189,0.243791666502754
20190118.0,0.3252600431442261,,,,,,,,,,,,,,,,,,
20190119.0,0.3297102749347687,,0.2708966434001922,0.2252211272716522,0.2184498459100723,,,14.0,0.216533362865448,1.275159478187561,278.43701171875,3.1369199752807617,251.83758544921875,241.1786499023437,2.465092182159424,0.9490447640419006,300.0,0.2290699481964111,0.253374998768171
20190120.0,0.3329171538352966,,,,,,,,,,,,,,,,,,
20190121.0,0.3351540863513946,,,,,0.1015240922570228,0.1440168470144271,,,,,,,,,,,,
20190122.0,0.3470242917537689,,0.2688050866127014,0.2308617681264877,0.2240809649229049,,0.1001007109880447,14.0,0.216533362865448,1.275159478187561,275.6620178222656,3.126115798950196,250.0029296875,235.81675720214844,8.57933521270752,0.8444302082061768,300.0,0.2910422086715698,0.26325000077486
20190123.0,0.3702127039432525,0.2928356230258941,,,,,,,,,,,,,,,,,
20190124.0,0.3500823080539703,0.2955932319164276,0.2895001173019409,0.2964260578155517,0.275371640920639,0.124852530658245,0.1668752133846283,14.0,0.216533362865448,1.275159478187561,275.8812255859375,3.1188859939575195,245.71060180664065,232.1239624023437,0.0244785901159048,0.6015573740005493,300.0,0.2566350400447845,0.313666667789221
20190125.0,0.3454898595809936,,0.2828722298145294,0.2467788755893707,0.2389282584190368,,,14.0,0.216533362865448,1.275159478187561,278.86578369140625,3.1152894496917725,249.0914459228516,234.09201049804688,1.1633700132369995,0.6265645623207092,300.0,0.2647710740566253,0.29254166657726
20190126.0,0.3390655219554901,,,,,0.1038879007101059,0.2043519467115402,,,,,,,,,,,,
20190127.0,0.3579294681549072,,0.3022845387458801,0.2845823466777801,0.2675956785678863,,0.1631519496440887,14.0,0.216533362865448,1.275159478187561,280.1234436035156,3.1081323623657227,249.2158966064453,235.06280517578125,8.624687194824219,3.0344796180725098,300.0,0.3159611225128174,0.285136369141665
20190128.0,0.3721573650836944,0.2997911870479584,,,,,,,,,,,,,,,,,
20190129.0,0.3667029738426208,,,,,0.1563984155654907,0.2585528194904327,,,,,,,,,,,,
20190130.0,0.3759472072124481,,0.3042358756065368,0.3518158495426178,0.3116045892238617,,,14.0,0.216533362865448,1.275159478187561,277.8709716796875,3.097487449645996,244.2310485839844,231.8941802978516,8.301115989685059,1.848960399627685,300.0,0.326906144618988,0.32237500200669
20190131.0,0.3899235725402832,0.3108871281147003,,,,,0.1418805569410324,,,,,,,,,,,,
20190201.0,0.3937456309795379,,0.3172880709171295,0.3716247975826263,0.3439657986164093,0.1843983829021453,0.189062163233757,14.0,0.216533362865448,1.275159478187561,280.07598876953125,3.0904541015625,241.98980712890625,226.7176971435547,14.24490451812744,1.5549075603485107,300.0,0.3354506492614746,0.341666664928198
20190202.0,0.38607919216156,,0.3236517608165741,0.3896978497505188,0.3433805108070373,,,14.0,0.216533362865448,1.275159478187561,277.4486999511719,3.0869476795196533,242.0744781494141,228.91075134277344,5.768199920654297,1.2845427989959717,300.0,0.3332038819789886,0.328916663924853
20190203.0,0.3670981228351593,,,,,0.1752653270959854,0.232093259692192,,,,,,,,,,,,
20190204.0,0.3623590171337127,,,0.3016312718391418,0.2953417003154754,,,14.0,0.216533362865448,1.275159478187561,273.9429626464844,3.07991886138916,243.0316772460937,225.76275634765625,5.215498924255371,0.8019201159477234,300.0,0.3299812376499176,0.287958335131407
20190205.0,0.3803759217262268,0.3184128999710083,,,,,,,,,,,,,,,,,
20190206.0,0.370073914527893,0.3022361099720001,,,,0.1829922497272491,0.1880855709314346,,,,,,,,,,,,
20190207.0,0.3611778318881988,0.2999923825263977,0.3231474459171295,0.2844128906726837,0.2688841521739959,,,14.0,0.216533362865448,1.275159478187561,281.8179626464844,3.069465160369873,249.81491088867188,234.9842071533203,1.39511239528656,1.0195132493972778,300.0,0.2686081528663635,0.296416667600473
20190208.0,0.3528138101100921,,,,,0.1541725397109985,0.2033448219299316,,,,,,,,,,,,
20190209.0,0.3449189066886902,,0.3223147094249725,0.3251748383045196,0.3011520802974701,,0.1120029315352439,14.0,0.216533362865448,1.275159478187561,283.329833984375,3.0625569820404053,246.1885528564453,231.44586181640625,0.0034255317877978,0.9261987209320068,300.0,0.2685782313346863,0.268583332498868
20190210.0,0.3460353314876556,,0.3290309011936188,0.3223655819892883,0.2933611273765564,,,14.0,0.216533362865448,1.275159478187561,282.1840515136719,3.059121370315552,247.50396728515625,233.95333862304688,2.2690227031707764,1.1503758430480957,300.0,0.3021613657474518,0.259458328286807
20190211.0,0.3444560766220093,0.2796660959720611,,,,0.1571501642465591,0.1980956494808197,,,,,,,,,,,,
20190212.0,0.3375367522239685,0.304948478937149,0.3140937089920044,0.3334585726261139,0.3118033111095428,,,14.0,0.216533362865448,1.275159478187561,278.4093933105469,3.052287101745605,244.39779663085932,228.81539916992188,0.0008523463038727,0.6231107115745544,300.0,0.2787318527698517,0.250958330929279
20190213.0,0.3320741653442383,0.3022821843624115,,,,0.1256394982337951,0.1459089964628219,,,,,,,,,,,,
20190214.0,0.3271552920341491,,,,,,,,,,,,,,,,,,
20190215.0,0.3228842914104461,,0.3141650855541229,0.2845131456851959,0.2689601182937622,,,14.0,0.216533362865448,1.275159478187561,282.5852355957031,3.04207730293274,248.7733612060547,233.53665161132807,0.0008523463038727,1.0218204259872437,300.0,0.2385515421628952,0.22858333401382
20190216.0,0.319028228521347,0.2892259359359741,,,,0.1752331107854843,0.2296822965145111,,,,,,,,,,,,
20190217.0,0.315166026353836,,0.3130927979946136,0.2915289402008056,0.2695032358169555,,,14.0,0.216533362865448,1.275159478187561,282.7239685058594,3.034657716751098,248.766845703125,235.126220703125,0.0,1.104084014892578,300.0,0.2320516556501388,0.215999997531374
20190218.0,0.3116531372070312,,0.3017814457416534,0.2793618142604828,0.2596428990364074,,0.010254219174385,14.0,0.216533362865448,1.275159478187561,283.0697631835937,3.033090591430664,250.3922271728516,236.94351196289065,0.0008523463038727,1.0842825174331665,300.0,0.212727352976799,0.2099583329012
20190219.0,0.3092879354953766,,,,,0.0977901592850685,0.1177098900079727,,,,,,,,,,,,
20190220.0,0.3072814047336578,,0.3065933883190155,0.2904885709285736,0.2702516317367553,,,14.0,0.216533362865448,1.275159478187561,282.4164428710937,3.044367551803589,249.00637817382807,234.7652282714844,0.0025663513224571,0.9040697813034058,300.0,0.2335270941257476,0.202791666612029
20190221.0,0.3041764199733734,,,,,0.1283224523067474,0.1785332858562469,,,,,,,,,,,,
20190222.0,0.300257533788681,,,,,,,,,,,,,,,,,,
20190223.0,0.2965587377548218,0.287936806678772,0.3033695518970489,0.2897972762584686,0.2635060846805572,,0.2139652669429779,14.0,0.216533362865448,1.275159478187561,284.0423583984375,3.062325954437256,250.45123291015625,238.64971923828125,0.0030017681419849,1.2723482847213743,300.0,0.2093663513660431,0.186374997720122
20190224.0,0.2942610383033752,0.2848331332206726,,,,,,,,,,,,,,,,,
20190225.0,0.291784256696701,0.287364512681961,0.2919350564479828,0.2457746267318725,0.2348253577947616,,,14.0,0.216533362865448,1.275159478187561,285.02935791015625,3.074699640274048,253.6266326904297,239.4049224853516,0.0008523463038727,1.3201764822006226,300.0,0.2014612257480621,0.177833336095015
20190226.0,0.2885216772556305,0.2859964668750763,0.293472021818161,0.2583748698234558,0.2421156615018844,0.1151566132903099,0.2195196449756622,14.0,0.216533362865448,1.275159478187561,285.7138977050781,3.0809454917907715,253.50132751464844,241.16049194335932,0.0034387621562927,1.3546013832092283,300.0,0.1981403678655624,0.172458332031965
20190227.0,0.2849397659301758,,,,,,9.155552834272385e-05,,,,,,,,,,,,
20190228.0,0.2815347909927368,0.2877048254013061,0.2840213477611542,0.2609682083129883,0.2451439946889877,,,14.0,0.216533362865448,1.275159478187561,284.5201416015625,3.093555450439453,254.83987426757807,241.7027130126953,0.0068695317022502,1.1785024404525757,300.0,0.1876334398984909,0.161374999210238
20190301.0,0.2806525826454162,,,,,,0.0489822067320346,,,,,,,,,,,,
20190302.0,0.2804580330848694,0.2799419164657593,,,,,,,,,,,,,,,,,
20190303.0,0.2774676382541656,,0.2794961631298065,0.2272393256425857,0.2202266007661819,0.0640499964356422,0.0892056003212928,14.0,0.216533362865448,1.275159478187561,285.2967529296875,3.1128175258636475,255.320541381836,245.18072509765625,0.0,1.603226661682129,300.0,0.1680635809898376,0.149333330492179
20190304.0,0.2786893844604492,,,,,,,,,,,,,,,,,,
20190305.0,0.2816672921180725,0.289941668510437,0.2849054336547851,0.2476365119218826,0.2346966117620468,,,14.0,0.216533362865448,1.275159478187561,284.5861511230469,3.1265578269958496,254.30349731445312,243.42654418945312,0.8097211122512817,1.735633373260498,300.0,0.204707384109497,0.136249999826153
20190306.0,0.2848719358444214,,0.283154547214508,0.184118166565895,0.1870540082454681,0.0955020636320114,0.2000183165073394,14.0,0.216533362865448,1.275159478187561,285.2997741699219,3.131272792816162,259.8236694335937,248.183349609375,3.0574779510498047,1.915069341659546,300.0,0.1534003317356109,0.130416662742694
20190307.0,0.2996995449066162,,,,,,,,,,,,,,,,,,
20190314.0,0.305898517370224,,0.2998923659324646,0.2502227127552032,0.236735001206398,0.1069488823413848,0.126071959733963,14.0,0.216533362865448,1.275159478187561,282.0721130371094,3.1074883937835693,253.37258911132807,241.81085205078125,1.2830277681350708,1.50430428981781,300.0,0.2116283476352691,0.265149995684624
20190315.0,0.2990294098854065,,,,,,,,,,,,,,,,,,
20190316.0,0.2915209531784057,0.3047860264778137,0.2906880378723144,0.246020033955574,0.2340010404586792,0.097623586654663,0.1204870790243148,14.0,0.216533362865448,1.275159478187561,284.6572265625,3.101367473602295,253.2257080078125,241.2109375,0.0017285346984863,1.6283345222473145,300.0,0.1976828724145889,0.258208331341545
20190317.0,0.2897339165210724,,,,,,,,,,,,,,,,,,
20190318.0,0.290506511926651,,,,,,,,,,,,,,,,,,
20190319.0,0.315566211938858,0.2919982075691223,0.3024517297744751,0.256584495306015,0.2405434101819992,0.0931220725178718,0.1038544848561286,14.0,0.216533362865448,1.275159478187561,281.1258544921875,3.09221625328064,253.0917358398437,242.55743408203125,2.723676919937134,1.6489259004592896,300.0,0.2135756462812423,0.242583331341545
20190320.0,0.301237940788269,,,,,,,,,,,,,,,,,,
20190321.0,0.2901908755302429,,0.2919390499591827,0.2546755671501159,0.2448344826698303,0.0900197923183441,0.109530933201313,14.0,0.216533362865448,1.275159478187561,282.4761962890625,3.085662603378296,251.354736328125,236.1928558349609,0.0,1.6398026943206787,300.0,0.2222221344709396,0.214374999826153
20190322.0,0.2820973694324493,,0.2882128357887268,0.236980602145195,0.2274181842803955,,0.071962647140026,14.0,0.216533362865448,1.275159478187561,284.28271484375,3.083965539932251,253.56460571289065,241.06570434570312,0.0017359275370836,1.8494467735290527,300.0,0.1969118565320968,0.198666665082177
20190323.0,0.2747838497161865,,,,,,,,,,,,,,,,,,
20190324.0,0.2676845490932464,,0.2848370969295501,0.2509703040122986,0.2383715510368347,0.003914373461157,0.0117496261373162,14.0,0.216533362865448,1.275159478187561,286.7824401855469,3.0911710262298584,254.80709838867188,241.6441650390625,0.0,2.056426286697388,300.0,0.2112036943435669,0.169583331793547
20190325.0,0.2619586288928985,0.2744921445846557,,,,,,,,,,,,,,,,,
20190326.0,0.2572036385536194,,,,,,0.1134373024106025,,,,,,,,,,,,
20190327.0,0.2524453699588775,,0.2802759706974029,0.1945116519927978,0.1945910304784774,,,14.0,0.216533362865448,1.275159478187561,283.1597900390625,3.102644681930542,257.3974914550781,244.92337036132807,0.0012814997462555,1.7533786296844482,300.0,0.1347402930259704,0.12983333474646
20190328.0,0.2478328496217727,,,,,,,,,,,,,,,,,,
20190329.0,0.2436465919017791,0.2715625464916229,0.2426850646734237,0.1657701283693313,0.1710331290960312,0.0384600162506103,0.0691854581236839,14.0,0.216533362865448,1.275159478187561,285.1585998535156,3.110517978668213,261.1885681152344,248.80245971679688,0.0016996751073747,1.7984590530395508,300.0,0.1180550456047058,0.109666666326423
20190330.0,0.2382063716650009,0.2720584571361542,0.2676514983177185,0.1858772188425064,0.1927214115858078,,,14.0,0.216533362865448,1.275159478187561,286.7301025390625,3.1144766807556152,259.3583679199219,250.40318298339844,0.0032623941078782,1.8763551712036133,300.0,0.1251054108142852,0.101000000412265
20190331.0,0.2336995154619217,0.271121621131897,,,,,,,,,,,,,,,,,
20190401.0,0.2317605316638946,0.2696824073791504,0.2434759438037872,0.1533693075180053,0.1681114882230758,0.0639464110136032,0.0779137536883354,14.0,0.216533362865448,1.275159478187561,287.1689147949219,3.122438430786133,263.3345947265625,254.30398559570312,0.6197973489761353,1.458409547805786,300.0,0.1163199096918106,0.0891249999403954
20190402.0,0.2360760867595672,0.2758865058422088,,,,,,,,,,,,,,,,,
20190403.0,0.283632755279541,,,,,0.1261438578367233,0.1576281040906906,,,,,,,,,,,,
20190404.0,0.2870409786701202,,0.2835835516452789,0.2696803510189056,0.2515386939048767,,0.1177404075860977,14.0,0.216533362865448,1.275159478187561,281.1580810546875,3.1344919204711914,252.12159729003903,241.29356384277344,0.847452700138092,1.931461334228516,300.0,0.2198919504880905,0.176699999719858
20190405.0,0.275778979063034,,,,,,,,,,,,,,,,,,
20190406.0,0.3562657237052917,,0.3025149703025818,0.3031767606735229,0.2806006968021393,0.1599887609481811,0.1862544566392898,14.0,0.216533362865448,1.275159478187561,281.7188720703125,3.14260196685791,250.2779998779297,236.9096069335937,14.04167938232422,2.3081583976745605,300.0,0.3084776699542999,0.369958334912856
20190407.0,0.345702052116394,,0.2888915538787842,0.2556647956371307,0.2430253326892852,,,14.0,0.216533362865448,1.275159478187561,282.2675476074219,3.1466779708862305,252.8931884765625,240.48684692382807,3.606903791427612,2.262819528579712,300.0,0.2749513685703277,0.342708333084981
20190408.0,0.335296630859375,,,,,0.0279985759407281,0.0549333170056343,,,,,,,,,,,,
20190409.0,0.3418080806732178,,0.2837259471416473,0.2446072399616241,0.2375501543283462,,0.0169988106936216,14.0,0.216533362865448,1.275159478187561,283.658203125,3.1548662185668945,253.29959106445312,238.34278869628903,3.782414674758911,2.1348133087158203,300.0,0.2872781157493591,0.337249999245008
20190410.0,0.3460053205490112,0.2954238057136535,,,,,,,,,,,,,,,,,
20190411.0,0.339663952589035,,,,,0.090441457927227,0.1580553650856018,,,,,,,,,,,,
20190412.0,0.3294086158275604,0.2856500744819641,0.2836408019065857,0.210111603140831,0.2078396677970886,,,14.0,0.216533362865448,1.275159478187561,284.4630432128906,3.1672587394714355,257.7226867675781,243.0929412841797,0.0008583068847656,2.617713689804077,300.0,0.1887325346469879,0.254291662325462
20190413.0,0.3139280974864959,,,,,,0.0971404165029525,,,,,,,,,,,,
20190414.0,0.3051902651786804,,0.276686280965805,0.1918897628784179,0.1920502334833145,0.0636046230792999,0.0670796856284141,14.0,0.216533362865448,1.275159478187561,283.18212890625,3.1755943298339844,259.58837890625,245.2703094482422,0.0024624681100249,1.4155206680297852,300.0,0.1435395330190658,0.208833335588376
20190415.0,0.3073787093162536,0.2832586169242859,0.274163544178009,0.1934705525636673,0.1957496404647827,,,14.0,0.216533362865448,1.275159478187561,286.5185546875,3.179783821105957,259.08258056640625,247.837890625,11.429988861083984,2.6786553859710693,300.0,0.2242902815341949,0.214666669567426
20190416.0,0.3425836265087127,0.3007091581821441,,,,0.1558513343334198,0.2233954966068267,,,,,,,,,,,,
20190417.0,0.3201053738594055,0.2941436171531677,0.2923793792724609,0.2501474916934967,0.2395617514848709,,,14.0,0.216533362865448,1.275159478187561,288.3558959960937,3.1882078647613525,256.12115478515625,242.86117553710932,0.0008523463038727,2.3303964138031006,300.0,0.2245332896709442,0.288583333293597
20190418.0,0.3084853589534759,0.2827370166778564,,,,,0.1069063395261764,,,,,,,,,,,,
20190419.0,0.2984977662563324,0.281921923160553,,,,0.1046777069568634,0.1231116652488708,,,,,,,,,,,,
20190420.0,0.2885907292366028,0.2737038731575012,0.2857725620269775,0.1841138750314712,0.1852943897247314,,,14.0,0.216533362865448,1.275159478187561,289.59527587890625,3.200968980789185,262.2528076171875,247.6993408203125,0.3687348663806915,3.0578417778015137,300.0,0.184775024652481,0.202624998986721
20190421.0,0.2825261652469635,0.2666288316249847,,,,0.0872476324439048,0.110782191157341,,,,,,,,,,,,
20190422.0,0.2779310643672943,0.2674978971481323,0.2624188363552093,0.1861946880817413,0.1913874298334121,,0.0650959834456443,14.0,0.216533362865448,1.275159478187561,288.4120483398437,3.209749937057495,261.6444091796875,251.19435119628903,0.0020573702640831,2.0369880199432373,300.0,0.1384578049182891,0.171833335111539
20190423.0,0.2819736003875732,0.2653635144233703,0.270319402217865,0.1554938107728958,0.1628183871507644,,,14.0,0.216533362865448,1.275159478187561,288.875244140625,3.2135326862335205,265.181640625,252.82183837890625,12.710156440734863,2.247775077819824,300.0,0.144654631614685,0.174458335464199
20190424.0,0.3467282056808471,,,,,0.1308676749467849,0.1800592094659805,,,,,,,,,,,,
20190425.0,0.3645800054073334,,0.3112128376960754,0.3094949424266815,0.289726972579956,,,14.0,0.216533362865448,1.275159478187561,286.4024658203125,3.2168545722961426,252.1403350830078,237.59039306640625,8.050503730773926,3.454038143157959,300.0,0.3154541850090027,0.341250002384186
20190426.0,0.3576451241970062,,,,,0.1511377692222595,0.2711264491081238,,,,,,,,,,,,
20190427.0,0.3481735587120056,,,,,,0.0893581956624984,,,,,,,,,,,,
20190428.0,0.33453169465065,,,0.233614981174469,0.22759410738945,,,14.0,0.216533362865448,1.275159478187561,284.9913635253906,3.2216269969940186,255.85562133789065,242.0716552734375,0.0386850014328956,1.9751056432724,300.0,0.1988836526870727,0.28479166701436
20190429.0,0.3229999840259552,,,,,,,,,,,,,,,,,,
20190430.0,0.3114150166511535,0.2728200256824493,0.2835962474346161,0.215802326798439,0.2136280238628387,,,14.0,0.216533362865448,1.275159478187561,287.1661682128906,3.2247579097747803,258.2654724121094,243.01199340820312,0.0008523463038727,2.850520610809326,300.0,0.2158327549695968,0.234083334604899
20190501.0,0.3004643619060516,0.2685815095901489,0.2890129685401916,0.1979504376649856,0.1984347254037857,,0.0973845645785331,14.0,0.216533362865448,1.275159478187561,288.93768310546875,3.226326465606689,260.7948608398437,247.74322509765625,0.3457274734973907,2.897999763488769,300.0,0.1867590397596359,0.210541666174928
20190502.0,0.2946729063987732,0.2729359865188598,,,,0.0538798011839389,0.047791987657547,,,,,,,,,,,,
20190503.0,0.3147360384464264,,0.2910239100456238,0.2477247267961502,0.2380078136920929,,,14.0,0.216533362865448,1.275159478187561,284.6513061523437,3.229468822479248,257.3759155273437,245.17056274414065,5.206011772155762,2.753583669662476,300.0,0.2339144498109817,0.18604167116185
20190504.0,0.3150985538959503,,,,,0.0884899199008941,0.1492355167865753,,,,,,,,,,,,
20190505.0,0.3055979907512665,,,,,,,,,,,,,,,,,,
20190506.0,0.2921635210514068,,0.2774737477302551,0.1916866898536682,0.192274585366249,,0.0518204309046268,14.0,0.216533362865448,1.275159478187561,284.1355285644531,3.234206199645996,259.1268005371094,244.0362243652344,0.0008523463620804,2.703887939453125,300.0,0.1770759522914886,0.161833332851529
20190507.0,0.2836158871650696,,,,,0.0717949867248535,0.0739768669009208,,,,,,,,,,,,
20190508.0,0.2950585782527923,0.2617164552211761,0.2695178091526031,0.1429128497838974,0.1498858779668808,,,14.0,0.216533362865448,1.275159478187561,287.3763122558594,3.237500667572021,266.58721923828125,253.4503173828125,5.103018283843994,2.487288236618042,300.0,0.1181451454758644,0.15129166841507
20190509.0,0.3069932460784912,0.2824190855026245,0.3006205260753631,0.2126650512218475,0.210890457034111,0.1049864068627357,0.1425519585609436,14.0,0.216533362865448,1.275159478187561,286.8261108398437,3.2387521266937256,259.69647216796875,246.19998168945312,1.876202821731568,2.3661625385284424,300.0,0.2093528807163238,0.200541667019327
20190510.0,0.3065855801105499,0.2882822453975677,,,,,0.0700094625353813,,,,,,,,,,,,
20190511.0,0.3098849654197693,0.2906027138233185,0.276045560836792,0.2079693675041198,0.2072157710790634,,,14.0,0.216533362865448,1.275159478187561,287.84185791015625,3.2385623455047607,262.1748046875,249.32763671875,2.2240958213806152,3.324331521987915,300.0,0.1872453987598419,0.166416666160027
20190512.0,0.2934483587741852,0.2690790593624115,,,,0.0692783221602439,0.0812097564339637,,,,,,,,,,,,
20190513.0,0.2770915627479553,0.2610999047756195,,,,,,,,,,,,,,,,,
20190514.0,0.2636897265911102,0.2572096586227417,0.2753768861293793,0.1690236181020736,0.1778106391429901,0.0613451637327671,0.0868861973285675,14.0,0.216533362865448,1.275159478187561,289.5233764648437,3.238135576248169,263.4451904296875,252.58502197265625,0.0008583068847656,3.2353949546813965,300.0,0.1346181184053421,0.113624999299645
20190515.0,0.2513262331485748,0.248395025730133,,,,,0.0421155430376529,,,,,,,,,,,,
20190516.0,0.2419154196977615,0.244141086935997,0.2496991753578186,0.1269834637641906,0.1322728395462036,,,14.0,0.216533362865448,1.275159478187561,289.9222717285156,3.2378129959106445,269.1905517578125,255.25363159179688,2.603996753692627,3.032643318176269,300.0,0.1189939007163047,0.0892083340634902
20190517.0,0.3502224683761596,,0.30121511220932,0.3021661639213562,0.2816044986248016,0.1518280357122421,0.2594378590583801,14.0,0.216533362865448,1.275159478187561,284.624267578125,3.237651824951172,254.7819366455078,241.3880920410156,20.736217498779297,2.9876625537872314,300.0,0.2923583686351776,0.2856190488452
20190518.0,0.3466135263442993,0.2963899374008178,,,,,,,,,,,,,,,,,
20190519.0,0.3495116233825683,,0.2891754806041717,0.2347806692123413,0.2318893671035766,,0.1474349200725555,14.0,0.216533362865448,1.275159478187561,285.169921875,3.2373294830322266,257.3097839355469,241.1976623535156,6.760744094848633,2.452781438827514,300.0,0.2750079035758972,0.273333332190911
20190520.0,0.3541170656681061,,,,,0.0652879849076271,0.1053193733096122,,,,,,,,,,,,
20190522.0,0.3261624276638031,0.2699923515319824,0.285123199224472,0.2057897299528122,0.2047377973794937,,,14.0,0.216533362865448,1.275159478187561,290.57012939453125,3.2368414402008057,261.4772644042969,247.30862426757807,0.1386914849281311,3.08084487915039,300.0,0.1970172822475433,0.20970833239456
20190523.0,0.3117071390151977,0.2625817358493805,,,,,,,,,,,,,,,,,
20190524.0,0.360285997390747,0.2800993323326111,0.290256530046463,0.2462781071662902,0.2449991106986999,,,14.0,0.216533362865448,1.275159478187561,287.64849853515625,3.2364537715911865,259.29345703125,241.7514495849609,15.853665351867676,2.4247822761535645,300.0,0.2689964175224304,0.318478257759758
20190525.0,0.3526254594326019,0.305271714925766,0.2897086143493652,0.2370257675647735,0.2355589121580124,0.1201385632157325,0.1245765537023544,14.0,0.216533362865448,1.275159478187561,288.9071350097656,3.236456632614136,259.23614501953125,241.99371337890625,1.269667148590088,3.083456754684448,300.0,0.2645056247711181,0.323791669060787
20190526.0,0.3338358402252197,0.2896753251552582,,,,,,,,,,,,,,,,,
20190527.0,0.3290294110774994,0.2755860984325409,0.2773804068565368,0.2109971344470977,0.2093532085418701,0.0936749652028083,0.1171300411224365,14.0,0.216533362865448,1.275159478187561,287.4356384277344,3.2377917766571045,261.819091796875,246.6849975585937,1.1791877746582031,1.3538752794265747,300.0,0.1978645026683807,0.267083329459031
20190528.0,0.323617160320282,0.2830022871494293,,,,,0.0824915319681167,,,,,,,,,,,,
20190529.0,0.3159793615341186,0.2850981652736664,,,,,,,,,,,,,,,,,
20190530.0,0.3047312200069427,0.2705419659614563,0.2807488739490509,0.1870864331722259,0.1887397617101669,0.0921955332159996,0.1273842602968216,14.0,0.216533362865448,1.275159478187561,290.47735595703125,3.2398669719696045,263.06134033203125,249.1055450439453,0.0056829750537872,3.0153136253356934,300.0,0.171972244977951,0.225291666264335
20190531.0,0.2909412384033203,0.2578760087490082,,,,,,,,,,,,,,,,,
20190601.0,0.2766608297824859,0.2518326044082641,0.263063371181488,0.1722134947776794,0.1777132749557495,0.0450824983417987,0.0702536106109619,14.0,0.216533362865448,1.275159478187561,296.39453125,3.2412712574005127,267.48065185546875,254.9879302978516,0.0012874602107331,4.03363847732544,300.0,0.1513413190841674,0.178666663666566
20190602.0,0.2632191777229309,0.2440278232097625,0.2649640440940857,0.1569578796625137,0.1620940715074539,,0.0363780632615089,14.0,0.216533362865448,1.275159478187561,297.8359680175781,3.241973876953125,270.54669189453125,256.6073303222656,0.0,3.929050922393799,300.0,0.1369668543338775,0.157208331550161
20190603.0,0.2529576122760772,0.2434091567993164,,,,,,,,,,,,,,,,,
20190604.0,0.2567386925220489,0.2464521825313568,0.2480321228504181,0.1399950683116912,0.1549117714166641,0.0250575728714466,0.0537125766277313,14.0,0.216533362865448,1.275159478187561,294.8656616210937,3.243380546569824,271.7352294921875,261.416259765625,8.452615737915039,3.909846782684326,300.0,0.1031979769468307,0.135333331567901
20190605.0,0.3622542023658752,,,,,,,,,,,,,,,,,,
20190606.0,0.335530549287796,0.2979837656021118,,,,,0.1382488459348678,,,,,,,,,,,,
20190607.0,0.3307373523712158,0.2837252914905548,0.2904056906700134,0.2709920108318329,0.2584673762321472,0.0580450594425201,0.1312295943498611,14.0,0.216533362865448,1.275159478187561,289.3179016113281,3.2454850673675537,258.54461669921875,244.82205200195312,3.2697503566741943,4.332826137542725,300.0,0.2573025822639465,0.265000000596046
20190608.0,0.3128440976142883,0.2602909505367279,,,,,,,,,,,,,,,,,
20190609.0,0.2978311479091644,0.2524737417697906,0.2653611302375793,0.1853481382131576,0.1882595270872116,0.0757052227854728,0.1402630656957626,14.0,0.216533362865448,1.275159478187561,292.4803466796875,3.2467851638793945,265.589599609375,252.2381896972656,0.4293860793113708,3.5241756439208984,300.0,0.1680682897567749,0.216541668400168
20190610.0,0.2919942438602447,0.2726510465145111,0.244698941707611,0.1847094446420669,0.1869213879108429,,,14.0,0.216533362865448,1.275159478187561,288.19158935546875,3.247766494750977,266.1768493652344,251.73936462402344,0.8395198583602905,1.9239087104797363,300.0,0.1377985477447509,0.202500000596046
20190611.0,0.3161755204200744,0.2702454626560211,,,,,0.093295082449913,,,,,,,,,,,,
20190612.0,0.3298240602016449,,0.2708161175251007,0.2171597778797149,0.215890571475029,0.0755664780735969,0.076876126229763,14.0,0.216533362865448,1.275159478187561,287.2050170898437,3.251971960067749,261.0670166015625,245.8460998535156,0.7763521671295166,3.078866958618164,300.0,0.2065983116626739,0.21875
20190613.0,0.3079732954502105,0.2617794573307037,,,,,,,,,,,,,,,,,
20190614.0,0.2945296466350555,0.2481332719326019,,,,0.0503344349563121,0.0835596770048141,,,,,,,,,,,,
20190615.0,0.3346696197986603,0.2896456122398376,0.2759207487106323,0.2134519964456558,0.2126438021659851,,0.031525619328022,14.0,0.216533362865448,1.275159478187561,288.672119140625,3.2584242820739746,263.07537841796875,250.20803833007807,6.710409641265869,2.734070062637329,300.0,0.1892451047897339,0.185916662837068
20190616.0,0.3116667568683624,0.2650448977947235,,,,,,,,,,,,,,,,,
20190617.0,0.290303498506546,0.235508307814598,0.2524847090244293,0.1588501036167144,0.1660093516111374,0.0646875351667404,0.090701013803482,14.0,0.216533362865448,1.275159478187561,295.423828125,3.26277494430542,268.4818725585937,255.65206909179688,0.0017086340812966,4.215151786804199,300.0,0.1410032510757446,0.15345833512644
20190618.0,0.2734975218772888,0.2429466843605041,0.2595007121562958,0.1470067948102951,0.1599530279636383,,,14.0,0.216533362865448,1.275159478187561,298.3337097167969,3.264955282211304,271.1840515136719,260.2192077636719,0.6050816774368286,4.20435905456543,300.0,0.1213083043694496,0.130791667227944
20190619.0,0.2652773261070251,0.2442199736833572,,,,,,,,,,,,,,,,,
20190723.0,0.1203537583351135,0.188602864742279,,,,0.0311740040779113,0.0438245795667171,,,,,,,,,,,,
20190724.0,0.1239286586642265,0.1812765896320343,,,,,,,,,,,,,,,,,
20190725.0,0.1366087794303894,0.167270615696907,0.2318206429481506,0.1003137603402137,0.120604820549488,,0.0076601458713412,14.0,0.216533362865448,1.275159478187561,305.2884826660156,3.488837718963623,283.20672607421875,273.2630615234375,0.4657698273658752,2.5057218074798584,300.0,0.0636238530278205,0.0620833324889342
20190726.0,0.1807928532361984,0.1829043328762054,,,,,0.0041810357943177,,,,,,,,,,,,
20190727.0,0.2826173007488251,0.2808000743389129,0.2481869757175445,0.2624143660068512,0.2565624415874481,,,14.0,0.216533362865448,1.275159478187561,290.3918762207031,3.496006488800049,267.12628173828125,258.0823974609375,8.691202163696289,2.41090726852417,300.0,0.1318151205778122,0.0837083325410883
20190728.0,0.2811524868011474,0.2371592968702316,0.2446363419294357,0.236869066953659,0.2373561263084411,0.0757281333208084,0.1241798177361488,14.0,0.216533362865448,1.275159478187561,292.8760681152344,3.4990148544311523,266.06085205078125,256.148193359375,0.3552629947662353,2.805795907974243,300.0,0.1596152484416961,0.126916664962967
20190729.0,0.2467509657144546,0.1970691829919815,,,,,,,,,,,,,,,,,
20190730.0,0.2327941805124282,0.1898754686117172,0.2099938839673996,0.1514201164245605,0.1663371175527572,0.0276006236672401,0.0290841404348611,14.0,0.216533362865448,1.275159478187561,293.15771484375,3.501072883605957,273.71905517578125,263.0465087890625,0.801296055316925,2.553478956222534,300.0,0.0875617191195488,0.115041666974624
20190731.0,0.2172531932592392,0.1792697757482528,,,,,3.051850944757461e-05,,,,,,,,,,,,
20190801.0,0.2241066247224807,,,,,,,,,,,,,,,,,,
20190802.0,0.2244473099708557,0.2338372021913528,0.2436027824878692,0.2034864127635955,0.2100020796060562,0.0907816067337989,0.1998657137155532,14.0,0.216533362865448,1.275159478187561,296.42730712890625,3.5039539337158203,268.3416748046875,257.7307434082031,0.0102362222969532,2.367378234863281,300.0,0.1488873660564422,0.183666666348775
20190803.0,0.2076139450073242,0.1974955350160598,,,,,,,,,,,,,,,,,
20190804.0,0.1919177323579788,0.1863502860069275,0.2060486376285553,0.1694946438074112,0.1852792203426361,,0.0245979186147451,14.0,0.216533362865448,1.275159478187561,298.2723388671875,3.505821228027344,272.8622436523437,263.61981201171875,0.0345704965293407,2.569082260131836,300.0,0.1019091978669166,0.132833334927758
20190805.0,0.1795194596052169,0.1829810887575149,0.1993496716022491,0.1474991589784622,0.1650888174772262,0.024260364472866,0.0331736207008361,14.0,0.216533362865448,1.275159478187561,297.8741760253906,3.506755352020264,274.9697265625,265.1232604980469,0.0382721088826656,2.141422986984253,300.0,0.0873760432004928,0.116666667163372
20190806.0,0.1693865954875946,0.1808001399040222,,,,,,,,,,,,,,,,,
20190807.0,0.290946751832962,0.2092233896255493,0.2314617037773132,0.2569106519222259,0.2506206929683685,0.10610032081604,0.1876583099365234,14.0,0.216533362865448,1.275159478187561,296.16778564453125,3.5086255073547363,267.1627197265625,256.05645751953125,19.84061050415039,3.061950206756592,300.0,0.1886431574821472,0.156958333527048
20190808.0,0.2663905918598175,0.2303065061569214,,,,,,,,,,,,,,,,,
20190809.0,0.2437067180871963,0.2146883755922317,,,,,0.0277718435972929,,,,,,,,,,,,
20190810.0,0.2438285946846008,0.2352155745029449,0.2068729102611541,0.2322709709405899,0.233793094754219,0.0491065867245197,0.0834376066923141,14.0,0.216533362865448,1.275159478187561,295.2914123535156,3.5114521980285645,269.9840393066406,260.9840087890625,0.1828406900167465,1.881436467170716,300.0,0.1153192892670631,0.111250000384947
20190811.0,0.3030762672424316,0.212142214179039,,,,,,,,,,,,,,,,,
20190812.0,0.3068660795688629,0.2279046773910522,0.2274755537509918,0.2409075647592544,0.2390992045402526,0.0787861943244934,0.1297036707401275,14.0,0.216533362865448,1.275159478187561,291.3611755371094,3.513583183288574,265.6771850585937,253.77096557617188,2.358046770095825,2.8341822624206543,300.0,0.1851996481418609,0.250458333641291
20190813.0,0.2797786593437195,0.2078351527452469,0.2215567976236343,0.235962688922882,0.2373557537794113,,0.0671712383627891,14.0,0.216533362865448,1.275159478187561,291.14044189453125,3.513880729675293,264.71783447265625,255.805908203125,0.0259463470429182,2.032737970352173,300.0,0.1507686078548431,0.233208331589897
20190814.0,0.2607527673244476,0.1851803958415985,,,,,,,,,,,,,,,,,
20190815.0,0.2480615526437759,0.1985077857971191,0.1924342960119247,0.1596859991550445,0.1759141087532043,0.0516594536602497,0.0743125677108764,14.0,0.216533362865448,1.275159478187561,293.3216857910156,3.509289264678955,271.7585754394531,261.8885498046875,0.7409636378288269,2.17667293548584,300.0,0.0999252423644065,0.167208333810171
20190816.0,0.2380909621715545,0.1769018918275833,,,,,,,,,,,,,,,,,
20190817.0,0.2247229963541031,0.186997964978218,,,,0.0126290004700422,0.0003662221133708,,,,,,,,,,,,
20190818.0,0.2156629860401153,0.1824849247932434,0.1869990527629852,0.1491294801235199,0.1649693697690963,,0.0,14.0,0.216533362865448,1.275159478187561,296.71795654296875,3.502150058746338,274.37078857421875,263.905517578125,1.628610610961914,2.5378973484039307,300.0,0.101022183895111,0.105458334088326
20190819.0,0.2221993654966354,0.1879377961158752,,,,,,,,,,,,,,,,,
20190820.0,0.2637900710105896,0.2129513770341873,0.1857602298259735,0.2345749735832214,0.2368710041046142,0.0733730122447013,0.156346321105957,14.0,0.216533362865448,1.275159478187561,292.1707763671875,3.497333526611328,265.34259033203125,257.14959716796875,4.753436088562012,2.297224283218384,300.0,0.1633083373308181,0.108250000203649
20190821.0,0.256147176027298,0.185082346200943,0.1976287811994552,0.1975423991680145,0.2050830274820327,,,14.0,0.216533362865448,1.275159478187561,293.09228515625,3.4949300289154053,267.574462890625,256.85284423828125,0.002132901456207,2.577553033828736,300.0,0.138599008321762,0.122125000692904
20190822.0,0.2369367629289627,0.1869925856590271,,,,,0.0203558467328548,,,,,,,,,,,,
20190823.0,0.2207393497228622,0.1740173697471618,0.1552170366048813,0.1703518778085708,0.1937740594148636,0.031276199966669,0.0357676930725574,14.0,0.216533362865448,1.275159478187561,297.33868408203125,3.490132570266724,269.47540283203125,262.83154296875,0.0012993812561035,2.7528083324432373,300.0,0.1124539002776146,0.0996249994883935
20190824.0,0.205787256360054,0.1841804683208465,,,,,,,,,,,,,,,,,
20190825.0,0.1933577954769134,0.1802189201116562,,,,0.0169231239706277,0.0379650257527828,,,,,,,,,,,,
20190826.0,0.1837194859981537,0.1757692694664001,0.1600403636693954,0.1193490475416183,0.1474491655826568,,,14.0,0.216533362865448,1.275159478187561,298.8792724609375,3.483046531677246,276.7845458984375,268.95953369140625,0.0607074052095413,2.174565553665161,300.0,0.0670520737767219,0.0737500004470348
20190827.0,0.212218090891838,0.1780466884374618,,,,,,,,,,,,,,,,,
20190828.0,0.262640118598938,0.1842873990535736,0.1466825157403946,0.1393440216779709,0.1616613566875457,0.0281485915184021,0.039674062281847,14.0,0.216533362865448,1.275159478187561,297.1739196777344,3.4794883728027344,275.25860595703125,266.5203857421875,0.0980940610170364,2.445981979370117,300.0,0.0729683563113212,0.0691666677594185
20190829.0,0.2407812178134918,0.1693214178085327,0.147518441081047,0.1298644095659256,0.1539115011692047,,,14.0,0.216533362865448,1.275159478187561,297.82305908203125,3.474093198776245,276.10382080078125,267.5135498046875,0.0067481528967618,2.343644380569458,300.0,0.0694933906197547,0.0672500021755695
20190830.0,0.2233184874057769,0.1741455197334289,,,,0.0260631442070007,0.0403149500489234,,,,,,,,,,,,
20190831.0,0.2089148461818695,0.1866805255413055,0.1288410574197769,0.1258794218301773,0.1647424101829528,,,14.0,0.216533362865448,1.275159478187561,298.1286315917969,3.439247131347656,275.84356689453125,270.78619384765625,0.0300800055265426,2.2261950969696045,300.0,0.0580478310585022,0.0647083325311542
20190901.0,0.2005612105131149,0.1659338027238845,,,,,,,,,,,,,,,,,
20190902.0,0.1978913396596908,0.1723411381244659,,,,0.010562464594841,0.0211188085377216,,,,,,,,,,,,
20190903.0,0.1865742653608322,0.1472130417823791,0.1289373040199279,0.1282016485929489,0.1552205979824066,,,14.0,0.216533362865448,1.275159478187561,293.5819396972656,3.3870527744293213,272.8738708496094,265.08282470703125,0.0,2.151040315628052,300.0,0.0710666924715042,0.0620416657378276
20190904.0,0.1767182052135467,0.1588963121175766,,,,,0.0,,,,,,,,,,,,
20190905.0,0.1693114042282104,0.196362167596817,0.129880741238594,0.1491536945104599,0.1747006177902221,,3.051850944757461e-05,14.0,0.216533362865448,1.275159478187561,291.96343994140625,3.3528475761413574,271.3267822265625,264.01544189453125,0.0414211340248584,1.544722318649292,300.0,0.0814019069075584,0.0618749991990626
20190906.0,0.1628419160842895,0.1541634500026703,0.1186697632074356,0.1213239654898643,0.14427050948143,,,14.0,0.216533362865448,1.275159478187561,291.55010986328125,3.3360238075256348,272.96551513671875,264.00836181640625,0.0004291534423828,1.6589857339859009,300.0,0.076159082353115,0.0621304340336634
20190907.0,0.1573575437068939,0.167664960026741,,,,0.0089307352900505,0.0260017700493335,,,,,,,,,,,,
20190908.0,0.1559308916330337,0.1504225432872772,0.0962642431259155,0.1143604591488838,0.1510118544101715,,,14.0,0.216533362865448,1.275159478187561,291.235595703125,3.3029327392578125,272.0126342773437,266.092041015625,0.0067182322964072,1.5758811235427856,300.0,0.066007986664772,0.0619583323908349
20190909.0,0.1511804014444351,0.1547954827547073,,,,,0.000427259132266,,,,,,,,,,,,
20190910.0,0.1665508449077606,0.181823194026947,,,,0.048488151282072,0.0461439862847328,,,,,,,,,,,,
20190911.0,0.1628201156854629,0.1755834519863128,0.1450913995504379,0.1462321132421493,0.1673948466777801,,,14.0,0.216533362865448,1.275159478187561,292.1926574707031,3.254605293273926,268.76776123046875,260.05145263671875,0.0,1.6170105934143066,300.0,0.1036073789000511,0.0627500005066395
20190912.0,0.156106099486351,0.1727061718702316,,,,0.0237355045974254,0.0458388030529022,,,,,,,,,,,,
20190913.0,0.1496248990297317,0.1699470579624176,0.1139044910669326,0.1358073949813842,0.1747287660837173,,,14.0,0.216533362865448,1.275159478187561,296.01812744140625,3.222233295440674,270.351318359375,265.73211669921875,0.0,1.6263350248336792,300.0,0.0774458050727844,0.0627083337555329
20190914.0,0.1439181864261627,0.1711150556802749,0.1183089315891265,0.1348380297422409,0.1593036949634552,,3.051850944757461e-05,14.0,0.216533362865448,1.275159478187561,296.9710998535156,3.2097277641296387,273.37078857421875,265.0626525878906,0.0048259203322231,1.4468741416931152,300.0,0.0775908678770065,0.061999998986721
20190915.0,0.1388725340366363,0.1714155077934265,,,,0.0168469659984111,0.0292367320507764,,,,,,,,,,,,
20190916.0,0.1358525156974792,0.1978770196437835,0.1011404544115066,0.1106978356838226,0.1447111219167709,,,14.0,0.216533362865448,1.275159478187561,298.1764831542969,3.207713842391968,275.6202697753906,268.9471435546875,0.6400659084320068,1.6667009592056274,300.0,0.0646003037691116,0.0610000006854534
20190917.0,0.1353787928819656,0.1733683943748474,,,,0.0083567919209599,0.0198065135627985,,,,,,,,,,,,
20190918.0,0.1323944479227066,0.1695962101221084,,,,,,,,,,,,,,,,,
20190919.0,0.1312460899353027,0.1770849078893661,0.1162623837590217,0.133048266172409,0.1660806387662887,,,14.0,0.216533362865448,1.275159478187561,295.3090515136719,3.205904006958008,273.656005859375,267.58624267578125,0.0,1.1361942291259766,300.0,0.066542163491249,0.0599999986588955
20190920.0,0.1281404197216034,0.1784424036741256,,,,0.0071919672191143,0.0248420666903257,,,,,,,,,,,,
20190921.0,0.1271254420280456,0.1714597940444946,0.1053345501422882,0.1081186532974243,0.1279603093862533,,,14.0,0.216533362865448,1.275159478187561,296.5849304199219,3.205019950866699,277.77996826171875,267.8849792480469,0.5620942711830139,1.1654592752456665,300.0,0.0655868425965309,0.0599999986588955
20190922.0,0.2412208020687103,0.1991145014762878,0.1959250122308731,0.2094710767269134,0.215624913573265,,0.0001220740377902,14.0,0.216533362865448,1.275159478187561,291.3482666015625,3.204578161239624,269.1866455078125,259.9896850585937,15.533489227294922,1.962445378303528,300.0,0.0962004885077476,0.077958332374692
20190923.0,0.2648890912532806,0.2053661793470382,,,,,0.0660115331411361,,,,,,,,,,,,
20190924.0,0.2617423832416534,0.218327134847641,0.1522814929485321,0.1790411621332168,0.1899772137403488,,,14.0,0.216533362865448,1.275159478187561,291.25640869140625,3.203695297241211,268.644287109375,258.4779663085937,3.348138332366944,1.8535341024398804,300.0,0.104354441165924,0.0856666679804524
20190925.0,0.2596481442451477,0.1978364735841751,,,,,0.0548722818493843,,,,,,,,,,,,
20190926.0,0.2700460851192474,0.2314110398292541,,,,,,,,,,,,,,,,,
20190927.0,0.2494328022003173,0.1927735954523086,0.1744722425937652,0.1886232197284698,0.1939333081245422,,0.0003662221133708,14.0,0.216533362865448,1.275159478187561,291.6039733886719,3.2023580074310303,267.590087890625,255.3061981201172,0.1697209477424621,1.2908079624176023,300.0,0.1369201242923736,0.0815000012516975
20190928.0,0.2358926981687545,0.195478156208992,,,,0.0938942953944206,,,,,,,,,,,,,
20190929.0,0.2227780669927597,0.1838944852352142,,0.1698029041290283,0.1839981973171234,,,14.0,0.216533362865448,1.275159478187561,294.0926208496094,3.2012810707092285,268.6944580078125,259.38092041015625,0.0001081845184671,1.7600234746932983,300.0,0.1086043864488601,0.0774166670938333
20190930.0,0.2114437520503997,0.2063525021076202,0.158393383026123,0.1364082545042038,0.1538547873497009,,,14.0,0.216533362865448,1.275159478187561,294.1600952148437,3.201329469680786,272.969970703125,262.98748779296875,0.0731759890913963,1.400299906730652,300.0,0.0837496519088745,0.075291666512688
20191001.0,0.2149965614080429,0.1840336471796035,,,,,,,,,,,,,,,,,
20191002.0,0.2233733683824539,0.2072759568691253,0.1721920520067215,0.175258606672287,0.1929656267166137,,,14.0,0.216533362865448,1.275159478187561,290.437255859375,3.2053983211517334,268.17852783203125,260.792236328125,1.4369360208511353,1.8026270866394043,300.0,0.0877982601523399,0.0719999969005585
20191003.0,0.2177275866270065,0.1957365870475769,,,,,,,,,,,,,,,,,
20191004.0,0.2153714448213577,0.2189509272575378,,,,,,,,,,,,,,,,,
20191005.0,0.2149091511964798,0.1887073367834091,0.1768642663955688,0.1467838138341903,0.1620439141988754,,,14.0,0.216533362865448,1.275159478187561,289.7946472167969,3.211738109588623,269.3507385253906,259.151611328125,0.7066050171852112,1.1070749759674072,300.0,0.1088474616408348,0.0700000002980232
20191006.0,0.2150220572948455,0.1980425417423248,,,,,,,,,,,,,,,,,
20191007.0,0.2125817686319351,0.1801612973213195,0.155014231801033,0.1459053009748459,0.1651363968849182,,,14.0,0.216533362865448,1.275159478187561,288.4671325683594,3.216038703918457,268.5665283203125,259.69500732421875,0.0063399705104529,0.9309871792793274,300.0,0.0918213576078414,0.0682500023394823
20191008.0,0.2059338241815567,0.179973304271698,0.1571811288595199,0.1391390264034271,0.1574414521455764,0.0450955629348754,0.049928281456232,14.0,0.216533362865448,1.275159478187561,291.2484436035156,3.2181947231292725,269.7546691894531,260.24530029296875,1.4296553134918213,1.7371889352798462,300.0,0.0956698358058929,0.0673750024288893
20191009.0,0.2116389125585556,0.2189403474330902,,,,,,,,,,,,,,,,,
20191010.0,0.2081707268953323,0.1952716261148452,,,,0.0155346114188432,0.0175481438636779,,,,,,,,,,,,
20191011.0,0.202361986041069,0.189508244395256,,,,,0.0002746665850281,,,,,,,,,,,,
20191012.0,0.1961845159530639,0.183569848537445,,,,,,,,,,,,,,,,,
20191013.0,0.1896506398916244,0.1834030896425247,0.1668293178081512,0.136283203959465,0.1662052869796753,0.0018867921316996,0.0307321399450302,14.0,0.216533362865448,1.275159478187561,295.8807067871094,3.229045391082764,270.8363037109375,264.51568603515625,0.2985597252845764,1.4661489725112915,300.0,0.0867350921034812,0.0655416653801997
20191014.0,0.2360690683126449,0.1702177375555038,,,,,,,,,,,,,,,,,
20191015.0,0.332844465970993,0.214730679988861,0.2393357306718826,0.2817421853542328,0.2677425444126129,,0.0,14.0,0.216533362865448,1.275159478187561,286.48828125,3.2336320877075195,259.97381591796875,247.2186584472656,3.196864604949951,2.4545319080352783,300.0,0.1977285742759704,0.0967083334301909
20191016.0,0.3027019202709198,0.2107593119144439,0.2120677381753921,0.2521713972091675,0.2441445887088775,0.0352955125272274,0.0565813183784484,14.0,0.216533362865448,1.275159478187561,288.36138916015625,3.2352490425109863,259.96923828125,251.0953826904297,0.0059927566908299,1.2931960821151731,300.0,0.1663125455379486,0.101625001057982
20191017.0,0.2957445979118347,0.2054965049028396,,,,,,,,,,,,,,,,,
20191018.0,0.3077296316623688,0.2185867130756378,0.2385875731706619,0.2351032942533493,0.2306903451681137,0.0889142155647277,0.1595507711172104,14.0,0.216533362865448,1.275159478187561,287.2314758300781,3.2338786125183105,262.4759521484375,250.35867309570312,3.636747121810913,0.8084381818771362,300.0,0.1861990094184875,0.106958334334195
20191019.0,0.3299218714237213,0.2128917127847671,,,,,,,,,,,,,,,,,
20191020.0,0.3316433727741241,0.2037167102098465,,,,,0.1079744845628738,,,,,,,,,,,,
20191021.0,0.3162794411182403,0.2126253545284271,0.2198745459318161,0.2153600752353668,0.2155450284481048,0.076157733798027,0.0987579002976417,14.0,0.216533362865448,1.275159478187561,285.8114318847656,3.2315826416015625,261.671875,250.57955932617188,0.5721543431282043,1.2180922031402588,300.0,0.1532124727964401,0.135125005617738
20191022.0,0.328782320022583,0.2052863538265228,,,,,,,,,,,,,,,,,
20191023.0,0.365339457988739,,0.2546711564064026,0.2673277854919433,0.2578231394290924,0.1278454214334488,0.1617786139249801,14.0,0.216533362865448,1.275159478187561,286.6275329589844,3.229989767074585,257.1290588378906,243.11831665039065,12.31469440460205,1.0737310647964478,300.0,0.2404525578022003,0.221041664481163
20191024.0,0.3681811392307281,0.244351327419281,,0.2402531951665878,0.2341004163026809,,0.0937223434448242,14.0,0.216533362865448,1.275159478187561,284.7795715332031,3.229193925857544,259.1202087402344,247.0325469970703,12.639333724975586,2.2993855476379395,300.0,0.2177329063415527,0.212833332518737
20191025.0,0.3502112030982971,0.2526022791862488,,,,,,,,,,,,,,,,,
20191026.0,0.33163982629776,0.2280935049057006,0.2428311258554458,0.2411663681268692,0.2347353100776672,0.0889202207326889,0.105960264801979,14.0,0.216533362865448,1.275159478187561,288.6546630859375,3.227603912353516,259.3221435546875,246.88818359375,0.0,1.3835515975952148,300.0,0.1963718980550766,0.191583333536983
20191027.0,0.31965172290802,0.226011261343956,,,,,,,,,,,,,,,,,
20191028.0,0.3112287521362304,0.2196530103683471,,,,,0.0166936255991458,,,,,,,,,,,,
20191029.0,0.3045772314071655,0.2131322622299194,0.2503094375133514,0.2090601176023483,0.2099772691726684,,3.051850944757461e-05,14.0,0.216533362865448,1.275159478187561,289.1780700683594,3.2252397537231445,262.57232666015625,251.4974975585937,0.0008583068847656,0.8683100342750549,300.0,0.1637294590473175,0.165916667009393
20191030.0,0.2988589704036712,0.2216767370700836,,,,,,,,,,,,,,,,,
20191101.0,0.3526472151279449,0.2359114438295364,0.2593129873275757,0.2092554420232772,0.2100013643503189,,,14.0,0.216533362865448,1.275159478187561,287.9122314453125,3.2225029468536377,263.0414733886719,252.146728515625,14.367708206176758,1.2598023414611816,300.0,0.1612507849931717,0.20612499738733
20191102.0,0.3750832080841064,0.2662470638751983,,,,,,,,,,,,,,,,,
20191103.0,0.3836213946342468,0.2841822206974029,0.2856009304523468,0.289950430393219,0.2703458964824676,0.0740544125437736,0.0906704887747764,14.0,0.216533362865448,1.275159478187561,285.1783752441406,3.214885950088501,256.6132202148437,244.3945770263672,14.87779426574707,4.6940460205078125,300.0,0.255406767129898,0.291000001809814
20191104.0,0.3918307423591614,0.3002372086048126,,,,,,,,,,,,,,,,,
20191105.0,0.3733199834823608,,,,,0.1759778559207916,0.2449415624141693,,,,,,,,,,,,
20191106.0,0.3726149201393127,,0.298317551612854,0.2956970930099487,0.2766051292419433,,,14.0,0.216533362865448,1.275159478187561,283.6710205078125,3.2032928466796875,253.33892822265625,240.27557373046875,6.217026233673096,1.5647083520889282,300.0,0.2682859599590301,0.286625002821287
20191107.0,0.3728251457214355,,,,,,0.1582079529762268,,,,,,,,,,,,
20191108.0,0.3656124472618103,,0.3109476864337921,0.3780112564563751,0.3366696238517761,0.1621239334344864,0.1813714951276779,14.0,0.216533362865448,1.275159478187561,280.8650207519531,3.195556640625,246.8370361328125,234.14181518554688,6.10189151763916,2.120867252349853,300.0,0.3230547904968261,0.321208334217469
20191109.0,0.3578511476516723,,0.2993642687797546,0.3135332763195038,0.2875462472438812,,,14.0,0.216533362865448,1.275159478187561,281.263671875,3.191706895828247,250.26516723632807,237.9841461181641,2.0803537368774414,1.2937930822372437,300.0,0.2679778933525085,0.28212500239412
20191110.0,0.3522012829780578,,,,,0.1349205374717712,0.1791741698980331,,,,,,,,,,,,
20191111.0,0.3474504649639129,,0.3096433877944946,0.3584661483764648,0.3092447221279144,,0.1101107820868492,14.0,0.216533362865448,1.275159478187561,280.6502380371094,3.184043407440185,247.70687866210932,238.27859497070312,1.2805914878845217,0.9379560351371764,300.0,0.2806792259216308,0.257791666934888
20191112.0,0.3452559411525726,,,,,,,,,,,,,,,,,,
20191113.0,0.3420813679695129,,,,,0.1234975233674049,0.1619312167167663,,,,,,,,,,,,
20191114.0,0.3690009713172912,,0.3265145719051361,0.3668433725833893,0.3183501958847046,,,14.0,0.216533362865448,1.275159478187561,279.7879333496094,3.172645330429077,247.3549346923828,236.56539916992188,9.785272598266602,1.4889428615570068,300.0,0.3092778921127319,0.300083333005508
20191115.0,0.3740761280059814,,,,,,0.0009460737928748,,,,,,,,,,,,
20191116.0,0.3818525671958923,,0.3228822946548462,0.3520854413509369,0.3067082166671753,,0.136326178908348,14.0,0.216533362865448,1.275159478187561,278.7519226074219,3.1651902198791504,246.01290893554688,235.8914794921875,10.187079429626465,1.9943839311599727,300.0,0.31943279504776,0.316875000794729
20191117.0,0.3768910467624664,,0.3323577344417572,0.3464372158050537,0.313116043806076,,,14.0,0.216533362865448,1.275159478187561,280.8431396484375,3.161219835281372,245.9869384765625,233.0646514892578,10.377426147460938,1.191845178604126,300.0,0.3179879188537597,0.308750001092752
20191118.0,0.3733592927455902,,,,,,3.051850944757461e-05,,,,,,,,,,,,
20191119.0,0.3564778864383697,,0.3259931206703186,0.3037738800048828,0.2920563817024231,,,14.0,0.216533362865448,1.275159478187561,278.6578369140625,3.151575326919556,246.86610412597656,230.99375915527344,0.000862464250531,0.6651440858840942,300.0,0.251408040523529,0.266416663924853
20191120.0,0.3481121063232422,,,,,,0.0348521396517753,,,,,,,,,,,,
20191121.0,0.3433582186698913,,,,,,0.156254768371582,,,,,,,,,,,,
20191122.0,0.342301994562149,,0.3317068517208099,0.3096985220909118,0.2824678421020508,,,14.0,0.216533362865448,1.275159478187561,281.45489501953125,3.137169122695923,248.3032989501953,236.33822631835932,2.076944589614868,1.1594810485839844,300.0,0.2872592806816101,0.234791665648421
20191123.0,0.3533913493156433,,,,,0.1389146149158477,0.1619922518730163,,,,,,,,,,,,
20191124.0,0.3571343123912811,,0.3394408524036407,0.3296999335289001,0.2996804118156433,,,14.0,0.216533362865448,1.275159478187561,282.0490417480469,3.127643585205078,247.89157104492188,234.9412078857422,2.348879814147949,0.9607030153274536,300.0,0.2943692207336426,0.2947500012815
20191125.0,0.3522573709487915,,0.3311061263084411,0.2693630754947662,0.2581075727939605,,0.0132450331002473,14.0,0.216533362865448,1.275159478187561,283.0074462890625,3.1229119300842285,251.397216796875,236.6318206787109,0.6387718319892883,0.7632250189781189,300.0,0.239841029047966,0.270749997347593
20191126.0,0.3438360393047333,,,,,0.127024158835411,0.1428266316652298,,,,,,,,,,,,
20191127.0,0.3616740107536316,,0.3380809426307678,0.3051849901676178,0.2802171409130096,,,14.0,0.216533362865448,1.275159478187561,285.15411376953125,3.113510131835937,251.52020263671875,238.72930908203125,3.1729891300201416,1.7631163597106934,300.0,0.2863050401210785,0.25804166123271
20191128.0,0.3576491177082062,,,,,0.1392030715942382,0.121066927909851,,,,,,,,,,,,
20191129.0,0.3595625758171081,,,,,,,,,,,,,,,,,,
20191130.0,0.3598367869853973,,0.3409231901168823,0.3204753994941711,0.2905082404613495,,,14.0,0.216533362865448,1.275159478187561,281.2721862792969,3.099545955657959,249.7937469482422,237.162338256836,6.388816356658936,1.1588197946548462,300.0,0.2840724885463714,0.283791663746039
20191201.0,0.3608061373233795,,,,,0.15805184841156,0.2090823054313659,,,,,,,,,,,,
20191202.0,0.3499179482460022,,0.3400379419326782,0.3146499395370483,0.2852615714073181,,,14.0,0.216533362865448,1.275159478187561,279.96502685546875,3.09012770652771,248.68328857421875,236.3941802978516,0.0115630440413951,0.3850058913230896,300.0,0.2391043156385421,0.274750000486771
20191203.0,0.3432497084140777,,0.330382227897644,0.3136773109436035,0.3033685088157654,,0.0,14.0,0.216533362865448,1.275159478187561,276.5489807128906,3.086115837097168,245.34109497070312,228.6226348876953,0.0017046927241608,0.545006513595581,300.0,0.2634003758430481,0.259874997039636
20191204.0,0.3384178578853607,,,,,,0.0965300425887107,,,,,,,,,,,,
20191205.0,0.3341706097126007,,0.3328592479228973,0.2879249155521393,0.2676055133342743,,,14.0,0.216533362865448,1.275159478187561,280.2611083984375,3.082605361938477,248.15609741210932,235.10986328125,0.0,0.5672393441200256,300.0,0.2404074966907501,0.24112500064075
20191206.0,0.3311925530433655,,,,,0.10748291015625,0.1501815915107727,,,,,,,,,,,,
20191207.0,0.3291641771793365,,,,,,,,,,,,,,,,,,
20191208.0,0.3382482230663299,,0.3401068747043609,0.262265145778656,0.2516175210475921,,0.0148319955915212,14.0,0.216533362865448,1.275159478187561,282.7118835449219,3.0775983333587646,251.2545166015625,236.2045288085937,4.081658840179443,0.7686477899551392,300.0,0.2651183009147644,0.242791666959723
20191209.0,0.3524545133113861,,,,,,0.1571092903614044,,,,,,,,,,,,
20191210.0,0.3406428396701813,,0.3362208306789398,0.352283239364624,0.3108119070529938,,,14.0,0.216533362865448,1.275159478187561,279.61627197265625,3.074336767196656,246.21609497070312,233.9136505126953,0.0005337102920748,0.4088591039180755,300.0,0.2560348808765411,0.285625000794729
20191211.0,0.3527785539627075,,0.3422013819217682,0.29023277759552,0.2714614272117615,0.0945147797465324,0.1960814297199249,14.0,0.216533362865448,1.275159478187561,279.6866760253906,3.0727100372314453,249.25271606445312,235.1484375,6.405884742736816,1.4311738014221191,300.0,0.2929496765136719,0.290100003778934
20191212.0,0.3793849647045135,,,,,,,,,,,,,,,,,,
20191213.0,0.3904423415660858,0.3539347946643829,0.3692173957824707,0.3759908378124237,0.3512389361858368,,0.2027954906225204,14.0,0.216533362865448,1.275159478187561,284.7702331542969,3.069464683532715,243.92056274414065,227.9442749023437,14.542664527893066,3.5275020599365234,300.0,0.3380561769008636,0.334916666150093
20191214.0,0.3691600263118744,0.3509154617786407,,,,0.1530855596065521,0.1774651259183883,,,,,,,,,,,,
20191215.0,0.355960488319397,,,,,,,,,,,,,,,,,,
20191216.0,0.3487545251846313,,0.3641033768653869,0.356200635433197,0.3227781653404236,0.1680155843496322,0.2399059981107711,14.0,0.216533362865448,1.275159478187561,284.4620056152344,3.064610958099365,246.5478515625,232.279541015625,0.0012874602107331,0.686686635017395,300.0,0.2741724848747253,0.259833332151175
20191217.0,0.353083848953247,0.2891384065151214,,,,,,,,,,,,,,,,,
20191218.0,0.3505920171737671,,,0.3173496723175049,0.2900143563747406,,0.1960509121417999,14.0,0.216533362865448,1.275159478187561,283.2704467773437,3.061312437057495,249.46487426757807,235.91696166992188,0.027637343853712,0.6295239329338074,300.0,0.2466032207012176,0.239458332459132
20191219.0,0.3520752191543579,,0.3489904403686523,0.2912740111351013,0.2768182158470154,,0.0,14.0,0.216533362865448,1.275159478187561,283.6768493652344,3.0599074363708496,250.43869018554688,234.92657470703125,4.5255513191223145,1.5401610136032104,300.0,0.2935943007469177,0.232458333174388
20191220.0,0.3738395273685455,,,,,,,,,,,,,,,,,,
20191221.0,0.3853935599327087,,0.3617657423019409,0.3237779438495636,0.2997982800006866,,0.0383007302880287,14.0,0.216533362865448,1.275159478187561,282.7257080078125,3.058721780776977,248.16297912597656,233.5688323974609,16.66440773010254,2.3088927268981934,300.0,0.3183210492134094,0.290249997377396
20191222.0,0.3953707814216614,,,,,,0.2164983004331588,,,,,,,,,,,,
20191223.0,0.3776479661464691,,,,,,,,,,,,,,,,,,
20191224.0,0.3624634146690368,0.3005097508430481,0.3772675395011902,0.3320318460464477,0.3061343431472778,,0.0439161360263824,14.0,0.216533362865448,1.275159478187561,286.3035888671875,3.0570316314697266,247.7147216796875,233.2494506835937,0.0012682985980063,0.645874559879303,300.0,0.2755775451660156,0.27312499905626
20191225.0,0.3539780080318451,0.2929557561874389,,,,,,,,,,,,,,,,,
20191226.0,0.3471481204032898,,0.3684152960777282,0.3283005952835083,0.3019461929798126,0.1725460141897201,0.2529068887233734,14.0,0.216533362865448,1.275159478187561,283.1421813964844,3.055929183959961,248.94845581054688,234.7626037597656,0.001347491517663,0.670138418674469,300.0,0.2476124018430709,0.245166666184862
20191227.0,0.3418497741222381,,0.3685626685619354,0.346511036157608,0.3178327679634094,,0.1450239568948745,14.0,0.216533362865448,1.275159478187561,281.1640014648437,3.0553784370422363,246.1556701660156,231.78250122070312,0.001793089788407,0.4047636985778808,300.0,0.2636996507644653,0.236583331599832
20191228.0,0.3378372192382812,,,,,,,,,,,,,,,,,,
20191229.0,0.3346383571624756,,0.361402690410614,0.3090357482433319,0.2819122970104217,,3.051850944757461e-05,14.0,0.216533362865448,1.275159478187561,278.62017822265625,3.0542774200439453,247.8266143798828,235.49285888671875,0.0079554319381713,0.2427389621734619,300.0,0.243947833776474,0.224541667227944
20191230.0,0.3317682147026062,,,,,,,,,,,,,,,,,,
20191231.0,0.3294554054737091,0.2757415473461151,,,,,0.0296334736049175,,,,,,,,,,,,
20200101.0,0.3288942575454712,0.2909148931503296,0.3718935847282409,0.3117272853851318,0.289623498916626,0.1524005532264709,0.1254005581140518,14.0,0.216533362865448,1.275159478187561,281.7450561523437,3.052644729614258,247.709716796875,233.74188232421875,0.299488365650177,0.4502609670162201,300.0,0.2614172995090484,0.213791667794188
20200102.0,0.3258536756038666,,,,,,,,,,,,,,,,,,
20200103.0,0.323801040649414,,0.3691285848617553,0.3223264813423157,0.2988725900650024,,0.01535081025213,14.0,0.216533362865448,1.275159478187561,279.3431091308594,3.0518100261688232,246.4588623046875,232.3743896484375,0.0551929660141468,0.1482794433832168,300.0,0.2600688934326172,0.206916668762763
20200104.0,0.3244387805461883,0.2952947318553924,0.369006872177124,0.2820487916469574,0.2644583880901336,,,14.0,0.216533362865448,1.275159478187561,281.25537109375,3.0513930320739746,249.9546813964844,236.89051818847656,0.519804060459137,0.4055803716182709,300.0,0.2477563619613647,0.206541668002804
20200105.0,0.322375625371933,,,,,,0.1311380416154861,,,,,,,,,,,,
20200106.0,0.3196007013320923,0.2844878435134887,0.3570413291454315,0.2662456929683685,0.2574250698089599,,0.0113834040239453,14.0,0.216533362865448,1.275159478187561,277.4859924316406,3.0505707263946533,247.9068298339844,232.45611572265625,0.0744481906294822,0.4683519601821899,300.0,0.2396364510059356,0.20537499897182
20200107.0,0.3187377154827118,,,,,,,,,,,,,,,,,,
20200108.0,0.3172018229961395,,,,,,0.0483108013868331,,,,,,,,,,,,
20200109.0,0.3178174495697021,0.306235134601593,0.3657622635364532,0.296055793762207,0.2755732238292694,,0.2313608229160308,14.0,0.216533362865448,1.275159478187561,282.50811767578125,3.04933762550354,248.9223022460937,235.036865234375,2.040663480758667,0.8500717878341675,300.0,0.2774794697761535,0.196458329136173
20200111.0,0.3212961852550506,0.2992478311061859,0.364443838596344,0.306722342967987,0.2785617113113403,0.0954846441745758,0.1183507815003395,14.0,0.216533362865448,1.275159478187561,278.68218994140625,3.048516273498535,247.20437622070312,234.7403106689453,0.0052588866092264,0.4888612031936645,300.0,0.2440414726734161,0.207708335171143
20200112.0,0.3172498345375061,0.2781239449977875,0.3540109694004059,0.2960927486419678,0.2843421399593353,,,14.0,0.216533362865448,1.275159478187561,276.5059814453125,3.0481057167053223,245.1463165283203,228.69900512695312,0.000313735101372,0.4493582844734192,300.0,0.260018527507782,0.203333333755533
20200113.0,0.3145701289176941,0.2948802411556244,,,,,0.0119327371940016,,,,,,,,,,,,
20200114.0,0.3122180700302124,,0.3609780371189117,0.2857525050640106,0.2661515474319458,,0.1193273738026619,14.0,0.216533362865448,1.275159478187561,279.6778259277344,3.04726791381836,246.6848602294922,232.6595001220703,0.0,0.5782554149627686,300.0,0.2498091757297516,0.196208329871297
20200115.0,0.3102542459964752,,,,,,,,,,,,,,,,,,
20200116.0,0.3084304332733154,0.2936975657939911,,,,,0.0,,,,,,,,,,,,
20200117.0,0.3417224586009979,0.2996436357498169,0.3681432008743286,0.2798005938529968,0.2596322894096374,,,14.0,0.216533362865448,1.275159478187561,280.2745361328125,3.046414852142334,249.6044006347656,236.26336669921875,9.85756492614746,1.3189008235931396,300.0,0.2915834486484527,0.241916668290893
20200118.0,0.343873918056488,0.3004088997840881,,,,,0.0648518353700637,,,,,,,,,,,,
20200119.0,0.3362800776958465,0.3078978955745697,0.3731411397457123,0.2892693281173706,0.2743095159530639,0.0941821858286857,0.1315042525529861,14.0,0.216533362865448,1.275159478187561,278.7582397460937,3.051945924758911,247.20779418945312,231.66293334960932,0.0014090593904256,1.0185455083847046,300.0,0.2425524294376373,0.266916663696369
20200120.0,0.3284119963645935,0.2764742374420166,0.3633543252944946,0.2771185040473938,0.2695018053054809,,,14.0,0.216533362865448,1.275159478187561,276.6432800292969,3.0547237396240234,245.80032348632807,228.9192047119141,0.000426173210144,0.7298251390457153,300.0,0.2638102769851684,0.252708331371347
20200121.0,0.3236369788646698,,,,,0.0300571806728839,0.1031525656580925,,,,,,,,,,,,
20200122.0,0.3417943716049194,,0.3761391639709472,0.2340747416019439,0.2343954145908355,,,14.0,0.216533362865448,1.275159478187561,282.0457458496094,3.0605764389038086,249.1820068359375,230.79977416992188,9.133956909179688,1.9644774198532104,300.0,0.3193837702274322,0.23595833281676
20200123.0,0.3634663820266723,0.3114935755729675,,,,,0.0952787846326828,,,,,,,,,,,,
20200124.0,0.3546826839447021,,,,,,3.051850944757461e-05,,,,,,,,,,,,
20200125.0,0.3443230092525482,,,0.3017743527889251,0.2799660861492157,,,14.0,0.216533362865448,1.275159478187561,280.7560119628906,3.0693957805633545,248.016845703125,234.2227783203125,0.0019657793454825,0.4213554263114929,300.0,0.2468183934688568,0.239291666075587
20200126.0,0.3559743463993072,0.3003102540969848,,,,0.0680321529507637,0.0501724295318126,,,,,,,,,,,,
20200127.0,0.3537627160549164,,0.3723935484886169,0.3114589154720306,0.2846756875514984,,0.1279641091823578,14.0,0.216533362865448,1.275159478187561,280.2767944335937,3.07532000541687,247.83041381835932,234.8329620361328,3.77160120010376,1.217328429222107,300.0,0.3003404140472412,0.236833333969116
20200128.0,0.3654265999794006,,0.379656970500946,0.3136272132396698,0.2875914871692657,,,14.0,0.216533362865448,1.275159478187561,282.3000793457031,3.0782957077026367,247.8326568603516,234.4263610839844,4.265729427337647,1.6657609939575195,300.0,0.3131004571914673,0.297521738254506
20200129.0,0.3504987061023712,,,,,,0.0725119784474372,,,,,,,,,,,,
20200130.0,0.3787391483783722,0.3167934417724609,0.3966301679611206,0.3349357843399048,0.3136084675788879,,,14.0,0.216533362865448,1.275159478187561,284.3235168457031,3.0842742919921875,246.74468994140625,231.2701416015625,10.851547241210938,1.041674017906189,300.0,0.3198186159133911,0.305416665971279
20200131.0,0.3679006099700928,0.315738707780838,,,,0.0727816522121429,0.0947294533252716,,,,,,,,,,,,
20200201.0,0.36723393201828,0.3154760599136352,,,,,0.138493001461029,,,,,,,,,,,,
20200202.0,0.355479896068573,0.314053863286972,0.3913980722427368,0.3022408187389374,0.286216527223587,,,14.0,0.216533362865448,1.275159478187561,287.3045959472656,3.0932939052581787,250.5793609619141,235.0193023681641,0.0155241088941693,0.8307739496231079,300.0,0.2627653479576111,0.27233333264788
20200203.0,0.3462505042552948,0.3084559440612793,,,,0.1234392449259758,0.2481154799461364,,,,,,,,,,,,
20200204.0,0.3401018679141998,0.3122565746307373,0.3882636427879333,0.3222923576831817,0.2907929420471191,,,14.0,0.216533362865448,1.275159478187561,283.31072998046875,3.0991129875183105,251.2553100585937,238.4874725341797,0.107974112033844,0.6843175292015076,300.0,0.2340375185012817,0.243249998117487
20200205.0,0.3356483876705169,0.287936121225357,0.3782514035701751,0.3368757963180542,0.312890350818634,,0.0110171819105744,14.0,0.216533362865448,1.275159478187561,278.70281982421875,3.10203504562378,246.0142517089844,230.9852905273437,0.0017206254415214,0.7781830430030823,300.0,0.2585885524749756,0.233958336214224
20200206.0,0.3308708071708679,0.3031828105449676,,,,0.1107338443398475,0.1179540380835533,,,,,,,,,,,,
20200207.0,0.3269548118114471,0.2997490167617798,0.3772220611572265,0.2997954487800598,0.2758268415927887,,,14.0,0.216533362865448,1.275159478187561,281.5549621582031,3.1078929901123047,248.2022857666016,235.11917114257807,0.0,0.7886922359466553,300.0,0.2404513359069824,0.217749999836087
20200208.0,0.3238333463668823,0.299672931432724,,,,,0.0,,,,,,,,,,,,
20200209.0,0.3210691511631012,0.309428721666336,,,,,,,,,,,,,,,,,
20200210.0,0.3333725035190582,0.3100246489048004,0.3885394930839538,0.2841377854347229,0.2678264379501343,,0.1461226195096969,14.0,0.216533362865448,1.275159478187561,286.2405700683594,3.1167430877685547,251.9048614501953,237.06134033203125,4.829440593719482,2.1222705841064453,300.0,0.3012284636497497,0.200541667019327
20200211.0,0.3359121084213257,0.3057577610015869,,,,,,,,,,,,,,,,,
20200212.0,0.3318797051906585,0.2987459599971771,0.3707458674907684,0.2627369463443756,0.2518496215343475,,,14.0,0.216533362865448,1.275159478187561,281.66339111328125,3.1226837635040283,252.904525756836,237.4227752685547,0.1514212489128112,0.7000482678413391,300.0,0.2174869030714035,0.213958334798614
20200213.0,0.3258999586105346,0.2901738882064819,0.383859783411026,0.2967048585414886,0.2734504044055938,,0.0128788109868764,14.0,0.216533362865448,1.275159478187561,283.70123291015625,3.125666618347168,250.0387725830078,236.44155883789065,0.232534572482109,0.9445446729660034,300.0,0.2367731034755706,0.209833333268762
20200214.0,0.3214565217494964,0.3054772615432739,,,,,0.1022370085120201,,,,,,,,,,,,
20200215.0,0.3171256482601166,0.2915802001953125,0.3729984164237976,0.3031117022037506,0.2761627733707428,,,14.0,0.216533362865448,1.275159478187561,283.78436279296875,3.131682872772217,249.39913940429688,236.36962890625,0.0008583068847656,1.066434025764465,300.0,0.2327406406402588,0.198541666691502
20200216.0,0.3128871321678161,0.3084180355072021,,,,,0.0001220740377902,,,,,,,,,,,,
20200217.0,0.3183833062648773,0.2923501133918762,,,,,,,,,,,,,,,,,
20200218.0,0.3195754885673523,0.2871796488761902,0.3778410851955414,0.2654894292354584,0.2484856843948364,,0.0324411764740943,14.0,0.216533362865448,1.275159478187561,281.158935546875,3.140177965164185,252.2196044921875,239.13702392578125,0.2965980768203735,0.9637740850448608,300.0,0.2082918137311935,0.194739126640817
20200219.0,0.3156948387622833,0.2898333668708801,,,,,0.1181066334247589,,,,,,,,,,,,
20200220.0,0.311426043510437,0.2939224541187286,0.3779782056808471,0.2806334495544433,0.2616758048534393,,,14.0,0.216533362865448,1.275159478187561,281.321044921875,3.13694429397583,249.5263671875,235.6553955078125,0.0,1.1477302312850952,300.0,0.2202311754226684,0.190958332891266
20200221.0,0.3074120879173279,0.291729986667633,,0.2101469486951828,0.2066932767629623,,,14.0,0.216533362865448,1.275159478187561,282.93328857421875,3.13533091545105,256.06549072265625,240.65106201171875,0.0078340489417314,0.6453414559364319,300.0,0.2088545858860016,0.186624999468525
20200222.0,0.3046312034130096,0.2914047539234161,,,,,,,,,,,,,,,,,
20200223.0,0.3015404641628265,0.2940444946289062,0.3708505928516388,0.2537616789340973,0.238204225897789,,,14.0,0.216533362865448,1.275159478187561,282.281494140625,3.1317200660705566,252.4097900390625,240.72103881835932,0.0039373631589114,0.8861715197563171,300.0,0.2034824341535568,0.177208334828416
20200224.0,0.2990819215774536,0.2921074330806732,,,,0.0558098778128623,0.0587786510586738,,,,,,,,,,,,
20200225.0,0.3069647252559662,0.3003973066806793,,,,,,,,,,,,,,,,,
20200227.0,0.3556605875492096,0.3094759285449981,,,,,,,,,,,,,,,,,
20200228.0,0.3504788279533386,0.3144818544387817,0.3806069195270538,0.2680258452892303,0.2509169578552246,,,14.0,0.216533362865448,1.275159478187561,283.1415710449219,3.122809886932373,251.91928100585932,238.66876220703125,1.768379807472229,1.1427509784698486,300.0,0.2465896606445312,0.298875000327826
20200229.0,0.3402031660079956,0.3013920485973358,0.3920958340167999,0.2784429490566253,0.25870281457901,,,14.0,0.216533362865448,1.275159478187561,283.1737060546875,3.121036529541016,251.7086181640625,238.50927734375,2.321094036102295,0.8519352078437805,300.0,0.2493565380573272,0.275291670113802
20200301.0,0.3649650514125824,0.2999591827392578,,,,,,,,,,,,,,,,,
20200302.0,0.3859490752220154,,0.4131541848182678,0.4236807823181152,0.3765485882759094,,0.0564287230372428,14.0,0.216533362865448,1.275159478187561,281.12945556640625,3.117492914199829,241.51199340820312,227.0389709472656,16.94346046447754,3.081191301345825,300.0,0.3355885148048401,0.32710526334612
20200303.0,0.3855838775634765,0.3103755712509155,,,,,0.1632435023784637,,,,,,,,,,,,
20200304.0,0.3806755542755127,0.3218879699707031,,,,,,,,,,,,,,,,,
20200305.0,0.3789521157741546,0.3209531009197235,0.4054226577281952,0.3491431176662445,0.3083048164844513,,,14.0,0.216533362865448,1.275159478187561,283.1260070800781,3.1123270988464355,247.2530212402344,234.7676696777344,8.107268333435059,2.9641032218933105,300.0,0.3230981230735779,0.30516666546464
20200306.0,0.3836034834384918,0.3071246445178985,,,,,,,,,,,,,,,,,
20200307.0,0.3675308227539062,0.3132573366165161,0.4021539092063904,0.3735164999961853,0.3283560872077942,,0.0827051624655723,14.0,0.216533362865448,1.275159478187561,281.272705078125,3.1108195781707764,244.07391357421875,231.13381958007807,0.2950480580329895,0.8935309648513794,300.0,0.2990410923957824,0.287125001351039
20200308.0,0.3565863072872162,0.3081511259078979,0.4008378088474273,0.3020867705345154,0.2875382602214813,,0.1460005491971969,14.0,0.216533362865448,1.275159478187561,283.1298522949219,3.1100666522979736,248.08009338378903,232.0858764648437,1.3384913206100464,1.0693553686141968,300.0,0.2996620535850525,0.266291663050652
20200309.0,0.3570568561553955,0.308030754327774,,,,,,,,,,,,,,,,,
20200310.0,0.3630504310131073,0.3075506687164306,0.4054044485092163,0.3354390263557434,0.3006713688373565,,,14.0,0.216533362865448,1.275159478187561,283.7509460449219,3.108647108078003,247.72512817382807,234.7371826171875,1.8962140083312988,1.268557906150818,300.0,0.3023489713668823,0.283583333094915
20200311.0,0.3495045602321625,0.3085547685623169,,,,,,,,,,,,,,,,,
20200312.0,0.345062255859375,0.306698203086853,,,,,,,,,,,,,,,,,
20200313.0,0.3542332649230957,0.3098987936973572,0.3993151187896728,0.3142455816268921,0.2843785583972931,0.0894147753715515,0.1209143325686454,14.0,0.216533362865448,1.275159478187561,282.5474853515625,3.106513261795044,250.42605590820312,237.6513671875,0.6452122330665588,1.7117146253585815,300.0,0.2543659806251526,0.238083330914378
20200314.0,0.340729147195816,0.304154634475708,,,,,,,,,,,,,,,,,
20200315.0,0.3353067338466644,0.3017133474349975,0.3995549976825714,0.2911937534809112,0.2827804386615753,,0.0020142216235399,14.0,0.216533362865448,1.275159478187561,284.90625,3.105093002319336,248.7787628173828,231.7083282470703,4.016451358795166,1.9332720041275024,300.0,0.3192343413829803,0.215916668375333
20200316.0,0.3760808408260345,0.3133409321308136,0.4111040830612182,0.3321767449378967,0.2961736619472503,,,14.0,0.216533362865448,1.275159478187561,283.2200622558594,3.1043834686279297,249.105697631836,236.60202026367188,9.129329681396484,1.3319036960601809,300.0,0.2993741035461426,0.25816666893661
20200317.0,0.3583481609821319,0.319832980632782,,,,,3.051850944757461e-05,,,,,,,,,,,,
20200318.0,0.3476744890213012,0.307894229888916,0.4021680355072021,0.290944904088974,0.2744705379009247,,,14.0,0.216533362865448,1.275159478187561,285.9612731933594,3.102971076965332,251.17288208007807,235.9928436279297,0.000855152902659,1.5430779457092283,300.0,0.2377229034900665,0.244791664804022
20200319.0,0.3387470543384552,0.3134785294532776,,,,,,,,,,,,,,,,,
20200320.0,0.3301628828048706,0.3072572350502014,,,,,,,,,,,,,,,,,
20200321.0,0.323039174079895,0.3068548440933227,0.4030064046382904,0.3116614818572998,0.2841688692569732,,,14.0,0.216533362865448,1.275159478187561,285.7462158203125,3.100741386413574,250.65414428710932,237.26531982421875,0.0017155226087197,1.787223219871521,300.0,0.2409546375274658,0.197666664297382
20200322.0,0.3178783655166626,0.2920381128787994,,,,,,,,,,,,,,,,,
20200323.0,0.315826267004013,0.2950328886508941,0.3955705463886261,0.252932459115982,0.2404995858669281,,,14.0,0.216533362865448,1.275159478187561,283.89501953125,3.0975260734558105,255.0411376953125,241.3186187744141,0.2761640548706054,1.065921664237976,300.0,0.1948707997798919,0.180083332583308
20200324.0,0.3117237985134125,0.2975563704967499,0.3935936093330383,0.2607737183570862,0.2451338469982147,,,14.0,0.216533362865448,1.275159478187561,285.041259765625,3.0959222316741943,254.111572265625,241.29364013671875,0.0,1.8006418943405151,300.0,0.1984536945819854,0.170375000064572
20200325.0,0.3069575726985931,0.292050153017044,,,,0.0736482441425323,0.1164586320519447,,,,,,,,,,,,
20200326.0,0.3099341094493866,0.2920122444629669,,0.2348820269107818,0.2275121659040451,,0.0936918258666992,14.0,0.216533362865448,1.275159478187561,280.4813232421875,3.09264612197876,255.0007476806641,240.48858642578125,2.23128342628479,1.7652804851531982,300.0,0.2116890400648117,0.145166669040918
20200327.0,0.3132921755313873,0.2875333726406097,,,,,,,,,,,,,,,,,
20200328.0,0.3037878274917602,0.2966974079608917,,,,,,,,,,,,,,,,,
20200329.0,0.3005411922931671,0.2879114747047424,0.3877342641353607,0.2314629703760147,0.2237069457769394,,,14.0,0.216533362865448,1.275159478187561,281.2092590332031,3.087759017944336,255.5602569580078,243.12319946289065,1.156365156173706,1.230480670928955,300.0,0.170201376080513,0.110958333437641
20200330.0,0.3042104244232178,0.2836867570877075,,,,,3.051850944757461e-05,,,,,,,,,,,,
20200331.0,0.2987616062164306,0.2919765710830688,0.3661509752273559,0.2089774757623672,0.2069759666919708,,0.0,14.0,0.216533362865448,1.275159478187561,281.6869812011719,3.084514141082764,254.65447998046875,242.92047119140625,0.0080137904733419,1.3953791856765747,300.0,0.1499926894903183,0.102499998485049
20200401.0,0.2934640049934387,0.2951934933662414,0.3852766454219818,0.1913989037275314,0.1918121427297592,,,14.0,0.216533362865448,1.275159478187561,285.1207580566406,3.082895278930664,258.50054931640625,245.06613159179688,0.0242134109139442,1.5950192213058472,300.0,0.1479328423738479,0.0961666665971279
20200402.0,0.2892743945121765,0.2843862175941467,,,,,,,,,,,,,,,,,
20200403.0,0.2860349416732788,0.2929148077964782,0.3669361472129822,0.2150558084249496,0.2123883813619613,,,14.0,0.216533362865448,1.275159478187561,283.63800048828125,3.0795907974243164,256.4213256835937,245.63006591796875,0.0024224556982517,1.979714035987854,300.0,0.1352019309997558,0.0855416655540466
20200404.0,0.2796059250831604,0.2779007256031036,,,,,,,,,,,,,,,,,
20200405.0,0.2728128135204315,0.2813378572463989,,,,0.076734222471714,0.0816675350069999,,,,,,,,,,,,
20200406.0,0.2696865499019623,0.2820248007774353,0.3639781475067138,0.1437757313251495,0.1485873907804489,,,14.0,0.216533362865448,1.275159478187561,287.8419494628906,3.076341390609741,265.8720092773437,251.8017578125,1.263698935508728,1.8427828550338743,300.0,0.1192292943596839,0.0746666686609387
20200407.0,0.2744574844837188,0.2756915986537933,,,,,,,,,,,,,,,,,
20200408.0,0.2807040214538574,0.2786056995391845,0.3530211746692657,0.158424824476242,0.1683316379785537,,,14.0,0.216533362865448,1.275159478187561,288.5156555175781,3.099951267242432,263.98638916015625,253.17233276367188,2.862797975540161,2.1145095825195312,300.0,0.1184491366147995,0.0717499982565641
20200409.0,0.2906882166862488,0.2754676640033722,0.3536736667156219,0.1679986119270324,0.1758267432451248,,,14.0,0.216533362865448,1.275159478187561,289.1484069824219,3.1119627952575684,263.7799072265625,252.75059509277344,0.0035871958825737,2.505745410919189,300.0,0.1147243380546569,0.0704583345601956
20200410.0,0.2759243845939636,0.264581024646759,,,,,,,,,,,,,,,,,
20200411.0,0.2661713063716888,0.272241860628128,0.3449857532978058,0.1652167290449142,0.1785816252231598,,,14.0,0.216533362865448,1.275159478187561,289.7317199707031,3.137592315673828,264.36151123046875,255.67611694335932,0.0149355633184313,2.3103160858154297,300.0,0.1018195301294326,0.0673333356777827
20200412.0,0.2611475884914398,0.2687397301197052,,,,,,,,,,,,,,,,,
20200413.0,0.2612732648849487,0.2695907652378082,,,,,0.0431226529181003,,,,,,,,,,,,
20200414.0,0.259059727191925,0.266216516494751,0.3397528529167175,0.132520318031311,0.1382604539394378,,,14.0,0.216533362865448,1.275159478187561,288.7573547363281,3.1770482063293457,268.0405578613281,254.2113647460937,0.0,2.518580198287964,300.0,0.0983247309923172,0.0659583328912656
20200415.0,0.2485479563474655,0.2584361135959625,,,,,,,,,,,,,,,,,
20200416.0,0.2422326356172561,0.2619031369686126,0.3317328691482544,0.122402586042881,0.1467647552490234,,,14.0,0.216533362865448,1.275159478187561,290.7999267578125,3.204104423522949,267.9903564453125,260.1727905273437,0.5971226096153259,2.444571256637573,300.0,0.0865073055028915,0.0649999976158142
20200417.0,0.253500759601593,0.2623418867588043,0.3296396136283874,0.1135181486606597,0.1319775432348251,0.0125533118844032,0.0152897732332348,14.0,0.216533362865448,1.275159478187561,290.6934814453125,3.21785831451416,270.1830749511719,260.3917236328125,8.623296737670898,2.238865375518799,300.0,0.0852008312940597,0.0643333345651627
20200418.0,0.3126271963119507,0.2672537565231323,,,,0.0428826622664928,0.1101412996649742,,,,,,,,,,,,
20200419.0,0.3421946465969085,0.2722190022468567,0.3775017857551574,0.306485116481781,0.2883972823619842,,,14.0,0.216533362865448,1.275159478187561,287.8528137207031,3.245890617370605,254.98226928710932,239.9361572265625,7.963635921478271,1.614794373512268,300.0,0.2731390297412872,0.174416666540007
20200420.0,0.3278058469295501,0.3094058334827423,,,,,0.0130619220435619,,,,,,,,,,,,
20200421.0,0.3637638688087463,0.3193522989749908,,,,,,,,,,,,,,,,,
20200422.0,0.3593516051769256,0.3175845146179199,0.3690309524536133,0.2831583321094513,0.2654017210006714,,0.1325418800115585,14.0,0.216533362865448,1.275159478187561,286.9325866699219,3.2873682975769043,255.31900024414065,241.85675048828125,2.2510182857513428,1.7635587453842163,300.0,0.2640140652656555,0.245624999205271
20200423.0,0.3447364568710327,0.3080742657184601,,,,0.1023022755980491,0.1317178905010223,,,,,,,,,,,,
20200424.0,0.3313940763473511,0.2949844300746918,0.35893115401268,0.2469575405120849,0.2443007081747055,,,14.0,0.216533362865448,1.275159478187561,290.64044189453125,3.289708137512207,258.0203857421875,240.8345489501953,0.3958109021186828,2.5345826148986816,300.0,0.2643991410732269,0.214375000447035
20200425.0,0.3422816097736358,0.2945399582386017,0.3355340659618377,0.2264807373285293,0.2213716953992843,0.1154788061976432,0.1558580249547958,14.0,0.216533362865448,1.275159478187561,289.9799499511719,3.290879726409912,261.58026123046875,247.81619262695312,10.00359058380127,2.1832525730133057,300.0,0.2294287681579589,0.202541667968035
20200426.0,0.3505089282989502,0.2965612113475799,,,,,,,,,,,,,,,,,
20200427.0,0.3661732077598572,0.2943896055221557,0.3431414365768432,0.2612794637680053,0.2539462745189667,,,14.0,0.216533362865448,1.275159478187561,287.5440979003906,3.2920851707458496,258.664306640625,242.76559448242188,11.599172592163086,2.1558005809783936,300.0,0.2669832706451416,0.241649997979403
20200428.0,0.3649890124797821,0.2971540689468384,,,,0.1257271021604538,0.1574755162000656,,,,,,,,,,,,
20200429.0,0.3476236164569855,0.2905505895614624,,,,,,,,,,,,,,,,,
20200430.0,0.3518621623516083,0.2886620759963989,0.3424246609210968,0.2455752938985824,0.2382909506559372,0.099286563694477,0.1725211292505264,14.0,0.216533362865448,1.275159478187561,286.0453796386719,3.294009208679199,258.7348937988281,244.2588806152344,8.166341781616211,2.9260971546173096,300.0,0.2608941495418548,0.230333332593242
20200501.0,0.3807185590267181,0.3025840520858764,,,,,0.18420971930027,,,,,,,,,,,,
20200502.0,0.3705229163169861,0.3054027557373047,0.3683262169361114,0.3121887445449829,0.2968676686286926,,,14.0,0.216533362865448,1.275159478187561,289.3443298339844,3.29529356956482,253.62423706054688,238.216064453125,4.139886379241943,2.2669999599456787,300.0,0.3117221891880035,0.290208332240582
20200503.0,0.3495244085788727,0.2993693053722381,0.3633582890033722,0.2450218796730041,0.2428504675626754,0.1482502967119217,0.1922971308231353,14.0,0.216533362865448,1.275159478187561,292.23602294921875,3.295936107635498,258.7109375,241.80332946777344,0.0220327973365783,2.9628405570983887,300.0,0.2492260485887527,0.24787499755621
20200504.0,0.3325877487659454,0.2898803949356079,,,,,,,,,,,,,,,,,
20200505.0,0.3284618258476257,0.2832781076431274,0.3433318436145782,0.2543140053749084,0.2435643970966339,0.062162809073925,0.1425824761390686,14.0,0.216533362865448,1.275159478187561,293.1412658691406,3.2972536087036133,261.76776123046875,248.812744140625,0.1093925386667251,3.3016905784606934,300.0,0.2068359106779098,0.196250000347694
20200506.0,0.314105212688446,0.2771805226802826,,,,,0.0588702037930488,,,,,,,,,,,,
20200507.0,0.302363783121109,0.2663773596286773,,,,,,,,,,,,,,,,,
20200508.0,0.2957520186901092,0.2684965133666992,0.3449767827987671,0.1885683983564376,0.1911046504974365,0.0852646976709365,0.1551866233348846,14.0,0.216533362865448,1.275159478187561,294.29266357421875,3.2985188961029053,267.0987548828125,254.06170654296875,0.8393000364303589,3.189817190170288,300.0,0.1684376746416092,0.137958333517114
20200509.0,0.2923195958137512,0.2622982561588287,,,,,,,,,,,,,,,,,
20200510.0,0.3847036957740783,0.2768560349941253,0.3523264527320862,0.2050043195486068,0.2058512866497039,,0.1399273723363876,14.0,0.216533362865448,1.275159478187561,288.3035888671875,3.288625717163086,265.5899658203125,254.2823181152344,71.42771911621094,1.9528387784957888,300.0,0.1823361068964004,0.182833333810171
20200511.0,0.4024173617362976,0.328496903181076,0.3957725465297699,0.436346560716629,0.4048362672328949,0.0057942382991313,0.1788384616374969,14.0,0.216533362865448,1.275159478187561,285.4994201660156,3.2837047576904297,246.3294677734375,230.9449005126953,30.207399368286133,2.9694278240203857,300.0,0.343163251876831,0.296041669944922
20200512.0,0.3744852840900421,0.3254077136516571,,,,,,,,,,,,,,,,,
20200513.0,0.3878367841243744,0.3120409548282623,0.3763879239559173,0.3559266030788421,0.3280648291110992,,,14.0,0.216533362865448,1.275159478187561,287.0695495605469,3.2734475135803223,250.55538940429688,236.27291870117188,15.072021484375,2.598320245742798,300.0,0.3268176913261413,0.240041666974624
20200514.0,0.3669623732566833,0.3009623289108276,,,,,,,,,,,,,,,,,
20200515.0,0.361855536699295,0.3025075197219848,,,,,,,,,,,,,,,,,
20200516.0,0.3447597920894623,0.3021667599678039,0.3710854351520538,0.3111110031604767,0.2938853800296783,0.150740772485733,0.1894589066505432,14.0,0.216533362865448,1.275159478187561,290.30572509765625,3.258249282836914,253.94952392578125,239.1044311523437,0.0351149477064609,3.172586441040039,300.0,0.2689406871795654,0.210583333546917
20200517.0,0.3305803537368774,0.2854352593421936,,,,,,,,,,,,,,,,,
20200518.0,0.3185283541679382,0.2845101654529571,0.3538448512554168,0.2277375310659408,0.2262861281633377,,0.0203863643109798,14.0,0.216533362865448,1.275159478187561,290.9349670410156,3.248210906982422,260.5889892578125,243.833251953125,0.0,3.6018195152282715,300.0,0.2218430340290069,0.171083335454265
20200519.0,0.3075734376907348,0.2712160944938659,0.3526503443717956,0.1998254805803299,0.200004830956459,,0.1012604162096977,14.0,0.216533362865448,1.275159478187561,292.45245361328125,3.2432198524475098,264.02069091796875,247.80197143554688,0.0,3.735619783401489,300.0,0.1919658333063125,0.153000002106031
20200520.0,0.2967712879180908,0.2584030926227569,,,,,,,,,,,,,,,,,
20200521.0,0.2877115309238434,0.2603951692581177,0.3385548889636993,0.1794865280389785,0.1834683418273925,0.0408664532005786,0.1008941903710365,14.0,0.216533362865448,1.275159478187561,295.07586669921875,3.2332208156585693,267.5696105957031,254.8109588623047,0.0,3.526566505432129,300.0,0.1444452852010727,0.111208334565163
20200522.0,0.2800411880016327,0.258562684059143,,,,,,,,,,,,,,,,,
20200523.0,0.2858666777610779,0.2646478712558746,,,,,,,,,,,,,,,,,
20200524.0,0.2835860550403595,0.247468039393425,0.3318666219711303,0.1644597649574279,0.1735921949148178,,0.0291146580129861,14.0,0.216533362865448,1.275159478187561,290.27020263671875,3.2200021743774414,266.3663635253906,255.4152374267578,0.0017229522345587,3.15567684173584,300.0,0.1094083338975906,0.0834583342075348
20200525.0,0.2720067203044891,0.2440140098333358,,,,,,,,,,,,,,,,,
20200526.0,0.2620846629142761,0.2415921837091446,0.3167783915996551,0.1226867884397506,0.133554071187973,,0.0001220740377902,14.0,0.216533362865448,1.275159478187561,293.65106201171875,3.236070156097412,272.00714111328125,259.8900146484375,0.0017267087241634,3.606346368789673,300.0,0.09198759496212,0.0730416666095455
20200527.0,0.2520059049129486,0.2393460720777511,0.3235425353050232,0.1283408850431442,0.1427429914474487,,,14.0,0.216533362865448,1.275159478187561,294.6728515625,3.2441792488098145,271.79742431640625,260.9417724609375,0.0008821486844681,3.8945274353027344,300.0,0.0908777937293052,0.0700416676700115
20200528.0,0.2423500716686248,0.2442900985479354,,,,,,,,,,,,,,,,,
20200529.0,0.2328520566225052,0.2360369563102722,0.3061200082302093,0.1330825686454773,0.152857705950737,0.0199331473559141,0.0329599902033805,14.0,0.216533362865448,1.275159478187561,295.97723388671875,3.261674165725708,271.89483642578125,262.9503479003906,0.0,3.922027587890625,300.0,0.0837935805320739,0.0657499991357327
20200530.0,0.2243123054504394,0.2374217063188552,,,,,,,,,,,,,,,,,
20200531.0,0.2167211472988128,0.2383180856704712,,,,,,,,,,,,,,,,,
20200601.0,0.2384411692619323,0.2270908802747726,0.291279524564743,0.1007267236709594,0.1147389262914657,,,14.0,0.216533362865448,1.275159478187561,294.47418212890625,3.28822922706604,277.1234741210937,265.8421630859375,10.246294021606444,2.8182780742645264,300.0,0.0627236515283584,0.063000001013279
20200602.0,0.3017688989639282,0.2807777822017669,,,,,0.1306497454643249,,,,,,,,,,,,
20200603.0,0.2822676599025726,0.2462747544050216,0.2867693901062011,0.1431865245103836,0.1602469533681869,,,14.0,0.216533362865448,1.275159478187561,293.3923645019531,3.306215524673462,271.97967529296875,262.5486145019531,1.573288083076477,2.9128975868225098,300.0,0.0893163606524467,0.0628750007599592
20200604.0,0.2974677383899688,0.2652494013309479,0.2819671034812927,0.166140541434288,0.1767807602882385,,,14.0,0.216533362865448,1.275159478187561,289.8582458496094,3.315293550491333,268.5706481933594,258.2319641113281,5.808323383331299,3.105682611465454,300.0,0.1088396459817886,0.0951666664332151
20200605.0,0.3027371764183044,0.3272258341312408,,,,,0.0,,,,,,,,,,,,
20200607.0,0.2985503375530243,0.3036649823188782,,,,,,,,,,,,,,,,,
20200609.0,0.3542728126049042,0.288003921508789,0.2997956871986389,0.257260262966156,0.2473547458648681,,,14.0,0.216533362865448,1.275159478187561,287.583984375,3.3603196144104004,259.24072265625,245.98797607421875,11.383749008178713,3.4581823348999023,300.0,0.2587068378925323,0.252045455304059
20200610.0,0.3404529988765716,0.2978187799453735,,,,,0.0085451826453208,,,,,,,,,,,,
20200611.0,0.361385703086853,0.2923650443553924,,,,,0.0885952338576316,,,,,,,,,,,,
20200612.0,0.3618937730789184,0.3106610178947449,0.3123733401298523,0.2425620406866073,0.2386162728071212,,,14.0,0.216533362865448,1.275159478187561,288.840576171875,3.356321096420288,258.362060546875,243.04498291015625,0.2216159850358963,3.665606737136841,300.0,0.24278624355793,0.276666664828857
20200613.0,0.3391247987747192,0.3019603788852691,,,,0.1158726215362548,0.2069460153579712,,,,,,,,,,,,
20200614.0,0.3259669840335846,0.2772566676139831,0.3020916283130646,0.2233796417713165,0.2222966402769088,,,14.0,0.216533362865448,1.275159478187561,290.4419250488281,3.352756261825561,261.90289306640625,246.0867919921875,0.4306365251541137,3.011432886123657,300.0,0.2217190712690353,0.217333332945903
20200615.0,0.3177523016929626,0.2675252258777618,,,,,,,,,,,,,,,,,
20200616.0,0.3395754098892212,0.2588474750518799,,,,0.0408534705638885,0.0424207299947738,,,,,,,,,,,,
20200617.0,0.3459683060646057,0.2763450145721435,0.2891524732112884,0.2008892595767974,0.204025998711586,,,14.0,0.216533362865448,1.275159478187561,289.1692199707031,3.3475146293640137,264.56866455078125,253.14407348632807,1.0145527124404907,2.742177963256836,300.0,0.146846130490303,0.172916666294138
20200618.0,0.3413435220718384,0.2600332498550415,,,,,0.0092165898531675,,,,,,,,,,,,
20200619.0,0.3281900584697723,0.2622519433498382,0.2953139245510101,0.2153809964656829,0.2155915796756744,,,14.0,0.216533362865448,1.275159478187561,290.6629638671875,3.3440301418304443,262.98492431640625,251.2420959472656,0.0017119223484769,2.9277706146240234,300.0,0.1668869704008102,0.15299999838074
20200620.0,0.3138545155525207,0.2540926933288574,0.2972519397735595,0.1743838042020797,0.1796072572469711,,0.0409558415412902,14.0,0.216533362865448,1.275159478187561,292.5279235839844,3.3422908782958984,267.74005126953125,254.42898559570312,0.0045241066254675,2.895183086395264,300.0,0.1410101354122162,0.138333331172665
20200621.0,0.3013927042484283,0.23615463078022,,,,0.066534586250782,0.0906399711966514,,,,,,,,,,,,
20200622.0,0.2902361750602722,0.2469761818647384,0.2783129811286926,0.1382779628038406,0.1555092483758926,,,14.0,0.216533362865448,1.275159478187561,293.9051208496094,3.3387763500213623,271.9892272949219,261.99884033203125,0.1750043928623199,3.411975622177124,300.0,0.0861046016216278,0.107583334669471
20200623.0,0.2777734994888305,0.2340805232524871,,,,0.0462293811142444,0.1076998189091682,,,,,,,,,,,,
20200624.0,0.2632347047328949,0.2235157936811447,,,,,,,,,,,,,,,,,
20200625.0,0.2573920488357544,0.2320515811443328,0.2681805193424225,0.1205081343650817,0.1473369002342224,,,14.0,0.216533362865448,1.275159478187561,299.403076171875,3.334458827972412,275.55328369140625,267.5823059082031,1.8679898977279663,4.064995765686035,300.0,0.0744939371943473,0.0920869568767755
20200626.0,0.2827621698379516,0.2503651082515716,,,,0.0789976492524147,0.1339762508869171,,,,,,,,,,,,
20200627.0,0.3345009386539459,0.251320481300354,0.2722949981689453,0.1989185065031051,0.209371879696846,,,14.0,0.216533362865448,1.275159478187561,295.6614990234375,3.34580945968628,268.98004150390625,260.7038879394531,0.7569997906684875,3.997056245803833,300.0,0.121960662305355,0.158458332841595
20200628.0,0.3096886575222015,0.2355317920446396,0.2727511823177337,0.1541592478752136,0.1642942726612091,,,14.0,0.216533362865448,1.275159478187561,293.9516906738281,3.3515164852142334,273.4172668457031,261.2504272460937,0.4117880761623382,2.0204100608825684,300.0,0.0934595465660095,0.136541667083899
20200629.0,0.2985745370388031,0.2275514751672744,,,,,0.0326853245496749,,,,,,,,,,,,
20200630.0,0.2841538786888122,0.2121398150920868,0.2508664429187774,0.1273566335439682,0.1426451951265335,,,14.0,0.216533362865448,1.275159478187561,294.4170837402344,3.3636324405670166,273.7074890136719,262.7860107421875,0.0008583068847656,3.7188758850097656,300.0,0.0802318304777145,0.1068750002111
20200701.0,0.2716514468193054,0.2146970629692077,,,,,,,,,,,,,,,,,
20200702.0,0.2697676718235016,0.2598344087600708,,,,,,,,,,,,,,,,,
20200703.0,0.2643600702285766,0.2159799188375473,0.2613764107227325,0.1754114031791687,0.1890329122543335,,,14.0,0.216533362865448,1.275159478187561,291.6794128417969,3.381919384002685,268.740966796875,259.07293701171875,0.0358981229364872,2.904907464981079,300.0,0.1007578149437904,0.137000000104308
20200704.0,0.2534192502498626,0.2089199125766754,,,,0.0543568283319473,0.0443128757178783,,,,,,,,,,,,
20200705.0,0.2415831834077835,0.2053951621055603,0.2500383257865906,0.144290879368782,0.1646306067705154,,,14.0,0.216533362865448,1.275159478187561,295.7042541503906,3.394228219985962,271.64263916015625,262.540283203125,0.0016936240717768,3.5462565422058105,300.0,0.093050017952919,0.0979583334798614
20200706.0,0.2357295751571655,0.2000846415758133,0.2413890957832336,0.1309376060962677,0.1599315255880355,,0.0272225104272365,14.0,0.216533362865448,1.275159478187561,294.2803649902344,3.4004180431365967,273.6434936523437,266.34918212890625,0.7903739809989929,3.243740558624268,300.0,0.0718692988157272,0.0863333338250716
20200707.0,0.2267803847789764,0.199557825922966,,,,,,,,,,,,,,,,,
20200708.0,0.2146756201982498,0.1913384944200515,,0.1223810762166976,0.149553969502449,,3.051850944757461e-05,14.0,0.216533362865448,1.275159478187561,296.7205505371094,3.412930727005005,273.2052001953125,265.24169921875,0.0,3.754389524459839,300.0,0.0789922848343849,0.0734583341206114
20200709.0,0.2029273509979248,0.1982029527425766,,,,,,,,,,,,,,,,,
20200710.0,0.194978654384613,0.2014916986227035,,,,,,,,,,,,,,,,,
20200711.0,0.1894841641187667,0.1978606730699539,0.229001298546791,0.103911206126213,0.128719076514244,,,14.0,0.216533362865448,1.275159478187561,296.0701904296875,3.43044376373291,276.9122314453125,268.1283264160156,0.0525153167545795,3.223822832107544,300.0,0.05893075466156,0.0665416674067577
20200712.0,0.1815955191850662,0.173576682806015,,,,,,,,,,,,,,,,,
20200713.0,0.1744231730699539,0.1831774264574051,0.2197287082672119,0.1235557869076728,0.1513060480356216,,,14.0,0.216533362865448,1.275159478187561,296.8345642089844,3.420560836791992,274.5087890625,266.6771240234375,0.0017225742340087,3.3444600105285645,300.0,0.0691186934709549,0.0639166695376237
20200714.0,0.1669447422027588,0.1761401146650314,0.2085050791501999,0.1051730439066886,0.1367247551679611,,,14.0,0.216533362865448,1.275159478187561,294.850341796875,3.4156408309936523,275.9789428710937,268.64569091796875,0.000426173210144,2.6856353282928467,300.0,0.0564154908061027,0.063000001013279
20200715.0,0.168920412659645,0.1869431436061859,,,,,,,,,,,,,,,,,
20200716.0,0.1700925379991531,0.1939968168735504,0.1893354952335357,0.1238633245229721,0.1455065160989761,,,14.0,0.216533362865448,1.275159478187561,292.252685546875,3.404902935028076,273.8523254394531,264.5157165527344,0.0529072508215904,1.3322488069534302,300.0,0.0788044482469558,0.063000001013279
20200717.0,0.1716288030147552,0.1897985786199569,,,,,,,,,,,,,,,,,
20200718.0,0.1689431518316269,0.182789072394371,,,,,,,,,,,,,,,,,
20200719.0,0.1599087864160537,0.1673042327165603,0.2019304037094116,0.1089413687586784,0.140685424208641,0.0124553423374891,0.0422986559569835,14.0,0.216533362865448,1.275159478187561,299.9061889648437,3.389019727706909,275.509033203125,268.2410583496094,0.0,2.971313238143921,300.0,0.0711938440799713,0.0627500005066395
20200720.0,0.1530760079622268,0.1964077055454254,,,,,,,,,,,,,,,,,
20200721.0,0.1476978510618209,0.179949939250946,0.1691034734249115,0.1155252382159233,0.1475489735603332,,,14.0,0.216533362865448,1.275159478187561,299.9576721191406,3.3785171508789062,276.85955810546875,269.71881103515625,0.0108128525316715,2.5945394039154053,300.0,0.0629118531942367,0.0611250004731119
20200722.0,0.144145667552948,0.1664755791425705,0.1528134793043136,0.1036647036671638,0.1256763488054275,0.0039549181237816,,14.0,0.216533362865448,1.275159478187561,299.6670227050781,3.373291492462158,279.6679992675781,270.1878356933594,0.7236401438713074,2.395519256591797,300.0,0.0586844086647033,0.0610000006854534
20200723.0,0.14387047290802,0.1887778639793396,,,,,,,,,,,,,,,,,
20200724.0,0.1395933479070663,0.1543292552232742,0.1373939514160156,0.0923446491360664,0.1244250535964965,,,14.0,0.216533362865448,1.275159478187561,296.8162536621094,3.3628628253936768,279.0730285644531,271.7123107910156,0.0004446805105544,2.3028314113616943,300.0,0.0468103550374507,0.0599999986588955
20200725.0,0.1354020088911056,0.1582245379686355,,,,,,,,,,,,,,,,,
20200726.0,0.1335043162107467,0.181208997964859,,,,,,,,,,,,,,,,,
20200727.0,0.1306931376457214,0.1654888689517974,0.1561120748519897,0.0979888066649437,0.1311494559049606,,,14.0,0.216533362865448,1.275159478187561,301.4530639648437,3.3480005264282227,278.0770568847656,270.9794311523437,0.0008583068847656,2.4066309928894043,300.0,0.0607096254825592,0.0592499999329448
20200728.0,0.1278148889541626,0.1700033396482467,,,,,,,,,,,,,,,,,
20200729.0,0.1261127889156341,0.1731954962015152,0.1137907207012176,0.0773280560970306,0.1080832555890083,,,14.0,0.216533362865448,1.275159478187561,298.89276123046875,3.3479671478271484,280.33062744140625,272.33502197265625,0.0018767779693007,1.999350905418396,300.0,0.0468808002769947,0.0590000003576279
20200730.0,0.1237573102116584,0.1701628714799881,0.1542377918958664,0.0701799616217613,0.1038908809423446,,,14.0,0.216533362865448,1.275159478187561,303.92449951171875,3.347950935363769,280.7264404296875,273.074951171875,0.4046238660812378,2.421328067779541,300.0,0.0593309476971626,0.0590000003576279
20200731.0,0.122475653886795,0.173377126455307,,,,,,,,,,,,,,,,,
20200801.0,0.1210181787610054,0.1755208969116211,0.1001054495573043,0.0931283757090568,0.1309270411729812,0.0047756507992744,0.0186162907630205,14.0,0.216533362865448,1.275159478187561,297.9561767578125,3.3483519554138184,280.22467041015625,274.021240234375,0.1655783206224441,1.7171365022659302,300.0,0.0448226258158683,0.0584999993443489
20200802.0,0.1207507625222206,0.1620301008224487,,,,,,,,,,,,,,,,,
20200803.0,0.1200880780816078,0.1526229828596115,,,,,0.0,,,,,,,,,,,,
20200804.0,0.1194184273481369,0.1432740241289138,0.1226627752184867,0.0895319059491157,0.1278712600469589,,0.0,14.0,0.216533362865448,1.275159478187561,295.22222900390625,3.348910331726074,276.6426696777344,270.6201477050781,0.0010844639036804,1.7488995790481567,300.0,0.0545253343880176,0.0578333319475253
20200805.0,0.1170219033956527,0.1489018052816391,,,,,,,,,,,,,,,,,
20200806.0,0.1142912358045578,0.1411840319633484,0.0992944687604904,0.0978764742612838,0.1313807964324951,,0.000213629566133,14.0,0.216533362865448,1.275159478187561,301.42529296875,3.349282503128052,277.27362060546875,270.3315734863281,0.0008568424964323,1.9627883434295648,300.0,0.0681221485137939,0.0573333327968915
20200807.0,0.1124276891350746,0.1539980471134185,0.131156787276268,0.0971812829375267,0.1296522766351699,,,14.0,0.216533362865448,1.275159478187561,304.387939453125,3.34946870803833,279.6697998046875,272.4499206542969,0.5028212666511536,2.008924961090088,300.0,0.0661474466323852,0.0573749993927777
20200808.0,0.1133241727948188,0.1691045761108398,,,,,,,,,,,,,,,,,
20200809.0,0.1122418865561485,0.1470288336277008,0.0934873670339584,0.1122231632471084,0.1398835927248001,,,14.0,0.216533362865448,1.275159478187561,303.38623046875,3.3498358726501465,280.048583984375,271.8735046386719,0.3699438571929931,1.8240909576416016,300.0,0.0629262179136276,0.0570000000298023
20200810.0,0.1150954589247703,0.1600402891635894,,,,,,,,,,,,,,,,,
20200811.0,0.1196755766868591,0.1515883952379226,,,,0.0081547331064939,0.0480056144297122,,,,,,,,,,,,
20200812.0,0.1419364959001541,0.1533328294754028,0.1135590672492981,0.1317045837640762,0.1681173592805862,,,14.0,0.216533362865448,1.275159478187561,298.66754150390625,3.3505091667175293,277.8153686523437,272.32281494140625,9.931958198547363,2.0040266513824463,300.0,0.053224854171276,0.0570000000298023
20200813.0,0.2359418421983719,0.2116997390985489,,,,,,,,,,,,,,,,,
20200814.0,0.2194124013185501,0.1765379756689071,,0.1720300316810608,0.1853211224079132,0.0399501025676727,0.0350962877273559,14.0,0.216533362865448,1.275159478187561,295.9718933105469,3.352813243865967,272.5809020996094,262.2464904785156,0.0468800142407417,2.079417943954468,300.0,0.092119924724102,0.0570000000298023
20200815.0,0.2061706930398941,0.1703130900859832,0.1355510801076889,0.1655464023351669,0.1846259832382202,,,14.0,0.216533362865448,1.275159478187561,297.1228942871094,3.353966474533081,273.4561767578125,264.8511962890625,7.013459205627441,2.410538673400879,300.0,0.0936800837516784,0.0642083332252999
20200816.0,0.2971764206886291,0.2095277160406112,,,,,0.0103457747027277,,,,,,,,,,,,
20200817.0,0.2612558603286743,0.1748750060796737,0.1235977560281753,0.1878620833158493,0.2005568742752075,,,14.0,0.216533362865448,1.275159478187561,294.3503112792969,3.356358051300049,270.8593139648437,261.6234741210937,1.0179400444030762,2.133106708526612,300.0,0.104704163968563,0.130041666949789
20200818.0,0.2414021492004394,0.1778471618890762,,,,,,,,,,,,,,,,,
20200819.0,0.22122223675251,0.178222045302391,,,,0.0282370708882808,0.0561235398054122,,,,,,,,,,,,
20200820.0,0.2016244083642959,0.159089058637619,0.1320647597312927,0.1448986828327179,0.1692955195903778,,,14.0,0.216533362865448,1.275159478187561,301.88824462890625,3.359943628311157,276.3322448730469,268.3164978027344,0.0025605277623981,2.6868412494659424,300.0,0.0780573859810829,0.111916666850448
20200821.0,0.2106841653585434,0.1572103351354599,,,,,0.000854518264532,,,,,,,,,,,,
20200822.0,0.3117328286170959,0.2279172390699386,0.1897428482770919,0.3013549745082855,0.2844706773757934,,0.0974150821566581,14.0,0.216533362865448,1.275159478187561,294.1314697265625,3.3623387813568115,265.1849975585937,253.620346069336,0.3977147340774536,2.1540420055389404,300.0,0.1757600009441375,0.221374999110897
20200823.0,0.2759499549865722,0.1956152915954589,0.1862501055002212,0.2435071319341659,0.2406486868858337,,,14.0,0.216533362865448,1.275159478187561,293.5138244628906,3.3635377883911133,267.7712707519531,255.59390258789065,0.8503786325454712,2.267929553985596,300.0,0.1558593511581421,0.184041667729616
20200824.0,0.2569139897823334,0.1802820563316345,,,,0.0505929812788963,0.088351085782051,,,,,,,,,,,,
20200825.0,0.2377889901399612,0.1670974940061569,0.1616743803024292,0.1866161525249481,0.1952212005853653,,,14.0,0.216533362865448,1.275159478187561,296.5247802734375,3.365980863571167,271.33367919921875,260.1327514648437,0.0,2.877305269241333,300.0,0.1102859154343605,0.15762500030299
20200826.0,0.2251408696174621,0.1808990240097046,,,,,0.0312204360961914,,,,,,,,,,,,
20200827.0,0.2137384265661239,0.1747921705245971,,,,0.017547296360135,0.0313425101339817,,,,,,,,,,,,
20200828.0,0.225558802485466,0.1807335317134857,0.1758050769567489,0.2145079523324966,0.2175868451595306,,,14.0,0.216533362865448,1.275159478187561,292.7965393066406,3.368693351745605,270.610107421875,259.0576477050781,3.050066947937012,1.7923073768615725,300.0,0.1210206374526023,0.142583331714074
20200829.0,0.2522515058517456,0.1821514368057251,,,,,3.051850944757461e-05,,,,,,,,,,,,
20200830.0,,,,,,,,14.0,0.216533362865448,1.275159478187561,289.1665344238281,3.356074094772339,265.1546325683594,254.5162048339844,2.6276628971099854,2.402461528778076,300.0,0.1420137882232666,0.228624998281399
20200831.0,,,,,,,,14.0,0.216533362865448,1.275159478187561,290.43389892578125,3.3498024940490723,264.0737609863281,255.35748291015625,0.2250649183988571,1.7661733627319336,300.0,0.146623745560646,0.223666666696469
20200902.0,,,,,,,,14.0,0.216533362865448,1.275159478187561,291.2384948730469,3.336709976196289,269.4774475097656,259.99517822265625,0.0,2.404963970184326,300.0,0.090562418103218,0.18550000153482
20200905.0,,,,,,,,14.0,0.216533362865448,1.275159478187561,295.6097412109375,3.317344188690185,275.1151123046875,267.788818359375,0.0025735108647495,2.181212902069092,300.0,0.0606904923915863,0.149374997864167
20200907.0,,,,,,,,14.0,0.216533362865448,1.275159478187561,291.6079406738281,3.304573535919189,272.091064453125,265.15594482421875,0.0008583068847656,1.7511391639709473,300.0,0.0702000111341476,0.136250000447035
20200908.0,,,,,,,,14.0,0.216533362865448,1.275159478187561,293.1519775390625,3.2982301712036133,272.85498046875,265.0024719238281,0.000435113790445,2.0700843334198,300.0,0.0687614157795906,0.128416666140159
20200909.0,0.1740667819976806,0.1608532667160034,,,,,3.051850944757461e-05,,,,,,,,,,,,
20200910.0,,,,,,,,14.0,0.216533362865448,1.275159478187561,296.5812072753906,3.2855656147003174,277.35430908203125,269.8086853027344,0.0031602941453456,1.790939211845398,300.0,0.0548790208995342,0.114000000059605
20200913.0,,,,,,,,14.0,0.216533362865448,1.275159478187561,298.4439697265625,3.2681474685668945,276.41436767578125,268.1659545898437,0.0,2.00217080116272,300.0,0.0639683231711387,0.0945000005885959
20200915.0,,,,,,,,14.0,0.216533362865448,1.275159478187561,298.2643737792969,3.277276992797852,278.3168334960937,271.22222900390625,0.0020273616537451,1.3033583164215088,300.0,0.0574732534587383,0.0866249995306134
20200916.0,0.1371855288743972,0.1732646971940994,,0.1223486214876174,0.1569529175758361,,0.0249946601688861,14.0,0.216533362865448,1.275159478187561,298.7224426269531,3.2818641662597656,276.5570678710937,270.36474609375,0.0522267147898674,1.5119413137435913,300.0,0.0618357844650745,0.0846250001341105
20200917.0,0.1335051506757736,0.16706582903862,,,,,,,,,,,,,,,,,
20200918.0,0.1313992738723755,0.162679374217987,0.1291578710079193,0.1288611888885498,0.1513265073299408,,,14.0,0.216533362865448,1.275159478187561,297.92095947265625,3.292011022567749,278.03338623046875,268.9744873046875,0.7279537320137024,1.2983555793762207,300.0,0.0665657892823219,0.0810000002384186
20200919.0,0.1512470692396164,0.1970974951982498,,,,0.0217246208339929,,,,,,,,,,,,,
20200920.0,0.1917652636766433,0.2167854905128479,,,,,,,,,,,,,,,,,
20200921.0,0.2566309571266174,0.1941268593072891,0.1804960668087005,0.1878011226654052,0.1967879384756088,,,14.0,0.216533362865448,1.275159478187561,291.0838317871094,3.307274341583252,269.93829345703125,259.5008544921875,17.91064453125,2.05151629447937,300.0,0.1053952574729919,0.121583333238959
20200922.0,0.3423562049865722,0.2497140318155288,,,,,,,,,,,,,,,,,
20200923.0,0.3041386902332306,0.2307373285293579,0.2076667547225952,0.2778089344501495,0.2633725702762604,,,14.0,0.216533362865448,1.275159478187561,291.84503173828125,3.317540168762207,262.0721435546875,252.52569580078125,1.4694796800613403,2.26953387260437,300.0,0.1922800838947296,0.219208333020409
20200928.0,0.315326064825058,0.266474962234497,,,,,,,,,,,,,,,,,
20200929.0,0.3027741014957428,0.2264579236507415,0.2472537755966186,0.2588695585727691,0.2512592375278473,0.1183510869741439,0.1540879607200622,14.0,0.216533362865448,1.275159478187561,287.1708679199219,3.34753680229187,258.92791748046875,246.0318603515625,0.0027458856347948,1.4140663146972656,300.0,0.1959562003612518,0.219083332146207
20200930.0,0.2931116819381714,0.2295029610395431,,,,,,,,,,,,,,,,,
20201001.0,0.3142918646335602,0.227767214179039,0.2572543621063232,0.2449831813573837,0.239346444606781,,3.051850944757461e-05,14.0,0.216533362865448,1.275159478187561,287.71881103515625,3.336271047592163,261.2227783203125,249.5907745361328,5.265535831451416,1.3775591850280762,300.0,0.188603863120079,0.212624996900558
20201008.0,0.3446428775787353,0.2654356062412262,,,,,,,,,,,,,,,,,
20201009.0,0.3326508700847626,0.2515248954296112,,,,,0.0,,,,,,,,,,,,
20201010.0,0.3266883492469787,0.2750710248947143,0.2833377718925476,0.2678089737892151,0.2597043514251709,,,14.0,0.216533362865448,1.275159478187561,287.4013671875,3.28324031829834,259.3573608398437,245.1713256835937,0.7573249936103821,1.5592057704925537,300.0,0.2106717377901077,0.219208333641291
20201011.0,0.3213173151016235,0.2448616474866867,,,,,0.2235175669193267,,,,,,,,,,,,
20201012.0,0.3202178180217743,0.2456181496381759,0.2977009415626526,0.2402001768350601,0.2361690700054168,,0.031495101749897,14.0,0.216533362865448,1.275159478187561,284.0633544921875,3.271627902984619,258.49267578125,244.6197509765625,3.668905019760132,1.37666118144989,300.0,0.2007284462451934,0.22073913074058
20201013.0,0.344978779554367,0.2647020816802978,,,,,,,,,,,,,,,,,
20201014.0,0.3622973263263702,0.2301039546728134,,,,,0.0097964415326714,,,,,,,,,,,,
20201015.0,0.3459226191043854,0.2500040233135223,0.2975048124790191,0.2713072001934051,0.2589834332466125,,,14.0,0.216533362865448,1.275159478187561,282.1386413574219,3.2546677589416504,255.2322235107422,243.26573181152344,0.5427085161209106,1.138877511024475,300.0,0.1890152841806411,0.271999999880791
20201016.0,0.3339715898036957,0.2398314327001571,,,,,,,,,,,,,,,,,
20201017.0,0.3253050446510315,0.2416462451219558,0.2984057366847992,0.2920005321502685,0.2733554244041443,,0.0281380657106637,14.0,0.216533362865448,1.275159478187561,284.1640625,3.2476303577423096,253.2259826660156,241.7913818359375,0.001728534582071,1.1870696544647217,300.0,0.2027703076601028,0.232249996935328
20201018.0,0.3177996873855591,0.2359172403812408,0.2951133847236633,0.277718186378479,0.2655618488788605,,,14.0,0.216533362865448,1.275159478187561,284.3553161621094,3.244125366210937,254.0411071777344,240.8026428222656,0.0,1.1250439882278442,300.0,0.2065888345241546,0.217833334580064
20201019.0,0.3112318813800812,0.2382374256849289,,,,,0.0530106499791145,,,,,,,,,,,,
20201020.0,0.3116680383682251,0.2387334406375885,0.3085947632789612,0.2279957085847854,0.2251508086919784,,0.1075167059898376,14.0,0.216533362865448,1.275159478187561,289.22247314453125,3.237325668334961,260.1865234375,249.112548828125,1.3033238649368286,1.186872124671936,300.0,0.2037533521652221,0.210916666934888
20201021.0,0.3088572025299072,0.2550464868545532,,,,,,,,,,,,,,,,,
20201022.0,0.3168657720088959,0.2389338165521621,,,,,,,,,,,,,,,,,
20201023.0,0.3199634850025177,0.2312472760677337,0.3190503418445587,0.2837269902229309,0.2645635604858398,,,14.0,0.216533362865448,1.275159478187561,287.86083984375,3.2271738052368164,258.7978210449219,248.2855224609375,0.9218599200248718,1.5578739643096924,300.0,0.1908873915672302,0.210791665439804
20201024.0,0.3092572689056396,0.2406829595565796,,,,,0.1203955188393592,,,,,,,,,,,,
20201025.0,0.3189161121845245,0.2317372262477874,0.311173141002655,0.2562967240810394,0.2462564259767532,0.099406749010086,0.1277199685573578,14.0,0.216533362865448,1.275159478187561,285.8688659667969,3.220449924468994,258.406005859375,246.1094207763672,13.912299156188965,1.2849605083465576,300.0,0.2174962311983108,0.235874998072783
20201026.0,0.3574810028076172,,0.3263832628726959,0.3265417814254761,0.3036372661590576,,,14.0,0.216533362865448,1.275159478187561,283.7213439941406,3.2171010971069336,252.700912475586,239.0682983398437,2.6697356700897217,1.7392908334732056,300.0,0.2806684374809265,0.334958332280318
20201027.0,0.3487552106380462,0.2858056724071502,,,,0.1435573399066925,0.1817682385444641,,,,,,,,,,,,
20201028.0,0.3386403918266296,0.2891414165496826,0.3271679282188415,0.2648594081401825,0.2521787583827972,,,14.0,0.216533362865448,1.275159478187561,286.7258605957031,3.210421085357666,256.8897399902344,244.953369140625,0.2861773371696472,0.5177983641624451,300.0,0.232184961438179,0.277541665981213
20201029.0,0.3290408849716186,0.2583379447460174,,,,,0.1013519689440727,,,,,,,,,,,,
20201030.0,0.3213626444339752,0.2523779571056366,,,,0.1184530258178711,0.1275673657655716,,,,,,,,,,,,
20201031.0,0.3150729835033417,0.2488805055618286,0.3213158547878265,0.3073264062404632,0.2834134101867676,,,14.0,0.216533362865448,1.275159478187561,288.13531494140625,3.2006707191467285,254.01730346679688,241.8858184814453,0.0008523463038727,1.3202491998672483,300.0,0.2261772900819778,0.22020833256344
20201101.0,0.3090537190437317,0.2591066658496856,,,,0.1204592809081077,0.1785027682781219,,,,,,,,,,,,
20201102.0,0.3054252862930298,0.2689993381500244,0.3260156214237213,0.2929858267307281,0.2743166089057922,,0.0915555283427238,14.0,0.216533362865448,1.275159478187561,289.920654296875,3.1972756385803223,256.4735107421875,243.47781372070312,1.347318410873413,1.4879236221313477,300.0,0.2426829785108566,0.196958336358269
20201103.0,0.3248210847377777,0.2681194543838501,0.3199154436588287,0.2987337708473205,0.2737679183483124,,,14.0,0.216533362865448,1.275159478187561,285.23516845703125,3.1955816745758057,256.89776611328125,246.0780639648437,3.189115285873413,1.0954431295394895,300.0,0.2038902044296264,0.227166666338841
20201104.0,0.3192951381206512,0.257715493440628,,,,0.1139365583658218,0.1320535838603973,,,,,,,,,,,,
20201105.0,0.3104452788829803,0.2346756160259246,0.3124285936355591,0.2851226031780243,0.2658123672008514,,,14.0,0.216533362865448,1.275159478187561,282.6385803222656,3.192335605621338,253.02993774414065,241.4530487060547,0.0,0.8546789288520813,300.0,0.2064135521650314,0.21645833303531
20201106.0,0.3096849918365478,0.2573650479316711,,,,0.0979649126529693,0.1612292826175689,,,,,,,,,,,,
20201107.0,0.3181482553482055,0.2763760089874267,,,,,0.1648915112018585,,,,,,,,,,,,
20201108.0,0.3194168508052826,0.2431927174329757,0.3131037950515747,,,,,,,,,,,,,,,,
20201109.0,0.3155450224876404,0.2562404274940491,,,,0.1014008224010467,0.1922055780887603,,,,,,,,,,,,
20201110.0,0.3391842544078827,0.2444469332695007,0.3074419796466827,0.2732937633991241,0.2555605173110962,,,14.0,0.216533362865448,1.275159478187561,284.597412109375,3.1842355728149414,256.082275390625,245.22515869140625,4.8248291015625,1.1233841180801392,300.0,0.2102526426315307,0.183416671430071
20201111.0,0.3305334746837616,0.2455647587776184,0.3184894621372223,0.250956267118454,0.2398425191640854,,0.1381878107786178,14.0,0.216533362865448,1.275159478187561,285.75274658203125,3.182621955871582,256.89501953125,245.7125244140625,0.0,1.0130454301834106,300.0,0.1894387006759643,0.176875000819564
20201112.0,0.3200306296348572,0.2541753351688385,,,,0.1051278486847877,0.1078524142503738,,,,,,,,,,,,
20201113.0,0.3140545189380646,0.2468136996030807,0.3085273504257202,0.2392463833093643,0.231159046292305,,,14.0,0.216533362865448,1.275159478187561,285.8822631835937,3.179451942443848,258.0291748046875,246.5130615234375,0.0008523463620804,0.8316460251808167,300.0,0.1917060911655426,0.162583333129684
20201114.0,0.3096353411674499,0.2459272891283035,,,,0.0956044867634773,0.1550340354442596,,,,,,,,,,,,
20201115.0,0.3286253809928894,0.2462630122900009,,,,,,,,,,,,,,,,,
20201116.0,0.3474354445934295,0.2780738472938537,0.3166299164295196,0.2703648805618286,0.2534737586975097,,0.1450544744729995,14.0,0.216533362865448,1.275159478187561,284.6265563964844,3.1735851764678955,256.48809814453125,244.79916381835932,0.168063074350357,0.913641095161438,300.0,0.1943024098873138,0.257499998435378
20201117.0,0.3328163921833038,0.2630758881568908,,,,0.1242452338337898,0.1238135918974876,,,,,,,,,,,,
20201118.0,0.324848860502243,0.2691344916820526,0.3163362145423889,0.2577766180038452,0.2457862049341201,,,14.0,0.216533362865448,1.275159478187561,286.0778503417969,3.152858257293701,255.3472442626953,242.31515502929688,0.0008523463620804,0.9018165469169616,300.0,0.215774729847908,0.202624998365839
20201119.0,0.3222071528434753,0.2636866271495819,0.3245345950126648,0.2187099903821945,0.2150783091783523,,,14.0,0.216533362865448,1.275159478187561,284.3985900878906,3.142633438110352,259.3128662109375,245.9612274169922,0.631887674331665,0.8806194067001343,300.0,0.1821883618831634,0.203875000278155
20201120.0,0.3179765939712524,0.2606761157512665,,,,,0.1124607101082801,,,,,,,,,,,,
20201121.0,0.3137429654598236,0.2201150953769683,0.3075709342956543,0.2768636345863342,0.261712372303009,,,14.0,0.216533362865448,1.275159478187561,278.3127746582031,3.121743679046631,251.4369201660156,237.79754638671875,0.000435113790445,0.6543111205101013,300.0,0.212653711438179,0.188791668042541
20201122.0,0.3103432953357696,,,,,0.0867718458175659,0.1066011562943458,,,,,,,,,,,,
20201123.0,0.3079908788204193,0.2470146417617797,,,,,,,,,,,,,,,,,
20201124.0,0.3058581352233886,,0.3092985153198242,0.2272308021783828,0.2228799611330032,0.0547849498689174,0.0767235308885574,14.0,0.216533362865448,1.275159478187561,280.6806640625,3.0912227630615234,253.885498046875,238.9682464599609,0.0017252847319468,0.5116212964057922,300.0,0.2133615016937255,0.175291664277514
20201125.0,0.3037493526935577,0.2512435019016266,,,,,0.0830713808536529,,,,,,,,,,,,
20201126.0,0.3017031550407409,0.2459419816732406,0.310311496257782,0.2239507287740707,0.2192943543195724,,,14.0,0.216533362865448,1.275159478187561,283.28094482421875,3.071369171142578,255.4069366455078,244.76988220214844,0.1444939523935318,0.5492078065872192,300.0,0.2095323503017425,0.170125002041459
20201127.0,0.3002604246139526,0.2505246698856354,0.3160020112991333,0.2326781004667282,0.2260832488536834,0.0941001623868942,0.1650135815143585,14.0,0.216533362865448,1.275159478187561,285.22271728515625,3.0615904331207275,256.06903076171875,246.879623413086,0.0060776700265705,0.6568461656570435,300.0,0.2033871710300445,0.168333331743876
20201128.0,0.2989429831504822,0.2594703137874603,,,,,,,,,,,,,,,,,
20201129.0,0.2968362271785736,0.2480996549129486,0.312597244977951,0.2459272146224975,0.2344638705253601,,0.1289101839065551,14.0,0.216533362865448,1.275159478187561,284.2022705078125,3.042227268218994,255.46372985839844,244.9642639160156,0.0,0.6295036673545837,300.0,0.2050862610340118,0.161541666214665
20201130.0,0.2947463989257812,0.2552993893623352,,,,0.0301225092262029,0.0659504979848861,,,,,,,,,,,,
20201201.0,0.3000013530254364,0.2510046660900116,,,,,,,,,,,,,,,,,
20201202.0,0.3102103173732757,0.2516860067844391,0.2980532944202423,0.234587162733078,0.2275929301977157,0.0333081781864166,0.0248725861310958,14.0,0.216533362865448,1.275159478187561,277.42706298828125,3.0161561965942383,252.59146118164065,244.22445678710932,0.377017468214035,0.5728359818458557,300.0,0.1868809759616851,0.185869566124419
20201203.0,0.3105270564556122,0.2718063294887543,,,,,,,,,,,,,,,,,
20201204.0,0.3494409620761871,0.2570670247077942,0.3203367292881012,0.3045090436935425,0.2748317718505859,,0.0952482670545578,14.0,0.216533362865448,1.275159478187561,278.4692077636719,3.0328214168548584,249.63299560546875,238.4833984375,3.369332790374756,1.4805513620376587,300.0,0.2627566456794739,0.320750001072884
20201205.0,0.3327807486057281,0.2726660966873169,0.3232216835021972,0.2766097486019134,0.2586058378219604,0.1269520074129104,0.168889433145523,14.0,0.216533362865448,1.275159478187561,278.4335632324219,3.041271686553955,250.00352478027344,237.08328247070312,2.289226531982422,0.8559245467185974,300.0,0.2594296634197235,0.289791667213043
20201206.0,0.3449987471103668,0.2876772582530975,,,,,,,,,,,,,,,,,
20201207.0,0.3690149784088135,0.2910805940628052,0.3333165347576141,0.2963510751724243,0.2705781757831573,0.1380643844604492,0.1784722506999969,14.0,0.216533362865448,1.275159478187561,278.9785461425781,3.059965133666992,249.11764526367188,237.2997283935547,14.796220779418944,2.024211883544922,300.0,0.3047993183135986,0.305916665742795
20201208.0,0.3687910437583923,0.3093113899230957,,,,,0.0703756809234619,,,,,,,,,,,,
20201209.0,0.3583132922649383,0.3050036430358886,,,,,,,,,,,,,,,,,
20201210.0,0.3809423744678497,,0.3592163324356079,0.3318228721618652,0.3104855120182037,0.2098308056592941,0.2497634887695312,14.0,0.216533362865448,1.275159478187561,281.2789001464844,3.0885443687438965,245.54315185546875,230.149658203125,13.701441764831545,1.4375087022781372,300.0,0.3252028822898865,0.312958332399527
20201211.0,0.3869921267032623,,,,,,,,,,,,,,,,,,
20201212.0,0.3782044053077698,0.3123860955238342,0.364625334739685,0.4192645251750946,0.37257120013237,0.2249189615249633,0.2761925160884857,14.0,0.216533362865448,1.275159478187561,282.0603942871094,3.108058452606201,242.06362915039065,227.80213928222656,4.455111980438232,1.8078914880752563,300.0,0.3401790261268616,0.305708333849907
20201213.0,0.3590069413185119,0.3164912164211273,0.3554555475711822,0.3738396167755127,0.3330041766166687,,0.2701193392276764,14.0,0.216533362865448,1.275159478187561,282.5693054199219,3.1179537773132324,244.9595947265625,231.27235412597656,0.0357779674232006,0.355217695236206,300.0,0.2811601758003235,0.277499999850988
20201214.0,0.3501319289207458,0.3041662871837616,,,,,,,,,,,,,,,,,
20201215.0,0.359129935503006,0.3000394105911255,0.3540810644626617,0.3533600270748138,0.3199148774147033,0.1780183315277099,0.2723166644573211,14.0,0.216533362865448,1.275159478187561,281.9641418457031,3.138099193572998,246.45138549804688,232.32180786132807,3.169494390487671,0.6112326979637146,300.0,0.3070104718208313,0.279583334922791
20201216.0,0.3491342067718506,0.2950912415981293,,,,,,,,,,,,,,,,,
20201217.0,0.3453172147274017,0.2952993512153625,,,,,0.1754203885793686,,,,,,,,,,,,
20201218.0,0.3406524062156677,0.2983864545822143,0.3562325239181518,0.3209863901138305,0.2932467758655548,0.0575997307896614,0.0667745023965835,14.0,0.216533362865448,1.275159478187561,281.1019897460937,3.1672167778015137,247.66323852539065,234.107666015625,0.0263238791376352,0.2874527275562286,300.0,0.2551684975624084,0.251916664962967
20201219.0,0.3402960300445556,0.2897660136222839,,,,,,,,,,,,,,,,,
20201220.0,0.3547688126564026,0.2931108772754669,0.3568283319473266,0.3219832479953766,0.2891495823860168,0.118716612458229,0.1665395051240921,14.0,0.216533362865448,1.275159478187561,281.7844543457031,3.159775972366333,247.888671875,235.7913818359375,1.5992759466171265,0.7398146986961365,300.0,0.2816312313079834,0.241583331177632
20201221.0,0.3450020849704742,0.3102550208568573,0.3596712648868561,0.3183356821537018,0.2901694774627685,,,14.0,0.216533362865448,1.275159478187561,282.8988952636719,3.1560733318328857,248.1240234375,234.9483642578125,0.7748140692710876,0.3856856226921081,300.0,0.2752323150634765,0.246363637799566
20201222.0,0.3394993543624878,0.3131278753280639,,,,,0.1027863398194313,,,,,,,,,,,,
20201223.0,0.3376455307006836,0.3055750429630279,0.3628828525543213,0.3239248991012573,0.2903570234775543,,0.0,14.0,0.216533362865448,1.275159478187561,284.1305236816406,3.1475260257720947,249.32696533203125,237.2811584472656,1.1266247034072876,0.7905851006507874,300.0,0.2673535048961639,0.235458331803481
20201224.0,0.3385418355464935,0.3226926326751709,,,,,,,,,,,,,,,,,
20201225.0,0.3419011235237121,0.3167693018913269,,,,0.1717657595872879,0.2045350521802902,,,,,,,,,,,,
20201226.0,0.3342191278934479,,,0.3368033468723297,0.3149952590465545,,0.0985747873783111,14.0,0.216533362865448,1.275159478187561,274.7467956542969,3.134941816329956,242.75946044921875,227.67459106445312,0.0069043301045894,0.3837788105010986,300.0,0.2783095240592956,0.232041666905085
20201227.0,0.3393485844135284,0.3013294041156769,,,,,,,,,,,,,,,,,
20201228.0,0.3922218084335327,0.2987874746322632,0.3725636601448059,0.3919546008110046,0.3525954186916351,0.1210159361362457,0.1984923928976059,14.0,0.216533362865448,1.275159478187561,278.4815368652344,3.126631021499634,241.25027465820312,227.2578125,21.114978790283203,3.587913990020752,300.0,0.3343827128410339,0.331958333651225
20201229.0,0.3770952820777893,0.3223235607147217,0.3910415172576904,0.492184430360794,0.449164867401123,,,14.0,0.216533362865448,1.275159478187561,278.2866516113281,3.1224794387817383,234.77719116210932,219.7408905029297,2.3612749576568604,1.3423843383789062,300.0,0.3439540266990661,0.335958335548639
20201230.0,0.3688024580478668,0.3171434700489044,,,,0.2569038867950439,0.329660952091217,,,,,,,,,,,,
20201231.0,0.3752781450748443,0.3165781795978546,0.4021350741386413,0.4413547217845917,0.4126034677028656,,0.2417981475591659,14.0,0.216533362865448,1.275159478187561,279.4712829589844,3.1139895915985107,237.415771484375,221.68983459472656,6.899276256561279,1.7307617664337158,300.0,0.3445279896259308,0.330166668941577
20210101.0,0.3670878410339355,0.3121139407157898,,,,,,,,,,,,,,,,,
20210102.0,0.3586348593235016,0.2945441305637359,,,,0.2144823223352432,0.2789697051048279,,,,,,,,,,,,
20210103.0,0.3551260530948639,0.2956016659736633,,0.3608482778072357,0.3476184010505676,,,14.0,0.216533362865448,1.275159478187561,274.5656433105469,3.109321594238281,239.3949584960937,222.9108123779297,3.0134310722351074,0.817742645740509,300.0,0.3363996148109436,0.265636361458085
20210104.0,0.3621847033500671,0.294325977563858,,,,,0.2334971129894256,,,,,,,,,,,,
20210105.0,0.3542979657649994,0.2873363494873047,0.3692225515842438,0.324830949306488,0.3127037584781647,0.1480475664138794,0.0954924151301384,14.0,0.216533362865448,1.275159478187561,274.290283203125,3.108212471008301,242.302978515625,226.13070678710932,0.2212926596403122,0.6338688731193542,300.0,0.3050866723060608,0.277416666348775
20210106.0,0.3474514782428741,0.2912808954715729,0.3693922758102417,0.3523156940937042,0.3387906551361084,,,14.0,0.216533362865448,1.275159478187561,273.8767395019531,3.107716560363769,239.8711700439453,223.4463806152344,0.0640845149755477,0.3632116019725799,300.0,0.295704036951065,0.261541663358609
20210107.0,,0.2914702892303467,,,,0.1164494901895523,0.1827753484249115,,,,,,,,,,,,
20210115.0,0.334421306848526,0.2986803650856018,,,,0.1697365790605545,0.2071291208267212,,,,,,,,,,,,
20210116.0,0.3283778131008148,0.2983642220497131,,0.3514858186244964,0.3341241180896759,,,14.0,0.216533362865448,1.275159478187561,275.97479248046875,3.102677345275879,240.73199462890625,223.93585205078125,0.0387654602527618,0.2616545557975769,300.0,0.2870424687862396,0.267083331942558
20210117.0,0.3469041883945465,0.3197216391563415,,,,0.1818880438804626,0.2901394665241241,,,,,,,,,,,,
20210118.0,0.3390867412090301,0.2938318252563476,,,,,0.2301095575094223,,,,,,,,,,,,
20210119.0,0.3322160542011261,0.3047741651535034,0.362786591053009,0.3466482162475586,0.3254041373729706,,,14.0,0.216533362865448,1.275159478187561,278.042236328125,3.1036136150360107,240.49484252929688,224.58108520507807,0.0,0.6420875191688538,300.0,0.3113765120506286,0.270166665315628
20210120.0,0.3276441097259521,0.2975121736526489,,,,0.1465367078781128,0.1699270606040954,,,,,,,,,,,,
20210121.0,0.3296365737915039,0.3013151288032532,0.3756621181964874,0.3301216065883636,0.2956651151180267,,,14.0,0.216533362865448,1.275159478187561,283.1347961425781,3.104877233505249,245.10726928710932,232.5372467041016,3.815883874893189,0.9518317580223083,300.0,0.320409208536148,0.249124996364117
20210122.0,0.3686613142490387,0.3116343915462494,0.3881657123565674,0.3808155357837677,0.3279453814029693,,0.186651200056076,14.0,0.216533362865448,1.275159478187561,280.24615478515625,3.1055283546447754,243.7579040527344,231.848373413086,10.190333366394045,2.0832810401916504,300.0,0.3291393518447876,0.274791667237878
20210123.0,0.3881179988384247,0.3169648647308349,,,,0.1208241581916809,0.1928769797086715,,,,,,,,,,,,
20210124.0,0.3869238197803497,0.3135102391242981,0.394210934638977,0.4160025417804718,0.3832396268844604,,,14.0,0.216533362865448,1.275159478187561,279.1559143066406,3.1068315505981445,238.64871215820312,223.20358276367188,7.931517601013184,1.8873313665390008,300.0,0.3444426655769348,0.331166664759318
20210125.0,0.3826902210712433,0.3358566164970398,,,,,0.264870136976242,,,,,,,,,,,,
20210126.0,0.3642807006835937,0.30686816573143,,,,,,,,,,,,,,,,,
20210127.0,0.3690788745880127,0.3403030633926391,0.3944423794746399,0.3842913806438446,0.3410547077655792,,0.2162846773862838,14.0,0.216533362865448,1.275159478187561,283.908203125,3.1087894439697266,242.60626220703125,229.1641998291016,3.537582874298096,0.3510880768299103,300.0,0.3294873535633087,0.300363634120334
20210128.0,0.3644132018089294,0.3353838324546814,,,,0.2178962081670761,0.2308725267648697,,,,,,,,,,,,
20210129.0,0.3649060428142547,0.3163878619670868,0.410386711359024,0.4504089653491974,0.4027373194694519,,,14.0,0.216533362865448,1.275159478187561,284.95672607421875,3.1100966930389404,240.29165649414065,225.6600799560547,3.304738521575928,0.9460078477859496,300.0,0.3408238291740417,0.304416667670012
20210130.0,0.3823685050010681,0.3268550634384155,0.4165792465209961,0.4419063925743103,0.4111396670341491,0.2565401196479797,0.3244422674179077,14.0,0.216533362865448,1.275159478187561,282.9745483398437,3.1107869148254395,239.811767578125,223.8465576171875,22.00827980041504,2.243309259414673,300.0,0.3423747420310974,0.313583334287008
20210131.0,0.3906273245811462,0.3366453945636749,,,,,,,,,,,,,,,,,
20210201.0,0.3871081173419952,0.3302127122879028,0.4299021065235138,0.4936790466308594,0.4762130975723266,,,14.0,0.216533362865448,1.275159478187561,283.7716064453125,3.1125969886779785,235.1230316162109,220.22836303710932,10.832585334777832,3.160634994506836,300.0,0.3636857569217682,0.329708331574996
20210202.0,0.3752347826957702,0.3346623182296753,,,,0.3229032158851623,0.3323770761489868,,,,,,,,,,,,
20210203.0,0.3633593022823334,0.3136267364025116,,,,,,,,,,,,,,,,,
20210204.0,0.3694804906845093,0.324387788772583,0.4174607098102569,0.3560981452465057,0.3299490809440613,0.2448875159025192,0.2567827403545379,14.0,0.216533362865448,1.275159478187561,283.9638061523437,3.100734233856201,246.2538452148437,230.9376220703125,4.309714317321777,1.029330849647522,300.0,0.3212245106697082,0.276666668554147
20210205.0,0.3621059656143188,0.3031524419784546,,,,,0.1509140282869339,,,,,,,,,,,,
20210206.0,0.3715006709098816,0.3237069249153137,0.4063464701175689,0.3202709853649139,0.3199419677257538,,,14.0,0.216533362865448,1.275159478187561,281.6322937011719,3.089308261871338,247.3187561035156,228.6757202148437,9.661252975463867,1.5022320747375488,300.0,0.3213324546813965,0.270708332459132
20210207.0,0.3720782101154327,0.3135774135589599,0.4154123961925506,0.4105570018291473,0.3745013475418091,,0.1087679713964462,14.0,0.216533362865448,1.275159478187561,279.84600830078125,3.08353853225708,241.3306427001953,226.14718627929688,2.795227527618408,1.2203983068466189,300.0,0.3365497589111328,0.296181819655678
20210208.0,0.3841569423675537,0.3219386041164398,,,,,,,,,,,,,,,,,
20210209.0,0.3776170313358307,0.3258982598781585,,0.3663470447063446,0.3392203152179718,0.2212502509355545,0.3393352925777435,14.0,0.216533362865448,1.275159478187561,281.9205322265625,3.072098731994629,243.54525756835932,228.05490112304688,7.183108329772949,0.995387077331543,300.0,0.3263281881809234,0.29245833431681
20210210.0,0.3858996331691742,0.3221245110034942,,,,,0.269905686378479,,,,,,,,,,,,
20210211.0,0.3711932897567749,0.3252312839031219,,,,,,,,,,,,,,,,,
20210212.0,0.3768048882484436,0.3177161514759063,0.4198664128780365,0.337911993265152,0.3188812136650085,,0.1190832257270813,14.0,0.216533362865448,1.275159478187561,282.10595703125,3.0551862716674805,245.8768615722656,229.6470489501953,5.589155673980713,1.0275986194610596,300.0,0.3199242949485779,0.281916665534178
20210213.0,0.3642386496067047,0.3213073313236236,,,,,,,,,,,,,,,,,
20210214.0,0.3541170954704284,0.3120917379856109,0.4101678133010864,0.3392574191093445,0.3193022012710571,,0.1495712101459503,14.0,0.216533362865448,1.275159478187561,281.0690612792969,3.044076442718506,244.21078491210932,228.0889587402344,0.0025757390540093,0.9321122169494628,300.0,0.291132777929306,0.262874995668729
20210215.0,0.3456272482872009,0.3160321116447449,0.4156267046928406,0.3576184213161468,0.3300642967224121,0.1898016333580017,0.14133121073246,14.0,0.216533362865448,1.275159478187561,282.29248046875,3.038512706756592,242.78302001953125,227.3725433349609,0.0008523463620804,1.1027792692184448,300.0,0.2994326949119568,0.251749999200304
20210216.0,0.3388801515102386,0.3142365217208862,,,,,,,,,,,,,,,,,
20210217.0,0.3337624967098236,0.3104057610034942,0.4187459647655487,0.3612726330757141,0.3285742998123169,0.2068364769220352,0.2300485223531723,14.0,0.216533362865448,1.275159478187561,284.1915283203125,3.026794195175171,244.7813415527344,229.9104766845703,0.0294235460460186,0.9649478197097778,300.0,0.2857575416564941,0.233958336214224
20210218.0,0.328522115945816,0.3126470446586609,,,,,,,,,,,,,,,,,
20210219.0,0.3240293562412262,0.3083060085773468,,,,,0.2930082082748413,,,,,,,,,,,,
20210220.0,0.3194209039211273,0.3093904554843902,0.4218925237655639,0.3373304307460785,0.3115531802177429,0.1754503548145294,0.1780755072832107,14.0,0.216533362865448,1.275159478187561,285.8977966308594,3.0329694747924805,247.08941650390625,231.7610015869141,0.0,1.3572291135787964,300.0,0.2692320346832275,0.213958331694206
20210221.0,0.3150726556777954,0.307000994682312,,,,,,,,,,,,,,,,,
20210222.0,0.3149854242801666,0.3046611547470093,0.4143184423446655,0.3064412176609039,0.2857070863246918,0.1954356133937835,0.2069765329360962,14.0,0.216533362865448,1.275159478187561,284.2695007324219,3.0431103706359863,249.8876953125,234.68003845214844,0.4957075417041778,0.5793150067329407,300.0,0.2619714140892029,0.204999998211861
20210223.0,0.3139190077781677,0.2989597618579864,0.4066652357578277,0.3076125979423523,0.2785232663154602,,0.0835901945829391,14.0,0.216533362865448,1.275159478187561,285.0185852050781,3.0484001636505127,249.8721923828125,236.9442443847656,0.0,1.0369449853897097,300.0,0.2355004101991653,0.204124996438622
20210224.0,0.3100916445255279,0.3043937683105469,,,,,,,,,,,,,,,,,
20210225.0,0.3067879676818847,0.2988829910755157,0.4070401787757873,0.3014724254608154,0.276888906955719,0.132805585861206,0.138767659664154,14.0,0.216533362865448,1.275159478187561,285.3423767089844,3.059070348739624,251.0192413330078,237.07281494140625,0.0,1.076086163520813,300.0,0.2278233468532562,0.194749999170502
20210226.0,0.3049281537532806,0.3019143342971802,,,,,,,,,,,,,,,,,
20210227.0,0.3026580214500427,0.3078050315380096,,,,0.1331214755773544,0.1735587567090988,,,,,,,,,,,,
20210228.0,0.2994169592857361,0.293154627084732,0.404333621263504,0.3208166360855102,0.2929821312427521,,0.1123386323451995,14.0,0.216533362865448,1.275159478187561,282.2758178710937,3.075302124023437,247.29299926757807,233.29576110839844,0.0257522575557231,1.1990994215011597,300.0,0.2492484301328659,0.183458332593242
20210301.0,0.2961791157722473,0.2971183955669403,,,,,,,,,,,,,,,,,
20210302.0,0.2954792976379394,0.2927975952625274,0.4045381546020508,0.2765355110168457,0.260302722454071,,0.1450239568948745,14.0,0.216533362865448,1.275159478187561,284.9215087890625,3.0862741470336914,251.61453247070312,237.1908264160156,0.4775064587593078,1.303456425666809,300.0,0.2347470223903656,0.17429166721801
20210303.0,0.2929180562496185,0.2914799749851227,0.3990101218223572,0.2789803147315979,0.2572735249996185,,,14.0,0.216533362865448,1.275159478187561,285.6950988769531,3.0918593406677246,252.09483337402344,240.0855407714844,0.0165674537420272,1.2608648538589478,300.0,0.2091266214847564,0.171166670819124
20210304.0,0.290097028017044,0.2921364307403564,,,,,0.1153294444084167,,,,,,,,,,,,
20210305.0,0.2919498085975647,0.2928191721439361,0.3979991674423218,0.2844181954860687,0.2630341351032257,0.0981698185205459,0.1037629321217536,14.0,0.216533362865448,1.275159478187561,283.76568603515625,3.1037776470184326,252.3140563964844,239.45120239257807,0.8567832708358765,1.1905003786087036,300.0,0.2240619361400604,0.162666668494542
20210306.0,0.2901212871074676,0.2854644060134887,,,,,,,,,,,,,,,,,
20210307.0,0.2884256243705749,0.2952899038791656,,,,0.1299332529306411,0.1684621721506118,,,,,,,,,,,,
20210308.0,0.295782208442688,0.2982145547866821,0.3942838907241821,0.255466878414154,0.2411082088947296,,,14.0,0.216533362865448,1.275159478187561,281.8531188964844,3.09938907623291,252.91177368164065,240.66249084472656,2.656102418899536,1.3240597248077393,300.0,0.2302440702915191,0.157500006258488
20210309.0,0.3027157783508301,0.2943680584430694,,,,,0.1646473556756973,,,,,,,,,,,,
20210310.0,0.2937420308589935,0.2883123159408569,,0.2855237126350403,0.2725836932659149,0.0210625976324081,0.07565538585186,14.0,0.216533362865448,1.275159478187561,280.3004455566406,3.090925693511963,248.14334106445312,232.44683837890625,0.0035946650896221,1.2531312704086304,300.0,0.237241506576538,0.149833331505458
20210311.0,0.2893743813037872,0.3005038201808929,0.3916431367397308,0.2367223650217056,0.2272848933935165,,,14.0,0.216533362865448,1.275159478187561,285.3733215332031,3.0865588188171387,253.94305419921875,241.7044982910156,1.473374366760254,1.422931671142578,300.0,0.2254387885332107,0.144666668027639
20210312.0,0.3037605583667755,0.2940344512462616,,,,0.1118364557623863,0.1796929836273193,,,,,,,,,,,,
20210313.0,0.3062935471534729,0.2965417206287384,0.3951052725315094,0.2718442976474762,0.2507654428482055,,0.0812097564339637,14.0,0.216533362865448,1.275159478187561,282.6499938964844,3.0778820514678955,251.82449340820312,241.64712524414065,1.887738823890686,1.5975213050842283,300.0,0.2360242903232574,0.145899997651577
20210315.0,0.3079879879951477,0.2967714071273803,,,,0.1123091429471969,0.1393169909715652,,,,,,,,,,,,
20210316.0,0.3047926425933838,0.298315018415451,0.388353168964386,0.2350860089063644,0.2265282869338989,,,14.0,0.216533362865448,1.275159478187561,282.5405578613281,3.0650079250335693,254.8060760498047,241.4742431640625,0.467019647359848,0.9911614656448364,300.0,0.1870915442705154,0.181958335762223
20210317.0,0.3019188642501831,0.2864022552967071,,,,0.1033313497900962,0.1438337415456771,,,,,,,,,,,,
20210318.0,0.2952513098716736,0.2859431505203247,0.3866108655929565,0.2549244463443756,0.2432716935873031,,0.1036408618092536,14.0,0.216533362865448,1.275159478187561,279.530517578125,3.0565192699432373,252.65582275390625,238.4053955078125,0.0047068386338651,0.8776520490646362,300.0,0.1881444603204727,0.162708335866531
20210319.0,0.3166152834892273,0.294080913066864,0.3834335803985595,0.2409937530755996,0.2297999262809753,,,14.0,0.216533362865448,1.275159478187561,279.1975402832031,3.0522782802581787,253.26084899902344,242.93624877929688,4.820891380310059,1.8802200555801392,300.0,0.195438265800476,0.168625002726912
20210320.0,0.3103747069835663,0.2971715033054352,,,,0.1241403743624687,0.1832636445760727,,,,,,,,,,,,
20210321.0,0.2991651892662048,0.288799524307251,0.3812049031257629,0.2650605142116546,0.2545187771320343,,,14.0,0.216533362865448,1.275159478187561,280.0366516113281,3.0435571670532227,248.94761657714844,233.4407501220703,0.0032828501425683,1.3706084489822388,300.0,0.2297031581401825,0.164708331848184
20210322.0,0.2922727465629577,0.2887640297412872,,,,,0.125736266374588,,,,,,,,,,,,
20210323.0,0.2864597141742706,0.2898780703544616,,,,0.0912395492196083,0.0984221920371055,,,,,,,,,,,,
20210324.0,0.2804142236709595,0.2851588726043701,0.3795545697212219,0.2224159687757492,0.216836929321289,,,14.0,0.216533362865448,1.275159478187561,283.4975280761719,3.040658712387085,254.60157775878903,240.40945434570312,0.0040210513398051,1.727715253829956,300.0,0.1820484399795532,0.136083333442609
20210325.0,0.2758850455284118,0.285350888967514,,,,0.1067164540290832,0.1954710483551025,,,,,,,,,,,,
20210326.0,0.2729079127311706,0.288908451795578,0.3731293082237243,0.2450577914714813,0.2326386570930481,,,14.0,0.216533362865448,1.275159478187561,284.7489318847656,3.04125452041626,254.72987365722656,243.46267700195312,0.5560632348060608,1.4152860641479492,300.0,0.1830094754695892,0.118166666788359
20210327.0,0.2732558846473694,0.2849469184875488,0.3758261501789093,0.2110366374254226,0.2075938880443573,,0.0723593831062316,14.0,0.216533362865448,1.275159478187561,283.55517578125,3.041626453399658,257.8274841308594,245.227294921875,0.1359152793884277,1.403772473335266,300.0,0.1376998126506805,0.110500000106792
20210328.0,0.2675065100193023,0.2884961068630218,,,,0.0391918458044528,0.0673238337039947,,,,,,,,,,,,
20210329.0,0.2607566118240356,0.279727965593338,0.3725688755512237,0.1967685669660568,0.1965507864952087,,,14.0,0.216533362865448,1.275159478187561,287.8320617675781,3.0423710346221924,259.28472900390625,246.81005859375,0.001709257485345,1.915962815284729,300.0,0.1510991156101226,0.0968749988824129
20210330.0,0.2540507316589355,0.280437707901001,,,,0.0885411575436592,0.1685842424631118,,,,,,,,,,,,
20210331.0,0.2472155094146728,0.2809531092643738,,,,,0.0848109349608421,,,,,,,,,,,,
20210401.0,0.2406807839870453,0.2781602740287781,0.3689879477024078,0.1697843223810196,0.1747836917638778,,,14.0,0.216533362865448,1.275159478187561,289.7477111816406,3.0434889793396,263.81719970703125,251.41845703125,0.0017239976441487,2.022590160369873,300.0,0.1226823106408119,0.0860833330079913
20210402.0,0.234866589307785,0.2742393016815185,,,,0.0614790543913841,0.0637531653046608,,,,,,,,,,,,
20210403.0,0.2292919009923935,0.2732673585414886,0.3541308641433716,0.1798499077558517,0.1876145154237747,,,14.0,0.216533362865448,1.275159478187561,287.1426696777344,3.0442347526550293,262.734619140625,253.12527465820312,0.0009064386249519,2.040599822998047,300.0,0.0935760587453842,0.0830833328266938
20210404.0,0.2240470498800277,0.2632987201213836,0.351900577545166,0.16924449801445,0.1798505932092666,0.022811034694314,0.0220038462430238,14.0,0.216533362865448,1.275159478187561,284.9886779785156,3.0446155071258545,261.7620849609375,252.2980194091797,0.0012948473449796,1.844841480255127,300.0,0.0898821949958801,0.0816250015050173
20210405.0,0.2199794501066208,0.2636752426624298,,,,,0.018433179706335,,,,,,,,,,,,
20210406.0,0.2203520238399505,0.2660822570323944,0.3385133147239685,0.1417414397001266,0.1567312330007553,,,14.0,0.216533362865448,1.275159478187561,282.68084716796875,3.045468330383301,264.41802978515625,254.59255981445312,0.7043445706367493,1.819719910621643,300.0,0.0722861886024475,0.0799999982118607
20210407.0,0.2174338698387146,0.2587887644767761,,,,0.0316941924393177,0.0476393923163414,,,,,,,,,,,,
20210408.0,0.213034451007843,0.2561827600002289,,,,,,,,,,,,,,,,,
20210409.0,0.2149173319339752,0.2677634656429291,0.3407407402992248,0.1402036696672439,0.1513728648424148,,0.0245979186147451,14.0,0.216533362865448,1.275159478187561,286.5888366699219,3.0436506271362305,264.0277099609375,252.7269287109375,3.536832332611084,1.7433440685272217,300.0,0.1039692014455795,0.0912916685144107
20210410.0,0.2480254024267196,0.2776519656181335,,,,0.0544497594237327,0.0485854670405387,,,,,,,,,,,,
20210412.0,0.2812260091304779,0.2694452404975891,0.3533471226692199,0.1878651231527328,0.1908308863639831,0.0929547473788261,0.1092867851257324,14.0,0.216533362865448,1.275159478187561,281.4401550292969,3.0406556129455566,258.66046142578125,246.9976501464844,0.0220411475747823,1.435388445854187,300.0,0.1045872345566749,0.112791667381922
20210413.0,0.2650060951709747,0.2696422636508941,,,,,,,,,,,,,,,,,
20210414.0,0.2521102428436279,0.2653281986713409,0.3393974304199219,0.1631263792514801,0.1695571541786193,,0.033539842814207,14.0,0.216533362865448,1.275159478187561,283.6856689453125,3.0386343002319336,260.7320251464844,248.61325073242188,0.0004351138486526,2.094314813613892,300.0,0.0980022102594375,0.0995416669175029
20210415.0,0.2408699691295623,0.2587075531482696,,,,0.056660521775484,0.0624103508889675,,,,,,,,,,,,
20210416.0,0.2318687587976455,0.2556989789009094,,,,,,,,,,,,,,,,,
20210417.0,0.2257208228111267,0.2523457407951355,0.3379412591457367,0.1238734424114227,0.1442642658948898,0.0595059469342231,0.0688802748918533,14.0,0.216533362865448,1.275159478187561,281.5066833496094,3.035610675811768,262.8876342773437,254.0732421875,0.1194672882556915,1.3774598836898804,300.0,0.0693817660212516,0.0870833309988181
20210418.0,0.2216033041477203,0.259460836648941,,,,,0.0037842951714992,,,,,,,,,,,,
20210419.0,0.2153594642877578,0.2545828521251678,0.322623610496521,0.1318051069974899,0.1411170065402984,,,14.0,0.216533362865448,1.275159478187561,285.864501953125,3.0336005687713623,264.2431640625,252.0362243652344,0.0,1.9888179302215576,300.0,0.0898698940873146,0.0839999988675117
20210420.0,0.2090446203947067,0.2549309432506561,0.3377411663532257,0.1296801418066024,0.1458168178796768,0.0299134869128465,0.0433057658374309,14.0,0.216533362865448,1.275159478187561,287.83428955078125,3.0325448513031006,265.424072265625,255.4486083984375,0.0899607315659523,1.817199230194092,300.0,0.0886451974511146,0.082375000230968
20210421.0,0.2058550119400024,0.2624552249908447,,,,,,,,,,,,,,,,,
20210422.0,0.2038343101739883,0.2496705204248428,0.3215529024600982,0.1196644008159637,0.1329933106899261,,3.051850944757461e-05,14.0,0.216533362865448,1.275159478187561,288.3139038085937,3.0298142433166504,267.3060302734375,256.159423828125,0.3905819952487945,2.1036152839660645,300.0,0.0802066177129745,0.0800833317140738
20210423.0,0.1983819454908371,0.2688096463680267,,,,,0.0245674010366201,,,,,,,,,,,,
20210424.0,0.1895109266042709,0.2530469894409179,,,,,,,,,,,,,,,,,
20210425.0,0.1830727607011795,0.2517322301864624,0.3176775574684143,0.1120315790176391,0.1380010247230529,0.0187167637050151,0.0472121350467205,14.0,0.216533362865448,1.275159478187561,290.7923889160156,3.0471668243408203,269.158935546875,261.37158203125,0.0192858073860406,1.7066516876220703,300.0,0.0778956860303878,0.0769999995827675
20210426.0,0.1942143589258194,0.2633817195892334,,,,,,,,,,,,,,,,,
20210427.0,0.2304153442382812,0.3062142133712768,0.3436931371688843,0.2262804210186004,0.2211301624774933,,0.1451460272073745,14.0,0.216533362865448,1.275159478187561,286.9768371582031,3.0644311904907227,258.6464233398437,245.5038909912109,1.3212183713912964,1.563935160636902,300.0,0.1900548487901687,0.109583333134651
20210428.0,0.2324599474668502,0.2831965684890747,0.343696117401123,0.2065268754959106,0.205158993601799,,,14.0,0.216533362865448,1.275159478187561,286.8175048828125,3.0733447074890137,260.7412414550781,247.03697204589844,0.6846405863761902,1.4620076417922974,300.0,0.1623856127262115,0.112041666172445
20210429.0,0.2367146462202072,0.2822629809379577,,,,,,,,,,,,,,,,,
20210502.0,0.2846944630146026,0.2902296781539917,,,,,0.0816064924001693,,,,,,,,,,,,
20210503.0,0.2604074478149414,0.2780372500419616,0.3348021209239959,0.1909738034009933,0.1916940659284591,0.0353647470474243,0.0479140616953372,14.0,0.216533362865448,1.275159478187561,286.786865234375,3.1191372871398926,260.1806030273437,245.59100341796875,0.0008583068847656,2.3119335174560547,300.0,0.1551006585359573,0.137749999761581
20210504.0,0.2444112300872802,0.2701057195663452,,,,,,,,,,,,,,,,,
20210505.0,0.2567793130874634,0.2773497998714447,0.3199513256549835,0.1572887003421783,0.1659394800662994,0.0631203427910804,0.0968657508492469,14.0,0.216533362865448,1.275159478187561,287.2484436035156,3.1380257606506348,265.35015869140625,253.56890869140625,2.9278197288513184,2.3112456798553467,300.0,0.1077383980154991,0.108291666954756
20210506.0,0.2506909668445587,0.265704333782196,0.3304783999919891,0.1390624493360519,0.1463798284530639,,0.0338145084679126,14.0,0.216533362865448,1.275159478187561,288.2957458496094,3.14763617515564,267.098876953125,254.04722595214844,3.430161952972412,1.882879853248596,300.0,0.1085738390684127,0.101166667106251
20210507.0,0.2759454846382141,0.2818322479724884,,,,,,,,,,,,,,,,,
20210508.0,0.2596220970153808,0.2725102305412292,0.3302052021026611,0.1701647490262985,0.1757298856973648,0.0680649504065513,0.0765709429979324,14.0,0.216533362865448,1.275159478187561,293.7652893066406,3.167640209197998,264.4141540527344,251.83370971679688,0.1533616185188293,2.762653589248657,300.0,0.1646815836429596,0.121999998266498
20210509.0,0.2673646807670593,0.2677865922451019,,,,,,,,,,,,,,,,,
20210510.0,0.3179612159729004,0.2962860763072967,,,,0.0798776745796203,0.153843805193901,,,,,,,,,,,,
20210511.0,0.3207712769508362,0.3062078654766083,0.3618267178535461,0.3330225646495819,0.3149904906749725,,0.126194030046463,14.0,0.216533362865448,1.275159478187561,285.3089294433594,3.179671049118042,251.9813690185547,236.6266326904297,6.18667459487915,3.7341771125793457,300.0,0.312557578086853,0.267909087918021
20210512.0,0.3240852057933807,0.2914006114006042,,,,,,,,,,,,,,,,,
20210513.0,0.3279523551464081,0.2870301008224487,0.340484619140625,0.2455587536096573,0.2487531453371048,0.0925342068076133,0.1872005313634872,14.0,0.216533362865448,1.275159478187561,284.8478698730469,3.1831095218658447,256.3656311035156,237.69786071777344,5.360166072845459,2.715095281600952,300.0,0.2889155745506286,0.237916665151715
20210514.0,0.3228220343589782,0.2919023334980011,0.3514480590820312,0.271641194820404,0.2669331729412079,,,14.0,0.216533362865448,1.275159478187561,286.07183837890625,3.184696674346924,254.68359375,238.083740234375,2.409902334213257,2.818286180496216,300.0,0.2905918657779693,0.277565217536429
20210515.0,0.3501707315444946,0.3011647462844848,,,,,0.2282479256391525,,,,,,,,,,,,
20210516.0,0.3535600304603576,0.3255738019943237,0.3647598028182983,0.2917008996009826,0.2801839411258697,0.1286426782608032,0.1203344836831092,14.0,0.216533362865448,1.275159478187561,286.3034362792969,3.1878771781921387,254.0668792724609,238.66574096679688,4.30077075958252,1.806569218635559,300.0,0.2822904884815216,0.323458332568407
20210517.0,0.331879198551178,0.30263751745224,,,,,,,,,,,,,,,,,
20210518.0,0.3259764015674591,0.3032800853252411,,,,0.1318272352218628,0.1696218699216842,,,,,,,,,,,,
20210519.0,0.3160808086395263,0.295406311750412,0.3634472787380218,0.2713371813297272,0.260623037815094,,,14.0,0.216533362865448,1.275159478187561,285.8102111816406,3.1926634311676025,255.08221435546875,240.3651123046875,0.3926950395107269,2.134993076324463,300.0,0.240556389093399,0.239916665479541
20210520.0,0.3027458488941192,0.2883748412132263,,,,,0.1156651526689529,,,,,,,,,,,,
20210521.0,0.3053873479366302,0.2791092097759247,0.3442365825176239,0.2150165289640426,0.2127034217119217,0.0889089182019233,0.105868712067604,14.0,0.216533362865448,1.275159478187561,286.0242919921875,3.195864677429199,260.8905639648437,246.4490966796875,5.256928443908691,1.4591940641403198,300.0,0.1867664009332656,0.212750002120932
20210522.0,0.322801798582077,0.2896110713481903,0.3449759483337402,0.2411314398050308,0.2356336563825607,,,14.0,0.216533362865448,1.275159478187561,284.8219909667969,3.19746208190918,257.3912048339844,242.24075317382807,0.582678496837616,1.948386192321777,300.0,0.202765941619873,0.230000001067917
20210523.0,0.3049247562885284,0.2910277545452118,,,,0.1114216446876525,0.1497238129377365,,,,,,,,,,,,
20210524.0,0.2977840602397918,0.2741134464740753,0.346937894821167,0.2123146951198578,0.2102791219949722,,0.0717184990644455,14.0,0.216533362865448,1.275159478187561,285.3338928222656,3.2005839347839355,260.0786437988281,245.55535888671875,1.0897119045257568,1.8020610809326167,300.0,0.1757243126630783,0.198083334912856
20210525.0,0.2894739210605621,0.2851830720901489,,,,,,,,,,,,,,,,,
20210526.0,0.2784503698348999,0.2649314403533935,,,,,,,,,,,,,,,,,
20210527.0,0.2682841718196869,0.2681058943271637,0.3371123075485229,0.192207783460617,0.194765105843544,,,14.0,0.216533362865448,1.275159478187561,290.4352111816406,3.2079899311065674,261.8983154296875,250.05355834960932,0.0,2.954777240753174,300.0,0.1646258533000946,0.168666668857137
20210528.0,0.2568271160125732,0.2501507401466369,,,,0.0467718765139579,0.0826441273093223,,,,,,,,,,,,
20210529.0,0.2540780901908874,0.2565808594226837,0.3297944366931915,0.1712685823440551,0.177727609872818,,0.0191351063549518,14.0,0.216533362865448,1.275159478187561,294.0936584472656,3.2136335372924805,267.7242431640625,255.81494140625,3.131873369216919,3.298508882522583,300.0,0.1480732709169387,0.134708330656091
20210530.0,0.2773676514625549,0.2583811581134796,0.3254750967025757,0.1520638167858123,0.1584056317806244,,,14.0,0.216533362865448,1.275159478187561,292.4930725097656,3.216485023498535,269.212158203125,255.8782501220703,3.8466386795043945,3.040409564971924,300.0,0.1346708238124847,0.124125003193816
20210531.0,0.2837288975715637,0.2506577670574188,,,,0.0334442928433418,0.078188419342041,,,,,,,,,,,,
20210601.0,0.2803002595901489,0.2530120313167572,0.3174932301044464,0.1302709281444549,0.1335392594337463,,,14.0,0.216533362865448,1.275159478187561,294.3233642578125,3.2222070693969727,273.68914794921875,258.4774780273437,4.090191841125488,3.278827428817749,300.0,0.1100475564599037,0.103541666331391
20210602.0,0.2802495956420898,0.264651209115982,,,,,0.0427869521081447,,,,,,,,,,,,
20210603.0,0.2657745480537414,0.2510714828968048,,,,0.0108532179147005,0.0322275459766387,,,,,,,,,,,,
20210604.0,0.3199295699596405,0.2877191603183746,0.3519538044929504,0.275010347366333,0.2609849274158478,,,14.0,0.216533362865448,1.275159478187561,288.5340576171875,3.2308380603790283,260.4205627441406,246.67355346679688,13.544757843017578,2.590540170669556,300.0,0.2440264225006103,0.30216666435202
20210605.0,0.312894344329834,0.3046049475669861,,,,0.158028170466423,0.2052980065345764,,,,,,,,,,,,
20210606.0,0.2868642210960388,0.2734130918979645,0.3382538855075836,0.2274712175130844,0.2253759503364563,,,14.0,0.216533362865448,1.275159478187561,292.4299011230469,3.236624240875244,262.51531982421875,246.5318298339844,0.0,3.221928358078003,300.0,0.2058214396238327,0.20891666598618
20210607.0,0.2717779576778412,0.2663788497447967,0.3324122428894043,0.182691290974617,0.1847225576639175,,0.0648213177919387,14.0,0.216533362865448,1.275159478187561,292.49786376953125,3.239487648010254,267.3687744140625,252.43707275390625,0.2945186197757721,2.755256175994873,300.0,0.1525029242038726,0.176083331927657
20210608.0,0.2592516541481018,0.2557299435138702,,,,,0.0563371703028678,,,,,,,,,,,,
20210609.0,0.2455607205629348,0.2475044280290603,0.3166699707508087,0.1531083136796951,0.1636422723531723,,,14.0,0.216533362865448,1.275159478187561,295.7045593261719,3.2447586059570312,270.9941101074219,259.50701904296875,0.163361981511116,3.2399206161499023,300.0,0.1056750789284706,0.125416666269302
20210610.0,0.2342449277639389,0.2460945546627044,,,,0.001573508256115,0.0980864912271499,,,,,,,,,,,,
20210611.0,0.2283164262771606,0.2403064519166946,,,,,0.0164189580827951,,,,,,,,,,,,
20210612.0,0.2300846427679062,0.2458053231239318,0.3109859526157379,0.1297751516103744,0.1501456052064895,,,14.0,0.216533362865448,1.275159478187561,296.6980285644531,3.269096851348877,273.4497375488281,264.3367919921875,0.1047025993466377,2.952834129333496,300.0,0.0759416744112968,0.0932083316147327
20210613.0,0.2175687700510025,0.2333909571170807,,,,0.0492005310952663,0.0736411660909652,,,,,,,,,,,,
20210614.0,0.2035419195890426,0.222103863954544,0.3074390590190887,0.1357179284095764,0.1539409309625625,,,14.0,0.216533362865448,1.275159478187561,300.3641052246094,3.289750576019287,274.7581787109375,265.16070556640625,0.0001045783719746,3.31858777999878,300.0,0.0848529189825058,0.0839166672279437
20210615.0,0.1951318383216858,0.2319291085004806,0.3036800026893616,0.1057992577552795,0.1220636144280433,,0.0259102154523134,14.0,0.216533362865448,1.275159478187561,299.7198791503906,3.3003153800964355,278.36328125,267.58477783203125,1.610377073287964,3.582031488418579,300.0,0.0673907622694969,0.0806250004097819
20210616.0,0.1990975439548492,0.2208421528339386,,,,,,,,,,,,,,,,,
20210617.0,0.2631119787693023,0.2236152440309524,0.2887918353080749,0.1108521223068237,0.1369748264551162,,,14.0,0.216533362865448,1.275159478187561,294.0426330566406,3.3216805458068848,277.1864013671875,268.98876953125,17.39015007019043,2.578901529312134,300.0,0.0480418466031551,0.0771666665871938
20210618.0,0.3090576827526092,0.2722169756889343,,,,0.0924802124500274,0.1094698905944824,,,,,,,,,,,,
20210619.0,0.3032999634742737,0.250283420085907,,,,,,,,,,,,,,,,,
20210620.0,0.2949485778808594,0.2728880643844604,0.3334742188453674,0.281840831041336,0.2680592536926269,,0.191473126411438,14.0,0.216533362865448,1.275159478187561,294.6301574707031,3.354315280914306,262.5542297363281,249.4952392578125,1.5927345752716064,3.518737554550171,300.0,0.2356198728084564,0.204304346571798
20210621.0,0.2918431162834167,0.2614288628101349,,,,0.1073081940412521,0.1540879607200622,,,,,,,,,,,,
20210622.0,0.2883561551570892,0.2724590301513672,0.3191240727901459,0.2642970085144043,0.2544082403182983,,,14.0,0.216533362865448,1.275159478187561,290.82208251953125,3.376462936401367,262.6401062011719,250.0541839599609,2.529451608657837,2.8367769718170166,300.0,0.2166897505521774,0.224374998981754
20210623.0,0.2872895300388336,0.2807603776454925,,0.2212495952844619,0.2220078855752945,0.0496209114789962,0.1044343411922454,14.0,0.216533362865448,1.275159478187561,290.08465576171875,3.387681484222412,265.22296142578125,248.99508666992188,3.2280280590057373,2.32395339012146,300.0,0.207759141921997,0.288217392304669
20210624.0,0.2895171046257019,0.2737502157688141,,,,,,,,,,,,,,,,,
20210625.0,0.2731268405914306,0.249156653881073,0.3109210431575775,0.2080123126506805,0.2094877660274505,,0.0913113802671432,14.0,0.216533362865448,1.275159478187561,292.62286376953125,3.410682916641236,265.99566650390625,250.3556365966797,0.0240743290632963,2.9420855045318604,300.0,0.1824570000171661,0.24108333264788
20210626.0,0.2813129723072052,0.248188242316246,,,,0.0758612379431724,0.0829798281192779,,,,,,,,,,,,
20210627.0,0.3339338600635528,0.2976381778717041,,,,,,,,,,,,,,,,,
20210628.0,0.3493124842643738,0.2938046753406524,0.3332632780075073,0.2775774598121643,0.2669224143028259,0.099487081170082,0.1419415920972824,14.0,0.216533362865448,1.275159478187561,290.4468078613281,3.4343745708465576,260.5360717773437,247.7694702148437,3.535104274749756,4.021880149841309,300.0,0.2440470904111862,0.21699999893705
20210629.0,0.349036306142807,0.2766374349594116,,,,,,,,,,,,,,,,,
20210630.0,0.3243564963340759,0.2585744857788086,0.3268350064754486,0.2214884757995605,0.2218438982963562,,,14.0,0.216533362865448,1.275159478187561,291.0672912597656,3.447481393814087,264.7840576171875,251.91510009765625,0.0622721277177333,2.64397406578064,300.0,0.1698306500911712,0.211000001300936
20210701.0,0.3073416650295257,0.2496353983879089,0.3264291882514953,0.2091734111309051,0.2128322422504425,0.0945742428302764,0.1212195232510566,14.0,0.216533362865448,1.275159478187561,293.81109619140625,3.453988075256348,266.2378234863281,254.8358917236328,0.0006025119218975,2.994863748550415,300.0,0.1610790491104126,0.184833333517114
20210702.0,0.2931772470474243,0.229960098862648,,,,,,,,,,,,,,,,,
20210703.0,0.3095048666000366,0.2403684854507446,0.3142050504684448,0.2005127966403961,0.205898255109787,0.0584935434162616,0.1367229223251342,14.0,0.216533362865448,1.275159478187561,294.4173889160156,3.4670748710632324,269.55426025390625,257.96636962890625,7.997111797332764,2.812815427780152,300.0,0.1526547223329544,0.15625000372529
20210704.0,0.3448441624641418,0.2842822968959808,,,,,0.0321970283985137,,,,,,,,,,,,
20210705.0,0.3128071427345276,0.2500453889369964,,,,,,,,,,,,,,,,,
20210706.0,0.3150800168514251,0.2288519293069839,0.2995427846908569,0.1588063091039657,0.1679010689258575,0.0263667684048414,0.0428479872643947,14.0,0.216533362865448,1.275159478187561,292.1778869628906,3.486886978149414,273.65594482421875,261.0484619140625,3.935272693634033,2.8458385467529297,300.0,0.0985264629125595,0.132791667555769
20210707.0,0.328108936548233,0.2320396453142166,,,,,,,,,,,,,,,,,
20210708.0,0.3201787769794464,0.2333066910505294,0.296407401561737,0.1893766522407531,0.1995822340250015,0.0394771285355091,0.0374156944453716,14.0,0.216533362865448,1.275159478187561,290.6986694335937,3.5002174377441406,267.3410339355469,257.234619140625,1.151485562324524,2.8177425861358643,300.0,0.1342841386795044,0.121041667958101
20210709.0,0.3032004833221435,0.2104397267103195,0.2973547279834747,0.1705914735794067,0.1804587393999099,,0.042970061302185,14.0,0.216533362865448,1.275159478187561,292.23297119140625,3.5069379806518555,269.120849609375,257.4901123046875,0.0837106630206108,3.062892436981201,300.0,0.1242794543504715,0.113624999299645
20210710.0,0.286211758852005,0.2198209315538406,,,,,,,,,,,,,,,,,
20210711.0,0.2719785571098327,0.2066368609666824,0.2841302454471588,0.1506313383579254,0.1760521382093429,0.0558098740875721,0.0900296047329902,14.0,0.216533362865448,1.275159478187561,294.95709228515625,3.520679473876953,270.4472961425781,263.0721435546875,0.8622829914093018,3.651733875274658,300.0,0.1092626601457595,0.0992083344608545
20210712.0,0.283929705619812,0.2197288274765014,,,,,,,,,,,,,,,,,
20210714.0,0.3069275915622711,0.2842272520065307,0.3069155514240265,0.2004972398281097,0.2084551006555557,0.0743269100785255,0.0755333080887794,14.0,0.216533362865448,1.275159478187561,290.08544921875,3.533655405044556,266.1630859375,255.84097290039065,3.536425828933716,2.418501853942871,300.0,0.1563816666603088,0.250649996101856
20210715.0,0.299473226070404,0.2604694366455078,,,,,,,,,,,,,,,,,
20210716.0,0.2822629809379577,0.2590362429618835,0.2958225607872009,0.2075551152229309,0.2121381759643554,0.0796750336885452,0.1205175966024398,14.0,0.216533362865448,1.275159478187561,293.8559875488281,3.5403919219970703,266.20703125,254.44879150390625,0.0162379704415798,3.1205670833587646,300.0,0.1708393394947052,0.216499999165535
20210717.0,0.2650808691978454,0.2263179719448089,0.2939415276050567,0.1810900270938873,0.1910804510116577,,,14.0,0.216533362865448,1.275159478187561,295.2476501464844,3.5437116622924805,269.3839111328125,258.31005859375,0.0,3.428992986679077,300.0,0.1403800845146179,0.187916666269302
20210718.0,0.2497726082801818,0.2259629666805267,,,,,0.0457167290151119,,,,,,,,,,,,
20210719.0,0.2355145961046219,0.2203013002872467,0.2840867042541504,0.1627086997032165,0.1768886446952819,0.0465860106050968,0.0803857520222663,14.0,0.216533362865448,1.275159478187561,298.18243408203125,3.550368547439575,272.46002197265625,261.95916748046875,0.0,3.636794090270996,300.0,0.1193119511008262,0.138708333795269
20210720.0,0.2225584834814071,0.2158555388450622,,,,,,,,,,,,,,,,,
20210721.0,0.2117756009101867,0.225941851735115,,,,,0.0289620663970708,,,,,,,,,,,,
20210722.0,0.2012733817100525,0.2044462412595749,0.2838974297046661,0.124513104557991,0.1494952291250229,,,14.0,0.216533362865448,1.275159478187561,301.5163269042969,3.560396671295166,277.2581787109375,268.6356811523437,0.0,3.223329305648804,300.0,0.0802200362086296,0.0966666669895252
20210723.0,0.1926549524068832,0.2135665863752365,,,,,,,,,,,,,,,,,
20210724.0,0.190492182970047,0.1670915633440017,0.2678219974040985,0.1499908417463302,0.1719904989004135,0.0142311519011855,0.0319833979010582,14.0,0.216533362865448,1.275159478187561,294.57000732421875,3.567110776901245,274.099853515625,265.4757080078125,0.3983111381530761,2.28557562828064,300.0,0.0782234892249107,0.0863749996448557
20210725.0,0.1871517300605774,0.1720911562442779,0.2676425576210022,0.1208171844482421,0.148755595088005,,,14.0,0.216533362865448,1.275159478187561,294.1501159667969,3.570528507232666,275.34454345703125,267.3838806152344,0.4046878218650818,2.2545154094696045,300.0,0.0683748945593833,0.0828749993816018
20210726.0,0.1864533871412277,0.1886782050132751,,,,,0.0062562944367527,,,,,,,,,,,,
20210727.0,0.1839199811220169,0.1749564707279205,,,,,0.0,,,,,,,,,,,,
20210728.0,0.1906607747077942,0.2386940717697143,,,,,,,,,,,,,,,,,
20210729.0,0.186770886182785,0.2180589884519577,,,,0.0125007843598723,0.0483718365430831,,,,,,,,,,,,
20210730.0,0.1845844984054565,0.2248898446559906,0.2622839212417602,0.1566788703203201,0.1849817186594009,,,14.0,0.216533362865448,1.275159478187561,294.1993408203125,3.5678493976593018,272.34429931640625,266.0654296875,0.6314478516578674,1.632303237915039,300.0,0.0852030217647552,0.0789583344012499
20210731.0,0.2048004567623138,0.1996539235115051,,,,,0.0001220740377902,,,,,,,,,,,,
20210802.0,0.236843541264534,0.2275536358356475,0.2785115838050842,0.2017823904752731,0.2131491601467132,,,14.0,0.216533362865448,1.275159478187561,292.2291259765625,3.5496387481689453,266.12457275390625,257.95318603515625,0.310645192861557,2.1714417934417725,300.0,0.1414302289485931,0.153708333770434
20210803.0,0.2285031378269195,0.1972683072090149,,,,0.0500085055828094,0.075746938586235,,,,,,,,,,,,
20210805.0,0.2826883494853973,0.216808944940567,,,,,0.0986358225345611,,,,,,,,,,,,
20210806.0,0.2621127963066101,0.2160092741250991,,,,0.0879688635468483,0.1034882664680481,,,,,,,,,,,,
20210807.0,0.2780090272426605,0.2214575409889221,0.2831768095493316,0.2231132090091705,0.2246990203857422,,,14.0,0.216533362865448,1.275159478187561,292.0183410644531,3.5191574096679688,266.9799194335937,255.788330078125,3.743851661682129,2.756340265274048,300.0,0.1712097823619842,0.204291665305694
20210808.0,0.2645162642002105,0.2112285792827606,,,,0.0420496836304664,0.1269264817237854,,,,,,,,,,,,
20210809.0,0.2479462474584579,0.1898964345455169,0.2679803073406219,0.185092806816101,0.1962636411190033,,0.0258491784334182,14.0,0.216533362865448,1.275159478187561,294.4840393066406,3.50710129737854,268.68328857421875,258.7226257324219,0.1408366560935974,2.6308817863464355,300.0,0.1308421492576599,0.17325000030299
20210810.0,0.2323681861162185,0.194170132279396,0.276750773191452,0.1650409549474716,0.1794778406620025,,,14.0,0.216533362865448,1.275159478187561,297.82476806640625,3.5010929107666016,271.90582275390625,261.7743530273437,0.0054876855574548,2.8699333667755127,300.0,0.1144719496369361,0.147291670242945
20210811.0,0.2177146971225738,0.2058057934045791,,,,0.0257382616400718,0.038483839482069,,,,,,,,,,,,
20210812.0,0.2073295563459396,0.1887349933385849,0.2589798867702484,0.1422808915376663,0.1634871214628219,,,14.0,0.216533362865448,1.275159478187561,300.24951171875,3.4890151023864746,275.85467529296875,266.79150390625,1.6280981302261353,3.206186532974243,300.0,0.0858025699853897,0.108583333281179
20210813.0,0.2077471613883972,0.2008741945028305,,,,,0.0041199987754225,,,,,,,,,,,,
20210814.0,0.1968069672584533,0.1964817494153976,,,,,0.0423902086913585,,,,,,,,,,,,
20210815.0,0.1869130134582519,0.1822129189968109,0.2468376457691192,0.1142716854810714,0.1460973471403122,,,14.0,0.216533362865448,1.275159478187561,297.185546875,3.4750752449035645,278.3009948730469,271.1166381835937,0.0878004878759384,2.176887989044189,300.0,0.0527306497097015,0.0835833332190911
20210816.0,0.1803217381238937,0.1722519993782043,,,,0.0107957599684596,0.0482802838087081,,,,,,,,,,,,
20210817.0,0.1757440268993377,0.1633824855089187,0.2269832789897918,0.1312323063611984,0.1576692461967468,,,14.0,0.216533362865448,1.275159478187561,292.39361572265625,3.466845989227295,273.93963623046875,265.976318359375,0.0160362515598535,1.6553308963775637,300.0,0.0725349336862564,0.0778750013560057
20210818.0,0.1704727709293365,0.1596399545669555,0.2241787612438202,0.1363180130720138,0.1633871495723724,,0.0019837031140923,14.0,0.216533362865448,1.275159478187561,292.3721618652344,3.462774991989136,272.4935302734375,264.89306640625,0.0078321071341633,1.6582825183868408,300.0,0.0792970657348632,0.0758333330353101
20210819.0,0.1656208485364914,0.16963592171669,,,,,0.2109744548797607,,,,,,,,,,,,
20210820.0,0.1599137932062149,0.1700669825077057,0.2144353985786438,0.1144152730703353,0.146373376250267,,,14.0,0.216533362865448,1.275159478187561,296.37213134765625,3.454661130905152,274.26007080078125,267.2288818359375,0.0027309204451739,2.0523135662078857,300.0,0.0690255165100097,0.0734583331892888
20210821.0,0.1551272720098495,0.1758283674716949,,,,0.0146365109831094,0.0389111004769802,,,,,,,,,,,,
20210822.0,0.156079351902008,0.1735936552286148,,,,,,,,,,,,,,,,,
20210823.0,0.1539312303066253,0.1648926734924316,0.2072304636240005,0.1166618838906288,0.1588171422481537,,0.0,14.0,0.216533362865448,1.275159478187561,295.5410461425781,3.442561149597168,274.34307861328125,269.6338195800781,0.0013926646206527,1.9767513275146484,300.0,0.0605839602649211,0.0697916665424903
20210824.0,0.1484464257955551,0.1561562269926071,,,,0.0326807312667369,0.0509353913366794,,,,,,,,,,,,
20210825.0,0.1439983993768692,0.1517990678548813,0.1955684125423431,0.1257101595401764,0.1607913970947265,,,14.0,0.216533362865448,1.275159478187561,296.3170471191406,3.4345412254333496,273.95806884765625,268.0157165527344,0.0025961506180465,1.863311529159546,300.0,0.0676039308309555,0.0673333356777827
20210826.0,0.13894122838974,0.1473192572593689,0.1981902569532394,0.1198794245719909,0.1584944576025009,0.0070362254045903,0.0104373302310705,14.0,0.216533362865448,1.275159478187561,297.244140625,3.43056583404541,274.4877014160156,269.146484375,0.0012981260661035,1.890645861625672,300.0,0.0642072334885597,0.0669166681667169
20210827.0,0.1347533613443374,0.1566289067268371,,,,,3.051850944757461e-05,,,,,,,,,,,,
20210828.0,0.1315577775239944,0.1437317132949829,0.1736534088850021,0.1247672662138938,0.151188239455223,,,14.0,0.216533362865448,1.275159478187561,293.6731262207031,3.422887325286865,274.5631103515625,266.4716796875,0.000426173210144,1.6494499444961548,300.0,0.0704609900712966,0.0650833311180274
20210829.0,0.1283413469791412,0.1485356986522674,,,,0.0077750636264681,0.0267036966979503,,,,,,,,,,,,
20210830.0,0.125618889927864,0.162205770611763,,,,,,,,,,,,,,,,,
20210831.0,0.1232089027762413,0.1455129832029342,0.170632392168045,0.1136287823319435,0.1432375013828277,,0.0,14.0,0.216533362865448,1.275159478187561,294.94775390625,3.403158664703369,274.8330078125,267.279541015625,0.000435113790445,1.5167971849441528,300.0,0.0696073397994041,0.0640000030398369
20210901.0,0.1220830082893371,0.1381082236766815,,,,,0.000427259132266,,,,,,,,,,,,
20210902.0,0.141084536910057,0.1519042551517486,0.1620774418115615,0.1013724654912948,0.1361918896436691,,,14.0,0.216533362865448,1.275159478187561,292.80963134765625,3.388087272644043,276.6259155273437,270.0000915527344,5.304778575897217,1.7974274158477783,300.0,0.0498660206794738,0.0634166685243448
20210903.0,0.1854826956987381,0.1892976760864257,0.2140993177890777,0.2126762121915817,0.2187051773071289,0.0402053706347942,0.0833460465073585,14.0,0.216533362865448,1.275159478187561,293.8376770019531,3.380544424057007,267.60821533203125,258.28466796875,3.477580308914185,2.031017780303955,300.0,0.1450175344944,0.0824166679133971
20210904.0,0.2050914913415908,0.212143212556839,,,,,,,,,,,,,,,,,
20210905.0,0.1943498700857162,0.2061450630426406,0.1945840120315551,0.1942321509122848,0.2066796869039535,,0.0565507970750331,14.0,0.216533362865448,1.275159478187561,297.805908203125,3.3655648231506348,269.6014099121094,261.2041015625,0.0138455117121338,1.9344464540481567,300.0,0.1179579496383667,0.0928750007102887
20210906.0,0.1817425489425659,0.1901412159204483,,,,0.0382647998631,0.0589007250964641,,,,,,,,,,,,
20210907.0,0.1697208881378173,0.1912020146846771,,,,,,,,,,,,,,,,,
20210908.0,0.1982877403497696,0.1756534725427627,0.186883807182312,0.1225240603089332,0.1386738568544387,0.0274219810962677,0.0426648780703544,14.0,0.216533362865448,1.275159478187561,297.3326416015625,3.343361616134644,279.1202087402344,268.1903686523437,30.068090438842773,2.0612003803253174,300.0,0.0633745640516281,0.0763750004892548
20210909.0,0.3281253278255462,0.2318643182516098,,,,,,,,,,,,,,,,,
20210910.0,0.3225811719894409,0.1897223591804504,0.1865711212158203,0.1741698086261749,0.186693012714386,,0.0,14.0,0.216533362865448,1.275159478187561,292.5633544921875,3.3287367820739746,272.0713195800781,261.70916748046875,3.127131700515747,2.2059266567230225,300.0,0.0912882536649704,0.0719999981423219
20210911.0,0.3000265061855316,0.1895167976617813,0.1917376816272735,0.167892575263977,0.1852520406246185,0.0456182397902011,0.0558793917298316,14.0,0.216533362865448,1.275159478187561,292.8804016113281,3.321436643600464,271.29278564453125,262.41180419921875,0.0271497294306755,2.089353322982788,300.0,0.0820574462413787,0.0705833348135153
20210912.0,0.2814689874649048,0.1920869201421737,,,,,,,,,,,,,,,,,
20210913.0,0.2709214389324188,0.1780776381492614,0.188055470585823,0.1413247287273407,0.1640267819166183,,9.155552834272385e-05,14.0,0.216533362865448,1.275159478187561,296.6755065917969,3.30645751953125,274.75067138671875,266.1278686523437,1.0524623394012451,2.5262742042541504,300.0,0.0756183639168739,0.0679166701932748
20210914.0,0.273036390542984,0.1778193861246109,,,,,,,,,,,,,,,,,
20210915.0,0.3004600405693054,0.203220248222351,,,,,,,,,,,,,,,,,
20210916.0,0.296757698059082,0.1931328624486923,0.1888871043920517,0.156957522034645,0.1697961390018463,,,14.0,0.216533362865448,1.275159478187561,292.5278625488281,3.300722599029541,274.07452392578125,262.8844909667969,1.2516990900039673,1.7805036306381226,300.0,0.0850215107202529,0.0659999996423721
20210917.0,0.2825829684734344,0.1878755390644073,,,,,,,,,,,,,,,,,
20210918.0,0.3107081055641174,,0.2183687388896942,0.2302867621183395,0.2302655279636383,0.0314690545201301,0.0407727286219596,14.0,0.216533362865448,1.275159478187561,288.7465515136719,3.3010478019714355,266.6420288085937,255.64535522460932,9.373416900634766,2.163003921508789,300.0,0.1163677126169204,0.0799999991431832
20210919.0,0.3127821087837219,0.232332557439804,0.2401314079761505,0.2506235539913177,0.2457842528820037,,,14.0,0.216533362865448,1.275159478187561,290.0492248535156,3.3013315200805664,263.2510986328125,252.48080444335932,1.135778784751892,2.1558125019073486,300.0,0.164363145828247,0.107416667044163
20210921.0,0.3140113353729248,0.2118148803710937,0.2167717814445495,,,,0.0,,,,,,,,,,,,
20210922.0,0.300107479095459,0.2251634448766708,,,,,,,,,,,,,,,,,
20210923.0,0.2883018851280212,0.2310294657945633,,,,,0.075563833117485,,,,,,,,,,,,
20210924.0,0.2781478762626648,0.2158869504928589,0.2384707778692245,0.2225270271301269,0.2224616557359695,,0.0001220740377902,14.0,0.216533362865448,1.275159478187561,292.8663024902344,3.302751541137696,265.73046875,253.607421875,0.2632815837860107,1.970740795135498,300.0,0.1605837643146515,0.120083333303531
20210925.0,0.2786196768283844,0.1932834237813949,,,,,,,,,,,,,,,,,
20210926.0,0.2746947705745697,0.2377726733684539,0.2395867705345153,0.2943189144134521,0.2740605771541595,,,14.0,0.216533362865448,1.275159478187561,292.80230712890625,3.3033201694488525,262.0416259765625,252.30084228515625,0.0823566764593124,1.8125916719436648,300.0,0.1801009178161621,0.193958335245649
20210927.0,0.2652699053287506,0.2145986109972,0.2469511330127716,0.2347398400306701,0.2319081723690033,,,14.0,0.216533362865448,1.275159478187561,292.15966796875,3.303640365600586,265.39910888671875,254.46273803710932,0.0139714423567056,1.3691725730895996,300.0,0.1507757604122162,0.174375000099341
20210928.0,0.2636820673942566,0.2093426585197448,,,,,,,,,,,,,,,,,
20210929.0,0.2719465792179107,0.2178699821233749,0.2399032711982727,0.2086832821369171,0.2118647247552871,,,14.0,0.216533362865448,1.275159478187561,289.35662841796875,3.304710149765014,265.6675720214844,254.758056640625,1.6437584161758425,1.3520301580429075,300.0,0.1509568691253662,0.163565221040145
20210930.0,0.2699390649795532,0.2116702497005462,,,,,,,,,,,,,,,,,
20211001.0,0.260563850402832,0.1926706880331039,,,,,,,,,,,,,,,,,
20211002.0,0.2523173987865448,0.207965075969696,0.2399064004421234,0.1935436278581619,0.1983104646205902,,,14.0,0.216533362865448,1.275159478187561,292.4491271972656,3.2917044162750244,265.5714111328125,253.7305450439453,0.0424771420657634,1.7901397943496704,300.0,0.1558465957641601,0.144291667888562
20211003.0,0.3043146133422851,0.2164528518915176,,,,,,,,,,,,,,,,,
20211004.0,0.3107016086578369,0.2251099646091461,0.2556463479995727,0.279825210571289,0.2636696100234985,,,14.0,0.216533362865448,1.275159478187561,287.5140380859375,3.279487133026123,259.1235046386719,249.0689392089844,0.1900087743997573,1.4438791275024414,300.0,0.1786186397075653,0.236333332334956
20211005.0,0.3178358674049377,0.2210461497306823,0.271503746509552,0.2869220674037933,0.267924964427948,,,14.0,0.216533362865448,1.275159478187561,286.9614562988281,3.273313045501709,258.4163818359375,249.2134704589844,4.534876346588135,1.968271851539612,300.0,0.1956943720579147,0.244454545730894
20211006.0,0.3027248978614807,0.2393477857112884,,,,0.0174556896090507,0.0673848688602447,,,,,,,,,,,,
20211007.0,0.2891623973846435,0.2277806401252746,0.2485063523054123,0.2409355044364929,0.2362036854028701,,,14.0,0.216533362865448,1.275159478187561,287.4450988769531,3.26104736328125,260.344482421875,247.63601684570312,0.0,1.5700976848602295,300.0,0.1781893372535705,0.221291666229566
20211008.0,0.2790724635124206,0.2254759669303894,,,,,,,,,,,,,,,,,
20211009.0,0.2722598612308502,0.2176688611507415,,,,,3.051850944757461e-05,,,,,,,,,,,,
20211010.0,0.2666465044021606,0.2226547598838806,0.2516010701656341,0.2324469685554504,0.2304277122020721,,,14.0,0.216533362865448,1.275159478187561,286.74383544921875,3.242854595184326,260.861328125,251.37371826171875,0.001606824924238,1.1787686347961426,300.0,0.1504915803670883,0.184333333745599
20211011.0,0.2612282037734985,0.205739751458168,,,,,0.0513626523315906,,,,,,,,,,,,
20211012.0,0.2556454837322235,0.2028233855962753,0.2425988912582397,0.2299950718879699,0.2279844582080841,0.0168785229325294,0.0076906643807888,14.0,0.216533362865448,1.275159478187561,285.9959411621094,3.230863809585572,260.217041015625,249.86248779296875,0.0008523463038727,1.2890809774398804,300.0,0.152576059103012,0.166583334406217
20211013.0,0.2507961988449096,0.199295312166214,0.2435931861400604,0.2108446508646011,0.2152987867593765,,,14.0,0.216533362865448,1.275159478187561,285.2966003417969,3.2249202728271484,261.188232421875,252.2059326171875,0.000435113790445,1.1146820783615112,300.0,0.1326993256807327,0.157416665305694
20211014.0,0.2462745457887649,0.1954594403505325,,,,,0.0093691824004054,,,,,,,,,,,,
20211015.0,0.2414997220039367,0.192101776599884,0.232388749718666,0.2078877091407776,0.2103582769632339,,,14.0,0.216533362865448,1.275159478187561,287.15362548828125,3.2132458686828613,261.2548828125,250.26498413085932,0.0008523463038727,1.150090217590332,300.0,0.1583614349365234,0.142166664203008
20211016.0,0.2382624745368957,0.1997090578079223,,,,,0.0,,,,,,,,,,,,
20211017.0,0.2347162216901779,0.1985428631305694,,,,,0.1423688530921936,,,,,,,,,,,,
20211018.0,0.230593591928482,0.1977075636386871,0.2225045263767242,0.1530443280935287,0.1675416082143783,,,14.0,0.216533362865448,1.275159478187561,289.0716247558594,3.1915526390075684,267.3353271484375,257.3260498046875,0.000870227755513,1.1463346481323242,300.0,0.1124910935759544,0.122500000521541
20211019.0,0.2263954728841781,0.2075886279344558,,,,,3.051850944757461e-05,,,,,,,,,,,,
20211020.0,0.2229133993387222,0.2008773386478424,0.2305029332637787,0.1702585816383361,0.1848741918802261,,,14.0,0.216533362865448,1.275159478187561,292.7913513183594,3.1762192249298096,267.48455810546875,258.816650390625,0.7232224941253662,1.5190670490264893,300.0,0.1222069039940834,0.110999999257425
20211021.0,0.2246546745300293,0.2053693383932113,0.23279669880867,0.1874718070030212,0.1936024129390716,,,14.0,0.216533362865448,1.275159478187561,288.9484558105469,3.1685943603515625,267.5888671875,256.52716064453125,0.460856020450592,1.1137416362762451,300.0,0.1214122921228408,0.104791666381061
20211022.0,0.2265625745058059,0.1894531100988388,,,,,,,,,,,,,,,,,
20211023.0,0.2251625210046768,0.1787672638893127,0.2081304788589477,0.1723770201206207,0.1886443793773651,,,14.0,0.216533362865448,1.275159478187561,284.78131103515625,3.153492450714112,264.1068725585937,256.3334045410156,0.0013460264308378,1.0100504159927368,300.0,0.0895995646715164,0.0980000005414089
20211024.0,0.2207642644643783,0.1828001737594604,,,,,0.0052186651155352,,,,,,,,,,,,
20211025.0,0.2182256281375885,0.1644620299339294,,,,,0.0002441480755805,,,,,,,,,,,,
20211026.0,0.2217625975608825,0.1938456892967224,0.2150912135839462,0.1403721868991851,0.1580826342105865,,,14.0,0.216533362865448,1.275159478187561,286.4540100097656,3.131209135055542,266.7679138183594,257.38543701171875,0.545354962348938,0.7583137154579163,300.0,0.0979749411344528,0.0906842103914211
20211027.0,0.220894768834114,0.1805207133293151,,,,0.0056409314274787,0.0175481438636779,,,,,,,,,,,,
20211028.0,0.2172745168209076,0.1668402850627899,0.1879953294992447,0.1557962000370025,0.1712248921394348,,,14.0,0.216533362865448,1.275159478187561,286.7758483886719,3.1166000366210938,265.0635070800781,255.75051879882807,0.0,0.9219046235084534,300.0,0.1071027070283889,0.0867916656037172
20211029.0,0.2202340066432953,,0.2022893279790878,0.1394456326961517,0.1575974375009536,,0.0210882909595966,14.0,0.216533362865448,1.275159478187561,286.59393310546875,3.109304904937744,267.3743896484375,258.1259460449219,1.81732714176178,0.78315669298172,300.0,0.0970680117607116,0.0860000029206276
20211030.0,0.2420625984668731,0.2284844517707824,,,,0.0253952369093894,0.0537125766277313,,,,,,,,,,,,
20211031.0,0.2519705593585968,0.2395984083414077,0.2288673669099807,0.1863148808479309,0.1949131935834884,,,14.0,0.216533362865448,1.275159478187561,288.7817077636719,3.094106435775757,264.0431823730469,254.68966674804688,6.545525074005127,1.1841553449630735,300.0,0.1303083598613739,0.114874999659757
20211101.0,0.3081015646457672,0.2683060765266418,,,,,0.0119937742128968,,,,,,,,,,,,
20211102.0,0.348897248506546,0.2586931586265564,,,,,,,,,,,,,,,,,
20211103.0,0.3402851223945617,0.2635629177093506,0.253686249256134,0.2974475622177124,0.2714071571826935,,0.079317606985569,14.0,0.216533362865448,1.275159478187561,282.28057861328125,3.097395420074463,255.1309509277344,245.75537109375,1.9030656814575195,1.3603516817092896,300.0,0.1721791923046112,0.267333331207434
20211104.0,0.334294319152832,0.2530723214149475,,,,,3.051850944757461e-05,,,,,,,,,,,,
20211105.0,0.3339954614639282,0.2273882925510406,0.2393466234207153,0.2552140653133392,0.2440020143985748,,,14.0,0.216533362865448,1.275159478187561,280.40826416015625,3.1061370372772217,255.91143798828125,244.52926635742188,0.8717880845069885,0.9393895268440248,300.0,0.1674288809299469,0.22700000119706
20211106.0,0.3204783499240875,0.2371444553136825,0.2407365888357162,0.2457499206066131,0.2370737940073013,,0.0,14.0,0.216533362865448,1.275159478187561,279.5484313964844,3.1107282638549805,255.16973876953125,243.687255859375,0.0053348112851381,0.5349370837211609,300.0,0.1838801205158233,0.21737499969701
20211107.0,0.312965840101242,0.2340851426124572,,,,,,,,,,,,,,,,,
20211108.0,0.3125704228878021,0.2479743808507919,,,,,,,,,,,,,,,,,
20211109.0,0.3046683371067047,0.2403183877468109,,,,,,,,,,,,,,,,,
20211110.0,0.2989232242107391,0.2471646815538406,,,,,,,,,,,,,,,,,
20211111.0,0.2987771332263946,0.2560928761959076,0.2502604126930237,0.2194483429193496,0.2165019810199737,,,14.0,0.216533362865448,1.275159478187561,283.3460693359375,3.133984565734864,256.97528076171875,245.09494018554688,1.3472291231155396,0.6376239657402039,300.0,0.21149542927742,0.191666667660077
20211112.0,0.2998615801334381,0.2423433810472488,,,,,,,,,,,,,,,,,
20211113.0,0.2962616682052612,0.2427462041378021,0.2561036348342895,0.2085310965776443,0.2087666094303131,,,14.0,0.216533362865448,1.275159478187561,284.3548889160156,3.14342737197876,259.5102233886719,248.9213256835937,0.6045387983322144,0.4002545177936554,300.0,0.201834961771965,0.184208334113161
20211114.0,0.2987694442272186,0.2447715401649475,0.2552174627780914,0.2167186588048935,0.2148958593606948,,,14.0,0.216533362865448,1.275159478187561,284.1719970703125,3.1482386589050293,259.4830322265625,249.00103759765625,1.484004020690918,1.0981210470199585,300.0,0.1607471704483032,0.182166663308938
20211115.0,0.3007541298866272,0.2526972591876983,,,,,,,,,,,,,,,,,
20211116.0,0.2997707426548004,0.2465494126081466,0.253461092710495,0.2035312801599502,0.2041384875774383,,0.0424512475728988,14.0,0.216533362865448,1.275159478187561,281.62896728515625,3.1586477756500244,259.0357666015625,247.68345642089844,0.6457102298736572,0.5087130069732666,300.0,0.1781762540340423,0.180166671673457
20211117.0,0.2960054874420166,0.2558170258998871,,,,0.0147893475368618,0.0300607327371835,,,,,,,,,,,,
20211118.0,0.2917652428150177,0.2412102818489074,,,,,,,,,,,,,,,,,
20211119.0,0.2870453596115112,0.2391820847988128,0.23218435049057,0.1911948919296264,0.1943101733922958,0.0472427159547805,0.0873134583234787,14.0,0.216533362865448,1.275159478187561,280.3991394042969,3.1496124267578125,257.8585205078125,246.54803466796875,0.0008523463620804,0.5341701507568359,300.0,0.162516713142395,0.178958338374893
20211120.0,0.2833818793296814,0.223932683467865,,,,,,,,,,,,,,,,,
20211121.0,0.2897283732891083,0.2329209744930267,0.2427088916301727,0.2238271832466125,0.2200392782688141,,0.0240791048854589,14.0,0.216533362865448,1.275159478187561,281.4716491699219,3.137528657913208,256.0475158691406,246.1508178710937,2.2772202491760254,0.6534510254859924,300.0,0.1978314816951751,0.174083328495423
20211122.0,0.2973974645137787,0.2413708120584488,0.2397254109382629,0.2043988555669784,0.2039451003074646,,0.1232337430119514,14.0,0.216533362865448,1.275159478187561,280.65679931640625,3.1313588619232178,258.044189453125,246.0296936035156,0.4806511700153351,0.5905930995941162,300.0,0.1718555986881256,0.172208335250616
20211123.0,0.2917019128799438,0.250098317861557,,,,,,,,,,,,,,,,,
20211124.0,0.329787403345108,0.2570232450962066,,,,0.0711901038885116,0.1039155274629592,,,,,,,,,,,,
20211125.0,0.3525281548500061,0.2816178202629089,,,,,0.1018707826733589,,,,,,,,,,,,
20211126.0,0.3417994379997253,0.2677872478961944,,,,,,,,,,,,,,,,,
20211127.0,0.3717319071292877,,0.2754135727882385,0.2875541150569916,0.2656258046627044,,0.0,14.0,0.216533362865448,1.275159478187561,279.09637451171875,3.101026058197021,250.70083618164065,238.8406982421875,13.496153831481934,2.1701879501342773,300.0,0.2958647906780243,0.279791666194797
20211128.0,0.3540958762168884,0.2713756859302521,,,,,,,,,,,,,,,,,
20211129.0,0.3464777171611786,0.2674680948257446,0.2615893483161926,0.2619109153747558,0.2475228458642959,0.0766981691122055,0.1121860444545745,14.0,0.216533362865448,1.275159478187561,276.8345031738281,3.0891342163085938,250.20535278320312,237.98497009277344,0.5655737519264221,0.7162560820579529,300.0,0.2280396521091461,0.263083331286907
20211130.0,0.3348728716373443,0.2625213861465454,0.2620724737644195,0.2408415228128433,0.231353148818016,,0.0,14.0,0.216533362865448,1.275159478187561,277.0356140136719,3.0832059383392334,250.87945556640625,239.72677612304688,0.0065138451755046,0.3118225038051605,300.0,0.2245277464389801,0.256958330670993
20211201.0,0.3460290729999542,0.2611072659492492,,,,,,,,,,,,,,,,,
20211202.0,0.3485617041587829,0.273871511220932,0.2884863018989563,0.29368856549263,0.2667174339294433,0.0926292985677719,0.1468855887651443,14.0,0.216533362865448,1.275159478187561,278.7920227050781,3.071049690246582,250.1109771728516,239.8841094970703,1.563920021057129,0.9761690497398376,300.0,0.2412425726652145,0.274333334217469
20211203.0,0.3373801410198211,0.278991162776947,,,,,,,,,,,,,,,,,
20211204.0,0.3554334938526153,0.2763068675994873,,,,0.0825433284044265,0.1666920930147171,,,,,,,,,,,,
20211205.0,0.3753690421581268,,0.3099550604820251,0.3666671812534332,0.3130590617656708,,0.1824091374874115,14.0,0.216533362865448,1.275159478187561,279.20123291015625,3.0667409896850586,246.29617309570312,235.9437866210937,9.423375129699709,2.0764734745025635,300.0,0.3160220682621002,0.291809521970295
20211206.0,0.3535380065441131,0.2713381648063659,,,,,,,,,,,,,,,,,
20211207.0,0.3631722927093506,0.2881040275096893,0.2963268458843231,0.243275299668312,0.2325473725795745,0.1114026382565498,0.201757863163948,14.0,0.216533362865448,1.275159478187561,281.2367553710937,3.0673155784606934,253.7105712890625,241.7613983154297,19.72832679748535,1.2978911399841309,300.0,0.2667326927185058,0.266999998440345
20211208.0,0.3861590623855591,0.2751018106937408,0.3051141202449798,0.2841453850269317,0.2693003118038177,,,14.0,0.216533362865448,1.275159478187561,278.7285461425781,3.06770396232605,250.240478515625,235.2868194580078,12.25674057006836,1.7509922981262207,300.0,0.3031218349933624,0.310499999672174
20211209.0,0.3878063559532165,0.2920990884304046,,,,,0.123538926243782,,,,,,,,,,,,
20211210.0,0.3889360725879669,0.3144325017929077,0.3272319436073303,0.3424374163150787,0.3032211065292358,0.1698752492666244,0.0812097564339637,14.0,0.216533362865448,1.275159478187561,281.5351867675781,3.0684807300567627,247.28170776367188,235.121810913086,9.783297538757324,2.6297948360443115,300.0,0.318530797958374,0.308708333720764
20211211.0,0.3672157526016235,0.3144928514957428,,,,,,,,,,,,,,,,,
20211212.0,0.3564622402191162,0.2973269522190094,,,,0.1461861133575439,0.1828974336385727,,,,,,,,,,,,
20211213.0,0.3490732908248901,0.2992150783538818,0.3041870594024658,0.2832723259925842,0.2628357708454132,,,14.0,0.216533362865448,1.275159478187561,280.7504272460937,3.069647312164306,250.38442993164065,237.50555419921875,0.000870227755513,0.4890932142734527,300.0,0.2299757450819015,0.244083331897855
20211214.0,0.3438830971717834,0.2907399237155914,,,,,0.1600390672683715,,,,,,,,,,,,
20211215.0,0.3400037288665771,0.2799161076545715,0.3128038942813873,0.2985965311527252,0.2744004726409912,0.1152986884117126,0.1194799616932869,14.0,0.216533362865448,1.275159478187561,278.5038757324219,3.070425748825073,247.8811798095703,234.9242553710937,0.0170123744755983,0.264501541852951,300.0,0.2428441941738128,0.227958333368103
20211216.0,0.3365107476711273,0.299874871969223,0.3027077913284302,0.2772735953330993,0.2584284543991089,,,14.0,0.216533362865448,1.275159478187561,278.1820983886719,3.070809841156006,249.6146240234375,236.7740936279297,0.0027580659370869,0.2663412094116211,300.0,0.2303498685359954,0.222375001758337
20211217.0,0.3332512676715851,0.2708006799221039,,,,0.1159133985638618,0.1481368392705917,,,,,,,,,,,,
20211218.0,0.3302057087421417,0.2985973358154297,0.3049590289592743,0.311005175113678,0.2829803228378296,,0.0603350922465324,14.0,0.216533362865448,1.275159478187561,278.2701110839844,3.071516513824463,246.824447631836,234.19369506835932,0.0,0.3192869424819946,300.0,0.2486032992601394,0.213375000283122
20211219.0,0.3276103734970093,0.279418408870697,,,,,,,,,,,,,,,,,
20211220.0,0.3253681063652038,0.2802129685878753,,,,0.102078765630722,0.1153294444084167,,,,,,,,,,,,
20211221.0,0.3232899308204651,0.2932957410812378,0.3052757084369659,0.2792549431324005,0.2609227001667022,,,14.0,0.216533362865448,1.275159478187561,278.2020874023437,3.074715614318848,247.5354461669922,234.55502319335932,0.1275372952222824,0.3333114385604858,300.0,0.246192067861557,0.203999996185303
20211222.0,0.321401983499527,0.2689775824546814,,,,0.0817731320858001,0.1055635213851928,,,,,,,,,,,,
20211223.0,0.3187982738018036,0.291778564453125,0.3073676824569702,0.255266398191452,0.2431701719760894,,0.075563833117485,14.0,0.216533362865448,1.275159478187561,281.8788452148437,3.0773913860321045,251.03125,237.65380859375,0.0951142534613609,0.4007701873779297,300.0,0.2351351231336593,0.198666666944822
20211224.0,0.3181407749652862,0.2905564308166504,0.3092919290065765,0.2573441863059997,0.2448131442070007,,,14.0,0.216533362865448,1.275159478187561,282.3490905761719,3.0787477493286133,251.92193603515625,238.51568603515625,0.1355937272310257,0.43731889128685,300.0,0.2336833477020263,0.196291662131747
20211225.0,0.3223081827163696,0.2868496179580688,,,,0.0975430831313133,0.1659291386604309,,,,,,,,,,,,
20211226.0,0.3286448121070862,0.2748144865036011,,0.2549742460250854,0.2405402064323425,,,14.0,0.216533362865448,1.275159478187561,282.5707397460937,3.08146595954895,253.35888671875,242.9874267578125,1.34666109085083,0.5491132736206055,300.0,0.2343130558729171,0.191750001162291
20211227.0,0.3560061752796173,0.2889746129512787,,,,,0.1969359368085861,,,,,,,,,,,,
20211228.0,0.3562758266925812,0.3170711994171142,,,,0.1541285514831543,0.0940885618329048,,,,,,,,,,,,
20211229.0,0.3445671200752258,0.3281687200069427,0.3334676027297973,0.2790030539035797,0.2647048532962799,,,14.0,0.216533362865448,1.275159478187561,287.5712890625,3.085566282272339,253.34976196289065,238.70462036132807,0.0120601402595639,0.6244686841964722,300.0,0.2521617412567138,0.276374998191992
20211230.0,0.336893081665039,0.3023261129856109,,,,0.1612569838762283,0.2124698609113693,,,,,,,,,,,,
20211231.0,0.3322707414627075,0.2902476787567138,0.3222329020500183,0.2700298428535461,0.2606195211410522,,,14.0,0.216533362865448,1.275159478187561,283.6097106933594,3.0884265899658203,252.79067993164065,237.0789337158203,0.0008523463038727,0.5863797664642334,300.0,0.2333531677722931,0.242166666314006
20220101.0,0.3280442059040069,0.2847964167594909,0.3268051147460937,0.3294534385204315,0.294636607170105,,0.1616260260343551,14.0,0.216533362865448,1.275159478187561,284.2030334472656,3.0894885063171387,249.02554321289065,237.25991821289065,0.0017225741175934,0.7056289911270142,300.0,0.2510088086128235,0.232833334555229
20220102.0,0.3242258131504059,0.2731620669364929,,,,0.1338177174329757,0.1532029211521148,,,,,,,,,,,,
20220103.0,0.3216179609298706,0.278687983751297,0.3274649083614349,0.3114705681800842,0.2821256518363952,,,14.0,0.216533362865448,1.275159478187561,283.708984375,3.089101552963257,250.43118286132807,238.7998962402344,0.0016901151975616,0.4248324632644653,300.0,0.2470022141933441,0.219499997794628
20220104.0,0.3201426863670349,0.2999128103256225,,,,0.1351903975009918,0.2171391993761062,,,,,,,,,,,,
20220105.0,0.3281729519367218,0.2987392544746399,,,,,0.1001922637224197,,,,,,,,,,,,
20220106.0,0.3209884166717529,0.277288019657135,,0.2633388042449951,0.2566237449645996,,,14.0,0.216533362865448,1.275159478187561,275.0853576660156,3.0883891582489014,249.35780334472656,233.22262573242188,0.000435113790445,0.4317022860050201,300.0,0.2313593178987503,0.215250000357628
20220107.0,0.3179256021976471,0.2665650248527527,,,,0.1100571230053901,0.110904261469841,,,,,,,,,,,,
20220108.0,0.3260899186134338,0.2898443341255188,0.3356563150882721,0.2624978125095367,0.2468251883983612,,,14.0,0.216533362865448,1.275159478187561,281.2099609375,3.087879180908203,251.016357421875,239.29946899414065,5.570580959320068,1.898903489112854,300.0,0.284454733133316,0.21980952223142
20220109.0,0.3726783394813537,0.2829232811927795,0.3412996828556061,0.3064263164997101,0.2795723974704742,0.1198735013604164,0.1726737320423126,14.0,0.216533362865448,1.275159478187561,281.0942687988281,3.087624311447144,249.0769500732422,236.4682006835937,19.478960037231445,1.9204635620117188,300.0,0.3086022734642029,0.285874996334314
20220110.0,0.3907415568828583,0.3528340458869934,,,,,0.2470473349094391,,,,,,,,,,,,
20220111.0,0.3683172166347503,0.3148055672645569,0.3378679752349853,0.3474519848823547,0.3038023114204407,,,14.0,0.216533362865448,1.275159478187561,278.7243957519531,3.0871145725250244,246.71548461914065,235.0499420166016,0.0016582678072154,0.7529563903808594,300.0,0.246989756822586,0.278916668146849
20220112.0,0.3549294173717499,0.2829185426235199,,,,0.1385737210512161,0.1972716450691223,,,,,,,,,,,,
20220113.0,0.3478330671787262,0.2700494527816772,,,,,,,,,,,,,,,,,
20220114.0,0.3428512811660766,0.2945748269557953,,0.2770511209964752,0.2563826441764831,,0.0934476777911186,14.0,0.216533362865448,1.275159478187561,275.0251770019531,3.0863566398620605,246.1947326660156,233.7374267578125,0.0021485057659447,0.4012481868267059,300.0,0.2474836856126785,0.239083331699173
20220115.0,0.3387434780597687,0.2654859125614166,,,,,0.0741599798202514,,,,,,,,,,,,
20220116.0,0.335606962442398,0.2723695635795593,,0.260542094707489,0.2499741911888122,,,14.0,0.216533362865448,1.275159478187561,274.8392944335937,3.0859293937683105,246.29525756835932,230.73204040527344,0.0397435389459133,0.2039723396301269,300.0,0.2514292597770691,0.226791664337118
20220117.0,0.3337225019931793,0.2877681255340576,,0.2552132308483124,0.245723471045494,0.1210669055581092,0.1336710751056671,14.0,0.216533362865448,1.275159478187561,276.0759582519531,3.08547043800354,247.0836181640625,231.51031494140625,0.2593958973884582,0.341784119606018,300.0,0.2512557208538055,0.222083336363236
20220118.0,0.331223726272583,0.2784112691879272,,,,,,,,,,,,,,,,,
20220119.0,0.3312033712863922,0.2740567028522491,0.3213042020797729,0.2525812685489654,0.2375375777482986,,0.0749534592032432,14.0,0.216533362865448,1.275159478187561,278.2642822265625,3.0828981399536133,249.4093017578125,239.0557861328125,0.7000685930252075,0.3553383946418762,300.0,0.247487872838974,0.215208335469166
20220121.0,0.341382086277008,0.3068538904190063,,,,,,,,,,,,,,,,,
20220122.0,0.334710419178009,0.2860503494739532,,0.2799505591392517,0.2667067646980285,0.1206061169505119,0.1239051520824432,14.0,0.216533362865448,1.275159478187561,274.0272827148437,3.078964948654175,245.4706115722656,230.2675323486328,0.0012904405593872,0.4571403861045837,300.0,0.2550157010555267,0.23949999983112
20220123.0,0.3308493196964264,0.2820816338062286,,,,,0.0637531653046608,,,,,,,,,,,,
20220124.0,0.3276432752609253,0.2985816597938537,,0.2866517007350921,0.2687594294548034,,,14.0,0.216533362865448,1.275159478187561,276.70458984375,3.0763280391693115,245.26547241210932,231.40426635742188,0.0008523463038727,0.4281124770641327,300.0,0.2568563520908355,0.225958333661159
20220125.0,0.3250134587287903,0.2904373407363891,,0.3037757277488708,0.2782824635505676,0.098870925605297,0.1007721200585365,14.0,0.216533362865448,1.275159478187561,276.3099975585937,3.075012445449829,244.6412048339844,232.1627960205078,0.0008523463038727,0.3528366386890411,300.0,0.2611281871795654,0.220833333830039
20220126.0,0.3228304088115692,,,,,,,,,,,,,,,,,,
20220127.0,0.3206515908241272,0.2786794900894165,,0.2939572334289551,0.2717391550540924,,0.0,14.0,0.216533362865448,1.275159478187561,274.3687744140625,3.0723862648010254,245.66827392578125,232.8532257080078,0.0025725306477397,0.4142706990242004,300.0,0.2505343556404114,0.212333331505458
20220128.0,0.318564772605896,0.2938558459281921,,,,,0.0658589452505111,,,,,,,,,,,,
20220129.0,0.3165322840213775,0.2829407751560211,,,,,,,,,,,,,,,,,
20220130.0,0.3152299225330353,0.2927953004837036,0.3131349384784698,0.2160796970129013,0.212537407875061,0.0733945742249488,0.1488692909479141,14.0,0.216533362865448,1.275159478187561,277.85791015625,3.068455696105957,251.41720581054688,236.536865234375,0.1626454144716262,0.1783666014671325,300.0,0.2292366921901703,0.204666664203008
20220131.0,0.3191840350627899,0.3051311671733856,,,,,,,,,,,,,,,,,
20220201.0,0.3174631297588348,0.2974306643009186,0.321208506822586,0.3276233673095703,0.2943586409091949,,0.1136509329080581,14.0,0.216533362865448,1.275159478187561,278.4633483886719,3.065784215927124,244.8584442138672,232.6187744140625,0.0370671898126602,0.3685019016265869,300.0,0.2657448947429657,0.220499999821186
20220202.0,0.3149962127208709,0.3096498847007751,0.3173887133598327,0.2218934893608093,0.2170230895280838,0.0785117894411087,0.0861842706799507,14.0,0.216533362865448,1.275159478187561,282.28485107421875,3.0646395683288574,253.56076049804688,239.35775756835932,0.1529984921216964,0.3999890685081482,300.0,0.2267718315124511,0.219624998047948
20220203.0,0.3126787543296814,0.3031635880470276,,,,,,,,,,,,,,,,,
20220204.0,0.3111730217933655,0.3023978173732757,0.3173730969429016,0.2674538493156433,0.2513792812824249,0.1157553344964981,0.1465498805046081,14.0,0.216533362865448,1.275159478187561,281.3575134277344,3.0636236667633057,250.92837524414065,238.19210815429688,0.1008473858237266,0.2828894555568695,300.0,0.2344585210084915,0.215916666512688
20220205.0,0.3116075694561004,0.3027538657188415,,,,,,,,,,,,,,,,,
20220206.0,0.3083720207214355,0.2960857450962066,,,,,0.0755027905106544,,,,,,,,,,,,
20220207.0,0.3109612166881561,0.309176504611969,0.3309462964534759,0.2581711113452911,0.242580771446228,0.093814305961132,0.1145970001816749,14.0,0.216533362865448,1.275159478187561,282.5722045898437,3.062169551849365,251.7494354248047,240.84713745117188,1.2469953298568726,0.8876734972000122,300.0,0.2318760156631469,0.207708337033788
20220208.0,0.3091998100280761,0.2993468046188354,,,,,,,,,,,,,,,,,
20220209.0,0.3040083050727844,0.2864247560501098,0.3243266940116882,0.2849287986755371,0.2662242650985718,0.1271573603153228,0.1508529931306839,14.0,0.216533362865448,1.275159478187561,282.1735534667969,3.061218738555908,248.2555084228516,234.4761657714844,0.0038660163991153,0.9876853227615356,300.0,0.2382147014141082,0.20537499897182
20220210.0,0.3003775477409363,0.290922462940216,,,,,0.0606097616255283,,,,,,,,,,,,
20220211.0,0.323590338230133,0.2967905700206756,,,,,,,,,,,,,,,,,
20220212.0,0.3156448006629944,0.2811160385608673,0.312780499458313,0.2711357176303863,0.255047857761383,0.098353736102581,0.089602343738079,14.0,0.216533362865448,1.275159478187561,279.51123046875,3.0597949028015137,250.0036163330078,236.17906188964844,0.0310295317322015,0.5881580114364624,300.0,0.2255087345838546,0.194833331430952
20220213.0,0.3092854022979736,0.2893162965774536,,,,,,,,,,,,,,,,,
20220214.0,0.3409075736999511,0.2881616055965423,,,,,0.0029602954164147,,,,,,,,,,,,
20220215.0,0.3550387918949127,0.3021081686019897,0.3370598256587982,0.3153819441795349,0.2828411757946014,,3.051850944757461e-05,14.0,0.216533362865448,1.275159478187561,280.3890686035156,3.058358192443848,248.29258728027344,236.0140991210937,5.024421691894531,1.6488209962844849,300.0,0.3030970990657806,0.298874999086062
20220216.0,0.351447731256485,0.3256208002567291,,,,,,,,,,,,,,,,,
20220217.0,0.3446688950061798,0.3079327642917633,0.3438774645328522,0.3025426864624023,0.2743434011936188,,0.0053407391533255,14.0,0.216533362865448,1.275159478187561,284.5024719238281,3.057202339172364,250.6116943359375,237.96658325195312,1.3826183080673218,0.712890088558197,300.0,0.2616494297981262,0.299416664987803
20220218.0,0.3364251852035522,0.309766411781311,0.3290351927280426,0.314456045627594,0.2762835323810577,,,14.0,0.216533362865448,1.275159478187561,284.3203125,3.0572519302368164,249.8255920410156,239.8509521484375,0.207727774977684,0.8643571734428406,300.0,0.2400565594434738,0.27304166679581
20220219.0,0.3304825723171234,0.3042470216751098,,,,,0.1264992207288742,,,,,,,,,,,,
20220220.0,0.3256672918796539,0.2995462715625763,0.3345329165458679,0.2987300753593445,0.2687282264232635,0.0838166400790214,0.141300693154335,14.0,0.216533362865448,1.275159478187561,282.0664367675781,3.06159782409668,249.470458984375,238.21124267578125,0.1056297346949577,0.6341382265090942,300.0,0.2396142482757568,0.241749998182058
20220221.0,0.3372085690498352,0.3195197582244873,,,,,,,,,,,,,,,,,
20220222.0,0.3285234272480011,0.3060587644577026,,,,0.1421030908823013,0.1733451336622238,,,,,,,,,,,,
20220223.0,0.3216145634651184,0.3071704804897308,0.3289518356323242,0.2867206633090973,0.2619605660438537,,,14.0,0.216533362865448,1.275159478187561,282.8980712890625,3.068380832672119,250.73629760742188,238.54351806640625,0.0034577238839119,1.0676063299179075,300.0,0.2080078572034835,0.234250000988444
20220224.0,0.3175589740276336,0.2986679971218109,,,,,0.0704977586865425,,,,,,,,,,,,
20220225.0,0.3140571415424347,0.2939821481704712,0.3326204419136047,0.2660682201385498,0.246377408504486,0.088367760181427,0.1085238233208656,14.0,0.216533362865448,1.275159478187561,281.08380126953125,3.0729899406433105,251.8555603027344,240.473876953125,0.0113419787958264,1.2438362836837769,300.0,0.1744359582662582,0.217916666840514
20220226.0,0.3086162209510803,0.2904503643512726,0.3299686908721924,0.270087867975235,0.2563263177871704,,,14.0,0.216533362865448,1.275159478187561,280.2556457519531,3.075302600860596,249.5723571777344,234.5508728027344,0.000435113790445,1.3330270051956177,300.0,0.2204197943210601,0.210291666910052
20220227.0,0.3045061826705932,0.2997073233127594,,,,0.1271192133426666,0.1444135904312133,,,,,,,,,,,,
20220228.0,0.3016147911548614,0.2868078351020813,0.3241479098796844,0.2855465710163116,0.261423647403717,,0.072084717452526,14.0,0.216533362865448,1.275159478187561,283.8935546875,3.079944372177124,250.01690673828125,238.0595092773437,0.000870227755513,1.2384085655212402,300.0,0.2158617973327636,0.196416667973002
20220301.0,0.2976424694061279,0.2893898487091064,,,,,,,,,,,,,,,,,
20220302.0,0.3100839555263519,0.2935704290866852,,,,0.1163111999630928,0.0990936011075973,,,,,,,,,,,,
20220303.0,0.3186611831188202,0.2945658564567566,0.3231748044490814,0.2380290627479553,0.2280764728784561,,,14.0,0.216533362865448,1.275159478187561,283.6998291015625,3.0869596004486084,254.3267822265625,245.4185333251953,1.909410834312439,1.2144172191619873,300.0,0.1906703263521194,0.186913044556327
20220306.0,0.3233153223991394,0.2903375923633575,0.3163883090019226,0.2580733597278595,0.2416098415851593,,,14.0,0.216533362865448,1.275159478187561,279.4525451660156,3.093758583068848,251.47219848632807,241.61334228515625,0.3584695756435394,0.8438347578048706,300.0,0.2036954462528228,0.200416670491298
20220307.0,0.3164061903953552,0.2864663004875183,,,,0.0863735303282737,0.1113925576210022,,,,,,,,,,,,
20220308.0,0.3204186558723449,0.2997697293758392,0.3165719211101532,0.2385650277137756,0.2287506014108657,,,14.0,0.216533362865448,1.275159478187561,280.34405517578125,3.094207525253296,252.6307983398437,240.2889709472656,3.0660400390625,1.271953582763672,300.0,0.228857472538948,0.191833334664504
20220309.0,0.3204507529735565,0.2984174787998199,,,,,0.1035798192024231,,,,,,,,,,,,
20220310.0,0.3242799937725067,0.2983833849430084,,,,0.0757225453853607,0.1077913790941238,,,,,,,,,,,,
20220311.0,0.3472125232219696,0.2948941886425018,0.322036862373352,0.2243322730064392,0.2179565876722335,,,14.0,0.216533362865448,1.275159478187561,283.3084716796875,3.09470009803772,255.580810546875,244.6510162353516,10.183416366577148,1.1797711849212646,300.0,0.2122852057218551,0.183291663105289
20220312.0,0.3618412315845489,0.292803406715393,,,,0.1417806297540664,0.2030396461486816,,,,,,,,,,,,
20220313.0,0.3628630042076111,0.295424222946167,0.3297150135040283,0.2564730644226074,0.2426768243312835,,,14.0,0.216533362865448,1.275159478187561,281.9113464355469,3.094980239868164,253.363510131836,240.2977905273437,6.897297382354736,1.773090958595276,300.0,0.2602419853210449,0.262291665499409
20220314.0,0.3502456843852997,0.2954816818237304,0.3297697007656097,0.2475000023841858,0.2353729456663131,,0.1184423342347145,14.0,0.216533362865448,1.275159478187561,283.4469299316406,3.0951201915740967,252.9922790527344,240.6353454589844,0.955232799053192,1.0438477993011477,300.0,0.220950037240982,0.25812499721845
20220315.0,0.3456963002681732,0.3048674166202545,,,,0.1303975135087967,0.1325418800115585,,,,,,,,,,,,
20220316.0,0.3327884078025818,0.295739471912384,0.3386579155921936,0.2439340054988861,0.2342880219221115,,,14.0,0.216533362865448,1.275159478187561,287.4807434082031,3.09540057182312,255.78846740722656,241.5872039794922,0.1162434741854667,1.4447768926620483,300.0,0.20928356051445,0.225458334510525
20220317.0,0.3497713506221771,0.3034678399562835,,,,0.0043871793895959,0.0036622211337089,,,,,,,,,,,,
20220318.0,0.3550717532634735,0.2995302379131317,,,,,0.0730918273329734,,,,,,,,,,,,
20220319.0,0.3382735252380371,0.3005293011665344,0.3348926305770874,0.2717815339565277,0.2501928806304931,,,14.0,0.216533362865448,1.275159478187561,284.7430725097656,3.095836877822876,253.27281188964844,243.1919860839844,0.0008523463038727,1.7711912393569946,300.0,0.1881389766931533,0.206041665747762
20220320.0,0.3292481899261474,0.3007356822490692,,,,0.1122188046574592,0.0993072316050529,,,,,,,,,,,,
20220321.0,0.3234750032424927,0.2910506129264831,0.3341832160949707,0.2455867230892181,0.233798086643219,,,14.0,0.216533362865448,1.275159478187561,286.0072326660156,3.09633731842041,255.71826171875,242.97418212890625,0.3220322430133819,1.859681248664856,300.0,0.197714477777481,0.18454166688025
20220322.0,0.3156251609325409,0.2972813248634338,0.3330800533294678,0.2309644669294357,0.2236740291118621,0.0892899706959724,0.1262550801038742,14.0,0.216533362865448,1.275159478187561,285.0684814453125,3.0959277153015137,256.25799560546875,242.1271209716797,0.000435113790445,2.089984178543091,300.0,0.186596542596817,0.171958332881331
20220323.0,0.3080456256866455,0.2950491905212402,,,,,0.1026947870850563,,,,,,,,,,,,
20220324.0,0.3021765351295471,0.2783438861370086,0.3203421235084533,0.2243738621473312,0.2178868055343628,,,14.0,0.216533362865448,1.275159478187561,284.2561950683594,3.090665817260742,256.1265563964844,242.9102783203125,0.0017144891899079,1.7876808643341064,300.0,0.167164921760559,0.148625000069539
20220325.0,0.2965109646320343,0.2900626063346863,,,,0.0892447382211685,0.1037629321217536,,,,,,,,,,,,
20220326.0,0.2897866368293762,0.281383603811264,,,,,,,,,,,,,,,,,
20220327.0,0.2834273874759674,0.2874182462692261,0.3292092680931091,0.2051611095666885,0.2027575522661209,,0.0996734499931335,14.0,0.216533362865448,1.275159478187561,286.51861572265625,3.0825910568237305,258.54608154296875,245.2993621826172,0.0021392554044723,1.9793376922607424,300.0,0.157237023115158,0.114249999945362
20220328.0,0.2786412835121155,0.2738125920295715,,,,0.0213219635188579,0.0,,,,,,,,,,,,
20220329.0,0.2779344022274017,0.2765542268753052,0.3222523927688598,0.1917857527732849,0.191773310303688,,,14.0,0.216533362865448,1.275159478187561,286.735107421875,3.0771825313568115,261.2790832519531,247.63491821289065,1.9614108800888064,1.5808532238006592,300.0,0.1631286442279815,0.0998750012367964
20220330.0,0.2980660796165466,0.2821672558784485,0.2989556491374969,0.1583042740821838,0.1690404415130615,0.052044752985239,0.0903347879648208,14.0,0.216533362865448,1.275159478187561,283.4380798339844,3.074489116668701,263.65087890625,253.3924865722656,2.042434930801392,1.345611572265625,300.0,0.0913933590054512,0.0979999974370003
20220331.0,0.3289872407913208,0.288979023694992,,,,,,,,,,,,,,,,,
20220401.0,0.3324800729751587,0.2933768033981323,0.2937237918376922,0.228638470172882,0.2221864610910415,,0.0379650257527828,14.0,0.216533362865448,1.275159478187561,278.284423828125,3.069124221801758,255.235595703125,244.9721527099609,1.4116977453231812,2.1641294956207275,300.0,0.1535181552171707,0.0951666658123334
20220402.0,0.3180212378501892,0.2867411673069,,,,0.1307530999183654,0.0805078297853469,,,,,,,,,,,,
20220403.0,0.3094657063484192,0.2726488411426544,,,,,,,,,,,,,,,,,
20220404.0,0.3036269843578338,0.2855353653430938,,0.1994473338127136,0.1984005123376846,0.0835194215178489,0.0935392305254936,14.0,0.216533362865448,1.275159478187561,278.0737609863281,3.061081886291504,254.37255859375,240.07049560546875,0.0017285328358411,1.4797805547714231,300.0,0.1364244967699051,0.09079166688025
20220405.0,0.2974996566772461,0.280540257692337,,,,,0.0162358470261096,,,,,,,,,,,,
20220406.0,0.2973384857177734,0.2932286560535431,0.2824413180351257,0.1812348365783691,0.186850905418396,,,14.0,0.216533362865448,1.275159478187561,281.8876037597656,3.0550904273986816,258.5224304199219,247.8247528076172,1.050217866897583,0.9454472064971924,300.0,0.1440635472536087,0.0883750002831221
20220407.0,0.3015387058258056,0.2907013297080993,0.2940537929534912,0.1621395647525787,0.1740325540304184,0.0761417672038078,0.0789513811469078,14.0,0.216533362865448,1.275159478187561,285.3948059082031,3.054205656051636,260.6812744140625,251.06591796875,3.4513847827911377,2.0165212154388428,300.0,0.1199360117316246,0.0884736846936376
20220409.0,0.3012867569923401,0.2978643178939819,0.2919579148292541,0.2151928544044494,0.212271973490715,0.0847840756177902,0.1189001128077507,14.0,0.216533362865448,1.275159478187561,283.9605407714844,3.0666983127593994,258.1091613769531,246.666748046875,0.4501465559005737,2.1982226371765137,300.0,0.1331305503845214,0.143958333258828
20220410.0,0.28986456990242,0.2861429154872894,,,,,0.0253303628414869,,,,,,,,,,,,
20220411.0,0.2800715267658233,0.2954133450984955,,,,,,,,,,,,,,,,,
20220412.0,0.3073138892650604,0.2903768420219421,0.2985401451587677,0.1905192136764526,0.1925015151500702,0.0822024270892143,0.1264381855726242,14.0,0.216533362865448,1.275159478187561,286.6663513183594,3.0865180492401123,261.2966003417969,249.13525390625,9.019762992858888,2.1030993461608887,300.0,0.1575630903244018,0.117333334249755
20220413.0,0.3470006585121155,0.2806152403354645,,,,,,,,,,,,,,,,,
20220414.0,0.3268205225467682,0.2870506644248962,0.279467761516571,0.2005627751350402,0.2023367136716842,,0.0334177687764167,14.0,0.216533362865448,1.275159478187561,287.9731750488281,3.100161552429199,260.4764404296875,250.2348175048828,0.0196377541869878,2.4081406593322754,300.0,0.1285009086132049,0.109874998840193
20220415.0,0.3112105429172516,0.2849284708499908,0.2836357653141022,0.1872475147247314,0.1929426193237304,0.0387720763683319,0.0536820590496063,14.0,0.216533362865448,1.275159478187561,289.1542358398437,3.107051372528076,262.4715576171875,252.619857788086,0.067333199083805,2.190125703811645,300.0,0.1197192892432212,0.102374999163051
20220416.0,0.3004575669765472,0.2837744653224945,,,,,,,,,,,,,,,,,
20220417.0,0.2906247675418854,0.2752300202846527,0.2614260613918304,0.1602020114660263,0.1690691709518432,0.0490289330482482,0.0748313888907432,14.0,0.216533362865448,1.275159478187561,289.48443603515625,3.120968103408813,265.92608642578125,254.65708923339844,0.0009046355262398,2.5582504272460938,300.0,0.1002669706940651,0.0889999996870756
20220418.0,0.2835202813148498,0.2745220065116882,,,,,,,,,,,,,,,,,
20220419.0,0.3083200752735138,0.2755928635597229,,,,,0.0262154005467891,,,,,,,,,,,,
20220420.0,0.3651773631572723,0.310233473777771,0.3145069479942322,0.2974810302257538,0.2729326784610748,0.1128306910395622,0.1256446987390518,14.0,0.216533362865448,1.275159478187561,283.5858154296875,3.142223834991455,253.3065185546875,241.2048797607422,11.746596336364746,1.6868634223937988,300.0,0.2721286714076996,0.293125002334515
20220421.0,0.3513033986091614,0.3035079538822174,,,,,,,,,,,,,,,,,
20220422.0,0.3439348638057709,0.3008044064044952,0.2920752763748169,0.211912602186203,0.2093475908041,0.0955917760729789,0.1008026376366615,14.0,0.216533362865448,1.275159478187561,287.349365234375,3.1571567058563232,259.42529296875,245.6229858398437,4.748793125152588,2.5582163333892822,300.0,0.232006162405014,0.230291665842136
20220423.0,0.3826682269573211,0.2903949618339538,0.2976759374141693,0.2074258029460907,0.2056466341018676,,0.0308542139828205,14.0,0.216533362865448,1.275159478187561,283.0295715332031,3.163004875183105,260.9183044433594,247.018783569336,15.134236335754396,2.941735029220581,300.0,0.2041014432907104,0.269249996791283
20220424.0,0.371906578540802,0.3089984655380249,,,,,,,,,,,,,,,,,
20220425.0,0.3487763702869415,0.2915191352367401,0.2963043749332428,0.2447559833526611,0.2347229421138763,0.0882759466767311,0.1246070712804794,14.0,0.216533362865448,1.275159478187561,286.8121032714844,3.1633105278015137,256.73406982421875,247.86703491210932,0.0488379038870334,2.1633219718933105,300.0,0.1618385165929794,0.2490833333383
20220426.0,0.3340118527412414,0.2889356911182403,,,,,,,,,,,,,,,,,
20220427.0,0.3282125890254974,0.2762433588504791,,,,0.0676401183009147,0.0853907912969589,,,,,,,,,,,,
20220428.0,0.3753382861614227,0.2819121479988098,,,,,0.0575579106807708,,,,,,,,,,,,
20220429.0,0.3531672954559326,0.2838951349258423,,,,,,,,,,,,,,,,,
20220430.0,0.3457788825035095,0.2828969657421112,0.2873640656471252,0.1889023631811142,0.1908425241708755,,,14.0,0.216533362865448,1.275159478187561,288.2865600585937,3.1629061698913574,264.30596923828125,251.17047119140625,0.8463735580444336,2.1180715560913086,300.0,0.1323722004890442,0.169166666145126
20220501.0,0.3347417712211609,0.2760753631591797,0.2817930281162262,0.1753623783588409,0.1832189261913299,,,14.0,0.216533362865448,1.275159478187561,288.8974609375,3.1627769470214844,264.7587585449219,254.20748901367188,0.4092894494533539,2.324903011322021,300.0,0.109924592077732,0.157041667650143
20220502.0,0.3280034065246582,0.2681311964988708,,,,0.0483362562954425,0.0707419067621231,,,,,,,,,,,,
20220503.0,0.3347957730293274,0.2774632573127746,0.2655497193336487,0.1605884879827499,0.1696889400482177,,0.0154423657804727,14.0,0.216533362865448,1.275159478187561,288.296875,3.1625189781188965,265.800537109375,254.4203948974609,6.621891021728516,2.759538173675537,300.0,0.1184504628181457,0.207826088951982
20220504.0,0.3417501449584961,0.2740730047225952,,,,,,,,,,,,,,,,,
20220505.0,0.3246392607688904,0.2767377197742462,,,,0.0705627426505088,0.1201208531856536,,,,,,,,,,,,
20220506.0,0.3155714869499206,0.2677198946475982,0.2742321789264679,0.1670824736356735,0.1736936122179031,,,14.0,0.216533362865448,1.275159478187561,288.9829406738281,3.162099838256836,265.493408203125,253.26544189453125,0.4278663098812103,2.5721747875213623,300.0,0.1159959211945533,0.213041668136915
20220507.0,0.307787537574768,0.2664852142333984,,,,,0.0301522873342037,,,,,,,,,,,,
20220508.0,0.298551082611084,0.2642118036746979,0.2553781569004059,0.1576871573925018,0.1658413112163543,0.0429201014339923,0.0428479872643947,14.0,0.216533362865448,1.275159478187561,291.24151611328125,3.16139554977417,267.6021728515625,255.4962158203125,0.0768076553940773,3.2094995975494385,300.0,0.1114460602402687,0.175124997893969
20220509.0,0.2880922555923462,0.2529307901859283,0.2644022405147552,0.1351130306720733,0.1476134806871414,,,14.0,0.216533362865448,1.275159478187561,291.97137451171875,3.162382364273072,269.82232666015625,258.5235595703125,0.0008523463038727,3.3453495502471924,300.0,0.0928311198949813,0.156499996781349
20220510.0,0.2770088016986847,0.2585604190826416,,,,0.0537378415465354,0.0689107924699783,,,,,,,,,,,,
20220511.0,0.2675480544567108,0.2574050426483154,0.2419673055410385,0.1337517350912094,0.1559053212404251,,,14.0,0.216533362865448,1.275159478187561,293.9557189941406,3.1734580993652344,270.465087890625,262.2490234375,0.0020178698468953,3.230122327804565,300.0,0.0796821862459182,0.113833333986501
20220512.0,0.2684739828109741,0.2628830075263977,,,,,0.0067751090973615,,,,,,,,,,,,
20220513.0,0.2726098895072937,0.2585128545761108,,,,0.0327079333364963,0.0365306548774242,,,,,,,,,,,,
20220514.0,0.263078898191452,0.250106930732727,0.2517231404781341,0.1291383802890777,0.1413972079753875,,,14.0,0.216533362865448,1.275159478187561,295.6894226074219,3.190758228302002,272.83941650390625,261.1861572265625,0.1927374005317688,3.245530605316162,300.0,0.088662251830101,0.0867083339641492
20220515.0,0.2662303745746612,0.2511105835437774,,,,0.0087809180840849,0.0176702179014682,,,,,,,,,,,,
20220516.0,0.2817813158035278,0.2810949683189392,0.2846589088439941,0.2181007117033004,0.215357169508934,,0.0655232369899749,14.0,0.216533362865448,1.275159478187561,295.2651672363281,3.202561855316162,266.416748046875,253.7709350585937,0.0215773880481719,3.357135534286499,300.0,0.1546113789081573,0.0782083347439766
20220517.0,0.262676864862442,0.2593738138675689,0.2672719359397888,0.1372941732406616,0.1502766907215118,,,14.0,0.216533362865448,1.275159478187561,297.3896179199219,3.2085061073303223,273.5015869140625,262.3115234375,0.0123389195650815,3.65498948097229,300.0,0.0859516784548759,0.0750416666269302
20220518.0,0.2470475733280182,0.2524804174900055,,,,0.0247416105121374,0.0476088747382164,,,,,,,,,,,,
20220519.0,0.2382533550262451,0.2702066898345947,0.2496190667152404,0.1718513369560241,0.182536095380783,,,14.0,0.216533362865448,1.275159478187561,296.37176513671875,3.22048020362854,270.895263671875,261.22637939453125,0.1818069815635681,2.818923234939575,300.0,0.0966776832938194,0.0710000023245811
20220520.0,0.2282540500164032,0.2626639008522033,,,,0.0015627656830474,0.0041810357943177,,,,,,,,,,,,
20220521.0,0.2185810357332229,0.2536110579967499,,,,,,,,,,,,,,,,,
20220522.0,0.2102899551391601,0.251934140920639,0.2531026601791382,0.135329470038414,0.1503478586673736,,,14.0,0.216533362865448,1.275159478187561,299.0234069824219,3.2387170791625977,274.65362548828125,264.1180114746094,0.5184319019317627,2.9874508380889893,300.0,0.0854471325874328,0.068000003695488
20220523.0,0.2100135833024978,0.2495736479759216,,,,,0.0170598477125167,,,,,,,,,,,,
20220524.0,0.2094926536083221,0.2435057610273361,0.227634310722351,0.1122804954648017,0.1369003802537918,,,14.0,0.216533362865448,1.275159478187561,288.8377380371094,3.2518696784973145,273.19989013671875,264.9247436523437,0.7857898473739624,2.002562522888184,300.0,0.0624927692115306,0.0670000016689301
20220525.0,0.2144735753536224,0.2517474889755249,0.2408699542284011,0.1482516378164291,0.1630600541830063,,,14.0,0.216533362865448,1.275159478187561,288.5555114746094,3.255799055099488,268.37432861328125,258.6640930175781,1.276966571807861,2.183926105499268,300.0,0.0880425125360488,0.0670000016689301
20220526.0,0.2194298356771469,0.2512924373149872,,,,0.015706680715084,0.0187383648008108,,,,,,,,,,,,
20220527.0,0.2188765108585357,0.244684100151062,0.2168934494256973,0.1274852901697158,0.1481859385967254,,,14.0,0.216533362865448,1.275159478187561,292.1743469238281,3.2455146312713623,270.6531982421875,261.8075866699219,0.0719958171248436,2.440333366394043,300.0,0.0784013122320175,0.0659999996423721
20220528.0,0.2088950872421264,0.2412646859884262,,,,0.0226554218679666,0.0451063588261604,,,,,,,,,,,,
20220529.0,0.1975285708904266,0.2371145486831665,,,,,,,,,,,,,,,,,
20220530.0,0.1881786435842514,0.2241513580083847,0.1917271465063095,0.0973773226141929,0.1206745132803917,,0.0,14.0,0.216533362865448,1.275159478187561,292.5577392578125,3.2292935848236084,273.97332763671875,265.1456298828125,0.0366125218570232,2.8594508171081543,300.0,0.0605945400893688,0.0638750027865171
20220531.0,0.1861806958913803,0.2275690287351608,,,,,3.051850944757461e-05,,,,,,,,,,,,
20220601.0,0.1797970980405807,0.2313887178897857,0.2063163369894027,0.0956495404243469,0.1253777295351028,,,14.0,0.216533362865448,1.275159478187561,297.0879821777344,3.218341827392578,275.2070617675781,267.8389892578125,0.0610319897532463,3.050877094268799,300.0,0.058808796107769,0.0624583332488934
20220602.0,0.1750624179840088,0.2311037480831146,0.2233675271272659,0.1167445331811904,0.1412087529897689,0.0066952556371688,0.0170293282717466,14.0,0.216533362865448,1.275159478187561,296.8808288574219,3.2129006385803223,274.93243408203125,266.6586303710937,0.8146733641624451,2.58913803100586,300.0,0.0689949244260788,0.0624782608255096
20220603.0,0.1816312670707702,0.2449914962053299,,,,,0.0413830988109111,,,,,,,,,,,,
20220604.0,0.2597507238388061,0.2856796383857727,0.2595229148864746,0.2275167554616928,0.2226857542991638,,,14.0,0.216533362865448,1.275159478187561,294.2249450683594,3.202089071273804,266.9027099609375,255.7162170410156,13.707182884216309,2.50553035736084,300.0,0.1586183011531829,0.16970833328863
20220605.0,0.3017344772815704,0.2842913866043091,,,,0.0977608263492584,0.1554612815380096,,,,,,,,,,,,
20220606.0,0.270328551530838,0.270219624042511,,,,,,,,,,,,,,,,,
20220607.0,0.2550172209739685,0.2531746625900268,0.21024951338768,0.1731520891189575,0.1774327754974365,0.0399277545511722,0.0610065013170242,14.0,0.216533362865448,1.275159478187561,292.68267822265625,3.185948848724365,269.90087890625,256.2624206542969,0.2512138485908508,2.1498944759368896,300.0,0.1163060665130615,0.152083333581686
20220608.0,0.3073037266731262,0.2567511796951294,,,,,,,,,,,,,,,,,
20220609.0,0.2969868779182434,0.2795410752296448,0.257659912109375,0.2477126270532608,0.2388617098331451,,,14.0,0.216533362865448,1.275159478187561,291.7223815917969,3.1740126609802246,262.17364501953125,249.6358642578125,0.3324371874332428,2.753225564956665,300.0,0.1823992133140564,0.204166665673256
20220610.0,0.2717724144458771,0.2509979903697967,0.2417067438364029,0.1978835463523864,0.1987523883581161,0.0767666026949882,0.1603442430496215,14.0,0.216533362865448,1.275159478187561,294.485595703125,3.1721510887146,266.4281921386719,252.15719604492188,0.0008631238015368,3.5898799896240234,300.0,0.1573908627033233,0.174249999846021
20220611.0,0.251995176076889,0.2458268702030182,,,,,,,,,,,,,,,,,
20220612.0,0.2490380257368087,0.2318899035453796,0.2237866967916488,0.1538618803024292,0.1723017394542694,,0.028260139748454,14.0,0.216533362865448,1.275159478187561,297.3814392089844,3.196155309677124,271.97320556640625,263.58843994140625,1.899480223655701,3.156988382339477,300.0,0.0927128344774246,0.135499999547998
20220613.0,0.2560651004314422,0.234599769115448,,,,0.041348997503519,0.0839259028434753,,,,,,,,,,,,
20220614.0,0.2433963567018509,0.2521605491638183,,,,,,,,,,,,,,,,,
20220615.0,0.2277438789606094,0.2371847480535507,0.2347517907619476,0.1376835256814956,0.1497631072998047,0.0072750966064631,0.0424207299947738,14.0,0.216533362865448,1.275159478187561,301.8050537109375,3.234586715698242,276.51983642578125,264.7612609863281,0.0004351138486526,3.6864850521087646,300.0,0.0853723734617233,0.106458332389593
20220616.0,0.2103533148765564,0.2286312729120254,,,,,,,,,,,,,,,,,
20220617.0,0.194855198264122,0.218648299574852,0.2195771932601928,0.1179258078336715,0.1355308443307876,,0.0063478499650955,14.0,0.216533362865448,1.275159478187561,304.2294311523437,3.261271476745605,279.4637451171875,269.03375244140625,0.000870227755513,3.448875904083252,300.0,0.0732606500387191,0.0826666681095958
20220618.0,0.1842117011547088,0.2156780809164047,0.2358144968748092,0.1062980070710182,0.129956915974617,0.0275489687919616,0.0353099144995212,14.0,0.216533362865448,1.275159478187561,304.49102783203125,3.27481460571289,281.16766357421875,272.1878662109375,1.2904142141342163,3.607471466064453,300.0,0.0577642805874347,0.0753333332637946
20220619.0,0.189945563673973,0.2243577241897583,,,,,,,,,,,,,,,,,
20220620.0,0.211810752749443,0.2358506917953491,0.1917151361703872,0.1459786593914032,0.1638589948415756,,0.0,14.0,0.216533362865448,1.275159478187561,297.7782592773437,3.3023018836975098,276.360107421875,266.9027709960937,0.7768956422805786,3.091998338699341,300.0,0.0679464265704155,0.0687916673099001
20220621.0,0.2081988602876663,0.2318139970302581,,,,,6.103701889514923e-05,,,,,,,,,,,,
20220622.0,0.3271118402481079,0.2475186288356781,,,,,,,,,,,,,,,,,
20220623.0,0.3116959631443023,0.2489907294511795,0.2264203131198883,0.1911178827285766,0.199669674038887,0.0387814193964004,0.0574053153395652,14.0,0.216533362865448,1.275159478187561,294.4974975585937,3.344651699066162,270.25665283203125,260.46307373046875,3.5646908283233643,3.861304998397827,300.0,0.1215417012572288,0.15420833354195
20220624.0,0.2909080684185028,0.2538293004035949,,,,,,,,,,,,,,,,,
20220625.0,0.2779910862445831,0.2291274219751358,0.2175606936216354,0.1548741608858108,0.1669432371854782,0.0248806532472372,0.035981323570013,14.0,0.216533362865448,1.275159478187561,291.4635009765625,3.37513279914856,272.60089111328125,261.3900146484375,3.1579508781433105,2.2594778537750244,300.0,0.0884690731763839,0.11266666619728
20220626.0,0.3034465312957763,0.2496813833713531,0.2604738771915436,0.2938382625579834,0.2753262817859649,,0.0995513796806335,14.0,0.216533362865448,1.275159478187561,289.08135986328125,3.3855912685394287,260.9716186523437,250.15847778320312,5.978273391723633,2.837315559387207,300.0,0.2221473455429077,0.236599998548627
20220627.0,0.3159718513488769,0.2918376922607422,,,,,,,,,,,,,,,,,
20220628.0,0.2871579229831695,0.2639746963977813,0.2451912611722946,0.2243871390819549,0.2240594923496246,,0.3365886509418487,14.0,0.216533362865448,1.275159478187561,293.5030822753906,3.372864246368408,264.7783203125,252.46926879882807,0.0018247982952743,3.514759063720703,300.0,0.1766652166843414,0.180416666592161
20220629.0,0.2732258141040802,0.2306422442197799,,,,,,,,,,,,,,,,,
20220630.0,0.3645888268947601,0.2650039494037628,,,,,0.0318002887070179,,,,,,,,,,,,
20220701.0,0.3278669714927673,0.2594786882400512,0.251981258392334,0.1844402253627777,0.1936202049255371,0.0339923091232776,0.0467543564736843,14.0,0.216533362865448,1.275159478187561,290.7425537109375,3.352215051651001,266.7421264648437,256.0233154296875,0.0064338305965065,3.351963520050049,300.0,0.1196117401123046,0.134416668365399
20220702.0,0.3031686246395111,0.2267484664916992,,,,,,,,,,,,,,,,,
20220703.0,0.2853617966175079,0.2156533002853393,0.2249988913536071,0.1546831130981445,0.1751820147037506,0.0381581559777259,0.0510574653744697,14.0,0.216533362865448,1.275159478187561,296.02276611328125,3.3381388187408447,271.9793701171875,263.4470520019531,1.348864197731018,4.392003059387207,300.0,0.1012573838233947,0.0947916681567828
20220704.0,0.2998920083045959,0.2319682091474533,0.2289751768112182,0.1544393301010131,0.1718885004520416,,,14.0,0.216533362865448,1.275159478187561,294.3602600097656,3.3311495780944824,273.0209350585937,263.4561462402344,3.510892629623413,3.150664806365967,300.0,0.088547870516777,0.0849999996523062
20220705.0,0.2902023196220398,0.2191257923841476,,,,,,,,,,,,,,,,,
20220706.0,0.2695652544498443,0.1992700397968292,0.2051580995321273,0.1348437666893005,0.1635352224111557,0.019477354362607,0.0234076976776123,14.0,0.216533362865448,1.275159478187561,295.9101257324219,3.3172683715820312,274.1324768066406,266.9139709472656,0.0005432983161881,3.7398836612701416,300.0,0.063376747071743,0.073083333671093
20220707.0,0.253014326095581,0.1688538789749145,,,,,,,,,,,,,,,,,
20220708.0,0.2390153557062149,0.1912747025489807,,,,,0.0,,,,,,,,,,,,
20220709.0,0.2252596169710159,0.1835541129112243,0.2111173570156097,0.1129299253225326,0.1386875957250595,,0.0001220740377902,14.0,0.216533362865448,1.275159478187561,298.0517272949219,3.296687126159668,276.669189453125,268.1584167480469,0.0030063483864068,3.800534725189209,300.0,0.0598939657211303,0.0655416653801997
20220710.0,0.2111604511737823,0.1910772174596786,,,,,,,,,,,,,,,,,
20220711.0,0.1978864222764969,0.1729463189840316,0.1933896094560623,0.1009208038449287,0.1295111179351806,,,14.0,0.216533362865448,1.275159478187561,301.5553894042969,3.283092737197876,279.0472717285156,271.03887939453125,0.0,3.663381576538086,300.0,0.0555002316832542,0.0630416677643855
20220712.0,0.18528713285923,0.161221295595169,0.2028396129608154,0.1014584228396415,0.1397570818662643,,,14.0,0.216533362865448,1.275159478187561,302.21014404296875,3.2764580249786377,279.2367553710937,273.2409362792969,0.0012814998626708,3.61727786064148,300.0,0.0495116673409938,0.0624166664977868
20220713.0,0.1736143678426742,0.1701109707355499,,,,,,,,,,,,,,,,,
20220714.0,0.1642838716506958,0.16252201795578,0.178328663110733,0.1220510527491569,0.152272880077362,,0.0005493331700563,14.0,0.216533362865448,1.275159478187561,303.3546447753906,3.26404333114624,278.6129150390625,271.24578857421875,0.0008627870120108,3.08227276802063,300.0,0.0620845183730125,0.0613333334525426
20220715.0,0.1556704491376876,0.1777758747339248,,,,,,,,,,,,,,,,,
20220716.0,0.1474741101264953,0.1624680310487747,,,,,3.051850944757461e-05,,,,,,,,,,,,
20220717.0,0.1396889835596084,0.156516283750534,0.1999555230140686,0.129850298166275,0.1627084165811538,,,14.0,0.216533362865448,1.275159478187561,304.20953369140625,3.245671272277832,278.58746337890625,272.02117919921875,0.0017225742340087,2.8802733421325684,300.0,0.0616480000317096,0.0602916659166416
20220718.0,0.1324499994516372,0.1548022925853729,,,,,,,,,,,,,,,,,
20220719.0,0.1275475770235061,0.188809260725975,0.1598249226808548,0.1104728356003761,0.1441614925861358,,,14.0,0.216533362865448,1.275159478187561,302.2387390136719,3.233573198318481,281.90411376953125,274.99774169921875,0.1372129470109939,2.349426507949829,300.0,0.0416040420532226,0.0599999986588955
20220720.0,0.1279423832893371,0.1643840968608856,0.1441561728715896,0.1235736459493637,0.1447954326868057,,,14.0,0.216533362865448,1.275159478187561,298.2948303222656,3.2275660037994385,280.6005859375,270.9384155273437,0.3452818393707275,2.0539472103118896,300.0,0.0487986430525779,0.0599999986588955
20220721.0,0.1258361041545868,0.1637198030948639,,,,,0.0001525925472378,,,,,,,,,,,,
20220722.0,0.1234056502580642,0.189172625541687,0.1435823291540146,0.1088806092739105,0.1402430981397628,,,14.0,0.216533362865448,1.275159478187561,297.9046936035156,3.215634822845459,279.9931945800781,272.54656982421875,0.0465778410434722,1.726263165473938,300.0,0.0451844558119773,0.0599999986588955
20220723.0,0.1216877028346061,0.1639076173305511,,,,,0.0012207403779029,,,,,,,,,,,,
20220724.0,0.1189448237419128,0.1679183840751648,,,,,0.0125125888735055,,,,,,,,,,,,
20220725.0,0.118122898042202,0.1561774760484695,0.1337488293647766,0.1108603328466415,0.1519596129655838,,,14.0,0.216533362865448,1.275159478187561,297.5699768066406,3.197941303253174,279.37432861328125,274.0399169921875,0.3020042479038238,1.759554386138916,300.0,0.0418094880878925,0.0592499999329448
20220726.0,0.1172071248292923,0.1574463695287704,,,,,3.051850944757461e-05,,,,,,,,,,,,
20220727.0,0.1154129728674888,0.14606773853302,,0.1019513607025146,0.127771645784378,,0.0002441480755805,14.0,0.216533362865448,1.275159478187561,296.3391418457031,3.186212539672852,278.9530639648437,270.3260803222656,0.0012934205587953,1.8199173212051392,300.0,0.0501190610229969,0.0590000003576279
20220728.0,0.1137005761265754,0.1473832428455352,0.121430717408657,0.0901725888252258,0.1298508793115615,,,14.0,0.216533362865448,1.275159478187561,296.98065185546875,3.180617570877075,278.57305908203125,272.7109375,0.0100016994401812,1.7793220281600952,300.0,0.0442106984555721,0.0590000003576279
20220729.0,0.1174702495336532,0.1588959842920303,,,,,0.0001525925472378,,,,,,,,,,,,
20220730.0,0.1173644661903381,0.1746582835912704,0.0942385196685791,0.104015901684761,0.1328468322753906,,,14.0,0.216533362865448,1.275159478187561,297.7528381347656,3.1710262298583984,278.63916015625,270.6730651855469,0.0215493962168693,1.515379786491394,300.0,0.0526718869805336,0.0588333333532015
20220731.0,0.1150447055697441,0.1687531471252441,,,,,3.051850944757461e-05,,,,,,,,,,,,
20220801.0,0.1125299409031868,0.1580826938152313,,,,,3.051850944757461e-05,,,,,,,,,,,,
20220802.0,0.1102968677878379,0.1569203734397888,0.1093103438615799,0.091488093137741,0.1240537762641906,,,14.0,0.216533362865448,1.275159478187561,302.0331726074219,3.1568639278411865,281.142822265625,273.8877258300781,0.0021439641714096,1.7616159915924072,300.0,0.0472633950412273,0.0583333323399226
20220803.0,0.1082042008638382,0.1559512466192245,,,,,,,,,,,,,,,,,
20220804.0,0.1085780709981918,0.1512438654899597,0.0939074605703353,0.0992992520332336,0.1288269162178039,,,14.0,0.216533362865448,1.275159478187561,301.988037109375,3.1475391387939453,282.4717712402344,274.5869445800781,0.8837850689888,1.8984750509262085,300.0,0.0448803827166557,0.057749998755753
20220805.0,0.1123183816671371,0.1298920959234237,0.0988430380821228,0.1016767174005508,0.1313465982675552,,0.0040284432470798,14.0,0.216533362865448,1.275159478187561,299.47857666015625,3.142905712127685,281.83172607421875,274.0228271484375,0.3095923960208893,1.4576447010040283,300.0,0.0445689335465431,0.0572083330092331
20220806.0,0.1143744215369224,0.1455917358398437,,,,,0.0012207403779029,,,,,,,,,,,,
20220922.0,0.147914320230484,0.1612126976251602,,,,,,,,,,,,,,,,,
20220923.0,0.1553502827882766,0.1454774141311645,,,,,0.0,,,,,,,,,,,,
20220924.0,0.1885225921869278,,0.1596713364124298,0.2037575095891952,0.2079764306545257,,0.0386059135198593,14.0,0.216533362865448,1.275159478187561,289.4418640136719,3.116430282592773,266.4595031738281,255.199951171875,2.9887940883636475,1.8655884265899656,300.0,0.1088299006223678,0.0985652185652567
20220925.0,0.2023129016160965,0.1899101138114929,0.2039874345064163,0.2413256764411926,0.237517848610878,,,14.0,0.216533362865448,1.275159478187561,288.6662292480469,3.1206960678100586,262.613525390625,252.71905517578125,0.471280425786972,1.277875900268555,300.0,0.1491816937923431,0.104954543777487
20220926.0,0.1983527839183807,0.1890199780464172,,,,0.0357426777482032,0.0628376081585884,,,,,,,,,,,,
20220927.0,0.2233702540397644,0.2128054648637771,0.2360605299472808,0.2498267143964767,0.2436567097902298,,,14.0,0.216533362865448,1.275159478187561,288.58477783203125,3.129289627075196,262.1183166503906,249.98654174804688,4.816892147064209,1.9262480735778809,300.0,0.1629637777805328,0.164458333825072
20220928.0,0.2765192091464996,0.2662535905838012,,,,0.079468548297882,0.1200903356075286,,,,,,,,,,,,
20220929.0,0.3363140523433685,0.2443291246891021,,,,0.0639346987009048,0.0751060545444488,,,,,,,,,,,,
20220930.0,0.3013317286968231,0.2403892874717712,0.2463514655828476,0.2956623435020447,0.2775473892688751,,,14.0,0.216533362865448,1.275159478187561,286.3900146484375,3.142049789428711,257.0645751953125,245.4930877685547,0.1130280122160911,1.7239692211151123,300.0,0.1753378212451934,0.213916666184862
20221001.0,0.2769728004932403,0.2454087436199188,,,,0.1134973689913749,0.1613513529300689,,,,,,,,,,,,
20221002.0,0.2663874924182892,0.2273987233638763,0.2344970703125,0.2311213612556457,0.2285098135471344,,,14.0,0.216533362865448,1.275159478187561,290.7255554199219,3.146719455718994,262.18133544921875,250.02798461914065,0.099990040063858,1.015332818031311,300.0,0.1802016198635101,0.183333334202568
20221003.0,0.2567135989665985,0.2214551419019699,0.2255033552646637,0.2306434512138366,0.2282914519309997,,0.0830408632755279,14.0,0.216533362865448,1.275159478187561,291.1594543457031,3.149061441421509,263.7705078125,252.7512664794922,0.0288429725915193,1.325527906417847,300.0,0.1582189053297042,0.175166666507721
20221004.0,0.2472423911094665,0.2008771449327469,,,,0.0613897144794464,0.0892056003212928,,,,,,,,,,,,
20221005.0,0.2382811456918716,0.1995449513196945,0.2074704319238662,0.2098614275455474,0.2119529992341995,,,14.0,0.216533362865448,1.275159478187561,292.2035217285156,3.1535863876342773,265.87921142578125,254.6455078125,0.0044001969508826,1.6204231977462769,300.0,0.1401036381721496,0.161666666467985
20221006.0,0.2337102741003036,0.1992067545652389,,,,0.0619189292192459,0.0923795253038406,,,,,,,,,,,,
20221007.0,0.2307289391756057,0.1632573455572128,,,,,,,,,,,,,,,,,
20221008.0,0.2278796583414077,0.2032190561294555,0.2122932523488998,0.1982154697179794,0.2027699947357177,,,14.0,0.216533362865448,1.275159478187561,291.041748046875,3.1604249477386475,267.5917663574219,256.41705322265625,0.42990642786026,0.9425621032714844,300.0,0.1287325024604797,0.196782609690791
20221009.0,0.2239694893360138,0.1875177323818206,,,,0.0589221753180027,0.0751365721225738,,,,,,,,,,,,
20221010.0,0.2173814922571182,0.1864821314811706,0.1863107681274414,0.1755734980106353,0.1848370879888534,,,14.0,0.216533362865448,1.275159478187561,292.0757751464844,3.165006637573242,269.19287109375,258.3199768066406,0.301586776971817,1.085714340209961,300.0,0.114948071539402,0.186083332945903
20221011.0,0.2180704921483993,0.1843806207180023,0.1847935765981674,0.162107229232788,0.1773514151573181,0.0389820151031017,0.0526139102876186,14.0,0.216533362865448,1.275159478187561,291.5433654785156,3.167304277420044,269.7578125,260.4361572265625,0.5220710635185242,1.1665722131729126,300.0,0.1036628037691116,0.178625001882513
20221012.0,0.2155176252126693,0.2038601636886596,,,,,0.0205389577895402,,,,,,,,,,,,
20221013.0,0.2217749506235122,0.1906819343566894,0.1877820491790771,0.158675730228424,0.1751420944929123,,,14.0,0.216533362865448,1.275159478187561,290.1049194335937,3.1718902587890625,269.26080322265625,260.2018127441406,3.5354933738708496,1.5482372045516968,300.0,0.0865196883678436,0.166916664689779
20221014.0,0.2496508061885833,0.2075415849685669,,,,0.0253797657787799,0.0555742047727108,,,,,,,,,,,,
20221015.0,0.2420675754547119,0.2093786746263504,,,,,,,,,,,,,,,,,
20221016.0,0.2314768433570861,0.1929040700197219,0.1752371340990066,0.1586761474609375,0.1704787313938141,0.0145241944119334,0.028229622170329,14.0,0.216533362865448,1.275159478187561,294.28955078125,3.179321527481079,270.3787841796875,259.4950866699219,0.0008616761188022,1.4427789449691772,300.0,0.106157973408699,0.157500003154079
20221017.0,0.2887760698795318,0.1983686983585357,,,,,0.0165715515613555,,,,,,,,,,,,
20221018.0,0.2858635485172272,0.1951442509889602,0.1718603372573852,0.1487282067537307,0.1644586771726608,,,14.0,0.216533362865448,1.275159478187561,294.8497009277344,3.192196846008301,272.2723388671875,262.3636474609375,0.0012993812561035,1.7321405410766602,300.0,0.0873711258172988,0.150958333785335
20221019.0,0.2693115174770355,0.1816114038228988,0.1685933023691177,0.1402231007814407,0.1630706191062927,0.0264594536274671,0.0623187981545925,14.0,0.216533362865448,1.275159478187561,296.2246398925781,3.198685884475708,272.8768310546875,264.88653564453125,0.6241500377655029,1.920156955718994,300.0,0.0794445499777793,0.147958335156242
20221020.0,0.2681853771209717,0.1958620250225067,,,,,,,,,,,,,,,,,
20221021.0,0.2812120616436004,0.1943003982305526,0.1723110079765319,0.1669799238443374,0.183803841471672,,0.033539842814207,14.0,0.216533362865448,1.275159478187561,292.4977111816406,3.212122917175293,271.0435791015625,262.9117126464844,0.861321747303009,1.6027135848999023,300.0,0.0863722041249275,0.153708330045144
20221022.0,0.2696789503097534,0.2049529105424881,,,,0.0232281554490327,0.0256355479359626,,,,,,,,,,,,
20221023.0,0.2575174272060394,0.1925812512636184,,,,,,,,,,,,,,,,,
20221024.0,0.2480148524045944,0.1946345269680023,0.1671375036239624,0.164857879281044,0.1772090494632721,0.0388261713087558,0.0628376081585884,14.0,0.216533362865448,1.275159478187561,291.14129638671875,3.232513427734375,270.3602905273437,260.33319091796875,0.0039199688471853,1.2643272876739502,300.0,0.0974229574203491,0.147666667898496
20221025.0,0.240933209657669,0.1716465353965759,,,,,,,,,,,,,,,,,
20221026.0,0.2341208159923553,0.1828375458717346,0.1633725017309188,0.1483390629291534,0.1661922037601471,,0.0404065065085887,14.0,0.216533362865448,1.275159478187561,292.7875671386719,3.2462875843048096,270.9308166503906,261.9169311523437,0.0,1.338710069656372,300.0,0.0913656204938888,0.140500001609325
20221027.0,0.2283362448215484,0.1875286102294922,0.1543998271226883,0.1246315240859985,0.1458480805158615,0.0318448767066001,0.0389416180551052,14.0,0.216533362865448,1.275159478187561,294.9531555175781,3.2532289028167725,273.80194091796875,264.7638854980469,0.2595341205596924,1.5272170305252075,300.0,0.0780570954084396,0.137749998519818
20221028.0,0.2215430438518524,0.1927255392074585,,,,,,,,,,,,,,,,,
20221029.0,0.2155166715383529,0.1893960386514663,0.1588643938302993,0.1502341330051422,0.1668548882007599,,0.0115359965711832,14.0,0.216533362865448,1.275159478187561,294.4916687011719,3.267300605773926,271.9920349121094,262.7027587890625,0.0012784129939973,1.2514561414718628,300.0,0.0882384404540062,0.131874999031425
20221030.0,0.2120468318462371,0.1660577058792114,,,,,0.0,,,,,,,,,,,,
20221031.0,0.2161977291107177,0.1743461936712265,,,,,,,,,,,,,,,,,
20221101.0,0.2674868404865265,0.1951890885829925,0.1373917609453201,0.1493429988622665,0.1738532334566116,0.0110728908330202,0.0321359895169734,14.0,0.216533362865448,1.275159478187561,288.8605651855469,3.2868356704711914,269.6459655761719,263.0437316894531,0.1009537950158119,1.0550875663757324,300.0,0.0773191601037979,0.127541668713093
20221102.0,0.2556676864624023,0.1927445530891418,,,,,,,,,,,,,,,,,
20221103.0,0.2480034679174423,0.178968146443367,0.1333117187023162,0.1257370859384536,0.1399490684270858,,0.0,14.0,0.216533362865448,1.275159478187561,287.922119140625,3.272170066833496,271.6185913085937,260.6009521484375,0.9971855282783508,1.0473484992980957,300.0,0.0888973176479339,0.128833333651225
20221104.0,0.3069718480110168,0.2360148578882217,0.2350530624389648,0.3440988957881927,0.3116947710514068,,0.0940580442547798,14.0,0.216533362865448,1.275159478187561,285.058837890625,3.264894962310791,253.89498901367188,241.08712768554688,11.224310874938965,2.9015562534332275,300.0,0.2976796329021454,0.236833332727353
20221106.0,0.2786908745765686,0.2227071821689605,0.1747158765792846,0.2616932690143585,0.247666597366333,0.0638093203306198,0.1066927090287208,14.0,0.216533362865448,1.275159478187561,285.2391357421875,3.2492637634277344,257.57647705078125,248.1146545410156,0.000852293043863,0.81303471326828,300.0,0.187667042016983,0.198541665449739
20221107.0,0.2679292261600494,0.2195765078067779,,,,,,,,,,,,,,,,,
20221108.0,0.260508120059967,0.2135201245546341,,,,,0.0446180626749992,,,,,,,,,,,,
20221109.0,0.2875393331050873,0.2211747914552688,0.1619538068771362,0.1969256848096847,0.2003831416368484,,0.0055543687194585,14.0,0.216533362865448,1.275159478187561,286.0909118652344,3.226273536682129,264.392822265625,253.78054809570312,6.120954513549805,1.021142601966858,300.0,0.1318352818489074,0.189875001708666
20221111.0,,,,,,,,14.0,0.216533362865448,1.275159478187561,286.3720703125,3.2111706733703613,260.6372985839844,249.212646484375,0.0004351138486526,0.7978467345237732,300.0,0.1741112917661667,0.184166666120291
20221112.0,,,,,,,,14.0,0.216533362865448,1.275159478187561,288.7557983398437,3.203686714172364,264.410888671875,249.4404296875,0.0025689601898193,0.8515245318412781,300.0,0.1672773361206054,0.176833334068457
20221114.0,,,,,,,,14.0,0.216533362865448,1.275159478187561,284.4976806640625,3.188758373260498,262.0939025878906,254.0846405029297,4.684978008270264,0.7368565797805786,300.0,0.1474916040897369,0.216952378551165
20221119.0,,,,,,,,14.0,0.216533362865448,1.275159478187561,281.1607971191406,3.187286376953125,255.1669006347656,241.6957397460937,5.740226268768311,1.5590718984603882,300.0,0.22677543759346,0.262208327651024
20221120.0,,,,,,,,14.0,0.216533362865448,1.275159478187561,281.46612548828125,3.196640491485596,253.8338165283203,242.41879272460932,0.6241335868835449,0.7766548991203308,300.0,0.2116151750087738,0.243666665628552
20221122.0,,,,,,,,14.0,0.216533362865448,1.275159478187561,281.089111328125,3.2170121669769287,248.71292114257807,234.09295654296875,9.660282135009766,2.803354263305664,300.0,0.3233643174171448,0.303458330531915
20221125.0,,,,,,,,14.0,0.216533362865448,1.275159478187561,282.5804138183594,3.248044490814209,250.8817443847656,237.4950408935547,14.261265754699709,1.038253903388977,300.0,0.2957786917686462,0.279454543509267
20221127.0,,,,,,,,14.0,0.216533362865448,1.275159478187561,281.9648742675781,3.269144058227539,250.18023681640625,236.51809692382807,3.16408634185791,0.6685747504234314,300.0,0.2708573341369629,0.23866666542987
20221128.0,,,,,,,,14.0,0.216533362865448,1.275159478187561,282.90313720703125,3.2798171043396,249.819076538086,236.2408142089844,15.10754680633545,1.8202391862869265,300.0,0.3166084289550781,0.300652172902356
20221130.0,0.3440358638763428,0.25812828540802,,0.3081670999526977,0.2853460907936096,,,14.0,0.216533362865448,1.275159478187561,280.0489196777344,3.3014907836914062,249.72743225097656,235.94772338867188,0.0004874029837083,0.5472716093063354,300.0,0.2352938652038574,0.255249997600913
20221201.0,0.3348703384399414,0.2707375288009643,,,,,0.0623493157327175,,,,,,,,,,,,
20221202.0,0.3285302221775055,0.251922070980072,,,,0.0828081369400024,0.1066927090287208,,,,,,,,,,,,
20221203.0,0.3295440673828125,0.2469816356897354,0.2071324735879898,0.2712689042091369,0.2537833452224731,,,14.0,0.216533362865448,1.275159478187561,278.4627380371094,3.332779884338379,250.68408203125,238.51007080078125,5.128756999969482,0.6730684638023376,300.0,0.2665896415710449,0.215999999394019
20221204.0,0.3479062020778656,0.2450053244829177,,,,0.0677956715226173,0.0438245795667171,,,,,,,,,,,,
20221205.0,0.3309177160263061,0.2445611506700515,0.2374033629894256,0.2551730573177337,0.2467047274112701,,0.104678489267826,14.0,0.216533362865448,1.275159478187561,278.70880126953125,3.326070070266724,250.2149353027344,234.8194580078125,0.0012934206752106,0.6457870006561279,300.0,0.229450911283493,0.206125000491738
20221206.0,0.3239296674728393,0.2692112922668457,0.2535318434238434,0.2503663301467895,0.2388169467449188,,,14.0,0.216533362865448,1.275159478187561,280.8450927734375,3.322726488113404,251.8575897216797,238.9176025390625,0.0031777082476764,0.3252088129520416,300.0,0.2262769490480423,0.200916666537523
20221207.0,0.3196721374988556,0.262965977191925,,,,0.0700553432106971,0.0726645737886428,,,,,,,,,,,,
20221208.0,0.320088118314743,,0.256998062133789,0.2417701631784439,0.2335801869630813,,,14.0,0.216533362865448,1.275159478187561,280.8691101074219,3.3148484230041504,252.88186645507807,238.4503631591797,2.3366506099700928,0.7610095739364624,300.0,0.241778016090393,0.195749999955297
20221209.0,0.3563944697380066,,,,,0.081907719373703,0.1650135815143585,,,,,,,,,,,,
20221210.0,0.3373101055622101,0.2774375975131988,,,,,0.0835901945829391,,,,,,,,,,,,
20221211.0,,0.2232273668050766,,0.2093762755393982,0.2065609991550445,,,,,,,,,,,,,,
20221212.0,0.341186910867691,0.2531339526176452,,,,0.0805088058114051,0.1097750812768936,,,,,,,,,,,,
20221213.0,0.3619824945926666,0.3030672073364258,,0.2561866641044616,0.2443670928478241,,,14.0,0.216533362865448,1.275159478187561,284.2091064453125,3.295536994934082,250.38604736328125,236.4076232910156,3.672106981277466,0.8375504612922668,300.0,0.2837529182434082,0.297250002622604
20221214.0,0.3637502193450928,0.2673141956329345,0.2975952923297882,0.2805220484733581,0.2624378502368927,,0.2275154888629913,14.0,0.216533362865448,1.275159478187561,284.22613525390625,3.29170560836792,250.7587738037109,237.08551025390625,2.961529016494751,0.6967020034790039,300.0,0.2737259268760681,0.293083333720764
20221215.0,0.3552268445491791,0.2674160897731781,,,,0.0845155045390129,0.1336100399494171,,,,,,,,,,,,
20221216.0,0.3822306990623474,0.2729250788688659,0.301425576210022,0.3648146092891693,0.3122594356536865,,,14.0,0.216533362865448,1.275159478187561,279.6598205566406,3.28409481048584,247.41439819335932,236.58042907714844,9.278197288513184,0.8508522510528564,300.0,0.3023940622806549,0.31162500133117
20221217.0,0.3573117554187774,0.2692293226718902,,,,0.118322342634201,0.1511276662349701,,,,,,,,,,,,
20221218.0,0.3463305532932281,0.2723040282726288,,,,,,,,,,,,,,,,,
20221219.0,0.3393456637859344,0.2685565948486328,0.2681891322135925,0.2735852301120758,0.2566064298152923,,0.1025116741657257,14.0,0.216533362865448,1.275159478187561,283.2370300292969,3.272289991378784,250.84066772460932,237.5608673095703,0.000426173210144,0.4091705083847046,300.0,0.2431388795375824,0.234749999518196
20221220.0,0.3384233117103576,0.2762836515903473,,,,0.1095027104020118,0.2134464532136917,,,,,,,,,,,,
20221221.0,0.3546095192432403,0.2860837280750274,0.2977975308895111,0.282688170671463,0.2648070156574249,,,14.0,0.216533362865448,1.275159478187561,285.1972351074219,3.25750470161438,251.94747924804688,238.10757446289065,0.7698912024497986,0.7381249070167542,300.0,0.2568498253822326,0.270749997347593
20221222.0,0.3473656475543976,0.2691754102706909,0.307094395160675,0.2933845818042755,0.2747933864593506,,0.0856959745287895,14.0,0.216533362865448,1.275159478187561,286.30255126953125,3.250172138214112,251.8319702148437,237.4178771972656,3.426926851272583,0.8655340671539307,300.0,0.27562016248703,0.24995833200713
20221223.0,0.3476658463478088,0.284917801618576,,,,,0.1431623250246048,,,,,,,,,,,,
20221224.0,0.3373230397701263,0.2808252573013305,0.3165546953678131,0.3097337484359741,0.2794030606746673,,,14.0,0.216533362865448,1.275159478187561,284.9119567871094,3.23532509803772,251.46548461914065,239.72384643554688,0.0056196725927293,0.5271685123443604,300.0,0.2470344603061676,0.232166667158405
20221225.0,0.3321113586425781,0.277300477027893,,,,0.1010502353310585,0.1177098900079727,,,,,,,,,,,,
20221227.0,,,,,,,,14.0,0.216533362865448,1.275159478187561,283.7033386230469,3.213397264480591,253.8976287841797,240.9979248046875,0.7468822002410889,0.4671114385128021,300.0,0.2407754361629486,0.234476192366509
20221229.0,,,,,,,,14.0,0.216533362865448,1.275159478187561,283.909423828125,3.198946475982666,254.09329223632807,239.60919189453125,8.763727188110352,0.760846734046936,300.0,0.251574158668518,0.224791665871938
20221230.0,,,,,,,,14.0,0.216533362865448,1.275159478187561,285.69403076171875,3.1920840740203857,252.1620178222656,240.8154296875,1.7565765380859375,1.143481969833374,300.0,0.2550194561481476,0.263041663914919
20230101.0,,,,,,,,14.0,0.216533362865448,1.275159478187561,285.9779968261719,3.1784744262695312,253.10348510742188,240.67529296875,0.019376203417778,0.8757985830307007,300.0,0.2304475009441375,0.231916666651765
20230104.0,,,,,,,,14.0,0.216533362865448,1.275159478187561,281.11865234375,3.178345203399658,250.140853881836,238.6329345703125,0.0088341636583209,0.5519236326217651,300.0,0.2331336289644241,0.206375000377496
20230105.0,0.3239343464374542,0.285623699426651,,,,,,,,,,,,,,,,,
20230106.0,0.3217154741287231,0.2619510591030121,0.2737106382846832,0.2416422069072723,0.2341598272323608,,0.0,14.0,0.216533362865448,1.275159478187561,282.3226318359375,3.1788530349731445,254.39825439453125,240.07931518554688,0.0474727191030979,0.377469539642334,300.0,0.2205787003040313,0.197249998648961
20230107.0,0.324906975030899,0.2709172368049621,0.2764627635478973,0.2671209573745727,0.2522150576114654,0.0566526614129543,0.0268562883138656,14.0,0.216533362865448,1.275159478187561,281.6473999023437,3.1790871620178223,251.8879852294922,238.8321533203125,10.686903953552246,0.6806449890136719,300.0,0.272686243057251,0.193500001604358
20230108.0,0.3787022829055786,0.2891693711280823,,,,,,,,,,,,,,,,,
20230109.0,0.3801787793636322,0.2931906580924988,0.3002638518810272,0.2883035540580749,0.2658239305019378,0.138529896736145,0.1826227605342865,14.0,0.216533362865448,1.275159478187561,281.0671081542969,3.1795554161071777,251.22897338867188,238.78692626953125,7.727426528930664,2.3385651111602783,300.0,0.3006999790668487,0.310791665067275
20230110.0,0.3603072166442871,0.30313441157341,,,,,0.0869472324848175,,,,,,,,,,,,
20230111.0,0.3575476706027984,0.2848954200744629,,,,,,,,,,,,,,,,,
20230112.0,0.3489238619804382,0.2883763313293457,0.2990951836109161,0.269607663154602,0.2553077638149261,0.099343791604042,0.1159398183226585,14.0,0.216533362865448,1.275159478187561,282.3280334472656,3.180258512496948,251.06149291992188,236.4590759277344,0.0027464760933071,0.619149923324585,300.0,0.2324264347553253,0.258708330492179
20230113.0,0.3445953130722046,0.2956000864505768,,,,,,,,,,,,,,,,,
20230114.0,0.3386406004428863,0.28057461977005,0.3000341355800628,0.2924246788024902,0.2657233774662018,0.1039428561925888,0.206549271941185,14.0,0.216533362865448,1.275159478187561,282.6451416015625,3.1807403564453125,249.78683471679688,237.6893615722656,0.0024733224418014,0.6584464311599731,300.0,0.2400145977735519,0.235749998440345
20230115.0,0.3488738238811493,0.2873501479625702,0.3072428107261657,0.29815673828125,0.26825150847435,,0.0971709340810775,14.0,0.216533362865448,1.275159478187561,281.82379150390625,3.180883884429932,250.627685546875,238.91140747070312,4.436622142791748,1.6416547298431396,300.0,0.2864858508110046,0.239875003695488
20230116.0,0.3795418441295624,0.2888825535774231,,,,,,,,,,,,,,,,,
20230117.0,0.3962369263172149,0.3190717399120331,0.325293093919754,0.4011826813220978,0.3464036881923675,0.1975087970495224,0.2620319128036499,14.0,0.216533362865448,1.275159478187561,278.6211853027344,3.181170701980591,241.9789886474609,228.9466552734375,20.099618911743164,2.664390802383423,300.0,0.3308951258659363,0.325958333909512
20230118.0,0.3729777038097381,0.2924550473690033,,,,,,,,,,,,,,,,,
20230119.0,0.3787167072296142,0.304799348115921,,,,,0.1795403957366943,,,,,,,,,,,,
20230120.0,0.3714759647846222,0.3023544549942016,0.3160390555858612,0.3316884338855743,0.3059211075305938,0.1433635652065277,0.0997955277562141,14.0,0.216533362865448,1.275159478187561,276.2685546875,3.174983024597168,243.51788330078125,228.81155395507807,0.0478046089410781,0.720756471157074,300.0,0.2948746681213379,0.296041666219632
20230121.0,0.359554648399353,0.2899175584316253,,,,,,,,,,,,,,,,,
20230122.0,0.3520187735557556,0.2725990414619446,,0.2819924056529999,0.2685595750808716,0.1184446737170219,0.1474654376506805,14.0,0.216533362865448,1.275159478187561,273.1620788574219,3.170682191848755,245.4310913085937,230.17539978027344,0.0103998901322484,0.4631900787353515,300.0,0.2559186518192291,0.25208333072563
20230123.0,0.3461785316467285,0.2930556833744049,0.2868300378322601,0.2539545893669128,0.2406750321388244,,,14.0,0.216533362865448,1.275159478187561,273.64019775390625,3.168544292449951,247.69406127929688,235.486083984375,0.3615423738956451,0.3245851099491119,300.0,0.2471081316471099,0.241833332305153
20230131.0,0.329491376876831,0.3049129247665405,0.2942174971103668,0.2476957291364669,0.2386526763439178,,,14.0,0.216533362865448,1.275159478187561,278.8210754394531,3.1514549255371094,249.05227661132807,234.6865234375,0.1772552877664566,0.3935722410678863,300.0,0.2406491041183471,0.209875000019868
20230201.0,0.3291856646537781,0.2986977398395538,,,,0.1086308285593986,0.126010924577713,,,,,,,,,,,,
20230202.0,0.3251687288284302,0.2828090786933899,0.2947624921798706,0.2675254344940185,0.2552317380905151,,0.0,14.0,0.216533362865448,1.275159478187561,277.7669677734375,3.1469621658325195,248.662841796875,234.05029296875,0.0030202555935829,0.6192225217819214,300.0,0.2320079356431961,0.197749998420477
20230203.0,0.3214857578277588,0.2908726334571838,,,,,,,,,,,,,,,,,
20230204.0,0.318866103887558,0.2862692475318908,,,,,0.0937833786010742,,,,,,,,,,,,
20230206.0,0.3141093552112579,0.2920976877212524,,,,0.1074192896485328,0.1243018880486488,,,,,,,,,,,,
20230207.0,0.3139674365520477,,0.2876651287078857,0.2625465095043182,0.2530506253242492,0.0496082566678524,,14.0,0.216533362865448,1.275159478187561,276.9212341308594,3.118172168731689,248.55368041992188,233.0219268798828,0.6615923047065735,0.6556858420372009,300.0,0.25396528840065,0.175499998033047
20230208.0,0.3124865591526031,0.2899076342582702,0.2895184159278869,0.2844130098819732,0.2666139006614685,,,14.0,0.216533362865448,1.275159478187561,278.7403259277344,3.112424373626709,246.9305877685547,232.9973602294922,0.000426173210144,0.8040582537651062,300.0,0.2450320422649383,0.171833330765367
20230209.0,0.3091180920600891,0.2845745086669922,,,,0.0251498520374298,0.0952177494764328,,,,,,,,,,,,
20230210.0,0.3067078292369842,0.2755436599254608,,0.2476911693811416,0.2445625960826873,,,14.0,0.216533362865448,1.275159478187561,276.1540832519531,3.1010210514068604,248.38784790039065,230.97332763671875,0.0008523463038727,0.7104248404502869,300.0,0.2336392849683761,0.164999998485049
20230211.0,0.30436971783638,0.2746934592723846,,,,,0.0648518353700637,,,,,,,,,,,,
20230212.0,0.3022607564926147,0.2839899361133575,,,,,0.0409253202378749,,,,,,,,,,,,
20230213.0,0.3002658784389496,0.2759101986885071,,0.2589777410030365,0.2464200258255005,,,14.0,0.216533362865448,1.275159478187561,279.0450744628906,3.084148645401001,248.66688537597656,234.4261932373047,0.0,0.7204163074493408,300.0,0.2298522740602493,0.156458337480823
20230214.0,0.2981105148792267,0.2841033041477203,,,,0.1084318310022354,0.1254310756921768,,,,,,,,,,,,
20230215.0,0.2957463264465332,0.285948783159256,0.2740258872509002,0.2419505715370178,0.2301427870988845,,,14.0,0.216533362865448,1.275159478187561,282.09356689453125,3.07301926612854,251.91940307617188,240.4979553222656,0.0030127994250506,0.9175871014595032,300.0,0.1973336488008499,0.150666665906707
20230216.0,0.2931064069271087,0.2753392159938812,0.2707155048847198,0.2560339868068695,0.2437962144613266,,,14.0,0.216533362865448,1.275159478187561,282.1552124023437,3.067771673202514,250.74688720703125,236.3663024902344,0.0,1.0213404893875122,300.0,0.2131945192813873,0.147625001147389
20230217.0,0.2906249165534973,0.2884772419929504,,,,0.078669898211956,0.0923184901475906,,,,,,,,,,,,
20230218.0,0.2882193624973297,0.2737147212028503,0.2707107067108154,0.262631893157959,0.2446674555540084,,,14.0,0.216533362865448,1.275159478187561,284.05523681640625,3.057361125946045,252.0243225097656,240.3192749023437,0.0021528156939893,1.0880969762802124,300.0,0.1986399590969085,0.140125000849366
20230219.0,0.2867113053798675,0.2816711068153381,,,,,0.0,,,,,,,,,,,,
20230220.0,0.2860239446163177,0.2720498740673065,,,,,3.051850944757461e-05,,,,,,,,,,,,
20230221.0,0.285597950220108,0.2787654995918274,0.26820108294487,0.2174012809991836,0.2121904492378235,,,14.0,0.216533362865448,1.275159478187561,284.6414489746094,3.0600056648254395,256.2641296386719,245.41555786132807,0.3383703529834747,0.9914529919624328,300.0,0.1795764118432998,0.129291666671634
20230223.0,0.3645960986614227,0.2982931733131408,0.2941133677959442,0.2661397159099579,0.2452193349599838,,,14.0,0.216533362865448,1.275159478187561,280.07745361328125,3.0623106956481934,253.1906890869141,243.2727508544922,21.502355575561523,1.1546225547790527,300.0,0.2619762122631073,0.243625000119209
20230224.0,0.3716457188129425,0.3093089461326599,0.2992006242275238,0.2878362238407135,0.2637651264667511,0.0936110168695449,0.1148106306791305,14.0,0.216533362865448,1.275159478187561,279.1072998046875,3.0634469985961914,249.17086791992188,236.60400390625,1.9668169021606443,1.6360198259353638,300.0,0.2853720188140869,0.299041664848725
20230225.0,0.3515328764915466,0.2898045480251312,,,,,0.0766014605760574,,,,,,,,,,,,
20230226.0,0.3413102030754089,0.2994890809059143,0.2935437560081482,0.2668929398059845,0.2544997632503509,,,14.0,0.216533362865448,1.275159478187561,278.0732421875,3.0657241344451904,249.62985229492188,234.31085205078125,0.0042310045100748,1.3028749227523804,300.0,0.2130123376846313,0.243499998624126
20230227.0,0.3336739242076874,0.2814836800098419,,,,0.1133231669664383,0.1570787727832794,,,,,,,,,,,,
20230228.0,0.3293344378471374,0.2801554203033447,,,,,,,,,,,,,,,,,
20230301.0,0.325344830751419,0.2871302664279938,,0.2511428594589233,0.2453889399766922,,0.0812097564339637,14.0,0.216533362865448,1.275159478187561,276.00146484375,3.0691497325897217,247.77426147460932,231.07669067382807,0.0008943683933466,0.9826092720031738,300.0,0.2357521951198578,0.212958334634701
20230302.0,0.3218747675418854,0.2825045883655548,,,,,0.0043641468510031,,,,,,,,,,,,
20230303.0,0.3201381862163543,0.2873923778533935,0.284136414527893,0.2472081780433654,0.235165387392044,,,14.0,0.216533362865448,1.275159478187561,278.75006103515625,3.071444272994995,250.4556884765625,237.91001892089844,0.1188082471489906,0.8624922633171082,300.0,0.2071860134601593,0.198625000193715
20230304.0,0.3167097568511963,0.2938842475414276,0.2781401574611664,0.2304963171482086,0.2225794196128845,0.0948544591665268,0.1254921108484268,14.0,0.216533362865448,1.275159478187561,279.1449890136719,3.072564125061035,252.0660095214844,239.6259765625,0.0013388817897066,0.8398027420043945,300.0,0.1905595958232879,0.1919166619579
20230305.0,0.3127233684062958,0.2806510627269745,,,,,,,,,,,,,,,,,
20230306.0,0.3095861375331878,0.2793651819229126,0.2600098252296448,0.2102354317903518,0.2070355713367462,,,14.0,0.216533362865448,1.275159478187561,277.4991149902344,3.074808120727539,253.7279815673828,241.281005859375,0.025545384734869,0.5626076459884644,300.0,0.1847027093172073,0.178291670357188
20230307.0,0.3342511355876922,0.2776077389717102,,,,0.0918793454766273,0.0814233869314193,,,,,,,,,,,,
20230308.0,0.3457936942577362,0.297465980052948,,,,,,,,,,,,,,,,,
20230309.0,0.3652297854423523,0.3049769103527069,0.3011541962623596,0.2705518901348114,0.2523902952671051,0.0669185444712638,0.0726950913667678,14.0,0.216533362865448,1.275159478187561,286.4612731933594,3.076190710067749,252.5424194335937,239.98312377929688,5.495859622955322,1.9464102983474727,300.0,0.2839052081108093,0.273708334813515
20230310.0,0.3527325689792633,0.3132993578910827,,,,,,,,,,,,,,,,,
20230311.0,0.3724585175514221,0.318004846572876,0.3073105216026306,0.2702571451663971,0.2543115019798279,,,14.0,0.216533362865448,1.275159478187561,286.2825622558594,3.077054738998413,254.40142822265625,240.53355407714844,13.612119674682615,1.8180774450302124,300.0,0.2731092572212219,0.293666664510965
20230312.0,0.3673435747623443,0.3125964403152466,0.3046890497207641,0.2762006819248199,0.255029022693634,,0.0372936204075813,14.0,0.216533362865448,1.275159478187561,287.03863525390625,3.077488899230957,254.4691162109375,242.6576385498047,1.1688411235809326,1.2802752256393433,300.0,0.2242967784404754,0.286458334575097
20230313.0,0.3513129949569702,0.3050076961517334,,,,,,,,,,,,,,,,,
20230314.0,0.364225298166275,0.2965855300426483,0.3100804984569549,0.2998016476631164,0.2787929177284241,0.1096412613987922,0.1478316634893417,14.0,0.216533362865448,1.275159478187561,283.6075744628906,3.0783581733703613,252.39002990722656,237.9462738037109,8.027663230895996,2.71426010131836,300.0,0.3045218884944916,0.292136361653155
20230315.0,0.3568302094936371,0.3060726821422577,,,,,0.1795098781585693,,,,,,,,,,,,
20230316.0,0.3432099819183349,0.2992782294750213,,,,,,,,,,,,,,,,,
20230317.0,0.3364845514297485,0.2984130680561065,0.3095526397228241,0.2845361530780792,0.2622168064117431,0.1242332682013511,0.2107913494110107,14.0,0.216533362865448,1.275159478187561,286.8742370605469,3.079663276672364,253.38922119140625,240.82879638671875,1.40468168258667,1.7715450525283811,300.0,0.2582986950874328,0.234666665395101
20230318.0,0.3351881504058838,0.296853095293045,,,,,,,,,,,,,,,,,
20230319.0,0.334589272737503,0.2929174304008484,0.3037993311882019,0.2511051297187805,0.2370519936084747,,0.1535386145114898,14.0,0.216533362865448,1.275159478187561,284.8680725097656,3.080533981323242,256.230712890625,244.5936584472656,1.088506102561951,1.6459342241287231,300.0,0.1845482140779495,0.223958334575097
20230320.0,0.3267125785350799,0.3034002482891083,0.3046215176582336,0.2383777201175689,0.2283598929643631,0.0718077346682548,0.0632953867316246,14.0,0.216533362865448,1.275159478187561,284.7365417480469,3.0809717178344727,255.9105987548828,243.33526611328125,0.0476478822529315,1.5178710222244265,300.0,0.1685939133167266,0.215125001346072
20230321.0,0.3205613493919372,0.2926908731460571,,,,,,,,,,,,,,,,,
20230322.0,0.3156361579895019,0.2882832586765289,0.3013560771942138,0.2714616060256958,0.2499451637268066,0.0969276204705238,0.1285744756460189,14.0,0.216533362865448,1.275159478187561,286.90118408203125,3.081847906112671,253.94192504882807,243.61260986328125,0.0199958607554435,1.6751337051391602,300.0,0.1971263587474823,0.191458332041899
20230323.0,0.3089648187160492,0.2969780564308166,,,,,,,,,,,,,,,,,
20230324.0,0.3053551614284515,0.2876779437065124,,,,,0.0620441287755966,,,,,,,,,,,,
20230325.0,0.301124095916748,0.2902774810791015,0.2968279719352722,0.2194213420152664,0.2138132750988006,0.0501216761767864,0.0776085704565048,14.0,0.216533362865448,1.275159478187561,286.5248718261719,3.0833098888397217,258.1937255859375,245.4000244140625,0.0066537600941956,1.8140265941619875,300.0,0.1595622301101684,0.166583335027099
20230326.0,0.3151187002658844,0.2861450314521789,,,,,,,,,,,,,,,,,
20230328.0,0.3117934763431549,0.2897289395332336,0.2995114326477051,0.2336849421262741,0.2267263829708099,,0.0885341987013816,14.0,0.216533362865448,1.275159478187561,286.38824462890625,3.084780216217041,255.9815368652344,241.36895751953125,0.0,2.242121934890747,300.0,0.2059776335954666,0.204541663949688
20230329.0,0.2998513281345367,0.2885639667510986,,,,,,,,,,,,,,,,,
20230330.0,0.2924768030643463,0.2884371876716614,0.302278995513916,0.2516443133354187,0.2392284721136093,0.0570606142282485,0.0723288655281066,14.0,0.216533362865448,1.275159478187561,289.01092529296875,3.085761547088623,258.20196533203125,245.1049652099609,0.1064647436141967,1.5727853775024414,300.0,0.1955156177282333,0.170208332439264
20230331.0,0.2933636009693146,0.2855080664157867,,,,,,,,,,,,,,,,,
20230401.0,0.3141568005084991,,,,,0.0593838989734649,0.0854823440313339,,,,,,,,,,,,
20230403.0,0.3357775807380676,0.2867192029953003,,,,,,,,,,,,,,,,,
20230404.0,0.3214286863803863,0.2848750352859497,0.2848281860351562,0.2601861655712127,0.2472900152206421,,6.103701889514923e-05,14.0,0.216533362865448,1.275159478187561,282.9599914550781,3.088151693344116,253.8062744140625,240.48095703125,0.0,2.0696957111358643,300.0,0.2002481967210769,0.227874998624126
20230405.0,0.3105842173099518,0.2806416153907776,0.2870226502418518,0.2408352792263031,0.2324645817279815,,,14.0,0.216533362865448,1.275159478187561,283.2242431640625,3.089113712310791,254.6693115234375,241.26803588867188,0.0008523463038727,2.2532825469970703,300.0,0.1955911368131637,0.205583332106471
20230406.0,0.303329586982727,0.2798746228218078,,,,,3.051850944757461e-05,,,,,,,,,,,,
20230407.0,0.2960528135299682,0.2831725776195526,0.2739386856555938,0.2284557819366455,0.2222440540790558,0.0741729214787483,0.0663472414016723,14.0,0.216533362865448,1.275159478187561,285.6012878417969,3.0910403728485107,257.385498046875,245.45736694335932,0.000857361825183,2.214750289916992,300.0,0.1545046865940094,0.166791666299105
20230408.0,0.2878316938877105,0.2815326750278473,,,,,,,,,,,,,,,,,
20230409.0,0.2798603177070617,0.2687582075595855,,,,0.016331372782588,0.1031220406293869,,,,,,,,,,,,
20230410.0,0.2735919058322906,0.274608165025711,0.2785491049289703,0.1858255565166473,0.1885694861412048,,,14.0,0.216533362865448,1.275159478187561,288.1951904296875,3.1288838386535645,263.1820678710937,250.90138244628903,0.001713007572107,1.9894136190414429,300.0,0.1241640821099281,0.122083334252238
20230411.0,0.2690265774726867,0.2747491598129272,,,,,0.0467238388955593,,,,,,,,,,,,
20230412.0,0.282847911119461,0.2751603126525879,0.2706981301307678,0.1765435189008712,0.1846333891153335,,,14.0,0.216533362865448,1.275159478187561,283.4666442871094,3.155937433242798,263.69073486328125,253.78033447265625,5.472977161407471,2.2795186042785645,300.0,0.0988854095339775,0.106291666006049
20230415.0,0.3383788764476776,0.3069743812084198,0.3072742521762848,0.2765282690525055,0.2578078806400299,,0.02252265997231,14.0,0.216533362865448,1.275159478187561,284.8948974609375,3.1976325511932373,254.0598602294922,241.901123046875,0.5167040824890137,2.4190173149108887,300.0,0.2470861673355102,0.257428570872261
20230416.0,0.3210512399673462,0.2866964638233185,,,,,,,,,,,,,,,,,
20230417.0,0.3110556900501251,0.2733460664749145,,,,,0.0940580442547798,,,,,,,,,,,,
20230418.0,0.3044126331806183,0.2788744866847992,0.2926234006881714,0.2256601452827453,0.2201274037361145,,,14.0,0.216533362865448,1.275159478187561,285.49365234375,3.2407901287078857,257.6781005859375,245.76461791992188,0.2750039398670196,1.9844251871109009,300.0,0.1727623641490936,0.181291664640109
20230419.0,0.2967775166034698,0.2716517746448517,,,,0.0478902086615562,0.0566728711128234,,,,,,,,,,,,
20230420.0,0.287689745426178,0.2773928344249725,0.2787310779094696,0.2096345871686935,0.2074997276067733,,3.051850944757461e-05,14.0,0.216533362865448,1.275159478187561,289.8538818359375,3.2704615592956543,260.751220703125,247.82485961914065,0.0856865867972374,2.615569829940796,300.0,0.1892845332622528,0.143791668117046
20230421.0,0.2794083058834076,0.2722779214382171,0.2785103023052215,0.1809495985507965,0.1835832148790359,,,14.0,0.216533362865448,1.275159478187561,289.9009704589844,3.2848825454711914,264.10772705078125,250.8329467773437,0.1861996948719024,2.7779672145843506,300.0,0.1552442610263824,0.128708335570991
20230422.0,0.3111994564533233,0.285493403673172,,,,,,,,,,,,,,,,,
20230423.0,0.3428203463554382,,0.2913936972618103,0.1998837739229202,0.1994130909442901,,,14.0,0.216533362865448,1.275159478187561,285.3696594238281,3.314172744750977,261.2698669433594,245.2610321044922,8.738216400146484,2.275178909301758,300.0,0.2273161709308624,0.235874998693665
20230424.0,0.340347409248352,0.2934304475784302,,,,,0.1024811565876007,,,,,,,,,,,,
20230426.0,0.3493074476718902,0.295838862657547,0.3030226230621338,0.2246461063623428,0.2207312285900116,,,14.0,0.216533362865448,1.275159478187561,288.53155517578125,3.312796115875244,259.65948486328125,244.8094482421875,4.604633808135986,1.773093342781067,300.0,0.2402903735637664,0.276958332707485
20230427.0,0.3466841876506805,0.2993371486663818,,,,0.1176048219203949,0.153935357928276,,,,,,,,,,,,
20230428.0,0.3274568617343902,0.2802334725856781,0.2981317639350891,0.221180573105812,0.2171338498592376,,,14.0,0.216533362865448,1.275159478187561,294.31866455078125,3.310534954071045,262.550048828125,249.1487274169922,0.4711971879005432,3.000077247619629,300.0,0.2213769406080246,0.226833332329988
20230429.0,0.3734958171844482,0.2769407927989959,0.2959751188755035,0.1775261163711547,0.1796660125255584,,0.0315866582095623,14.0,0.216533362865448,1.275159478187561,291.22564697265625,3.309450149536133,267.27783203125,252.46348571777344,30.29929542541504,3.158030271530152,300.0,0.1972354799509048,0.209250000615915
20230430.0,0.375437468290329,0.2894465327262878,,,,,0.0471205785870552,,,,,,,,,,,,
20230501.0,0.3619302213191986,0.2931180298328399,0.3048454821109772,0.2500157058238983,0.2390908896923065,,,14.0,0.216533362865448,1.275159478187561,288.11767578125,3.307283401489258,259.567138671875,247.6534118652344,1.0187571048736572,2.32654333114624,300.0,0.2085712254047393,0.277083332339923
20230502.0,0.3430004715919494,0.2794410586357116,,,,0.0636761635541915,0.0628376081585884,,,,,,,,,,,,
20230503.0,0.3265226483345032,0.2770184278488159,,,,,0.0297860652208328,,,,,,,,,,,,
20230504.0,0.3144344687461853,0.2738093137741089,0.2901211082935333,0.1707377433776855,0.1723641455173492,,,14.0,0.216533362865448,1.275159478187561,292.2963562011719,3.304039478302002,267.3427734375,250.8466796875,0.0722209140658378,2.9432296752929688,300.0,0.1607531011104583,0.186749998480082
20230505.0,0.306700736284256,0.2672184705734253,,,,,0.0210272539407014,,,,,,,,,,,,
20230506.0,0.3036434054374695,0.2718320786952972,0.2749689221382141,0.1695261895656585,0.1723814010620117,,,14.0,0.216533362865448,1.275159478187561,293.193603515625,3.3018715381622314,268.3453674316406,253.43101501464844,1.628718018531799,3.39187240600586,300.0,0.1697183102369308,0.144541667153438
20230507.0,0.3102116584777832,0.2691604495048523,0.2658660113811493,0.1633317470550537,0.170917347073555,,,14.0,0.216533362865448,1.275159478187561,290.3251037597656,3.300858497619629,268.8948059082031,256.8241577148437,2.318859815597534,2.813394546508789,300.0,0.1151525229215622,0.130291666835546
20230508.0,0.3039122223854065,0.2756201922893524,,,,,,,,,,,,,,,,,
20230509.0,0.3235199451446533,0.2648271024227142,0.2562513947486877,0.1603054851293563,0.1698152422904968,,,14.0,0.216533362865448,1.275159478187561,286.9778137207031,3.298834562301636,268.0574951171875,256.7355651855469,7.561076164245605,2.144941806793213,300.0,0.0938628241419792,0.16537499986589
20230510.0,0.3282580375671386,0.2829359471797943,,,,,3.051850944757461e-05,,,,,,,,,,,,
20230511.0,0.3322124779224396,0.2786498665809631,,,,,,,,,,,,,,,,,
20230512.0,0.3501518070697784,0.2860919833183288,0.2912904918193817,0.2731435894966125,0.2590910792350769,,0.104709006845951,14.0,0.216533362865448,1.275159478187561,285.2328186035156,3.3005306720733643,256.340087890625,243.109375,8.45523452758789,3.0559446811676025,300.0,0.2775557339191437,0.266136361794038
20230513.0,0.3616016209125519,0.3035521209239959,,,,0.044690940529108,0.0473952442407608,,,,,,,,,,,,
20230514.0,0.366929829120636,0.2867240011692047,0.2672770023345947,0.2097020447254181,0.2100776433944702,,,14.0,0.216533362865448,1.275159478187561,287.4001770019531,3.301801919937134,261.66119384765625,244.592025756836,9.227275848388672,3.004737377166748,300.0,0.251396507024765,0.233208331589897
20230515.0,0.3741866052150726,0.2794986963272095,0.270123153924942,0.2227310836315155,0.2197823822498321,0.0414931774139404,0.0854823440313339,14.0,0.216533362865448,1.275159478187561,286.9383544921875,3.302433490753174,261.2958068847656,246.7220764160156,6.391079902648926,3.00324821472168,300.0,0.2276713401079177,0.289500001479279
20230516.0,0.3662491142749786,0.2931424379348755,,,,,,,,,,,,,,,,,
20230517.0,0.3430991470813751,0.2849397957324981,0.266205757856369,0.2268168330192566,0.2239703238010406,,0.0408948026597499,14.0,0.216533362865448,1.275159478187561,286.68133544921875,3.303696870803833,259.00128173828125,243.59161376953125,0.001708298921585,3.0371367931365967,300.0,0.2164780646562576,0.244541665539145
20230518.0,0.3302976787090301,0.2694649696350097,,,,,,,,,,,,,,,,,
20230519.0,0.3224204182624817,0.263651430606842,,,,,,,,,,,,,,,,,
20230520.0,0.3143600225448608,0.2650932967662811,0.2640373110771179,0.1824662089347839,0.1841179430484771,0.0392812453210353,0.0601214654743671,14.0,0.216533362865448,1.275159478187561,289.0973205566406,3.305594682693481,264.57440185546875,249.7930145263672,0.1195136234164238,2.771680355072021,300.0,0.1548500657081604,0.179666669418414
20230521.0,0.3082147538661957,0.2649241685867309,,,,,0.0003357036039233,,,,,,,,,,,,
20230522.0,0.3185853958129883,0.2739742994308471,0.2506261169910431,0.1718647629022598,0.1762773245573043,,,14.0,0.216533362865448,1.275159478187561,290.78961181640625,3.3068511486053467,266.13525390625,252.9746551513672,8.946833610534668,2.617948532104492,300.0,0.1728495508432388,0.158083332702518
20230523.0,0.3601453602313995,0.2820361852645874,0.2735031247138977,0.2002372741699218,0.2001261413097381,,,14.0,0.216533362865448,1.275159478187561,291.17974853515625,3.3075547218322754,264.5360107421875,250.9288330078125,8.681668281555176,2.797670841217041,300.0,0.2066430151462555,0.198499998698632
20230524.0,0.3559131324291229,0.3071072101593017,,,,,,,,,,,,,,,,,
20230525.0,0.3397688269615173,0.2811984121799469,0.2746142745018005,0.2477620840072631,0.2401109635829925,0.0566637888550758,0.0985747873783111,14.0,0.216533362865448,1.275159478187561,289.8297119140625,3.3089632987976074,260.20855712890625,245.4864501953125,0.0954980105161666,3.08927321434021,300.0,0.215856984257698,0.229458331440886
20230526.0,0.3246850967407226,0.2758075296878814,,,,,0.0,,,,,,,,,,,,
20230527.0,0.3115736842155456,0.2601886689662933,,,,,,,,,,,,,,,,,
20230528.0,0.3152580559253692,0.2541396915912628,0.2620219588279724,0.1954015642404556,0.1982154846191406,,,14.0,0.216533362865448,1.275159478187561,294.6125793457031,3.3161983489990234,267.16265869140625,256.1456298828125,6.5065507888793945,3.6579127311706543,300.0,0.1648787558078766,0.172583332906167
20230529.0,0.3317703604698181,0.3043686747550964,,,,,,,,,,,,,,,,,
20230530.0,0.3199547827243805,0.2832054793834686,0.2822594046592712,0.2357021421194076,0.2343746721744537,,0.1112704873085022,14.0,0.216533362865448,1.275159478187561,293.78515625,3.321193218231201,263.7333374023437,246.55812072753903,0.896905779838562,3.529913663864136,300.0,0.2315255403518676,0.149291665603717
20230531.0,0.3099630177021026,0.2935636043548584,0.2738836705684662,0.2280337512493133,0.2235076576471328,,0.1515243947505951,14.0,0.216533362865448,1.275159478187561,294.2789306640625,3.323691844940185,264.903076171875,250.70489501953125,2.088761568069458,3.86828351020813,300.0,0.2068278789520263,0.167904760865938
20230601.0,0.3335401117801666,0.2788698673248291,,,,,,,,,,,,,,,,,
20230602.0,0.3144217729568481,0.2786390781402588,0.265033096075058,0.2208689749240875,0.2186340093612671,0.0624716617166996,0.1077608540654182,14.0,0.216533362865448,1.275159478187561,294.6179504394531,3.328701972961426,264.3255615234375,248.85633850097656,0.735126793384552,4.088000774383545,300.0,0.2196549922227859,0.22158333286643
20230603.0,0.3276751041412353,0.2678563892841339,,,,,,,,,,,,,,,,,
20230604.0,0.3406002223491668,0.2732837796211242,,,,,0.0906704887747764,,,,,,,,,,,,
20230605.0,0.3289053440093994,0.2648771703243255,0.2701651155948639,0.2144398987293243,0.2124382406473159,,0.265114277601242,14.0,0.216533362865448,1.275159478187561,294.69854736328125,3.3362486362457275,266.5003662109375,253.45065307617188,0.3181197643280029,3.841329336166382,300.0,0.1736089885234832,0.171652176457903
20230606.0,0.3115122020244598,0.2611269056797027,,,,,,,,,,,,,,,,,
20230607.0,0.2994892597198486,0.2873862981796264,0.2722067236900329,0.2052846997976303,0.2051073759794235,0.0351527445018291,0.0648823529481887,14.0,0.216533362865448,1.275159478187561,296.0119323730469,3.341306686401367,267.4189758300781,254.12860107421875,0.0173867419362068,3.615467548370361,300.0,0.1672388166189193,0.152249999965231
20230608.0,0.2927776277065277,0.2563304603099823,0.2656861245632171,0.1622939705848693,0.1691237539052963,,0.0348521396517753,14.0,0.216533362865448,1.275159478187561,296.0150451660156,3.3437979221343994,271.8365173339844,259.03302001953125,1.815979242324829,3.377229690551758,300.0,0.1291433274745941,0.136875001092752
20230609.0,0.3395158052444458,0.2667056024074554,,,,,,,,,,,,,,,,,
20230610.0,0.3371923565864563,0.2796694636344909,0.2763588428497314,0.2226121127605438,0.2213167250156402,,,14.0,0.216533362865448,1.275159478187561,294.87060546875,3.348792791366577,265.99786376953125,250.0414123535156,1.4708360433578491,3.6117427349090576,300.0,0.2132452428340912,0.180291668201486
20230611.0,0.3404047787189483,0.2759619057178497,,,,,,,,,,,,,,,,,
20230612.0,0.3586255609989166,0.2709211111068725,,,,0.0545975118875503,0.0881069377064704,,,,,,,,,,,,
20230613.0,0.3663553297519684,0.2750298678874969,0.2822380065917969,0.2523032426834106,0.2439974993467331,,0.0382091738283634,14.0,0.216533362865448,1.275159478187561,292.4940490722656,3.353289604187012,263.72052001953125,250.10919189453125,17.313879013061523,2.75778865814209,300.0,0.2360011637210846,0.292000001917283
20230614.0,0.368933767080307,0.2958248853683471,,,,,,,,,,,,,,,,,
20230615.0,0.3459176123142242,0.2630766630172729,0.2774599492549896,0.2369368076324463,0.2316562086343765,,,14.0,0.216533362865448,1.275159478187561,294.4363708496094,3.356205701828003,264.8412475585937,251.51266479492188,0.2494707852602005,3.665168285369873,300.0,0.1930330693721771,0.236333332955837
20230616.0,0.3282319009304046,0.2625464797019958,0.2774998247623443,0.1929967105388641,0.1961572617292404,,,14.0,0.216533362865448,1.275159478187561,295.70611572265625,3.357668876647949,268.333984375,255.7784423828125,0.0021413227077573,4.003666400909424,300.0,0.1524585783481598,0.207124998793006
20230617.0,0.3185995221138,0.2509044408798218,,,,,0.0925321206450462,,,,,,,,,,,,
20230618.0,0.3415957987308502,0.2906492948532104,0.2835328578948974,0.283914178609848,0.2660362422466278,0.0103283273056149,,14.0,0.216533362865448,1.275159478187561,296.0533447265625,3.3605990409851074,263.19140625,251.70672607421875,7.963279247283935,3.483060598373413,300.0,0.2315486967563629,0.241695651541586
20230619.0,0.3530982732772827,0.2844876050949096,,,,,,,,,,,,,,,,,
20230620.0,0.3476004600524902,0.2108993083238601,,,,0.1413692086935043,0.2681051194667816,,,,,,,,,,,,
20230621.0,0.3759299218654632,0.3296965062618255,0.3021856844425201,0.3225359916687011,0.2985709607601166,,,14.0,0.216533362865448,1.275159478187561,293.9846496582031,3.3650050163269043,260.4142761230469,247.69093322753903,24.43815040588379,3.39307188987732,300.0,0.2702325582504272,0.280250001698732
20230622.0,0.3795167207717895,0.3090978562831878,,,,,0.1922971308231353,,,,,,,,,,,,
20230623.0,0.3503051102161407,0.2928623557090759,0.2914646863937378,0.3090770542621612,0.2910952866077423,0.1390663385391235,0.2395397871732711,14.0,0.216533362865448,1.275159478187561,295.0589599609375,3.367948293685913,260.0477905273437,246.7613525390625,0.0047280164435505,3.9906609058380127,300.0,0.2425249814987182,0.238416664923231
20230624.0,0.33100426197052,0.2751195132732391,0.2933626770973205,0.2677075564861297,0.2591212093830108,,,14.0,0.216533362865448,1.275159478187561,297.0515441894531,3.3694276809692383,263.49298095703125,249.87680053710932,0.0017225741175934,4.860790252685547,300.0,0.2188023626804351,0.204458331068357
20230625.0,0.3153267204761505,0.2484469413757324,,,,0.0370590314269065,0.0596636869013309,,,,,,,,,,,,
20230626.0,0.30678191781044,0.2616510689258575,0.2770596742630005,0.224535271525383,0.2237490266561508,,,14.0,0.216533362865448,1.275159478187561,295.363037109375,3.3723905086517334,268.2777099609375,255.7019805908203,0.5404529571533203,3.4178545475006104,300.0,0.1611596196889877,0.153916669388612
20230627.0,0.2956675291061401,0.2404669374227523,,,,,,,,,,,,,,,,,
20230628.0,0.2825194895267486,0.2407217919826507,,,,,,,,,,,,,,,,,
20230629.0,0.2719326615333557,0.2473139017820358,0.2696127295494079,0.1770627647638321,0.1836276203393936,,,14.0,0.216533362865448,1.275159478187561,294.762939453125,3.3772215843200684,271.20367431640625,258.36572265625,0.0655755028128624,3.3956027030944824,300.0,0.11761374771595,0.108666667404274
20230630.0,0.2677031755447387,0.2420858591794967,,,,,0.0217596981674432,,,,,,,,,,,,
20230701.0,0.2734695971012115,0.2591429650783539,0.258718192577362,0.1648668497800827,0.1747796833515167,,0.019226660951972,14.0,0.216533362865448,1.275159478187561,292.26220703125,3.3804619312286377,270.9369506835937,259.1488952636719,2.252492427825928,2.395324230194092,300.0,0.1128173097968101,0.10375000089407
20230702.0,0.2849595844745636,0.266386479139328,0.2893635034561157,0.2139702588319778,0.2165901958942413,,,14.0,0.216533362865448,1.275159478187561,293.71514892578125,3.3820841312408447,267.07330322265625,255.314697265625,2.3897736072540283,3.1282944679260254,300.0,0.1684704571962356,0.137157896631642
20230703.0,0.2769541442394256,0.2402135282754898,,,,,0.0,,,,,,,,,,,,
20230704.0,0.2674343883991241,0.2286351323127746,,0.1697999387979507,0.1794842332601547,,,14.0,0.216533362865448,1.275159478187561,294.08447265625,3.385333299636841,271.59210205078125,259.7975158691406,0.7151881456375122,2.954580545425415,300.0,0.1101241111755371,0.112166665804883
20230705.0,0.2664568424224853,0.228577435016632,,,,,0.0418408773839473,,,,,,,,,,,,
20230706.0,0.2650825083255768,0.2178061157464981,,,,,0.0161748100072145,,,,,,,,,,,,
20230707.0,0.256453275680542,0.1920658648014068,0.2575323283672333,0.1413031220436096,0.1564359217882156,,,14.0,0.216533362865448,1.275159478187561,297.9830627441406,3.390219688415528,274.64068603515625,263.777587890625,1.510909080505371,3.905361652374268,300.0,0.0967876464128494,0.098958333954215
20230708.0,0.2515712678432464,0.2707855105400085,,,,0.0912019088864326,0.078127384185791,,,,,,,,,,,,
20230709.0,0.2371985465288162,0.2446207255125045,0.2567720115184784,0.1908541470766067,0.1979456394910812,,,14.0,0.216533362865448,1.275159478187561,299.05279541015625,3.393484592437744,272.4187316894531,260.55426025390625,0.0374673642218112,3.880571365356445,300.0,0.1225584521889686,0.0887916665524244
20230710.0,0.2244046330451965,0.2424495816230774,0.254109263420105,0.1790067702531814,0.1858408153057098,,0.0414746552705764,14.0,0.216533362865448,1.275159478187561,300.07470703125,3.395124673843384,273.24822998046875,260.23779296875,0.0038991023320704,3.905562400817871,300.0,0.1259954273700714,0.0819999988501271
20230711.0,0.2130894958972931,0.2416466474533081,,,,,,,,,,,,,,,,,
20230712.0,0.2061265558004379,0.2178794741630554,0.2347846925258636,0.16157066822052,0.1801211088895797,,,14.0,0.216533362865448,1.275159478187561,295.95098876953125,3.398409605026245,274.0018920898437,265.0190734863281,0.1960112750530243,2.5787463188171387,300.0,0.0751553922891616,0.0758333336561918
20230713.0,0.2003120630979538,0.1930287033319473,,,,,3.051850944757461e-05,,,,,,,,,,,,
20230714.0,0.1909077316522598,0.1987414211034774,,,,,,,,,,,,,,,,,
20230715.0,0.1859329938888549,0.2255306988954544,0.2354288548231125,0.1331555247306823,0.1615609973669052,,,14.0,0.216533362865448,1.275159478187561,295.0475158691406,3.4036872386932373,275.88690185546875,268.4455871582031,0.2332210093736648,1.626315712928772,300.0,0.0649393796920776,0.0714166667312384
20230716.0,0.1843314617872238,0.214330181479454,,,,,,,,,,,,,,,,,
20230717.0,0.1782162189483642,0.2105183601379394,0.2111269980669021,0.1432732492685318,0.1675560623407364,,,14.0,0.216533362865448,1.275159478187561,297.05523681640625,3.4072251319885254,273.4520568847656,265.32489013671875,0.0008523463038727,3.165818452835083,300.0,0.0770538449287414,0.0700833338002364
20230718.0,0.1705493032932281,0.2059450596570968,0.2261696308851242,0.1232191324234008,0.1517506837844848,,,14.0,0.216533362865448,1.275159478187561,300.4228515625,3.40899658203125,276.1693725585937,268.4383544921875,0.0012841464485973,3.269939661026001,300.0,0.0711554065346717,0.069124998524785
20230719.0,0.1637437343597412,0.2008805721998214,,,,,,,,,,,,,,,,,
20230720.0,0.1588350534439087,0.2012474685907364,0.2021936476230621,0.1313927918672561,0.1569906324148178,,,14.0,0.216533362865448,1.275159478187561,296.2156982421875,3.4125452041625977,274.92681884765625,266.66827392578125,0.0083822337910532,2.519858360290528,300.0,0.066676877439022,0.0671250019222498
20230721.0,0.1560303270816803,0.1988331377506256,,,,,0.0045472579076886,,,,,,,,,,,,
20230722.0,0.1531337052583694,0.1843382120132446,,,,,,,,,,,,,,,,,
20230723.0,0.153813436627388,0.1917216479778289,0.1929438710212707,0.1196441799402237,0.1558224856853485,,0.0005798516795039,14.0,0.216533362865448,1.275159478187561,297.556884765625,3.417882204055786,274.72955322265625,268.6415405273437,8.854247093200684,2.8650193214416504,300.0,0.0696580559015274,0.0659999996423721
20230724.0,0.2671380937099457,0.1684553474187851,,,,,0.0003357036039233,,,,,,,,,,,,
20230725.0,0.2479992508888244,0.2240219712257385,0.2070097476243972,0.1793826520442962,0.1941564977169037,,,14.0,0.216533362865448,1.275159478187561,292.785888671875,3.4215030670166016,270.73162841796875,261.3599853515625,0.3104515969753265,2.6727864742279053,300.0,0.0934126153588295,0.0654999986290932
20230726.0,0.232907235622406,0.2187632173299789,0.1961020976305008,0.1593044400215149,0.1793435662984848,,3.051850944757461e-05,14.0,0.216533362865448,1.275159478187561,292.7942199707031,3.422917604446411,271.33258056640625,262.61798095703125,0.2193596065044403,1.6662503480911257,300.0,0.092735931277275,0.0649999976158142
20230727.0,0.2214082032442093,0.2211742401123047,,,,,,,,,,,,,,,,,
20230728.0,0.2077278643846511,0.2070789933204651,0.1799946278333664,0.1218450665473938,0.1419265568256378,,0.0132145145907998,14.0,0.216533362865448,1.275159478187561,297.1950378417969,3.425750494003296,276.64501953125,266.8050842285156,0.0434572882950305,2.648136138916016,300.0,0.0662932768464088,0.0649999976158142
20230729.0,0.1967357099056244,0.2021251320838928,,,,,,,,,,,,,,,,,
20230730.0,0.1880450993776321,0.1875075399875641,,,,,,,,,,,,,,,,,
20230731.0,0.1784011870622635,0.1526196599006652,,0.1339017152786255,0.161867082118988,,0.0020447401329874,14.0,0.216533362865448,1.275159478187561,295.5237121582031,3.4030308723449707,274.3177795410156,266.8340759277344,0.0008523463620804,2.647891044616699,300.0,0.0651796907186508,0.0640000030398369
20230801.0,0.1738800853490829,0.2266205996274948,,,,,,,,,,,,,,,,,
20230802.0,0.1712331473827362,0.1873604953289032,,0.1354563236236572,0.1569625586271286,,3.051850944757461e-05,14.0,0.216533362865448,1.275159478187561,295.701171875,3.3872766494750977,275.06988525390625,265.9497985839844,0.8694650530815125,2.362837314605713,300.0,0.0752840489149093,0.0637500025331974
20230803.0,0.1739846467971801,0.1929205507040023,0.1804241091012954,0.1378320753574371,0.1689129471778869,0.0114930337294936,0.0216376241296529,14.0,0.216533362865448,1.275159478187561,292.6504821777344,3.379482746124268,273.779052734375,267.36627197265625,3.261237144470215,2.281738758087158,300.0,0.0625430271029472,0.0633333350221316
20230805.0,0.1931706070899963,0.1662123352289199,0.1774374842643737,0.146582618355751,0.1604219824075698,,0.0173039957880973,14.0,0.216533362865448,1.275159478187561,292.2931213378906,3.36400842666626,272.1397705078125,261.1268005371094,0.3657580614089966,1.946779131889344,300.0,0.090718112885952,0.0645217393403468
20230806.0,0.1873902976512909,0.2087894976139068,,,,,3.051850944757461e-05,,,,,,,,,,,,
20230807.0,0.1783003062009811,0.1792646199464798,,,,,,,,,,,,,,,,,
20230808.0,0.168135404586792,0.1797398179769516,0.1691431850194931,0.1390468180179596,0.1651757359504699,0.0060141356661915,0.0390942096710205,14.0,0.216533362865448,1.275159478187561,295.9572448730469,3.341081380844116,272.0707397460937,264.38739013671875,0.0008584272000007,2.6374197006225586,300.0,0.0783294290304184,0.0638750027865171
20230809.0,0.1575782597064972,0.1821071505546569,,,,,,,,,,,,,,,,,
20230810.0,0.1484326273202896,0.2099328786134719,0.1578118354082107,0.1063298508524894,0.1348389387130737,,,14.0,0.216533362865448,1.275159478187561,298.087158203125,3.326032876968384,278.6835632324219,270.6835021972656,0.0039294259622693,2.1430110931396484,300.0,0.0512134432792663,0.0635833355287711
20230811.0,0.1429011672735214,0.1729767024517059,0.1647760421037674,0.1203557699918747,0.1499113291501999,,3.051850944757461e-05,14.0,0.216533362865448,1.275159478187561,298.5953674316406,3.3182179927825928,276.1563415527344,268.6548156738281,0.0016684819711372,2.1029717922210693,300.0,0.0635888203978538,0.0631250012665987
20230812.0,0.1377144157886505,0.1843008548021316,,,,,,,,,,,,,,,,,
20230813.0,0.1338345855474472,0.1959777027368545,0.1541159898042678,0.122688703238964,0.1533033847808838,,0.0096743674948811,14.0,0.216533362865448,1.275159478187561,298.3004150390625,3.3027124404907227,277.34197998046875,270.1038513183594,0.085108071565628,1.8641488552093504,300.0,0.0560285933315753,0.063000001013279
20230814.0,0.1325615644454956,0.1874206513166427,,,,,,,,,,,,,,,,,
20230815.0,0.153158813714981,0.1926507502794265,,,,,0.0001220740377902,,,,,,,,,,,,
20230816.0,0.1493748128414154,0.1731770485639572,0.1728340536355972,0.1266455799341201,0.1487552523612976,,0.0082094790413975,14.0,0.216533362865448,1.275159478187561,299.0007019042969,3.2570083141326904,277.463623046875,268.18341064453125,0.7676864862442017,2.0470590591430664,300.0,0.0679737105965614,0.061999998986721
20230817.0,0.1471392661333084,0.1890270859003067,,,,,,,,,,,,,,,,,
20230818.0,0.1406757682561874,0.1795223802328109,0.1446088701486587,0.1071320325136184,0.1353970170021057,,,14.0,0.216533362865448,1.275159478187561,301.914306640625,3.2267212867736816,279.49078369140625,271.4068298339844,0.0,1.974125623703003,300.0,0.0575760193169117,0.0614166666443149
20230819.0,0.1343581825494766,0.1934881955385208,0.168060302734375,0.1107494309544563,0.1426853984594345,,,14.0,0.216533362865448,1.275159478187561,302.1196594238281,3.211860179901123,279.80059814453125,272.5840148925781,0.0,2.1086223125457764,300.0,0.0523180365562438,0.0610416672813396
20230820.0,0.1283071339130401,0.1736834645271301,,,,,,,,,,,,,,,,,
20230821.0,0.1232032403349876,0.1774728596210479,0.1471704542636871,0.1245050132274627,0.1545851826667785,,,14.0,0.216533362865448,1.275159478187561,303.252197265625,3.1826579570770264,279.2420349121094,271.9234924316406,0.0008702276973053,1.9070438146591189,300.0,0.0589569732546806,0.0605833331743876
20230822.0,0.1191600337624549,0.1753148138523101,,,,,,,,,,,,,,,,,
20230823.0,0.1162628605961799,0.177022248506546,,,,,,,,,,,,,,,,,
20230824.0,0.1143291518092155,0.1746261268854141,,0.1150104478001594,0.1404959559440612,,0.189184233546257,14.0,0.216533362865448,1.275159478187561,305.9705810546875,3.140154838562012,282.7396850585937,274.0238037109375,0.1159078180789947,1.6348567008972168,300.0,0.0538264624774456,0.0597083324876924
20230825.0,0.114302173256874,0.1800485849380493,,,,,,,,,,,,,,,,,
20230826.0,0.1280956268310547,0.1731876730918884,0.1136868447065353,0.1197386309504509,0.1445882767438888,,0.0019531846046447,14.0,0.216533362865448,1.275159478187561,292.924072265625,3.112520456314087,278.45361328125,269.7755126953125,10.012393951416016,1.7334654331207275,300.0,0.0431156754493713,0.0579999983310699
20230827.0,0.2325488477945327,0.1773002445697784,0.1746345907449722,0.2229456752538681,0.2247295081615448,,,14.0,0.216533362865448,1.275159478187561,291.30517578125,3.100193500518799,268.48077392578125,257.42657470703125,1.2370845079421997,2.262265205383301,300.0,0.1006062403321266,0.0869166663226982
20230828.0,0.2219675034284591,0.1917477250099182,,,,0.0439004115760326,0.0622882768511772,,,,,,,,,,,,
20230829.0,0.2123013138771057,0.170722559094429,0.1720517575740814,0.1789929270744323,0.1858959048986435,,0.0154728842899203,14.0,0.216533362865448,1.275159478187561,291.6575012207031,3.0759739875793457,270.7796630859375,258.0550842285156,1.044447898864746,1.912123680114746,300.0,0.0975311324000358,0.116833333546917
20230830.0,0.2222280353307724,0.1932027488946914,,,,,,,,,,,,,,,,,
20230831.0,0.2332348972558975,0.1827321946620941,,,,,0.0460829511284828,,,,,,,,,,,,
20230901.0,0.2175667583942413,0.1795720309019088,0.1684748530387878,0.141357347369194,0.1623660624027252,,,14.0,0.216533362865448,1.275159478187561,296.1464538574219,3.1225593090057373,273.0030822753906,264.00103759765625,0.0546179413795471,2.19968843460083,300.0,0.07402054220438,0.100347827310147
20230902.0,0.2429283708333969,0.2106621712446212,,,,,0.0730002745985984,,,,,,,,,,,,
20230903.0,0.285423219203949,0.2348952293395996,0.2045588344335556,0.2382342964410781,0.2363799810409546,0.0718939453363418,0.1175573021173477,14.0,0.216533362865448,1.275159478187561,296.6246337890625,3.157366991043091,266.89874267578125,255.2733764648437,0.0008523463038727,3.036895751953125,300.0,0.1426130682229995,0.183124999826153
20230904.0,0.2450180500745773,0.2147949784994125,0.2153827100992202,0.1936178207397461,0.1980664134025573,,,14.0,0.216533362865448,1.275159478187561,300.99468994140625,3.1750905513763428,271.6000061035156,258.1062316894531,0.0021427869796752,3.13706374168396,300.0,0.1305735558271408,0.150541666895151
20230905.0,0.2215852737426757,0.1931703984737396,,,,0.0240068007260561,0.041749320924282,,,,,,,,,,,,
20230906.0,0.2047397047281265,0.1985320597887039,0.1942733228206634,0.1767211705446243,0.1865025907754898,,,14.0,0.216533362865448,1.275159478187561,300.5661926269531,3.211344957351685,274.6300964355469,263.1910095214844,0.0,2.4348812103271484,300.0,0.0976811423897743,0.124375000285606
20230907.0,0.1900774240493774,0.1909428983926773,,,,,0.0,,,,,,,,,,,,
20230908.0,0.1777257770299911,0.1825958043336868,,,,,0.1653492897748947,,,,,,,,,,,,
20230909.0,,,,,,,,14.0,0.216533362865448,1.275159478187561,300.2978210449219,3.2677440643310547,274.7608337402344,267.4349365234375,0.0034362077713012,2.272219181060791,300.0,0.0761055648326873,0.102041667016844
20230911.0,,,,,,,,14.0,0.216533362865448,1.275159478187561,298.054443359375,3.30680775642395,276.4867553710937,269.6942749023437,5.335765361785889,1.966114044189453,300.0,0.0652006343007087,0.10717391287503
20230912.0,,,,,,,,14.0,0.216533362865448,1.275159478187561,293.6519470214844,3.325838804244995,265.7965087890625,254.99969482421875,2.456796169281006,1.7759262323379517,300.0,0.1714534759521484,0.187000000228484
20230914.0,,,,,,,,14.0,0.216533362865448,1.275159478187561,294.9661560058594,3.3646414279937744,266.1564636230469,252.96348571777344,0.0605138354003429,1.745578408241272,300.0,0.1727146506309509,0.144666666164994
20230917.0,,,,,,,,14.0,0.216533362865448,1.275159478187561,297.5514831542969,3.360424995422364,268.127197265625,258.16558837890625,1.862730860710144,1.7585970163345337,300.0,0.1538256108760833,0.204041665419936
20230918.0,0.2351039201021194,0.2501437067985534,,,,0.1568348109722137,0.1879635006189346,,,,,,,,,,,,
20230919.0,0.2226609736680984,0.2214046716690063,0.2458511888980865,0.267539918422699,0.2598580121994018,,,14.0,0.216533362865448,1.275159478187561,293.8825988769531,3.3557705879211426,265.09259033203125,252.2328186035156,0.1699514985084533,1.594207525253296,300.0,0.1794183999300003,0.192750000705322
20230920.0,0.2112315744161605,0.2149819880723953,0.2520004212856293,0.2350778728723526,0.2340217530727386,,0.1021149307489395,14.0,0.216533362865448,1.275159478187561,294.5016784667969,3.35351037979126,267.2821044921875,257.3270874023437,0.0651524886488914,1.6973683834075928,300.0,0.1373275220394134,0.171291667968035
20230921.0,0.2279432713985443,,,,,,0.122226633131504,,,,,,,,,,,,
20230922.0,0.260837584733963,,0.289895236492157,0.3148443698883056,0.2929165661334991,,,14.0,0.216533362865448,1.275159478187561,288.166259765625,3.348999261856079,259.8246459960937,248.249267578125,5.073695182800293,2.154717445373535,300.0,0.2244317531585693,0.263333331793547
20230923.0,0.2664421498775482,0.2481254786252975,,,,0.1193118542432785,0.1073946356773376,,,,,,,,,,,,
20230924.0,0.2449716925621032,0.232110857963562,,,,,,,,,,,,,,,,,
20230925.0,0.228248655796051,0.2212729901075363,0.2691784799098968,0.2279556542634964,0.2266943901777267,,0.0341502130031585,14.0,0.216533362865448,1.275159478187561,292.9509582519531,3.342257499694824,264.61053466796875,252.98880004882807,0.0008641523891128,1.8382298946380613,300.0,0.1677168756723404,0.189333330839872
20230926.0,0.2147070467472076,0.2157370448112487,,,,,,,,,,,,,,,,,
20230927.0,0.2044361978769302,0.2064989805221557,0.2555501461029053,0.2233838886022567,0.2243304699659347,,,14.0,0.216533362865448,1.275159478187561,295.438720703125,3.3377742767333984,266.2893371582031,256.5881652832031,0.0,1.558294415473938,300.0,0.146922081708908,0.16066666568319
20230928.0,0.1952338516712188,0.2142951339483261,0.2568650543689728,0.2100964337587356,0.2146619111299514,0.1298797577619552,0.0801721215248107,14.0,0.216533362865448,1.275159478187561,295.7887878417969,3.335578441619873,267.9504089355469,258.4234924316406,0.0,1.6245155334472656,300.0,0.1298130303621292,0.148500001678864
20230929.0,0.1867536157369613,0.2200594544410705,,,,,,,,,,,,,,,,,
20230930.0,0.1795816272497177,0.2045219093561172,0.2507894039154053,0.1880583763122558,0.1951354444026947,,,14.0,0.216533362865448,1.275159478187561,296.56842041015625,3.3311963081359863,270.57586669921875,259.440185546875,0.0017183154122903,1.4988207817077637,300.0,0.1146369203925132,0.127458333658675
20231001.0,0.1717590689659118,0.1896459907293319,,,,,0.0463270992040634,,,,,,,,,,,,
20231002.0,0.1639140844345092,0.1656575202941894,,,,,,,,,,,,,,,,,
20231003.0,0.1591785550117492,0.1973257660865783,0.2386948019266128,0.1599475443363189,0.1717903167009353,0.0317843854427337,0.0426343567669391,14.0,0.216533362865448,1.275159478187561,294.5719299316406,3.3273959159851074,274.3672790527344,263.3309936523437,0.2698505818843841,0.8560376763343811,300.0,0.0856585204601287,0.103916665849586
20231004.0,0.1562188267707824,0.1952475756406784,,,,,0.0,,,,,,,,,,,,
20231005.0,0.1511529088020324,0.1886371672153473,0.2219701409339904,0.1637939810752868,0.1814630031585693,,,14.0,0.216533362865448,1.275159478187561,293.1769714355469,3.324949026107788,270.1513366699219,261.8255615234375,0.0017106533050537,1.3046010732650757,300.0,0.0962263271212577,0.0951250012343128
20231006.0,0.1463395953178405,0.179620549082756,0.2212946563959121,0.1774294674396515,0.1872336864471435,,0.0421765819191932,14.0,0.216533362865448,1.275159478187561,293.7860107421875,3.323724269866944,269.796630859375,259.29705810546875,0.0,1.317591905593872,300.0,0.1110752671957016,0.0905833343664805
20231007.0,0.1418255120515823,0.1829342097043991,,,,,,,,,,,,,,,,,
20231008.0,0.137380912899971,0.1734794676303863,0.2103559523820877,0.1798872649669647,0.1912730634212494,,0.0063173314556479,14.0,0.216533362865448,1.275159478187561,295.65802001953125,3.3212778568267822,269.4974975585937,259.9869384765625,0.0008584349998272,1.2756545543670654,300.0,0.1097127795219421,0.0840416656186183
20231009.0,0.1341655105352401,0.1883431822061538,,,,,,,,,,,,,,,,,
20231010.0,0.1316613554954528,0.1935640573501587,,,,,,,,,,,,,,,,,
20231011.0,0.1294708251953125,0.1818795949220657,0.1884286701679229,0.1431410759687423,0.1617820560932159,0.0446024648845195,0.0415662117302417,14.0,0.216533362865448,1.275159478187561,294.9620056152344,3.317615509033203,272.7451171875,263.44708251953125,0.0,1.0222185850143433,300.0,0.0861684679985046,0.078041668360432
20231012.0,0.1271521151065826,0.1910100132226944,,,,,,,,,,,,,,,,,
20231013.0,0.1246658265590667,0.1785338819026947,0.1964127421379089,0.1287967413663864,0.1522790491580963,,0.0,14.0,0.216533362865448,1.275159478187561,296.0447692871094,3.315176486968994,274.3715209960937,265.9616394042969,0.001729121315293,1.0513168573379517,300.0,0.0771455764770507,0.0750000029802322
20231014.0,0.1309680938720703,0.1760158538818359,0.201238602399826,0.1412918716669082,0.1632995754480362,,,14.0,0.216533362865448,1.275159478187561,292.40216064453125,3.313979148864746,273.853759765625,265.56170654296875,1.367770791053772,0.997951090335846,300.0,0.0787844359874725,0.0751250019917886
20231015.0,0.1330401301383972,0.1976350247859954,,,,,,,,,,,,,,,,,
20231016.0,0.131560131907463,0.1864704638719558,0.1706759184598922,0.1374476104974746,0.1584985107183456,0.0670045912265777,0.0459608770906925,14.0,0.216533362865448,1.275159478187561,289.6886291503906,3.3115878105163574,270.5899963378906,261.8964233398437,0.0321314856410026,0.5957175493240356,300.0,0.080526627600193,0.0734583331892888
20231017.0,0.1298044174909591,0.2037131488323211,,,,,0.1174047067761421,,,,,,,,,,,,
20231018.0,0.1811030507087707,0.187062382698059,,,,,,,,,,,,,,,,,
20231019.0,0.2509002983570099,0.1641202569007873,0.2146920561790466,0.1605538576841354,0.1780277341604232,0.0811584591865539,0.1125827804207801,14.0,0.216533362865448,1.275159478187561,291.2542419433594,3.309412956237793,270.3043212890625,261.8280334472656,14.018722534179688,1.7164080142974854,300.0,0.0866285115480423,0.127875000238419
20231020.0,0.310292899608612,0.261006236076355,,,,,,,,,,,,,,,,,
20231021.0,0.2906345129013061,0.2510380446910858,0.2526738941669464,0.2772102355957031,0.2612728178501129,0.1108368933200836,0.1284829229116439,14.0,0.216533362865448,1.275159478187561,286.6937255859375,3.308006525039673,259.1190795898437,247.88185119628903,1.098698973655701,1.5384048223495483,300.0,0.1925557106733322,0.228208332012097
20231022.0,0.2660115361213684,0.2354559749364853,0.2457556873559951,0.2433932572603225,0.2378865778446197,,,14.0,0.216533362865448,1.275159478187561,287.1141662597656,3.307302236557007,260.132568359375,246.3060302734375,0.0407917462289333,1.1030616760253906,300.0,0.1923362016677856,0.199500000104308
20231023.0,0.3006858229637146,0.2226646989583969,,,,,,,,,,,,,,,,,
20231024.0,0.3293708860874176,0.2499732226133346,0.2585085332393646,0.278634250164032,0.2614659368991852,0.127024307847023,0.1742912083864212,14.0,0.216533362865448,1.275159478187561,287.5154724121094,3.3058948516845703,258.73492431640625,247.67987060546875,4.159718990325928,2.045593976974488,300.0,0.2194192707538604,0.268874998514851
20231025.0,0.311993807554245,0.2502666413784027,,,,,,,,,,,,,,,,,
20231026.0,0.3778659999370575,0.2404841035604477,,,,,0.1339762508869171,,,,,,,,,,,,
20231027.0,0.3636972904205322,0.2655530571937561,0.2844095528125763,0.3116466999053955,0.2857629656791687,,0.1794793605804443,14.0,0.216533362865448,1.275159478187561,286.6112365722656,3.3037867546081543,255.82896423339844,244.1329345703125,3.0481672286987305,2.022180318832397,300.0,0.2617738544940948,0.261374996354183
20231028.0,0.3425068855285644,0.2459279894828796,,,,,,,,,,,,,,,,,
20231029.0,0.3479630649089813,0.2579748034477234,0.2824218273162842,0.2929829955101013,0.2726619839668274,0.0837109759449958,0.0916776061058044,14.0,0.216533362865448,1.275159478187561,288.7630310058594,3.3024168014526367,257.9068298339844,245.8477935791016,10.806962966918944,1.786496877670288,300.0,0.2485921829938888,0.225958333661159
20231030.0,0.3700183033943176,0.2602027654647827,0.3000071346759796,0.3394750952720642,0.3025286197662353,,,14.0,0.216533362865448,1.275159478187561,286.76422119140625,3.3014769554138184,255.40963745117188,244.38473510742188,7.378158092498779,1.7467628717422483,300.0,0.25913006067276,0.285333331674337
20231031.0,0.3519812226295471,0.2053749859333038,,,,,0.0297555476427078,,,,,,,,,,,,
20231101.0,0.3391157984733581,0.2453083097934723,,0.2675954103469848,0.2567453384399414,0.1037577986717224,,14.0,0.216533362865448,1.275159478187561,285.6912841796875,3.299598693847656,257.3938903808594,243.501693725586,1.319379448890686,1.277449369430542,300.0,0.2178423851728439,0.246666666120291
20231102.0,0.3768689632415771,0.2848488986492157,,,,,,,,,,,,,,,,,
20231103.0,0.3835068047046661,0.281103640794754,,,,0.2019454091787338,0.1758781671524047,,,,,,,,,,,,
20231104.0,0.3884935677051544,,0.2991634309291839,0.4196423292160034,0.356635719537735,,0.0233466606587171,14.0,0.216533362865448,1.275159478187561,283.778564453125,3.279585361480713,247.0322265625,235.960205078125,17.4486141204834,3.198455572128296,300.0,0.3245926797389984,0.29891666645805
20231105.0,0.3718248903751373,,,,,,,,,,,,,,,,,,
20231106.0,0.3578843474388122,0.288551926612854,0.3064359426498413,0.4249703288078308,0.368666261434555,0.1754810512065887,0.0834986418485641,14.0,0.216533362865448,1.275159478187561,283.7214660644531,3.265902519226074,246.38092041015625,234.0155029296875,1.2940573692321775,1.7324837446212769,300.0,0.3219319581985473,0.30191666757067
20231107.0,0.3432576656341553,0.2542073130607605,0.2917032539844513,0.3679003119468689,0.3301197290420532,,,14.0,0.216533362865448,1.275159478187561,283.5765075683594,3.2591280937194824,248.6249084472656,235.7403106689453,0.673416793346405,1.1852043867111206,300.0,0.2701474130153656,0.259458331391215
20231108.0,0.3376719057559967,0.2730143666267395,,,,0.1183019429445266,0.2096316367387771,,,,,,,,,,,,
20231109.0,0.3775418996810913,,0.2978469729423523,0.3776887655258178,0.3377477824687958,,0.0,14.0,0.216533362865448,1.275159478187561,284.23114013671875,3.245680809020996,248.72427368164065,235.6485290527344,16.65998649597168,1.7123963832855225,300.0,0.3180482387542724,0.298619048936026
20231110.0,0.3873704671859741,0.2704292237758636,,,,,,,,,,,,,,,,,
20231111.0,0.3708544373512268,0.2601966559886932,,,,,,,,,,,,,,,,,
20231112.0,0.3714403808116913,0.2515694499015808,,,,,,,,,,,,,,,,,
20231113.0,0.3527440428733825,0.2771930992603302,,,,,0.1391949206590652,,,,,,,,,,,,
20231114.0,0.3431567251682281,0.2771377861499786,0.2871010601520538,0.32497039437294,0.3019305169582367,,0.158848837018013,14.0,0.216533362865448,1.275159478187561,289.7885131835937,3.212617874145508,253.95394897460932,239.56658935546875,0.3087762594223022,1.083133101463318,300.0,0.2494513094425201,0.225250001375874
20231115.0,0.3379850685596466,0.2737809419631958,0.2848060429096222,0.3132724463939667,0.2889749705791473,,,14.0,0.216533362865448,1.275159478187561,286.8858947753906,3.206359386444092,255.01559448242188,241.5494079589844,0.146572932600975,0.9302319288253784,300.0,0.2276776134967804,0.221249998236696
20231116.0,0.3403503596782684,0.2657924592494964,,,,0.0848757028579711,0.1252784878015518,,,,,,,,,,,,
20231117.0,0.3338130712509155,0.2557279467582702,0.2771265208721161,0.3311470746994018,0.2934367656707763,,,14.0,0.216533362865448,1.275159478187561,285.5237731933594,3.193935871124268,253.39630126953125,242.59423828125,0.2526907920837402,0.7030062675476074,300.0,0.2347349226474762,0.209749999145667
20231118.0,0.3286455571651459,0.2663033008575439,,,,,0.0951872318983078,,,,,,,,,,,,
20231119.0,0.3246353566646576,0.2541031539440155,,,,0.3976883590221405,,,,,,,,,,,,,
20231120.0,0.3252303004264831,0.2656489312648773,0.2700954377651214,0.2960604429244995,0.2708173096179962,,,14.0,0.216533362865448,1.275159478187561,284.7919921875,3.193101644515991,254.60208129882807,243.20236206054688,1.7583876848220823,0.6972483992576599,300.0,0.2357515841722488,0.196449998766184
20231121.0,0.3464490175247192,0.2559523284435272,,,,0.1172880753874778,0.1559800952672958,,,,,,,,,,,,
20231122.0,0.3441935181617737,0.248599886894226,0.2681561410427093,0.2969878315925598,0.2744484841823578,,,14.0,0.216533362865448,1.275159478187561,282.9585876464844,3.193066358566284,253.0912170410156,240.3330841064453,0.6036545634269714,1.0725929737091064,300.0,0.2165557146072387,0.21724999944369
20231123.0,0.3344923853874206,0.2474375516176223,0.2598493695259094,0.2950138747692108,0.2764087617397308,,,14.0,0.216533362865448,1.275159478187561,279.7543640136719,3.193031311035156,250.58706665039065,236.7078857421875,0.0373827181756496,0.6768048405647278,300.0,0.2247756719589233,0.205749999731779
20231124.0,0.3302100300788879,0.2803510427474975,,,,,0.0851161256432533,,,,,,,,,,,,
20231125.0,0.3290845453739166,0.273942619562149,0.2894316911697387,0.2550958395004272,0.2435924857854843,,,14.0,0.216533362865448,1.275159478187561,280.7030639648437,3.1929614543914795,254.2355194091797,241.0545654296875,0.3793891072273254,1.0558148622512815,300.0,0.1895774602890014,0.199458335215847
20231126.0,0.3235433399677276,0.2565543353557586,,,,0.0897327959537506,0.092043824493885,,,,,,,,,,,,
20231127.0,0.3404608964920044,0.2513520121574402,,,,,,,,,,,,,,,,,
20231128.0,0.3479315638542175,0.2876757979393005,0.3193397521972656,0.2820850908756256,0.2626417577266693,,,14.0,0.216533362865448,1.275159478187561,282.10516357421875,3.192856788635254,252.17518615722656,239.63946533203125,0.9395102858543396,0.9434401988983154,300.0,0.2305225878953933,0.26483332986633
20231129.0,0.3465206623077392,0.2577433586120605,,,,0.1402589082717895,0.1509750634431839,,,,,,,,,,,,
20231130.0,0.3880918323993683,,0.3288341760635376,0.3033080101013183,0.2763204574584961,,,14.0,0.216533362865448,1.275159478187561,284.2751159667969,3.1927971839904785,250.6441345214844,238.7320556640625,21.73114967346192,1.1828502416610718,300.0,0.3060168027877807,0.298041667168339
20231201.0,0.3945171236991882,0.3017497360706329,0.3330285847187042,0.4054902493953705,0.3427036106586456,,0.2349925190210342,14.0,0.216533362865448,1.275159478187561,280.87109375,3.192689895629883,244.6517333984375,233.412338256836,13.310283660888672,0.6426746249198914,300.0,0.3142343461513519,0.297541666775942
20231203.0,,,,,,,,14.0,0.216533362865448,1.275159478187561,277.0967712402344,3.1924757957458496,245.3184814453125,229.8228759765625,0.0003143540525343,0.6200620532035828,300.0,0.2670971155166626,0.239416666328907
20231204.0,0.3571938872337341,0.2706694900989532,,,,0.176427885890007,0.2102725356817245,,,,,,,,,,,,
20231205.0,0.3553322851657867,0.2684853374958038,,,,,,,,,,,,,,,,,
20231206.0,0.3472137451171875,0.274876981973648,,0.3320403099060058,0.2954305708408355,,0.0929288640618324,14.0,0.216533362865448,1.275159478187561,279.6432800292969,3.186915874481201,247.30340576171875,235.4702911376953,0.0114272208884358,0.4427736401557922,300.0,0.2477048188447952,0.245166664322217
20231207.0,0.3521453142166137,0.2820994257926941,,,,0.1940684765577316,,,,,,,,,,,,,
20231208.0,0.3856769204139709,0.3026443123817444,0.3022283017635345,0.3427011668682098,0.3148559331893921,,,14.0,0.216533362865448,1.275159478187561,282.9257507324219,3.1830697059631348,245.7926025390625,231.25436401367188,8.195464134216309,1.4247359037399292,300.0,0.3234068155288696,0.305708332608144
20231209.0,0.366388589143753,0.2885759174823761,0.2989712357521057,0.3450782299041748,0.3093158304691314,0.1724473088979721,0.153691217303276,14.0,0.216533362865448,1.275159478187561,284.7403564453125,3.1811563968658447,246.590576171875,233.46926879882807,1.2506959438323977,1.089984893798828,300.0,0.3124889731407165,0.265249997377396
20231210.0,0.3612818717956543,0.3008292317390442,,,,,0.1045564115047454,,,,,,,,,,,,
20231211.0,0.3638513684272766,0.282016396522522,0.2991006374359131,0.3481263518333435,0.301435112953186,,,14.0,0.216533362865448,1.275159478187561,285.9547119140625,3.1773390769958496,249.5966796875,238.8038024902344,1.2872482538223269,0.7805576324462891,300.0,0.2767678797245025,0.235583332677682
20231212.0,0.3631981015205383,0.2949226796627044,,,,0.1335637718439102,0.0713827908039093,,,,,,,,,,,,
20231213.0,0.3830383419990539,0.2745230197906494,,,,,,,,,,,,,,,,,
20231214.0,0.3709648549556732,0.2958912551403045,0.2843664884567261,0.3615561425685882,0.3357120752334595,0.1889508366584777,0.2363048195838928,14.0,0.216533362865448,1.275159478187561,280.27960205078125,3.171635627746582,245.3399353027344,229.73971557617188,0.6775732636451721,0.8652375340461731,300.0,0.3038645088672638,0.285583330939213
20231215.0,0.3608854115009308,0.2809712886810303,,,,,,,,,,,,,,,,,
20231216.0,0.3531789481639862,0.2589517533779144,0.3031840920448303,0.3610306680202484,0.3232031464576721,,,14.0,0.216533362865448,1.275159478187561,279.64813232421875,3.167830467224121,245.41754150390625,231.7850799560547,0.001713007572107,0.4278402030467987,300.0,0.2628681063652038,0.234125000114242
20231217.0,0.3474391400814056,0.2771675586700439,0.3011264204978943,0.3273566365242004,0.3139382004737854,0.1980651915073394,0.1186254471540451,14.0,0.216533362865448,1.275159478187561,276.1309814453125,3.166068315505981,244.13446044921875,227.5241241455078,0.0156301166862249,0.1979080289602279,300.0,0.2679727077484131,0.223791666949789
20231218.0,0.3428575098514557,0.2745686769485473,,,,,,,,,,,,,,,,,
20231219.0,0.3400307297706604,0.2890704870223999,0.3029285371303558,0.3195153176784515,0.2884499132633209,,0.1649525463581085,14.0,0.216533362865448,1.275159478187561,279.2098388671875,3.1625518798828125,246.4880828857422,234.1104736328125,0.3153444230556488,0.3161120116710663,300.0,0.2615657448768616,0.213750001043081
20231220.0,0.3486045300960541,0.2936808168888092,,,,,,,,,,,,,,,,,
20231222.0,0.3427074551582336,0.3091174960136413,0.3131760358810425,0.3073025047779083,0.2830172479152679,0.2271227985620498,0.2109134197235107,14.0,0.216533362865448,1.275159478187561,284.0875549316406,3.1664857864379883,250.6073303222656,236.9891662597656,1.816365361213684,1.1301589012145996,300.0,0.2708538174629211,0.262333329234804
20231223.0,0.3388921916484833,0.3159917891025543,,,,,,,,,,,,,,,,,
20231224.0,0.3343846499919891,0.289148211479187,,0.3326809704303741,0.2966538667678833,,0.1310464739799499,14.0,0.216533362865448,1.275159478187561,282.8074645996094,3.169388055801392,248.82403564453125,236.72174072265625,0.128300204873085,0.3203749358654022,300.0,0.2578191757202148,0.247041665017605
20231225.0,0.3307953774929046,0.2821311354637146,0.3000464141368866,0.3171345889568329,0.2843744158744812,,,14.0,0.216533362865448,1.275159478187561,280.1007995605469,3.170832872390747,248.5238342285156,237.1346435546875,0.016938466578722,0.50783371925354,300.0,0.2408388555049896,0.234416666751107
20231226.0,0.3274460732936859,0.2820159196853637,,,,,,,,,,,,,,,,,
20231227.0,0.3246402740478515,0.2914693653583526,0.3028667271137237,0.3094084858894348,0.281759113073349,0.1161679476499557,0.0798059031367302,14.0,0.216533362865448,1.275159478187561,279.1073608398437,3.173727512359619,247.05555725097656,234.85760498046875,0.0029063238762319,0.4699069559574127,300.0,0.24747896194458,0.219624998047948
20231228.0,0.3224096894264221,0.265303373336792,,,,,,,,,,,,,,,,,
20231229.0,0.3239887654781341,0.2790860831737518,,,,,0.0608539097011089,,,,,,,,,,,,
20231230.0,0.3248836696147918,0.2918844819068908,0.3155216872692108,0.2714725434780121,0.2561671435832977,0.2081447392702102,0.2005066126585006,14.0,0.216533362865448,1.275159478187561,283.1957702636719,3.177875518798828,251.3725433349609,238.0662078857422,0.0351203605532646,0.4722065329551697,300.0,0.239595741033554,0.213083333025376
20231231.0,0.3387626707553863,0.2856508493423462,,,,,,,,,,,,,,,,,
20240101.0,,,,,,,,14.0,0.216533362865448,1.275159478187561,281.2366943359375,3.180302143096924,247.4957427978516,235.8329162597656,1.5367549657821655,0.975761353969574,300.0,0.2901052236557007,0.262083328018586
20240102.0,,,,,,,,14.0,0.216533362865448,1.275159478187561,282.3204345703125,3.176608324050904,248.67739868164065,232.82974243164065,1.913197875022888,1.0841705799102783,300.0,0.2983426749706268,0.243583331505458
20240104.0,,,,,,,,14.0,0.216533362865448,1.275159478187561,283.1966857910156,3.166374921798706,249.3280334472656,235.21417236328125,0.019857108592987,0.5089610815048218,300.0,0.2535464167594909,0.222624999160568
20240107.0,,,,,,,,14.0,0.216533362865448,1.275159478187561,277.1966552734375,3.151867628097534,244.8739624023437,232.64268493652344,0.2046408802270889,0.4898509383201599,300.0,0.2676856517791748,0.254749997208516
20240110.0,,,,,,,,14.0,0.216533362865448,1.275159478187561,273.45947265625,3.137576103210449,246.04579162597656,232.32290649414065,3.1076018810272217,0.6144289970397949,300.0,0.306004136800766,0.228041666870316
20240112.0,,,,,,,,14.0,0.216533362865448,1.275159478187561,276.2861328125,3.1281492710113525,244.3920288085937,229.57012939453125,0.03120700083673,0.3258777856826782,300.0,0.2653759121894836,0.22308333342274
20240115.0,,,,,,,,14.0,0.216533362865448,1.275159478187561,282.4197998046875,3.114323616027832,248.4302215576172,235.74742126464844,6.668971061706543,0.3358137309551239,300.0,0.2920169532299042,0.237875003988544
20240117.0,,,,,,,,14.0,0.216533362865448,1.275159478187561,286.2792663574219,3.105475187301636,250.21226501464844,237.27651977539065,0.2768685221672058,1.0085140466690063,300.0,0.2514283359050751,0.270041668166717
20240118.0,,,,,,,,14.0,0.216533362865448,1.275159478187561,284.8215637207031,3.1049001216888428,249.7723388671875,233.4136657714844,2.712534189224243,1.6008316278457642,300.0,0.3038601577281952,0.250666666775942
20240123.0,,,,,,,,14.0,0.216533362865448,1.275159478187561,284.223876953125,3.1071560382843018,252.52886962890625,236.84616088867188,0.0248395949602127,0.4170716404914856,300.0,0.2423785030841827,0.215833333631357
20240125.0,,,,,,,,14.0,0.216533362865448,1.275159478187561,283.9908752441406,3.1078972816467285,249.3673553466797,238.28958129882807,0.0008523463620804,0.5412078499794006,300.0,0.254598319530487,0.204681817103516
20240126.0,,,,,,,,14.0,0.216533362865448,1.275159478187561,282.8514404296875,3.1082680225372314,251.5189514160156,239.16616821289065,0.024344015866518,0.3671178817749023,300.0,0.2370165586471557,0.199875002726912
20240128.0,,,,,,,,14.0,0.216533362865448,1.275159478187561,283.38446044921875,3.1090099811553955,249.645248413086,237.78912353515625,0.000435113790445,0.7085260152816772,300.0,0.2417407482862472,0.192833334207535
20240131.0,,,,,,,,14.0,0.216533362865448,1.275159478187561,282.9783935546875,3.1102454662323,250.91131591796875,238.74807739257807,0.0012957750586792,0.6102302074432373,300.0,0.2360046803951263,0.17887500487268
20240202.0,,,,,,,,14.0,0.216533362865448,1.275159478187561,282.9940185546875,3.1112723350524902,254.42140197753903,243.4690704345703,0.2367579340934753,0.3937965035438537,300.0,0.2240451872348785,0.176583333561818
20240203.0,,,,,,,,14.0,0.216533362865448,1.275159478187561,280.5381164550781,3.114664554595948,251.17486572265625,240.83786010742188,0.00256252521649,0.3717685043811798,300.0,0.227936789393425,0.176583333561818
20240205.0,,,,,,,,14.0,0.216533362865448,1.275159478187561,279.6080322265625,3.123199462890625,249.98959350585932,239.56808471679688,0.0069053545594215,0.474865972995758,300.0,0.2297757118940353,0.174999997019768
20240208.0,,,,,,,,14.0,0.216533362865448,1.275159478187561,285.3663635253906,3.1357154846191406,254.76348876953125,241.74237060546875,1.0727055072784424,1.1439940929412842,300.0,0.2213012874126434,0.169458333402872
20240210.0,,,,,,,,14.0,0.216533362865448,1.275159478187561,282.0123291015625,3.144124984741211,247.99105834960932,236.55332946777344,14.640308380126951,2.5936594009399414,300.0,0.3133135735988617,0.281833332031965
20240211.0,,,,,,,,14.0,0.216533362865448,1.275159478187561,280.78717041015625,3.148353576660156,245.3462829589844,233.8097076416016,9.932524681091309,2.706906318664551,300.0,0.3249024450778961,0.312347824158876
20240213.0,,,,,,,,14.0,0.216533362865448,1.275159478187561,281.7518920898437,3.156857967376709,247.07321166992188,234.02444458007807,0.0,0.913506031036377,300.0,0.2500535845756531,0.273374999562899
20240216.0,,,,,,,,14.0,0.216533362865448,1.275159478187561,284.6463317871094,3.169560670852661,249.9872436523437,237.02700805664065,4.499553680419922,1.583733081817627,300.0,0.298789918422699,0.29916666696469
20240218.0,,,,,,,,14.0,0.216533362865448,1.275159478187561,282.23895263671875,3.177816152572632,248.6502990722656,233.69927978515625,0.6748048067092896,1.0713720321655271,300.0,0.2701993286609649,0.249166666840514
20240219.0,,,,,,,,14.0,0.216533362865448,1.275159478187561,284.15045166015625,3.17784070968628,252.5208740234375,239.87730407714844,0.3933018743991852,0.7282997965812683,300.0,0.2355110198259353,0.242166665693124
20240221.0,,,,,,,,14.0,0.216533362865448,1.275159478187561,283.5169677734375,3.1754541397094727,249.31756591796875,236.2911376953125,0.0089787784963846,0.8445398211479187,300.0,0.2411128282546997,0.221541664252679
20240224.0,,,,,,,,14.0,0.216533362865448,1.275159478187561,279.61737060546875,3.1724607944488525,240.43502807617188,228.30577087402344,2.288511037826538,1.7219061851501465,300.0,0.3407111763954162,0.319666666289171
20240226.0,,,,,,,,14.0,0.216533362865448,1.275159478187561,281.7381896972656,3.1704888343811035,243.77102661132807,231.4010009765625,5.351261615753174,2.1548476219177246,300.0,0.332643985748291,0.318708332876364
20240227.0,,,,,,,,14.0,0.216533362865448,1.275159478187561,279.7469177246094,3.169504165649414,242.9825134277344,229.65524291992188,3.917171001434326,1.1472007036209106,300.0,0.3315147161483764,0.294208334137996
20240303.0,,,,,,,,14.0,0.216533362865448,1.275159478187561,279.608642578125,3.164725542068481,243.66824340820312,230.3658447265625,4.834815979003906,1.9181400537490845,300.0,0.3307666480541229,0.314458332955837
20240305.0,,,,,,,,14.0,0.216533362865448,1.275159478187561,281.2343139648437,3.163076400756836,243.41915893554688,230.2728576660156,5.179023265838623,1.927432656288147,300.0,0.3331320285797119,0.292550000548363
20240306.0,,,,,,,,14.0,0.216533362865448,1.275159478187561,282.2296447753906,3.1653976440429688,243.2372131347656,228.27735900878903,1.9939110279083248,1.588494062423706,300.0,0.3356146812438965,0.289250000069539
20240308.0,,,,,,,,14.0,0.216533362865448,1.275159478187561,282.22705078125,3.171927690505981,246.4884033203125,235.546630859375,11.505024909973145,1.5073885917663574,300.0,0.3161578774452209,0.25658333239456
20240311.0,,,,,,,,14.0,0.216533362865448,1.275159478187561,281.9375305175781,3.1813409328460693,245.86837768554688,234.422103881836,14.50905418395996,3.217403650283813,300.0,0.3201952576637268,0.292368424566169
20240313.0,,,,,,,,14.0,0.216533362865448,1.275159478187561,283.4893798828125,3.1876425743103027,248.7212829589844,233.594970703125,0.0,1.5165854692459106,300.0,0.2513207793235779,0.248958332464099
20240314.0,,,,,,,,14.0,0.216533362865448,1.275159478187561,287.0633544921875,3.1908059120178223,249.9186553955078,234.1530914306641,0.008193495683372,1.8577134609222408,300.0,0.2723575234413147,0.230125000700355
20240316.0,,,,,,,,14.0,0.216533362865448,1.275159478187561,286.73394775390625,3.197157144546509,251.61911010742188,235.2759552001953,0.0049246740527451,1.4596420526504517,300.0,0.2450190037488937,0.209000000109275
20240319.0,,,,,,,,14.0,0.216533362865448,1.275159478187561,288.5739440917969,3.206789970397949,252.4653778076172,241.8225860595703,0.1100578680634498,1.981189846992493,300.0,0.2452875077724456,0.187374998504917
20240321.0,,,,,,,,14.0,0.216533362865448,1.275159478187561,289.153076171875,3.213327407836914,257.1640625,243.1505126953125,0.2261931896209716,1.4702650308609009,300.0,0.2240909337997436,0.172999999175469
20240322.0,,,,,,,,14.0,0.216533362865448,1.275159478187561,289.6755676269531,3.2176616191864014,256.5902099609375,245.6401824951172,0.0881183892488479,1.964849710464477,300.0,0.2128613889217376,0.166250000397364
20240324.0,,,,,,,,14.0,0.216533362865448,1.275159478187561,283.7144470214844,3.2270023822784424,255.7459716796875,242.9183654785156,0.97239089012146,1.4790185689926147,300.0,0.2048998773097992,0.149250000715256
20240327.0,,,,,,,,14.0,0.216533362865448,1.275159478187561,282.5321350097656,3.240990400314331,248.67608642578125,238.8018798828125,1.227126955986023,2.0814695358276367,300.0,0.3001181483268738,0.284041665494442
20240329.0,,,,,,,,14.0,0.216533362865448,1.275159478187561,283.6029357910156,3.250393867492676,252.175521850586,239.4468994140625,22.30023193359375,1.9258761405944824,300.0,0.2993603944778442,0.307625000675519
20240330.0,,,,,,,,14.0,0.216533362865448,1.275159478187561,283.9225769042969,3.255120754241944,248.59683227539065,234.57586669921875,0.9847080707550048,2.31684684753418,300.0,0.3132018446922302,0.308583330363035
20240401.0,,,,,,,,14.0,0.216533362865448,1.275159478187561,283.3744201660156,3.2646243572235107,248.70999145507807,236.13479614257807,0.2742161750793457,2.397002935409546,300.0,0.288026750087738,0.27162499849995
20240404.0,,,,,,,,14.0,0.216533362865448,1.275159478187561,290.0417785644531,3.2789394855499268,254.59259033203125,241.43716430664065,0.0017220344161614,2.686657190322876,300.0,0.2606874704360962,0.212749999016523
20240406.0,,,,,,,,14.0,0.216533362865448,1.275159478187561,293.1172180175781,3.2884559631347656,256.1615600585937,242.7195281982422,0.0176335740834474,3.068692445755005,300.0,0.2612763047218323,0.180333333710829
20240407.0,,,,,,,,14.0,0.216533362865448,1.275159478187561,290.4927673339844,3.291682481765747,257.6806640625,244.77444458007807,1.767508625984192,1.875226259231568,300.0,0.2522901892662048,0.170416663090388
20240409.0,,,,,,,,14.0,0.216533362865448,1.275159478187561,283.326416015625,3.2972326278686523,257.619384765625,244.2686767578125,8.849068641662598,3.428067445755005,300.0,0.2489663362503051,0.222049999982119
20240412.0,,,,,,,,14.0,0.216533362865448,1.275159478187561,289.8794860839844,3.3058197498321533,258.059326171875,243.88563537597656,0.0,2.6501941680908203,300.0,0.2304137051105499,0.177375000591079
20240414.0,,,,,,,,14.0,0.216533362865448,1.275159478187561,293.1778869628906,3.3115806579589844,262.64373779296875,250.48866271972656,0.0008583068847656,2.8665738105773926,300.0,0.1879714280366897,0.145250002543132
20240415.0,,,,,,,,14.0,0.216533362865448,1.275159478187561,286.8705139160156,3.314469337463379,262.5045166015625,250.9734039306641,0.3640662729740143,1.4844075441360474,300.0,0.1559935808181762,0.137208333859841
20240417.0,,,,,,,,14.0,0.216533362865448,1.275159478187561,284.2677917480469,3.320264339447021,260.61138916015625,250.7943420410156,0.4458104968070984,1.776578068733215,300.0,0.1291755884885788,0.132625000551343
20240420.0,,,,,,,,14.0,0.216533362865448,1.275159478187561,284.9469299316406,3.3288793563842773,260.8333740234375,248.52621459960932,5.409225923358463e-05,2.285640239715576,300.0,0.1360354423522949,0.114500000141561
20240422.0,,,,,,,,14.0,0.216533362865448,1.275159478187561,282.0716552734375,3.334449529647827,260.7877502441406,250.27793884277344,0.0111768320202827,2.038675546646118,300.0,0.1064688563346862,0.103291666135192
20240423.0,,,,,,,,14.0,0.216533362865448,1.275159478187561,281.6316833496094,3.3343870639801025,262.9203186035156,250.61181640625,0.1864431053400039,1.89349901676178,300.0,0.1031619310379028,0.0991666673993071
20240425.0,,,,,,,,14.0,0.216533362865448,1.275159478187561,283.5841979980469,3.3325741291046143,260.53436279296875,247.6881561279297,4.090447425842285,1.9117884635925293,300.0,0.1622731834650039,0.124875001919766
20240428.0,,,,,,,,14.0,0.216533362865448,1.275159478187561,285.6872253417969,3.3302600383758545,257.45562744140625,244.93038940429688,0.697259247303009,2.3256499767303467,300.0,0.2165175676345825,0.203083332628012
20240430.0,,,,,,,,14.0,0.216533362865448,1.275159478187561,287.5322570800781,3.328732490539551,261.0240478515625,245.976303100586,0.7735891938209534,2.577924966812134,300.0,0.2094163447618484,0.169499998912215
20240501.0,,,,,,,,14.0,0.216533362865448,1.275159478187561,282.7477722167969,3.3279693126678467,260.7879638671875,248.5244903564453,9.16452980041504,2.0239028930664062,300.0,0.16062693297863,0.195125000551343
20240503.0,,,,,,,,14.0,0.216533362865448,1.275159478187561,285.3960266113281,3.326444149017334,256.740478515625,243.29864501953125,0.6835106015205383,2.3090059757232666,300.0,0.2352577149868011,0.233708332603176
20240506.0,,,,,,,,14.0,0.216533362865448,1.275159478187561,286.2476501464844,3.3241066932678223,256.494140625,242.6097412109375,3.9244985580444336,2.629058122634888,300.0,0.2779188454151153,0.299750000238419
20240508.0,,,,,,,,14.0,0.216533362865448,1.275159478187561,288.2142333984375,3.322462558746338,258.752197265625,244.8546142578125,0.0516447238624095,2.276245355606079,300.0,0.2074339389801025,0.277166665842136
20240509.0,,,,,,,,14.0,0.216533362865448,1.275159478187561,289.8114624023437,3.3203957080841064,259.6248779296875,245.435546875,0.0,3.270025968551636,300.0,0.2182966470718383,0.237541665633519
20240511.0,,,,,,,,14.0,0.216533362865448,1.275159478187561,293.8662109375,3.3155357837677,266.46929931640625,252.3203125,0.7803972363471985,3.76151704788208,300.0,0.1843971312046051,0.169291667019327
20240514.0,,,,,,,,14.0,0.216533362865448,1.275159478187561,287.0435791015625,3.3084499835968018,254.51318359375,242.18478393554688,12.907620429992676,2.961592435836792,300.0,0.2999247610569,0.32054166868329
20240516.0,,,,,,,,14.0,0.216533362865448,1.275159478187561,285.9295959472656,3.303751230239868,257.4617004394531,242.8487243652344,1.9021806716918943,2.587365865707397,300.0,0.2615589797496795,0.258583330859741
20240517.0,,,,,,,,14.0,0.216533362865448,1.275159478187561,285.9877014160156,3.3014073371887207,259.525390625,245.604248046875,2.540555477142334,2.218494176864624,300.0,0.2181840389966964,0.238749998311202
20240519.0,,,,,,,,14.0,0.216533362865448,1.275159478187561,288.222900390625,3.2967312335968018,256.04693603515625,242.9079742431641,3.487319231033325,2.4457011222839355,300.0,0.2823209762573242,0.284208332498868
20240522.0,,,,,,,,14.0,0.216533362865448,1.275159478187561,287.94677734375,3.2898266315460205,258.7930908203125,243.8984375,2.233937263488769,2.8630337715148926,300.0,0.2617767453193664,0.252833332245549
20240524.0,,,,,,,,14.0,0.216533362865448,1.275159478187561,287.6872863769531,3.285376787185669,258.55926513671875,241.88107299804688,0.2240671217441558,2.294374942779541,300.0,0.2283388674259185,0.225583331659436
20240525.0,,,,,,,,14.0,0.216533362865448,1.275159478187561,291.27001953125,3.285062789916992,261.57147216796875,246.8673095703125,0.0003143540525343,3.3698580265045166,300.0,0.2060798704624176,0.205583332727353
20240527.0,,,,,,,,14.0,0.216533362865448,1.275159478187561,288.8258972167969,3.285563707351685,264.73553466796875,248.9481811523437,0.0374541133642196,1.880367636680603,300.0,0.1619976013898849,0.18162500175337
20240530.0,,,,,,,,14.0,0.216533362865448,1.275159478187561,289.5067443847656,3.286046504974365,267.2376708984375,255.91525268554688,1.636529564857483,2.42997670173645,300.0,0.1165170818567276,0.146750003099442
20240601.0,,,,,,,,14.0,0.216533362865448,1.275159478187561,289.193603515625,3.2863597869873047,267.24859619140625,253.8944702148437,1.1015151739120483,2.430044174194336,300.0,0.1264710575342178,0.133208332583308
20240602.0,,,,,,,,14.0,0.216533362865448,1.275159478187561,288.4134521484375,3.286516189575196,268.40869140625,256.28839111328125,0.8106781840324402,1.8452340364456177,300.0,0.106748953461647,0.124333335397144
20240604.0,,,,,,,,14.0,0.216533362865448,1.275159478187561,292.5019836425781,3.286829233169556,268.87603759765625,256.4173278808594,0.0016275624511763,3.1489145755767822,300.0,0.1185929179191589,0.112458332752188
20240607.0,,,,,,,,14.0,0.216533362865448,1.275159478187561,295.5519714355469,3.28745174407959,270.3935546875,260.82525634765625,0.0260153654962778,2.864742517471313,300.0,0.0983018800616264,0.0920416672403614
20240609.0,,,,,,,,14.0,0.216533362865448,1.275159478187561,291.04852294921875,3.288121700286865,258.7193603515625,243.74871826171875,32.52693557739258,3.4882779121398926,300.0,0.2811983525753021,0.21108333269755
20240610.0,,,,,,,,14.0,0.216533362865448,1.275159478187561,290.7633056640625,3.292075157165528,261.4866943359375,246.91616821289065,0.327156662940979,3.259149074554444,300.0,0.2133948057889938,0.190916664898396
20240612.0,,,,,,,,14.0,0.216533362865448,1.275159478187561,289.8744812011719,3.302173137664795,262.3117370605469,249.66848754882807,0.113726682960987,3.188033103942871,300.0,0.1752101480960846,0.167666668693225
20240615.0,,,,,,,,14.0,0.216533362865448,1.275159478187561,289.15350341796875,3.316934823989868,261.4415283203125,247.15554809570312,0.439666748046875,2.8227574825286865,300.0,0.2035485059022903,0.160416668901841
20240617.0,,,,,,,,14.0,0.216533362865448,1.275159478187561,294.9227294921875,3.3268415927886963,267.29010009765625,255.74208068847656,0.498730331659317,3.7632088661193848,300.0,0.1573136746883392,0.137916669249535
20240618.0,,,,,,,,14.0,0.216533362865448,1.275159478187561,295.9374084472656,3.331819772720337,271.6438903808594,259.70489501953125,5.201702117919922,3.1923532485961914,300.0,0.125448390841484,0.128166665012638
20240620.0,,,,,,,,14.0,0.216533362865448,1.275159478187561,290.4170837402344,3.341826200485229,260.0329284667969,248.69155883789065,17.49630355834961,2.637715101242065,300.0,0.2598229646682739,0.135125001271566
20240623.0,,,,,,,,14.0,0.216533362865448,1.275159478187561,290.5179443359375,3.3568778038024902,258.3638916015625,245.24249267578125,0.4115531742572784,1.997744917869568,300.0,0.2329685688018798,0.200916668400168
20240625.0,,,,,,,,14.0,0.216533362865448,1.275159478187561,296.526611328125,3.366857051849365,267.0888366699219,251.04937744140625,0.0017106533050537,4.255383491516113,300.0,0.1895904541015625,0.165999999269843
20240626.0,,,,,,,,14.0,0.216533362865448,1.275159478187561,298.5434875488281,3.369912624359131,270.4647827148437,255.91470336914065,0.0004410743713378,4.441500663757324,300.0,0.1573205292224884,0.145666665708025
20240628.0,,,,,,,,14.0,0.216533362865448,1.275159478187561,296.64453125,3.3748786449432373,271.139404296875,260.375,1.3040088415145874,3.039578437805176,300.0,0.1253817826509475,0.123875001445413
20240703.0,,,,,,,,14.0,0.216533362865448,1.275159478187561,291.519775390625,3.387836456298828,269.70379638671875,259.68731689453125,0.4738835990428924,3.61901593208313,300.0,0.1012175902724266,0.0945833337803682
20240704.0,,,,,,,,14.0,0.216533362865448,1.275159478187561,292.1077880859375,3.390443801879883,271.9151611328125,261.9389038085937,0.5858538746833801,2.705694913864136,300.0,0.085950568318367,0.0885000011573235
20240706.0,,,,,,,,14.0,0.216533362865448,1.275159478187561,290.4541931152344,3.395670175552368,273.74383544921875,265.33172607421875,7.351903915405273,3.482276201248169,300.0,0.0671698004007339,0.0812083339939515
20240709.0,,,,,,,,14.0,0.216533362865448,1.275159478187561,297.78662109375,3.403495073318481,275.84735107421875,266.2459411621094,1.94494104385376,4.157218933105469,300.0,0.0821941867470741,0.0755416682610909
20240711.0,,,,,,,,14.0,0.216533362865448,1.275159478187561,297.162841796875,3.408653974533081,274.31744384765625,264.3451538085937,4.6468706130981445,3.790111541748047,300.0,0.0950984060764312,0.0745000019669533
20240712.0,,,,,,,,14.0,0.216533362865448,1.275159478187561,293.3153686523437,3.410128116607666,273.755126953125,267.7142333984375,2.175811529159546,3.99142861366272,300.0,0.0701507329940795,0.0729166654249032
20240714.0,,,,,,,,14.0,0.216533362865448,1.275159478187561,295.8555908203125,3.412420749664306,272.9301452636719,265.4207763671875,0.0288875494152307,3.9587109088897705,300.0,0.0764857679605484,0.0700000002980232
20240717.0,,,,,,,,14.0,0.216533362865448,1.275159478187561,294.9707946777344,3.4160232543945312,272.786376953125,264.77984619140625,0.0,3.5377001762390137,300.0,0.0752441138029098,0.0674583359311024
20240719.0,,,,,,,,14.0,0.216533362865448,1.275159478187561,299.4510192871094,3.4184346199035645,275.701416015625,265.73193359375,0.005587266292423,3.837967395782471,300.0,0.0817536264657974,0.0683181824331934
20240720.0,,,,,,,,14.0,0.216533362865448,1.275159478187561,298.06756591796875,3.419641494750977,275.65887451171875,268.3103332519531,8.057254791259766,3.680750131607056,300.0,0.0693518370389938,0.0684166681021452
20240722.0,,,,,,,,14.0,0.216533362865448,1.275159478187561,293.7113952636719,3.42205810546875,269.5885009765625,260.32244873046875,0.0083360010758042,3.4885945320129395,300.0,0.1052823290228843,0.0709583355734746
20240725.0,,,,,,,,14.0,0.216533362865448,1.275159478187561,296.40985107421875,3.425601959228516,274.3637084960937,267.8492431640625,0.0025785267353057,3.452919006347656,300.0,0.0643736869096756,0.0699166667958101
20240727.0,,,,,,,,14.0,0.216533362865448,1.275159478187561,298.3294372558594,3.4278228282928467,278.58941650390625,268.1015014648437,0.0156473778188228,3.083550214767456,300.0,0.0602534599602222,0.068749999627471
20240728.0,,,,,,,,14.0,0.216533362865448,1.275159478187561,300.4732360839844,3.426865577697754,279.77020263671875,270.7287292480469,0.3110041916370392,3.347782850265503,300.0,0.0559546947479248,0.068000003695488
20240730.0,,,,,,,,14.0,0.216533362865448,1.275159478187561,302.46441650390625,3.42372989654541,279.76373291015625,271.2216796875,0.4347187876701355,3.419837713241577,300.0,0.0625457093119621,0.0670000016689301
20240802.0,,,,,,,,14.0,0.216533362865448,1.275159478187561,297.1200256347656,3.419327735900879,279.17559814453125,269.9382019042969,0.0530327260494232,2.5707528591156006,300.0,0.0528447851538658,0.0659999996423721
20240804.0,,,,,,,,14.0,0.216533362865448,1.275159478187561,296.1960754394531,3.4164087772369385,276.16680908203125,269.0018920898437,0.0033190825488418,2.538574695587158,300.0,0.0575031153857708,0.0653749983757734
20240805.0,,,,,,,,14.0,0.216533362865448,1.275159478187561,297.96685791015625,3.41495132446289,276.4871826171875,269.3128662109375,0.0,2.704983711242676,300.0,0.059069026261568,0.0649999976158142
20240807.0,,,,,,,,14.0,0.216533362865448,1.275159478187561,296.9635314941406,3.4120402336120605,275.2237548828125,269.09979248046875,0.3031350076198578,1.6717939376831057,300.0,0.0663295537233352,0.0642500016838312
20240812.0,,,,,,,,14.0,0.216533362865448,1.275159478187561,299.9270324707031,3.404297351837158,282.8623352050781,274.572509765625,0.0364974588155746,2.0661747455596924,300.0,0.0412190668284893,0.063000001013279
20240813.0,,,,,,,,14.0,0.216533362865448,1.275159478187561,296.157470703125,3.399230480194092,279.139404296875,272.71026611328125,1.0790225267410278,1.2984271049499512,300.0,0.0547519400715827,0.0645833328987161
20240815.0,,,,,,,,14.0,0.216533362865448,1.275159478187561,293.5995788574219,3.3871171474456787,270.44537353515625,260.95458984375,0.0453629270195961,2.100844621658325,300.0,0.0977511629462242,0.114416666639348
20240818.0,,,,,,,,14.0,0.216533362865448,1.275159478187561,294.1069641113281,3.369593620300293,274.5732421875,266.65185546875,0.0505687184631824,2.7361531257629395,300.0,0.0623194985091686,0.0866666665921609
20240820.0,,,,,,,,14.0,0.216533362865448,1.275159478187561,293.3479919433594,3.358034133911133,273.897216796875,264.5099182128906,0.0048107421025633,2.421950101852417,300.0,0.0695081129670143,0.077250000089407
20240821.0,,,,,,,,14.0,0.216533362865448,1.275159478187561,294.0644226074219,3.3522865772247314,275.8043212890625,267.99322509765625,0.032618410885334,2.4007434844970703,300.0,0.0567976310849189,0.0743333346520861
20240823.0,,,,,,,,14.0,0.216533362865448,1.275159478187561,295.6798095703125,3.340855598449707,275.3871154785156,268.64678955078125,0.0202068518847227,2.298457145690918,300.0,0.0582238510251045,0.0700000002980232
20240826.0,,,,,,,,14.0,0.216533362865448,1.275159478187561,292.62701416015625,3.324401378631592,274.0735168457031,268.0726928710937,0.0,2.2643401622772217,300.0,0.0547068938612937,0.0660833331445853
20240828.0,,,,,,,,14.0,0.216533362865448,1.275159478187561,297.7011108398437,3.314413547515869,277.24273681640625,270.5302124023437,0.0017189680365845,2.1874632835388184,300.0,0.0526807531714439,0.0649999976158142
20240829.0,,,,,,,,14.0,0.216533362865448,1.275159478187561,296.3284606933594,3.3219614028930664,278.1010131835937,269.6898803710937,2.9735913276672363,1.2769864797592163,300.0,0.064510092139244,0.0653043480023094
20240831.0,,,,,,,,14.0,0.216533362865448,1.275159478187561,297.6407165527344,3.3447105884552,272.0727233886719,262.12530517578125,8.830392837524414,2.3294973373413086,300.0,0.1165443882346153,0.108999999860923
20240903.0,,,,,,,,14.0,0.216533362865448,1.275159478187561,291.9218444824219,3.3776419162750244,267.195556640625,257.19244384765625,14.67436981201172,1.430106520652771,300.0,0.1513468325138092,0.176291667545835
20240905.0,,,,,,,,14.0,0.216533362865448,1.275159478187561,289.9073791503906,3.399920701980591,265.8505554199219,255.87985229492188,0.4283682703971863,1.898625373840332,300.0,0.136915773153305,0.14645833397905
20240906.0,,,,,,,,14.0,0.216533362865448,1.275159478187561,289.0315856933594,3.4111757278442383,263.7462158203125,254.6981964111328,19.034629821777344,2.273219347000122,300.0,0.1644456684589386,0.165791666135192
20240908.0,,,,,,,,14.0,0.216533362865448,1.275159478187561,289.19122314453125,3.4339160919189453,264.30230712890625,254.29415893554688,3.996723890304565,1.894297957420349,300.0,0.1583934277296066,0.201166667044163
20240911.0,,,,,,,,14.0,0.216533362865448,1.275159478187561,289.32232666015625,3.46785831451416,266.6063232421875,255.4773101806641,6.236116409301758,1.5944314002990725,300.0,0.1435314714908599,0.169391305550285
20240913.0,,,,,,,,14.0,0.216533362865448,1.275159478187561,286.9523620605469,3.489596605300904,263.01446533203125,251.28126525878903,0.0169132761657238,2.332448005676269,300.0,0.1441636830568313,0.190374998996655
20240914.0,,,,,,,,14.0,0.216533362865448,1.275159478187561,287.38671875,3.4827020168304443,260.9953308105469,251.64962768554688,0.0004394104180391,2.387314796447754,300.0,0.1513843685388565,0.174958334614833
20240916.0,,,,,,,,14.0,0.216533362865448,1.275159478187561,288.3553466796875,3.458578109741211,262.38848876953125,254.30474853515625,0.000426173210144,2.1462996006011963,300.0,0.1345797777175903,0.147916665921609
20240919.0,,,,,,,,14.0,0.216533362865448,1.275159478187561,291.91473388671875,3.425429344177246,266.95050048828125,256.8899841308594,0.0044143353588879,2.266038656234741,300.0,0.1287465393543243,0.122375001509984
20240921.0,,,,,,,,14.0,0.216533362865448,1.275159478187561,292.5213317871094,3.4037652015686035,267.5328063964844,261.07769775390625,3.699337959289551,2.0897746086120605,300.0,0.1144137755036354,0.114708331413567
20240922.0,,,,,,,,14.0,0.216533362865448,1.275159478187561,290.0513916015625,3.393038749694824,261.90887451171875,252.6641387939453,11.942882537841797,1.8801525831222528,300.0,0.1974841356277465,0.182583331440886
20240924.0,,,,,,,,14.0,0.216533362865448,1.275159478187561,289.6204528808594,3.371797561645508,263.3602905273437,253.327865600586,5.022138595581055,2.374171257019043,300.0,0.1727445721626281,0.217285713269597
20240927.0,,,,,,,,14.0,0.216533362865448,1.275159478187561,286.87872314453125,3.3408243656158447,261.3277587890625,252.5476531982422,9.727627754211426,3.327530860900879,300.0,0.1869527399539947,0.26195454462008
20240929.0,,,,,,,,14.0,0.216533362865448,1.275159478187561,288.2651062011719,3.321112871170044,258.9921264648437,248.11279296875,0.000435113790445,2.2187745571136475,300.0,0.1799147874116897,0.214958333720764
20240930.0,,,,,,,,14.0,0.216533362865448,1.275159478187561,290.6572570800781,3.319731950759888,265.1346740722656,251.30230712890625,0.6263979077339172,1.478587031364441,300.0,0.1799282133579254,0.197249999890725
20241002.0,,,,,,,,14.0,0.216533362865448,1.275159478187561,287.4169311523437,3.3219475746154785,265.4998779296875,254.11671447753903,3.2751967906951904,1.0531408786773682,300.0,0.1452753096818924,0.174624996259809
20241005.0,,,,,,,,14.0,0.216533362865448,1.275159478187561,286.7334899902344,3.324089288711548,259.99176025390625,252.3134155273437,7.521528720855713,2.106112241744995,300.0,0.163845032453537,0.166916662206252
20241007.0,,,,,,,,14.0,0.216533362865448,1.275159478187561,291.8676147460937,3.325479030609131,265.987548828125,254.17581176757807,14.299553871154783,2.3599820137023926,300.0,0.1773132383823394,0.159000004331271
20241008.0,,,,,,,,14.0,0.216533362865448,1.275159478187561,290.1519470214844,3.326174259185791,262.76495361328125,254.07861328125,0.3896904289722442,2.3442635536193848,300.0,0.1468339413404464,0.16712499782443
20241010.0,,,,,,,,14.0,0.216533362865448,1.275159478187561,287.4594421386719,3.327566146850586,261.6788330078125,253.10528564453125,2.6146132946014404,1.892173171043396,300.0,0.1462274044752121,0.20705263159777
20241013.0,,,,,,,,14.0,0.216533362865448,1.275159478187561,291.39666748046875,3.329477071762085,261.4983215332031,251.8394470214844,0.0451440550386905,1.714688062667847,300.0,0.1802671551704406,0.203750001266599
20241015.0,,,,,,,,14.0,0.216533362865448,1.275159478187561,293.0226135253906,3.330453395843506,265.2171936035156,254.3929748535156,0.1978186964988708,1.323705554008484,300.0,0.1586390435695648,0.18520833303531
20241016.0,,,,,,,,14.0,0.216533362865448,1.275159478187561,291.23211669921875,3.326707363128662,264.9114685058594,254.58428955078125,7.622218608856201,1.1313109397888184,300.0,0.1663004457950592,0.178750002756715
20241018.0,,,,,,,,14.0,0.216533362865448,1.275159478187561,285.74591064453125,3.316753625869751,258.0259704589844,248.81674194335932,9.671018600463867,2.091816663742065,300.0,0.2119255810976028,0.276208331187566
20241021.0,,,,,,,,14.0,0.216533362865448,1.275159478187561,291.3123779296875,3.30253529548645,259.63299560546875,250.2061462402344,0.1824123412370681,1.6591830253601074,300.0,0.1978741884231567,0.20462500055631
20241023.0,,,,,,,,14.0,0.216533362865448,1.275159478187561,287.9346008300781,3.293153047561645,259.784423828125,247.92608642578125,0.0008583068847656,1.2180261611938477,300.0,0.1885025203227996,0.186708332970738
20241024.0,,,,,,,,14.0,0.216533362865448,1.275159478187561,289.67449951171875,3.288485050201416,261.80499267578125,251.879638671875,0.0008583068847656,1.366283655166626,300.0,0.1678777039051056,0.180583333596587
20241026.0,,,,,,,,14.0,0.216533362865448,1.275159478187561,285.35968017578125,3.2791948318481445,257.67462158203125,243.1083068847656,12.86000633239746,1.014458179473877,300.0,0.2378848791122436,0.287125000109275
20241029.0,,,,,,,,14.0,0.216533362865448,1.275159478187561,288.5219116210937,3.2655487060546875,261.90106201171875,251.8018951416016,0.6616194248199463,0.9166842103004456,300.0,0.170041486620903,0.214958331237237
20241031.0,,,,,,,,14.0,0.216533362865448,1.275159478187561,289.9810485839844,3.2568135261535645,260.14849853515625,248.61135864257807,3.606150812629494e-06,1.0001380443572998,300.0,0.1942123621702194,0.197749999041359
20241101.0,,,,,,,,14.0,0.216533362865448,1.275159478187561,289.38055419921875,3.256535768508911,260.7796936035156,248.1431579589844,0.0008523463038727,1.0293200016021729,300.0,0.1906698793172836,0.19045833311975
20241103.0,,,,,,,,14.0,0.216533362865448,1.275159478187561,288.41619873046875,3.258394718170166,258.1119079589844,250.19271850585932,0.0025779400020837,1.078382968902588,300.0,0.1845163106918335,0.178083336601655
20241106.0,,,,,,,,14.0,0.216533362865448,1.275159478187561,288.2487487792969,3.2606115341186523,264.2614440917969,253.91360473632807,0.00403343886137,0.5974774360656738,300.0,0.1485251486301422,0.166916662206252
20241108.0,,,,,,,,14.0,0.216533362865448,1.275159478187561,288.0284118652344,3.2620720863342285,261.4833374023437,252.00718688964844,0.0008523463038727,0.8171545267105103,300.0,0.1639055758714676,0.162583334992329
20241109.0,,,,,,,,14.0,0.216533362865448,1.275159478187561,286.7512512207031,3.262803077697754,260.8063049316406,252.13748168945312,4.193192958831787,0.9641729593276978,300.0,0.1739769876003265,0.162375001236796
20241111.0,,,,,,,,14.0,0.216533362865448,1.275159478187561,285.3100891113281,3.2642662525177,261.44744873046875,250.8447265625,0.2808996438980102,0.9454906582832336,300.0,0.1513372957706451,0.167727269909599
20241114.0,,,,,,,,14.0,0.216533362865448,1.275159478187561,280.771484375,3.26629376411438,256.0441589355469,246.3275146484375,0.000426173210144,0.790381133556366,300.0,0.1720095425844192,0.16074999794364
20241116.0,,,,,,,,14.0,0.216533362865448,1.275159478187561,283.1869812011719,3.267363309860229,257.8309936523437,247.67352294921875,0.0008523463038727,0.7603704929351807,300.0,0.1780573725700378,0.158708335831761
20241117.0,,,,,,,,14.0,0.216533362865448,1.275159478187561,282.7125549316406,3.263879537582397,258.07470703125,246.5274200439453,0.0466856732964515,0.3865098059177398,300.0,0.1986960768699646,0.158958335096637
20241119.0,,,,,,,,14.0,0.216533362865448,1.275159478187561,283.7484741210937,3.2545762062072754,259.0311279296875,248.43572998046875,2.4613375663757324,0.911775767803192,300.0,0.1797367185354232,0.156416670729717
20241122.0,,,,,,,,14.0,0.216533362865448,1.275159478187561,280.1387939453125,3.241297721862793,250.4323272705078,240.8973388671875,0.6691649556159973,1.0287868976593018,300.0,0.2268480062484741,0.284375003228585
20241124.0,,,,,,,,14.0,0.216533362865448,1.275159478187561,285.74468994140625,3.2325375080108643,253.9794769287109,243.39700317382807,0.0,0.9465357065200806,300.0,0.21664360165596,0.227125000208616
20241125.0,,,,,,,,14.0,0.216533362865448,1.275159478187561,287.1202697753906,3.228179216384888,258.0590209960937,242.82748413085932,8.094240188598633,1.0519635677337646,300.0,0.2312629967927932,0.244291666274269
20241127.0,,,,,,,,14.0,0.216533362865448,1.275159478187561,283.1959228515625,3.2195067405700684,252.9810485839844,242.98098754882807,0.0,0.7476136684417725,300.0,0.2148457467555999,0.242249999195337
20241130.0,,,,,,,,14.0,0.216533362865448,1.275159478187561,283.4410705566406,3.2067108154296875,252.4051818847656,242.07144165039065,0.0,0.3971391022205353,300.0,0.2323775738477707,0.209333333497246
20241202.0,,,,,,,,14.0,0.216533362865448,1.275159478187561,282.9853515625,3.198423147201538,256.31890869140625,245.22088623046875,6.020951747894287,0.4703936576843261,300.0,0.228601187467575,0.205416667585572
20241203.0,,,,,,,,14.0,0.216533362865448,1.275159478187561,281.6869201660156,3.196713447570801,254.15701293945312,246.82571411132807,2.11507534980774,0.6020146608352661,300.0,0.2188105285167694,0.2113333294789
20241205.0,,,,,,,,14.0,0.216533362865448,1.275159478187561,280.24835205078125,3.194728374481201,252.5610198974609,240.68527221679688,6.418773651123047,0.5324385166168213,300.0,0.2527816891670227,0.201875001812975
20241208.0,,,,,,,,14.0,0.216533362865448,1.275159478187561,279.5368347167969,3.1914174556732178,248.39602661132807,238.82864379882807,3.016711711883545,1.375372052192688,300.0,0.2911474406719208,0.285652173602063
20241210.0,,,,,,,,14.0,0.216533362865448,1.275159478187561,277.69091796875,3.189204216003418,250.8349609375,239.51133728027344,0.8341796398162842,0.5658583641052246,300.0,0.2391500473022461,0.239874999349316
20241211.0,,,,,,,,14.0,0.216533362865448,1.275159478187561,276.8254089355469,3.188098907470703,250.7079467773437,239.56678771972656,0.0365923568606376,0.5252063274383545,300.0,0.2210045754909515,0.228000000119209
20241213.0,,,,,,,,14.0,0.216533362865448,1.275159478187561,279.63677978515625,3.1858913898468018,250.60305786132807,239.1192321777344,0.2298803776502609,0.2757366001605987,300.0,0.2355192154645919,0.212249999245008
20241216.0,,,,,,,,14.0,0.216533362865448,1.275159478187561,277.4719543457031,3.182474136352539,250.40725708007807,237.23110961914065,0.000426173210144,0.3857341408729553,300.0,0.2267119884490966,0.222666666532556
20241218.0,,,,,,,,14.0,0.216533362865448,1.275159478187561,282.2868957519531,3.180011987686157,251.07345581054688,238.84243774414065,0.0012808594619855,0.5464311242103577,300.0,0.2333904802799224,0.210916666314006
20241219.0,,,,,,,,14.0,0.216533362865448,1.275159478187561,282.3671264648437,3.1761035919189453,253.2671356201172,243.2155303955078,7.791871547698975,2.136478900909424,300.0,0.264475405216217,0.236875000720223
20241221.0,,,,,,,,14.0,0.216533362865448,1.275159478187561,281.7313537597656,3.1667516231536865,252.4164428710937,240.3855133056641,5.877419471740723,0.938677966594696,300.0,0.2508139610290527,0.271849995106459
20241224.0,,,,,,,,14.0,0.216533362865448,1.275159478187561,281.7264404296875,3.153233051300049,250.22821044921875,241.08468627929688,1.2902982234954834,0.2759599983692169,300.0,0.2616543471813202,0.253291662161549
20241226.0,,,,,,,,14.0,0.216533362865448,1.275159478187561,280.0904235839844,3.144320487976074,251.70977783203125,241.876953125,0.1251579225063324,0.19284288585186,300.0,0.2288704812526703,0.231708334137996
20241227.0,,,,,,,,14.0,0.216533362865448,1.275159478187561,279.3794250488281,3.139890670776367,250.82681274414065,242.30825805664065,0.0091649536043405,0.3881007432937622,300.0,0.2268629074096679,0.224291666721304
20241229.0,,,,,,,,14.0,0.216533362865448,1.275159478187561,277.6050720214844,3.131061792373657,250.2503967285156,239.313720703125,0.039200410246849,0.2025602012872696,300.0,0.2309808284044265,0.213333333532015
