date,era5_land_sm,esa_cci_sm,smap_ib_sm,smap_dca_sm,smap_scav_sm,smos_ic_sm,smos_l3_sm,mcd12c1_IGBP_land_cover,soilgrid_clay_fraction,soilgrid_bulk_density,era5_surface_temperature,vwc_mod13_sf_land,smap_tb_v_corrected,smap_tb_h_corrected,era5_prep,era5_evap,koppen_climate_5_types,pgml_sm,insitu_sm
20200604.0,0.1738877743482589,0.1565081179141998,,,,0.0755139589309692,,,,,,,,,,,,,
20200605.0,0.1706506758928299,0.1180396154522895,0.130536749958992,,,,,10.0,0.2676638960838318,1.1741180419921875,295.2879638671875,1.1054946184158323,270.5982971191406,255.02346801757807,0.0222988873720169,4.111563205718994,400.0,0.1168784946203231,0.156750000392397
20200606.0,0.1717194318771362,0.1398569643497467,,,,,,,,,,,,,,,,,
20200607.0,0.2753399908542633,,0.2046119272708892,,,0.2055984884500503,,10.0,0.2676638960838318,1.1741180419921875,286.6693420410156,1.123501181602478,251.90252685546875,236.5570373535156,21.12813186645508,4.427336692810059,400.0,0.2930800020694732,0.284999997044603
20200608.0,0.3232237100601196,0.2381208539009094,,,,,,10.0,0.2676638960838318,1.1741180419921875,283.62060546875,1.133465051651001,247.31005859375,230.9219665527344,5.218001842498779,4.367876052856445,400.0,0.3030180335044861,0.319157895288969
20200609.0,0.3086895644664764,0.223296970129013,,,,0.2055323868989944,,,,,,,,,,,,,
20200610.0,0.2803981006145477,0.1943223774433136,0.2099159508943557,,,,,10.0,0.2676638960838318,1.1741180419921875,287.44000244140625,1.144782304763794,254.077377319336,234.9275360107422,0.0007546963752247,3.9974069595336914,400.0,0.3073438704013824,0.289541666706403
20200611.0,0.2586323618888855,0.187224268913269,,,,,,,,,,,,,,,,,
20200612.0,0.2384858280420303,0.1500573307275772,,,,0.1749956011772155,,,,,,,,,,,,,
20200613.0,0.220712125301361,0.1293559670448303,,,,,,,,,,,,,,,,,
20200614.0,0.2082880139350891,0.1580320298671722,,,,0.1243442445993423,,,,,,,,,,,,,
20200615.0,0.199269101023674,0.1497815251350402,0.158797487616539,,,,,10.0,0.2676638960838318,1.1741180419921875,289.9999389648437,1.1548714637756348,268.93701171875,255.99072265625,0.0017121656564995,3.937401294708252,400.0,0.2060628831386566,0.198666665703058
20200616.0,0.1961541324853897,0.1305899769067764,0.1627666354179382,,,,,10.0,0.2676638960838318,1.1741180419921875,291.52496337890625,1.1570091247558594,265.3154296875,250.50485229492188,3.043714761734009,4.02327299118042,400.0,0.2249688357114792,0.188916667054097
20200617.0,0.2588106691837311,0.2199687510728836,,,,0.2298459559679031,,,,,,,,,,,,,
20200618.0,0.2716105580329895,0.2291918396949768,0.2245216071605682,,,,,10.0,0.2676638960838318,1.1741180419921875,286.6978759765625,1.161289095878601,252.6524658203125,231.6127319335937,0.0261112600564956,3.904879331588745,400.0,0.3013462126255035,0.302583334346612
20200619.0,0.2508179545402527,0.1868004351854324,,,,0.1976939141750335,,,,,,,,,,,,,
20200620.0,0.2337387651205063,0.158928096294403,,,,,,,,,,,,,,,,,
20200621.0,0.2185483425855636,0.1711694300174713,,,,,,10.0,0.2676638960838318,1.1741180419921875,293.0274658203125,1.1677196025848389,260.4308776855469,240.0948486328125,0.0009026055922731,4.077960014343262,400.0,0.2624795436859131,0.253916666532556
20200622.0,0.2052904069423675,0.1694961935281753,,,,0.1524110436439514,,,,,,,,,,,,,
20200623.0,0.1945943087339401,0.1506936848163604,,,,,,10.0,0.2676638960838318,1.1741180419921875,294.4020080566406,1.1718719005584717,268.39971923828125,252.573974609375,0.0,3.815631866455078,400.0,0.1464031189680099,0.214374999205271
20200624.0,0.1855314970016479,0.1539090573787689,,,,,,10.0,0.2676638960838318,1.1741180419921875,295.7170715332031,1.1745197772979736,255.93728637695312,239.57601928710932,0.0,3.963240623474121,400.0,0.2253510057926178,0.196166665603717
20200625.0,0.1787420362234115,0.1468570232391357,,,,0.1353227794170379,,,,,,,,,,,,,
20200626.0,0.1753269731998443,0.1289060115814209,,,,,,10.0,0.2676638960838318,1.1741180419921875,295.49090576171875,1.1744558811187744,269.931884765625,252.16607666015625,0.0050159380771219,3.638047218322754,400.0,0.1446505337953567,0.163000000019868
20200627.0,0.1710381656885147,0.1223729625344276,,,,0.1045601144433021,,,,,,,,,,,,,
20200628.0,0.1697717756032943,0.1026450097560882,,,,,,,,,,,,,,,,,
20200629.0,0.2446059435606002,0.1708064079284668,0.2356335073709488,,,,,10.0,0.2676638960838318,1.1741180419921875,287.50360107421875,1.1674649715423584,249.47496032714844,232.55322265625,13.315910339355469,5.863845348358154,400.0,0.2385934293270111,0.147875000412265
20200630.0,0.3069140911102295,0.1886119246482849,,,,0.2020436078310012,,,,,,,,,,,,,
20200701.0,0.3042319715023041,0.206894040107727,0.2512121796607971,,,,,10.0,0.2676638960838318,1.1741180419921875,289.1274108886719,1.1630494594573977,256.5771484375,233.57846069335932,0.0081728538498282,4.288322925567627,400.0,0.3028380572795868,0.305166664222876
20200702.0,0.2692915797233581,0.1761995553970337,0.2441703528165817,,,0.1800873130559921,,10.0,0.2676638960838318,1.1741180419921875,292.3389892578125,1.1608442068099976,255.8979034423828,238.57650756835932,0.0088026877492666,4.282057285308838,400.0,0.2853537201881408,0.283208332955837
20200703.0,0.2459211647510528,0.1788478046655655,,,,,,,,,,,,,,,,,
20200704.0,0.2257779836654663,0.1423197388648986,0.2101707011461258,,,,,10.0,0.2676638960838318,1.1741180419921875,295.8558654785156,1.1564379930496216,265.8282470703125,246.76394653320312,0.000874794262927,4.569087982177734,400.0,0.2013764381408691,0.244999999801318
20200705.0,0.2094513773918151,0.1469059288501739,,,,0.1227583289146423,,,,,,,,,,,,,
20200706.0,0.196473553776741,0.1157180219888687,,,,,,,,,,,,,,,,,
20200707.0,0.1856417953968048,0.1062722876667976,0.1588492542505264,,,0.0979033932089805,,10.0,0.2676638960838318,1.1741180419921875,296.965576171875,1.1498405933380127,272.0684509277344,257.474365234375,0.0001119556764024,4.669579982757568,400.0,0.1053523793816566,0.188791666800777
20200708.0,0.1777275800704956,0.1425333321094513,,,,,,,,,,,,,,,,,
20200709.0,0.1722840219736099,0.1198497861623764,,,,,,10.0,0.2676638960838318,1.1741180419921875,294.69451904296875,1.1455318927764893,273.623046875,259.3880615234375,0.0025658910162746,3.7585995197296143,400.0,0.1044487357139587,0.156666666890184
20200710.0,0.1682236939668655,0.1166399121284484,0.1240438744425773,,,0.0815266072750091,,10.0,0.2676638960838318,1.1741180419921875,296.20025634765625,1.143052101135254,274.7289428710937,259.2828674316406,0.0,3.6287682056427,400.0,0.0789767280220985,0.141041666269302
20200711.0,0.1651761531829834,0.1092156618833541,,,,,,,,,,,,,,,,,
20200712.0,0.1627023965120315,0.1047415807843208,0.1082581803202629,,,,,10.0,0.2676638960838318,1.1741180419921875,298.091064453125,1.1411807537078855,276.0660400390625,261.3884582519531,0.0015798724489286,3.6225900650024414,400.0,0.0475046262145042,0.111708333405356
20200713.0,0.1609196215867996,0.113171212375164,,,,0.0807864889502525,,,,,,,,,,,,,
20200714.0,0.1597620993852615,0.0950051248073577,,,,,,,,,,,,,,,,,
20200715.0,0.158840537071228,0.1069051101803779,0.0898956581950187,,,0.0711567252874374,,10.0,0.2676638960838318,1.1741180419921875,295.3724060058594,1.1423454284667969,274.54107666015625,259.58013916015625,0.0013027214445173,3.326106071472168,400.0,0.0836377963423729,0.0770833330849807
20200716.0,0.1580287963151931,0.1057163029909133,,,,,,,,,,,,,,,,,
20200717.0,0.1572787165641784,0.1067782193422317,,,,,,10.0,0.2676638960838318,1.1741180419921875,298.0852355957031,1.1429855823516846,278.3002014160156,265.685791015625,0.0114155812188982,3.3262593746185303,400.0,0.0319338366389274,0.0620833331098159
20200718.0,0.1570873260498047,0.1124704778194427,,,,0.0730274021625518,,10.0,0.2676638960838318,1.1741180419921875,298.81201171875,1.1433056592941284,274.6185913085937,264.91754150390625,0.065604917705059,3.282832384109497,400.0,0.0310339294373989,0.055875000388672
20200719.0,0.1563628613948822,0.1358883529901504,,,,,,,,,,,,,,,,,
20200720.0,0.1558951437473297,0.105133555829525,,,,0.0630150213837623,,10.0,0.2676638960838318,1.1741180419921875,297.92919921875,1.1439459323883057,279.8974609375,265.7601623535156,0.0034437119029462,3.147868394851685,400.0,0.0331284180283546,0.0458333333954215
20200721.0,0.1555590331554412,0.1152900382876396,,,,,,,,,,,,,,,,,
20200722.0,0.1576277166604995,0.0954326465725898,,,,,,,,,,,,,,,,,
20200723.0,0.167479008436203,0.1404673159122467,0.1246301755309104,,,0.1364888101816177,,10.0,0.2676638960838318,1.1741180419921875,295.2443542480469,1.144906520843506,270.9081420898437,258.5335998535156,0.1403258442878723,2.9057748317718506,400.0,0.0760881006717681,0.0352916666306555
20200724.0,0.1646355241537094,0.1505840718746185,,,,,,,,,,,,,,,,,
20200725.0,0.162328228354454,0.1231524646282196,,,,0.0753734484314918,,10.0,0.2676638960838318,1.1741180419921875,296.7850341796875,1.145250678062439,276.4130249023437,262.4578857421875,0.0070629063993692,2.816352128982544,400.0,0.0495451167225837,0.0346666670714815
20200726.0,0.1605036854743957,0.1240620240569114,0.0857597216963768,,,,,10.0,0.2676638960838318,1.1741180419921875,297.53826904296875,1.1466095447540283,277.24285888671875,266.41973876953125,0.0253471694886684,2.728814125061035,400.0,0.0307710710912942,0.0340000000627091
20200727.0,0.1591567695140838,0.1051233261823654,,,,,,,,,,,,,,,,,
20200728.0,0.1611499637365341,0.1202461495995521,,,,0.0645202994346618,,10.0,0.2676638960838318,1.1741180419921875,298.2480163574219,1.1381679773330688,280.2832946777344,266.6171875,1.331358790397644,3.0454256534576416,400.0,0.0249719507992267,0.0328333338256925
20200729.0,0.1652972400188446,0.1211367398500442,,,,,,,,,,,,,,,,,
20200730.0,0.1623686701059341,0.1062808111310005,,,,,,,,,,,,,,,,,
20200731.0,0.1601011157035827,0.106356956064701,0.070751242339611,,,0.0521907694637775,,10.0,0.2676638960838318,1.1741180419921875,299.3033447265625,1.1112977266311646,278.0421142578125,264.0936584472656,0.0004388833767734,3.110161542892456,400.0,0.0313018038868904,0.0295000001788139
20200801.0,0.1584454625844955,0.1036321148276329,,,,,,,,,,,,,,,,,
20200802.0,0.1572298556566238,0.0972137078642845,,,,0.0589774698019027,,10.0,0.2676638960838318,1.1741180419921875,300.7486572265625,1.094001531600952,281.3785705566406,269.42388916015625,0.0,2.929196357727051,400.0,0.0167829692363739,0.0270833333488554
20200803.0,0.1563673466444015,0.1151740327477455,0.0532642789185047,,,,,10.0,0.2676638960838318,1.1741180419921875,300.2020263671875,1.0853906869888306,282.91192626953125,266.424072265625,0.2986446619033813,3.080094337463379,400.0,0.0240533929318189,0.0254583336257686
20200804.0,0.1577264219522476,0.1143646612763404,,,,,,,,,,,,,,,,,
20200805.0,0.1565369069576263,0.1005316823720932,,,,0.058942973613739,,10.0,0.2676638960838318,1.1741180419921875,298.4170227050781,1.0682432651519775,281.7548522949219,267.9856872558594,0.0090547818690538,2.541778564453125,400.0,0.0232001636177301,0.0202499999819944
20200806.0,0.1558667421340942,0.0935459062457084,,,,,,,,,,,,,,,,,
20200807.0,0.15542633831501,0.1081379130482673,,,,0.0641223043203353,,,,,,,,,,,,,
20200808.0,0.1551283448934555,0.1060959920287132,,,,,,10.0,0.2676638960838318,1.1741180419921875,297.05126953125,1.0427088737487793,279.27447509765625,269.4407043457031,0.0,2.601292848587036,400.0,0.0284784343093633,0.0125416668597609
20200809.0,0.1548983603715896,0.1016900911927223,,,,,,,,,,,,,,,,,
20200810.0,0.1547047644853592,0.0981815233826637,,,,0.0888128653168678,,10.0,0.2676638960838318,1.1741180419921875,297.5111389160156,1.0259779691696167,281.2396850585937,271.0077514648437,0.0018330197781324,2.6670618057250977,400.0,0.0232061352580785,0.0082500000717118
20200811.0,0.1545882076025009,0.0945123881101608,,,,,,10.0,0.2676638960838318,1.1741180419921875,297.6756896972656,1.0169792175292969,279.9417419433594,267.8524475097656,0.0104380771517753,2.4481825828552246,400.0,0.0266406387090683,0.0074210526715768
20200812.0,0.1556399911642074,0.0957211852073669,,,,0.0527084060013294,,,,,,,,,,,,,
20200813.0,0.1613542288541793,0.0935977771878242,0.0222181286662817,,,,,10.0,0.2676638960838318,1.1741180419921875,296.5020446777344,1.005337476730347,284.3795471191406,272.928466796875,0.0017192956293001,2.7788004875183105,400.0,0.0273375995457172,0.0031739131132464
20200814.0,0.1591717898845672,0.0936310291290283,,,,,,,,,,,,,,,,,
20200815.0,0.1578433960676193,0.0988576188683509,,,,0.0286405719816684,,,,,,,,,,,,,
20200816.0,0.1568601429462433,0.0996133685111999,,,,,,10.0,0.2676638960838318,1.1741180419921875,297.9006652832031,0.9960087537765504,280.3280639648437,267.046875,0.0,2.35005259513855,400.0,0.0270767323672771,0.0006250000248352
20200817.0,0.1560881733894348,0.0925967991352081,,,,,,,,,,,,,,,,,
20200818.0,0.1567436754703521,0.1000610888004303,0.0328294932842254,,,,,10.0,0.2676638960838318,1.1741180419921875,300.0367126464844,0.9895301461219788,285.4148864746094,273.6781616210937,0.0016545036341995,2.3172028064727783,400.0,0.0131555376574397,0.000391304366412
20200819.0,0.1559830009937286,0.0918683037161827,0.0399167388677597,,,,,10.0,0.2676638960838318,1.1741180419921875,299.7304382324219,0.986296772956848,282.7333374023437,271.59503173828125,0.0205062646418809,2.4663026332855225,400.0,0.0145211862400174,0.00029166668052
20200820.0,0.1556042432785034,0.1087617948651313,,,,0.0510493740439415,,,,,,,,,,,,,
20200821.0,0.1553386896848678,0.1006823033094406,,,,,,10.0,0.2676638960838318,1.1741180419921875,298.4635009765625,0.979840874671936,281.8399658203125,271.8818359375,0.0008553265943191,2.2916929721832275,400.0,0.018011687323451,0.0
20200822.0,0.1549758315086364,0.0955689176917076,,,,,,,,,,,,,,,,,
20200823.0,0.1548178941011428,0.0933715626597404,,,,0.0662633702158927,,,,,,,,,,,,,
20200824.0,0.1551432311534881,0.0907970741391182,0.0221221540123224,,,,,10.0,0.2676638960838318,1.1741180419921875,298.46685791015625,0.9701852798461914,282.9410400390625,270.88531494140625,0.0636985674500465,1.9917117357254028,400.0,0.0180732123553752,0.0
20200825.0,0.1553030759096145,0.0881399661302566,,,,0.0866485759615898,,,,,,,,,,,,,
20200826.0,0.1554600596427917,0.1132055446505546,0.0458314679563045,,,,,10.0,0.2676638960838318,1.1741180419921875,298.71630859375,0.9633429050445556,282.7821655273437,269.31280517578125,0.0224573537707328,2.173758029937744,400.0,0.0189649388194084,0.0
20200827.0,0.1551031768321991,0.1126493513584137,,,,,,10.0,0.2676638960838318,1.1741180419921875,298.81768798828125,0.961622953414917,283.4948425292969,268.8216552734375,0.0008523463038727,2.440114736557007,400.0,0.019885754212737,0.0
20200828.0,0.1548511385917663,0.1042419895529747,,,,0.0689062550663948,,,,,,,,,,,,,
20200829.0,0.1560113579034805,0.0995114743709564,,,,,,10.0,0.2676638960838318,1.1741180419921875,296.485107421875,0.942298948764801,282.2779541015625,267.0030212402344,0.8222148418426514,2.246619462966919,400.0,0.0360363610088825,0.0
20200901.0,,,,,,,,10.0,0.2676638960838318,1.1741180419921875,289.195556640625,0.8934731483459473,275.0838623046875,263.71636962890625,0.0273143034428358,2.1979267597198486,400.0,0.0748389363288879,0.0
20200903.0,,,,,,,,10.0,0.2676638960838318,1.1741180419921875,293.6513061523437,0.862104058265686,280.3333740234375,269.7339782714844,0.0,1.5518426895141602,400.0,0.0273349732160568,0.0
20200904.0,,,,,,,,10.0,0.2676638960838318,1.1741180419921875,295.47857666015625,0.8465636372566223,279.8327941894531,267.6531066894531,0.000857041333802,1.5883996486663818,400.0,0.0250690635293722,0.0
20200906.0,,,,,,,,10.0,0.2676638960838318,1.1741180419921875,297.2451477050781,0.8157706260681152,280.6553955078125,267.51513671875,0.0012747952714562,1.7771140336990356,400.0,0.0250752232968807,0.0
20200911.0,,,,,,,,10.0,0.2676638960838318,1.1741180419921875,287.7250671386719,0.7408800721168518,273.6160888671875,261.5814208984375,0.0,1.400598645210266,400.0,0.0510264039039611,0.0
20200912.0,,,,,,,,10.0,0.2676638960838318,1.1741180419921875,289.35595703125,0.7246758937835693,276.2375793457031,262.2431640625,0.0,1.2409688234329224,400.0,0.0390094146132469,0.0
20200914.0,,,,,,,,10.0,0.2676638960838318,1.1741180419921875,292.17254638671875,0.7078146934509277,278.2318725585937,263.482421875,0.0008523463038727,1.3238309621810913,400.0,0.0375252850353717,0.0
20200916.0,0.1606292724609375,0.1242823973298072,,,,,,,,,,,,,,,,,
20200917.0,0.1594550758600235,0.1203171759843826,0.0391268320381641,,,0.0626959279179573,,10.0,0.2676638960838318,1.1741180419921875,293.16754150390625,0.7022632360458374,278.7693176269531,261.76104736328125,0.0008583068847656,1.3452069759368896,400.0,0.0437780693173408,0.000181818190454
20200918.0,0.1584764420986175,0.1040699183940887,,,,,,,,,,,,,,,,,
20200919.0,0.1633957624435424,0.1023779883980751,,,,,,10.0,0.2676638960838318,1.1741180419921875,291.4435729980469,0.6978976130485535,281.5393981933594,268.19122314453125,2.201010227203369,1.9926612377166748,400.0,0.0610100626945495,0.0003333333443151
20200920.0,0.1747578233480453,0.1505929380655288,,,,0.1117197051644325,,10.0,0.2676638960838318,1.1741180419921875,288.7196960449219,0.6957180500030518,265.10614013671875,244.462142944336,0.3714622557163238,1.5196125507354736,400.0,0.1169659942388534,0.0
20200921.0,0.1716525852680206,0.1370380222797393,,,,,,,,,,,,,,,,,
20200922.0,0.1685841828584671,0.127487376332283,,,,0.1021543890237808,,10.0,0.2676638960838318,1.1741180419921875,292.30682373046875,0.6913653612136841,275.57135009765625,258.6183166503906,0.0055385422892868,1.4180471897125244,400.0,0.059621088206768,5.26315814472343e-05
20200923.0,0.1662141531705856,0.1248089000582695,,,,,,,,,,,,,,,,,
20200926.0,0.1615042686462402,0.1174666807055473,,,,,,,,,,,,,,,,,
20200927.0,0.1609234362840652,0.1207805126905441,0.0378550924360752,,,,,10.0,0.2676638960838318,1.1741180419921875,286.75244140625,0.680218517780304,274.1210327148437,261.76544189453125,0.000435113790445,1.79361093044281,400.0,0.0762823596596717,0.0065217391668778
20200928.0,0.1603056937456131,0.1174786314368248,0.0385480746626853,,,0.0514822341501712,,10.0,0.2676638960838318,1.1741180419921875,285.7267761230469,0.6791157722473145,271.4223327636719,260.939697265625,0.0,1.5531907081604004,400.0,0.0712242573499679,0.0019047619564281
20200930.0,0.1591488867998123,0.1019813567399978,0.0165373645722866,,,0.0569111406803131,,10.0,0.2676638960838318,1.1741180419921875,287.618408203125,0.665557861328125,272.4080810546875,260.26824951171875,0.0021487474441528,0.9924559593200684,400.0,0.0337786301970481,0.0025652174574687
20201001.0,0.1585921347141266,0.1039219573140144,,,,,,,,,,,,,,,,,
20201002.0,0.1580230593681335,0.1274860948324203,,,,,,,,,,,,,,,,,
20201003.0,0.1576673239469528,0.1172327771782875,0.0513565577566623,,,0.0806847736239433,,10.0,0.2676638960838318,1.1741180419921875,288.7390441894531,0.6309894323348999,272.3417358398437,258.3253173828125,0.0012934207916259,0.9457455277442932,400.0,0.0380220413208007,0.0044090909650549
20201004.0,0.1572794765233993,0.1156341806054115,,,,,,,,,,,,,,,,,
20201005.0,0.1569316238164901,0.1013824343681335,,,,0.0637621730566024,,10.0,0.2676638960838318,1.1741180419921875,288.7269287109375,0.6087474226951599,278.747314453125,266.21697998046875,0.0,1.0217413902282717,400.0,0.0231265556067228,0.0024782609214763
20201006.0,0.1566231101751327,0.1114087104797363,,,,,,10.0,0.2676638960838318,1.1741180419921875,288.5338134765625,0.5977171063423157,271.5165405273437,258.834716796875,0.0008523463038727,0.9682729840278624,400.0,0.0356664881110191,0.0016500000550877
20201007.0,0.1563461273908615,0.1207131296396255,,,,,,,,,,,,,,,,,
20201008.0,0.1560716480016708,0.1284274160861969,,,,0.0692093595862388,,10.0,0.2676638960838318,1.1741180419921875,289.1366577148437,0.5758377909660339,275.1420288085937,260.6573486328125,0.0025752410292625,1.0208302736282349,400.0,0.0354220569133758,0.0004347826242851
20201009.0,0.1558499634265899,0.1149114072322845,,,,,,,,,,,,,,,,,
20201010.0,0.1556843221187591,0.1188821494579315,,,,0.0678698718547821,,,,,,,,,,,,,
20201011.0,0.1783822327852249,0.1681760251522064,0.1727731376886367,,,,,10.0,0.2676638960838318,1.1741180419921875,286.6598205566406,0.5434722304344177,250.95333862304688,234.62921142578125,5.234057426452637,3.0243940353393555,400.0,0.2008002996444702,0.0
20201012.0,0.1946405321359634,0.193056508898735,,,,,,,,,,,,,,,,,
20201013.0,0.1898636370897293,0.1661517173051834,,,,0.1256748884916305,,10.0,0.2676638960838318,1.1741180419921875,284.9698791503906,0.5224310755729675,265.1548156738281,249.38113403320312,0.000435113790445,1.067974328994751,400.0,0.082659862935543,0.0
20201014.0,0.1856389939785003,0.1619860678911209,,,,,,10.0,0.2676638960838318,1.1741180419921875,286.1850280761719,0.5110698938369751,266.281005859375,249.8719787597656,0.0943453758955001,1.2900598049163818,400.0,0.0987100675702095,0.0
20201015.0,0.1825564801692962,0.1547771394252777,,,,,,,,,,,,,,,,,
20201016.0,0.1800031960010528,0.1489112675189972,,,,0.1066782623529434,,10.0,0.2676638960838318,1.1741180419921875,280.7252197265625,0.4972145855426788,265.9559326171875,250.94314575195312,0.0008459837990812,1.110514760017395,400.0,0.0935326814651489,0.0
20201017.0,0.1776703000068664,0.1517733633518219,,,,,,,,,,,,,,,,,
20201018.0,0.1754199117422104,0.1586389392614364,,,,0.1051960512995719,,,,,,,,,,,,,
20201019.0,0.1734615862369537,0.1463491767644882,,,,,,10.0,0.2676638960838318,1.1741180419921875,284.2156066894531,0.4877084791660309,266.26837158203125,251.0994110107422,0.0012872201623395,0.6532344222068787,400.0,0.0436164662241935,0.0007727272776802
20201020.0,0.1718566715717315,0.1371255069971084,,,,,,,,,,,,,,,,,
20201021.0,0.1704113930463791,0.1391516923904419,,,,0.0960423499345779,,10.0,0.2676638960838318,1.1741180419921875,284.68731689453125,0.4810183048248291,272.0858764648437,257.9511108398437,0.000435113790445,0.6957565546035767,400.0,0.0303866155445575,0.0005833333610401
20201022.0,0.1690196841955185,0.1385822743177414,0.0724196881055831,,,,,10.0,0.2676638960838318,1.1741180419921875,282.57647705078125,0.4776826500892639,265.49755859375,250.04180908203125,0.0019779072608798,1.480177640914917,400.0,0.1294532567262649,0.0005238095431455
20201024.0,0.1674910187721252,,,,,,,10.0,0.2676638960838318,1.1741180419921875,277.7012634277344,0.4710302650928497,264.458740234375,253.5434112548828,0.1153746545314788,0.6287579536437988,400.0,0.0544490814208984,0.0
20201031.0,0.16870678961277,,,,,0.0689979940652847,,,,,,,,,,,,,
20201101.0,0.1680050194263458,,0.0517313554883003,,,,,10.0,0.2676638960838318,1.1741180419921875,278.193115234375,0.4261767268180847,266.025390625,249.6151123046875,0.0,0.4024017751216888,400.0,0.0403586737811565,0.0
20201102.0,0.1673264652490615,,,,,,,,,,,,,,,,,,
20201103.0,0.1665570735931396,,,,,0.1087346673011779,,,,,,,,,,,,,
20201104.0,0.1658286154270172,,0.0599088929593563,,,,,10.0,0.2676638960838318,1.1741180419921875,281.3801574707031,0.3562946915626526,262.3185729980469,248.301010131836,0.001728534582071,0.2947315573692322,400.0,0.0596232414245605,0.0003181818332946
20201105.0,0.1651684939861297,,,,,0.0824218764901161,,,,,,,,,,,,,
20201106.0,0.1644449979066848,,,,,,,10.0,0.2676638960838318,1.1741180419921875,282.05035400390625,0.3124268352985382,269.58026123046875,246.7701110839844,0.0034616896882653,0.4523323774337768,400.0,0.0430108681321144,0.0004090909179384
20201107.0,0.1648290008306503,,,,,,,10.0,0.2676638960838318,1.1741180419921875,285.08367919921875,0.2909823358058929,261.96484375,251.38864135742188,3.675898790359497,0.6742211580276489,400.0,0.0672250390052795,0.0021000000822823
20201118.0,0.304546058177948,,,,,0.2052667438983917,,,,,,,,,,,,,
20201119.0,0.3163533806800842,,,,,,,,,,,,,,,,,,
20210316.0,,,,,,0.1410481333732605,,,,,,,,,,,,,
20210319.0,,,,,,0.1706369519233703,,,,,,,,,,,,,
20210320.0,0.3759926259517669,,,,,,,10.0,0.2676638960838318,1.1741180419921875,273.663818359375,0.0670717507600784,234.0411376953125,213.4671936035156,9.80821704864502,0.4334626793861389,400.0,0.2491372525691986,0.184772728519006
20210328.0,,,0.2119521349668502,,,,,,,,,,,,,,,,
20210402.0,0.344255268573761,,0.2189017087221145,,,,,10.0,0.2676638960838318,1.1741180419921875,276.6239929199219,0.1326946318149566,230.3866424560547,208.1063690185547,0.0017184347379952,2.006017208099365,400.0,0.2933768928050995,0.222791671132048
20210408.0,0.3341034650802612,,,,,0.1698198765516281,,,,,,,,,,,,,
20210410.0,0.3150685429573059,,0.1822999715805053,,,,,10.0,0.2676638960838318,1.1741180419921875,277.8567199707031,0.1877151727676391,250.4787139892578,230.92926025390625,0.0,2.6402487754821777,400.0,0.3245710730552673,0.301849988102913
20210418.0,0.3065665662288666,,,,,,,10.0,0.2676638960838318,1.1741180419921875,278.81494140625,0.2654720246791839,252.1553955078125,232.2000732421875,0.0175721459090709,2.45940375328064,400.0,0.3127313256263733,0.295916669070721
20210419.0,0.3018653094768524,,,,,0.1776637136936187,,,,,,,,,,,,,
20210422.0,0.2860308289527893,,,,,,,,,,,,,,,,,,
20210423.0,0.2779786884784698,,,,,,,10.0,0.2676638960838318,1.1741180419921875,281.1682434082031,0.3174073696136474,255.594970703125,237.283920288086,0.6541955471038818,3.081717729568481,400.0,0.3173204064369201,0.295999992977489
20210425.0,0.2644064724445343,,,,,,,,,,,,,,,,,,
20210426.0,0.3172411620616913,,0.1893081814050674,,,0.1680407375097274,,10.0,0.2676638960838318,1.1741180419921875,279.9676208496094,0.3738483786582947,250.3778839111328,233.03317260742188,16.202966690063477,2.0586838722229004,400.0,0.2044296711683273,0.308999994939024
20210428.0,0.3282326161861419,,,,,,,,,,,,,,,,,,
20210429.0,0.3107347190380096,0.2035515904426574,0.1991518586874008,,,0.1752805709838867,,10.0,0.2676638960838318,1.1741180419921875,283.2304077148437,0.4334975779056549,249.2741241455078,231.15121459960932,0.0008583068847656,3.2732529640197754,400.0,0.3315772712230682,0.301999994864066
20210501.0,0.2827046811580658,0.2029430568218231,,,,0.1319638043642044,,,,,,,,,,,,,
20210502.0,0.2742223739624023,0.2079713195562362,,,,,,10.0,0.2676638960838318,1.1741180419921875,286.1333312988281,0.4953017830848694,257.4115295410156,241.03146362304688,2.8967525959014893,3.485731601715088,400.0,0.3135489523410797,0.325499999026457
20210503.0,0.2937862277030945,0.2141762375831604,,,,,,,,,,,,,,,,,
20210504.0,0.2901322841644287,0.1898527294397354,,,,0.0855579599738121,,10.0,0.2676638960838318,1.1741180419921875,283.9898376464844,0.5377280116081238,257.2334289550781,234.04444885253903,0.5137465000152588,3.6177711486816406,400.0,0.32363361120224,0.319749997307857
20210505.0,0.2793058454990387,,,,,,,,,,,,,,,,,,
20210506.0,0.2664876580238342,0.1750800460577011,,,,,,,,,,,,,,,,,
20210507.0,0.2528260946273803,0.2032749950885772,,,,0.149331510066986,,10.0,0.2676638960838318,1.1741180419921875,289.8520202636719,0.6030581593513489,263.0673828125,245.79998779296875,0.3482439815998077,4.482336044311523,400.0,0.3324897885322571,0.327857142403012
20210508.0,0.2470982074737548,0.1894809901714325,,,,,,,,,,,,,,,,,
20210509.0,0.2391056716442108,0.1906157732009887,0.1436491161584854,,,0.121307373046875,,10.0,0.2676638960838318,1.1741180419921875,282.3926086425781,0.6475836038589478,260.83514404296875,246.76541137695312,0.0022196262143552,3.610288619995117,400.0,0.3002396523952484,0.322050000727177
20210510.0,0.2341536283493042,0.1754538416862487,,,,,,10.0,0.2676638960838318,1.1741180419921875,283.1731872558594,0.6666810512542725,260.2637939453125,249.26206970214844,0.4614833891391754,2.9420557022094727,400.0,0.2642149329185486,0.320045460354198
20210511.0,0.2319179773330688,0.1833637803792953,,,,,,,,,,,,,,,,,
20210513.0,0.2176600396633148,0.1742335259914398,,,,,,,,,,,,,,,,,
20210514.0,0.209595188498497,0.1822062283754348,,,,0.1018592044711113,,,,,,,,,,,,,
20210515.0,0.2035611271858215,0.1743738502264022,0.1162411868572235,,,,,10.0,0.2676638960838318,1.1741180419921875,290.1091003417969,0.759822428226471,267.271484375,252.22390747070312,2.2681729793548584,3.4027912616729736,400.0,0.2588056623935699,0.346916663149993
20210516.0,0.2188796103000641,0.1656134724617004,,,,,,,,,,,,,,,,,
20210517.0,0.2786733210086822,,,,,0.1617780178785324,,10.0,0.2676638960838318,1.1741180419921875,287.9574890136719,0.7983253598213196,264.3109741210937,246.52423095703125,2.3875186443328857,3.440015316009521,400.0,0.2857321202754974,0.341000000635783
20210518.0,0.2634380459785461,0.1998771727085113,0.1561256200075149,,,,,10.0,0.2676638960838318,1.1741180419921875,289.69268798828125,0.8178119659423828,263.79400634765625,248.1024780273437,0.1193538606166839,3.626342058181762,400.0,0.2825922966003418,0.348913045033165
20210519.0,0.2470333278179168,0.1723276972770691,,,,0.0996692031621933,,,,,,,,,,,,,
20210520.0,0.2389002442359924,0.2008342295885086,0.1247470527887344,,,,,10.0,0.2676638960838318,1.1741180419921875,289.4125061035156,0.8572554588317871,267.8222045898437,250.42288208007807,0.4421428442001343,4.293846607208252,400.0,0.2846772670745849,0.318125002086163
20210521.0,0.2359613180160522,0.1722176522016525,,,,,,,,,,,,,,,,,
20210522.0,0.3007219135761261,0.1953997164964676,,,,0.096858836710453,,,,,,,,,,,,,
20210523.0,0.2948720157146454,0.1978455036878585,0.1533948332071304,,,,,10.0,0.2676638960838318,1.1741180419921875,283.7201538085937,0.9171462655067444,255.92578125,238.9049530029297,9.520980834960938,4.134665012359619,400.0,0.3099371492862701,0.297095240581603
20210524.0,0.3383028507232666,0.2293069511651992,,,,,,,,,,,,,,,,,
20210525.0,0.305401474237442,0.2255230545997619,,,,0.1567981839179992,,10.0,0.2676638960838318,1.1741180419921875,285.5509033203125,0.9570840001106262,264.4174194335937,245.64749145507807,0.001157846301794,3.4809370040893555,400.0,0.2702547311782837,0.335291668772697
20210526.0,0.288098931312561,0.2056231051683426,,,,,,,,,,,,,,,,,
20210527.0,0.2709361910820007,0.1894833147525787,,,,0.123156189918518,,,,,,,,,,,,,
20210528.0,0.2528610229492187,0.1790906190872192,0.1383631527423858,,,,,10.0,0.2676638960838318,1.1741180419921875,289.0930480957031,0.978712260723114,267.3453369140625,249.2751922607422,0.2087741494178772,4.341713905334473,400.0,0.2765155136585235,0.280791665116946
20210529.0,0.2394562363624572,0.1632684767246246,,,,,,,,,,,,,,,,,
20210530.0,0.2273730337619781,0.1641368716955185,,,,0.1104167029261589,,,,,,,,,,,,,
20210531.0,0.2157068401575088,0.1474082320928573,0.1075503602623939,,,,,10.0,0.2676638960838318,1.1741180419921875,290.7929077148437,0.998809576034546,269.90216064453125,255.8567657470703,0.0021029778290539,4.233989238739014,400.0,0.2393445074558258,0.240624997764826
20210601.0,0.2055996209383011,0.1346094608306884,,,,0.0851231887936592,,,,,,,,,,,,,
20210602.0,0.196670576930046,0.15304596722126,,,,,,10.0,0.2676638960838318,1.1741180419921875,293.2179870605469,1.0123403072357178,276.5439453125,262.2274169921875,6.513785046990961e-05,3.948296070098877,400.0,0.143555462360382,0.210041668266058
20210603.0,0.188741460442543,0.1330236792564392,0.0929102301597595,,,,,10.0,0.2676638960838318,1.1741180419921875,295.0823059082031,1.019129991531372,275.69873046875,262.7690124511719,0.0012771693291142,4.015048980712891,400.0,0.0969385057687759,0.191458332041899
20210604.0,0.1818142086267471,0.1303360164165496,,,,0.1085480973124504,,,,,,,,,,,,,
20210605.0,0.1773553490638733,0.1286476850509643,,,,,,10.0,0.2676638960838318,1.1741180419921875,297.325439453125,1.032758116722107,278.868896484375,262.14129638671875,0.3541932702064514,4.120811939239502,400.0,0.0675740987062454,0.150666667148471
20210606.0,0.1731728464365005,0.1083081811666488,,,,0.0666809603571891,,,,,,,,,,,,,
20210607.0,0.1696661859750747,0.1200148686766624,,,,,,,,,,,,,,,,,
20210608.0,0.1672438979148864,0.135313019156456,0.0801949724555015,,,,,10.0,0.2676638960838318,1.1741180419921875,295.6293334960937,1.0531854629516602,277.7850341796875,263.0623779296875,0.2887146174907684,4.822882652282715,400.0,0.091734305024147,0.0873750004296501
20210609.0,0.1659320294857025,0.1074146926403045,,,,0.0696514025330543,,,,,,,,,,,,,
20210610.0,0.163938894867897,0.1203585788607597,0.0428535528481006,,,,,10.0,0.2676638960838318,1.1741180419921875,293.0762939453125,1.066654920578003,285.8616638183594,271.86492919921875,0.0102720158174633,4.336792945861816,400.0,0.0665098577737808,0.0643750005401671
20210611.0,0.1632188856601715,,0.0432744175195694,,,,,10.0,0.2676638960838318,1.1741180419921875,288.34454345703125,1.070162296295166,274.44061279296875,264.61065673828125,0.0,3.5252957344055176,400.0,0.1221092939376831,0.0549999998571972
20210612.0,0.162177175283432,0.1058802157640457,,,,,,,,,,,,,,,,,
20210613.0,0.1608479768037796,0.1206046864390373,,,,,,10.0,0.2676638960838318,1.1741180419921875,295.0082092285156,1.075261116027832,280.0678100585937,262.55126953125,0.0008523463038727,3.175148725509644,400.0,0.0858986526727676,0.0506666662792365
20210614.0,0.1594985723495483,0.0880522280931472,,,,0.0834499821066856,,,,,,,,,,,,,
20210615.0,0.1583432704210281,0.1027718260884285,,,,,,,,,,,,,,,,,
20210616.0,0.1574489325284958,0.0843388363718986,0.0467375181615352,,,,,10.0,0.2676638960838318,1.1741180419921875,298.4838256835937,1.0833861827850342,280.2279052734375,267.7983093261719,0.0008523463038727,3.73946762084961,400.0,0.0274423714727163,0.0391250001266599
20210617.0,0.1568459570407867,0.0907429233193397,,,,0.0700742676854133,,,,,,,,,,,,,
20210618.0,0.1563643962144851,0.1172513961791992,,,,,,10.0,0.2676638960838318,1.1741180419921875,298.4728088378906,1.0888307094573977,284.728515625,273.65673828125,0.0007917408365756,3.103994607925415,400.0,0.0164821352809667,0.0285416669212282
20210619.0,0.1559633165597915,0.1024681404232978,0.0391489751636981,,,0.0479762367904186,,10.0,0.2676638960838318,1.1741180419921875,299.49658203125,1.0915565490722656,284.94488525390625,270.36602783203125,0.0017527783056721,3.2535862922668457,400.0,0.0177094843238592,0.0243749999596427
20210620.0,0.155671015381813,0.0906918346881866,,,,,,,,,,,,,,,,,
20210621.0,0.1554732173681259,0.0908770263195037,,,,,,10.0,0.2676638960838318,1.1741180419921875,296.7615661621094,1.0970158576965332,281.1604309082031,268.6678466796875,0.0,3.5005006790161133,400.0,0.0321517661213874,0.0142916666033367
20210622.0,0.15524522960186,0.0854579657316207,,,,0.0712946876883506,,,,,,,,,,,,,
20210623.0,0.1550406962633133,0.1109726056456565,,,,,,,,,,,,,,,,,
20210625.0,0.1641722321510315,0.1158488765358924,,,,,,,,,,,,,,,,,
20210627.0,0.1617713123559951,0.1073953807353973,0.0677752271294593,,,0.0850928053259849,,10.0,0.2676638960838318,1.1741180419921875,296.1383056640625,1.1057559251785278,281.04083251953125,268.32135009765625,0.0,3.0962040424346924,400.0,0.0373157896101474,0.0041999999724794
20210628.0,0.1598424017429351,0.1092473864555358,,,,,,,,,,,,,,,,,
20210629.0,0.1584870964288711,0.1022427827119827,0.0381753034889698,,,0.0578529462218284,,10.0,0.2676638960838318,1.1741180419921875,297.3070068359375,1.093880295753479,284.9876708984375,267.2803649902344,0.0008583068847656,3.232764720916748,400.0,0.0420118197798728,0.0027391304838997
20210630.0,0.1574008762836456,0.0868270695209503,,,,,,,,,,,,,,,,,
20210701.0,0.1621133685111999,0.1040481626987457,,,,,,,,,,,,,,,,,
20210702.0,0.1615726798772812,0.0931662246584892,,,,0.0593940652906894,,10.0,0.2676638960838318,1.1741180419921875,297.8930358886719,1.077056646347046,276.9384155273437,266.266357421875,0.0251376964151859,2.632365703582764,400.0,0.0298150442540645,0.0002916666708188
20210703.0,0.1599303632974624,0.0866692066192627,,,,,,,,,,,,,,,,,
20210704.0,0.1584563106298446,0.1019267961382865,,,,,,10.0,0.2676638960838318,1.1741180419921875,299.9208068847656,1.0659236907958984,292.0702514648437,275.7939147949219,0.0334141440689563,2.8966100215911865,400.0,0.0156305637210607,0.0003750000081102
20210705.0,0.1582442969083786,0.0887675955891609,,,,0.0532568022608757,,,,,,,,,,,,,
20210706.0,0.1575093865394592,0.0905500054359436,,,,,,,,,,,,,,,,,
20210707.0,0.1564614921808242,0.0952550917863845,0.03839972615242,,,0.0441221334040164,,10.0,0.2676638960838318,1.1741180419921875,300.3126525878906,1.0493029356002808,286.8094482421875,273.0617980957031,0.0008583068847656,3.1362180709838867,400.0,0.0130156334489583,0.0
20210708.0,0.1557157188653946,0.0852011144161224,,,,,,,,,,,,,,,,,
20210709.0,0.1552105695009231,0.0884540751576423,,,,,,,,,,,,,,,,,
20210710.0,0.1548870354890823,0.083474300801754,,,,0.0694556683301925,,10.0,0.2676638960838318,1.1741180419921875,299.7003173828125,1.032935380935669,285.7757568359375,273.42108154296875,0.0008523463038727,3.117347717285156,400.0,0.0137062277644872,0.0
20210711.0,0.1546431481838226,0.0776618421077728,,,,,,,,,,,,,,,,,
20210712.0,0.1544634401798248,0.0888279825448989,,,,0.047240387648344,,10.0,0.2676638960838318,1.1741180419921875,301.3754272460937,1.0223383903503418,287.9108581542969,278.420654296875,0.0017195938853546,2.9327895641326904,400.0,0.0128808720037341,0.0
20210713.0,0.1543975621461868,0.0741064324975013,,,,,,10.0,0.2676638960838318,1.1741180419921875,301.2897644042969,1.0207862854003906,287.332763671875,275.9849853515625,0.1182345077395439,3.39591383934021,400.0,0.0129007147625088,0.0
20210714.0,0.1776616722345352,0.0855152234435081,,,,,,,,,,,,,,,,,
20210715.0,0.1883151680231094,0.0873437225818634,,,,0.0394692718982696,,10.0,0.2676638960838318,1.1741180419921875,298.8728942871094,1.0198934078216553,290.931884765625,275.3984069824219,0.5811427235603333,3.541628837585449,400.0,0.0160096790641546,0.0
20210716.0,0.1814031451940536,0.0852192416787147,,,,,,,,,,,,,,,,,
20210717.0,0.173265129327774,0.0820808485150337,,,,0.0564405359327793,,,,,,,,,,,,,
20210718.0,0.1677277386188507,0.0784384310245513,0.0325203835964202,,,,,10.0,0.2676638960838318,1.1741180419921875,300.5196228027344,1.0180292129516602,289.5668334960937,278.6318359375,0.0017106531886383,3.0367953777313232,400.0,0.0121213914826512,0.0
20210719.0,0.1677181422710418,0.0800321549177169,,,,,,,,,,,,,,,,,
20210720.0,0.1812541633844375,0.0701012387871742,,,,0.0585591830313205,,10.0,0.2676638960838318,1.1741180419921875,299.140380859375,1.0167694091796875,290.4794006347656,279.4989624023437,0.5364888310432434,2.8283402919769287,400.0,0.0137453926727175,0.0
20210721.0,0.1775591522455215,0.0813160017132759,0.0274348128587007,,,,,10.0,0.2676638960838318,1.1741180419921875,299.1678771972656,1.0161399841308594,289.0341186523437,279.5120849609375,2.748002953012474e-05,3.0954837799072266,400.0,0.0153363775461912,0.0
20210722.0,0.1708605736494064,0.0843358263373375,,,,,,,,,,,,,,,,,
20210723.0,0.1670839041471481,0.1133252829313278,,,,0.0599820055067539,,10.0,0.2676638960838318,1.1741180419921875,300.5155944824219,1.014880895614624,287.73223876953125,273.92169189453125,0.0908763036131858,2.7955148220062256,400.0,0.0119178043678402,0.0
20210724.0,0.1646728962659835,0.0939830392599105,,,,,,,,,,,,,,,,,
20210725.0,0.1618891358375549,0.0912053808569908,,,,0.0554144047200679,,,,,,,,,,,,,
20210726.0,0.1598837375640869,0.0793039500713348,,,,,,10.0,0.2676638960838318,1.1741180419921875,299.5623779296875,1.0129977464675903,288.1510009765625,276.43170166015625,0.0008583068847656,2.6506686210632324,400.0,0.0130024459213018,0.0
20210727.0,0.1584409922361374,0.0812804400920867,,,,,,,,,,,,,,,,,
20210728.0,0.1588491797447204,0.0991482138633728,0.0202551577240228,,,0.0571167469024658,,10.0,0.2676638960838318,1.1741180419921875,300.5705261230469,1.0117498636245728,292.3497619628906,281.6885681152344,0.7858901619911194,2.4183478355407715,400.0,0.0118227796629071,0.0
20210729.0,0.1789291054010391,0.1315405517816543,,,,,,10.0,0.2676638960838318,1.1741180419921875,298.953125,1.0112234354019165,273.6420288085937,256.6553649902344,4.595584392547607,3.128450870513916,400.0,0.037949901074171,0.0031249999447027
20210730.0,0.194584459066391,0.137268841266632,,,,0.1426550596952438,,,,,,,,,,,,,
20210731.0,0.188748687505722,0.1204434409737587,,,,,,10.0,0.2676638960838318,1.1741180419921875,298.42108154296875,1.0102285146713257,280.9937744140625,262.83843994140625,1.5517617464065552,2.733100891113281,400.0,0.0380947440862655,0.151166666299105
20210801.0,0.1945318132638931,0.1369193345308303,,,,,,,,,,,,,,,,,
20210802.0,0.1959955096244812,0.1638183146715164,,,,0.1744006276130676,,,,,,,,,,,,,
20210803.0,0.206755980849266,,0.1320679187774658,,,,,10.0,0.2676638960838318,1.1741180419921875,296.0480651855469,1.008723258972168,270.4230041503906,250.9416046142578,0.1186919957399368,3.064972400665283,400.0,0.1492176353931427,0.229166666045785
20210804.0,0.1936480551958084,0.1443069875240326,,,,0.1241510137915611,,,,,,,,,,,,,
20210805.0,0.182492971420288,0.1155800223350524,,,,,,10.0,0.2676638960838318,1.1741180419921875,298.5342102050781,1.00771963596344,278.9823303222656,265.9574890136719,0.0405514538288116,3.282888412475586,400.0,0.0336209200322628,0.197499998534719
20210806.0,0.1773454397916793,0.1255393922328949,,,,,,10.0,0.2676638960838318,1.1741180419921875,298.71600341796875,1.0072181224822998,283.73907470703125,264.88641357421875,0.7624980807304382,3.493990898132324,400.0,0.0397672466933727,0.183499999965231
20210807.0,0.1735934615135193,0.1331527829170227,,,,0.074254110455513,,,,,,,,,,,,,
20210808.0,0.1690839231014251,0.0926536470651626,,,,,,,,,,,,,,,,,
20210809.0,0.1651715487241745,0.1115167215466499,,,,,,,,,,,,,,,,,
20210810.0,0.1627779006958007,0.099920317530632,,,,0.0637614354491233,,,,,,,,,,,,,
20210811.0,0.1609662324190139,0.0877933800220489,0.0505701713263988,,,,,10.0,0.2676638960838318,1.1741180419921875,295.9952087402344,1.00468111038208,281.5743103027344,270.002685546875,0.0017163177253678,2.2036266326904297,400.0,0.0296526011079549,0.133958333482345
20210812.0,0.1595422029495239,0.091255210340023,,,,0.0749178156256675,,,,,,,,,,,,,
20210813.0,0.1582827568054199,0.0972809344530105,,,,,,10.0,0.2676638960838318,1.1741180419921875,299.3765869140625,1.0036088228225708,289.46759033203125,277.9179382324219,0.0023042650427669,2.050666570663452,400.0,0.0192240923643112,0.124249999721845
20210814.0,0.1573790460824966,0.0961345732212066,,,,,,10.0,0.2676638960838318,1.1741180419921875,300.0215148925781,1.0023605823516846,287.2245483398437,275.343994140625,0.6567685604095459,2.352068424224853,400.0,0.0114522753283381,0.119041666698953
20210815.0,0.1607819199562072,0.1009801551699638,,,,0.0531128421425819,,,,,,,,,,,,,
20210816.0,0.158997893333435,0.0953332260251045,,,,,,10.0,0.2676638960838318,1.1741180419921875,298.6899108886719,0.9994447827339172,290.09625244140625,277.9208374023437,0.0017046927241608,2.373276472091675,400.0,0.0191743746399879,0.107875000375013
20210817.0,0.1577237248420715,0.0892641767859458,,,,0.0398959256708622,,,,,,,,,,,,,
20210818.0,0.2835959196090698,0.0888199359178543,,,,,,,,,,,,,,,,,
20210819.0,0.3526767790317535,,,,,,,10.0,0.2676638960838318,1.1741180419921875,288.64947509765625,0.9951769113540648,246.0694580078125,222.85189819335932,14.181082725524902,3.408327341079712,400.0,0.2888776957988739,0.281958334768812
20210820.0,0.3296115100383758,0.2123714834451675,,,,0.2285786718130111,,,,,,,,,,,,,
20210821.0,0.3017001450061798,0.1810742318630218,0.1656968742609024,,,,,10.0,0.2676638960838318,1.1741180419921875,290.2280578613281,0.99233877658844,257.3033752441406,235.3472900390625,2.463246583938598,4.014719486236572,400.0,0.3143840730190277,0.272000004847844
20210822.0,0.319155752658844,0.2004889249801635,0.2292470037937164,,,0.2525821924209595,,10.0,0.2676638960838318,1.1741180419921875,290.9815368652344,0.9909206628799438,252.697509765625,232.09678649902344,3.418142557144165,3.5796942710876465,400.0,0.2960415482521057,0.294409092177044
20210823.0,0.2950153946876526,0.1995564848184585,,,,,,,,,,,,,,,,,
20210824.0,0.2724775969982147,0.1855452209711074,,,,,,10.0,0.2676638960838318,1.1741180419921875,293.2435607910156,0.9880866408348083,263.38800048828125,242.4579467773437,0.0017197472043335,4.028207778930664,400.0,0.2609305679798126,0.26129166657726
20210825.0,0.2546333074569702,0.1493246108293533,,,,0.1696557849645614,,,,,,,,,,,,,
20210826.0,0.2392917424440384,0.1252641528844833,,,,,,,,,,,,,,,,,
20210827.0,0.2275120019912719,0.1297846734523773,0.1539641767740249,,,,,10.0,0.2676638960838318,1.1741180419921875,292.3617248535156,0.9834799766540528,266.6610107421875,249.5302734375,0.0017169986385852,3.61567735671997,400.0,0.2208921909332275,0.22670833269755
20210828.0,0.2174387276172638,0.1309546828269958,,,,0.0855867117643356,,,,,,,,,,,,,
20210829.0,0.2088667601346969,0.1161063015460968,0.10650684684515,,,,,10.0,0.2676638960838318,1.1741180419921875,291.62554931640625,0.97981196641922,272.25067138671875,255.11001586914065,0.0030126592610031,2.9310226440429688,400.0,0.1729670017957687,0.208541668951511
20210830.0,0.2012583464384079,0.1291681081056594,,,,0.0865706354379654,,,,,,,,,,,,,
20210831.0,0.1941668093204498,0.1328039914369583,,,,,,,,,,,,,,,,,
20210901.0,0.1881058514118194,0.1157479733228683,,,,,,10.0,0.2676638960838318,1.1741180419921875,294.7913818359375,0.9439168572425842,279.9278564453125,261.99169921875,0.0075930431485176,2.49040150642395,400.0,0.0857678279280662,0.182166667034229
20210902.0,0.1849075704813003,0.1240759789943695,,,,0.1027684956789016,,,,,,,,,,,,,
20210903.0,0.1835745573043823,0.1233076751232147,,,,,,,,,,,,,,,,,
20210904.0,0.1798572689294815,0.1187801584601402,,,,0.0790959894657135,,10.0,0.2676638960838318,1.1741180419921875,291.12762451171875,0.9072060585021972,272.0922546386719,258.24609375,0.0,2.454332113265991,400.0,0.1256740093231201,0.183625000839432
20210905.0,0.1760732978582382,0.1163671389222145,,,,,,,,,,,,,,,,,
20210906.0,0.1727393269538879,0.115254059433937,,,,,,10.0,0.2676638960838318,1.1741180419921875,293.42169189453125,0.8830527067184448,280.545654296875,266.8807373046875,0.0017201012233272,2.294707059860229,400.0,0.0596346072852611,0.165416668479641
20210907.0,0.1697732657194137,0.1135514378547668,,,,0.0539162456989288,,10.0,0.2676638960838318,1.1741180419921875,294.1098327636719,0.871060311794281,275.93829345703125,261.47222900390625,0.0,2.2433249950408936,400.0,0.0885024890303611,0.157250000784794
20210908.0,0.1672350466251373,0.1152447164058685,,,,,,,,,,,,,,,,,
20210909.0,0.1651221513748169,0.1221517175436019,,,,0.0515785105526447,,10.0,0.2676638960838318,1.1741180419921875,294.8398742675781,0.8472440242767334,277.8078918457031,266.235595703125,0.0008533311192877,2.0016090869903564,400.0,0.0481808595359325,0.141791666547457
20210910.0,0.1633052974939346,0.1107029542326927,,,,,,,,,,,,,,,,,
20210911.0,0.1628757119178772,0.1292255818843841,,,,,,,,,,,,,,,,,
20210912.0,0.1652163714170456,0.1331518441438675,,,,0.0807154327630996,,10.0,0.2676638960838318,1.1741180419921875,293.4217224121094,0.8119713664054871,272.5901794433594,258.0445861816406,0.0016821437748149,1.7074556350708008,400.0,0.0662310495972633,0.130499997486671
20210913.0,0.1658203601837158,0.1357709914445877,,,,,,,,,,,,,,,,,
20210914.0,0.1648650765419006,0.1334964632987976,0.1110656559467315,,,,,10.0,0.2676638960838318,1.1741180419921875,292.4082336425781,0.7887870669364929,274.2768859863281,257.2686767578125,0.0008523463038727,2.1582512855529785,400.0,0.1221335157752037,0.125833333469927
20210915.0,0.1634203791618347,0.1298456788063049,0.0938071310520172,,,0.0947369486093521,,10.0,0.2676638960838318,1.1741180419921875,291.6204833984375,0.777991771697998,272.2544250488281,257.9460144042969,0.0017225742340087,1.7927848100662231,400.0,0.0854392349720001,0.120416666381061
20210916.0,0.162243977189064,0.1332303285598755,,,,,,,,,,,,,,,,,
20210917.0,0.1612694263458252,0.1198390945792198,,,,0.0715897530317306,,10.0,0.2676638960838318,1.1741180419921875,291.607421875,0.7569669485092163,280.29864501953125,261.6754150390625,0.0008595241815783,1.8157261610031128,400.0,0.074851855635643,0.110166667029262
20210918.0,0.1617121994495391,0.1181560233235359,,,,,,,,,,,,,,,,,
20210919.0,0.1719434857368469,0.137294515967369,,,,,,,,,,,,,,,,,
20210920.0,0.1792148500680923,0.1277792006731033,,,,0.072529412806034,,10.0,0.2676638960838318,1.1741180419921875,285.9949035644531,0.7256855964660645,269.4584045410156,258.7218322753906,0.1091907545924186,2.20320987701416,400.0,0.1207791343331337,0.0967499998708566
20210921.0,0.1764033734798431,0.1398892700672149,,,,,,,,,,,,,,,,,
20210922.0,0.1734941303730011,0.1165769323706626,,,,0.059698786586523,,10.0,0.2676638960838318,1.1741180419921875,287.0294494628906,0.7050654888153076,281.24853515625,269.1031494140625,0.0008523463038727,1.3772000074386597,400.0,0.0345250889658927,0.0911666673297683
20210923.0,0.1708992570638656,0.1151513382792472,,,,,,10.0,0.2676638960838318,1.1741180419921875,288.8171081542969,0.6948267221450806,274.27215576171875,262.59619140625,0.121806800365448,1.421323537826538,400.0,0.0491937398910522,0.0891250002508362
20210924.0,0.1693119555711746,,,,,,,,,,,,,,,,,,
20210925.0,0.1673807799816131,0.1166066750884056,0.0303882639855146,,,0.0647113919258117,,10.0,0.2676638960838318,1.1741180419921875,289.4534912109375,0.6744918823242188,274.92340087890625,262.9931640625,0.0008489924366585,1.12868070602417,400.0,0.0319621302187442,0.0812083333730698
20210926.0,0.1656419485807418,0.1158121302723884,,,,,,,,,,,,,,,,,
20210927.0,0.1639932990074157,0.1111953854560852,,,,0.0623413659632205,,,,,,,,,,,,,
20210928.0,0.1626317799091339,0.0969332978129386,,,,,,10.0,0.2676638960838318,1.1741180419921875,290.64117431640625,0.6443213820457458,276.47235107421875,265.51971435546875,0.0025727276224642,1.8467828035354608,400.0,0.0650966987013816,0.071916666192313
20210929.0,0.1619521975517273,0.1016146764159202,,,,,,,,,,,,,,,,,
20210930.0,0.1614387482404709,,,,,0.0302905589342117,,10.0,0.2676638960838318,1.1741180419921875,284.1600952148437,0.6244053244590759,275.80975341796875,265.85064697265625,0.000435113790445,1.3837788105010986,400.0,0.0509946644306182,0.061625000089407
20211001.0,0.1609371602535247,0.1212567687034607,0.0274120699614286,,,,,10.0,0.2676638960838318,1.1741180419921875,285.77850341796875,0.6139489412307739,272.56182861328125,263.26983642578125,0.0017225742340087,0.8880302906036377,400.0,0.0253774784505367,0.0596250000720223
20211002.0,0.1604563891887664,0.1329116076231002,,,,,,,,,,,,,,,,,
20211003.0,0.1599580496549606,0.1127083972096443,0.0180756095796823,,,0.0561304539442062,,10.0,0.2676638960838318,1.1741180419921875,286.7837829589844,0.5928622484207153,275.8260498046875,264.819091796875,0.0,0.8635765314102173,400.0,0.0208263881504535,0.0562499995964269
20211004.0,0.1594168990850448,0.1157440096139907,,,,,,,,,,,,,,,,,
20211005.0,0.1588950902223587,0.1313139498233795,,,,0.0543371550738811,,,,,,,,,,,,,
20211006.0,0.1599065512418747,0.1289464235305786,,,,,,10.0,0.2676638960838318,1.1741180419921875,288.4138488769531,0.561724841594696,275.01788330078125,263.24835205078125,0.3985068202018738,1.0173096656799316,400.0,0.0283006429672241,0.0545000003961225
20211008.0,0.2076310217380523,0.1786569952964782,,,,0.1967380195856094,,10.0,0.2676638960838318,1.1741180419921875,285.8332214355469,0.5412439703941345,256.1110534667969,231.59744262695312,14.311922073364258,2.03615951538086,400.0,0.147077664732933,0.267541665583849
20211009.0,0.3680610656738281,0.2203589081764221,0.2104561477899551,,,,,10.0,0.2676638960838318,1.1741180419921875,282.7781677246094,0.5310858488082886,241.59039306640625,223.42922973632807,31.595415115356445,2.715890645980835,400.0,0.2798060178756714,0.318086955858314
20211010.0,0.3383086323738098,0.217511311173439,,,,0.2137017101049423,,,,,,,,,,,,,
20211011.0,0.3120940029621124,0.1999953836202621,0.166000947356224,,,,,10.0,0.2676638960838318,1.1741180419921875,281.7359619140625,0.5109344124794006,249.3552398681641,226.3563842773437,0.3860841393470764,1.8851178884506223,400.0,0.2812152504920959,0.283499998350938
20211017.0,0.3039321005344391,0.1848288923501968,,,,,,10.0,0.2676638960838318,1.1741180419921875,279.4436950683594,0.4659393429756164,248.0052795410156,226.2543334960937,0.0017106533050537,1.4888941049575806,400.0,0.2814423441886902,0.289499999582768
20211018.0,0.2986119389533996,0.2038256973028183,,,,0.1861997693777084,,,,,,,,,,,,,
20211019.0,0.3576760292053222,0.2337789982557296,,,,,,10.0,0.2676638960838318,1.1741180419921875,278.80572509765625,0.4785397052764892,241.7257843017578,222.3163604736328,19.94026565551757,1.135409235954285,400.0,0.2678658366203308,0.294047615357808
20211020.0,0.3505205810070038,0.2179998904466629,,,,,,,,,,,,,,,,,
20211021.0,0.3398959338665008,0.2159421145915985,,,,0.2984125316143036,,,,,,,,,,,,,
20211022.0,0.3316590189933777,0.2183918505907058,0.1883419603109359,,,,,10.0,0.2676638960838318,1.1741180419921875,280.5534362792969,0.4958991110324859,242.50933837890625,219.48193359375,0.0017195938853546,1.5949153900146484,400.0,0.3006660342216491,0.298999999250684
20211023.0,0.3289696276187897,0.2061527222394943,,,,0.2352094799280166,,,,,,,,,,,,,
20211024.0,0.3395949900150299,0.2142834663391113,,,,,,10.0,0.2676638960838318,1.1741180419921875,277.86529541015625,0.5075087547302246,246.79248046875,225.201904296875,2.3407814502716064,0.9673205018043518,400.0,0.2660836577415466,0.297833333412806
20211025.0,0.3387996852397918,0.218325674533844,0.2408564537763595,,,,,10.0,0.2676638960838318,1.1741180419921875,282.1043395996094,0.51334148645401,243.62374877929688,222.5899353027344,0.8211497068405151,1.2339075803756714,400.0,0.2941760122776031,0.312999999771516
20211027.0,0.3608570098876953,0.2732988595962524,0.2448871433734893,,,,,10.0,0.2676638960838318,1.1741180419921875,277.8277893066406,0.5250627994537354,239.21041870117188,217.2913055419922,1.0121746063232422,1.0355217456817627,400.0,0.2973694801330566,0.2954090914943
20211029.0,0.340164452791214,0.2129266858100891,,,,,,,,,,,,,,,,,
20211030.0,0.3311978578567505,0.2097817808389663,,,,,,10.0,0.2676638960838318,1.1741180419921875,279.7641296386719,0.5425218343734741,241.9217529296875,223.35037231445312,0.0008523463038727,0.9819316267967224,400.0,0.2903105020523071,0.290416664133469
20211031.0,0.3240444958209991,,,,,0.2307223975658416,,,,,,,,,,,,,
20211101.0,0.3193735480308532,,,,,,,10.0,0.2676638960838318,1.1741180419921875,280.7618408203125,0.5538114309310913,248.05816650390625,226.71926879882807,0.2806258201599121,0.8261957764625549,400.0,0.2622566521167755,0.278916670630376
20211102.0,0.337852418422699,,,,,0.2421576976776123,,10.0,0.2676638960838318,1.1741180419921875,281.7253723144531,0.5532292127609253,238.8783721923828,219.6332397460937,6.7935991287231445,1.052680492401123,400.0,0.2908990085124969,0.300541667888562
20211103.0,0.3426530957221985,,,,,,,,,,,,,,,,,,
20211104.0,0.3272299468517303,,,,,,,10.0,0.2676638960838318,1.1741180419921875,279.48748779296875,0.5483748316764832,247.6572265625,219.03988647460932,0.0017195938853546,1.1262729167938232,400.0,0.2712708413600921,0.284625000009934
20211105.0,0.3178038597106933,,,,,0.1946524232625961,,,,,,,,,,,,,
20211106.0,0.3107275366783142,,,,,,,,,,,,,,,,,,
20211107.0,0.3073583245277405,,0.1965935081243515,,,,,10.0,0.2676638960838318,1.1741180419921875,279.5811462402344,0.5419911742210388,244.18533325195312,219.4490966796875,0.7840737700462341,0.9632201194763184,400.0,0.2825734913349151,0.272375007470449
20211109.0,0.3201347291469574,,,,,,,10.0,0.2676638960838318,1.1741180419921875,277.0032653808594,0.5377764105796814,248.34310913085932,225.1553649902344,2.680011749267578,0.8488988280296326,400.0,0.2564209699630737,0.277583338320255
20211110.0,0.3548572063446045,,0.2452033758163452,,,0.2494881302118301,,10.0,0.2676638960838318,1.1741180419921875,278.075439453125,0.5356726050376892,239.52993774414065,219.76937866210932,7.1023030281066895,1.071579098701477,400.0,0.2782576084136963,0.30290476339204
20211114.0,0.3157200515270233,,,,,,,,,,,,,,,,,,
20211115.0,0.3096150457859039,,,,,0.1509296745061874,,10.0,0.2676638960838318,1.1741180419921875,279.1502990722656,0.5246363282203674,238.7289123535156,217.00045776367188,0.000435113790445,0.9230428338050842,400.0,0.3074890375137329,0.304458328833183
20211116.0,0.3173641860485077,,,,,,,,,,,,,,,,,,
20211205.0,0.2865795493125915,,,,,,,,,,,,,,,,,,
20220325.0,0.3803059160709381,,,,,,,10.0,0.2676638960838318,1.1741180419921875,273.9659423828125,0.1413063704967498,250.87155151367188,232.09469604492188,0.0017114676302298,0.7969170212745667,400.0,0.2210101634263992,0.250347820960957
20220329.0,0.3604359924793243,,,,,0.1521642804145813,,,,,,,,,,,,,
20220330.0,0.3598509430885315,,,,,,,,,,,,,,,,,,
20220331.0,0.3528676033020019,,0.1576288342475891,,,0.1369411647319793,,10.0,0.2676638960838318,1.1741180419921875,275.153076171875,0.1727098524570465,251.157943725586,233.05274963378903,2.3538026809692383,1.5292572975158691,400.0,0.2655134797096252,0.290210527809043
20220402.0,0.3408252000808716,,0.1617428213357925,,,,,10.0,0.2676638960838318,1.1741180419921875,275.0038452148437,0.1833819150924682,251.68817138671875,233.06478881835932,0.001327715232037,1.989076852798462,400.0,0.3005519211292267,0.285541671017806
20220403.0,0.3324298858642578,,,,,0.1349250078201294,,10.0,0.2676638960838318,1.1741180419921875,276.0207824707031,0.1887546479701995,248.27574157714844,231.887435913086,0.0008523463038727,2.187288761138916,400.0,0.3092318177223205,0.284428573790051
20220404.0,0.3253737986087799,,,,,,,,,,,,,,,,,,
20220408.0,0.3231711089611053,,,,,,,10.0,0.2676638960838318,1.1741180419921875,277.1164855957031,0.2212016284465789,252.48190307617188,232.6105499267578,0.0,2.391946315765381,400.0,0.3100494742393493,0.282909085804766
20220416.0,0.3520845770835876,,,,,0.1873263567686081,,10.0,0.2676638960838318,1.1741180419921875,276.75225830078125,0.3146984279155731,247.85775756835932,229.42581176757807,1.1657503843307495,1.781963586807251,400.0,0.286342442035675,0.284913047500279
20220418.0,0.341712474822998,,,,,0.1635473221540451,,10.0,0.2676638960838318,1.1741180419921875,279.3798217773437,0.3389650881290436,249.8980407714844,231.3052520751953,0.0008543818839825,2.8069775104522705,400.0,0.3278670907020569,0.283249996602535
20220421.0,0.3146969974040985,,0.1921456158161163,,,0.1426940709352493,,10.0,0.2676638960838318,1.1741180419921875,282.9455261230469,0.375980794429779,257.0870361328125,236.97976684570312,0.0141907418146729,3.319392442703247,400.0,0.3186804950237274,0.302166663110256
20220422.0,0.3117754161357879,,,,,,,,,,,,,,,,,,
20220425.0,0.3228901624679565,,,,,,,,,,,,,,,,,,
20220426.0,0.3110651671886444,,,,,0.1666241735219955,,10.0,0.2676638960838318,1.1741180419921875,282.24053955078125,0.4266961216926574,253.1094512939453,236.6439208984375,0.0025581156369298,3.321529150009156,400.0,0.3189359903335571,0.298478259988453
20220428.0,0.2954167127609253,,,,,,,,,,,,,,,,,,
20220430.0,0.2982845604419708,,,,,,,,,,,,,,,,,,
20220501.0,0.2920799851417541,,,,,0.1296519935131073,,,,,,,,,,,,,
20220502.0,0.3449605107307434,0.2117515057325363,0.1594521850347519,,,,,10.0,0.2676638960838318,1.1741180419921875,282.791748046875,0.4783955812454223,257.59332275390625,243.93736267089844,3.398401975631714,3.4556381702423096,400.0,0.314431369304657,0.337190477620988
20220505.0,0.3389918208122253,0.2207579463720321,,,,,,10.0,0.2676638960838318,1.1741180419921875,282.85821533203125,0.5048437714576721,255.12533569335932,237.26565551757807,0.0008463858976028,3.5730528831481934,400.0,0.3173007071018219,0.313900002837181
20220507.0,0.3083418011665344,0.2240047603845596,,,,,,10.0,0.2676638960838318,1.1741180419921875,286.3566589355469,0.5228350162506104,258.4808349609375,242.6663818359375,0.346276581287384,3.832026958465576,400.0,0.3213317394256592,0.346499998122454
20220508.0,0.2993709743022918,0.225547045469284,,,,,,,,,,,,,,,,,
20220511.0,0.2993031144142151,0.2071274220943451,,,,0.1414070725440979,,,,,,,,,,,,,
20220513.0,0.2947164177894592,,,,,,,10.0,0.2676638960838318,1.1741180419921875,281.9910583496094,0.5952816009521484,252.05889892578125,235.7102813720703,0.1216020807623863,3.592369318008423,400.0,0.3167784810066223,0.328350000083447
20220514.0,0.2837631702423095,,,,,0.1334156244993209,,,,,,,,,,,,,
20220515.0,0.2704977691173553,0.210213229060173,,,,,,10.0,0.2676638960838318,1.1741180419921875,287.35662841796875,0.6231393814086914,261.0678405761719,247.1820831298828,0.0012904405593872,3.937634468078613,400.0,0.323648601770401,0.3466818170114
20220516.0,0.2581984996795654,0.199724406003952,,,,,,,,,,,,,,,,,
20220517.0,0.2473410367965698,0.1827346682548523,,,,0.1307829022407531,,,,,,,,,,,,,
20220518.0,0.237866073846817,0.1997246593236923,,,,,,,,,,,,,,,,,
20220519.0,0.2289124429225921,0.1864856928586959,,,,0.1102379709482193,,,,,,,,,,,,,
20220522.0,0.2197275459766388,0.1823427379131317,,,,0.1114488691091537,,,,,,,,,,,,,
20220523.0,0.2163311541080474,0.1679086536169052,,,,,,10.0,0.2676638960838318,1.1741180419921875,283.1827087402344,0.7383637428283691,266.5173645019531,251.86309814453125,0.2485352307558059,3.251506805419922,400.0,0.2658258378505707,0.269916668534279
20220524.0,0.2116651684045791,0.172227680683136,,,,0.0445552989840507,,,,,,,,,,,,,
20220525.0,0.2064129412174224,,,,,,,,,,,,,,,,,,
20220526.0,0.1997319161891937,0.1850335747003555,,,,,,10.0,0.2676638960838318,1.1741180419921875,289.8021240234375,0.7820620536804199,266.4504699707031,249.83108520507807,0.0005245322245173,3.79838490486145,400.0,0.2897632122039795,0.246666667362054
20220527.0,0.1926488578319549,0.1938115060329437,,,,0.0815379172563552,,,,,,,,,,,,,
20220528.0,0.2045252174139022,0.1553485244512558,0.0821678563952446,,,,,10.0,0.2676638960838318,1.1741180419921875,288.6044311523437,0.8097732067108154,270.6640625,258.7796325683594,7.436435699462891,3.535350561141968,400.0,0.2049232423305511,0.253363639116287
20220529.0,0.2830560207366943,,0.200492113828659,,,0.2093596309423446,,10.0,0.2676638960838318,1.1741180419921875,284.1678161621094,0.8237902522087097,249.2320556640625,228.16412353515625,16.415067672729492,3.789400100708008,400.0,0.3262525200843811,0.339666665842136
20220530.0,0.3711796700954437,,,,,,,,,,,,,,,,,,
20220531.0,0.3477832973003387,0.2504935562610626,,,,,,10.0,0.2676638960838318,1.1741180419921875,282.3436279296875,0.8520799875259399,249.9646148681641,230.21554565429688,0.8905751705169678,3.095428943634033,400.0,0.3099600076675415,0.323260870964631
20220601.0,0.3246074914932251,0.2301515936851501,,,,0.1921431124210357,,,,,,,,,,,,,
20220602.0,0.3051596581935882,0.2316216677427292,,,,,,,,,,,,,,,,,
20220603.0,0.2885525226593017,0.2093090415000915,0.1772290915250778,,,,,10.0,0.2676638960838318,1.1741180419921875,290.0780334472656,0.8951191902160645,255.16339111328125,233.61639404296875,0.0051387888379395,4.485271453857422,400.0,0.3286924064159393,0.317083335171143
20220604.0,0.2745411694049835,0.1856740564107895,,,,0.1657830774784088,,,,,,,,,,,,,
20220605.0,0.2653010785579681,0.1854337155818939,0.1580083817243576,,,,,10.0,0.2676638960838318,1.1741180419921875,289.8438720703125,0.9242150783538818,264.9991455078125,241.71543884277344,0.1729841530323028,3.808270215988159,400.0,0.2816259264945984,0.280958327154319
20220606.0,0.2573092579841614,0.1834182739257812,0.1558058261871338,,,0.1254429370164871,,10.0,0.2676638960838318,1.1741180419921875,289.9156188964844,0.9388838410377502,262.32879638671875,246.0106658935547,0.1606766134500503,4.432487964630127,400.0,0.3062972128391266,0.275708337624868
20220607.0,0.2470353543758392,0.1871908903121948,,,,,,,,,,,,,,,,,
20220608.0,0.2370213717222213,0.1531625241041183,0.1339476853609085,,,,,10.0,0.2676638960838318,1.1741180419921875,290.1282043457031,0.9680935740470886,264.07177734375,246.69711303710932,0.0008523463620804,3.932081937789917,400.0,0.2781631350517273,0.242500000322858
20220609.0,0.2292012870311737,0.1526799499988556,,,,0.1376738995313644,,,,,,,,,,,,,
20220610.0,0.2190994620323181,0.140095829963684,,,,,,,,,,,,,,,,,
20220611.0,0.2091489434242248,0.1380181908607483,0.1274219304323196,,,0.0260852091014385,,10.0,0.2676638960838318,1.1741180419921875,295.3812255859375,1.002875804901123,271.39898681640625,256.1874389648437,0.0021597598679363,4.849809169769287,400.0,0.1486561000347137,0.202625001470248
20220612.0,0.1999715715646743,0.1464400887489318,,,,,,,,,,,,,,,,,
20220613.0,0.2180327475070953,0.1695959120988845,0.1496297568082809,,,,,10.0,0.2676638960838318,1.1741180419921875,291.6068725585937,1.0091631412506104,262.71295166015625,243.35159301757807,7.595686912536621,4.901419639587402,400.0,0.2663855850696563,0.183684211812521
20220614.0,0.2521890699863434,0.1919616758823394,,,,0.14088936150074,,10.0,0.2676638960838318,1.1741180419921875,286.4386901855469,1.012688159942627,259.8227844238281,240.50485229492188,0.4897114038467407,5.267237663269043,400.0,0.3033245503902435,0.223363637246869
20220615.0,0.2386710345745086,0.1961983889341354,,,,,,,,,,,,,,,,,
20220616.0,0.2257101982831955,,,,,0.098069429397583,,10.0,0.2676638960838318,1.1741180419921875,289.5154113769531,1.0198767185211182,268.5996398925781,251.1041717529297,0.0,4.103092670440674,400.0,0.2568845152854919,0.192666665340463
20220617.0,0.2107741236686706,0.1308570355176925,,,,,,,,,,,,,,,,,
20220618.0,0.1960489153861999,0.1473399698734283,,,,,,,,,,,,,,,,,
20220619.0,0.1896169483661651,0.1265759319067001,,,,0.091381050646305,,10.0,0.2676638960838318,1.1741180419921875,292.36798095703125,1.0306938886642456,271.9914245605469,256.692626953125,0.9970104694366456,3.940786123275757,400.0,0.2018562257289886,0.145208332687616
20220620.0,0.1952531635761261,0.1371661126613617,,,,,,,,,,,,,,,,,
20220621.0,0.1965582519769668,,,,,,,10.0,0.2676638960838318,1.1741180419921875,288.9494934082031,1.0379281044006348,264.1600341796875,244.92251586914065,0.0,3.915018558502197,400.0,0.2760062217712402,0.220999998599291
20220622.0,0.1878561973571777,,,,,0.1443198174238205,,10.0,0.2676638960838318,1.1741180419921875,291.8621826171875,1.0415518283843994,265.469482421875,249.00845336914065,0.000426173210144,3.727115392684937,400.0,0.2286412268877029,0.202208333959182
20220623.0,0.1808186471462249,0.1520505100488662,,,,,,,,,,,,,,,,,
20220624.0,0.1895202994346618,0.1481184810400009,,,,0.1231218501925468,,10.0,0.2676638960838318,1.1741180419921875,293.9871520996094,1.0485343933105469,271.452392578125,252.16360473632807,3.6838903427124015,3.962214469909668,400.0,0.1599683165550232,0.165500001360973
20220625.0,0.2007218301296234,0.1393615454435348,,,,,,,,,,,,,,,,,
20220626.0,0.1898083686828613,0.1310954242944717,,,,,,,,,,,,,,,,,
20220627.0,0.1813654452562332,0.1232856437563896,0.1033223420381546,,,0.0962904617190361,,10.0,0.2676638960838318,1.1741180419921875,295.6628723144531,1.051872730255127,273.6666564941406,259.9633483886719,0.0008674669079482,3.676788568496704,400.0,0.0917520299553871,0.12091666739434
20220628.0,0.1748171895742416,0.1280035674571991,,,,,,,,,,,,,,,,,
20220629.0,0.1713676005601883,0.1189054101705551,,,,0.071104921400547,,10.0,0.2676638960838318,1.1741180419921875,297.4020690917969,1.041409969329834,282.0076904296875,264.8612670898437,0.5512769818305969,3.903753519058228,400.0,0.0517157800495624,0.0899166663487752
20220630.0,0.1700663268566131,0.1081260740756988,0.0824116319417953,,,,,10.0,0.2676638960838318,1.1741180419921875,296.4500732421875,1.0364704132080078,279.1774597167969,264.423095703125,0.2260694652795791,3.9261159896850586,400.0,0.0594180338084697,0.078208333812654
20220701.0,0.1685036420822143,0.1252146065235138,,,,,,,,,,,,,,,,,
20220702.0,0.165560781955719,0.1181039437651634,0.0868536084890365,,,0.0541670247912406,,10.0,0.2676638960838318,1.1741180419921875,297.380126953125,1.026708960533142,280.901611328125,263.67877197265625,8.345786773134023e-05,3.813299179077149,400.0,0.0587496757507324,0.0629583334860702
20220703.0,0.1627325862646103,0.119572564959526,,,,,,,,,,,,,,,,,
20220704.0,0.1608997881412506,0.1173157468438148,,,,0.0614501871168613,,,,,,,,,,,,,
20220705.0,0.1595846712589264,0.0942602604627609,,,,,,10.0,0.2676638960838318,1.1741180419921875,297.0101623535156,1.0121289491653442,279.46392822265625,266.3755798339844,0.002166133839637,3.6199426651000977,400.0,0.0417544916272163,0.0464166666691502
20220706.0,0.1584917157888412,0.100349448621273,,,,,,,,,,,,,,,,,
20220707.0,0.1575811952352523,0.1129665598273277,0.0716970041394233,,,0.0417498052120208,,10.0,0.2676638960838318,1.1741180419921875,297.8540954589844,1.002450466156006,282.334716796875,271.5150451660156,0.000444067583885,3.717493057250977,400.0,0.023892305791378,0.0385416666977108
20220708.0,0.1568052023649215,0.1034436151385307,0.0484304837882518,,,,,10.0,0.2676638960838318,1.1741180419921875,298.0848693847656,0.9976238012313844,279.8556823730469,267.9255065917969,0.0012874602107331,3.7274930477142334,400.0,0.0308859534561634,0.0344583336263895
20220709.0,0.156191810965538,0.109622523188591,,,,,,,,,,,,,,,,,
20220710.0,0.1557034999132156,0.0947439596056938,0.0404248088598251,,,0.0671188235282898,,10.0,0.2676638960838318,1.1741180419921875,298.9014892578125,0.98810076713562,284.6168212890625,271.28741455078125,0.0012904405593872,3.5119991302490234,400.0,0.0186199638992548,0.0242499999391536
20220711.0,0.1553544104099273,0.0875851139426231,,,,,,,,,,,,,,,,,
20220712.0,0.1551390290260315,0.0952620506286621,,,,0.0671027973294258,,,,,,,,,,,,,
20220713.0,0.1551692187786102,0.113453485071659,0.0608703419566154,,,,,10.0,0.2676638960838318,1.1741180419921875,300.4842834472656,0.9765764474868774,282.9895324707031,267.79022216796875,0.0998150557279586,3.259490728378296,400.0,0.020498052239418,0.0114583333876605
20220714.0,0.1557888388633728,0.0971097573637962,,,,,,,,,,,,,,,,,
20220715.0,0.1571970582008361,0.1113680452108383,,,,0.0633745715022087,,10.0,0.2676638960838318,1.1741180419921875,298.8127746582031,0.9737051129341124,290.64556884765625,277.69293212890625,0.8463202118873596,3.155269384384156,400.0,0.0140259061008691,0.0050000000512227
20220716.0,0.1602623611688614,0.1053159162402153,,,,,,10.0,0.2676638960838318,1.1741180419921875,298.5561218261719,0.97216534614563,281.7146911621094,268.0585021972656,0.0009802503045648,2.5269763469696045,400.0,0.0224593188613653,0.0015714285961751
20220717.0,0.158458262681961,0.0975356698036193,,,,0.0782070457935333,,,,,,,,,,,,,
20220718.0,0.1585455536842346,0.0902760401368141,,,,,,10.0,0.2676638960838318,1.1741180419921875,301.0654296875,0.9690534472465516,285.14227294921875,271.4936218261719,0.3115578591823578,3.143649816513061,400.0,0.0122954621911048,0.004545454560271
20220719.0,0.1601697355508804,0.0981319695711135,,,,,,,,,,,,,,,,,
20220720.0,0.1733549684286117,0.1081933081150055,,,,0.0792608261108398,,,,,,,,,,,,,
20220721.0,0.1680279970169067,0.0940085127949714,0.0519215576350688,,,,,10.0,0.2676638960838318,1.1741180419921875,299.523193359375,0.9643921852111816,282.7435913085937,271.4317626953125,0.0035002261865884,2.924924850463867,400.0,0.0159184858202934,0.0019583333632908
20220722.0,0.1644434630870819,0.0792735591530799,,,,0.0630947649478912,,,,,,,,,,,,,
20220723.0,0.1620734632015228,0.0832565501332283,0.0347065068781375,,,,,10.0,0.2676638960838318,1.1741180419921875,300.5649719238281,0.9612892270088196,288.92852783203125,276.3837890625,0.0010227137245237,3.457942485809326,400.0,0.0129249226301908,0.0006250000199846
20220724.0,0.1625996977090835,0.0879571810364723,,,,,,10.0,0.2676638960838318,1.1741180419921875,298.98651123046875,0.9597389698028564,285.63677978515625,275.15966796875,1.3948026895523071,3.365441083908081,400.0,0.0142114460468292,0.0
20220725.0,0.1679818481206894,0.100640669465065,,,,0.0576073937118053,,,,,,,,,,,,,
20220726.0,0.1646291762590408,0.0952892675995826,,,,,,10.0,0.2676638960838318,1.1741180419921875,298.567626953125,0.9568431377410888,284.603271484375,274.072265625,0.0008581418660469,2.927242517471313,400.0,0.0168058015406131,0.0
20220727.0,0.1622052043676376,0.078874722123146,,,,,,,,,,,,,,,,,
20220728.0,0.1603640913963318,0.0995145887136459,,,,0.045421939343214,,,,,,,,,,,,,
20220729.0,0.1591223627328872,0.0923221483826637,0.0486122891306877,,,,,10.0,0.2676638960838318,1.1741180419921875,299.9653015136719,0.9576807618141174,283.25445556640625,271.998046875,0.1054494231939315,2.7085835933685303,400.0,0.0141655029729008,0.0
20220730.0,0.1592239439487457,0.0885968506336212,,,,0.0723465085029602,,,,,,,,,,,,,
20220731.0,0.1579798609018325,0.1139923557639122,,,,,,10.0,0.2676638960838318,1.1741180419921875,300.232666015625,0.9674538969993592,285.8309936523437,272.70819091796875,0.0013490872224792,2.6296989917755127,400.0,0.0128939151763916,0.0
20220801.0,0.1582517325878143,0.1150016039609909,0.0495273247361183,,,,,10.0,0.2676638960838318,1.1741180419921875,299.3354187011719,0.9721503257751464,285.4226379394531,273.469482421875,1.874144554138184,3.0022521018981934,400.0,0.0136352311819791,0.0
20220802.0,0.2685768604278564,0.1355764120817184,,,,0.2115845084190368,,,,,,,,,,,,,
20220803.0,0.3033988177776336,0.1836661547422409,0.1647295951843261,,,,,10.0,0.2676638960838318,1.1741180419921875,296.3345947265625,0.9814996123313904,266.8816833496094,245.2408447265625,0.0589497722685337,3.7162909507751465,400.0,0.2164318114519119,0.265916666015983
20220804.0,0.2680633068084717,0.1921342462301254,,,,0.1213479936122894,,,,,,,,,,,,,
20220805.0,0.2513870000839233,0.1293178051710128,,,,,,,,,,,,,,,,,
20220806.0,0.3017351329326629,0.1266120672225952,,,,,,,,,,,,,,,,,
20220922.0,0.3272833526134491,,,,,0.2118255496025085,,,,,,,,,,,,,
20220923.0,0.3047477900981903,0.1788071990013122,0.1609832793474197,,,,,10.0,0.2676638960838318,1.1741180419921875,286.8702392578125,0.9457883834838868,257.90753173828125,241.1984100341797,0.0017166130710393,2.577227830886841,400.0,0.220524713397026,0.269916666050752
20220924.0,0.2817032933235168,0.1601677536964416,,,,,,,,,,,,,,,,,
20220925.0,0.2654910981655121,0.1469258069992065,,,,0.1652197539806366,,,,,,,,,,,,,
20220926.0,0.2527706921100616,0.1587037146091461,0.1559569835662841,,,,,10.0,0.2676638960838318,1.1741180419921875,289.5343322753906,0.9279459714889526,262.31396484375,241.329345703125,0.0017110592452809,2.1151812076568604,400.0,0.1969735920429229,0.236833332106471
20220927.0,0.2420928627252578,0.1431431770324707,,,,0.1240919530391693,,,,,,,,,,,,,
20220928.0,0.2324705570936203,0.1362957805395126,0.1192081570625305,,,,,10.0,0.2676638960838318,1.1741180419921875,290.1432800292969,0.9151741862297058,269.9312744140625,252.40335083007807,0.2684536576271057,2.373108386993408,400.0,0.1496077179908752,0.217416667068998
20220929.0,0.2340666353702545,0.1522985696792602,0.1397531330585479,,,,,10.0,0.2676638960838318,1.1741180419921875,291.1822509765625,0.912576138973236,263.3040466308594,245.47674560546875,1.7959896326065063,2.496377468109131,400.0,0.1410131156444549,0.222999999397679
20220930.0,0.241713136434555,0.1450477540493011,,,,0.1511425077915191,,,,,,,,,,,,,
20221001.0,0.2378938049077987,0.1510169953107834,,,,,,10.0,0.2676638960838318,1.1741180419921875,286.0909423828125,0.8722419738769531,259.0946655273437,244.56283569335932,0.2292108982801437,2.065425157546997,400.0,0.1471493691205978,0.21416666607062
20221002.0,0.2313428372144699,0.1423671245574951,,,,0.1204435378313064,,,,,,,,,,,,,
20221003.0,0.2244975119829177,0.1487793326377868,,,,,,,,,,,,,,,,,
20221004.0,0.2181226760149002,0.1445132344961166,0.1086341813206672,,,,,10.0,0.2676638960838318,1.1741180419921875,286.7475891113281,0.7694301009178162,262.97607421875,249.4948883056641,0.0017225741175934,1.7220022678375244,400.0,0.1077911034226417,0.198166665931543
20221005.0,0.2122766673564911,0.1327733844518661,,,,0.1050048097968101,,,,,,,,,,,,,
20221006.0,0.2066736072301864,0.1464282274246215,0.0945947170257568,,,,,10.0,0.2676638960838318,1.1741180419921875,287.2938232421875,0.7047288417816162,269.46539306640625,251.451416015625,0.0008593322709202,1.6754920482635498,400.0,0.1179881691932678,0.188666665926576
20221007.0,0.2017707824707031,0.1320748180150985,0.0902726054191589,,,0.1193328201770782,,10.0,0.2676638960838318,1.1741180419921875,287.2235717773437,0.6730668544769287,266.5878601074219,250.82632446289065,4.630893818102777e-05,1.5145750045776367,400.0,0.1030288562178611,0.183749998609225
20221008.0,0.1975287348031997,0.1357928365468979,,,,,,,,,,,,,,,,,
20221009.0,0.1938050687313079,0.1525736898183822,,,,,,10.0,0.2676638960838318,1.1741180419921875,287.7796936035156,0.61111980676651,270.017333984375,252.359375,0.0012993812561035,1.4521249532699585,400.0,0.103181205689907,0.174583331371347
20221010.0,0.1904913783073425,0.1274225264787674,,,,0.0939578264951706,,,,,,,,,,,,,
20221011.0,0.1876948624849319,0.122163712978363,,,,,,,,,,,,,,,,,
20221012.0,0.1853009015321731,0.1459455490112304,0.0732538253068924,,,,,10.0,0.2676638960838318,1.1741180419921875,285.7903747558594,0.5216422080993652,265.68878173828125,251.1190490722656,0.0008583068847656,1.2683372497558594,400.0,0.0860619321465492,0.158958336338401
20221013.0,0.183165356516838,0.1388576179742813,,,,0.0883852690458297,,,,,,,,,,,,,
20221014.0,0.1809321194887161,0.1463303118944168,,,,,,10.0,0.2676638960838318,1.1741180419921875,286.0015869140625,0.464619368314743,270.331787109375,254.3868408203125,0.00085937831318,1.1889190673828125,400.0,0.0843288302421569,0.150749999408921
20221015.0,0.179296001791954,0.1459801644086837,0.0744104385375976,,,0.0887593328952789,,10.0,0.2676638960838318,1.1741180419921875,285.38836669921875,0.4354758560657501,265.3578186035156,248.9369201660156,0.0,1.2188650369644165,400.0,0.1024151071906089,0.14725000038743
20221016.0,0.1774309426546096,0.1303177028894424,,,,,,,,,,,,,,,,,
20221017.0,0.1755422055721283,0.137382835149765,,,,,,10.0,0.2676638960838318,1.1741180419921875,285.48077392578125,0.3906489908695221,266.306396484375,252.84356689453125,0.0012904405593872,1.3310537338256836,400.0,0.0971525609493255,0.140583335111539
20221018.0,0.1741403192281723,0.1248599514365196,,,,0.0962117984890937,,,,,,,,,,,,,
20221019.0,0.1729621440172195,0.1510809361934662,,,,,,,,,,,,,,,,,
20221020.0,0.1718290448188781,0.1626179367303848,0.0587529130280017,,,0.0899985060095787,,,,,,,,,,,,,
20221021.0,0.1708746701478958,,,,,,,,,,,,,,,,,,
20221022.0,0.1789675056934356,0.1300819218158722,0.0485315322875976,,,,,10.0,0.2676638960838318,1.1741180419921875,284.064697265625,0.3076556921005249,273.6347045898437,253.9203338623047,10.882372856140137,1.7992953062057495,400.0,0.1184557676315307,0.126454547724941
20221029.0,0.2741717100143432,,,,,,,,,,,,,,,,,,
20221030.0,0.271208792924881,0.1806368231773376,,,,,,10.0,0.2676638960838318,1.1741180419921875,276.1236877441406,0.1837561428546905,254.67564392089844,232.9395751953125,0.0063411048613488,0.7632068395614624,400.0,0.204332023859024,0.184105263728845
20221031.0,0.2685554325580597,,,,,0.1616066545248031,,10.0,0.2676638960838318,1.1741180419921875,276.669921875,0.1674660891294479,247.74107360839844,229.1035919189453,0.0008583068847656,0.8336358070373535,400.0,0.2454315721988678,0.182458330566684
20221101.0,0.2649244964122772,,,,,,,,,,,,,,,,,,
20221108.0,0.33847376704216,,,,,,,10.0,0.2676638960838318,1.1741180419921875,276.23876953125,0.1487341970205307,241.85617065429688,224.06430053710932,11.089488983154297,0.7042403817176819,400.0,0.2681177258491516,0.253315789134879
20230412.0,0.3743813037872314,,,,,,,,,,,,,,,,,,
20230417.0,0.3745630085468292,,0.3199622333049774,,,,,10.0,0.2676638960838318,1.1741180419921875,276.63153076171875,0.0406189374625682,236.542221069336,215.9499664306641,0.0019038228783756,0.9586707949638368,400.0,0.2769373059272766,0.300173918838086
20230426.0,0.3793714046478271,,,,,0.1855073422193527,,,,,,,,,,,,,
20230427.0,0.3759152293205261,,0.3091375529766083,,,,,10.0,0.2676638960838318,1.1741180419921875,278.3414306640625,0.1417756229639053,241.58526611328125,221.02151489257807,4.580005042953417e-05,1.473512053489685,400.0,0.2973014712333679,0.302578940203315
20230506.0,0.3820350468158722,0.2128745019435882,,,,0.1997141391038894,,,,,,,,,,,,,
20230507.0,0.3842398822307586,,,,,,,,,,,,,,,,,,
20230508.0,0.3772968649864197,,,,,,,10.0,0.2676638960838318,1.1741180419921875,281.3309326171875,0.3214814662933349,242.18798828125,220.10903930664065,1.7438527345657349,3.108769416809082,400.0,0.3598478436470032,0.342625002066294
20230523.0,0.2678042352199554,0.229371502995491,,,,,,,,,,,,,,,,,
20230524.0,0.2616116404533386,0.2260661870241165,0.300313651561737,,,0.1824546158313751,,10.0,0.2676638960838318,1.1741180419921875,291.5792541503906,0.565177321434021,254.28924560546875,234.8270263671875,1.828647255897522,4.508392810821533,400.0,0.3575487732887268,0.37491666773955
20230525.0,0.2660890519618988,0.2374940365552902,,,,,,,,,,,,,,,,,
20230530.0,0.2493393570184707,0.209961399435997,,,,,,,,,,,,,,,,,
20230608.0,0.238981157541275,0.1759554296731948,,,,,,,,,,,,,,,,,
20230609.0,0.2492175102233886,,0.2543230354785919,,,,,10.0,0.2676638960838318,1.1741180419921875,291.0019226074219,0.9244731664657592,257.9683837890625,243.2746734619141,0.992340922355652,4.888034343719482,400.0,0.3138276934623718,0.368791667123636
20230610.0,0.237100601196289,0.1792517453432083,,,,,,,,,,,,,,,,,
20230611.0,0.2281990200281143,0.1640934348106384,0.2414257675409317,,,0.1370009928941726,,10.0,0.2676638960838318,1.1741180419921875,291.8211975097656,0.9600844383239746,263.61993408203125,246.03414916992188,1.8336737155914309,4.353886127471924,400.0,0.2974505722522735,0.351583329339822
20230612.0,0.2447075843811035,0.1890270859003067,0.2477263212203979,,,,,10.0,0.2676638960838318,1.1741180419921875,290.5622253417969,0.969574213027954,260.0394592285156,243.18606567382807,4.988882064819336,4.1109490394592285,400.0,0.3019989132881164,0.33166666701436
20230613.0,0.2735756933689117,0.1884436011314392,,,,,,,,,,,,,,,,,
20230614.0,0.2762289047241211,0.1653693914413452,,,,0.1891186088323593,,10.0,0.2676638960838318,1.1741180419921875,290.0186767578125,0.992284059524536,259.749267578125,237.2736358642578,2.1882808208465576,3.563100814819336,400.0,0.2845214009284973,0.326708332945903
20230615.0,0.290405660867691,0.1786464750766754,,,,,,,,,,,,,,,,,
20230616.0,0.277578741312027,0.1879493296146392,,,,0.1755230128765106,,,,,,,,,,,,,
20230617.0,0.2637735903263092,0.1635656356811523,0.2629893124103546,,,,,10.0,0.2676638960838318,1.1741180419921875,289.2875061035156,1.0260087251663208,253.9947204589844,239.1426696777344,0.0023592319339513,4.6441264152526855,400.0,0.3148058950901031,0.309708334505558
20230618.0,0.2470052987337112,0.1361182779073715,,,,,,,,,,,,,,,,,
20230619.0,0.2580551207065582,0.2088873833417892,,,,0.1983422636985778,,10.0,0.2676638960838318,1.1741180419921875,292.26934814453125,1.048715591430664,259.1309814453125,237.135971069336,7.882424831390381,4.121769428253174,400.0,0.2764884233474731,0.311291664838791
20230620.0,0.3458689451217651,0.1823811531066894,0.262440025806427,,,,,10.0,0.2676638960838318,1.1741180419921875,288.28204345703125,1.0601359605789185,254.57272338867188,230.1288452148437,13.699355125427246,5.783950328826904,400.0,0.2829124927520752,0.314130431931952
20230621.0,0.3193669021129608,0.1611660569906234,,,,0.1739803701639175,,,,,,,,,,,,,
20230622.0,0.2902980446815491,0.1700302064418792,,,,,,10.0,0.2676638960838318,1.1741180419921875,288.8714599609375,1.083111047744751,259.7728881835937,241.1007232666016,0.0420734621584415,4.747498035430908,400.0,0.3034611642360687,0.28962500145038
20230623.0,0.2724831104278564,0.1604798883199691,,,,,,,,,,,,,,,,,
20230624.0,0.2621446251869201,0.1428930163383484,,,,0.1297654956579208,,,,,,,,,,,,,
20230625.0,0.2465064525604248,0.15300053358078,0.2205666154623031,,,,,10.0,0.2676638960838318,1.1741180419921875,292.13525390625,1.1191277503967283,265.9906005859375,250.0068359375,0.0013960667420178,5.007499694824219,400.0,0.232760950922966,0.236541667953134
20230626.0,0.2313386797904968,0.162797525525093,,,,,,,,,,,,,,,,,
20230627.0,0.2206217795610427,0.1606950163841247,0.189213827252388,,,,,10.0,0.2676638960838318,1.1741180419921875,292.15966796875,1.127548336982727,269.2427978515625,252.66232299804688,1.063054442405701,4.890582084655762,400.0,0.2200842648744583,0.188499999543031
20230628.0,0.2161967754364013,0.1493190377950668,0.1740227788686752,,,,,,,,,,,,,,,,
20230629.0,0.2091234773397445,0.1345903575420379,,,,0.1185928061604499,,,,,,,,,,,,,
20230630.0,0.202036827802658,0.1355423033237457,0.1711682677268982,,,,,10.0,0.2676638960838318,1.1741180419921875,293.1146545410156,1.116532325744629,265.93536376953125,252.8809509277344,0.018682463094592,4.215900897979736,400.0,0.1846449822187423,0.140625001241763
20230701.0,0.1940530240535736,0.1460079401731491,,,,,,,,,,,,,,,,,
20230702.0,0.1867406368255615,0.1532624065876007,,,,0.1136019080877304,,,,,,,,,,,,,
20230703.0,0.1805456578731537,0.1449649631977081,,,,,,10.0,0.2676638960838318,1.1741180419921875,296.8193664550781,1.1067692041397097,269.989990234375,254.70266723632807,0.0060172942467033,4.564918041229248,400.0,0.1130255237221717,0.0876250006258488
20230704.0,0.1757906079292297,0.1331381648778915,,,,0.1403369456529617,,,,,,,,,,,,,
20230705.0,0.1730902940034866,0.1626601219177246,,,,,,10.0,0.2676638960838318,1.1741180419921875,295.0389404296875,1.1002777814865112,269.03350830078125,252.5679626464844,0.0009380562696605,4.305319786071777,400.0,0.1440661400556564,0.0758750007177393
20230706.0,0.1709184199571609,0.1434317082166671,,,,,,10.0,0.2676638960838318,1.1741180419921875,294.4729309082031,1.0970375537872314,267.84783935546875,252.51345825195312,0.7379313707351685,4.115501403808594,400.0,0.1450796127319336,0.0710000010828177
20230707.0,0.1729619652032852,0.1364453732967376,,,,0.1065093055367469,,,,,,,,,,,,,
20230708.0,0.1694582551717758,0.1410995870828628,0.1488091945648193,,,,,10.0,0.2676638960838318,1.1741180419921875,296.6508483886719,1.0905672311782837,272.8471069335937,258.50054931640625,0.0237047895789146,4.139772891998291,400.0,0.0815170854330062,0.060166666439424
20230709.0,0.1669304370880127,0.1330506950616836,,,,0.0836723819375038,,,,,,,,,,,,,
20230710.0,0.1643776148557663,0.1180488318204879,,,,,,,,,,,,,,,,,
20230711.0,0.1624986827373504,0.1210774034261703,0.12750343978405,,,,,10.0,0.2676638960838318,1.1741180419921875,296.7767944335937,1.0800139904022217,272.25848388671875,257.0323486328125,0.0017057753866538,4.095194816589356,400.0,0.0857776328921318,0.0477500003762543
20230712.0,0.1610976904630661,0.1353147327899933,,,,0.0515305139124393,,,,,,,,,,,,,
20230713.0,0.1599173992872238,0.1374731808900833,0.1100671663880348,,,,,10.0,0.2676638960838318,1.1741180419921875,297.4792785644531,1.0842876434326172,275.7016906738281,260.57623291015625,0.0017277605365961,4.0409464836120605,400.0,0.0684642344713211,0.0407916667560736
20230714.0,0.1590155512094497,0.1283315867185592,,,,,,10.0,0.2676638960838318,1.1741180419921875,296.62286376953125,1.093027114868164,273.3927001953125,257.743896484375,0.0008583068847656,3.94963264465332,400.0,0.0845235139131546,0.0372916668032606
20230715.0,0.1583929657936096,0.1330674290657043,,,,,,,,,,,,,,,,,
20230716.0,0.1577506363391876,0.1164047643542289,0.0958601161837577,,,,,10.0,0.2676638960838318,1.1741180419921875,298.390380859375,1.1077594757080078,276.48583984375,262.1407165527344,0.0,3.733046531677246,400.0,0.0454854071140289,0.0314583333674818
20230717.0,0.1571036130189895,0.1219883412122726,,,,0.0920270383358001,,,,,,,,,,,,,
20230718.0,0.1602599620819091,0.1119724214076995,,,,,,,,,,,,,,,,,
20230719.0,0.1587248295545578,0.1328187882900238,,,,,,10.0,0.2676638960838318,1.1741180419921875,299.69830322265625,1.130526423454285,275.7815246582031,262.9404602050781,0.5922061204910278,3.452484607696533,400.0,0.0303462333977222,0.0234583333755533
20230720.0,0.1617907285690307,0.150240272283554,,,,0.1466547846794128,,,,,,,,,,,,,
20230721.0,0.1605301648378372,0.1254600882530212,0.1293003112077713,,,,,10.0,0.2676638960838318,1.1741180419921875,298.7278747558594,1.145798683166504,274.3839416503906,259.51611328125,0.0018041456351056,3.543095827102661,400.0,0.0472520180046558,0.0240416667268922
20230722.0,0.1588708311319351,0.1187750399112701,0.1196253821253776,,,0.1210463270545005,,10.0,0.2676638960838318,1.1741180419921875,299.6163024902344,1.153463363647461,273.2459716796875,260.2985534667969,0.0012814998626708,3.4221882820129395,400.0,0.0396371968090534,0.0276250000266979
20230723.0,0.1576561331748962,0.1204818561673164,,,,,,,,,,,,,,,,,
20230724.0,0.1572492569684982,0.1338225305080413,0.0886638313531875,,,,,10.0,0.2676638960838318,1.1741180419921875,300.9521484375,1.1688494682312012,281.1386108398437,265.8480224609375,0.4362205564975738,3.526764392852783,400.0,0.0265185441821813,0.0308749999385327
20230725.0,0.1634862422943115,0.1151272356510162,,,,0.1752650141716003,,,,,,,,,,,,,
20230726.0,0.1637527346611023,0.1082554906606674,,,,,,,,,,,,,,,,,
20230727.0,0.1772312819957733,0.1132015511393547,,,,0.09666009247303,,10.0,0.2676638960838318,1.1741180419921875,299.157470703125,1.1928787231445312,274.9564208984375,264.2523803710937,0.0649322941899299,4.100258827209473,400.0,0.0466334111988544,0.0285416667660077
20230728.0,0.171206846833229,0.0969776511192321,,,,,,,,,,,,,,,,,
20230729.0,0.1666648387908935,0.1215719953179359,,,,,,10.0,0.2676638960838318,1.1741180419921875,299.2890319824219,1.1985154151916504,279.38037109375,265.0965576171875,0.1759965270757675,3.479539632797241,400.0,0.0304918885231018,0.0280416668392718
20230730.0,0.1645919233560562,0.1238361895084381,0.0921322554349899,,,0.0406412407755851,,10.0,0.2676638960838318,1.1741180419921875,299.8674011230469,1.1952406167984009,276.15203857421875,265.3915405273437,0.0128312604501843,3.645333766937256,400.0,0.0328368470072746,0.0272500001980613
20230731.0,0.1621998697519302,0.1118168905377388,,,,,,,,,,,,,,,,,
20230801.0,0.1622121185064315,0.1219297498464584,0.0975157171487808,,,0.0888346284627914,,10.0,0.2676638960838318,1.1741180419921875,298.96075439453125,1.1912858486175537,280.1678466796875,264.388671875,1.1058363914489746,3.0998804569244385,400.0,0.0287958141416311,0.022833333350718
20230802.0,0.2211398780345916,0.1388745605945587,,,,,,,,,,,,,,,,,
20230803.0,0.3436136543750763,0.1642355173826217,,,,,,,,,,,,,,,,,
20230804.0,,,,,,,,10.0,0.2676638960838318,1.1741180419921875,293.3890380859375,1.1848790645599363,254.6366271972656,232.5816345214844,3.4396347999572754,3.970437526702881,400.0,0.2881564199924469,0.256249998385708
20230805.0,0.2908525466918945,0.1327342689037323,,,,,,,,,,,,,,,,,
20230806.0,0.2666114568710327,0.1703231930732727,,,,,,10.0,0.2676638960838318,1.1741180419921875,294.1710510253906,1.180614948272705,261.1853332519531,241.0767364501953,1.0179616212844849,4.40041971206665,400.0,0.2568872272968292,0.218374997998277
20230807.0,0.2552446126937866,0.1543779820203781,0.1688364297151565,,,0.1786567419767379,,10.0,0.2676638960838318,1.1741180419921875,293.65167236328125,1.1784851551055908,262.3876953125,240.5038146972656,0.0008840437512844,4.174479007720947,400.0,0.2507457733154297,0.20408333465457
20230808.0,0.2429571002721786,0.1513460129499435,,,,,,,,,,,,,,,,,
20230809.0,0.2358170747756958,0.1460526585578918,,,,0.1415405571460724,,10.0,0.2676638960838318,1.1741180419921875,292.37579345703125,1.1742297410964966,266.1514587402344,245.1541748046875,0.0021450645290315,3.732712984085083,400.0,0.2262042015790939,0.183666665107012
20230810.0,0.2224236577749252,0.1354214996099472,,,,,,,,,,,,,,,,,
20230811.0,0.2110034525394439,0.1122939884662628,,,,,,,,,,,,,,,,,
20230812.0,0.2028572112321853,0.1307443082332611,0.1318241953849792,,,0.1218486279249191,,10.0,0.2676638960838318,1.1741180419921875,296.0085754394531,1.1679171323776243,270.9327392578125,256.72369384765625,0.2528590559959411,3.3582510948181152,400.0,0.0776835158467292,0.145999999095996
20230813.0,0.1965424567461013,0.1257377564907074,,,,,,,,,,,,,,,,,
20230814.0,0.1883779317140579,0.1427027583122253,,,,0.0861317068338394,,10.0,0.2676638960838318,1.1741180419921875,295.3106994628906,1.1629438400268557,272.950439453125,258.20184326171875,0.0,3.909893035888672,400.0,0.0970029532909393,0.119124999580284
20230815.0,0.1822343319654464,0.1332514584064483,,,,,,10.0,0.2676638960838318,1.1741180419921875,297.05487060546875,1.1600112915039062,273.7800598144531,261.9110717773437,0.784684956073761,3.209767818450928,400.0,0.0442479699850082,0.106499999451141
20230816.0,0.1826481521129608,0.1179464757442474,,,,,,,,,,,,,,,,,
20230817.0,0.1798707842826843,0.1209929957985878,0.0944110080599784,,,0.0796170905232429,,10.0,0.2676638960838318,1.1741180419921875,298.5885009765625,1.1543444395065308,278.1026611328125,262.786865234375,0.1397327482700348,3.18803071975708,400.0,0.0374893918633461,0.0813333333159486
20230818.0,0.1764269024133682,0.1272536218166351,,,,,,,,,,,,,,,,,
20230819.0,0.1737641543149948,0.11916384100914,,,,0.0991902723908424,,,,,,,,,,,,,
20230820.0,0.1758074909448623,0.1223727166652679,,,,,,10.0,0.2676638960838318,1.1741180419921875,296.3944396972656,1.1458278894424438,268.66632080078125,250.3363342285156,0.0017127636820077,2.4167518615722656,400.0,0.1236703246831893,0.0554583336537083
20230821.0,0.1733108907938003,0.1316616088151931,,,,,,,,,,,,,,,,,
20230822.0,0.1804196387529373,0.1368783712387085,,,,0.1290738135576248,,10.0,0.2676638960838318,1.1741180419921875,292.6926574707031,1.1401631832122805,270.00640869140625,252.34548950195312,5.983985900878906,3.045593976974488,400.0,0.1091369241476059,0.0507083330303431
20230825.0,0.1998243033885955,0.1547242552042007,,,,0.1255934238433838,,10.0,0.2676638960838318,1.1741180419921875,295.54473876953125,1.131685733795166,271.8798828125,256.6968688964844,0.139106884598732,2.681782960891724,400.0,0.0847298055887222,0.0976666671534379
20230826.0,0.1941261440515518,0.1244816407561302,,,,,,,,,,,,,,,,,
20230827.0,0.2001116573810577,0.118581935763359,,,,0.1923334896564483,,,,,,,,,,,,,
20230828.0,0.1910420656204223,0.13478484749794,,,,,,10.0,0.2676638960838318,1.1741180419921875,296.1108703613281,1.1233938932418823,272.2850341796875,253.43370056152344,0.0,2.950599670410156,400.0,0.1196234598755836,0.0738333327074846
20230829.0,0.1827852576971054,0.1251610219478607,,,,,,,,,,,,,,,,,
20230830.0,0.1758940517902374,0.1379501521587371,,,,0.1104772165417671,,10.0,0.2676638960838318,1.1741180419921875,295.64898681640625,1.11578369140625,273.8916320800781,259.7138061523437,0.0008470061584375,3.417564392089844,400.0,0.0807145982980728,0.058125000136594
20230831.0,0.1716456711292266,0.1294978559017181,,,,,,10.0,0.2676638960838318,1.1741180419921875,293.1576232910156,1.1107676029205322,271.7398986816406,255.6432647705078,0.000435113790445,2.677763700485229,400.0,0.1124410256743431,0.0487083331681788
20230901.0,0.1720807552337646,0.1254082918167114,,,,0.0780617967247963,,,,,,,,,,,,,
20230902.0,0.1891249120235443,0.1211006566882133,0.0996879562735557,,,,,10.0,0.2676638960838318,1.1741180419921875,293.5550842285156,1.1012765169143677,273.55242919921875,258.8152160644531,2.34236478805542,2.482108354568481,400.0,0.0756793841719627,0.043874999973923
20230903.0,0.1939324587583542,0.1272676587104797,,,,,,,,,,,,,,,,,
20230904.0,0.2913559973239898,0.152139738202095,,,,0.2483628690242767,,,,,,,,,,,,,
20230905.0,0.3286125063896179,0.2018200755119323,0.2117885500192642,,,,,10.0,0.2676638960838318,1.1741180419921875,288.4526062011719,1.086999535560608,251.00668334960932,232.1294708251953,1.2064969539642334,3.3220653533935547,400.0,0.287577748298645,0.265791665762663
20230906.0,0.2984133660793304,0.1791922897100448,,,,0.1670499891042709,,,,,,,,,,,,,
20230907.0,0.2804970741271972,0.1616411656141281,,,,,,10.0,0.2676638960838318,1.1741180419921875,291.32769775390625,1.0775192975997925,263.3193054199219,241.6647186279297,0.0010284220334142,3.405230760574341,400.0,0.2474972009658813,0.232958334187667
20230908.0,0.2651962041854858,0.1633249819278717,0.1889077872037887,,,,,10.0,0.2676638960838318,1.1741180419921875,291.93017578125,1.0727903842926023,260.973876953125,244.82485961914065,0.0,3.716576099395752,400.0,0.2425940483808517,0.219583332538605
20230910.0,,,,,,,,10.0,0.2676638960838318,1.1741180419921875,292.2045288085937,1.0633554458618164,265.59716796875,249.8285369873047,0.2408985197544098,3.210731506347656,400.0,0.1756653189659118,0.196833330517014
20230913.0,,,,,,,,10.0,0.2676638960838318,1.1741180419921875,291.7830505371094,1.0494250059127808,268.60369873046875,253.2066345214844,0.2613677680492401,2.524169683456421,400.0,0.1269188225269317,0.172625000278155
20230915.0,,,,,,,,10.0,0.2676638960838318,1.1741180419921875,290.0569152832031,1.038048505783081,269.9864501953125,259.0469055175781,0.0039688902907073,2.8684334754943848,400.0,0.1320844292640686,0.164166667188207
20230916.0,,,,,,,,10.0,0.2676638960838318,1.1741180419921875,290.3796691894531,1.0311415195465088,267.1484069824219,251.94500732421875,0.0,2.7224831581115723,400.0,0.1594314277172088,0.158125001937151
20230918.0,0.1934364736080169,0.119511529803276,0.0902149528264999,,,,,10.0,0.2676638960838318,1.1741180419921875,290.8720703125,1.017899751663208,271.6680908203125,254.0770568847656,0.4632171392440796,2.4816739559173584,400.0,0.1368192583322525,0.14516666593651
20230919.0,0.1927505135536193,0.1231936514377594,,,,0.0998877137899398,,,,,,,,,,,,,
20230920.0,0.2029497772455215,0.1236866563558578,,,,,,,,,,,,,,,,,
20230921.0,0.2241439968347549,0.1414898037910461,0.1891019940376281,,,,,10.0,0.2676638960838318,1.1741180419921875,287.3117370605469,0.998055100440979,252.939208984375,234.4629821777344,12.600020408630373,2.7081563472747803,400.0,0.1549533903598785,0.161333333080014
20230922.0,0.3421989381313324,0.1909327656030655,,,,0.2703073024749756,,,,,,,,,,,,,
20230923.0,0.3275556266307831,0.1942248344421386,0.2088660448789596,,,,,10.0,0.2676638960838318,1.1741180419921875,283.8060607910156,0.9849028587341307,248.88140869140625,224.58956909179688,0.0191504377871751,2.7178444862365723,400.0,0.2953994274139404,0.287833335498969
20230924.0,0.3003630340099334,0.1736197918653488,0.2157845050096511,,,0.2245472520589828,,10.0,0.2676638960838318,1.1741180419921875,285.0978698730469,0.9783499240875244,246.8519287109375,224.70469665527344,0.0,2.5310604572296143,400.0,0.2939919531345367,0.275625002880891
20230925.0,0.2838887572288513,0.1752428114414215,,,,,,,,,,,,,,,,,
20230926.0,0.2703694701194763,0.1648979932069778,0.1840151697397232,,,,,10.0,0.2676638960838318,1.1741180419921875,288.5765075683594,0.965290665626526,254.3568115234375,235.87625122070312,0.000426173210144,2.532379627227783,400.0,0.2425907552242279,0.257291667163372
20230927.0,0.2592284381389618,0.1585148572921753,,,,0.1742502003908157,,,,,,,,,,,,,
20230928.0,0.2498586177825927,0.1432438790798187,,,,,,,,,,,,,,,,,
20230929.0,0.2425408661365509,0.1450805217027664,0.1734022945165634,,,,,10.0,0.2676638960838318,1.1741180419921875,287.1129150390625,0.9464190006256104,258.6127014160156,240.0004730224609,0.0008523463620804,2.168574333190918,400.0,0.2150440663099289,0.234041664128502
20230930.0,0.2355222404003143,0.1610094904899597,,,,0.1880145519971847,,,,,,,,,,,,,
20231001.0,0.2630265057086944,,0.2344397902488708,,,,,10.0,0.2676638960838318,1.1741180419921875,287.0624084472656,0.9261887073516846,251.4689178466797,230.13619995117188,8.278068542480469,2.9617812633514404,400.0,0.2402188032865524,0.257541668911775
20231002.0,0.3185161650180816,0.1860967129468917,,,,0.2207113802433014,,10.0,0.2676638960838318,1.1741180419921875,282.8720397949219,0.9116598963737488,249.6808319091797,230.64862060546875,20.00064468383789,1.9027223587036133,400.0,0.1667095422744751,0.288458333661159
20231003.0,0.3593102693557739,0.1923105120658874,,,,,,,,,,,,,,,,,
20231004.0,0.3441831767559051,0.1955952793359756,,,,,,10.0,0.2676638960838318,1.1741180419921875,283.518798828125,0.8847200870513916,250.0284118652344,227.41537475585932,0.8737906813621521,1.5927612781524658,400.0,0.2579306066036224,0.302666665365299
20231005.0,0.3274105489253998,0.1960137337446212,,,,0.2093669325113296,,,,,,,,,,,,,
20231006.0,0.3141243457794189,0.186381459236145,,,,,,,,,,,,,,,,,
20231007.0,0.3030669689178467,0.1791344285011291,0.2101356089115142,,,0.1869290471076965,,10.0,0.2676638960838318,1.1741180419921875,285.1838073730469,0.8444863557815552,251.4744415283203,228.96829223632807,0.0,2.045283555984497,400.0,0.2732908427715301,0.279125002523263
20231008.0,0.2940360009670257,0.1739775240421295,,,,,,,,,,,,,,,,,
20231009.0,0.2860098779201507,0.1757839173078537,0.1926933377981186,,,,,10.0,0.2676638960838318,1.1741180419921875,285.9731750488281,0.8180187344551086,255.95230102539065,237.80165100097656,0.0009266441920772,2.0848710536956787,400.0,0.2256582677364349,0.271083337565263
20231010.0,0.2779989838600158,0.1603449434041977,,,,0.1795855909585952,,10.0,0.2676638960838318,1.1741180419921875,286.3020935058594,0.8048912286758423,253.1885681152344,234.6496734619141,0.0022845200728625,2.168729066848755,400.0,0.2417939901351928,0.267124998072783
20231011.0,0.2818206250667572,0.1795116662979126,,,,,,,,,,,,,,,,,
20231012.0,0.3386460542678833,,,,,0.213945060968399,,10.0,0.2676638960838318,1.1741180419921875,279.9985656738281,0.778849184513092,247.40533447265625,227.52398681640625,4.912976264953613,2.1798336505889893,400.0,0.2556723952293396,0.298041669030984
20231013.0,0.3322116434574127,0.2074101865291595,,,,,,,,,,,,,,,,,
20231014.0,0.3135565221309662,0.1910129487514495,,,,,,,,,,,,,,,,,
20231015.0,0.301607221364975,0.1843481808900833,,,,0.205555260181427,,10.0,0.2676638960838318,1.1741180419921875,282.6599426269531,0.7416086196899414,247.1446685791016,227.323974609375,0.0012874602107331,1.6785989999771118,400.0,0.2798765897750854,0.282791665444771
20231016.0,0.2921830117702484,0.1954342275857925,,,,,,,,,,,,,,,,,
20231017.0,0.2841785550117492,0.1768010109663009,,,,,,10.0,0.2676638960838318,1.1741180419921875,284.5205993652344,0.7006716728210449,252.4413146972656,234.64187622070312,0.0017225741175934,1.4952329397201538,400.0,0.2183428257703781,0.276083332796892
20231018.0,0.2775674164295196,0.1791324466466903,,,,0.2200085967779159,,10.0,0.2676638960838318,1.1741180419921875,284.3723449707031,0.6710489988327026,249.836654663086,232.1459350585937,0.0025629987940192,1.588300704956055,400.0,0.2453915625810623,0.272625006735325
20231019.0,0.2713682353496551,0.1847435235977172,,,,,,,,,,,,,,,,,
20231020.0,0.2659014463424682,0.1692854464054107,,,,0.1695559620857238,,10.0,0.2676638960838318,1.1741180419921875,284.4287109375,0.61690753698349,256.35382080078125,235.5147705078125,0.0017116728704422,1.5512079000473022,400.0,0.2241774052381515,0.267874999592702
20231021.0,0.2608449459075928,0.1747559905052185,,,,,,,,,,,,,,,,,
20231022.0,0.2564928829669952,0.1674555987119674,,,,,,,,,,,,,,,,,
20231023.0,0.2521789968013763,0.1648381799459457,0.1674991399049759,,,0.1526210159063339,,10.0,0.2676638960838318,1.1741180419921875,285.1422119140625,0.5376182198524475,256.42852783203125,239.9523468017578,0.6190893054008484,1.5969607830047607,400.0,0.1564045697450637,0.262916670491298
20231024.0,0.2534255981445312,0.1824965327978134,,,,,,,,,,,,,,,,,
20231025.0,0.2495701164007187,0.1672193706035614,,,,0.1369645744562149,,10.0,0.2676638960838318,1.1741180419921875,282.5639343261719,0.486540675163269,258.18194580078125,238.9862060546875,0.0004351138486526,1.882448077201844,400.0,0.2233669310808181,0.258666660636663
20231104.0,0.2798506021499634,,,,,,,,,,,,,,,,,,
20231105.0,0.2751907110214233,,0.2046126425266266,,,0.1927779167890548,,10.0,0.2676638960838318,1.1741180419921875,279.5863342285156,0.3249826431274414,252.3060913085937,230.52655029296875,0.392994612455368,0.7519748210906982,400.0,0.2458215951919555,0.312791666636864
20231106.0,0.2717894315719604,,,,,,,,,,,,,,,,,,
20231112.0,0.2864894866943359,,,,,,,,,,,,,,,,,,
20231113.0,0.2818633913993835,,0.2013044357299804,,,,,10.0,0.2676638960838318,1.1741180419921875,275.9226989746094,0.337029218673706,245.61373901367188,225.56642150878903,0.0017271270044147,0.9967398643493652,400.0,0.2628692984580993,0.276869573023008
20231114.0,0.2772054374217987,,,,,,,,,,,,,,,,,,
20231115.0,0.2730389535427093,,,,,0.2009127736091613,,,,,,,,,,,,,
20231116.0,0.2970224320888519,,,,,,,10.0,0.2676638960838318,1.1741180419921875,278.0823059082031,0.343346893787384,244.83905029296875,225.3630523681641,6.483449459075928,0.4791696667671203,400.0,0.2822295129299164,0.299045450308106
20231117.0,0.3145354390144348,,,,,0.1861574053764343,,,,,,,,,,,,,
20231118.0,0.3025077879428863,,,,,,,10.0,0.2676638960838318,1.1741180419921875,275.9993896484375,0.3247349858283996,245.2350616455078,229.08709716796875,1.4572535753250122,0.5579492449760437,400.0,0.2551539838314056,0.291416666160027
20231119.0,0.3236794471740722,,0.234289139509201,,,,,10.0,0.2676638960838318,1.1741180419921875,275.8886413574219,0.3024594783782959,238.19972229003903,218.11163330078125,8.684057235717773,0.6463463306427002,400.0,0.2828686833381653,0.294149999320507
20240318.0,,,,,,,,10.0,0.2676638960838318,1.1741180419921875,274.5538024902344,0.1104776561260223,237.9768829345703,220.34988403320312,0.0012822712305933,0.3327488899230957,400.0,0.2134356796741485,0.292590914802118
20240320.0,,,,,,,,10.0,0.2676638960838318,1.1741180419921875,275.125732421875,0.114597350358963,242.1097412109375,224.4980926513672,0.0,0.1876004636287689,400.0,0.2136208266019821,0.292958345264196
20240323.0,,,,,,,,10.0,0.2676638960838318,1.1741180419921875,277.5526123046875,0.1240380853414535,243.37274169921875,223.92941284179688,4.125778198242188,0.8315773606300354,400.0,0.2837792038917541,0.294999988128742
20240403.0,,,,,,,,10.0,0.2676638960838318,1.1741180419921875,278.48028564453125,0.1642025113105774,232.19972229003903,213.2001342773437,0.0,2.104634046554565,400.0,0.2907478213310241,0.296958324809869
20240405.0,,,,,,,,10.0,0.2676638960838318,1.1741180419921875,280.3915100097656,0.1714815646409988,237.85650634765625,216.1793212890625,8.035982131958008,2.414976119995117,400.0,0.3002841174602508,0.298157897434737
20240410.0,,,,,,,,10.0,0.2676638960838318,1.1741180419921875,279.0634155273437,0.2009607702493667,240.108627319336,220.31857299804688,0.0009099870221689,2.241028070449829,400.0,0.3275577127933502,0.298958328862985
20240411.0,,,,,,,,10.0,0.2676638960838318,1.1741180419921875,280.31597900390625,0.2074261009693145,237.5689849853516,219.63491821289065,0.0,2.9333207607269287,400.0,0.343913733959198,0.298958328862985
20240416.0,,,,,,,,10.0,0.2676638960838318,1.1741180419921875,281.9689636230469,0.2402690947055816,236.69992065429688,218.33074951171875,4.820479869842529,3.06741714477539,400.0,0.3391281068325043,0.301833322892586
20240419.0,,,,,,,,10.0,0.2676638960838318,1.1741180419921875,279.9042663574219,0.2603709995746612,240.42306518554688,218.4998016357422,0.0008523463038727,3.3499605655670166,400.0,0.3592760860919952,0.301608686861785
20240421.0,,,,,,,,10.0,0.2676638960838318,1.1741180419921875,283.8856506347656,0.273716539144516,245.2457275390625,225.48355102539065,0.0,3.785386323928833,400.0,0.354113221168518,0.301374994218349
20240424.0,,,,,,,,10.0,0.2676638960838318,1.1741180419921875,286.5203857421875,0.301096498966217,245.10513305664065,231.32879638671875,0.4176028072834015,3.7393429279327393,400.0,0.3484638333320617,0.302916667113702
20240426.0,,,,,,,,10.0,0.2676638960838318,1.1741180419921875,284.5876159667969,0.3214609622955322,241.30776977539065,221.3662872314453,12.084016799926758,2.8159492015838623,400.0,0.252620130777359,0.305583332975705
20240427.0,,,,,,,,10.0,0.2676638960838318,1.1741180419921875,282.23486328125,0.331805408000946,237.4318389892578,218.7029266357422,17.272836685180664,2.488388538360596,400.0,0.2692707777023315,0.304416663944721
20240429.0,,,,,,,,10.0,0.2676638960838318,1.1741180419921875,283.07098388671875,0.3527142405509949,238.6039123535156,216.74221801757807,0.8709990382194519,3.97292685508728,400.0,0.3598761558532715,0.303999994112098
20240504.0,,,,,,,,10.0,0.2676638960838318,1.1741180419921875,281.6662292480469,0.4062694907188415,246.6749267578125,225.52166748046875,0.3624293208122253,4.154220104217529,400.0,0.3497699201107025,0.301749989390373
20240505.0,,,,,,,,10.0,0.2676638960838318,1.1741180419921875,283.9399108886719,0.4171766638755798,247.36090087890625,227.74420166015625,8.666691780090332,3.302358627319336,400.0,0.2955885529518127,0.301833321650823
20240510.0,,,,,,,,10.0,0.2676638960838318,1.1741180419921875,281.9592590332031,0.4821756184101105,243.72525024414065,221.99136352539065,0.4721517264842987,3.79699444770813,400.0,0.3550206422805786,0.301041665176551
20240512.0,,,,,,,,10.0,0.2676638960838318,1.1741180419921875,286.25634765625,0.5141950845718384,247.88119506835932,227.8476104736328,0.003917671740055,4.074031352996826,400.0,0.3498539924621582,0.300583337744077
20240513.0,,,,,,,,10.0,0.2676638960838318,1.1741180419921875,287.9080505371094,0.5304943323135376,247.47525024414065,229.94566345214844,0.031871810555458,4.420295238494873,400.0,0.35428187251091,0.300458338111639
20240515.0,,,,,,,,10.0,0.2676638960838318,1.1741180419921875,286.5599975585937,0.563523530960083,252.44110107421875,230.15774536132807,0.114442154765129,4.57989501953125,400.0,0.3497589230537414,0.304421053120964
20240518.0,,,,,,,,10.0,0.2676638960838318,1.1741180419921875,287.40997314453125,0.6141437888145447,254.2464599609375,234.8531494140625,0.0008523463038727,5.2041096687316895,400.0,0.350627601146698,0.30768421292305
20240520.0,,,,,,,,10.0,0.2676638960838318,1.1741180419921875,286.2713317871094,0.6486082673072815,260.5986022949219,242.9530639648437,0.3377518951892853,4.852944850921631,400.0,0.3264526724815368,0.306739135928776
20240521.0,,,,,,,,10.0,0.2676638960838318,1.1741180419921875,283.4594116210937,0.666022539138794,255.5316619873047,240.9423065185547,0.3483390510082245,4.391775131225586,400.0,0.3142341375350952,0.305869562470395
20240528.0,,,,,,,,10.0,0.2676638960838318,1.1741180419921875,289.2715148925781,0.8182663917541504,257.6857604980469,239.9320373535156,0.3151279985904693,4.406024932861328,400.0,0.3299311697483063,0.343363630500707
20240529.0,,,,,,,,10.0,0.2676638960838318,1.1741180419921875,290.6007080078125,0.8436719179153442,257.9633178710937,240.58106994628903,1.8105489015579224,4.218283653259277,400.0,0.3295751810073852,0.352421054714604
20240531.0,,,,,,,,10.0,0.2676638960838318,1.1741180419921875,287.38287353515625,0.8952672481536865,260.4549560546875,242.6864471435547,0.0,4.436142921447754,400.0,0.3062475621700287,0.348624999324481
20240603.0,,,,,,,,10.0,0.2676638960838318,1.1741180419921875,290.5127258300781,0.9746217131614684,264.068115234375,245.67202758789065,1.4838446378707886,3.1158370971679688,400.0,0.2085001915693283,0.330166667699814
20240605.0,,,,,,,,10.0,0.2676638960838318,1.1741180419921875,291.2595520019531,1.0288323163986206,265.6162414550781,243.5673217773437,0.0,4.3340044021606445,400.0,0.2716752886772156,0.305666663994392
20240606.0,,,,,,,,10.0,0.2676638960838318,1.1741180419921875,293.6844177246094,1.0564820766448977,266.2403564453125,249.73114013671875,0.0008523463038727,4.524054527282715,400.0,0.2079062759876251,0.286874998360872
20240608.0,,,,,,,,10.0,0.2676638960838318,1.1741180419921875,295.4136047363281,1.114438533782959,268.0956726074219,253.47450256347656,0.4136869311332702,4.254527568817139,400.0,0.1195786967873573,0.251791665951411
20240611.0,,,,,,,,10.0,0.2676638960838318,1.1741180419921875,294.4432067871094,1.1386747360229492,268.76153564453125,252.00778198242188,0.0017166137695312,4.469325542449951,400.0,0.1654346883296966,0.202541667968035
20240613.0,,,,,,,,10.0,0.2676638960838318,1.1741180419921875,297.1092224121094,1.1388368606567385,272.67889404296875,256.6349182128906,0.0034487887751311,4.567177772521973,400.0,0.1021214500069618,0.153958334277074
20240614.0,,,,,,,,10.0,0.2676638960838318,1.1741180419921875,297.143798828125,1.1384484767913818,272.0408935546875,253.57034301757807,1.0053457021713257,5.043606758117676,400.0,0.1275077611207962,0.1240833333383
20240616.0,,,,,,,,10.0,0.2676638960838318,1.1741180419921875,292.9225158691406,1.1376715898513794,272.200439453125,256.2880249023437,0.0017106533050537,4.976194858551025,400.0,0.1723965108394622,0.0851249992847443
20240619.0,,,,,,,,10.0,0.2676638960838318,1.1741180419921875,288.5946960449219,1.1365065574645996,266.7823486328125,251.5359039306641,0.0,3.581773519515991,400.0,0.2178086042404174,0.0665000006556511
20240621.0,,,,,,,,10.0,0.2676638960838318,1.1741180419921875,294.207275390625,1.1357300281524658,275.33868408203125,258.4003295898437,0.7164375185966492,3.3794524669647217,400.0,0.1115705147385597,0.0604166671012839
20240622.0,,,,,,,,10.0,0.2676638960838318,1.1741180419921875,295.92889404296875,1.1353623867034912,271.5507507324219,259.2107849121094,0.0033848178572952,3.63301157951355,400.0,0.0766636580228805,0.0575416665524244
20240624.0,,,,,,,,10.0,0.2676638960838318,1.1741180419921875,298.1114196777344,1.1348721981048584,274.86407470703125,259.9441833496094,0.0010230952175334,4.001859188079834,400.0,0.0595627427101135,0.050916666785876
20240627.0,,,,,,,,10.0,0.2676638960838318,1.1741180419921875,297.351318359375,1.1257826089859009,275.9366760253906,259.3454284667969,2.026615619659424,4.138280391693115,400.0,0.0573880672454834,0.033375000115484
20240629.0,,,,,,,,10.0,0.2676638960838318,1.1741180419921875,294.7547302246094,1.1176542043685913,278.8746032714844,263.2675170898437,0.0008583068847656,3.672569990158081,400.0,0.0892449021339416,0.0241666664757455
20240630.0,,,,,,,,10.0,0.2676638960838318,1.1741180419921875,298.0516052246094,1.113537311553955,276.3168640136719,263.15142822265625,0.0012910914374515,4.311296463012695,400.0,0.0610570535063743,0.0206250002374873
20240702.0,,,,,,,,10.0,0.2676638960838318,1.1741180419921875,293.8357849121094,1.1053202152252195,276.422607421875,260.1369934082031,0.0013826711801812,3.550992965698242,400.0,0.1299770325422287,0.0098260869676976
20240705.0,,,,,,,,10.0,0.2676638960838318,1.1741180419921875,294.3115234375,1.093036413192749,274.74713134765625,260.8162536621094,0.0017103344434872,3.29792594909668,400.0,0.1028028354048729,0.0029583333428793
20240707.0,,,,,,,,10.0,0.2676638960838318,1.1741180419921875,295.7886962890625,1.0848751068115234,281.5865478515625,265.839599609375,0.0,3.1502068042755127,400.0,0.0547543838620185,0.0006956521917701
20240708.0,,,,,,,,10.0,0.2676638960838318,1.1741180419921875,296.2946472167969,1.080785870552063,275.7457275390625,265.15313720703125,0.0008583068847656,3.465992212295532,400.0,0.050224132835865,0.0003333333491658
20240710.0,,,,,,,,10.0,0.2676638960838318,1.1741180419921875,298.7857666015625,1.072422742843628,281.3860168457031,268.4930114746094,0.0,3.326939582824707,400.0,0.0224669482558965,0.0
20240713.0,,,,,,,,10.0,0.2676638960838318,1.1741180419921875,300.2595520019531,1.0667929649353027,279.663818359375,263.68035888671875,1.1091876029968262,3.354982614517212,400.0,0.0283036679029464,0.0
20240715.0,,,,,,,,10.0,0.2676638960838318,1.1741180419921875,299.07769775390625,1.0647661685943604,284.158935546875,274.04461669921875,2.085710048675537,3.229867935180664,400.0,0.0137004880234599,0.0
20240716.0,,,,,,,,10.0,0.2676638960838318,1.1741180419921875,298.2030334472656,1.0638036727905271,277.1557006835937,262.56463623046875,0.0478226840496063,3.5112226009368896,400.0,0.044321347028017,0.0
20240718.0,,,,,,,,10.0,0.2676638960838318,1.1741180419921875,299.761474609375,1.0618796348571775,282.946533203125,270.52862548828125,1.1405136585235596,3.4754552841186523,400.0,0.0164037160575389,0.0
20240721.0,,,,,,,,10.0,0.2676638960838318,1.1741180419921875,299.57342529296875,1.0589958429336548,280.3812255859375,268.3878479003906,0.0164766293019056,3.672389507293701,400.0,0.0240318644791841,0.0
20240723.0,,,,,,,,10.0,0.2676638960838318,1.1741180419921875,299.8465881347656,1.057075023651123,286.28009033203125,271.5274658203125,0.2771997153759002,3.201709747314453,400.0,0.0155220124870538,0.0
20240724.0,,,,,,,,10.0,0.2676638960838318,1.1741180419921875,300.015380859375,1.0561137199401855,281.3533935546875,272.4000244140625,0.0008523463038727,3.205341100692749,400.0,0.0180194396525621,0.0
20240726.0,,,,,,,,10.0,0.2676638960838318,1.1741180419921875,299.3559265136719,1.0541751384735107,276.9439697265625,264.9703369140625,1.3502856492996216,3.351931571960449,400.0,0.0270233750343322,0.0
20240729.0,,,,,,,,10.0,0.2676638960838318,1.1741180419921875,296.8115539550781,1.0518434047698977,273.180908203125,253.6537475585937,0.0024592985864728,3.1673178672790527,400.0,0.1161618009209632,0.0147000000812113
20240731.0,,,,,,,,10.0,0.2676638960838318,1.1741180419921875,296.8668518066406,1.05043363571167,283.7781982421875,265.148681640625,0.0008523463038727,2.99965763092041,400.0,0.0523131601512432,0.0220000000748162
20240801.0,,,,,,,,10.0,0.2676638960838318,1.1741180419921875,297.76904296875,1.04973304271698,277.740966796875,263.92254638671875,0.002131228102371,2.661048412322998,400.0,0.0382364727556705,0.0259583332420637
20240803.0,,,,,,,,10.0,0.2676638960838318,1.1741180419921875,299.86431884765625,1.0483325719833374,282.77423095703125,265.197265625,0.001961664063856,2.746269702911377,400.0,0.0289668031036853,0.0264999999199063
20240806.0,,,,,,,,10.0,0.2676638960838318,1.1741180419921875,300.6184997558594,1.046233296394348,277.976806640625,262.5290832519531,0.045696947723627,3.243720293045044,400.0,0.0327102020382881,0.0111249999996896
20240808.0,,,,,,,,10.0,0.2676638960838318,1.1741180419921875,298.4562072753906,1.0448343753814695,283.633056640625,271.06231689453125,0.0,3.08128309249878,400.0,0.0190474092960357,0.0017916666790066
20240809.0,,,,,,,,10.0,0.2676638960838318,1.1741180419921875,298.34307861328125,1.044161319732666,285.2120361328125,270.2075500488281,0.1041725650429725,2.8723363876342773,400.0,0.0224227644503116,0.0001363636428405
20240811.0,,,,,,,,10.0,0.2676638960838318,1.1741180419921875,298.07373046875,1.0431272983551023,281.59539794921875,266.73175048828125,0.001149317366071,2.5709762573242188,400.0,0.0284946467727422,0.0
20240814.0,,,,,,,,10.0,0.2676638960838318,1.1741180419921875,294.6895446777344,1.0309562683105469,264.0313720703125,245.2972412109375,0.2864086627960205,3.150520801544189,400.0,0.1943592876195907,0.0017000000400003
20240816.0,,,,,,,,10.0,0.2676638960838318,1.1741180419921875,295.5251159667969,1.0202255249023438,277.301025390625,259.50567626953125,0.0008583068847656,2.8936514854431152,400.0,0.0933771580457687,0.0129565218382556
20240817.0,,,,,,,,10.0,0.2676638960838318,1.1741180419921875,295.5826721191406,1.0147981643676758,274.95611572265625,258.83355712890625,2.061527729034424,3.052130699157715,400.0,0.0730654820799827,0.0148333333199844
20240822.0,,,,,,,,10.0,0.2676638960838318,1.1741180419921875,294.569091796875,0.987816333770752,270.5869140625,248.94564819335932,2.9402496814727783,3.4333503246307373,400.0,0.1676390171051025,0.163833334421118
20240824.0,,,,,,,,10.0,0.2676638960838318,1.1741180419921875,295.9566345214844,0.9770960807800292,270.58465576171875,255.5231475830078,0.0,3.616356134414673,400.0,0.1145656257867813,0.147041666011016
20240825.0,,,,,,,,10.0,0.2676638960838318,1.1741180419921875,293.15948486328125,0.971748113632202,270.297607421875,254.42221069335932,1.1064410209655762,3.2974321842193604,400.0,0.159135490655899,0.136250000447035
20240827.0,,,,,,,,10.0,0.2676638960838318,1.1741180419921875,291.4911499023437,0.9610416293144226,273.701904296875,256.4631042480469,0.0,2.212461233139038,400.0,0.1186656579375267,0.120333333189289
20240830.0,,,,,,,,10.0,0.2676638960838318,1.1741180419921875,291.34442138671875,0.9464725255966188,271.9882507324219,255.480697631836,0.0,1.9023467302322388,400.0,0.0944590866565704,0.104041666723788
20240901.0,,,,,,,,10.0,0.2676638960838318,1.1741180419921875,294.287109375,0.9371557235717772,275.814697265625,263.52362060546875,0.0008523463620804,1.8289008140563965,400.0,0.0516778416931629,0.095624999764065
20240902.0,,,,,,,,10.0,0.2676638960838318,1.1741180419921875,295.3333740234375,0.9325196743011476,272.9368896484375,260.4257202148437,0.2015195786952972,2.0281007289886475,400.0,0.0574389770627021,0.0911666673297683
20240904.0,,,,,,,,10.0,0.2676638960838318,1.1741180419921875,294.04833984375,0.9232717156410216,274.2229309082031,259.6151428222656,0.0813649147748947,2.278526306152344,400.0,0.0900328680872917,0.0835416667784254
20240907.0,,,,,,,,10.0,0.2676638960838318,1.1741180419921875,294.76934814453125,0.9094600677490234,276.226318359375,261.42193603515625,0.0010559021029621,1.8070358037948608,400.0,0.057901032269001,0.0702916675557693
20240909.0,,,,,,,,10.0,0.2676638960838318,1.1741180419921875,295.10418701171875,0.9002923965454102,276.97125244140625,263.65386962890625,1.5318403244018557,2.116328239440918,400.0,0.0559514760971069,0.0643333339442809
20240910.0,,,,,,,,10.0,0.2676638960838318,1.1741180419921875,294.7973937988281,0.8957514762878418,274.9430236816406,262.6335754394531,0.0827520787715911,2.2787907123565674,400.0,0.0708268582820892,0.0606249999254942
20240912.0,,,,,,,,10.0,0.2676638960838318,1.1741180419921875,291.4193725585937,0.8870626091957092,270.2933959960937,261.7157897949219,2.290504217147827,3.078684091567993,400.0,0.1321344226598739,0.0492083330949148
20240915.0,,,,,,,,10.0,0.2676638960838318,1.1741180419921875,291.5987548828125,0.8615735769271851,272.0399780273437,257.8131408691406,0.0038033435121178,1.9380662441253664,400.0,0.0904153138399124,0.0397083334003886
20240917.0,,,,,,,,10.0,0.2676638960838318,1.1741180419921875,288.65509033203125,0.8416208028793335,253.57632446289065,234.66775512695312,8.272584915161133,2.706384897232056,400.0,0.164457231760025,0.0503333335121473
20240920.0,,,,,,,,10.0,0.2676638960838318,1.1741180419921875,288.5166931152344,0.8117202520370483,263.25958251953125,242.55015563964844,0.0,1.7553064823150637,400.0,0.1656336486339569,0.144750000288089
20240925.0,,,,,,,,10.0,0.2676638960838318,1.1741180419921875,290.8631896972656,0.7626940608024597,272.6330871582031,257.9716796875,0.0,1.494992971420288,400.0,0.0692071467638015,0.116249999652306
20240926.0,,,,,,,,10.0,0.2676638960838318,1.1741180419921875,291.9765014648437,0.7529956698417664,270.3915405273437,257.15460205078125,0.0,1.5918428897857666,400.0,0.0621884651482105,0.111958332670232
20240928.0,,,,,,,,10.0,0.2676638960838318,1.1741180419921875,291.9249267578125,0.7335506677627563,270.7012939453125,256.6573791503906,0.0,1.4403584003448486,400.0,0.0557312257587909,0.102291666902602
20241001.0,,,,,,,,10.0,0.2676638960838318,1.1741180419921875,287.7575988769531,0.7104239463806152,268.8732604980469,255.42828369140625,0.0,1.5158768892288208,400.0,0.0821486115455627,0.0873333333681027
20241003.0,,,,,,,,10.0,0.2676638960838318,1.1741180419921875,289.1108093261719,0.6965656280517578,273.8711853027344,260.3099975585937,0.0021600620821118,1.2980538606643677,400.0,0.0515782944858074,0.0815416667610407
20241004.0,,,,,,,,10.0,0.2676638960838318,1.1741180419921875,289.561279296875,0.6897104978561401,268.989990234375,254.90005493164065,0.000435113790445,1.1951695680618286,400.0,0.0524276979267597,0.0792083333556851
20241006.0,,,,,,,,10.0,0.2676638960838318,1.1741180419921875,288.9183654785156,0.6760647296905518,272.392333984375,255.0811462402344,0.0008583068847656,1.1883867979049685,400.0,0.0677438080310821,0.0736250001937151
20241009.0,,,,,,,,10.0,0.2676638960838318,1.1741180419921875,289.91900634765625,0.6557568311691284,270.310546875,253.64572143554688,0.0,1.0763306617736816,400.0,0.0523186214268207,0.0669166672353943
20241011.0,,,,,,,,10.0,0.2676638960838318,1.1741180419921875,290.74859619140625,0.6423254609107971,276.11309814453125,261.1820983886719,0.0,1.250048041343689,400.0,0.04506117105484,0.0619583334773779
20241012.0,,,,,,,,10.0,0.2676638960838318,1.1741180419921875,289.49957275390625,0.6356870532035828,270.2677001953125,255.28646850585932,0.0,1.1673725843429563,400.0,0.0541834607720375,0.0583750001775722
20241014.0,,,,,,,,10.0,0.2676638960838318,1.1741180419921875,289.15087890625,0.6230124831199646,272.79278564453125,259.6192626953125,0.0012966202339157,1.0478960275650024,400.0,0.0377496741712093,0.0509999998224278
20241017.0,,,,,,,,10.0,0.2676638960838318,1.1741180419921875,287.0617370605469,0.5859989523887634,247.80587768554688,227.4671936035156,6.617323398590088,1.889408588409424,400.0,0.1633219420909881,0.0682500001663963
20241019.0,,,,,,,,10.0,0.2676638960838318,1.1741180419921875,281.1473999023437,0.5572395324707031,251.82537841796875,229.391845703125,0.0017229914665222,1.3626173734664917,400.0,0.2690719366073608,0.17258333414793
20241020.0,,,,,,,,10.0,0.2676638960838318,1.1741180419921875,282.1649475097656,0.5428894758224487,250.7085418701172,230.6338653564453,0.0017166137695312,0.9693841338157654,400.0,0.2411146610975265,0.169416666651765
20241022.0,,,,,,,,10.0,0.2676638960838318,1.1741180419921875,283.562255859375,0.5145136117935181,256.32989501953125,234.3575439453125,0.0008523463620804,0.8613278269767761,400.0,0.1657759100198745,0.163125001514951
20241025.0,,,,,,,,10.0,0.2676638960838318,1.1741180419921875,280.41339111328125,0.4727599024772644,255.1778259277344,238.8038024902344,0.0017225088085979,0.9592584371566772,400.0,0.1713308095932006,0.143291667724649
20241027.0,,,,,,,,10.0,0.2676638960838318,1.1741180419921875,282.7275695800781,0.4454641938209533,263.4156494140625,243.6420288085937,0.0,0.7071253657341003,400.0,0.0874514952301979,0.142750001822909
20241028.0,,,,,,,,10.0,0.2676638960838318,1.1741180419921875,283.04034423828125,0.4320165812969208,255.03616333007807,241.6211853027344,0.0050579528324306,0.7592028975486755,400.0,0.1437518149614334,0.138208334023754
20241102.0,,,,,,,,10.0,0.2676638960838318,1.1741180419921875,277.2344970703125,0.3525494635105133,253.0919189453125,231.61993408203125,0.5373597145080566,0.64202880859375,400.0,0.2187792062759399,0.137374997759859
20241110.0,,,,,,,,10.0,0.2676638960838318,1.1741180419921875,274.4737243652344,0.2051701545715332,250.0453338623047,235.02198791503903,0.0008523463038727,0.5053127408027649,400.0,0.2135861217975616,0.127041667078932
20250203.0,,,,,,,,10.0,0.2676638960838318,1.1741180419921875,273.4261474609375,0.0,245.19873046875,223.4979553222656,0.0027500221040099,0.1196814775466919,400.0,0.2158354967832565,0.212208331252138
20250224.0,,,,,,,,10.0,0.2676638960838318,1.1741180419921875,273.96844482421875,0.0,243.18911743164065,228.0670166015625,2.267181873321533,0.0975035950541496,400.0,0.2432550638914108,0.229958337421219
20250313.0,,,,,,,,10.0,0.2676638960838318,1.1741180419921875,275.1322021484375,0.0009359018877148,238.21202087402344,217.0706787109375,4.141183376312256,0.8144330382347107,400.0,0.2728418409824371,0.243291667973002
20250326.0,,,,,,,,10.0,0.2676638960838318,1.1741180419921875,277.3590087890625,0.0957074388861656,241.4276885986328,223.4016265869141,0.0008523463038727,1.8925449848175049,400.0,0.3066805005073547,0.262789470584769
20250328.0,,,,,,,,10.0,0.2676638960838318,1.1741180419921875,280.2047424316406,0.1096187233924865,249.4122009277344,228.2461853027344,1.6885154247283936,1.4370125532150269,400.0,0.2469253242015838,0.284000004592695
20250329.0,,,,,,,,10.0,0.2676638960838318,1.1741180419921875,276.475830078125,0.1166460961103439,241.82241821289065,223.46974182128903,5.591680526733398,1.393396019935608,400.0,0.2272473871707916,0.279894736252333
