date,era5_land_sm,esa_cci_sm,smap_ib_sm,smap_dca_sm,smap_scav_sm,smos_ic_sm,smos_l3_sm,mcd12c1_IGBP_land_cover,soilgrid_clay_fraction,soilgrid_bulk_density,era5_surface_temperature,vwc_mod13_sf_land,smap_tb_v_corrected,smap_tb_h_corrected,era5_prep,era5_evap,koppen_climate_5_types,pgml_sm,insitu_sm
20190503.0,0.1854850500822067,0.1515739858150482,,,,0.0595631003379821,0.0750144943594932,,,,,,,,,,,,
20190504.0,0.1995597928762436,0.253161758184433,,,,,,,,,,,,,,,,,
20190505.0,0.194840133190155,0.2139971852302551,0.1663200557231903,0.1606507003307342,0.1773269921541214,,,12.0,0.182707279920578,1.4386521577835083,307.5380554199219,0.7284635901451111,272.48974609375,243.86471557617188,0.3895083963871002,2.334505558013916,100.0,0.1262532472610473,0.13979166559875
20190506.0,0.1827112436294555,0.1750782132148742,,,,0.0551931522786617,0.076998196542263,,,,,,,,,,,,
20190507.0,0.235827088356018,0.1713695377111435,,,,,,,,,,,,,,,,,
20190508.0,0.2913008034229278,0.2300890684127807,0.2140109241008758,0.2114241123199463,0.2570821344852447,0.186979740858078,0.2044434994459152,12.0,0.182707279920578,1.4386521577835083,303.995361328125,0.7690384387969971,260.8787536621094,223.57504272460932,0.0096506541594862,2.753730297088623,100.0,0.1499308794736862,0.142000000114026
20190509.0,0.2519567608833313,0.2120594978332519,,,,,,,,,,,,,,,,,
20190510.0,0.2196176499128341,0.1820987164974212,0.1039401292800903,0.105882853269577,0.1198902875185012,,,12.0,0.182707279920578,1.4386521577835083,306.2218322753906,0.7999080419540405,282.9339294433594,257.615234375,0.1672726571559906,2.70670747756958,100.0,0.106450617313385,0.123083333174388
20190511.0,0.1969932168722152,0.1781125217676162,,,,0.0547334551811218,0.0710776075720787,,,,,,,,,,,,
20190512.0,0.183196485042572,0.2062771618366241,,,,,,,,,,,,,,,,,
20190513.0,0.1752699464559555,0.1660168021917343,0.0882354751229286,0.0874252840876579,0.0990752279758453,0.0535925514996051,0.0651875361800193,12.0,0.182707279920578,1.4386521577835083,306.4095458984375,0.8520610332489014,285.7681884765625,260.7244873046875,0.8062366247177124,1.6746138334274292,100.0,0.1065192446112632,0.117875000151495
20190514.0,0.1696460992097854,0.1688626408576965,,,,,,,,,,,,,,,,,
20190515.0,0.1688482910394668,0.1715311110019683,,,,,,,,,,,,,,,,,
20190516.0,0.1976065039634704,0.236661896109581,0.2373744547367096,0.2162086814641952,0.2528631389141083,0.1527224034070968,0.156163215637207,12.0,0.182707279920578,1.4386521577835083,304.7784118652344,0.9043984413146972,261.19390869140625,226.4842834472656,5.264501571655273,1.8978207111358645,100.0,0.1474055349826812,0.118909091434696
20190517.0,0.2333357632160186,0.2035817354917526,,,,,,,,,,,,,,,,,
20190518.0,0.2080385237932205,0.2003978937864303,0.2011974453926086,0.2018147557973861,0.2356170713901519,,0.1557054370641708,12.0,0.182707279920578,1.4386521577835083,306.2137451171875,0.9395497441291808,264.015869140625,229.58973693847656,0.5076971054077148,2.338753223419189,100.0,0.1449581086635589,0.135999999940395
20190519.0,0.2125020325183868,0.1957013010978698,,,,,0.0641193911433219,,,,,,,,,,,,
20190520.0,0.2634569704532623,0.1920152157545089,,,,,,,,,,,,,,,,,
20190521.0,0.2864547967910766,0.2061884552240371,0.1328636407852172,0.1866069734096527,0.1994592845439911,0.1634464263916015,0.2083193510770797,12.0,0.182707279920578,1.4386521577835083,304.81597900390625,0.9926663637161256,269.7547607421875,243.04205322265625,0.8770872950553894,3.2456259727478027,100.0,0.1458043307065963,0.134409091012044
20190522.0,0.2554643452167511,0.1915021538734436,,,,,,,,,,,,,,,,,
20190523.0,0.2314379513263702,0.188997596502304,,,,,,,,,,,,,,,,,
20190524.0,0.2454357594251632,0.1718961894512176,0.0783215761184692,0.0883680656552314,0.1049799546599388,,0.0674764215946197,12.0,0.182707279920578,1.4386521577835083,305.95330810546875,1.0465813875198364,286.01446533203125,265.3567199707031,15.81191062927246,2.6363980770111084,100.0,0.1091492176055908,0.117625000576178
20190525.0,0.3439052104949951,0.2205701768398285,,,,,,,,,,,,,,,,,
20190526.0,0.3082625567913055,0.2509211301803589,0.2683765292167663,,,0.2637234032154083,0.2467116266489029,,,,,,,,,,,,
20190527.0,0.2788551449775696,0.210341602563858,,,,,,,,,,,,,,,,,
20190528.0,0.2562358379364013,0.1937411874532699,,,,,,,,,,,,,,,,,
20190529.0,0.2277007400989532,0.2022122889757156,0.1889451742172241,0.2139266431331634,0.2292451411485672,0.1949982196092605,0.2681051194667816,12.0,0.182707279920578,1.4386521577835083,305.30035400390625,1.1201510429382324,266.3222045898437,238.265853881836,1.3949947357177734,3.0769529342651367,100.0,0.1599076986312866,0.146380952426365
20190530.0,0.2196735292673111,0.1959301531314849,,,,,,,,,,,,,,,,,
20190531.0,0.2049070298671722,0.1827426701784134,,,,0.0843641236424446,0.105929747223854,,,,,,,,,,,,
20190601.0,0.2446938604116439,0.1790676563978195,0.3315092325210571,0.3018142282962799,0.3483493030071258,,,12.0,0.182707279920578,1.4386521577835083,300.3277893066406,1.1624294519424438,249.33058166503903,216.44406127929688,5.1707763671875,2.163900375366211,100.0,0.2205748558044433,0.160045455125245
20190602.0,0.2454905956983566,0.2669055163860321,,,,,,,,,,,,,,,,,
20190603.0,0.2307059019804,0.2416595220565796,0.2294840514659881,0.2315346449613571,0.2627529799938202,0.1989056766033172,0.219397559762001,12.0,0.182707279920578,1.4386521577835083,303.5263671875,1.190770149230957,259.708251953125,228.0155029296875,0.1675211787223816,2.3951895236968994,100.0,0.1778301298618316,0.140291667232911
20190604.0,0.2129302769899368,0.2284224927425384,,,,,,,,,,,,,,,,,
20190605.0,0.1970449090003967,0.2048293650150299,,,,,0.0790734589099884,,,,,,,,,,,,
20190606.0,0.1829185634851455,0.1831870824098587,0.1144818812608718,0.1209202036261558,0.1370486766099929,,0.0519730225205421,12.0,0.182707279920578,1.4386521577835083,305.1875915527344,1.2335150241851809,279.2695007324219,255.63766479492188,0.5192646980285645,1.7738608121871948,100.0,0.1341858506202697,0.1187083326901
20190607.0,0.183161586523056,0.2038542777299881,,,,,,,,,,,,,,,,,
20190608.0,0.1825067698955536,0.2547892332077026,,,,0.320476084947586,0.3456831574440002,,,,,,,,,,,,
20190609.0,0.1854481399059295,0.2383207827806472,0.2416776865720749,0.2383591681718826,0.2721254825592041,,,12.0,0.182707279920578,1.4386521577835083,303.6136474609375,1.277790665626526,258.2581481933594,226.63607788085932,5.360835075378418,1.5711188316345217,100.0,0.1918926984071731,0.157999999497248
20190610.0,0.2611202895641327,0.2513082027435303,,,,,,,,,,,,,,,,,
20190611.0,0.2644448578357696,0.2653979957103729,,,,,0.2667622864246368,,,,,,,,,,,,
20190612.0,0.2431829571723938,0.2324668765068054,,,,,,,,,,,,,,,,,
20190613.0,0.2216873914003372,0.2256139814853668,,,,0.1805823892354965,0.1733146160840988,,,,,,,,,,,,
20190614.0,0.2211320549249649,0.2200690656900406,0.1997854858636856,0.1924327760934829,0.2123323231935501,,,12.0,0.182707279920578,1.4386521577835083,304.07470703125,1.2871570587158203,267.7143859863281,239.71597290039065,4.821224212646484,2.348331451416016,100.0,0.170186847448349,0.140695654179739
20190615.0,0.2463428825139999,0.2489255368709564,,,,,,,,,,,,,,,,,
20190616.0,0.2271514385938644,0.2233701646327972,,,,0.1890369951725006,0.2161931246519088,,,,,,,,,,,,
20190617.0,0.2059042602777481,0.2294507175683975,0.2877593338489532,0.3074198961257934,0.3546545505523681,,,12.0,0.182707279920578,1.4386521577835083,304.751953125,1.2843186855316162,249.20101928710932,217.4378662109375,0.0086240973323583,2.110966920852661,100.0,0.2215486019849777,0.138000001509984
20190618.0,0.1892587542533874,0.2304277420043945,,,,0.1555235087871551,0.2308114916086197,,,,,,,,,,,,
20190619.0,0.1786584109067917,0.199114590883255,0.1482923924922943,0.1410114616155624,0.157094120979309,,,12.0,0.182707279920578,1.4386521577835083,306.2640991210937,1.2824270725250244,277.1591186523437,256.61334228515625,0.5367411375045776,1.791588544845581,100.0,0.1409032940864563,0.124916669602195
20190723.0,0.4140067100524902,0.2698685824871063,,,,,,,,,,,,,,,,,
20190724.0,0.4254518747329712,0.2873327434062958,0.2922843992710113,0.2953143119812011,0.3514364659786224,0.2366182953119278,0.3369243443012237,12.0,0.182707279920578,1.4386521577835083,299.3442077636719,1.874440670013428,249.51467895507807,218.43121337890625,13.728124618530272,3.4469199180603027,100.0,0.2512080669403076,0.269541668395201
20190725.0,0.4136741757392883,0.2765358984470367,,,,,,,,,,,,,,,,,
20190726.0,0.4198523759841919,0.2637785077095032,,,,,,,,,,,,,,,,,
20190727.0,0.4146897196769714,0.2758898437023163,0.3125242888927459,0.2978123724460602,0.3658789694309234,0.2695040702819824,0.312082290649414,12.0,0.182707279920578,1.4386521577835083,300.09783935546875,1.9768579006195068,248.47164916992188,216.1759033203125,4.937865257263184,3.740481376647949,100.0,0.2568548321723938,0.253125000124176
20190728.0,0.4167593419551849,0.2683893144130707,,,,,,,,,,,,,,,,,
20190729.0,0.4227260649204254,0.2501269876956939,0.2566837072372436,0.249138742685318,0.282803326845169,,0.1821039468050003,12.0,0.182707279920578,1.4386521577835083,298.8886108398437,2.020793914794922,258.7408447265625,230.11610412597656,11.172097206115724,3.066840887069702,100.0,0.2278664112091064,0.242249997705221
20190730.0,0.4213188290596008,0.2999796569347381,,,,,,,,,,,,,,,,,
20190731.0,0.4129434823989868,0.2801316380500793,,,,,,,,,,,,,,,,,
20190801.0,0.4020588099956512,0.2623844146728515,0.2927035987377167,0.2887938916683197,0.3451947271823883,0.2505731880664825,0.299356073141098,12.0,0.182707279920578,1.4386521577835083,300.2335205078125,2.049373149871826,251.4207763671875,220.40704345703125,3.4426987171173096,3.8767905235290527,100.0,0.2467017173767089,0.241583331798514
20190802.0,0.3934417963027954,0.2765429317951202,,,,,,,,,,,,,,,,,
20190803.0,0.3703162372112274,0.2962320148944855,,,,,,,,,,,,,,,,,
20190804.0,0.3552788496017456,0.27496537566185,0.2934900820255279,0.2941796779632568,0.3665065765380859,,0.1965392082929611,12.0,0.182707279920578,1.4386521577835083,299.9871826171875,2.080003023147583,248.8544921875,216.3555603027344,1.4616204500198364,3.918650627136232,100.0,0.2564604878425598,0.24824999893705
20190805.0,0.3425300717353821,0.264701247215271,,,,,,,,,,,,,,,,,
20190806.0,0.342739075422287,0.258527547121048,0.2615891993045807,0.2498776912689209,0.2916093170642853,0.2023029327392578,0.2635273337364197,12.0,0.182707279920578,1.4386521577835083,299.7025146484375,2.1004862785339355,257.6383361816406,227.9369659423828,1.6923288106918335,3.3632559776306152,100.0,0.2307997047901153,0.232416666423281
20190807.0,0.333817183971405,0.2502893507480621,,,,,,,,,,,,,,,,,
20190808.0,0.3663177192211151,0.2529606223106384,,,,,,,,,,,,,,,,,
20190809.0,0.4087043404579162,0.2380661368370056,0.2004847228527069,0.2108285725116729,0.2415105402469635,0.1764407604932785,0.1721854358911514,12.0,0.182707279920578,1.4386521577835083,298.8036193847656,2.1313061714172363,263.7154846191406,235.6767120361328,6.880032539367676,3.227637767791748,100.0,0.2133605033159256,0.23366666585207
20190810.0,0.3767189681529999,0.2423162311315536,,,,,,,,,,,,,,,,,
20190811.0,0.3505700230598449,0.2388187795877456,,,,0.1439219415187835,0.2109439373016357,,,,,,,,,,,,
20190812.0,0.3362409472465515,0.2203214019536972,0.1484511643648147,0.1562389582395553,0.1781896650791168,,,12.0,0.182707279920578,1.4386521577835083,300.48419189453125,2.1619749069213867,272.53619384765625,247.4435577392578,2.2248449325561523,3.9191179275512695,100.0,0.1702354699373245,0.211208334192634
20190813.0,0.3279996812343597,0.2179979383945465,,,,,,,,,,,,,,,,,
20190814.0,0.3090992867946625,0.2095446139574051,0.125482752919197,0.1412790864706039,0.1627431511878967,0.0994538590312004,0.1201513707637786,12.0,0.182707279920578,1.4386521577835083,300.3313903808594,2.18591856956482,275.39727783203125,258.0762634277344,0.7879687547683716,3.641291856765747,100.0,0.1477669328451156,0.198333332935969
20190815.0,0.2969215214252472,0.2148553431034088,,,,,,,,,,,,,,,,,
20190816.0,0.300410509109497,0.2099251747131347,,,,,0.1176488548517227,,,,,,,,,,,,
20190817.0,0.3868071436882019,0.2201118320226669,0.2117923200130462,0.1886854022741317,0.2081698775291443,,,12.0,0.182707279920578,1.4386521577835083,299.4079284667969,2.227139472961426,268.93084716796875,245.7528686523437,7.555930137634277,3.161792993545532,100.0,0.1917826235294342,0.18733333175381
20190818.0,0.3693141639232635,0.2175019085407257,,,,,,,,,,,,,,,,,
20190819.0,0.3611326515674591,0.207414448261261,,,,0.0908096879720687,0.1132236719131469,,,,,,,,,,,,
20190820.0,0.3849132359027862,0.203039601445198,0.1361578702926635,0.1189273223280906,0.1411344408988952,,,12.0,0.182707279920578,1.4386521577835083,298.37994384765625,2.268291473388672,277.395751953125,258.5487670898437,11.323829650878906,2.759525775909424,100.0,0.1565331369638443,0.176750000566244
20190821.0,0.3844344019889831,0.2058526575565338,,,,,0.0992156714200973,,,,,,,,,,,,
20190822.0,0.3783046305179596,0.1955075711011886,0.1126757934689521,0.0953010767698288,0.1168023720383644,,0.0337229520082473,12.0,0.182707279920578,1.4386521577835083,299.37762451171875,2.295835494995117,280.8926086425781,262.22479248046875,9.66337776184082,3.1273529529571533,100.0,0.1422493606805801,0.171583338330189
20190824.0,0.4480579197406769,0.281491607427597,,,,0.223264455795288,0.2567522227764129,,,,,,,,,,,,
20190825.0,0.4332055151462555,0.271592229604721,0.2396351099014282,0.2370903342962265,0.2849594354629516,,,12.0,0.182707279920578,1.4386521577835083,298.9440612792969,2.337315559387207,258.0797119140625,227.79104614257807,5.268521785736084,4.194033622741699,100.0,0.2320291101932525,0.185541664560636
20190826.0,0.4176624715328216,0.2480578273534774,,,,,,,,,,,,,,,,,
20190827.0,0.4125212728977203,0.2330234199762344,,,,0.1106658428907394,0.1226844117045402,,,,,,,,,,,,
20190828.0,0.4173367917537689,0.2107090502977371,0.1491012126207351,0.1470561921596527,0.1680109649896621,,,12.0,0.182707279920578,1.4386521577835083,298.61279296875,2.379366397857666,274.0189819335937,252.54769897460932,12.174379348754885,3.0228264331817627,100.0,0.1759489476680755,0.168541665499409
20190829.0,0.4224106073379516,0.2350196689367294,,,,0.081396147608757,0.1106906309723854,,,,,,,,,,,,
20190831.0,0.4138771891593933,0.2838036119937897,,,,,,,,,,,,,,,,,
20190901.0,0.4201288223266601,0.2687627673149109,,,,0.1242809295654296,0.1625721007585525,,,,,,,,,,,,
20190902.0,0.4255434572696686,0.2766871452331543,0.2487028092145919,0.2686851024627685,0.3180209398269653,,,12.0,0.182707279920578,1.4386521577835083,299.3417053222656,2.430437088012696,255.23779296875,226.16424560546875,5.651169776916504,3.2688748836517334,100.0,0.2458217144012451,0.207333333790302
20190903.0,0.4260430634021759,0.2686566710472107,,,,,0.219214454293251,,,,,,,,,,,,
20190904.0,0.4173771142959595,0.258785605430603,,,,,,,,,,,,,,,,,
20190905.0,0.4371223151683807,0.2785762846469879,0.2532758414745331,0.2624584436416626,0.3338092565536499,,,12.0,0.182707279920578,1.4386521577835083,299.0442810058594,2.458671808242798,254.6334228515625,222.1121826171875,13.502339363098145,3.3376598358154297,100.0,0.2476697266101837,0.214333333695928
20190906.0,0.4194578826427459,0.2700197696685791,,,,0.2175159752368927,0.251716673374176,,,,,,,,,,,,
20190907.0,0.4347792267799377,0.2719450891017914,0.2641061544418335,0.2715038657188415,0.3379434049129486,,,12.0,0.182707279920578,1.4386521577835083,299.32879638671875,2.47754430770874,253.75265502929688,222.3474273681641,11.845170974731444,3.23786735534668,100.0,0.2507852613925934,0.217083334922791
20190908.0,0.4294448494911194,0.2747649848461151,,,,,0.1344950646162033,,,,,,,,,,,,
20190909.0,0.425851970911026,0.2914976775646209,,,,,0.1484420299530029,,,,,,,,,,,,
20190910.0,0.4310238063335418,0.3093170523643493,0.3274083435535431,0.3429781794548034,0.4238945245742798,,,12.0,0.182707279920578,1.4386521577835083,298.1021728515625,2.505926609039306,241.4049072265625,208.47592163085932,9.32810115814209,2.379283905029297,100.0,0.2838242948055267,0.258333332836628
20190911.0,0.4012547731399536,0.2888387739658355,,,,0.3113986551761627,0.3310953080654144,,,,,,,,,,,,
20190912.0,0.4292505085468292,0.2696861028671264,,,,,,,,,,,,,,,,,
20190913.0,0.4272052943706512,0.2991829216480255,0.3070653975009918,0.3065193295478821,0.4043912887573242,,,12.0,0.182707279920578,1.4386521577835083,299.3944702148437,2.53483510017395,246.3020477294922,213.03347778320312,3.1859498023986816,3.5567619800567627,100.0,0.2768954634666443,0.251666670665145
20190914.0,0.4319343566894531,0.2942789494991302,,,,0.2667657732963562,0.2760704457759857,,,,,,,,,,,,
20190915.0,0.4116345345973968,0.2838808298110962,0.274676501750946,0.2707822322845459,0.3575696945190429,,,12.0,0.182707279920578,1.4386521577835083,299.59429931640625,2.548499584197998,251.7030792236328,217.4058074951172,3.3633742332458496,3.3364224433898926,100.0,0.2630578875541687,0.230083335191011
20190916.0,0.4077759981155395,0.2796255946159363,,,,0.2183851599693298,0.2671285271644592,,,,,,,,,,,,
20190917.0,0.4180604219436645,0.2547545135021209,,,,,,,,,,,,,,,,,
20190918.0,0.4256039559841156,0.3016896843910217,0.3189932405948639,0.334183394908905,0.4069549441337585,,,12.0,0.182707279920578,1.4386521577835083,299.4524230957031,2.560535430908203,246.87503051757807,217.18331909179688,6.79792594909668,3.1609930992126465,100.0,0.2732300758361816,0.248791666701436
20190919.0,0.4302548766136169,0.2903120517730713,,,,0.2884199619293213,0.3632923364639282,,,,,,,,,,,,
20190920.0,0.4121168851852417,0.2789052128791809,,,,,,,,,,,,,,,,,
20190921.0,0.4222297668457031,0.2882335782051086,0.2938727140426636,0.2711073458194732,0.3612426221370697,,0.377971738576889,12.0,0.182707279920578,1.4386521577835083,301.0447998046875,2.573025703430176,251.1245574951172,216.83236694335932,3.1161913871765137,4.310150623321533,100.0,0.2502465844154358,0.252916663264235
20190922.0,0.40552419424057,0.2785962224006653,,,,,,,,,,,,,,,,,
20190923.0,0.3917438089847564,0.3024884462356567,0.3412624001502991,0.3519924581050873,0.4238945245742798,,,12.0,0.182707279920578,1.4386521577835083,300.9575500488281,2.581362009048462,243.2959442138672,212.3740997314453,2.849609375,4.302915096282959,100.0,0.2752971649169922,0.259904767785753
20190924.0,0.3943038284778595,0.2801311016082763,,,,0.2658691108226776,0.3208105862140655,,,,,,,,,,,,
20190925.0,0.377162754535675,0.2820423245429992,,,,,,,,,,,,,,,,,
20190926.0,0.3951497972011566,0.2860075533390045,0.3285545110702514,0.2894980609416961,0.3814564943313598,,0.1977294236421585,12.0,0.182707279920578,1.4386521577835083,301.30596923828125,2.593880653381348,250.20266723632807,216.82595825195312,0.343558520078659,4.661351680755615,100.0,0.2547938227653503,0.254958332205812
20190927.0,0.389952689409256,0.292049765586853,,,,,0.1665089875459671,,,,,,,,,,,,
20190928.0,0.4135403037071228,0.2708677947521209,,,,,,,,,,,,,,,,,
20190929.0,0.3958354294300079,0.2700972855091095,0.2719599604606628,0.2363568991422653,0.3021994829177856,0.2248236984014511,0.2542191743850708,12.0,0.182707279920578,1.4386521577835083,300.355224609375,2.607143878936768,257.9464111328125,224.8228759765625,0.3922415971755981,4.118578910827637,100.0,0.2310690879821777,0.229874996468425
20190930.0,0.3887845277786255,0.2636271715164184,,,,,,,,,,,,,,,,,
20191001.0,0.4118198752403259,0.2766819298267364,0.2815390229225158,0.2788278460502624,0.336085557937622,,,12.0,0.182707279920578,1.4386521577835083,298.8544311523437,2.6065852642059326,255.01058959960932,225.11538696289065,20.661895751953125,2.330884456634521,100.0,0.2591622769832611,0.205375001455347
20191002.0,0.4184454381465912,0.2825637757778168,,,,0.2131247222423553,0.2288888245820999,,,,,,,,,,,,
20191003.0,0.4201426804065704,0.2764394879341125,,,,,,,,,,,,,,,,,
20191004.0,0.4216399192810058,0.281187355518341,0.2647405862808227,0.2713129818439483,0.3205021023750305,0.2056155055761337,0.2398754805326461,12.0,0.182707279920578,1.4386521577835083,300.9677429199219,2.5916507244110107,255.97344970703125,226.93179321289065,6.851945400238037,4.126616954803467,100.0,0.2344526499509811,0.2000833346198
20191005.0,0.4253937304019928,0.2742565274238586,,,,,,,,,,,,,,,,,
20191006.0,0.4215014278888702,0.2755121290683746,,,,,,,,,,,,,,,,,
20191007.0,0.4115985035896301,0.2781740427017212,0.2580396234989166,0.230168342590332,0.2843744456768036,0.2124351114034652,0.2555009722709656,12.0,0.182707279920578,1.4386521577835083,300.4340209960937,2.577465295791626,259.1737060546875,227.49269104003903,17.693622589111328,4.370358467102051,100.0,0.2190549075603485,0.186499999836087
20191008.0,0.4308387041091919,0.3144533634185791,,,,,,,,,,,,,,,,,
20191009.0,0.4378353357315063,0.3141824603080749,0.3143919110298157,0.2863318622112274,0.3733678162097931,,0.2982268631458282,12.0,0.182707279920578,1.4386521577835083,297.8490905761719,2.5680201053619385,248.6763916015625,215.32302856445312,31.23395538330078,2.4196982383728027,100.0,0.2814088463783264,0.264374998708566
20191010.0,0.4309761822223663,0.3013986051082611,,,,,,,,,,,,,,,,,
20191011.0,0.4396472871303558,0.2992264032363891,,,,,,,,,,,,,,,,,
20191012.0,0.4233900904655456,0.3133009672164917,0.2984711527824402,0.2845135629177093,0.3770217895507812,0.2516607940196991,0.299935907125473,12.0,0.182707279920578,1.4386521577835083,298.5243225097656,2.553870916366577,248.01104736328125,213.80447387695312,11.545259475708008,2.9810173511505127,100.0,0.2767384648323059,0.25512499610583
20191013.0,0.4364770650863647,0.3025722801685333,,,,,,,,,,,,,,,,,
20191014.0,0.4064140915870666,0.3088296949863434,,,,,0.184179201722145,,,,,,,,,,,,
20191015.0,0.3902370631694793,0.2796853184700012,0.2844480276107788,0.2452698647975921,0.3055472075939178,,0.1318094432353973,12.0,0.182707279920578,1.4386521577835083,300.9864807128906,2.5402634143829346,256.9782409667969,224.6325225830078,0.4164619445800781,4.339676380157471,100.0,0.2312473803758621,0.215208333606521
20191016.0,0.371658593416214,0.2721675038337707,,,,,,,,,,,,,,,,,
20191017.0,0.3568316996097564,0.2794165909290313,0.3061703443527221,0.2936937510967254,0.3315985202789306,0.2474575787782669,0.2671285271644592,12.0,0.182707279920578,1.4386521577835083,301.2207336425781,2.524493455886841,254.3272857666016,226.8685302734375,2.105236530303955,4.231010913848877,100.0,0.2373625487089157,0.187249998872479
20191018.0,0.3611366748809814,0.2805818915367126,,,,,,,,,,,,,,,,,
20191019.0,0.3620233237743377,0.2763736844062805,,,,,,,,,,,,,,,,,
20191021.0,0.4385755360126495,0.3166043162345886,,,,,,,,,,,,,,,,,
20191022.0,0.4081441462039947,0.3022522926330566,,,,0.2214289754629135,0.2402417063713073,,,,,,,,,,,,
20191023.0,0.4043294489383697,0.3096049427986145,0.3113466501235962,0.3067125380039215,0.3563037514686584,,,12.0,0.182707279920578,1.4386521577835083,301.1148986816406,2.4578680992126465,250.82357788085932,221.767578125,3.0855517387390137,3.995169878005981,100.0,0.2490653097629547,0.228124997889002
20191024.0,0.4038261473178863,0.2827731668949127,,,,,,,,,,,,,,,,,
20191025.0,0.4047829508781433,0.3058077394962311,0.277683675289154,0.2595686614513397,0.3070085942745209,0.2225383520126342,0.269142746925354,12.0,0.182707279920578,1.4386521577835083,300.489990234375,2.4359400272369385,256.31103515625,226.01336669921875,0.0085545908659696,4.012321949005127,100.0,0.2341035157442093,0.210333333661159
20191026.0,0.3831377327442169,0.2780500948429107,,,,,,,,,,,,,,,,,
20191027.0,0.4172672927379608,0.2660404145717621,,,,0.1613031178712844,0.2641071677207947,,,,,,,,,,,,
20191028.0,0.419320672750473,0.2993236780166626,0.2775603234767914,0.2571855783462524,0.2818885147571563,,,12.0,0.182707279920578,1.4386521577835083,300.3443908691406,2.403147459030152,259.01806640625,232.38345336914065,2.615910530090332,3.720006465911865,100.0,0.2228612154722213,0.177875002846122
20191029.0,0.4076189994812011,0.2556829452514648,,,,,,,,,,,,,,,,,
20191030.0,0.412601888179779,0.2553357779979706,,,,0.1676057279109954,0.1972106099128723,,,,,,,,,,,,
20191031.0,0.4290952682495117,0.2744739055633545,0.2367741018533706,0.2301426529884338,0.2477887719869613,,,12.0,0.182707279920578,1.4386521577835083,298.8401184082031,2.3735153675079346,262.2357177734375,237.06871032714844,4.317386150360107,2.892056941986084,100.0,0.2236606329679489,0.160874998196959
20191101.0,0.4092530310153961,0.2540665864944458,,,,,0.0996734499931335,,,,,,,,,,,,
20191102.0,0.3959140479564667,0.2442362606525421,0.1984713524580001,0.1971449553966522,0.2139735519886016,,0.0855128616094589,12.0,0.182707279920578,1.4386521577835083,300.9214172363281,2.3146886825561523,267.13934326171875,242.6381378173828,0.8800652027130127,4.171036720275879,100.0,0.1851337552070617,0.149333330492179
20191103.0,0.4034669399261474,0.2318624258041381,,,,,,,,,,,,,,,,,
20191104.0,0.3986907005310058,0.2701987028121948,,,,0.1737116128206253,0.2096926718950271,,,,,,,,,,,,
20191105.0,0.3732207715511322,0.2491631656885147,0.1887498944997787,0.1826218068599701,0.199214294552803,,,12.0,0.182707279920578,1.4386521577835083,301.3583374023437,2.1694116592407227,269.18463134765625,244.68707275390625,0.0022712680511176,4.6310858726501465,100.0,0.1706800311803817,0.137416666994492
20191106.0,0.3542950451374054,0.2363559752702713,,,,,,,,,,,,,,,,,
20191107.0,0.3378100991249084,0.2309026718139648,,,,,0.1242103353142738,,,,,,,,,,,,
20191108.0,0.3228769600391388,0.224879115819931,0.1323049664497375,0.1397061645984649,0.1565624475479126,,,12.0,0.182707279920578,1.4386521577835083,301.2222900390625,2.029513120651245,275.4613647460937,254.88656616210932,0.0008523463038727,4.512735366821289,100.0,0.1413581073284149,0.128166665633519
20191109.0,0.3080726563930511,0.2185605466365814,,,,0.1086056008934974,0.1367229223251342,,,,,,,,,,,,
20191110.0,0.2944777011871338,0.2056702375411987,0.112153559923172,0.1235311925411224,0.1412904560565948,,,12.0,0.182707279920578,1.4386521577835083,300.6733703613281,1.9375572204589844,277.54248046875,256.9548645019531,0.0008523463620804,4.344536304473877,100.0,0.1348243653774261,0.12341666718324
20191111.0,0.2821275293827057,0.2118797749280929,,,,,,,,,,,,,,,,,
20191112.0,0.2705517411231994,0.2076208740472793,,,,0.0709349289536476,0.0879238247871398,,,,,,,,,,,,
20191113.0,0.2719239592552185,0.1958581507205963,0.1105916500091552,0.1013273894786834,0.1180248260498046,,,12.0,0.182707279920578,1.4386521577835083,301.7391357421875,1.8015875816345213,281.2295837402344,259.517333984375,2.627758741378784,3.5879101753234863,100.0,0.1300123780965805,0.119541666470468
20191114.0,0.2777899801731109,0.2043823450803756,,,,0.0550556220114231,0.0805688649415969,,,,,,,,,,,,
20191115.0,0.2638967931270599,0.2119417935609817,,,,,,,,,,,,,,,,,
20191116.0,0.2494616657495498,0.1813310086727142,0.0897408425807952,0.1065758094191551,0.126753494143486,,,12.0,0.182707279920578,1.4386521577835083,302.0497741699219,1.6664800643920898,279.2926330566406,261.24566650390625,0.0008523463038727,4.149892330169678,100.0,0.1201297491788864,0.118000000715256
20191117.0,0.2371630072593689,0.2084317654371261,,,,0.0649944469332695,0.0799890160560607,,,,,,,,,,,,
20191118.0,0.2259737998247146,0.1809478998184204,0.0764114111661911,0.0926714912056922,0.1166943088173866,,,12.0,0.182707279920578,1.4386521577835083,302.3226623535156,1.5968661308288574,281.20428466796875,265.30621337890625,0.0,3.949988842010498,100.0,0.1100827306509018,0.11758333320419
20191119.0,0.2160403430461883,0.1764235645532608,,,,,0.05111850425601,,,,,,,,,,,,
20191120.0,0.2071225047111511,0.1771207600831985,,,,,,,,,,,,,,,,,
20191121.0,0.1990991383790969,0.1615706384181976,0.0698905661702156,0.0986219272017479,0.1258849948644638,,,12.0,0.182707279920578,1.4386521577835083,301.5535583496094,1.5220409631729126,279.59063720703125,265.99969482421875,0.0012814998626708,3.787164449691773,100.0,0.1100418344140052,0.115958330221474
20191122.0,0.1914729326963424,0.1723867356777191,,,,0.0578216351568698,0.0810876786708831,,,,,,,,,,,,
20191123.0,0.1847416758537292,0.1808042526245117,,,,,,,,,,,,,,,,,
20191124.0,0.1790568083524704,0.1685448437929153,0.0750693455338478,0.0652510374784469,0.0866253226995468,,,12.0,0.182707279920578,1.4386521577835083,303.1650390625,1.446540594100952,285.36553955078125,267.6024780273437,0.0047065066173672,3.410630464553833,100.0,0.1051237806677818,0.114250000566244
20191125.0,0.1736344248056411,0.1628499180078506,,,,,0.0437330231070518,,,,,,,,,,,,
20191126.0,0.1686740219593048,0.1597416996955871,0.0700005516409874,0.0718277916312217,0.0982784330844879,,,12.0,0.182707279920578,1.4386521577835083,303.360595703125,1.3966548442840576,284.21490478515625,269.02203369140625,0.0008523463038727,3.496903419494629,100.0,0.1025826707482338,0.112500000745058
20191127.0,0.1645721942186355,0.1676240861415863,,,,0.0344457291066646,0.0516068004071712,,,,,,,,,,,,
20191128.0,0.1612101793289184,0.1514735221862793,,,,,,,,,,,,,,,,,
20191129.0,0.1578201204538345,0.1481412947177887,0.0540084093809127,0.064383678138256,0.0855370163917541,,,12.0,0.182707279920578,1.4386521577835083,301.6477355957031,1.322497844696045,285.2518615722656,267.363525390625,0.0008523463038727,3.2975175380706787,100.0,0.1008222475647926,0.110083332906167
20191130.0,0.1547814011573791,0.1411386281251907,,,,0.039091981947422,0.0507522821426391,,,,,,,,,,,,
20191201.0,0.1527761369943618,0.1508577316999435,,,,,,,,,,,,,,,,,
20191202.0,0.1516870707273483,0.1405627578496933,0.0524057187139987,0.0647565200924873,0.087327167391777,0.0162534676492214,0.0168767366558313,12.0,0.182707279920578,1.4386521577835083,301.7505187988281,1.2482314109802246,283.78955078125,266.6531982421875,0.0008523463620804,2.815070629119873,100.0,0.1027342677116394,0.108208334694306
20191203.0,0.1508962213993072,0.1598722636699676,,,,,,,,,,,,,,,,,
20191204.0,0.1502296179533004,0.1516162604093551,0.0536442659795284,0.0691702142357826,0.0963945761322975,,,12.0,0.182707279920578,1.4386521577835083,301.3049011230469,1.2109345197677612,283.12109375,268.24029541015625,0.0,2.745577096939087,100.0,0.0984699353575706,0.106666666766008
20191205.0,0.1496162712574005,0.1376721262931823,,,,0.0489593222737312,0.053590502589941,,,,,,,,,,,,
20191206.0,0.1491798162460327,0.1465669721364975,,,,,,,,,,,,,,,,,
20191207.0,0.1489612907171249,0.1403029263019561,0.0587148293852806,0.0585829094052314,0.0829202234745025,,0.0258186589926481,12.0,0.182707279920578,1.4386521577835083,303.4755859375,1.1729083061218262,284.80352783203125,268.19140625,0.0,2.480416774749756,100.0,0.099686175584793,0.104874998641511
20191208.0,0.1485448479652404,0.1512334495782852,,,,,,,,,,,,,,,,,
20191209.0,0.1480862945318222,0.1526077091693878,,,,,,,,,,,,,,,,,
20191210.0,0.1476763635873794,0.1351088285446167,0.0557599924504756,0.0546687245368957,0.0785384327173233,0.0437810719013214,0.05935849994421,12.0,0.182707279920578,1.4386521577835083,302.4219665527344,1.1342051029205322,284.9599304199219,268.2201232910156,0.0,2.490288496017456,100.0,0.0970981940627098,0.103291667376955
20191211.0,0.1474404036998748,0.1351420581340789,,,,,,,,,,,,,,,,,
20191212.0,0.1472782343626022,0.1223891228437423,0.0464775338768959,0.0556551814079284,0.079499527812004,,,12.0,0.182707279920578,1.4386521577835083,300.7054443359375,1.1085330247879028,284.3738708496094,267.6060791015625,0.000426173210144,2.36737322807312,100.0,0.0949830561876297,0.102541665857037
20191213.0,0.1470621675252914,0.1424838304519653,,,,,0.0385753959417343,,,,,,,,,,,,
20191214.0,0.1468508839607238,0.1323377788066864,,,,,,,,,,,,,,,,,
20191215.0,0.1466681510210037,0.1157795637845993,0.0506795793771743,0.05067128688097,0.0807607397437095,0.0471601970493793,0.0558183528482914,12.0,0.182707279920578,1.4386521577835083,301.9232788085937,1.0702195167541504,283.6179504394531,269.1337890625,0.0017225742340087,2.357368230819702,100.0,0.0950073227286338,0.101125000976026
20191216.0,0.1465482413768768,0.1300625950098037,,,,,,,,,,,,,,,,,
20191217.0,0.1464462429285049,0.124870665371418,,,,,,,,,,,,,,,,,
20191218.0,0.1463832259178161,0.117604061961174,0.0501074641942977,0.0602759942412376,0.085648089647293,0.0371510200202465,0.0467848740518093,12.0,0.182707279920578,1.4386521577835083,302.0086669921875,1.0319873094558716,283.1239013671875,267.1183166503906,0.0008586773765273,2.194013357162476,100.0,0.0986354798078537,0.100041668241223
20191219.0,0.1463009268045425,0.1269532591104507,,,,,,,,,,,,,,,,,
20191220.0,0.1462264209985733,0.1193353459239006,0.0507316701114177,0.0593488439917564,0.0816181004047393,0.0265060812234878,0.0260322894901037,12.0,0.182707279920578,1.4386521577835083,302.43927001953125,1.0085889101028442,284.3427124023437,266.9173583984375,0.000435113790445,2.17200231552124,100.0,0.0967712849378585,0.0996250007301569
20191221.0,0.1461600214242935,0.1236946657299995,,,,,,,,,,,,,,,,,
20191222.0,0.1460928916931152,0.1335240304470062,,,,,,,,,,,,,,,,,
20191223.0,0.1460234373807907,0.113510176539421,0.0500681363046169,0.0544347912073135,0.0795719698071479,0.0460941158235073,0.0549943558871746,12.0,0.182707279920578,1.4386521577835083,301.0896911621094,0.9765812158584596,283.057861328125,266.8424377441406,0.0,2.1433217525482178,100.0,0.0951189175248146,0.0984583320096135
20191224.0,0.1459522247314453,0.1074780970811843,,,,,,,,,,,,,,,,,
20191225.0,0.1458987146615982,0.1072622612118721,,,,,0.0316171757876873,,,,,,,,,,,,
20191226.0,0.1458428055047989,0.1114698722958564,0.0486186668276786,0.0423566289246082,0.0606338381767272,,,12.0,0.182707279920578,1.4386521577835083,300.44708251953125,0.944591462612152,284.63116455078125,267.3524169921875,0.0,1.976943135261536,100.0,0.0878993421792984,0.0975833339616656
20191227.0,0.1458039134740829,0.115740843117237,,,,,,,,,,,,,,,,,
20191228.0,0.1457727253437042,0.1106186211109161,0.0431139804422855,0.0459737740457057,0.0669815614819526,0.0353146083652973,0.0435804314911365,12.0,0.182707279920578,1.4386521577835083,301.4270324707031,0.9233593940734864,284.8516845703125,267.90771484375,0.0008523463038727,1.915368914604187,100.0,0.0886513441801071,0.0973750002061327
20191229.0,0.1457482576370239,0.1098637655377388,,,,,,,,,,,,,,,,,
20191230.0,0.1457159221172332,0.0974250733852386,,,,,,,,,,,,,,,,,
20191231.0,0.145694151520729,0.0941028967499733,0.0454102605581283,0.0475596040487289,0.0718336552381515,,0.038483839482069,12.0,0.182707279920578,1.4386521577835083,300.5740966796875,0.8917406797409058,283.13775634765625,267.06610107421875,0.0008523463038727,1.812563180923462,100.0,0.0892746075987815,0.0966666676104069
20200101.0,0.1456876397132873,0.0940285697579383,,,,,,,,,,,,,,,,,
20200102.0,0.1457050740718841,0.0909655392169952,,,,0.0364686846733093,0.0538651682436466,,,,,,,,,,,,
20200103.0,0.1457150280475616,0.0958710834383964,0.0421814173460006,0.0430745594203472,0.0591727755963802,,,12.0,0.182707279920578,1.4386521577835083,297.8690490722656,0.857944667339325,283.3519287109375,265.40142822265625,0.0017046927241608,1.5400031805038452,100.0,0.0836120024323463,0.0956666668256124
20200104.0,0.145721286535263,0.0991545096039772,,,,,,,,,,,,,,,,,
20200105.0,0.1457086503505706,0.0944448411464691,0.0442605651915073,0.0359429977834224,0.0429648719727993,0.0337029956281185,0.0379345081746578,12.0,0.182707279920578,1.4386521577835083,299.2739562988281,0.8349289298057556,285.18780517578125,265.6772155761719,0.0017189583741128,1.600512146949768,100.0,0.0830916762351989,0.0957500003278255
20200106.0,0.145656332373619,0.0983749479055404,,,,,,,,,,,,,,,,,
20200107.0,0.1455789357423782,0.08740945905447,,,,0.024033885449171,0.0299996957182884,,,,,,,,,,,,
20200108.0,0.1454939246177673,0.1030655354261398,0.0508305095136165,0.0465015098452568,0.0667951628565788,,,12.0,0.182707279920578,1.4386521577835083,303.8988952636719,0.8005249500274658,285.0869140625,267.81036376953125,0.0,1.7408078908920288,100.0,0.0932847708463668,0.0959583340833585
20200109.0,0.1454595923423767,0.1026581600308418,,,,,,,,,,,,,,,,,
20200110.0,0.1454419046640396,0.0970875173807144,,,,0.0414080433547496,0.0459608770906925,,,,,,,,,,,,
20200111.0,0.1454431265592575,0.0977996885776519,0.0511059314012527,0.0507189519703388,0.0748228356242179,,,12.0,0.182707279920578,1.4386521577835083,303.5466613769531,0.7663269639015198,284.61529541015625,268.15966796875,0.0,1.5085951089859009,100.0,0.0932210832834243,0.0956250000745058
20200112.0,0.1454550474882125,0.0942564904689788,,,,,0.042970061302185,,,,,,,,,,,,
20200113.0,0.1454154103994369,0.0974477753043174,0.0527260042726993,0.0513540431857109,0.0724424347281456,,,12.0,0.182707279920578,1.4386521577835083,304.655517578125,0.743643045425415,286.62261962890625,269.0308532714844,0.0008702276973053,1.701268196105957,100.0,0.090345486998558,0.0953749995678663
20200114.0,0.1453737616539001,0.0804634466767311,,,,,,,,,,,,,,,,,
20200115.0,0.145364299416542,0.0850588977336883,,,,0.0380516648292541,0.0450758375227451,,,,,,,,,,,,
20200116.0,0.1453573256731033,0.0907333493232727,0.0515969991683959,0.0420639142394065,0.055800661444664,,,12.0,0.182707279920578,1.4386521577835083,303.32061767578125,0.7092735767364502,286.789306640625,267.95623779296875,0.0016966223483905,1.6016310453414917,100.0,0.086570993065834,0.0947499986117085
20200117.0,0.1453534662723541,0.0992877185344696,,,,,0.0613116845488548,,,,,,,,,,,,
20200118.0,0.1453541666269302,0.07626374065876,,,,,0.0383617654442787,,,,,,,,,,,,
20200119.0,0.14534991979599,0.084964133799076,0.0507079474627971,0.0423431731760501,0.0547205433249473,,,12.0,0.182707279920578,1.4386521577835083,302.412353515625,0.6889201402664185,286.32867431640625,267.1170654296875,0.0008523463038727,1.4944982528686523,100.0,0.0857570767402648,0.0939583325137695
20200120.0,0.145334392786026,0.1007872968912124,,,,0.03777776658535,0.0447096154093742,,,,,,,,,,,,
20200121.0,0.1453129947185516,0.0934180244803428,0.0482287071645259,0.0357418097555637,0.0542549714446067,,,12.0,0.182707279920578,1.4386521577835083,304.5995483398437,0.6788970828056335,286.8697204589844,270.1766967773437,0.0008523463038727,1.530784010887146,100.0,0.0880401134490966,0.0938333328813314
20200122.0,0.1452967375516891,0.0808598697185516,,,,,,,,,,,,,,,,,
20200123.0,0.1452922075986862,0.1267306357622146,,,,0.0280254948884248,0.0304269548505544,,,,,,,,,,,,
20200124.0,0.1452833265066146,0.0791185572743415,0.0474311262369155,0.0407544150948524,0.0573527812957763,,,12.0,0.182707279920578,1.4386521577835083,303.50518798828125,0.6642034649848938,287.1281433105469,269.265869140625,0.0,1.513821721076965,100.0,0.0847233980894088,0.093791665819784
20200125.0,0.1452680677175521,0.0843401029706001,,,,0.0319261588156223,0.0360728800296783,,,,,,,,,,,,
20200126.0,0.1452702432870865,0.075988546013832,,,,,,,,,,,,,,,,,
20200127.0,0.1452800184488296,0.07804636657238,0.0432457439601421,0.0378288626670837,0.0614142566919326,,,12.0,0.182707279920578,1.4386521577835083,301.6956787109375,0.6495496034622192,285.3196716308594,269.80780029296875,0.0025689601898193,1.4409911632537842,100.0,0.0804911702871322,0.0928333330278595
20200128.0,0.1452816426753997,0.0747270882129669,,,,0.0393694788217544,0.0415967293083667,,,,,,,,,,,,
20200129.0,0.1452661901712417,0.0811990350484848,0.048621866852045,0.0476232096552848,0.0731370821595192,,,12.0,0.182707279920578,1.4386521577835083,302.5296325683594,0.6398022770881653,284.4549560546875,268.65625,0.0025710742920637,1.44092059135437,100.0,0.0863488689064979,0.0924999999503295
20200130.0,0.1452634632587433,0.0805043801665306,,,,,0.0395519882440567,,,,,,,,,,,,
20200131.0,0.1452532261610031,0.1156226173043251,,,,,,,,,,,,,,,,,
20200201.0,0.145243763923645,0.0951554179191589,,,,,,,,,,,,,,,,,
20200202.0,0.1452513635158538,0.0681450590491294,,,,0.0390584990382194,0.0462965779006481,,,,,,,,,,,,
20200203.0,0.145254299044609,0.1008176505565643,,,,,,,,,,,,,,,,,
20200204.0,0.1452659666538238,0.0841908827424049,0.0463581755757331,0.0392705723643302,0.0605682507157325,,0.0234076976776123,12.0,0.182707279920578,1.4386521577835083,301.364501953125,0.6099322438240051,285.65594482421875,269.3570556640625,0.0,1.3077858686447144,100.0,0.0804365053772926,0.0915833339095116
20200205.0,0.145250990986824,0.1209037899971008,,,,,0.020050661638379,,,,,,,,,,,,
20200206.0,0.1452482491731643,0.06747318059206,0.0457171238958835,0.0349089205265045,0.0518050044775009,,,12.0,0.182707279920578,1.4386521577835083,302.544921875,0.5995478630065918,287.18701171875,270.13897705078125,0.000435113790445,1.294897198677063,100.0,0.0812357068061828,0.0916666664804022
20200207.0,0.1452317684888839,0.1063833683729171,,,,0.0493447221815586,0.0496841333806514,,,,,,,,,,,,
20200208.0,0.1452237367630005,0.12397251278162,,,,,,,,,,,,,,,,,
20200209.0,0.1452062129974365,0.087596520781517,0.0436096489429473,0.0428453274071216,0.0607325583696365,,,12.0,0.182707279920578,1.4386521577835083,304.8822021484375,0.5839917659759521,287.1294250488281,269.3521728515625,0.0,1.3096981048583984,100.0,0.0895845741033554,0.0915833335990707
20200210.0,0.1451895385980606,0.1036582961678505,,,,0.0387284569442272,0.0413830988109111,,,,,,,,,,,,
20200211.0,0.1451905071735382,0.1043828651309013,,,,,,,,,,,,,,,,,
20200212.0,0.1451930701732635,0.1241684928536415,0.0382822677493095,0.0349869094789028,0.0436462983489036,0.0259358547627925,0.0307321399450302,12.0,0.182707279920578,1.4386521577835083,304.03179931640625,0.5684813857078552,290.03765869140625,270.63702392578125,0.0012693767203018,1.211775779724121,100.0,0.0796900764107704,0.0912083331495523
20200213.0,0.1451940089464187,0.1243753060698509,,,,,,,,,,,,,,,,,
20200214.0,0.1452024430036544,0.1105801612138748,0.0418538339436054,0.0333664640784263,0.0387254692614078,,,12.0,0.182707279920578,1.4386521577835083,302.81036376953125,0.5581666827201843,289.3419494628906,269.391845703125,0.0025749204214662,1.1984261274337769,100.0,0.0787198543548584,0.0909166671335697
20200215.0,0.145206332206726,0.1247330009937286,,,,0.0316056795418262,0.035981323570013,,,,,,,,,,,,
20200216.0,0.1451897621154785,0.108902670443058,,,,,,,,,,,,,,,,,
20200217.0,0.1451826691627502,0.1049942001700401,0.0397147201001644,0.0412649698555469,0.0558368787169456,,0.0222785118967294,12.0,0.182707279920578,1.4386521577835083,303.6972351074219,0.542388916015625,287.9468688964844,269.3498840332031,0.0008523463038727,1.2696881294250488,100.0,0.0831695050001144,0.0911666679506501
20200218.0,0.1451852023601532,0.0933674126863479,,,,,,,,,,,,,,,,,
20200219.0,0.1451779156923294,0.1507045775651931,,,,,,,,,,,,,,,,,
20200220.0,0.1451656073331833,0.0782532170414924,0.0431391410529613,0.0434765368700027,0.0573621839284896,0.030640410259366,0.0399182103574276,12.0,0.182707279920578,1.4386521577835083,306.2315368652344,0.5358887314796448,289.10986328125,269.96197509765625,0.0,1.217995047569275,100.0,0.0876238495111465,0.0912083343913158
20200221.0,0.1451495736837387,0.1093782261013984,,,,,,,,,,,,,,,,,
20200222.0,0.145142450928688,0.1158199235796928,0.0438673645257949,0.042333897203207,0.0597046017646789,,0.023712882772088,12.0,0.182707279920578,1.4386521577835083,306.0956115722656,0.5339054465293884,289.3798522949219,271.4034423828125,0.0008523463038727,1.274744153022766,100.0,0.0844368860125541,0.0911250011995435
20200223.0,0.1451377719640731,0.1098831072449684,,,,,,,,,,,,,,,,,
20200224.0,0.1451380252838134,0.1386626958847046,,,,,,,,,,,,,,,,,
20200225.0,0.1451442837715149,0.1232120096683502,0.0481783114373683,0.0451592244207859,0.0632372200489044,0.0400573648512363,0.0462355427443981,12.0,0.182707279920578,1.4386521577835083,305.6766662597656,0.5311377048492432,288.6073608398437,270.555908203125,0.0008553265361115,1.1830214262008667,100.0,0.0869929939508438,0.0903333347911636
20200226.0,0.1451447755098343,0.0971529483795166,,,,,,,,,,,,,,,,,
20200227.0,0.1451351195573806,0.1387648582458496,,,,,,,,,,,,,,,,,
20200228.0,0.1451263725757599,0.1254065185785293,0.0413016751408577,0.0367584973573684,0.0443892553448677,0.0190826710313558,0.024933623149991,12.0,0.182707279920578,1.4386521577835083,305.7148132324219,0.5283715128898621,291.6866455078125,271.5957946777344,0.0008523463038727,1.21899151802063,100.0,0.0788332819938659,0.0903333347911636
20200229.0,0.1451276689767837,0.1300088763236999,,,,,,,,,,,,,,,,,
20200301.0,0.1451176255941391,0.1423263400793075,0.0439893156290054,0.0442930422723293,0.0613900162279605,0.0259631108492612,0.0299386586993932,12.0,0.182707279920578,1.4386521577835083,306.38360595703125,0.5265281200408936,289.8664855957031,271.5208740234375,0.0,1.2405441999435425,100.0,0.0837568864226341,0.0905000011747082
20200302.0,0.1451338678598404,0.131822720170021,,,,,,,,,,,,,,,,,
20200303.0,0.1452429890632629,0.1210242584347724,,,,,,,,,,,,,,,,,
20200304.0,0.1473934948444366,0.1197906881570816,0.0521510727703571,0.0458718426525592,0.0657420754432678,0.0385943613946437,0.0461134687066078,12.0,0.182707279920578,1.4386521577835083,308.51629638671875,0.5228042602539062,291.36083984375,273.5824279785156,0.7327904105186462,1.2750532627105713,100.0,0.0842895582318306,0.0907083343093594
20200305.0,0.1501505672931671,0.0986190810799598,,,,,,,,,,,,,,,,,
20200306.0,0.1472570747137069,0.1163949891924858,,,,,0.0319833979010582,,,,,,,,,,,,
20200307.0,0.1459597051143646,0.0875413715839386,0.0489232577383518,0.0454192571341991,0.0593962594866752,,,12.0,0.182707279920578,1.4386521577835083,309.2268371582031,0.5449690222740173,292.11004638671875,272.4870300292969,0.0025879230815917,1.1511414051055908,100.0,0.082983374595642,0.0905000011747082
20200308.0,0.1456441432237625,0.0999137908220291,,,,,,,,,,,,,,,,,
20200309.0,0.1474103778600692,0.0927169248461723,0.073810338973999,0.0557145588099956,0.0652193054556846,0.0511429607868194,0.0622272416949272,12.0,0.182707279920578,1.4386521577835083,309.1093139648437,0.5664147734642029,292.30767822265625,269.33575439453125,0.5881428718566895,1.124485731124878,100.0,0.0859727188944816,0.0905000014851491
20200310.0,0.1493294090032577,0.1258383095264434,,,,,,,,,,,,,,,,,
20200311.0,0.147680178284645,0.1231280416250228,,,,,0.0772118270397186,,,,,,,,,,,,
20200312.0,0.1463818550109863,0.083934374153614,0.085332378745079,0.1038879081606864,0.1170416623353958,,0.0585955381393432,12.0,0.182707279920578,1.4386521577835083,308.64825439453125,0.5993332266807556,283.169921875,260.009765625,0.0,1.1534258127212524,100.0,0.1109117716550827,0.091750000603497
20200313.0,0.1456105411052703,0.1284149736166,,,,,,,,,,,,,,,,,
20200314.0,0.1460555642843246,0.1101895272731781,,,,0.0558352954685688,0.0637226477265358,,,,,,,,,,,,
20200315.0,0.1470149010419845,0.1077545583248138,0.0574069656431674,0.060636468231678,0.0803918316960334,,,12.0,0.182707279920578,1.4386521577835083,309.1954040527344,0.6324572563171387,290.39093017578125,271.47802734375,0.2067393660545349,1.0840624570846558,100.0,0.0902610048651695,0.0917083338523905
20200316.0,0.1471258550882339,0.096437782049179,,,,,,,,,,,,,,,,,
20200317.0,0.1459621489048004,0.0952801406383514,0.0669097304344177,0.0584143437445163,0.0768071264028549,0.0280599035322666,0.0426953956484794,12.0,0.182707279920578,1.4386521577835083,310.3566589355469,0.6546542644500732,290.975341796875,271.4696655273437,0.0008583068847656,1.092767596244812,100.0,0.0929601266980171,0.0914166678364078
20200318.0,0.1458889693021774,0.120100662112236,,,,,,,,,,,,,,,,,
20200319.0,0.1493189036846161,0.1080061271786689,,,,0.0512862615287303,0.0534073933959007,,,,,,,,,,,,
20200321.0,0.168748989701271,0.1997379511594772,,,,,,,,,,,,,,,,,
20200322.0,0.192799910902977,0.1954009681940078,,,,0.1635026186704635,0.1898861676454544,,,,,,,,,,,,
20200323.0,0.1906421333551406,0.1577908843755722,0.1191560178995132,0.1247891560196876,0.1369857341051101,,,12.0,0.182707279920578,1.4386521577835083,305.9522705078125,0.7186980247497559,279.9468688964844,253.46405029296875,0.0837200209498405,1.853352308273316,100.0,0.1126194596290588,0.127958333740632
20200324.0,0.2525943517684936,0.2027857154607772,,,,0.4992227256298065,0.9017304182052612,,,,,,,,,,,,
20200325.0,0.2920562624931335,0.2988830804824829,0.30851811170578,0.3349460065364837,0.4238945245742798,,,12.0,0.182707279920578,1.4386521577835083,303.0821533203125,0.7382414937019348,230.56561279296875,187.52175903320312,2.881504535675049,3.2294838428497314,100.0,0.2258411347866058,0.214041668921709
20200326.0,0.2807255983352661,0.2500049471855163,,,,,,,,,,,,,,,,,
20200327.0,0.2449779957532882,0.2109132707118988,,,,0.2113143056631088,0.2572405040264129,,,,,,,,,,,,
20200328.0,0.2150830179452896,0.2004747986793518,0.1915001571178436,0.1742184907197952,0.196211963891983,,,12.0,0.182707279920578,1.4386521577835083,306.8858947753906,0.7676103115081787,268.415283203125,234.3547821044922,0.0202741883695125,2.83497953414917,100.0,0.1283702403306961,0.166375001271566
20200329.0,0.1914616823196411,0.1895011514425277,,,,,0.1381572932004928,,,,,,,,,,,,
20200330.0,0.1780571043491363,0.1460520625114441,,,,,,,,,,,,,,,,,
20200331.0,0.1653246283531189,0.152479201555252,0.1165655627846717,0.1250446289777755,0.1370965540409088,,,12.0,0.182707279920578,1.4386521577835083,308.8337707519531,0.797132670879364,279.4102783203125,255.9329833984375,0.2412177622318267,1.7427916526794434,100.0,0.1207553893327713,0.149624998991688
20200401.0,0.1574981957674026,0.1350013017654419,,,,0.0928709432482719,0.1218298897147178,,,,,,,,,,,,
20200402.0,0.1514444202184677,0.1394386738538742,0.0880596786737442,0.0900811031460762,0.1075140684843063,,,12.0,0.182707279920578,1.4386521577835083,308.40948486328125,0.8168999552726746,285.358642578125,266.17333984375,0.0021487474441528,1.0967389345169067,100.0,0.1129397004842758,0.143958333258828
20200403.0,0.1482538729906082,0.1397528201341629,,,,,,,,,,,,,,,,,
20200404.0,0.1465476900339126,0.1360498368740081,,,,,0.0612201318144798,,,,,,,,,,,,
20200405.0,0.1480487734079361,0.1508124023675918,0.2202409654855728,0.231495127081871,0.2595975697040558,,,12.0,0.182707279920578,1.4386521577835083,309.4831848144531,0.8433797359466553,259.66265869140625,224.75006103515625,1.3308048248291016,1.2410120964050293,100.0,0.1516807526350021,0.13837499730289
20200406.0,0.1576799303293228,0.1803693026304245,,,,0.1574669778347015,0.1680959463119506,,,,,,,,,,,,
20200407.0,0.1554720103740692,0.1536606550216674,,,,,,,,,,,,,,,,,
20200408.0,0.1536071747541427,0.1444444060325622,0.0808975920081138,0.0775217711925506,0.0892727673053741,,,12.0,0.182707279920578,1.4386521577835083,307.8294372558594,0.9598330855369568,287.8979187011719,264.6644287109375,0.9958651065826416,1.2149721384048462,100.0,0.1101335138082504,0.146571431841169
20200409.0,0.1586339771747589,0.2514283061027527,,,,0.2553418278694153,0.269264817237854,,,,,,,,,,,,
20200410.0,0.2379707396030426,0.3263647556304931,0.320474237203598,0.3904075026512146,0.4238945245742798,,,12.0,0.182707279920578,1.4386521577835083,301.9308776855469,1.062088966369629,231.8985290527344,196.1087646484375,9.552762985229492,2.6617956161499023,100.0,0.2392029762268066,0.223739131637242
20200411.0,0.2512018978595733,0.2903997898101806,,,,0.2909824848175049,0.330332338809967,,,,,,,,,,,,
20200412.0,0.2267430275678634,0.2655044198036194,,,,,,,,,,,,,,,,,
20200413.0,0.1996225863695144,0.2256507873535156,0.1827399432659149,0.2134872674942016,0.234588161110878,,,12.0,0.182707279920578,1.4386521577835083,307.0906066894531,1.2207776308059692,262.502197265625,229.5777740478516,0.093397170305252,2.408589124679565,100.0,0.165558248758316,0.179875000069539
20200414.0,0.1807960867881775,0.214177668094635,,,,0.1468363106250763,0.1703848391771316,,,,,,,,,,,,
20200415.0,0.1671913713216781,0.1678218096494674,,,,,,,,,,,,,,,,,
20200416.0,0.1582934856414795,0.1690433174371719,0.1105211302638053,0.1269147992134094,0.1396751403808593,,0.0903958231210708,12.0,0.182707279920578,1.4386521577835083,309.7648010253906,1.383409857749939,279.69805908203125,258.5228576660156,0.2568466663360595,1.6911627054214478,100.0,0.1395550668239593,0.15383333278199
20200417.0,0.1532308012247085,0.1561999917030334,,,,,,,,,,,,,,,,,
20200418.0,0.1517618298530578,0.1545241475105285,0.0826805010437965,0.0916496142745018,0.1065789237618446,,,12.0,0.182707279920578,1.4386521577835083,307.9317321777344,1.4940224885940552,286.01324462890625,264.27935791015625,0.0773717314004898,1.0701079368591309,100.0,0.1249974742531776,0.144833334411184
20200419.0,0.1498535126447677,0.1511537879705429,,,,0.0694041699171066,0.0875576063990593,,,,,,,,,,,,
20200420.0,0.1887441277503967,0.1505180895328521,,,,,,,,,,,,,,,,,
20200421.0,0.2343998104333877,0.1500446498394012,0.0647360906004905,0.0811810418963432,0.1028247252106666,,,12.0,0.182707279920578,1.4386521577835083,305.0395202636719,1.6694092750549316,286.0150146484375,269.19500732421875,0.0465710945427417,2.7494733333587646,100.0,0.1123344078660011,0.132708334053556
20200422.0,0.2078773826360702,0.1644825488328933,,,,,0.0881374552845954,,,,,,,,,,,,
20200423.0,0.1891800463199615,0.1653967797756195,,,,,,,,,,,,,,,,,
20200424.0,0.1760058104991912,0.1758273839950561,0.0656675398349762,0.0744227841496467,0.0953845232725143,0.078418992459774,0.0902127176523208,12.0,0.182707279920578,1.4386521577835083,307.77667236328125,1.68048357963562,286.30780029296875,268.739013671875,1.5357822179794312,1.9890230894088743,100.0,0.1255623996257782,0.127250004559755
20200425.0,0.1776050925254821,0.1728067845106125,,,,,,,,,,,,,,,,,
20200426.0,0.178923100233078,0.2587569952011108,0.3500214219093323,0.4046803712844848,0.4238945245742798,,,12.0,0.182707279920578,1.4386521577835083,305.0978088378906,1.6456042528152466,230.5751953125,194.93804931640625,3.8610799312591553,1.3689268827438354,100.0,0.2152880728244781,0.180809522668521
20200427.0,0.2020266652107238,0.2620562613010406,,,,0.2827073931694031,0.3059785664081573,,,,,,,,,,,,
20200428.0,0.1837823092937469,0.2454736828804016,,,,,,,,,,,,,,,,,
20200429.0,0.1689390838146209,0.212868645787239,0.1618769615888595,0.1702413111925125,0.182058572769165,0.145612359046936,0.1743827611207962,12.0,0.182707279920578,1.4386521577835083,307.9433898925781,1.5899205207824707,272.1303100585937,246.00973510742188,0.100882850587368,1.593449592590332,100.0,0.1627765297889709,0.151041666666667
20200430.0,0.1611144393682479,0.2014512866735458,,,,,,,,,,,,,,,,,
20200501.0,0.1591484546661377,0.2199347168207168,,,,,,,,,,,,,,,,,
20200502.0,0.1530468165874481,0.207801803946495,0.1556423604488372,0.1486952900886535,0.1606080532073974,0.1397871375083923,0.168858915567398,12.0,0.182707279920578,1.4386521577835083,309.6393737792969,1.5346593856811523,275.39422607421875,252.39328002929688,0.0413371473550796,1.2366951704025269,100.0,0.1536126881837844,0.136541667704781
20200503.0,0.1513432115316391,0.1953138709068298,,,,,,,,,,,,,,,,,
20200504.0,0.1543718874454498,0.1825872212648391,0.0938379764556884,0.0899108052253723,0.1085584983229637,,0.0726340562105178,12.0,0.182707279920578,1.4386521577835083,307.7964172363281,1.4980535507202148,284.0955505371094,265.15875244140625,0.075890451669693,1.0428414344787598,100.0,0.128933310508728,0.122624999222656
20200505.0,0.1564171761274337,0.2748095691204071,,,,,0.171391949057579,,,,,,,,,,,,
20200506.0,0.1740834265947342,0.2377689182758331,,,,,,,,,,,,,,,,,
20200507.0,0.173951968550682,0.2101559489965438,0.1842066794633865,0.1667784303426742,0.1794308274984359,0.1592723429203033,0.1836909055709839,12.0,0.182707279920578,1.4386521577835083,308.3596496582031,1.4437600374221802,272.5826721191406,246.65573120117188,0.0565230846405029,1.7374407052993774,100.0,0.1543905884027481,0.154791666815678
20200508.0,0.1626808643341064,0.187105193734169,,,,,,,,,,,,,,,,,
20200509.0,0.1572072207927703,0.180201381444931,,,,,,,,,,,,,,,,,
20200510.0,0.1871439516544342,0.179432213306427,0.0911476761102676,0.0700508132576942,0.0865501910448074,,0.0830103456974029,12.0,0.182707279920578,1.4386521577835083,308.29376220703125,1.382854461669922,287.19207763671875,266.9971008300781,23.8830623626709,1.3964314460754397,100.0,0.1218896135687828,0.119904761513074
20200511.0,0.3623552620410919,0.2355478256940841,,,,,,,,,,,,,,,,,
20200512.0,0.300490528345108,0.2132476419210434,0.187626376748085,0.191270112991333,0.2021409273147583,0.1687345802783966,0.1958677917718887,12.0,0.182707279920578,1.4386521577835083,304.1117248535156,1.340773582458496,268.9110717773437,242.61294555664065,0.0009795029181987,3.902424812316896,100.0,0.1562699377536773,0.16591666576763
20200513.0,0.2602790594100952,0.1833635121583938,,,,,,,,,,,,,,,,,
20200514.0,0.2302619665861129,0.1958455443382263,,,,,,,,,,,,,,,,,
20200515.0,0.2249000370502472,0.1877013742923736,0.1268230974674224,0.1081278845667839,0.1240269988775253,0.0891588479280471,0.1127658933401107,12.0,0.182707279920578,1.4386521577835083,305.7656555175781,1.2779844999313354,281.4123840332031,259.7052001953125,2.189207077026367,3.37168836593628,100.0,0.1184948682785034,0.117083332811793
20200516.0,0.2061120271682739,0.1930260807275772,,,,,,,,,,,,,,,,,
20200517.0,0.1877992004156112,0.2333090901374817,,,,0.0441849865019321,0.0576189458370208,,,,,,,,,,,,
20200518.0,0.1776427924633026,0.2144331336021423,0.1161148771643638,0.0948767587542533,0.1097698435187339,,,12.0,0.182707279920578,1.4386521577835083,304.4697570800781,1.2157820463180542,283.5259704589844,261.0287780761719,0.032045442610979,1.5065503120422363,100.0,0.1169790625572204,0.110875001177192
20200519.0,0.1766653507947921,0.2033486366271972,,,,,,,,,,,,,,,,,
20200521.0,0.1959574818611145,0.2108789235353469,,,,,,,,,,,,,,,,,
20200522.0,0.180521473288536,0.1935343742370605,,,,,0.0539262071251869,,,,,,,,,,,,
20200523.0,0.171314999461174,0.1892059445381164,0.0644610747694969,0.068043477833271,0.0949292406439781,,0.0289620663970708,12.0,0.182707279920578,1.4386521577835083,306.2049560546875,1.1105635166168213,286.57537841796875,271.2051086425781,0.0080433152616024,1.7627756595611572,100.0,0.101990208029747,0.113833334296942
20200524.0,0.1667825728654861,0.1892033070325851,,,,,,,,,,,,,,,,,
20200525.0,0.2380792945623397,0.2062667906284332,,,,0.3174648284912109,0.3662831485271454,,,,,,,,,,,,
20200526.0,0.2223396152257919,0.2753055989742279,0.2619325518608093,0.2794935405254364,0.3231129348278045,,,12.0,0.182707279920578,1.4386521577835083,304.8268127441406,1.1235357522964478,252.01370239257807,218.4798889160156,0.0215369760990142,2.58825421333313,100.0,0.2039426118135452,0.210250000779827
20200527.0,0.2004001885652542,0.2580174207687378,,,,,,,,,,,,,,,,,
20200528.0,0.2365584224462509,0.2317366600036621,0.1906233131885528,0.1876886785030365,0.2011717110872268,,0.1787469089031219,12.0,0.182707279920578,1.4386521577835083,304.1996154785156,1.1517858505249023,268.4266357421875,242.170654296875,9.058547973632812,2.574610710144043,100.0,0.1652896851301193,0.162541666378578
20200529.0,0.27075856924057,0.2147142738103866,,,,,,,,,,,,,,,,,
20200530.0,0.2572820484638214,0.208928108215332,,,,0.0943959727883338,0.1219519674777984,,,,,,,,,,,,
20200531.0,0.2886999547481537,0.2572411298751831,0.202162817120552,0.204052597284317,0.2207291722297668,,,12.0,0.182707279920578,1.4386521577835083,302.67205810546875,1.196128249168396,265.5189819335937,237.70687866210932,0.194549560546875,2.55812668800354,100.0,0.1652137339115142,0.127875002721945
20200601.0,0.2571800351142883,0.2251855731010437,,,,,,,,,,,,,,,,,
20200602.0,0.2608251869678497,0.2556889653205871,,,,0.1980738937854766,0.2267830371856689,,,,,,,,,,,,
20200603.0,0.2328525334596634,0.2165177166461944,0.1148627251386642,0.1532892137765884,0.1684173196554184,,,12.0,0.182707279920578,1.4386521577835083,304.96490478515625,1.2407755851745603,274.4538879394531,249.8032073974609,0.0033921664580702,2.757244825363159,100.0,0.1385396271944046,0.118749998509884
20200604.0,0.2077272534370422,0.2101271003484726,,,,0.0741403102874755,0.1281472146511078,,,,,,,,,,,,
20200605.0,0.1914166659116745,0.1856803297996521,0.0787316262722015,0.0909305065870285,0.1092085614800453,,,12.0,0.182707279920578,1.4386521577835083,305.7814025878906,1.270709753036499,284.0436096191406,264.2855529785156,0.7612658739089966,2.035677909851074,100.0,0.1176835894584655,0.112904761518751
20200607.0,0.1827790141105651,0.2689024806022644,,,,0.3430850803852081,0.3542283475399017,,,,,,,,,,,,
20200608.0,0.1736707687377929,0.2660696506500244,0.2579773664474487,0.2867059111595154,0.3119261860847473,,,12.0,0.182707279920578,1.4386521577835083,305.8895263671875,1.315083384513855,252.9613647460937,223.59616088867188,0.0200986862182617,1.6010171175003052,100.0,0.2166387140750885,0.209916667391857
20200609.0,0.237397015094757,0.2551215589046478,,,,,0.1991637945175171,,,,,,,,,,,,
20200610.0,0.2588657140731811,0.2900045812129974,,,,,,,,,,,,,,,,,
20200611.0,0.2397065758705139,0.279119610786438,,,,,,,,,,,,,,,,,
20200612.0,0.2229106575250625,0.2784112691879272,,,,0.2730910181999206,0.3150120675563812,,,,,,,,,,,,
20200613.0,0.2085846215486526,0.2849173843860626,0.2818442285060882,0.312547504901886,0.3777495920658111,,,12.0,0.182707279920578,1.4386521577835083,303.1008605957031,1.4306687116622925,246.07000732421875,212.2068328857422,0.3716667592525482,1.741857886314392,100.0,0.238642618060112,0.237708333879709
20200614.0,0.1953518837690353,0.2762767374515533,,,,,,,,,,,,,,,,,
20200615.0,0.1839687973260879,0.2673758268356323,,,,,0.1582384705543518,,,,,,,,,,,,
20200616.0,0.1745204180479049,0.2478755563497543,0.2218090146780014,0.2306393533945083,0.2476816922426223,,,12.0,0.182707279920578,1.4386521577835083,306.0062255859375,1.5063819885253906,263.0731201171875,235.7833709716797,0.0698506832122802,1.561267614364624,100.0,0.1878491789102554,0.184458333378037
20200617.0,0.1723169535398483,0.2231474071741104,,,,0.3335188329219818,0.3886227011680603,,,,,,,,,,,,
20200618.0,0.1843627989292144,0.2762957513332367,,,,,,,,,,,,,,,,,
20200619.0,0.1789609938859939,0.2704519033432007,0.2869638800621032,0.2939050197601318,0.3671373724937439,,,12.0,0.182707279920578,1.4386521577835083,300.1137084960937,1.582909107208252,247.46420288085932,212.2305603027344,0.0314152352511882,0.4842419922351837,100.0,0.2525765299797058,0.246458334848285
20200620.0,0.1747784614562988,0.2753181159496307,,,,0.2820289134979248,0.2793664336204529,,,,,,,,,,,,
20200621.0,0.2084930986166,0.2750587165355682,0.3271093070507049,0.3461329936981201,0.4020150005817413,,,12.0,0.182707279920578,1.4386521577835083,304.00982666015625,1.6343796253204346,244.00656127929688,212.59310913085932,1.5724880695343018,2.250328540802002,100.0,0.2500088810920715,0.253416667381922
20200622.0,0.1974968612194061,0.260414719581604,,,,0.28531214594841,0.360728770494461,,,,,,,,,,,,
20200623.0,0.1886922419071197,0.2472721338272094,,,,,,,,,,,,,,,,,
20200624.0,0.1805404424667358,0.2318393141031265,0.2196201980113983,0.2254751175642013,0.2516984641551971,,,12.0,0.182707279920578,1.4386521577835083,304.63092041015625,1.713227391242981,262.48614501953125,233.185791015625,0.8389081954956055,1.504958152770996,100.0,0.1992395222187042,0.213874998191992
20200625.0,0.1780774593353271,0.2325871288776397,,,,0.2110459208488464,0.2383800745010376,,,,,,,,,,,,
20200626.0,0.1740490794181823,0.2492289543151855,,,,,,,,,,,,,,,,,
20200627.0,0.1673366576433181,0.2841942906379699,0.3197245895862579,0.3359131813049316,0.4039100110530853,,0.5103304982185364,12.0,0.182707279920578,1.4386521577835083,303.9940795898437,1.7667551040649414,243.91030883789065,211.43112182617188,0.7325159311294556,1.068725824356079,100.0,0.2450999319553375,0.261625000586112
20200628.0,0.1729567795991897,0.2696080505847931,,,,,,,,,,,,,,,,,
20200629.0,0.180291548371315,0.2759598791599273,0.3104244470596313,0.3301393985748291,0.3868590593338012,,,12.0,0.182707279920578,1.4386521577835083,301.5377502441406,1.7959884405136108,245.94430541992188,214.54840087890625,1.0782036781311035,1.363125562667847,100.0,0.2548531591892242,0.254833332573374
20200630.0,0.1950056403875351,0.2694112658500671,,,,0.2745323181152344,0.3064668774604797,,,,,,,,,,,,
20200701.0,0.3442921638488769,0.2603957056999206,,,,,,,,,,,,,,,,,
20200702.0,0.3554462194442749,0.2902154922485351,0.3244191706180572,0.3454792499542236,0.420988917350769,,0.2272713333368301,12.0,0.182707279920578,1.4386521577835083,300.8480834960937,1.8394594192504885,241.74107360839844,209.34963989257807,0.2830843031406402,3.5436012744903564,100.0,0.2695458531379699,0.262625000129143
20200703.0,0.3230278491973877,0.2699699401855469,,,,,0.2271797806024551,,,,,,,,,,,,
20200704.0,0.3054912090301513,0.2929103076457977,,,,,,,,,,,,,,,,,
20200705.0,0.3130002915859222,0.2848457992076874,0.3224403858184814,0.3070771992206573,0.399147629737854,0.3173138499259949,0.3684499561786651,12.0,0.182707279920578,1.4386521577835083,299.4432678222656,1.8831748962402344,244.1173553466797,208.68975830078125,2.2134323120117188,2.9092259407043457,100.0,0.2748271524906158,0.265708331018686
20200706.0,0.3104827404022217,0.2813083827495575,,,,,,,,,,,,,,,,,
20200707.0,0.3053710758686065,0.2687864303588867,0.2896572947502136,0.2772407531738281,0.3288437128067016,,,12.0,0.182707279920578,1.4386521577835083,301.8971252441406,1.9124542474746704,252.83514404296875,220.886474609375,0.0104904174804687,3.791545152664185,100.0,0.2398932874202728,0.245624993617336
20200708.0,0.2790520191192627,0.2606660723686218,,,,0.2026137858629226,0.252296507358551,,,,,,,,,,,,
20200710.0,0.4230072796344757,0.2930251359939575,0.3160499036312103,0.3068991899490356,0.3932686150074005,0.2985037863254547,0.3369548618793487,12.0,0.182707279920578,1.4386521577835083,297.4857788085937,1.957234263420105,244.94143676757807,210.19699096679688,43.46432495117188,2.340308427810669,100.0,0.2787972092628479,0.277666669338942
20200711.0,0.4335716366767883,0.283272922039032,,,,,,,,,,,,,,,,,
20200712.0,0.4204563200473785,0.2868856787681579,,,,,,,,,,,,,,,,,
20200713.0,0.4229175150394439,0.2900707423686981,0.3724343776702881,0.3859089910984039,0.4238945245742798,0.3168573975563049,0.4088259637355804,12.0,0.182707279920578,1.4386521577835083,298.5892639160156,1.9844865798950195,235.2200927734375,202.2783203125,13.90056324005127,2.9900331497192383,100.0,0.2871167063713074,0.278272724964402
20200714.0,0.4154437184333801,0.2921115458011627,,,,,,,,,,,,,,,,,
20200715.0,0.4065210223197937,0.2944223880767822,0.3301691710948944,0.2948530912399292,0.3636094927787781,,0.4365367591381073,12.0,0.182707279920578,1.4386521577835083,299.14752197265625,1.9981852769851685,247.64996337890625,214.58140563964844,13.883123397827148,2.8583879470825195,100.0,0.2641107141971588,0.269782606674277
20200716.0,0.4125488698482513,0.292175680398941,,,,,,,,,,,,,,,,,
20200717.0,0.4273109138011932,0.2790430784225464,,,,,,,,,,,,,,,,,
20200718.0,0.4314916729927063,0.2620930075645447,0.303515076637268,0.2564153969287872,0.3105087280273437,0.2172648906707763,0.2613300085067749,12.0,0.182707279920578,1.4386521577835083,299.1536560058594,2.018378734588623,253.81378173828125,221.2956085205078,7.261270523071289,3.344022750854492,100.0,0.246283084154129,0.243999999637405
20200719.0,0.4170889556407928,0.2615310251712799,,,,,,,,,,,,,,,,,
20200720.0,0.4073216915130615,0.2607822120189667,,,,,0.138828694820404,,,,,,,,,,,,
20200721.0,0.4046070873737335,0.2720682322978973,0.2776285111904144,0.2203469425439834,0.2554855942726135,,0.1297341883182525,12.0,0.182707279920578,1.4386521577835083,299.66766357421875,2.0386228561401367,261.1588134765625,231.19207763671875,4.162609100341797,3.168307304382324,100.0,0.2235716879367828,0.213800001889467
20200722.0,0.4163635373115539,0.2610549032688141,,,,,,,,,,,,,,,,,
20200723.0,0.4114457070827484,0.2584076821804046,0.2583886384963989,0.2552015781402588,0.2692774534225464,0.1896218955516815,0.2397228926420211,12.0,0.182707279920578,1.4386521577835083,300.0165710449219,2.0521464347839355,260.1368713378906,235.5894775390625,4.864643096923828,3.544427394866944,100.0,0.2164062708616256,0.236545453694734
20200724.0,0.4221557378768921,0.262770414352417,,,,,,,,,,,,,,,,,
20200725.0,0.4194179475307464,0.253337949514389,,,,,,,,,,,,,,,,,
20200810.0,0.2501286566257477,0.2237812578678131,,,,0.0988107323646545,0.1628772914409637,,,,,,,,,,,,
20200811.0,0.2545679211616516,0.206623375415802,0.1087960377335548,0.1136650294065475,0.1333652585744857,,,12.0,0.182707279920578,1.4386521577835083,298.7423095703125,2.341516733169556,279.0657653808594,257.81378173828125,2.31631851196289,2.633913993835449,100.0,0.1539114862680435,0.144041667381922
20200812.0,0.2559463381767273,0.2210239917039871,,,,,,,,,,,,,,,,,
20200813.0,0.2415778338909149,0.2140181362628936,,,,,0.0937223434448242,,,,,,,,,,,,
20200814.0,0.2536995708942413,0.2259060144424438,0.2367913872003555,0.2344065308570861,0.2449163049459457,,,12.0,0.182707279920578,1.4386521577835083,299.7584228515625,2.377647876739502,264.58807373046875,243.1790313720703,6.4817891120910645,2.901043176651001,100.0,0.2108783721923828,0.188041666522622
20200815.0,0.39394611120224,0.3087319135665893,,,,0.2267684489488601,0.2860194742679596,,,,,,,,,,,,
20200816.0,0.4005318284034729,0.286238431930542,0.2496976405382156,0.2735019624233246,0.3052314221858978,,,12.0,0.182707279920578,1.4386521577835083,298.6153259277344,2.3972842693328857,255.4105834960937,228.66275024414065,0.7742924690246582,3.482869863510132,100.0,0.2389710843563079,0.249749998872479
20200817.0,0.3784974813461303,0.2686616778373718,,,,,,,,,,,,,,,,,
20200818.0,0.3618121743202209,0.2697296142578125,,,,0.1365441977977752,0.1872005313634872,,,,,,,,,,,,
20200819.0,0.3514378368854522,0.3032104969024658,0.276993989944458,0.2971514463424682,0.3682290315628052,,,12.0,0.182707279920578,1.4386521577835083,300.4702453613281,2.426420927047729,250.3481292724609,218.77528381347656,1.5173182487487793,3.978591680526733,100.0,0.2538237571716308,0.270666671295961
20200820.0,0.3427884876728058,0.2800942361354828,,,,0.210775077342987,0.2985320687294006,,,,,,,,,,,,
20200821.0,0.3365282118320465,0.2772704660892486,,,,,,,,,,,,,,,,,
20200822.0,0.355248361825943,0.2932262718677521,0.313587337732315,0.3454963564872741,0.4119342565536499,,,12.0,0.182707279920578,1.4386521577835083,300.3807983398437,2.455652236938477,245.5238494873047,216.3912353515625,4.018093585968018,4.036745071411133,100.0,0.2673082053661346,0.272375002503395
20200823.0,0.3623062968254089,0.2883138656616211,,,,0.2398272901773452,0.2716452479362488,,,,,,,,,,,,
20200824.0,0.3355396091938019,0.2705093622207641,0.2611397802829742,0.2565222978591919,0.2982967495918274,,,12.0,0.182707279920578,1.4386521577835083,300.10760498046875,2.475192785263061,257.763916015625,229.1685791015625,0.2138998806476593,3.72594165802002,100.0,0.2295262515544891,0.24608333222568
20200825.0,0.3161911070346832,0.266328901052475,,,,,0.1331827789545059,,,,,,,,,,,,
20200826.0,0.312759131193161,0.2526740729808807,,,,,0.1010773032903671,,,,,,,,,,,,
20200827.0,0.3352714776992798,0.2673215270042419,0.2356590926647186,0.2134686708450317,0.241705983877182,,,12.0,0.182707279920578,1.4386521577835083,299.0142517089844,2.505284786224365,264.73150634765625,238.4535217285156,6.165826797485352,2.6675515174865723,100.0,0.2221873551607132,0.254049997031689
20200828.0,0.4010721445083618,0.302684485912323,,,,0.3389260172843933,0.3968321681022644,,,,,,,,,,,,
20200829.0,0.4023632407188415,0.2925465106964111,,,,,,,,,,,,,,,,,
20200830.0,,,,,,,,12.0,0.182707279920578,1.4386521577835083,299.2879638671875,2.5165469646453857,250.80276489257807,217.63917541503903,1.180875301361084,3.621817350387573,100.0,0.2602176368236542,0.254583335792025
20200901.0,,,,,,,,12.0,0.182707279920578,1.4386521577835083,298.716064453125,2.5192556381225586,256.438232421875,228.1812744140625,10.380043983459473,3.0189008712768555,100.0,0.2450169324874878,0.2364999987185
20200904.0,,,,,,,,12.0,0.182707279920578,1.4386521577835083,299.5214233398437,2.522898435592652,259.9425048828125,231.736328125,4.048525333404541,3.6519157886505127,100.0,0.2261863648891449,0.218458334604899
20200907.0,,,,,,,,12.0,0.182707279920578,1.4386521577835083,298.1067810058594,2.526542901992798,252.5479736328125,224.0197906494141,18.08847618103028,2.752915620803833,100.0,0.2599420249462127,0.245100001245737
20200909.0,0.4277786910533905,0.2982691526412964,,0.2925992310047149,0.3774653971195221,,,12.0,0.182707279920578,1.4386521577835083,298.1788330078125,2.52897310256958,249.09039306640625,216.46029663085932,6.893295764923096,2.16457200050354,100.0,0.2786107063293457,0.280086955298548
20200912.0,,,,,,,,12.0,0.182707279920578,1.4386521577835083,299.2489929199219,2.531224250793457,248.7206115722656,215.21292114257807,19.191574096679688,3.3578248023986816,100.0,0.2653960883617401,0.248666665206353
20200915.0,,,,,,,,12.0,0.182707279920578,1.4386521577835083,301.099365234375,2.571112632751465,249.7106475830078,219.88156127929688,1.1481728553771973,4.336987495422363,100.0,0.2533297538757324,0.250500002255042
20200916.0,0.4238401651382446,0.3068325817584991,,,,,,,,,,,,,,,,,
20200917.0,0.4314230978488922,0.3165434598922729,0.3353054523468017,0.3884752690792084,0.4238945245742798,,,12.0,0.182707279920578,1.4386521577835083,298.5937805175781,2.6074154376983643,240.34390258789065,210.51788330078125,49.02985000610352,3.4002184867858887,100.0,0.2852169871330261,0.264590908857909
20200918.0,0.4163089096546173,0.3089222908020019,,,,,0.2832728028297424,,,,,,,,,,,,
20200919.0,0.4225756227970123,0.3011705875396728,,,,,,,,,,,,,,,,,
20200920.0,0.4235556423664093,0.3125017881393432,0.3308200538158417,0.3198194801807403,0.40932297706604,0.237657830119133,0.2752464413642883,12.0,0.182707279920578,1.4386521577835083,300.4273986816406,2.662985324859619,246.97537231445312,215.27249145507807,4.054122924804688,4.191952705383301,100.0,0.2666866183280945,0.263124997417132
20200921.0,0.4131338000297546,0.3031014204025268,,,,,,,,,,,,,,,,,
20200922.0,0.4001660943031311,0.2914812564849853,,,,,,,,,,,,,,,,,
20200923.0,0.4294739961624145,0.3043925166130066,0.2895286381244659,0.2790436744689941,0.3444078862667084,0.2224391847848892,0.2200994938611984,12.0,0.182707279920578,1.4386521577835083,299.5291442871094,2.7188844680786133,253.91766357421875,223.1844482421875,4.857831001281738,3.675147533416748,100.0,0.2513367235660553,0.228749999776483
20200924.0,0.4176554381847381,0.2904433608055115,,,,,,,,,,,,,,,,,
20200925.0,0.4301347434520721,0.3070193529129028,0.2848019003868103,0.2550302147865295,0.3050405979156494,0.2043283581733703,0.2453077733516693,12.0,0.182707279920578,1.4386521577835083,298.1970520019531,2.756333351135254,258.11248779296875,228.6964111328125,3.590240716934204,2.1405580043792725,100.0,0.2584016621112823,0.243227272548459
20200926.0,0.4158260524272918,0.2954232692718506,,,,,,,,,,,,,,,,,
20200927.0,0.4151642322540283,0.3045159578323364,,,,,,,,,,,,,,,,,
20200928.0,0.3994922637939453,0.3070614039897918,0.3064867258071899,0.3133069574832916,0.3673023879528045,0.2279255390167236,0.2585528194904327,12.0,0.182707279920578,1.4386521577835083,301.0707702636719,2.8154664039611816,250.9677276611328,222.7376708984375,1.0351482629776,4.549063682556152,100.0,0.2503863871097564,0.242291664083799
20200929.0,0.3941080272197723,0.2836950123310089,,,,,,,,,,,,,,,,,
20200930.0,0.4186015129089355,0.2904663681983948,,,,,0.2790002226829529,,,,,,,,,,,,
20201001.0,0.4425696134567261,0.2980276346206665,0.340434193611145,0.3378764688968658,0.4238945245742798,,0.2049928307533264,12.0,0.182707279920578,1.4386521577835083,296.8240661621094,2.802510976791382,243.6050262451172,211.3277282714844,54.35082626342773,1.788615107536316,100.0,0.287288099527359,0.27978947444966
20201002.0,0.423749029636383,0.3191040158271789,,,,,,,,,,,,,,,,,
20201003.0,0.4072492122650146,0.3060106337070465,0.3214656710624695,0.3022550344467163,0.3755078613758087,0.2587499320507049,0.3220313191413879,12.0,0.182707279920578,1.4386521577835083,300.177001953125,2.775578260421753,249.38058471679688,218.4613647460937,3.045104503631592,4.28498649597168,100.0,0.2605772018432617,0.260916666438182
20201004.0,0.4223972260951996,0.2969601452350616,,,,,,,,,,,,,,,,,
20201005.0,0.4204826056957245,0.3068976700305938,,,,,,,,,,,,,,,,,
20201006.0,0.4087937176227569,0.3054576218128204,0.3378956317901611,0.3276369571685791,0.4023613035678863,,0.2486037760972976,12.0,0.182707279920578,1.4386521577835083,300.88360595703125,2.7337212562561035,247.3765106201172,217.1058959960937,1.3581238985061646,4.428671360015869,100.0,0.2629626095294952,0.263083332528671
20201007.0,0.4041274487972259,0.3149372339248657,,,,,,,,,,,,,,,,,
20201008.0,0.3894909620285034,0.3002313077449798,,,,0.2358930110931396,0.2853785753250122,,,,,,,,,,,,
20201009.0,0.4064556658267975,0.3044873476028442,,,,,,,,,,,,,,,,,
20201010.0,0.4339713454246521,0.3293978869915008,,,,,,,,,,,,,,,,,
20201011.0,0.4231111407279968,0.3095335066318512,0.3094388842582702,0.2863525152206421,0.3428349196910858,0.2088453471660614,0.2805261313915252,12.0,0.182707279920578,1.4386521577835083,299.8622741699219,2.664364814758301,252.88156127929688,222.9779052734375,10.98496150970459,3.878328561782837,100.0,0.2483594715595245,0.254458330571651
20201012.0,0.4169496893882751,0.2899355590343475,,,,,,,,,,,,,,,,,
20201013.0,0.3973811566829681,0.2798458933830261,,,,0.2234682440757751,0.2890102863311767,,,,,,,,,,,,
20201014.0,0.3918804824352264,0.2908369898796081,0.2888611555099487,0.2768420577049255,0.3113175928592682,,,12.0,0.182707279920578,1.4386521577835083,300.9062805175781,2.623554944992065,256.68829345703125,229.6029815673828,9.0646333694458,4.430378437042236,100.0,0.2262710630893707,0.246124998355905
20201015.0,0.3958069384098053,0.2932509779930115,,,,,,,,,,,,,,,,,
20201016.0,0.3827612400054931,0.3139861822128296,,,,0.2341184020042419,0.2782677710056305,,,,,,,,,,,,
20201017.0,0.3715421855449676,0.2938073873519897,0.2632249891757965,0.2597556412220001,0.2904618680477142,,,12.0,0.182707279920578,1.4386521577835083,301.4122009277344,2.5678980350494385,259.1278381347656,232.2799072265625,3.207980871200561,4.4866814613342285,100.0,0.2193679809570312,0.257826091154762
20201018.0,0.3901804089546203,0.3251920640468597,,,,,0.286965548992157,,,,,,,,,,,,
20201019.0,0.3660313785076141,0.3255058526992798,0.3142800629138946,0.3374780416488647,0.3552142977714538,,,12.0,0.182707279920578,1.4386521577835083,300.9573669433594,2.5271806716918945,251.602294921875,227.0571746826172,0.002112413290888,4.386005401611328,100.0,0.2473319321870803,0.268625002354383
20201020.0,0.3523083329200744,0.2946393489837646,,,,,,,,,,,,,,,,,
20201021.0,0.3431891798973083,0.2902367115020752,,,,0.2432394325733184,0.2753379940986633,,,,,,,,,,,,
20201022.0,0.3225798606872558,0.2839501202106476,0.2571266293525696,0.2516979277133941,0.2762089371681213,,,12.0,0.182707279920578,1.4386521577835083,301.6180419921875,2.466111421585083,260.653076171875,234.66305541992188,0.0432130359113216,4.854824066162109,100.0,0.2081767618656158,0.236541669194897
20201023.0,0.3042717278003692,0.2627216577529907,,,,,,,,,,,,,,,,,
20201024.0,0.2883824706077575,0.2753250002861023,,,,,0.1241798177361488,,,,,,,,,,,,
20201025.0,0.2735393941402435,0.2540856599807739,0.1828304380178451,0.2043995857238769,0.2188391834497451,,,12.0,0.182707279920578,1.4386521577835083,301.4537048339844,2.405452013015747,267.8399658203125,245.75732421875,0.0012830605264753,4.600996017456055,100.0,0.1789489984512329,0.184083331997196
20201026.0,0.259975790977478,0.2517019510269165,,,,0.1580035090446472,0.2117374241352081,,,,,,,,,,,,
20201027.0,0.2473445534706115,0.2342339307069778,0.1587588638067245,0.1717414110898971,0.1888355612754821,,,12.0,0.182707279920578,1.4386521577835083,301.5650939941406,2.3652405738830566,272.0594482421875,250.08737182617188,0.0086294282227754,4.496784210205078,100.0,0.1608166694641113,0.161083335056901
20201028.0,0.2354138344526291,0.233987271785736,,,,,,,,,,,,,,,,,
20201029.0,0.224453330039978,0.2207085192203521,,,,0.1021177396178245,0.1283608525991439,,,,,,,,,,,,
20201030.0,0.2147687822580337,0.2180706560611724,0.1253998726606369,0.1323622018098831,0.1520829051733017,,,12.0,0.182707279920578,1.4386521577835083,301.0924072265625,2.308344841003418,276.91290283203125,257.7938842773437,0.0034405547194182,4.225098133087158,100.0,0.1410392820835113,0.140500001609325
20201031.0,0.2055670917034149,0.2138189524412155,,,,0.0686200857162475,0.123630478978157,,,,,,,,,,,,
20201101.0,0.1971524655818939,0.2310152500867843,,,,,,,,,,,,,,,,,
20201102.0,0.1894772052764892,0.2188481092453003,0.0999583601951599,0.1189293414354324,0.1399659812450409,,,12.0,0.182707279920578,1.4386521577835083,301.6061706542969,2.169832944869995,278.81695556640625,260.62744140625,0.0004351138486526,3.855175495147705,100.0,0.1330375522375106,0.130291662489374
20201103.0,0.1832469552755355,0.2001626640558242,,,,0.0869187861680984,0.1061433777213096,,,,,,,,,,,,
20201104.0,0.1772868335247039,0.1855673044919967,0.0889470130205154,0.1149974316358566,0.1409539729356765,,,12.0,0.182707279920578,1.4386521577835083,302.0538635253906,2.05825424194336,278.6887512207031,264.3627014160156,0.001728534582071,3.746917486190796,100.0,0.1267317086458206,0.126875003799796
20201105.0,0.1719923615455627,0.1838124990463256,,,,,0.0912808626890182,,,,,,,,,,,,
20201106.0,0.1671550124883651,0.188706487417221,,,,,,,,,,,,,,,,,
20201107.0,0.1627186387777328,0.1663125157356262,0.0778628066182136,0.0970648080110549,0.1205628290772438,,,12.0,0.182707279920578,1.4386521577835083,302.0285339355469,1.89193058013916,281.380615234375,264.7001342773437,0.0017136335372924,3.492622137069702,100.0,0.121926724910736,0.120916666463017
20201108.0,0.1598204225301742,0.1911655962467193,,,,0.0651422142982482,0.093295082449913,,,,,,,,,,,,
20201109.0,0.15719835460186,0.1800464391708374,,,,,,,,,,,,,,,,,
20201110.0,0.1546499729156494,0.1693366765975952,0.0732331722974777,0.0921955853700637,0.1172222942113876,,0.0445570237934589,12.0,0.182707279920578,1.4386521577835083,303.0601806640625,1.7290416955947876,281.70947265625,266.02911376953125,0.0017123355064541,3.1312239170074463,100.0,0.118679903447628,0.11554166705658
20201111.0,0.1531696617603302,0.1741939783096313,,,,,0.0525223538279533,,,,,,,,,,,,
20201112.0,0.1519491523504257,0.1555842906236648,0.0707524940371513,0.0981310829520225,0.1229263320565223,,,12.0,0.182707279920578,1.4386521577835083,302.4288024902344,1.622357964515686,280.5459899902344,265.0537109375,0.0008523463038727,3.097221612930298,100.0,0.1192375645041465,0.112833335064352
20201113.0,0.1507208943367004,0.180199921131134,,,,0.0624826364219188,0.1011078208684921,,,,,,,,,,,,
20201114.0,0.149678036570549,0.1513143479824066,,,,,,,,,,,,,,,,,
20201115.0,0.1488980650901794,0.1494885087013244,0.0590438470244407,0.0721176341176033,0.0963636040687561,,,12.0,0.182707279920578,1.4386521577835083,302.7478942871094,1.4618093967437744,283.53546142578125,267.2886047363281,0.0013024216750636,2.972374439239502,100.0,0.10982246696949,0.108166667322318
20201116.0,0.1483411937952041,0.1591754853725433,,,,0.0357746928930282,0.0503250211477279,,,,,,,,,,,,
20201117.0,0.1479302793741226,0.1612705737352371,,,,,,,,,,,,,,,,,
20201118.0,0.1476277858018875,0.1434839069843292,0.0565747804939746,0.0763784423470497,0.1031016409397125,0.0300846379250288,0.0426343567669391,12.0,0.182707279920578,1.4386521577835083,302.9585876464844,1.3944789171218872,282.77740478515625,267.9732666015625,0.0008523463620804,2.710489273071289,100.0,0.1068703755736351,0.104625000618398
20201119.0,0.1473520994186401,0.1419665068387985,,,,,,,,,,,,,,,,,
20201120.0,0.147174134850502,0.1360899358987808,0.0537396185100078,0.0762525796890258,0.0981060490012168,,,12.0,0.182707279920578,1.4386521577835083,300.5214233398437,1.3727662563323977,283.24530029296875,266.18170166015625,0.0,2.617424726486206,100.0,0.1040848717093467,0.103083333000541
20201121.0,0.1469755619764328,0.1402871459722519,,,,0.0488433241844177,0.0624408721923828,,,,,,,,,,,,
20201122.0,0.1467667073011398,0.1568586230278015,,,,,,,,,,,,,,,,,
20201123.0,0.1466219872236251,0.1310545057058334,0.0483310110867023,0.0652948692440986,0.0943099707365036,,0.0436719879508018,12.0,0.182707279920578,1.4386521577835083,303.07342529296875,1.3423216342926023,284.01220703125,269.48785400390625,0.0,2.4449710845947266,100.0,0.1014902964234352,0.101500000183781
20201124.0,0.1465242803096771,0.1378421187400818,,,,,,,,,,,,,,,,,
20201125.0,0.1464347392320633,0.1440857648849487,,,,,,,,,,,,,,,,,
20201126.0,0.1463304013013839,0.1227340921759605,0.0520059764385223,0.0645002424716949,0.0836439281702041,0.0486396141350269,0.0652485713362693,12.0,0.182707279920578,1.4386521577835083,303.1578063964844,1.312013030052185,285.8212280273437,267.0106201171875,0.0,2.313486099243164,100.0,0.1011080369353294,0.0998749993741512
20201127.0,0.1462704241275787,0.1377703249454498,,,,,,,,,,,,,,,,,
20201128.0,0.1465645879507064,0.13906130194664,0.0656762793660163,0.0759021639823913,0.101029634475708,,0.0434888750314712,12.0,0.182707279920578,1.4386521577835083,304.5868835449219,1.2918826341629028,284.14727783203125,268.702880859375,0.0213884636759758,1.7148483991622925,100.0,0.106643296778202,0.0992916657899817
20201129.0,0.146594151854515,0.1331530064344406,,,,,0.0450453199446201,,,,,,,,,,,,
20201130.0,0.1465638428926468,0.1446232944726944,,,,,,,,,,,,,,,,,
20201201.0,0.146248921751976,0.1249774247407913,0.0547995790839195,0.0714208930730819,0.0935288071632385,0.0543164759874343,0.0639057606458664,12.0,0.182707279920578,1.4386521577835083,303.0194091796875,1.2622284889221191,284.5321044921875,267.3677978515625,0.0,2.153105497360229,100.0,0.1010563522577285,0.0995416675383846
20201202.0,0.1460591256618499,0.1391129791736602,,,,,,,,,,,,,,,,,
20201203.0,0.1459806710481643,0.1223165690898895,,,,,,,,,,,,,,,,,
20201204.0,0.1459050625562667,0.1362216621637344,0.0457540079951286,0.0581199713051319,0.0841045454144477,0.0299396011978387,0.037232581526041,12.0,0.182707279920578,1.4386521577835083,302.75048828125,1.2212539911270142,285.4169921875,269.4476928710937,0.0008553265943191,1.9908678531646729,100.0,0.0965993851423263,0.0983750003700455
20201205.0,0.1458550244569778,0.139647290110588,,,,,,,,,,,,,,,,,
20201206.0,0.1458466202020645,0.1232386231422424,0.0503225624561309,0.0597466118633747,0.0835502818226814,0.0279605910181999,0.038422804325819,12.0,0.182707279920578,1.4386521577835083,303.1435241699219,1.1911847591400146,286.395751953125,269.5165405273437,0.0012993812561035,1.7071664333343506,100.0,0.0952123701572418,0.0981250007947286
20201207.0,0.1458324342966079,0.126757875084877,,,,,,,,,,,,,,,,,
20201208.0,0.1457957625389099,0.1232180595397949,,,,,,,,,,,,,,,,,
20201209.0,0.1460291147232055,0.1224350184202194,,,,0.0424549840390682,0.0525833927094936,,,,,,,,,,,,
20201210.0,0.1467010676860809,0.1295267641544342,,,,,,,,,,,,,,,,,
20201211.0,0.1461876332759857,0.1249899789690971,,,,,0.0462660603225231,,,,,,,,,,,,
20201212.0,0.145889863371849,0.1216737926006317,0.0499203689396381,0.0621575377881526,0.0825908705592155,,,12.0,0.182707279920578,1.4386521577835083,303.97186279296875,1.101309299468994,286.89080810546875,268.5560302734375,0.0,1.7196357250213623,100.0,0.0957508236169815,0.0976250007127722
20201213.0,0.1457530260086059,0.1123707666993141,,,,,,,,,,,,,,,,,
20201214.0,0.1456811726093292,0.1192419454455375,0.0560505911707878,0.0626446455717086,0.0872675329446792,0.038172859698534,0.0574358366429805,12.0,0.182707279920578,1.4386521577835083,305.358154296875,1.071631669998169,286.5562438964844,270.1260070800781,0.0014033581828698,1.5579440593719482,100.0,0.1008521318435669,0.0974166672676802
20201215.0,0.1456427276134491,0.116835281252861,,,,,,,,,,,,,,,,,
20201216.0,0.1456059515476226,0.1155845373868942,,,,,,,,,,,,,,,,,
20201217.0,0.145599216222763,0.1177617013454437,0.0484291240572929,0.0549779199063777,0.0725717470049858,,0.0302133243530988,12.0,0.182707279920578,1.4386521577835083,304.9154663085937,1.0273525714874268,288.2527160644531,269.114990234375,0.0008523463038727,1.4913105964660645,100.0,0.0964332371950149,0.0966249996175369
20201218.0,0.1455709785223007,0.104029506444931,,,,,,,,,,,,,,,,,
20201219.0,0.1455399245023727,0.1029276251792907,,,,0.0464902147650718,0.0574663542211055,,,,,,,,,,,,
20201220.0,0.145505666732788,0.1074911132454872,0.0425792895257473,0.0567881166934967,0.0814018473029136,,,12.0,0.182707279920578,1.4386521577835083,302.8111267089844,0.9840686321258544,286.01513671875,269.4627990722656,0.0008583068847656,1.526904821395874,100.0,0.0915861502289772,0.0955833327025175
20201221.0,0.1454677283763885,0.1068589985370636,,,,,,,,,,,,,,,,,
20201222.0,0.1454443931579589,0.103515051305294,0.0472788549959659,0.0627069771289825,0.0878827646374702,0.0202251765877008,0.0312814712524414,12.0,0.182707279920578,1.4386521577835083,302.65673828125,0.9555546045303344,285.33624267578125,269.228515625,0.0,1.4911980628967283,100.0,0.0921457335352897,0.0949166659265757
20201223.0,0.1454143077135086,0.0932590961456298,,,,,,,,,,,,,,,,,
20201224.0,0.1453913897275924,0.1096203550696373,,,,0.0379022844135761,0.0451979115605354,,,,,,,,,,,,
20201225.0,0.1453776657581329,0.100970447063446,0.0442322604358196,0.0563584826886653,0.0841139256954193,,,12.0,0.182707279920578,1.4386521577835083,303.3986511230469,0.9130509495735168,285.43035888671875,270.16015625,0.0012874602107331,1.4668294191360474,100.0,0.09286929666996,0.0947916659836968
20201226.0,0.1453684121370315,0.0946987122297287,,,,,,,,,,,,,,,,,
20201227.0,0.1453805714845657,0.0927437096834182,,,,0.0393014177680015,0.0413525812327861,,,,,,,,,,,,
20201228.0,0.145379900932312,0.0890127271413803,0.0469717010855674,0.0479656420648098,0.0661152228713035,,,12.0,0.182707279920578,1.4386521577835083,300.96435546875,0.8708496689796448,286.4076538085937,268.3045349121094,0.0008523463038727,1.3647432327270508,100.0,0.0840903371572494,0.0938333331917723
20201229.0,0.1453848481178283,0.1059387028217315,,,,,0.0247810296714305,,,,,,,,,,,,
20201230.0,0.1453762352466583,0.0800211504101753,0.0473844073712825,0.055279716849327,0.0832192525267601,,,12.0,0.182707279920578,1.4386521577835083,301.4111022949219,0.8431397080421448,284.27410888671875,269.0941772460937,0.0008523463038727,1.348612666130066,100.0,0.0876072868704795,0.0935833326851328
20201231.0,0.1453622430562973,0.0901576802134513,,,,,,,,,,,,,,,,,
20210101.0,0.1453372538089752,0.0899090021848678,,,,0.0390120521187782,0.0533768720924854,,,,,,,,,,,,
20210102.0,0.1453330814838409,0.08953907340765,0.0448195338249206,0.0639531388878822,0.082941822707653,,,12.0,0.182707279920578,1.4386521577835083,302.2856140136719,0.8083478212356567,285.3661804199219,266.40594482421875,0.0,1.2773141860961914,100.0,0.0920373350381851,0.0933333334202568
20210103.0,0.1453404724597931,0.1123154610395431,,,,,0.0371410250663757,,,,,,,,,,,,
20210104.0,0.1453602612018585,0.0970399007201194,,,,,0.0309152510017156,,,,,,,,,,,,
20210105.0,0.1453613340854644,0.0908907130360603,0.0453246422111988,0.0541156791150569,0.0672738552093505,,,12.0,0.182707279920578,1.4386521577835083,304.20562744140625,0.7908202409744263,289.01226806640625,268.1963195800781,0.0008523463038727,1.2674341201782229,100.0,0.0895387530326843,0.0940000001961986
20210106.0,0.1453188210725784,0.086825743317604,,,,0.046654637902975,0.0585039816796779,,,,,,,,,,,,
20210107.0,0.1453048139810562,0.0841404423117637,0.0497528128325939,0.0653923600912094,0.0902019590139389,,,12.0,0.182707279920578,1.4386521577835083,303.6679992675781,0.7787431478500366,285.53057861328125,269.4862365722656,0.0,1.2123055458068848,100.0,0.0940917581319809,0.0932916666691502
20210108.0,0.1453083008527755,0.0919803082942962,,,,,,,,,,,,,,,,,
20210109.0,0.1453252583742141,0.0990983322262764,,,,,0.0309152510017156,,,,,,,,,,,,
20210110.0,0.1453214883804321,0.0985503941774368,0.0450290963053703,0.0601670369505882,0.0805044546723365,,,12.0,0.182707279920578,1.4386521577835083,304.5703430175781,0.7606754302978516,287.4398803710937,268.94989013671875,0.0012927236966788,1.2133831977844238,100.0,0.0932558551430702,0.0938333331917723
20210111.0,0.1453070193529129,0.0861854329705238,,,,0.0323306322097778,0.0373851731419563,,,,,,,,,,,,
20210112.0,0.1453068405389785,0.1108526885509491,,,,,,,,,,,,,,,,,
20210113.0,0.1452903002500534,0.092111088335514,0.0425459928810596,0.0731228291988372,0.0913989171385765,,,12.0,0.182707279920578,1.4386521577835083,303.36785888671875,0.7426656484603882,285.12939453125,266.2677001953125,0.0008523463038727,1.147339105606079,100.0,0.096369169652462,0.0950416664903363
20210114.0,0.1452738940715789,0.0874634385108947,,,,0.0442864224314689,0.0501724295318126,,,,,,,,,,,,
20210115.0,0.145255908370018,0.092580959200859,0.0446750484406948,0.0541948415338993,0.0789103209972381,,,12.0,0.182707279920578,1.4386521577835083,301.2025451660156,0.7307111620903015,285.9250793457031,269.4007263183594,0.0,1.1329400539398191,100.0,0.0821770578622818,0.0934583327422539
20210116.0,0.1452552378177642,0.0842956602573394,,,,0.0357853658497333,0.0385753959417343,,,,,,,,,,,,
20210117.0,0.1452562659978866,0.079524926841259,,,,,,,,,,,,,,,,,
20210118.0,0.1452492773532867,0.076190561056137,0.0414212346076965,0.0549222268164157,0.0801265984773635,,,12.0,0.182707279920578,1.4386521577835083,302.4351501464844,0.7133374214172363,285.05535888671875,268.7424621582031,0.000435113790445,1.105342149734497,100.0,0.0898226052522659,0.0924166673794389
20210119.0,0.145246148109436,0.1274631917476654,,,,0.0387658849358558,0.0406506545841693,,,,,,,,,,,,
20210120.0,0.1452411264181137,0.1040658205747604,,,,,,,,,,,,,,,,,
20210121.0,0.1452362239360809,0.0790056064724922,0.0453255400061607,0.0518522523343563,0.0718957483768463,,0.0271614734083414,12.0,0.182707279920578,1.4386521577835083,302.3160400390625,0.6973513960838318,286.4716186523437,268.50006103515625,0.0,1.0584009885787964,100.0,0.0876118093729019,0.0916666677221656
20210122.0,0.1452393382787704,0.0787991508841514,,,,,0.0218817722052335,,,,,,,,,,,,
20210123.0,0.1452447324991226,0.07907485216856,0.0444080382585525,0.0547483712434768,0.0760303884744644,,,12.0,0.182707279920578,1.4386521577835083,301.7336120605469,0.6866868138313293,285.73370361328125,267.9441833496094,0.000435113790445,1.0256065130233765,100.0,0.0869730785489082,0.0912916675830881
20210124.0,0.1452405899763107,0.1024299785494804,,,,0.0459136180579662,0.0502639859914779,,,,,,,,,,,,
20210125.0,0.1452310234308242,0.0845904052257537,,,,,,,,,,,,,,,,,
20210126.0,0.1452190726995468,0.0820972025394439,0.0433603003621101,0.0537918396294117,0.0792001187801361,,,12.0,0.182707279920578,1.4386521577835083,303.1209716796875,0.670728862285614,285.3262023925781,269.0927124023437,0.000435113790445,1.0626511573791504,100.0,0.0916449204087257,0.0912500008319815
20210127.0,0.1452134996652603,0.0963853523135185,,,,,0.0343333221971988,,,,,,,,,,,,
20210128.0,0.145213782787323,0.1064441129565239,,,,,,,,,,,,,,,,,
20210129.0,0.1452184170484542,0.1030469685792923,0.0423830933868885,0.0482076965272426,0.0682076439261436,0.0462424717843532,0.0504165776073932,12.0,0.182707279920578,1.4386521577835083,302.8421936035156,0.6548177599906921,287.1188659667969,269.4389038085937,0.0012986694928258,1.0066063404083252,100.0,0.0868486389517784,0.0907916671906908
20210130.0,0.1452178657054901,0.119456797838211,,,,,,,,,,,,,,,,,
20210131.0,0.145213708281517,0.1145104020833969,0.0403559878468513,0.0524965971708297,0.0700178295373916,,,12.0,0.182707279920578,1.4386521577835083,303.3245849609375,0.6443424224853516,287.5181884765625,268.523193359375,0.000435113790445,1.012762188911438,100.0,0.0883523821830749,0.0904166676724951
20210201.0,0.1452162563800811,0.1193782910704612,,,,0.0356727167963981,0.0415051728487014,,,,,,,,,,,,
20210202.0,0.1452153176069259,0.1138268113136291,,,,,,,,,,,,,,,,,
20210203.0,0.1452129483222961,0.1074255481362342,0.0407070331275463,0.0509849973022937,0.0711841061711311,0.030794721096754,0.0256355479359626,12.0,0.182707279920578,1.4386521577835083,303.6878967285156,0.6313875317573547,287.15203857421875,269.2340087890625,0.0017200664151459,0.9958378672599792,100.0,0.089601382613182,0.0903750003005068
20210204.0,0.1452038586139679,0.1051544845104217,,,,,,,,,,,,,,,,,
20210205.0,0.1452012956142425,0.121756687760353,,,,,,,,,,,,,,,,,
20210206.0,0.1452159732580185,0.1157418936491012,0.0445641204714775,0.0618415772914886,0.0834995508193969,0.0343410521745681,0.0386669524013996,12.0,0.182707279920578,1.4386521577835083,305.5968933105469,0.6255902051925659,286.7279663085937,268.9741516113281,0.0012891325168311,0.946270763874054,100.0,0.0967076569795608,0.0907619052699634
20210207.0,0.1451981663703918,0.0806694701313972,,,,,,,,,,,,,,,,,
20210208.0,0.145185962319374,0.0864335373044014,0.0399361066520214,0.0569834262132644,0.0808862596750259,,0.0253303628414869,12.0,0.182707279920578,1.4386521577835083,305.42730712890625,0.6215522289276123,288.14825439453125,271.18475341796875,0.0,0.9968505501747132,100.0,0.08972879499197,0.0907000012695789
20210209.0,0.1451657861471176,0.1383790522813797,,,,,0.0286568813025951,,,,,,,,,,,,
20210210.0,0.1451597064733505,0.1242465078830719,,,,,,,,,,,,,,,,,
20210211.0,0.1451526433229446,0.1083075404167175,,,,0.0333694145083427,0.0409863591194152,,,,,,,,,,,,
20210212.0,0.1451587677001953,0.1525684744119644,,,,,,,,,,,,,,,,,
20210214.0,0.1451773196458816,0.0881383866071701,0.0414727590978145,0.0507516972720623,0.0712480172514915,,0.0257576219737529,12.0,0.182707279920578,1.4386521577835083,306.55401611328125,0.6094568967819214,289.3847961425781,271.4787902832031,0.0025757390540093,0.8918619751930237,100.0,0.0892828106880188,0.0901052638104087
20210215.0,0.1451954245567321,0.1323428153991699,,,,,,,,,,,,,,,,,
20210217.0,0.1455095410346985,0.1245572492480278,,,,,,,,,,,,,,,,,
20210604.0,0.1878632605075836,0.2715987265110016,,,,0.3538898825645447,0.408307135105133,,,,,,,,,,,,
20210605.0,0.1779907941818237,0.2449961304664611,,,,,,,,,,,,,,,,,
20210606.0,0.1842041760683059,0.2302552759647369,0.1869268119335174,0.1883224993944168,0.2103215903043747,,,12.0,0.182707279920578,1.4386521577835083,305.78289794921875,1.2634856700897217,268.8524169921875,239.42022705078125,7.242529392242432,1.8040655851364136,100.0,0.1643483489751815,0.168625000243386
20210607.0,0.2587437927722931,0.2586914896965027,,,,,0.2810449600219726,,,,,,,,,,,,
20210608.0,0.2338604182004928,0.2504703402519226,0.2396084815263748,0.2520537674427032,0.2759644985198974,,,12.0,0.182707279920578,1.4386521577835083,305.48760986328125,1.3007677793502808,259.6182556152344,230.0098876953125,0.2563910484313965,2.461852550506592,100.0,0.1886122077703476,0.218739128631094
20210609.0,0.213858425617218,0.2624596357345581,,,,0.2691005766391754,0.2831812500953674,,,,,,,,,,,,
20210610.0,0.2324937582015991,0.2525881230831146,,,,,,,,,,,,,,,,,
20210611.0,0.2206929177045822,0.2585596144199371,0.2076241672039032,0.2420454770326614,0.2654548287391662,,,12.0,0.182707279920578,1.4386521577835083,305.59552001953125,1.3435317277908323,260.4764099121094,231.1669311523437,18.5964412689209,2.220952033996582,100.0,0.1937594264745712,0.235208333159486
20210612.0,0.3472291529178619,0.2643539309501648,,,,0.3076529800891876,0.3737907111644745,,,,,,,,,,,,
20210613.0,0.352141261100769,0.255359947681427,,,,,,,,,,,,,,,,,
20210614.0,0.297719806432724,0.243523895740509,0.2404352575540542,0.238940879702568,0.2633130252361297,0.2143936157226562,0.312173843383789,12.0,0.182707279920578,1.4386521577835083,303.9183959960937,1.350916028022766,261.0051574707031,231.6383056640625,0.5985594391822815,3.743705034255981,100.0,0.1874901354312896,0.187666665762663
20210615.0,0.2796131074428558,0.2325471639633178,,,,,,,,,,,,,,,,,
20210616.0,0.3384935259819031,0.2261157929897308,0.1745875626802444,0.1961984038352966,0.2059246450662613,,,12.0,0.182707279920578,1.4386521577835083,301.5555114746094,1.356724500656128,269.8485412597656,246.65380859375,0.970539093017578,3.291640043258667,100.0,0.157473623752594,0.151916667819023
20210617.0,0.295619398355484,0.2141643911600113,,,,0.1322957426309585,0.1801812797784805,,,,,,,,,,,,
20210618.0,0.2619002759456634,0.2087106257677078,,,,,,,,,,,,,,,,,
20210619.0,0.2357684224843979,0.1993673294782638,0.1074359193444252,0.1190626174211502,0.1379339694976806,,0.0751670897006988,12.0,0.182707279920578,1.4386521577835083,303.9644775390625,1.3654470443725586,279.6709899902344,260.3275451660156,0.5241611003875732,2.7794528007507324,100.0,0.1247567981481552,0.130708331242204
20210620.0,0.2472729533910751,0.2048360854387283,,,,,0.0741294622421264,,,,,,,,,,,,
20210621.0,0.3975912034511566,0.2767741680145263,,,,,,,,,,,,,,,,,
20210622.0,0.3843726813793182,0.2587985694408417,0.2821078896522522,0.2948439717292785,0.3276851177215576,0.2726684808731079,0.2941679060459137,12.0,0.182707279920578,1.4386521577835083,300.2344665527344,1.3741804361343384,252.2060089111328,222.43121337890625,4.141869068145752,3.4112870693206787,100.0,0.2294663190841674,0.217750000456969
20210623.0,0.3598173856735229,0.2641272842884063,,,,,,,,,,,,,,,,,
20210624.0,0.3528148233890533,0.243634283542633,0.2840332984924316,0.2948983013629913,0.3503868877887726,,,12.0,0.182707279920578,1.4386521577835083,300.0955810546875,1.3802274465560913,249.14523315429688,216.4205322265625,1.853246808052063,3.0523743629455566,100.0,0.2398686110973358,0.250166663900018
20210625.0,0.323445975780487,0.2588008940219879,,,,,0.2673726677894592,,,,,,,,,,,,
20210626.0,0.3824170231819153,0.2676150500774383,,,,,,,,,,,,,,,,,
20210627.0,0.3442981243133545,0.2546325027942657,0.2453457564115524,0.2729665637016296,0.3130574822425842,0.2610524296760559,0.2863551676273346,12.0,0.182707279920578,1.4386521577835083,301.702392578125,1.3949192762374878,253.62710571289065,222.6503753662109,0.0001291434018639,4.316207885742188,100.0,0.223666101694107,0.228416667009393
20210628.0,0.3072316944599151,0.2414134740829467,,,,,,,,,,,,,,,,,
20210629.0,0.2931346595287323,0.2258828729391098,,,,,,,,,,,,,,,,,
20210630.0,0.3006642460823059,0.2143889665603637,0.1569143384695053,0.1570035070180893,0.1732341349124908,0.1250009834766388,0.1960509121417999,12.0,0.182707279920578,1.4386521577835083,301.7803955078125,1.424419641494751,273.767333984375,250.8314514160156,17.689355850219727,3.503889560699463,100.0,0.1444854289293289,0.161749998728434
20210701.0,0.3837956190109253,0.2333011627197265,,,,,,,,,,,,,,,,,
20210703.0,0.3405762016773224,0.2477510124444961,,,,,,,,,,,,,,,,,
20210704.0,0.3104459941387176,0.2485119700431823,,,,,,,,,,,,,,,,,
20210705.0,0.2904254496097564,0.2300716936588287,0.2205631136894226,0.217038094997406,0.2318818271160125,0.1558177173137664,0.1893978714942932,12.0,0.182707279920578,1.4386521577835083,300.9468688964844,1.472943902015686,265.04571533203125,240.21435546875,0.8817646503448486,3.376746416091919,100.0,0.1808439791202545,0.15254166846474
20210706.0,0.2717050313949585,0.2180066704750061,,,,,,,,,,,,,,,,,
20210707.0,0.2504351437091827,0.2074746936559677,,,,,0.1156041175127029,,,,,,,,,,,,
20210708.0,0.2318748831748962,0.2028661966323852,0.1091924235224723,0.1098740845918655,0.1301902085542678,,0.0770897567272186,12.0,0.182707279920578,1.4386521577835083,301.816162109375,1.5022196769714355,280.43511962890625,261.2169189453125,0.2578487694263458,2.71982216835022,100.0,0.1230807900428772,0.12929166542987
20210710.0,0.2351549416780471,0.2090051472187042,0.1347203850746154,0.1312771737575531,0.1505839377641677,0.0919050276279449,0.1421857327222824,12.0,0.182707279920578,1.4386521577835083,300.7745666503906,1.5223463773727417,277.037353515625,258.115966796875,1.448557734489441,2.7283172607421875,100.0,0.1349698603153228,0.139791667461395
20210711.0,0.2345787733793258,0.2751211822032928,,,,,,,,,,,,,,,,,
20210712.0,0.2629379034042358,0.251344084739685,,,,,,,,,,,,,,,,,
20210713.0,0.2620900273323059,0.2688234448432922,0.1713887155055999,0.1722340732812881,0.1921683549880981,,0.1708731353282928,12.0,0.182707279920578,1.4386521577835083,301.46533203125,1.5666166543960571,270.73992919921875,244.905502319336,2.0664687156677246,3.209883451461792,100.0,0.1693872511386871,0.241500001062046
20210714.0,0.2984015047550201,0.2612088024616241,,,,,,,,,,,,,,,,,
20210715.0,0.3231182992458343,0.2578437328338623,,,,0.2357348054647445,0.2658162117004394,,,,,,,,,,,,
20210716.0,0.3301738202571869,0.2934210300445556,0.2718450129032135,0.3048016428947449,0.3478868901729584,,,12.0,0.182707279920578,1.4386521577835083,300.1302795410156,1.6481797695159912,250.56692504882807,220.86257934570312,6.469995498657227,2.7541635036468506,100.0,0.2502007186412811,0.226208331684271
20210717.0,0.3963228166103363,0.2643988728523254,,,,,,,,,,,,,,,,,
20210718.0,0.3670889139175415,0.2825533449649811,0.2848691642284393,0.2906430065631866,0.3629138469696045,0.2789100408554077,0.2926725149154663,12.0,0.182707279920578,1.4386521577835083,299.622802734375,1.702134132385254,247.5914306640625,214.0477600097656,0.5293488502502441,2.874203681945801,100.0,0.2564993500709533,0.258458330606421
20210719.0,0.3321143388748169,0.2789273858070373,,,,,,,,,,,,,,,,,
20210720.0,0.3043450713157654,0.2613313496112823,,,,0.1984137594699859,0.2802819907665252,,,,,,,,,,,,
20210721.0,0.2852930426597595,0.2417827993631363,0.2127972841262817,0.2254555374383926,0.2518171966075897,,,12.0,0.182707279920578,1.4386521577835083,300.5393981933594,1.7837982177734375,262.4347839355469,234.6837921142578,0.784137487411499,2.8702292442321777,100.0,0.202082946896553,0.20975000038743
20210722.0,0.2705888152122497,0.2362755835056305,,,,,,,,,,,,,,,,,
20210723.0,0.2600532174110412,0.2293413579463958,,,,0.1333353221416473,0.1624500304460525,,,,,,,,,,,,
20210724.0,0.2492045611143112,0.2180657386779785,0.1576705425977707,0.15106101334095,0.1704923510551452,,,12.0,0.182707279920578,1.4386521577835083,300.89794921875,1.8663409948349,273.2872314453125,249.06710815429688,0.5165894627571106,2.524866819381714,100.0,0.1623782962560653,0.175000001986822
20210725.0,0.2431914508342743,0.2217667996883392,,,,,0.1496017277240753,,,,,,,,,,,,
20210726.0,0.2361633330583572,0.2084955275058746,0.1264887899160385,0.140037789940834,0.1590433567762375,,0.0685750916600227,12.0,0.182707279920578,1.4386521577835083,301.50164794921875,1.921812653541565,275.0172119140625,254.77964782714844,0.4601180553436279,2.6917550563812256,100.0,0.1504864990711212,0.159916668509444
20210727.0,0.2257609963417053,0.2543076276779175,,,,,,,,,,,,,,,,,
20210728.0,0.236074760556221,0.2738423645496368,,,,0.2415520995855331,0.3380840420722961,,,,,,,,,,,,
20210729.0,0.2422205656766891,0.2711782157421112,0.2317129075527191,0.2399765402078628,0.2828234434127807,,,12.0,0.182707279920578,1.4386521577835083,300.8276062011719,2.0045835971832275,257.1345520019531,226.58316040039065,1.5851224660873413,2.656475067138672,100.0,0.2363851070404052,0.248874998961886
20210730.0,0.2545978426933288,0.2406280487775802,,,,,,,,,,,,,,,,,
20210731.0,0.3805299997329712,0.24628746509552,,,,,0.1924497187137603,,,,,,,,,,,,
20210801.0,0.3747877180576324,0.2791576087474823,0.2536087334156036,0.2738313376903534,0.3201422095298767,,,12.0,0.182707279920578,1.4386521577835083,299.80084228515625,2.085113763809204,253.4404296875,223.48989868164065,5.126044273376465,3.74038290977478,100.0,0.2443750649690628,0.251291663696369
20210802.0,0.3304061591625213,0.2607612311840057,,,,0.2032622992992401,0.2482070326805114,,,,,,,,,,,,
20210803.0,0.3162623345851898,0.2368957847356796,0.211211010813713,0.2152342498302459,0.245606243610382,,,12.0,0.182707279920578,1.4386521577835083,301.6885070800781,2.139317512512207,263.62255859375,235.4098663330078,4.199357509613037,3.653361558914185,100.0,0.2081081122159958,0.224458333104849
20210804.0,0.3938249349594116,0.2512860894203186,,,,,,,,,,,,,,,,,
20210805.0,0.4169181883335113,0.2806907594203949,,,,0.216371551156044,0.236793115735054,,,,,,,,,,,,
20210806.0,0.4140805900096893,0.2699552476406097,0.2464920878410339,0.241758644580841,0.2828170657157898,,,12.0,0.182707279920578,1.4386521577835083,299.2463684082031,2.2212843894958496,258.1894836425781,228.41580200195312,5.910186767578125,3.074132442474365,100.0,0.2356026619672775,0.260333334406217
20210807.0,0.4026206135749817,0.3089231550693512,,,,0.220562070608139,0.2795190215110779,,,,,,,,,,,,
20210808.0,0.3876186907291412,0.2844536900520324,,,,,,,,,,,,,,,,,
20210809.0,0.4155856966972351,0.26785409450531,0.3248973786830902,0.3886867761611938,0.4238945245742798,,,12.0,0.182707279920578,1.4386521577835083,298.9729919433594,2.3040452003479004,238.75454711914065,208.5829467773437,8.608967781066895,3.5638537406921387,100.0,0.2856219708919525,0.290791666756074
20210810.0,0.3994938433170318,0.2876803278923034,,,,0.2767929136753082,0.3024384379386902,,,,,,,,,,,,
20210811.0,0.4143884778022766,0.2951507866382599,0.3013923168182373,0.2970099747180938,0.3673000931739807,,,12.0,0.182707279920578,1.4386521577835083,298.8263854980469,2.3594233989715576,249.29641723632807,217.4599609375,13.015134811401367,3.246532678604126,100.0,0.2641810476779938,0.266541667282581
20210812.0,0.4109667241573334,0.3017812371253967,,,,,0.2979216873645782,,,,,,,,,,,,
20210813.0,0.4371623694896698,0.3014633357524872,,,,,,,,,,,,,,,,,
20210814.0,0.413644790649414,0.3016609847545624,0.344264805316925,0.3586577177047729,0.4238945245742798,,,12.0,0.182707279920578,1.4386521577835083,298.3573303222656,2.437020063400269,241.0583038330078,209.9728240966797,1.662156581878662,2.567796230316162,100.0,0.2900806069374084,0.275681815364144
20210815.0,0.3943983614444732,0.2890666127204895,,,,0.2740394175052643,0.3230384290218353,,,,,,,,,,,,
20210816.0,0.3688668012619018,0.2832270860671997,,,,,,,,,,,,,,,,,
20210817.0,0.375709056854248,0.2765247821807861,0.2851278781890869,0.2724439799785614,0.3246415853500366,,,12.0,0.182707279920578,1.4386521577835083,299.37677001953125,2.499098539352417,254.1371307373047,224.00469970703125,8.188751220703125,2.881797790527344,100.0,0.2558440268039703,0.261409093710509
20210818.0,0.3996317386627197,0.2843953371047973,,,,,0.1767326891422271,,,,,,,,,,,,
20210819.0,0.3758803606033325,0.3066087961196899,0.3272377550601959,0.3022824227809906,0.3910976946353912,,,12.0,0.182707279920578,1.4386521577835083,299.8348693847656,2.541123628616333,247.11538696289065,213.9044952392578,5.222813129425049,2.971632480621338,100.0,0.2787733674049377,0.286869566077771
20210820.0,0.4065421819686889,0.2887790203094482,,,,0.2607715725898742,0.3108615279197693,,,,,,,,,,,,
20210821.0,0.4321461319923401,0.2814108729362488,,,,,,,,,,,,,,,,,
20210822.0,0.421394944190979,0.3078289330005646,0.339177668094635,0.3320940732955932,0.4195843935012817,,,12.0,0.182707279920578,1.4386521577835083,299.3906555175781,2.6045234203338623,244.8646850585937,213.25637817382807,4.765010356903076,3.608470916748047,100.0,0.2780589461326599,0.287458335359891
20210823.0,0.4074430465698242,0.2959596216678619,,,,0.2754878103733063,0.2797631621360779,,,,,,,,,,,,
20210824.0,0.4097070097923279,0.2971030473709106,,,,,,,,,,,,,,,,,
20210825.0,0.4151180386543274,0.283247709274292,0.3235962688922882,0.3142203986644745,0.3993221819400787,0.2553640902042389,0.3168126344680786,12.0,0.182707279920578,1.4386521577835083,299.0853881835937,2.6683578491210938,247.6988220214844,215.6312255859375,9.580512046813965,3.1364362239837646,100.0,0.2756895124912262,0.263874996453524
20210826.0,0.4246463775634765,0.2898677587509155,,,,,,,,,,,,,,,,,
20210827.0,0.4207309782505035,0.3006975352764129,0.3097290098667145,0.3119066655635834,0.3810119330883026,,,12.0,0.182707279920578,1.4386521577835083,298.57916259765625,2.710015058517456,248.93338012695312,218.54983520507807,14.304996490478516,2.8303685188293457,100.0,0.274235337972641,0.259478263233019
20210828.0,0.4318519234657287,0.2967168092727661,,,,0.3280482888221741,0.3773918747901916,,,,,,,,,,,,
20210829.0,0.4101867973804474,0.3144498765468597,,,,,,,,,,,,,,,,,
20210830.0,0.4286941587924957,0.3046059310436249,0.3330552577972412,0.3105890154838562,0.3855912983417511,,0.3926816582679748,12.0,0.182707279920578,1.4386521577835083,298.74578857421875,2.7434444427490234,248.50180053710932,217.56741333007807,35.24507141113281,2.883195161819458,100.0,0.284274697303772,0.290208335965872
20210831.0,0.422880470752716,0.3167136013507843,,,,,,,,,,,,,,,,,
20210901.0,0.3962813913822174,0.3199220895767212,,,,,,,,,,,,,,,,,
20210902.0,0.4054807126522064,0.3246426284313202,0.3923319876194,0.4207567572593689,0.4238945245742798,0.3914512395858764,0.4793237149715423,12.0,0.182707279920578,1.4386521577835083,299.3044738769531,2.700007438659668,233.1917724609375,201.1127319335937,12.276747703552246,3.19424057006836,100.0,0.301103413105011,0.291217391905577
20210903.0,0.4262894093990326,0.3291381895542145,,,,,,,,,,,,,,,,,
20210904.0,0.4067718982696533,0.3123968839645386,0.3581795692443847,0.3410239517688751,0.4238945245742798,,0.4815820753574371,12.0,0.182707279920578,1.4386521577835083,298.9891662597656,2.6730525493621826,243.5327911376953,211.90240478515625,0.7523351311683655,3.185023784637451,100.0,0.2861949801445007,0.269708334157864
20210905.0,0.3996869921684265,0.3171035647392273,,,,,0.2580339908599853,,,,,,,,,,,,
20210906.0,0.3954587578773498,0.3236826956272125,,,,,,,,,,,,,,,,,
20210907.0,0.3795638382434845,0.3017666339874267,0.3688088059425354,0.3624729514122009,0.4238945245742798,0.2884072959423065,0.3339335322380066,12.0,0.182707279920578,1.4386521577835083,301.119384765625,2.632764339447021,244.1483154296875,214.82931518554688,0.1685410737991333,4.524980068206787,100.0,0.2744446694850921,0.272739135700723
20210908.0,0.3763075768947601,0.2978976368904114,,,,,,,,,,,,,,,,,
20210909.0,0.4316370189189911,0.3173591792583465,,,,,,,,,,,,,,,,,
20210910.0,0.4094244837760925,0.3102770447731018,0.3499830961227417,0.3215404450893402,0.393060952425003,0.2746436297893524,0.4199346899986267,12.0,0.182707279920578,1.4386521577835083,300.5384216308594,2.592648506164551,248.21893310546875,218.1845245361328,1.8497427701950075,4.351712226867676,100.0,0.2582975924015045,0.275374998648961
20210911.0,0.4262179434299469,0.3042567372322082,,,,,,,,,,,,,,,,,
20210912.0,0.4125335216522217,0.3329232037067413,0.365465760231018,0.3690744340419769,0.4238945245742798,0.2764179110527038,0.3877986967563629,12.0,0.182707279920578,1.4386521577835083,299.9908142089844,2.566531181335449,242.45152282714844,212.60568237304688,0.3362748324871063,3.876168727874756,100.0,0.2813052535057068,0.283833333601554
20210913.0,0.387807697057724,0.2950726151466369,,,,,,,,,,,,,,,,,
20210914.0,0.3879457116127014,0.2980614006519317,,,,,,,,,,,,,,,,,
20210915.0,0.430493414402008,0.3106104135513305,0.3341644406318664,0.3141419887542724,0.3904256522655487,0.2322196662425995,0.2735984325408935,12.0,0.182707279920578,1.4386521577835083,299.63153076171875,2.5410501956939697,248.5674743652344,217.6058959960937,18.780479431152344,4.055675506591797,100.0,0.2586295306682586,0.259565214100091
20210916.0,0.425449937582016,0.2946668863296509,,,,,,,,,,,,,,,,,
20210917.0,0.4121909439563751,0.2816033065319061,,,,,0.3288674652576446,,,,,,,,,,,,
20210918.0,0.4026122689247131,0.3139664530754089,0.3037880063056946,0.2898054718971252,0.3364395797252655,,,12.0,0.182707279920578,1.4386521577835083,300.61151123046875,2.551209688186645,254.1370849609375,226.02517700195312,0.1810365319252014,4.587432861328125,100.0,0.2373454123735427,0.243583330263694
20210919.0,0.3767066895961761,0.2766751945018768,,,,,,,,,,,,,,,,,
20210920.0,0.3574614524841308,0.2807035148143768,0.2719202637672424,0.258539617061615,0.2919890284538269,0.1788407415151596,0.2221137136220932,12.0,0.182707279920578,1.4386521577835083,301.2726745605469,2.557105541229248,259.6826171875,233.0941772460937,0.2201540619134903,4.783159732818604,100.0,0.2150967121124267,0.210583331684271
20210921.0,0.3429844975471496,0.2648236751556396,,,,,,,,,,,,,,,,,
20210922.0,0.3844026625156402,0.2659205794334411,,,,,0.1055024862289428,,,,,,,,,,,,
20210923.0,0.3913326859474182,0.2630317807197571,0.2314011007547378,0.2200998663902282,0.2485996484756469,,0.1490829139947891,12.0,0.182707279920578,1.4386521577835083,300.6895446777344,2.565956354141236,264.6328430175781,238.8885803222656,1.417959451675415,4.013764381408691,100.0,0.2045135051012039,0.180833333482345
20210924.0,0.4040016829967499,,,,,,,,,,,,,,,,,,
20210925.0,0.4106723368167877,0.2803923487663269,,,,0.2313321083784103,0.264595478773117,,,,,,,,,,,,
20210926.0,0.3942812979221344,0.2741848826408386,0.2403590232133865,0.2252036333084106,0.2583895325660705,,,12.0,0.182707279920578,1.4386521577835083,299.66064453125,2.5748157501220703,262.8419189453125,236.039306640625,0.0004231928905937,3.5489611625671387,100.0,0.2112960517406463,0.214208332821727
20210927.0,0.3823257982730865,0.2604120671749115,,,,,,,,,,,,,,,,,
20210928.0,0.4020682871341705,0.2637719810009002,0.2296004146337509,0.2249046713113784,0.2501012086868286,0.167924016714096,0.1770378798246383,12.0,0.182707279920578,1.4386521577835083,300.141357421875,2.579786539077759,264.7094421386719,239.9545440673828,0.3905691504478454,4.212024211883545,100.0,0.2024189680814743,0.179833336422841
20210929.0,0.3753934204578399,0.2396475076675415,,,,,,,,,,,,,,,,,
20210930.0,0.4170032143592834,0.2951361536979675,,,,0.2242500782012939,0.2540665864944458,,,,,,,,,,,,
20211001.0,0.4230290949344635,0.3029994070529938,0.2652920186519623,0.2804586589336395,0.3333601653575897,,,12.0,0.182707279920578,1.4386521577835083,300.79376220703125,2.563148498535156,254.81564331054688,225.6236572265625,6.59024715423584,4.006256103515625,100.0,0.2398516833782196,0.21566666662693
20211002.0,0.4053471386432647,0.2943379878997803,,,,,,,,,,,,,,,,,
20211003.0,0.3795506954193115,0.2777010500431061,,,,0.1807401478290558,0.2120425999164581,,,,,,,,,,,,
20211004.0,0.3645126223564148,0.2592061758041382,0.2144433110952377,0.2192582786083221,0.2533443570137024,,,12.0,0.182707279920578,1.4386521577835083,301.8382873535156,2.483717918395996,264.2176513671875,236.58973693847656,2.587146043777466,4.583742618560791,100.0,0.2001451253890991,0.169541665663322
20211005.0,0.3845765292644501,0.2504842877388,,,,,0.1923276484012603,,,,,,,,,,,,
20211006.0,0.3854318857192993,0.2780412435531616,0.2373313307762146,0.2604519724845886,0.2848337292671203,,,12.0,0.182707279920578,1.4386521577835083,301.5628356933594,2.4326891899108887,260.7716064453125,235.8175048828125,1.2857742309570312,4.86322546005249,100.0,0.2065953761339187,0.238238094108445
20211007.0,0.3558564782142639,0.2515081167221069,,,,,,,,,,,,,,,,,
20211008.0,0.332139104604721,0.2722715139389038,,,,0.1572557389736175,0.2001709043979644,,,,,,,,,,,,
20211009.0,0.3112518489360809,0.2416134774684906,0.1895278841257095,0.1953692138195037,0.2171977162361145,,,12.0,0.182707279920578,1.4386521577835083,301.8822937011719,2.356687307357788,268.99835205078125,245.0853576660156,0.3455261290073395,5.130749702453613,100.0,0.169095829129219,0.164375002806385
20211010.0,0.2964253723621368,0.2691739797592163,,,,,0.1408123970031738,,,,,,,,,,,,
20211011.0,0.2940049171447754,0.2880882024765014,,,,,0.1175573021173477,,,,,,,,,,,,
20211012.0,0.2784196138381958,0.2540135681629181,0.1850463598966598,0.1988623440265655,0.2216523438692093,,,12.0,0.182707279920578,1.4386521577835083,302.058349609375,2.28133511543274,268.2836303710937,243.72430419921875,0.0058041675947606,4.808574676513672,100.0,0.1741739809513092,0.147374998157223
20211013.0,0.2598504722118377,0.2486327290534973,,,,0.1303131133317947,0.1669972836971283,,,,,,,,,,,,
20211014.0,0.2438521534204483,0.2275727391242981,0.1509698927402496,0.1641627550125122,0.1846329569816589,,,12.0,0.182707279920578,1.4386521577835083,302.468505859375,2.231167316436768,273.8560791015625,251.3273468017578,0.0469351299107074,4.356942176818848,100.0,0.152382880449295,0.131749998778105
20211015.0,0.2306389659643173,0.2288708686828613,,,,,,,,,,,,,,,,,
20211016.0,0.2177926898002624,0.220984473824501,,,,0.0832774266600608,0.1025116741657257,,,,,,,,,,,,
20211017.0,0.205802634358406,0.2026216834783554,0.107937216758728,0.1154053434729576,0.1351880878210067,,,12.0,0.182707279920578,1.4386521577835083,302.8876342773437,2.148998975753784,280.3200988769531,258.507568359375,0.0017106533050537,4.275615215301514,100.0,0.130428746342659,0.121041667337219
20211018.0,0.2092539072036743,0.2267553210258484,,,,0.2322514206171035,0.3188574016094208,,,,,,,,,,,,
20211019.0,0.3405005633831024,0.2973036766052246,,,,,,,,,,,,,,,,,
20211020.0,0.3710358440876007,0.260771095752716,0.1923974305391311,0.1867834329605102,0.2114708721637725,,,12.0,0.182707279920578,1.4386521577835083,300.2903747558594,2.0482630729675293,268.86749267578125,242.850830078125,1.3283398151397705,3.356489896774292,100.0,0.1849201768636703,0.157041668271025
20211021.0,0.3447532057762146,0.2409446537494659,,,,0.1174089536070823,0.1499984711408615,,,,,,,,,,,,
20211022.0,0.353616327047348,0.232533723115921,0.1507226228713989,0.1483148634433746,0.1680760383605957,,,12.0,0.182707279920578,1.4386521577835083,301.7558898925781,1.982259511947632,275.22265625,254.00167846679688,8.276060104370117,4.829061031341553,100.0,0.1369369775056839,0.131833335384727
20211023.0,0.379338651895523,0.2528519928455353,,,,,0.2180852741003036,,,,,,,,,,,,
20211024.0,0.3722635507583618,0.2761976420879364,,,,,,,,,,,,,,,,,
20211025.0,0.359233558177948,0.2851234078407287,0.2074086964130401,0.217164546251297,0.2393499463796615,,,12.0,0.182707279920578,1.4386521577835083,300.0967102050781,1.8842592239379885,264.98028564453125,239.55772399902344,0.0044199670664966,3.227245807647705,100.0,0.189336821436882,0.126500003039837
20211026.0,0.3266322314739227,0.2563336491584778,,,,0.146430104970932,0.191381573677063,,,,,,,,,,,,
20211027.0,0.2999947071075439,0.2393200546503067,,,,,,,,,,,,,,,,,
20211028.0,0.2801999449729919,0.2160816192626953,0.1399080455303192,0.1437200605869293,0.162969097495079,,0.0542008727788925,12.0,0.182707279920578,1.4386521577835083,301.90948486328125,1.7874640226364136,275.56982421875,252.76577758789065,1.378079891204834,3.9422760009765625,100.0,0.1467724442481994,0.119000001189609
20211029.0,0.2723938524723053,0.224139466881752,,,,,0.0923490077257156,,,,,,,,,,,,
20211030.0,0.2520481944084167,0.204139232635498,0.1312322616577148,0.1429090201854705,0.1615030169486999,,,12.0,0.182707279920578,1.4386521577835083,302.3839416503906,1.724183440208435,275.9078369140625,255.69239807128903,0.0034338894765824,4.1470561027526855,100.0,0.1343657076358795,0.116083331716557
20211031.0,0.234276071190834,0.2235274165868759,,,,0.0945992246270179,0.125949889421463,,,,,,,,,,,,
20211101.0,0.2193224281072616,0.2054867595434188,,,,,,,,,,,,,,,,,
20211102.0,0.206679418683052,0.1869904696941375,0.1076221913099289,0.1118366792798042,0.1317649930715561,,,12.0,0.182707279920578,1.4386521577835083,302.2374267578125,1.6449546813964844,279.8460693359375,260.056884765625,0.00171988341026,3.74050235748291,100.0,0.1234452947974205,0.112791668002804
20211103.0,0.1952114850282669,0.1946126818656921,,,,0.0522256717085838,0.0785546451807022,,,,,,,,,,,,
20211104.0,0.1853433549404144,0.1787114143371582,,,,,,,,,,,,,,,,,
20211105.0,0.1774810403585434,0.1853873282670974,0.0899569243192672,0.0928901061415672,0.1138966009020805,0.0552961528301239,0.074465163052082,12.0,0.182707279920578,1.4386521577835083,303.99102783203125,1.604882001876831,282.7071533203125,264.3461303710937,0.1022994518280029,3.3720803260803223,100.0,0.1179408207535743,0.110791667054097
20211106.0,0.1712729781866073,0.2066615521907806,,,,,,,,,,,,,,,,,
20211107.0,0.1652577817440033,0.1937941312789917,0.0915787294507026,0.097482718527317,0.1241729855537414,,,12.0,0.182707279920578,1.4386521577835083,303.9292297363281,1.5773401260375977,280.94268798828125,266.0272216796875,0.0023879422806203,3.16818642616272,100.0,0.1170174330472946,0.109416667061547
20211108.0,0.1605748981237411,0.1748664677143097,,,,0.0522112138569355,0.0684224963188171,,,,,,,,,,,,
20211109.0,0.1576509177684784,0.1725062131881714,,,,,,,,,,,,,,,,,
20211110.0,0.1688483953475952,0.2054208517074585,0.1103303357958793,0.1127396821975708,0.1328669786453247,0.0617371797561645,0.0885647162795066,12.0,0.182707279920578,1.4386521577835083,303.5470886230469,1.5362224578857422,279.6296691894531,261.15692138671875,0.0968511700630188,2.769440174102783,100.0,0.1261857450008392,0.10812500026077
20211111.0,0.1693199127912521,0.2615435123443603,,,,,,,,,,,,,,,,,
20211112.0,0.2341837882995605,0.2080578356981277,,,,,,,,,,,,,,,,,
20211113.0,0.2185063809156417,0.2413684725761413,0.171447217464447,0.1742480993270874,0.1887325048446655,0.1318798810243606,0.1709646880626678,12.0,0.182707279920578,1.4386521577835083,303.3388061523437,1.4953391551971436,270.41864013671875,245.78353881835932,0.3440959453582763,3.179513692855835,100.0,0.1605879366397857,0.160333332295219
20211114.0,0.2037005424499511,0.2075144201517105,,,,,,,,,,,,,,,,,
20211115.0,0.1892826557159423,0.2178267687559127,0.1324837654829025,0.1360429376363754,0.1516650468111038,,0.0849940478801727,12.0,0.182707279920578,1.4386521577835083,303.9837646484375,1.4679449796676636,276.71014404296875,255.16409301757807,0.0011662641773,2.953068971633911,100.0,0.1351261883974075,0.135708333303531
20211116.0,0.1779633164405822,0.1879764795303344,,,,,0.0593890212476253,,,,,,,,,,,,
20211117.0,0.1684414595365524,0.2026669383049011,,,,,,,,,,,,,,,,,
20211118.0,0.1613815426826477,0.1837553530931472,0.0954147353768348,0.1003249362111091,0.1214405745267868,0.0636652782559394,0.0937223434448242,12.0,0.182707279920578,1.4386521577835083,303.7323913574219,1.4202078580856323,281.2716369628906,263.7152099609375,0.0008583068847656,2.5442185401916504,100.0,0.1191548928618431,0.121291667222977
20211119.0,0.1558687537908554,0.1720748394727707,,,,,,,,,,,,,,,,,
20211120.0,0.1520956009626388,0.1760064959526062,,,,,,,,,,,,,,,,,
20211121.0,0.1494824290275573,0.1520570218563079,0.0662901028990745,0.0807291641831398,0.1034616455435752,,0.0562150962650775,12.0,0.182707279920578,1.4386521577835083,303.7996826171875,1.3549892902374268,283.4820556640625,266.95770263671875,0.0,2.201141834259033,100.0,0.1071735620498657,0.11483333290865
20211122.0,0.1480761915445327,0.1743399053812027,,,,,,,,,,,,,,,,,
20211123.0,0.147215723991394,0.1651696413755417,0.0628229901194572,0.0806921869516372,0.1070005819201469,0.035996813327074,0.0465102083981037,12.0,0.182707279920578,1.4386521577835083,304.6727600097656,1.3122915029525757,283.5517578125,268.787353515625,0.0008553265943191,2.0799496173858643,100.0,0.1065094470977783,0.11191666778177
20211124.0,0.1466931402683258,0.1491335332393646,,,,,,,,,,,,,,,,,
20211125.0,0.146406203508377,0.1483359783887863,,,,,,,,,,,,,,,,,
20211126.0,0.1461718529462814,0.1423693150281906,0.0587436072528362,0.0735752284526825,0.0978409871459007,0.0354138128459453,0.0477614663541317,12.0,0.182707279920578,1.4386521577835083,304.1754455566406,1.2487499713897705,284.6842041015625,268.5885314941406,0.0,1.829923748970032,100.0,0.1026332229375839,0.109083334294458
20211127.0,0.1460417658090591,0.1595090925693512,,,,,,,,,,,,,,,,,
20211128.0,0.1459627598524093,0.1500382274389267,,,,0.0227512326091527,0.0279854740947484,,,,,,,,,,,,
20211129.0,0.1458654999732971,0.1371088474988937,0.0531110800802707,0.0670379176735878,0.0901130586862564,,,12.0,0.182707279920578,1.4386521577835083,304.4571533203125,1.1858141422271729,285.8602905273437,268.88336181640625,0.000435113790445,1.7124470472335815,100.0,0.10106061398983,0.107208332667748
20211130.0,0.1457977592945099,0.1504563391208648,,,,,,,,,,,,,,,,,
20211201.0,0.1457641273736953,0.1309872269630432,0.0530644506216049,0.0720385909080505,0.0982162430882453,0.0307510495185852,0.0424512475728988,12.0,0.182707279920578,1.4386521577835083,304.31671142578125,1.144214749336243,284.583740234375,269.3312072753906,0.0017225741175934,1.7056126594543457,100.0,0.1019741296768188,0.106374998266498
20211202.0,0.1456778943538665,0.1490035355091095,,,,,,,,,,,,,,,,,
20211203.0,0.1456568539142608,0.1396354138851165,,,,,0.0328379161655902,,,,,,,,,,,,
20211204.0,0.145626425743103,0.1345414221286773,0.0495960600674152,0.067731074988842,0.0924950093030929,,0.0186773277819156,12.0,0.182707279920578,1.4386521577835083,303.7053527832031,1.0828578472137451,285.0943603515625,268.9346923828125,0.0042863632552325,1.5421308279037476,100.0,0.0994969606399536,0.105250000643233
20211205.0,0.1455931365489959,0.1534810960292816,,,,,,,,,,,,,,,,,
20211206.0,0.1455246806144714,0.1259843856096267,,,,0.0349946431815624,0.0525528751313686,,,,,,,,,,,,
20211207.0,0.1454987227916717,0.140113890171051,0.0456986315548419,0.0674438849091529,0.0946755111217498,,,12.0,0.182707279920578,1.4386521577835083,303.3671264648437,1.0234938859939575,283.78582763671875,268.8048095703125,0.0017238897271454,1.3914872407913208,100.0,0.1006610840559005,0.104500000054638
20211208.0,0.1454961746931076,0.1390923261642456,,,,,,,,,,,,,,,,,
20211209.0,0.1454736739397049,0.1347940564155578,0.0442518070340156,0.0704444199800491,0.0925729200243949,,0.0310983620584011,12.0,0.182707279920578,1.4386521577835083,302.1353759765625,0.984198808670044,284.24786376953125,267.1051025390625,0.0017239907756447,1.388774871826172,100.0,0.0960216075181961,0.103666665963829
20211210.0,0.1454647928476333,0.1304928064346313,,,,,,,,,,,,,,,,,
20211211.0,0.1454357206821441,0.1196455880999565,,,,0.0394181720912456,0.0459303557872772,,,,,,,,,,,,
20211212.0,0.1454133838415146,0.1310673654079437,0.0472776480019092,0.0511501468718051,0.0717371553182601,,,12.0,0.182707279920578,1.4386521577835083,302.7125244140625,0.925729751586914,286.3016357421875,268.7015991210937,0.0,1.321048617362976,100.0,0.0914374887943267,0.102999999187887
20211213.0,0.1453866958618164,0.1268308907747268,,,,,,,,,,,,,,,,,
20211214.0,0.1453888118267059,0.1294049769639969,,,,0.0312396753579378,0.0424817651510238,,,,,,,,,,,,
20211215.0,0.1454111486673355,0.1212056949734687,0.0496747940778732,0.0581415630877018,0.0800371840596199,,,12.0,0.182707279920578,1.4386521577835083,304.0689697265625,0.8678295016288757,285.94873046875,268.2908935546875,0.0004410743713378,1.1521787643432615,100.0,0.0990193709731102,0.103124998820325
20211216.0,0.1453796327114105,0.1342416554689407,,,,0.0161537490785121,0.0152287362143397,,,,,,,,,,,,
20211217.0,0.1453497856855392,0.1180719211697578,0.0516649186611175,0.0587487518787384,0.0804009288549423,,,12.0,0.182707279920578,1.4386521577835083,302.24041748046875,0.8297610282897949,284.8598022460937,267.14959716796875,0.000435113790445,1.1832711696624756,100.0,0.0935955867171287,0.102125000829498
20211218.0,0.1453441977500915,0.1165075600147247,,,,,,,,,,,,,,,,,
20211219.0,0.1453455239534378,0.12118761241436,,,,0.0427000969648361,0.0495925769209861,,,,,,,,,,,,
20211220.0,0.1453493237495422,0.1053763404488563,0.04498141258955,0.0440975986421108,0.06415256857872,,,12.0,0.182707279920578,1.4386521577835083,301.3427429199219,0.7786151170730591,285.94171142578125,268.8959655761719,0.0012934207916259,1.0555135011672974,100.0,0.0855768844485282,0.101333334731559
20211221.0,0.1453529447317123,0.1129323542118072,,,,,0.0425428040325641,,,,,,,,,,,,
20211222.0,0.1453309953212738,0.1208194717764854,,,,,0.0325022116303443,,,,,,,,,,,,
20211223.0,0.1453115791082382,0.1151808351278305,0.0476620346307754,0.0483958758413791,0.0681259185075759,,,12.0,0.182707279920578,1.4386521577835083,302.84735107421875,0.7422233819961548,285.7850646972656,268.1937866210937,0.0,1.0594947338104248,100.0,0.0927726104855537,0.101500000804663
20211224.0,0.1453004032373428,0.1118009537458419,,,,0.0369674786925315,0.0531937628984451,,,,,,,,,,,,
20211225.0,0.1452950239181518,0.1153389811515808,0.0454210676252841,0.0529148317873477,0.0768322050571441,,,12.0,0.182707279920578,1.4386521577835083,302.7619934082031,0.7177400588989258,285.1335144042969,268.43182373046875,0.0,1.0439839363098145,100.0,0.092708833515644,0.10050000064075
20211226.0,0.1452852636575698,0.1061156839132309,,,,,,,,,,,,,,,,,
20211227.0,0.145289272069931,0.1153571903705596,,,,,0.03476058319211,,,,,,,,,,,,
20211228.0,0.1452768594026565,0.1056929975748062,0.0476470999419689,0.0556229129433631,0.0804628729820251,,,12.0,0.182707279920578,1.4386521577835083,302.4844055175781,0.6812168955802917,284.3663024902344,267.95574951171875,0.0012814997462555,0.9789079427719116,100.0,0.0931575745344162,0.0998333329334855
20211229.0,0.1452894508838653,0.1085446998476982,,,,0.0361747965216636,0.046632282435894,,,,,,,,,,,,
20211230.0,0.1452824622392654,0.109381265938282,,,,,,,,,,,,,,,,,
20211231.0,0.1452713757753372,0.0964681506156921,0.0549279898405075,0.0513130463659763,0.0753629952669143,,,12.0,0.182707279920578,1.4386521577835083,302.2367553710937,0.6445176601409912,284.8553466796875,268.32623291015625,0.0008523463038727,0.8950441479682922,100.0,0.0904029682278633,0.0994999992350737
20220101.0,0.1452637016773224,0.0941098406910896,,,,0.0314153283834457,0.0342112481594085,,,,,,,,,,,,
20220102.0,0.1452538520097732,0.1006054207682609,0.0487525761127471,0.0548946186900138,0.0781463831663131,,,12.0,0.182707279920578,1.4386521577835083,302.9172058105469,0.6255794763565063,284.764892578125,267.7557983398437,0.0,0.932492971420288,100.0,0.0934279114007949,0.0993333334724108
20220103.0,0.1452623903751373,0.1343619674444198,,,,0.0232673734426498,0.0236518457531929,,,,,,,,,,,,
20220104.0,0.1454546451568603,0.096156433224678,,,,,,,,,,,,,,,,,
20220105.0,0.1453451812267303,0.0917610526084899,0.0515531450510025,0.0507233552634716,0.0685069113969802,,,12.0,0.182707279920578,1.4386521577835083,303.4813232421875,0.6053495407104492,286.1573486328125,267.58123779296875,0.0,0.8566712141036987,100.0,0.0930274873971939,0.0990833329657714
20220106.0,0.1452800035476684,0.1023052707314491,,,,0.0260178185999393,0.0307321399450302,,,,,,,,,,,,
20220107.0,0.145243227481842,0.0964183807373046,,,,,,,,,,,,,,,,,
20220108.0,0.1452245265245437,0.0941186398267746,0.0489136986434459,0.0527065396308898,0.0741291716694831,,0.0312509536743164,12.0,0.182707279920578,1.4386521577835083,303.4467163085937,0.5847824811935425,285.99395751953125,268.4358825683594,0.0,0.8549165725708008,100.0,0.0917626246809959,0.098750000509123
20220109.0,0.145220547914505,0.0961977466940879,,,,,,,,,,,,,,,,,
20220110.0,0.1452224552631378,0.1073328703641891,0.0447588302195072,0.0555882900953292,0.0774940773844719,,,12.0,0.182707279920578,1.4386521577835083,303.11505126953125,0.5711154937744141,285.77252197265625,268.1508178710937,0.0012858444824814,0.840261697769165,100.0,0.0910322517156601,0.0983333339293798
20220111.0,0.1452202647924423,0.085472472012043,,,,0.0321386195719242,0.0421155430376529,,,,,,,,,,,,
20220112.0,0.1452138423919677,0.0906126722693443,,,,,,,,,,,,,,,,,
20220113.0,0.1452058851718902,0.0935562700033187,0.0421834997832775,0.0502828322350978,0.0667404755949974,,,12.0,0.182707279920578,1.4386521577835083,302.9687805175781,0.5506815314292908,286.8563842773437,267.80682373046875,0.0012851718347519,0.8373746275901794,100.0,0.0882955268025398,0.0983750003700455
20220114.0,0.1452054977416992,0.1041365414857864,,,,,0.039674062281847,,,,,,,,,,,,
20220115.0,0.145215168595314,0.1123969927430152,,,,,,,,,,,,,,,,,
20220116.0,0.1452075839042663,0.0892529115080833,0.051477126777172,0.0569555722177028,0.0783090516924858,0.0429341085255146,0.0524918362498283,12.0,0.182707279920578,1.4386521577835083,303.1455383300781,0.5299507975578308,285.6297302246094,267.7627868652344,0.0,0.7469503879547119,100.0,0.090852566063404,0.0980416672925154
20220117.0,0.1452152580022812,0.0936475172638893,,,,,,,,,,,,,,,,,
20220118.0,0.1452293843030929,0.0700853615999221,0.0452680252492427,0.051126841455698,0.0722407847642898,,,12.0,0.182707279920578,1.4386521577835083,301.6430053710937,0.5210340023040771,285.9708251953125,268.4320678710937,0.0012878652196377,0.687913715839386,100.0,0.0834802985191345,0.097416667578121
20220119.0,0.1452357023954391,0.0885359868407249,,,,0.0160678587853908,0.0308236945420503,,,,,,,,,,,,
20220120.0,0.1452388316392898,0.0836082398891449,,,,,,,,,,,,,,,,,
20220121.0,0.1452436596155166,0.0803398340940475,0.0429868213832378,0.0432332344353199,0.0609114579856395,0.0229425728321075,0.0216986611485481,12.0,0.182707279920578,1.4386521577835083,300.9216613769531,0.51496422290802,286.3623046875,268.5531005859375,0.0008648742805235,0.6627095341682434,100.0,0.0800096243619918,0.0970000003774961
20220122.0,0.1452404558658599,0.0834728181362152,,,,,,,,,,,,,,,,,
20220123.0,0.145224928855896,0.0963352471590042,,,,,,,,,,,,,,,,,
20220124.0,0.1452174335718155,0.0887948870658874,0.0467632785439491,0.0442226380109787,0.0611837916076183,0.0361498072743415,0.0437330231070518,12.0,0.182707279920578,1.4386521577835083,302.22613525390625,0.5085265040397644,286.16461181640625,268.052978515625,0.0008523463038727,0.6878587007522583,100.0,0.0856348872184753,0.0968750001241763
20220125.0,0.1452178210020065,0.089476391673088,,,,,,,,,,,,,,,,,
20220126.0,0.1452087163925171,0.1013443917036056,0.0440377816557884,0.0466969534754753,0.0662935599684715,,0.0307321399450302,12.0,0.182707279920578,1.4386521577835083,302.3269348144531,0.5042391419410706,286.2044677734375,268.6007385253906,0.0,0.6775293350219727,100.0,0.0850621834397316,0.0970416668181618
20220127.0,0.1452026665210724,0.0805895328521728,,,,,,,,,,,,,,,,,
20220128.0,0.145204484462738,0.1107581928372383,,,,,,,,,,,,,,,,,
20220129.0,0.145194798707962,0.0715611428022384,0.0457572601735591,0.0539459586143493,0.0771448612213134,0.0335084497928619,0.0420850254595279,12.0,0.182707279920578,1.4386521577835083,303.46954345703125,0.4978148639202118,285.2528686523437,268.208740234375,0.0012814998626708,0.663602888584137,100.0,0.0915611386299133,0.097125000320375
20220130.0,0.1451959460973739,0.0959305763244628,,,,,,,,,,,,,,,,,
20220131.0,0.1451964229345321,0.0935997515916824,,,,,0.0205694753676652,,,,,,,,,,,,
20220201.0,0.145202487707138,0.2179922461509704,0.047123160213232,0.0426354296505451,0.0579582564532756,,0.0238349568098783,12.0,0.182707279920578,1.4386521577835083,302.3958740234375,0.4911548495292663,286.882568359375,268.4322814941406,0.0008523463038727,0.6300931572914124,100.0,0.0838695988059043,0.0966666663686434
20220202.0,0.1451930105686187,0.086341418325901,,,,,,,,,,,,,,,,,
20220203.0,0.1451849490404129,0.1216848269104957,0.0405821613967418,0.0404063314199447,0.05947070941329,0.0370480008423328,0.0409253202378749,12.0,0.182707279920578,1.4386521577835083,302.5215759277344,0.4898683428764343,287.0317077636719,269.9066772460937,0.000426173210144,0.6530160307884216,100.0,0.0821511298418045,0.0967499995604157
20220204.0,0.1451776623725891,0.0938920974731445,,,,,,,,,,,,,,,,,
20220205.0,0.1451769173145294,0.0667546987533569,,,,,,,,,,,,,,,,,
20220206.0,0.1451749205589294,0.1025460660457611,0.0397417396306991,,,0.0254806764423847,0.0267342142760753,,,,,,,,,,,,
20220207.0,0.1451675295829773,0.0920944958925247,,,,,,,,,,,,,,,,,
20220208.0,0.1451632529497146,0.096080757677555,,,,0.0203051939606666,0.022095400840044,,,,,,,,,,,,
20220209.0,0.1451556831598281,0.0999463498592376,0.0424074903130531,0.0454039089381694,0.0617976821959018,,,12.0,0.182707279920578,1.4386521577835083,304.4148254394531,0.4952169060707092,287.7123107910156,269.167236328125,0.0038660163991153,0.6486040353775024,100.0,0.0884842574596405,0.0967499998708566
20220210.0,0.1451571136713028,0.079803928732872,,,,,,,,,,,,,,,,,
20220211.0,0.1451339423656463,0.1022131219506263,0.044988963752985,0.045428067445755,0.0701890513300895,0.034795194864273,0.0374156944453716,12.0,0.182707279920578,1.4386521577835083,305.3384094238281,0.4969196617603302,286.94158935546875,270.97320556640625,0.0,0.6480426788330078,100.0,0.0911275893449783,0.0967499995604157
20220212.0,0.1451217830181121,0.100975900888443,,,,,,,,,,,,,,,,,
20220213.0,0.1451624035835266,0.1826833933591842,,,,,0.0355845838785171,,,,,,,,,,,,
20220214.0,0.145204484462738,0.086295798420906,0.0478112436830997,0.0488524436950683,0.0722869113087654,,,12.0,0.182707279920578,1.4386521577835083,307.5564270019531,0.4994749426841736,288.8992919921875,272.1117553710937,0.0050214482471346,0.566563069820404,100.0,0.0927582532167434,0.0974583343292276
20220215.0,0.1451795101165771,0.110832080245018,,,,,,,,,,,,,,,,,
20220216.0,0.1451299637556076,0.1389244794845581,,,,0.0333794243633747,0.0386974699795246,,,,,,,,,,,,
20220217.0,0.1451226323843002,0.0821850895881652,0.0442255176603794,0.0462268441915512,0.0694915279746055,,,12.0,0.182707279920578,1.4386521577835083,306.4790954589844,0.5023382902145386,288.79559326171875,272.2213134765625,0.0,0.5894498229026794,100.0,0.0893758907914161,0.0971666667610407
20220218.0,0.145112931728363,0.1279204487800598,,,,,,,,,,,,,,,,,
20220219.0,0.1451071053743362,0.0944027155637741,0.0425943508744239,0.0502048060297966,0.0641933605074882,,0.0247810296714305,12.0,0.182707279920578,1.4386521577835083,306.38134765625,0.5002816319465637,290.1298828125,269.99871826171875,0.0008615441620349,0.554333508014679,100.0,0.0892035737633705,0.0970833335692684
20220220.0,0.1451253592967987,0.0761600732803344,,,,,,,,,,,,,,,,,
20220221.0,0.145119696855545,0.1286915242671966,,,,0.0350779667496681,0.0443739145994186,,,,,,,,,,,,
20220222.0,0.1450949609279632,0.0981793701648712,0.0438095964491367,0.0468930639326572,0.0615298748016357,,,12.0,0.182707279920578,1.4386521577835083,305.7291259765625,0.4912577867507934,290.7032775878906,271.2043151855469,0.0017246333882212,0.591721773147583,100.0,0.0841592401266098,0.0964583329235514
20220223.0,0.145093023777008,0.1571006029844284,,,,,,,,,,,,,,,,,
20220224.0,0.145084723830223,0.1725768446922302,,,,0.0261814147233963,0.0332041382789611,,,,,,,,,,,,
20220225.0,0.1450759470462799,0.1071805730462074,0.0437556393444538,0.0489917062222957,0.0694221332669258,,,12.0,0.182707279920578,1.4386521577835083,307.7116394042969,0.4825557172298431,289.75244140625,271.99267578125,0.0008523463038727,0.5928751826286316,100.0,0.091217041015625,0.0971666670714815
20220226.0,0.1450684070587158,0.1128536611795425,,,,0.0312839113175869,0.0274666585028171,,,,,,,,,,,,
20220227.0,0.1451288759708404,0.0912290662527084,0.0485919043421745,0.0462713465094566,0.0603908859193325,,,12.0,0.182707279920578,1.4386521577835083,307.74188232421875,0.4767625033855438,291.30889892578125,271.6980895996094,0.0223232638090848,0.493814080953598,100.0,0.0890617966651916,0.0969166668752829
20220228.0,0.1452754735946655,0.0943141654133796,,,,,,,,,,,,,,,,,
20220301.0,0.1463914811611175,0.1049784868955612,,,,0.0366087555885314,0.0370799899101257,,,,,,,,,,,,
20220302.0,0.1499663591384887,0.1173713505268096,0.0580105893313884,0.0670641660690307,0.0835552588105201,,,12.0,0.182707279920578,1.4386521577835083,308.0611572265625,0.4680852890014648,288.8246765136719,268.3656311035156,0.0796082913875579,0.7077789902687073,100.0,0.0947687476873397,0.0971666670714815
20220303.0,0.1476627886295318,0.1071656495332717,,,,,0.0342417694628238,,,,,,,,,,,,
20220304.0,0.1461720466613769,0.0963698849081993,,,,,,,,,,,,,,,,,
20220305.0,0.1456735283136367,0.1068849563598632,0.0497868955135345,0.0438289307057857,0.0532324947416782,,,12.0,0.182707279920578,1.4386521577835083,308.2174072265625,0.4588094353675842,293.09893798828125,272.1339111328125,0.0393172092735767,0.4384074807167053,100.0,0.0863143131136894,0.0968333333730698
20220306.0,0.147372618317604,0.0936844050884246,,,,0.0333781763911247,0.047883540391922,,,,,,,,,,,,
20220307.0,0.1515112668275833,0.1611475348472595,0.0909541249275207,0.106632575392723,0.1195503175258636,,,12.0,0.182707279920578,1.4386521577835083,308.0346374511719,0.4605595469474792,282.77655029296875,259.60699462890625,0.0277403332293033,0.6996040344238281,100.0,0.1092299073934555,0.0972916670143604
20220308.0,0.1481370478868484,0.1004703789949417,,,,,0.0318002887070179,,,,,,,,,,,,
20220309.0,0.1461357325315475,0.0911943018436431,,,,,0.0258796960115432,,,,,,,,,,,,
20220310.0,0.1454212367534637,0.0968218073248863,0.0382356606423854,0.0433288849890232,0.0552195720374584,,,12.0,0.182707279920578,1.4386521577835083,307.5644836425781,0.4751021564006805,292.43701171875,272.41314697265625,0.0008523463038727,0.5757837891578674,100.0,0.0846958085894584,0.0964583326131105
20220311.0,0.1452000886201858,0.1013452261686325,,,,0.033119048923254,0.0483108013868331,,,,,,,,,,,,
20220312.0,0.1451520472764969,0.1077500060200691,,,,,,,,,,,,,,,,,
20220313.0,0.1475729346275329,0.1105502024292945,0.0498788580298423,0.0508982837200164,0.0690633058547973,,,12.0,0.182707279920578,1.4386521577835083,308.868408203125,0.4890697002410888,291.7671203613281,272.9109191894531,2.820948839187622,0.7843375205993652,100.0,0.0881132259964943,0.0966666663686434
20220314.0,0.1793116927146911,0.2562775313854217,,,,0.1933412253856659,0.2333750426769256,,,,,,,,,,,,
20220316.0,0.1601056009531021,0.1355041563510894,,,,0.0687038823962211,0.0803857520222663,,,,,,,,,,,,
20220319.0,0.1547871083021164,0.1880771517753601,,,,0.1521237790584564,0.1938840895891189,,,,,,,,,,,,
20220320.0,0.1633898168802261,0.1444953382015228,,,,,,,,,,,,,,,,,
20220321.0,0.1571653038263321,0.1441336572170257,0.0966743901371955,0.1037626266479492,0.1160676702857017,,0.1135593727231025,12.0,0.182707279920578,1.4386521577835083,307.273681640625,0.5254175662994385,282.91455078125,257.5503845214844,0.125710517168045,0.8156225085258484,100.0,0.109397292137146,0.132166666289171
20220322.0,0.1522361040115356,0.1819736808538437,,,,,,,,,,,,,,,,,
20220323.0,0.1483534276485443,0.161323070526123,0.095964714884758,0.1080614253878593,0.1203719824552536,,,12.0,0.182707279920578,1.4386521577835083,308.84246826171875,0.5481815338134766,282.49951171875,256.4237060546875,0.0023901462554931,0.561608612537384,100.0,0.1123154610395431,0.124916668360432
20220324.0,0.1470282226800918,0.1432988941669464,,,,0.0817053243517875,0.1028473749756813,,,,,,,,,,,,
20220325.0,0.1516939103603363,0.1196552664041519,,,,,,,,,,,,,,,,,
20220326.0,0.1554861068725586,0.1401531398296356,0.0869687125086784,0.0786319896578788,0.0913465172052383,,0.0658894628286361,12.0,0.182707279920578,1.4386521577835083,309.07379150390625,0.6038620471954346,287.68817138671875,265.2440185546875,0.0253005158156156,0.9514726400375366,100.0,0.1014153957366943,0.115083332173526
20220327.0,0.1497311145067215,0.1241267174482345,,,,,0.0278939176350832,,,,,,,,,,,,
20220328.0,0.1468641608953476,0.120096169412136,,,,,,,,,,,,,,,,,
20220329.0,0.1457102447748184,0.1157030686736106,0.0554276034235954,0.0465580746531486,0.0599485337734222,0.0410856120288372,0.0544145032763481,12.0,0.182707279920578,1.4386521577835083,309.39825439453125,0.6590176224708557,292.3835754394531,272.47528076171875,0.0008583068847656,0.5079423189163208,100.0,0.0967050790786743,0.107124999165535
20220330.0,0.1453025937080383,0.1179844439029693,,,,,,,,,,,,,,,,,
20220331.0,0.148533210158348,0.1369518786668777,0.0584499165415763,0.0586057230830192,0.0767889097332954,,,12.0,0.182707279920578,1.4386521577835083,309.53155517578125,0.6961029767990112,291.06005859375,271.47174072265625,1.8589636087417605,0.8502181768417358,100.0,0.0929756909608841,0.104208332796892
20220401.0,0.1614617854356765,0.1552319377660751,,,,,0.0808435305953025,,,,,,,,,,,,
20220402.0,0.1582380831241607,0.1394605487585067,,,,,,,,,,,,,,,,,
20220403.0,0.2139934301376342,0.2017361670732498,0.253117561340332,0.2618211805820465,0.3235156238079071,0.2372902333736419,0.2382580041885376,12.0,0.182707279920578,1.4386521577835083,303.349609375,0.7522034049034119,249.4219970703125,209.17808532714844,0.2081867754459381,1.453106164932251,100.0,0.1888204663991928,0.174772727895867
20220404.0,0.1957056224346161,0.2288778126239776,,,,,,,,,,,,,,,,,
20220405.0,0.1768859326839447,0.202638104557991,,,,,,,,,,,,,,,,,
20220406.0,0.1655081659555435,0.2204813510179519,0.2895598709583282,0.2494193613529205,0.2467042505741119,0.1234874576330185,0.1487472206354141,12.0,0.182707279920578,1.4386521577835083,307.8925476074219,0.8086954951286316,261.264892578125,234.020751953125,0.3299894630908966,1.105597972869873,100.0,0.1649927198886871,0.130958332990607
20220407.0,0.1591375917196273,0.2067629396915435,,,,,,,,,,,,,,,,,
20220408.0,0.1896796226501464,0.2688983678817749,0.2990630865097046,0.3047307431697845,0.3959119319915771,0.2740014195442199,0.3239234685897827,12.0,0.182707279920578,1.4386521577835083,307.0543212890625,0.8489489555358887,240.45721435546875,198.78472900390625,0.0,1.916051268577576,100.0,0.2041238844394683,0.204291666547457
20220409.0,0.1724555641412735,0.2368999421596527,,,,,,,,,,,,,,,,,
20220410.0,0.1609019637107849,0.1909618526697158,,,,,,,,,,,,,,,,,
20220411.0,0.1533744633197784,0.1750827580690384,0.1202999725937843,0.1215706914663314,0.1351591646671295,0.0828756466507911,0.1009552329778671,12.0,0.182707279920578,1.4386521577835083,309.377197265625,0.9133121371269226,280.39508056640625,251.6703491210937,0.588005781173706,0.8639168739318848,100.0,0.1274896115064621,0.140083333477378
20220412.0,0.1544207483530044,0.2435157597064972,,,,,,,,,,,,,,,,,
20220413.0,0.1513862162828445,0.2349133491516113,,,,,0.1177709251642227,,,,,,,,,,,,
20220414.0,0.1538798958063125,0.2122612595558166,0.1193653419613838,0.1296741515398025,0.1420939415693283,,,12.0,0.182707279920578,1.4386521577835083,307.56011962890625,0.9782012104988098,278.00390625,252.24285888671875,2.346144199371338,0.8767578601837158,100.0,0.1360202431678772,0.123833333762983
20220415.0,0.1731599420309066,0.1954889148473739,,,,,,,,,,,,,,,,,
20220416.0,0.1943046301603317,0.3247226476669311,0.3328517973423004,0.3923732340335846,0.4238945245742798,0.3828594088554382,0.4427625238895416,12.0,0.182707279920578,1.4386521577835083,302.3734130859375,1.0218509435653689,229.719482421875,192.10009765625,0.3579272031784057,1.0466437339782717,100.0,0.2318895608186721,0.232260868601177
20220417.0,0.1837781965732574,0.242134690284729,,,,,,,,,,,,,,,,,
20220418.0,0.1776766180992126,0.2155653983354568,,,,,,,,,,,,,,,,,
20220419.0,0.1705489605665207,0.2042092084884643,0.1498227417469024,0.177845299243927,0.1900854110717773,,0.1874141693115234,12.0,0.182707279920578,1.4386521577835083,306.9480285644531,1.0879106521606443,270.4836730957031,242.102767944336,0.0049008256755769,1.2010639905929563,100.0,0.1551398932933807,0.162208333611488
20220420.0,0.1640279591083526,0.1990148723125457,,,,,,,,,,,,,,,,,
20220421.0,0.1905490756034851,0.2343906760215759,,,,0.3012667298316955,0.3509018123149872,,,,,,,,,,,,
20220422.0,0.19357530772686,0.2262257635593414,0.2477418035268783,0.2485713958740234,0.2767828404903412,,,12.0,0.182707279920578,1.4386521577835083,306.2031555175781,1.1578245162963867,256.1685791015625,222.91259765625,0.0271003954112529,1.5954149961471558,100.0,0.1938884556293487,0.22008333231012
20220423.0,0.1766396909952163,0.1986257582902908,,,,,,,,,,,,,,,,,
20220424.0,0.1636683642864227,0.1887286156415939,0.120459958910942,0.1174784302711486,0.1320444941520691,0.1043297052383422,0.143314927816391,12.0,0.182707279920578,1.4386521577835083,308.91387939453125,1.163951396942139,280.8515014648437,258.97808837890625,0.0,1.1590065956115725,100.0,0.133542999625206,0.159416667496165
20220425.0,0.1551046669483184,0.1824752688407898,,,,,,,,,,,,,,,,,
20220426.0,0.1502650678157806,0.1609853506088256,,,,0.0531941577792167,0.0712912380695343,,,,,,,,,,,,
20220427.0,0.1487791091203689,0.1584238857030868,0.0608522966504097,0.0646523237228393,0.086364597082138,,,12.0,0.182707279920578,1.4386521577835083,308.6949462890625,1.1121848821640017,289.3035888671875,271.4513244628906,2.5636136531829834,0.6681795120239258,100.0,0.1115532144904136,0.122458332839111
20220428.0,0.2046570926904678,0.2873530685901642,,,,,,,,,,,,,,,,,
20220429.0,0.2052219808101654,0.3016629517078399,,,,0.298903077840805,0.3249000608921051,,,,,,,,,,,,
20220430.0,0.1875281929969787,0.2711485028266907,0.2941792011260986,0.2796306312084198,0.3503319919109344,,,12.0,0.182707279920578,1.4386521577835083,306.41729736328125,1.0639437437057495,247.03695678710932,208.5914306640625,0.1980447173118591,1.4915013313293457,100.0,0.2121752798557281,0.215166666855415
20220501.0,0.1747248470783233,0.25833261013031,,,,,0.201727345585823,,,,,,,,,,,,
20220502.0,0.1658122688531875,0.2342044860124588,0.1851769238710403,0.2038338631391525,0.213703840970993,,0.1415448486804962,12.0,0.182707279920578,1.4386521577835083,307.6099548339844,1.0319887399673462,267.6151123046875,240.62564086914065,0.1986559927463531,1.0769736766815186,100.0,0.1587176620960235,0.164333331709107
20220503.0,0.1612846702337265,0.2079108357429504,,,,,,,,,,,,,,,,,
20220504.0,0.1834151446819305,0.2012567669153213,,,,0.1027533635497093,0.1554002463817596,,,,,,,,,,,,
20220506.0,0.1665243357419967,0.2265848368406295,,,,,,,,,,,,,,,,,
20220507.0,0.1617244333028793,0.2056401968002319,,,,,0.1253090053796768,,,,,,,,,,,,
20220508.0,0.1557616889476776,0.1834015846252441,0.1049631536006927,0.1052018478512764,0.1216245368123054,,,12.0,0.182707279920578,1.4386521577835083,307.7588195800781,0.9333134293556212,281.7240600585937,260.8488464355469,0.0312911123037338,0.7384613752365112,100.0,0.1289415061473846,0.132625001793106
20220509.0,0.170546680688858,0.2202522903680801,,,,0.0715534836053848,0.0984221920371055,,,,,,,,,,,,
20220510.0,0.2199016958475113,0.2322905361652374,0.1588020920753479,0.151194229722023,0.1621197164058685,,,12.0,0.182707279920578,1.4386521577835083,305.4385986328125,0.9485212564468384,275.972412109375,257.24591064453125,0.0035365421790629,1.8637607097625728,100.0,0.1287700235843658,0.12058333431681
20220511.0,0.1989691257476806,0.2119392901659011,,,,,,,,,,,,,,,,,
20220512.0,0.1858213394880294,0.2021046429872512,,,,0.1147610992193222,0.156346321105957,,,,,,,,,,,,
20220513.0,0.1777985095977783,0.1777548789978027,0.0789327472448349,0.0828218311071395,0.1005843207240104,,,12.0,0.182707279920578,1.4386521577835083,307.2406921386719,1.0459450483322144,285.97930908203125,266.53912353515625,0.0012397764949128,1.2725462913513184,100.0,0.1116553395986557,0.116833332615594
20220514.0,0.1725636720657348,0.2196264415979385,,,,0.0911232158541679,0.14102603495121,,,,,,,,,,,,
20220515.0,0.1656451225280761,0.2118156552314758,,,,,,,,,,,,,,,,,
20220516.0,0.1612368673086166,0.239880234003067,0.1856440901756286,0.2114023119211197,0.2319817692041397,,,12.0,0.182707279920578,1.4386521577835083,308.3478088378906,1.1409969329833984,265.0326843261719,234.54522705078125,0.0367949418723583,0.9714184999465942,100.0,0.1716886460781097,0.181409091096033
20220517.0,0.1539032906293869,0.2448836117982864,,,,0.10065308958292,0.1148716732859611,,,,,,,,,,,,
20220518.0,0.150109052658081,0.2040533125400543,0.0839493051171302,0.0913739502429962,0.1116196364164352,,,12.0,0.182707279920578,1.4386521577835083,308.1929931640625,1.2051628828048706,284.9935913085937,266.95831298828125,1.4583369493484497,0.6621667146682739,100.0,0.1235363036394119,0.133583334585031
20220519.0,0.1649553626775741,0.1980999112129211,,,,,0.0425428040325641,,,,,,,,,,,,
20220520.0,0.1700036972761154,0.2168028503656387,,,,,0.0,,,,,,,,,,,,
20220521.0,0.2133702933788299,0.2618476152420044,0.2048131972551345,0.2216167896986007,0.2377646118402481,,,12.0,0.182707279920578,1.4386521577835083,302.9860534667969,1.3026087284088137,264.0343017578125,235.065185546875,4.537374496459961,1.9700108766555784,100.0,0.1833889186382293,0.22675000069042
20220522.0,0.2287359237670898,0.253411591053009,,,,0.1495359987020492,0.1792046874761581,,,,,,,,,,,,
20220523.0,0.2159173637628555,0.2697907984256744,,,,,,,,,,,,,,,,,
20220524.0,0.222604438662529,0.2293121665716171,0.1717103421688079,0.1749481111764907,0.1859783828258514,,,12.0,0.182707279920578,1.4386521577835083,303.1647033691406,1.4035024642944336,270.3768310546875,245.97149658203125,9.920808792114258,1.524164080619812,100.0,0.1814006716012954,0.239416666328907
20220525.0,0.3013819456100464,0.2129493951797485,,,,,,,,,,,,,,,,,
20220526.0,0.2681954205036163,0.1948996931314468,0.0852768048644065,0.0919239446520805,0.1122466325759887,,,12.0,0.182707279920578,1.4386521577835083,303.70782470703125,1.4453904628753662,282.79693603515625,264.78955078125,3.584904193878174,2.541428565979004,100.0,0.123403325676918,0.185434782634611
20220527.0,0.2747503221035003,0.2593209147453308,,,,0.2076749801635742,0.2417981475591659,,,,,,,,,,,,
20220528.0,0.2449856102466583,0.2413252592086792,,,,,,,,,,,,,,,,,
20220529.0,0.2184241116046905,0.2233941406011581,0.1182937026023864,0.138516753911972,0.153040662407875,,,12.0,0.182707279920578,1.4386521577835083,304.95751953125,1.4692175388336182,276.630126953125,256.29754638671875,0.0196875631809234,2.064359664916992,100.0,0.1431502252817154,0.184541668742895
20220530.0,0.1968258321285247,0.2123432904481887,,,,0.1006611362099647,0.1369670778512954,,,,,,,,,,,,
20220531.0,0.1914592832326889,0.2102479040622711,,,,,,,,,,,,,,,,,
20220601.0,0.2220399379730224,0.1914984732866287,0.0691844150424003,0.09186302870512,0.111519880592823,0.0444988384842872,0.0625934600830078,12.0,0.182707279920578,1.4386521577835083,304.3018493652344,1.4951636791229248,283.64453125,264.98419189453125,0.0885443538427352,1.975333333015442,100.0,0.1148820295929908,0.146124999349316
20220602.0,0.2010300010442733,0.1991767287254333,,,,,,,,,,,,,,,,,
20220603.0,0.1843998581171035,0.1955279409885406,0.0496239140629768,0.0627635270357132,0.0869084522128105,,,12.0,0.182707279920578,1.4386521577835083,306.62957763671875,1.5125138759613037,288.0653076171875,271.27197265625,0.3524131178855896,1.525042176246643,100.0,0.1111237257719039,0.125833335953454
20220604.0,0.1743363887071609,0.1927419304847717,,,,0.1188270896673202,0.1607409864664077,,,,,,,,,,,,
20220605.0,0.1649819463491439,0.1977805346250534,,,,,,,,,,,,,,,,,
20220606.0,0.1800538301467895,0.1969556808471679,0.1384780555963516,0.1562477350234985,0.1693053543567657,,0.0960417464375495,12.0,0.182707279920578,1.4386521577835083,303.1368713378906,1.538618564605713,274.51416015625,253.17843627929688,5.699903964996338,1.6899528503417969,100.0,0.1636698693037033,0.115249999798834
20220607.0,0.214835375547409,0.1970163285732269,,,,,,,,,,,,,,,,,
20220608.0,0.1991116404533386,0.2612670361995697,,,,,,,,,,,,,,,,,
20220609.0,0.1882435232400894,0.2572105526924133,0.2437962740659713,0.2608956694602966,0.2972711026668548,0.2326592206954956,0.2809534072875976,12.0,0.182707279920578,1.4386521577835083,305.4058837890625,1.5667344331741333,255.5312042236328,223.8448028564453,2.247546911239624,1.4708300828933716,100.0,0.2147921621799469,0.231749999026457
20220610.0,0.1968960016965866,0.2329579144716262,,,,,,,,,,,,,,,,,
20220611.0,0.182928204536438,0.2308161705732345,0.2368776202201843,0.2699351012706756,0.2993618249893188,,,12.0,0.182707279920578,1.4386521577835083,304.4052734375,1.5607537031173706,256.19744873046875,225.90640258789065,0.0329614542424678,1.113718032836914,100.0,0.2166524827480316,0.234499999011556
20220612.0,0.1771502792835235,0.2344008833169937,,,,,0.1652577221393585,,,,,,,,,,,,
20220613.0,0.1698213219642639,0.2301552444696426,,,,,,,,,,,,,,,,,
20220614.0,0.1624692678451538,0.1983313411474228,0.2765473425388336,0.2896900773048401,0.3285358548164367,0.2436563521623611,0.3426007926464081,12.0,0.182707279920578,1.4386521577835083,305.7452392578125,1.514818549156189,252.19834899902344,220.9473876953125,0.0282790921628475,0.7773309350013733,100.0,0.2315453737974167,0.232086955205254
20220615.0,0.162393182516098,0.2386016249656677,,,,,,,,,,,,,,,,,
20220616.0,0.2517268061637878,0.2657459378242492,,,,,,,,,,,,,,,,,
20220617.0,0.3317478597164154,0.2521288990974426,0.2241424173116684,0.2179472148418426,0.2257841676473617,0.1227880865335464,0.1319315135478973,12.0,0.182707279920578,1.4386521577835083,301.1072692871094,1.4710675477981567,264.4535522460937,240.9203491210937,6.314220428466797,2.8065152168273926,100.0,0.1921886503696441,0.178916667898496
20220618.0,0.4289138615131378,0.2495932728052139,,,,,,,,,,,,,,,,,
20220619.0,0.4196391999721527,0.2744912803173065,0.2587218880653381,0.2609395682811737,0.2940392792224884,0.1810414791107177,0.2464980036020279,12.0,0.182707279920578,1.4386521577835083,299.898193359375,1.4420500993728638,253.8407592773437,223.5682678222656,11.367587089538574,3.443294048309326,100.0,0.2266826927661895,0.254624998817841
20220620.0,0.404680997133255,0.2655695080757141,,,,,,,,,,,,,,,,,
20220621.0,0.3939592540264129,0.2626056671142578,,,,,,,,,,,,,,,,,
20220622.0,0.4009329974651336,0.2607367634773254,0.316444993019104,0.3507545292377472,0.4180636405944824,0.2706241607666015,0.317484050989151,12.0,0.182707279920578,1.4386521577835083,299.1488647460937,1.3987493515014648,241.82162475585932,209.52967834472656,1.0993897914886477,2.9352056980133057,100.0,0.2644089162349701,0.284608697113783
20220623.0,0.3776264488697052,0.2781033217906952,,,,,,,,,,,,,,,,,
20220624.0,0.3502177000045776,0.2649251818656921,,,,,0.2966399192810058,,,,,,,,,,,,
20220625.0,0.3619554936885834,0.2724113762378692,,0.2906641662120819,0.3271593451499939,,,12.0,0.182707279920578,1.4386521577835083,300.07379150390625,1.354692816734314,252.184310913086,221.98731994628903,4.599609375,3.5232503414154053,100.0,0.2292856872081756,0.269625003139178
20220626.0,0.3483557999134063,0.2718997299671173,,,,,,,,,,,,,,,,,
20220627.0,0.3308585584163666,0.2465735673904419,0.1994751244783401,0.2138352841138839,0.2327781468629837,0.1791650354862213,0.2340464442968368,12.0,0.182707279920578,1.4386521577835083,301.2803039550781,1.338688611984253,264.87213134765625,237.93209838867188,2.261573076248169,3.370147705078125,100.0,0.1822007596492767,0.23062499674658
20220628.0,0.3272002637386322,0.2381617575883865,,,,,,,,,,,,,,,,,
20220629.0,0.3204152286052704,0.2328688949346542,,,,,0.1372417360544204,,,,,,,,,,,,
20220630.0,0.3913559317588806,0.2526238858699798,0.1971462368965149,0.212330475449562,0.2329739332199096,,0.1969054192304611,12.0,0.182707279920578,1.4386521577835083,299.12310791015625,1.334545612335205,265.2792663574219,238.01161193847656,4.214389324188232,2.858703851699829,100.0,0.186620607972145,0.171041663115223
20220701.0,0.3831060826778412,0.2472459226846695,,,,,,,,,,,,,,,,,
20220702.0,0.4409061968326568,0.298568457365036,,,,0.2420747578144073,0.2815332412719726,,,,,,,,,,,,
20220703.0,0.420718103647232,0.2616929709911346,0.2376395910978317,0.2152192741632461,0.2520656287670135,,,12.0,0.182707279920578,1.4386521577835083,299.4244384765625,1.329383373260498,261.0164794921875,229.6083374023437,7.61483907699585,3.67519474029541,100.0,0.1980635225772857,0.210499999423822
20220704.0,0.4055122137069702,0.2580580711364746,,,,,,,,,,,,,,,,,
20220705.0,0.4232487678527832,0.2405559569597244,0.1617108136415481,0.1657605022192001,0.1827868074178695,0.1255154609680175,0.1278420388698578,12.0,0.182707279920578,1.4386521577835083,299.53973388671875,1.325943946838379,271.72216796875,247.99710083007807,8.601332664489746,3.724398851394653,100.0,0.1527980715036392,0.164541670431693
20220706.0,0.4086697697639465,0.22208833694458,,,,,,,,,,,,,,,,,
