date,era5_land_sm,esa_cci_sm,smap_ib_sm,smap_dca_sm,smap_scav_sm,smos_ic_sm,smos_l3_sm,mcd12c1_IGBP_land_cover,soilgrid_clay_fraction,soilgrid_bulk_density,era5_surface_temperature,vwc_mod13_sf_land,smap_tb_v_corrected,smap_tb_h_corrected,era5_prep,era5_evap,koppen_climate_5_types,pgml_sm,insitu_sm
20150418.0,0.1865814179182052,0.195309966802597,,,,,,,,,,,,,,,,,
20150419.0,0.1815806031227111,0.1882717162370681,0.2461750209331512,0.2121898829936981,0.2569976150989532,,0.0222479943186044,9.0,0.0887675285339355,1.043466091156006,281.71490478515625,3.2521090507507324,251.41909790039065,235.34939575195312,0.0008151585934683,2.082251071929932,300.0,0.2932725548744201,0.316833338389794
20150420.0,0.1750832498073578,0.1888769567012787,0.2474971115589141,0.1770314276218414,0.2195576280355453,,,9.0,0.0887675285339355,1.043466091156006,283.86151123046875,3.257761001586914,254.63882446289065,238.24380493164065,0.0,2.8884201049804688,300.0,0.2682115733623504,0.311333338419596
20150421.0,0.1674255728721618,0.1817437708377838,0.2013162225484848,0.2000390440225601,0.2446895539760589,,0.0398571752011776,9.0,0.0887675285339355,1.043466091156006,283.21270751953125,3.2630677223205566,253.5956573486328,240.21514892578125,0.0025749204214662,2.8198373317718506,300.0,0.2937920689582824,0.305708333849907
20150422.0,0.161331295967102,0.1822070926427841,0.196751981973648,0.1655732691287994,0.2134249210357666,0.1071049124002456,0.1315042525529861,9.0,0.0887675285339355,1.043466091156006,282.3601989746094,3.2696752548217773,256.0756530761719,244.03054809570312,0.0083378134295344,2.0658299922943115,300.0,0.2313260287046432,0.301249999552965
20150423.0,0.1569508761167526,0.1848335713148117,,,,,,,,,,,,,,,,,
20150424.0,0.1511511504650116,0.18123359978199,0.1646731495857238,0.1525223702192306,0.1961510777473449,0.1004528477787971,0.1510055810213089,9.0,0.0887675285339355,1.043466091156006,284.8431701660156,3.272559642791748,257.3148193359375,243.00424194335932,0.4837384223937988,2.987253189086914,300.0,0.238657996058464,0.29191666841507
20150425.0,0.1914711445569992,0.1906524896621704,0.151132583618164,0.1421829909086227,0.1953900158405304,,0.0862147882580757,9.0,0.0887675285339355,1.043466091156006,284.2405090332031,3.268817901611328,259.4900817871094,249.01998901367188,6.66463565826416,1.6149331331253052,300.0,0.1817607432603836,0.290333340565364
20150426.0,0.2446248680353164,0.2080784738063812,,,,,0.2684713304042816,,,,,,,,,,,,
20150427.0,0.2281308621168136,0.2135405093431472,0.2148357778787613,0.2100441008806228,0.2542012631893158,0.1246956214308738,0.1459700316190719,9.0,0.0887675285339355,1.043466091156006,281.7021179199219,3.263552665710449,253.1708984375,238.8181610107422,0.1625237911939621,2.7623212337493896,300.0,0.2978267669677734,0.290958335002263
20150428.0,0.2140753716230392,0.2010515183210373,0.199872687458992,,,,,,,,,,,,,,,,
20150429.0,0.2085986882448196,0.192781925201416,0.1913296431303024,0.1833864152431488,0.2290211915969848,0.1059385240077972,0.1875667572021484,9.0,0.0887675285339355,1.043466091156006,280.722900390625,3.258030891418457,253.10696411132807,239.73211669921875,2.7686808109283447,2.454416990280152,300.0,0.2948476374149322,0.284916669130325
20150430.0,0.2353468835353851,,0.186531975865364,0.1751581281423568,0.2207289040088653,,0.0996734499931335,9.0,0.0887675285339355,1.043466091156006,282.1688842773437,3.255277156829834,254.97634887695312,241.2748107910156,5.040750980377197,2.6784486770629883,300.0,0.2602386772632599,0.289608698824178
20150501.0,0.2317223250865936,0.1958183348178863,,,,,0.1481063216924667,,,,,,,,,,,,
20150502.0,0.2121505290269851,0.190510094165802,0.176251083612442,0.1787333935499191,0.2256296277046203,0.1158175095915794,0.1729178726673126,9.0,0.0887675285339355,1.043466091156006,283.1132507324219,3.249783515930176,253.96902465820312,241.1884613037109,0.0,2.853862762451172,300.0,0.284429132938385,0.286666671435038
20150503.0,0.2171644270420074,0.1873650550842285,0.1812342256307602,0.1451237350702285,0.1899567991495132,,,9.0,0.0887675285339355,1.043466091156006,285.4889831542969,3.2470436096191406,258.0424194335937,244.20089721679688,5.162319183349609,1.7337719202041626,300.0,0.1866986453533172,0.278625001509984
20150504.0,0.234229639172554,0.1968203037977218,,,,0.1014691889286041,0.1911069005727768,,,,,,,,,,,,
20150505.0,0.2673920094966888,,0.2510172724723816,0.2291740775108337,0.2752070128917694,0.2110722810029983,0.2597735524177551,9.0,0.0887675285339355,1.043466091156006,288.97039794921875,3.2415781021118164,254.83364868164065,239.2293701171875,8.114778518676758,4.099408149719238,300.0,0.2578567862510681,0.341750000913938
20150506.0,0.2420970201492309,,0.2785802483558655,,,,,,,,,,,,,,,,
20150507.0,0.2411116510629654,0.2208310663700103,0.2621365487575531,0.2594023942947387,0.3072921633720398,0.2148509621620178,0.3382976651191711,9.0,0.0887675285339355,1.043466091156006,285.4140930175781,3.2363126277923584,250.80123901367188,234.5805053710937,3.016831874847412,3.05661416053772,300.0,0.2708590626716614,0.401043478561484
20150508.0,0.2314993739128112,0.2087811976671219,0.2551310956478119,0.2556178867816925,0.3009033501148224,,,9.0,0.0887675285339355,1.043466091156006,286.6673278808594,3.232961177825928,250.8959350585937,235.5384521484375,1.4498534202575684,2.79600477218628,300.0,0.2760556042194366,0.375624999403954
20150509.0,0.2459105551242828,0.1984207779169082,,,,0.1486786454916,0.3491622805595398,,,,,,,,,,,,
20150510.0,0.2315266877412796,0.20624540746212,0.2000002861022949,0.2045962214469909,0.2490690201520919,0.1570679098367691,0.2058778703212738,9.0,0.0887675285339355,1.043466091156006,286.4897155761719,3.233091354370117,255.03289794921875,239.65872192382807,0.0021142200566828,3.4492132663726807,300.0,0.2422374188899994,0.325500001509984
20150511.0,0.2110987305641174,0.1913529634475708,0.2152284979820251,0.1890413612127304,0.2330299615859985,,,9.0,0.0887675285339355,1.043466091156006,289.8910522460937,3.2365739345550537,257.1693115234375,241.905990600586,0.0025932530406862,3.941206932067871,300.0,0.2335440218448639,0.298916671425104
20150512.0,0.2019981890916824,0.1834551692008972,,,,0.129513144493103,0.2107303142547607,,,,,,,,,,,,
20150514.0,0.1840079575777053,0.1809175461530685,,,,,0.2443311810493469,,,,,,,,,,,,
20150515.0,0.1740424036979675,0.1807449460029602,0.177737757563591,0.1660374999046325,0.2087008655071258,0.085169106721878,0.1137119680643081,9.0,0.0887675285339355,1.043466091156006,284.4921264648437,3.2478322982788086,258.1609191894531,242.95504760742188,0.0008523463620804,3.0490527153015137,300.0,0.2065285146236419,0.206624998400609
20150516.0,0.1716365665197372,0.1897753477096557,0.1392512917518615,0.1459842175245285,0.1927693337202072,,,9.0,0.0887675285339355,1.043466091156006,281.78973388671875,3.250705003738404,259.27557373046875,246.6161499023437,0.912456214427948,1.0078080892562866,300.0,0.1592271775007248,0.190208331371347
20150517.0,0.1712411642074585,0.1943323463201522,,,,0.1064995974302291,0.191442608833313,,,,,,,,,,,,
20150518.0,0.1701806485652923,,0.1640379428863525,0.1503563821315765,0.1905034333467483,,0.1091952249407768,9.0,0.0887675285339355,1.043466091156006,283.4143371582031,3.2564663887023926,259.3336181640625,243.01193237304688,2.7938108444213867,2.007519006729126,300.0,0.1677356958389282,0.16654166765511
20150519.0,0.1989122480154037,0.2176395058631897,0.2381064742803573,0.2271110713481903,0.2713798582553863,,0.1893673539161682,9.0,0.0887675285339355,1.043466091156006,284.1967163085937,3.259354591369629,252.80455017089844,236.9532165527344,4.204189777374268,3.2785160541534424,300.0,0.2703855335712433,0.163181821053678
20150521.0,0.2172718644142151,0.2073676288127899,0.2237536609172821,0.2206741720438003,0.2642329931259155,,,9.0,0.0887675285339355,1.043466091156006,284.9805603027344,3.265146493911743,252.53277587890625,237.43893432617188,0.2588593065738678,2.996251106262207,300.0,0.2938152849674225,0.2170833311975
20150522.0,0.1975897997617721,0.1885150074958801,0.2244160324335098,,,0.145340010523796,0.2271492630243301,,,,,,,,,,,,
20150523.0,0.1890271455049514,0.1899880766868591,0.182662546634674,0.2061651945114135,0.2501013278961181,,0.1707205474376678,9.0,0.0887675285339355,1.043466091156006,285.9256286621094,3.270813703536988,255.96417236328125,243.2059326171875,0.6010848879814148,1.9787870645523071,300.0,0.2447076141834259,0.169916665802399
20150524.0,0.1773825585842132,,0.1942463964223861,0.1835979521274566,0.2270021736621856,,,9.0,0.0887675285339355,1.043466091156006,286.941162109375,3.2742373943328857,256.5528564453125,241.08074951171875,0.2533420920372009,3.54299259185791,300.0,0.2450412511825561,0.158499999592702
20150525.0,0.1692088991403579,0.175801932811737,,,,0.1051880493760109,0.1965697258710861,,,,,,,,,,,,
20150526.0,0.1655257195234298,0.1786634773015976,0.1548165380954742,0.1634696274995803,0.2121603190898895,,,9.0,0.0887675285339355,1.043466091156006,284.3536682128906,3.275606155395508,258.099365234375,246.31544494628903,0.730492353439331,2.426045656204224,300.0,0.2057673037052154,0.144916666050752
20150527.0,0.1591567099094391,0.183725357055664,0.1741389334201812,0.1417914181947708,0.1836658865213394,0.1040698066353797,0.2288888245820999,9.0,0.0887675285339355,1.043466091156006,285.59588623046875,3.2735462188720703,260.45135498046875,245.4710693359375,0.1799258738756179,2.160684823989868,300.0,0.1595398932695388,0.141166669627031
20150528.0,0.1673985868692398,0.1698503345251083,,,,0.1010049283504486,0.1501510739326477,,,,,,,,,,,,
20150529.0,0.1738002896308899,0.1845003515481948,0.1813339293003082,0.1735980957746505,0.2222547680139541,,,9.0,0.0887675285339355,1.043466091156006,284.5196838378906,3.270597457885742,257.33966064453125,245.7173614501953,1.3155343532562256,2.473927021026612,300.0,0.2254154235124588,0.134500004351139
20150530.0,0.1851701289415359,0.2007646411657333,0.2428938895463943,,,0.1256779581308365,0.1962645351886749,,,,,,,,,,,,
20150531.0,0.2020074278116226,0.1876212954521179,0.183939442038536,0.1592880338430404,0.2043481469154358,,0.095797598361969,9.0,0.0887675285339355,1.043466091156006,285.06561279296875,3.2675089836120605,258.245849609375,244.3643951416016,8.816040992736816,2.2502691745758057,300.0,0.1929858773946762,0.129083327328165
20150601.0,0.2333049774169922,0.2335120439529419,0.2639613151550293,0.266514241695404,0.3138541579246521,,0.382732629776001,9.0,0.0887675285339355,1.043466091156006,285.6766662597656,3.265966892242432,250.25851440429688,234.14993286132807,0.2417037785053253,2.969306945800781,300.0,0.3025371432304382,0.157173912810243
20150602.0,0.2166293114423751,0.2048932462930679,,,,0.1414010822772979,0.1754814237356186,,,,,,,,,,,,
20150603.0,0.2060394138097763,0.2082012146711349,0.2134908437728881,0.2099039852619171,0.2545521259307861,,,9.0,0.0887675285339355,1.043466091156006,287.65887451171875,3.2628870010375977,256.6492004394531,242.784423828125,0.945674479007721,3.174262762069702,300.0,0.2438020259141922,0.159125000238419
20150604.0,0.1871537715196609,0.176835834980011,0.2059217542409896,0.177140787243843,0.2208546698093414,0.140125036239624,0.2141178697347641,9.0,0.0887675285339355,1.043466091156006,288.5819396972656,3.2613492012023926,258.6966247558594,242.27243041992188,0.0016265342710539,4.151010036468506,300.0,0.2293640822172165,0.150124999384085
20150605.0,0.164537101984024,0.1758516281843185,,,,,0.0187994018197059,,,,,,,,,,,,
20150606.0,0.1453275233507156,0.2453667074441909,0.2519185841083526,0.2546391487121582,0.3037180304527282,,0.2574236392974853,9.0,0.0887675285339355,1.043466091156006,291.0063171386719,3.2582778930664062,255.99331665039065,239.164794921875,0.0045238360762596,4.150166988372803,300.0,0.2441466301679611,0.137749997898936
20150607.0,0.1310759931802749,0.1791572123765945,0.2286821752786636,,,0.1232966780662536,0.1723380237817764,,,,,,,,,,,,
20150608.0,0.1213928163051605,0.1696742177009582,0.1666312962770462,0.1429315209388733,0.1814905703067779,,,9.0,0.0887675285339355,1.043466091156006,286.0697937011719,3.255409240722656,263.0465087890625,245.4492950439453,0.0448955968022346,2.566169023513794,300.0,0.128182977437973,0.131999999284744
20150609.0,0.1137592494487762,0.1693999618291854,,0.1512557715177536,0.1999180912971496,0.0917365923523902,0.1701101660728454,9.0,0.0887675285339355,1.043466091156006,286.20330810546875,3.253190994262696,260.9136962890625,248.32144165039065,0.0574584379792213,2.37888503074646,300.0,0.1495798379182815,0.130999997258186
20150610.0,0.106214165687561,0.1640228331089019,,,,,0.0935087129473686,,,,,,,,,,,,
20150611.0,0.0965528860688209,0.1649706810712814,,,,,,,,,,,,,,,,,
20150612.0,0.0870344638824462,0.1652645319700241,0.1432421058416366,0.0944804102182388,0.1406046748161316,0.0506418459117412,0.1077913790941238,9.0,0.0887675285339355,1.043466091156006,294.3341064453125,3.2613465785980225,267.9678955078125,255.73922729492188,0.0,4.281426429748535,300.0,0.1205103397369384,0.123874998651445
20150613.0,0.0905995592474937,0.1746793538331985,,,,,,,,,,,,,,,,,
20150614.0,0.0966243222355842,0.1824690401554107,0.1227255463600158,0.1141020059585571,0.1601800173521042,0.0598410032689571,0.1255226284265518,9.0,0.0887675285339355,1.043466091156006,289.6253662109375,3.270195484161377,267.2460632324219,254.21682739257807,0.6839685440063477,1.3840562105178833,300.0,0.1112503409385681,0.119916664126019
20150615.0,0.0954474806785583,0.1768420934677124,0.1149326488375663,,,0.0381667241454124,0.056855984032154,,,,,,,,,,,,
20150616.0,0.0917670801281929,0.162614956498146,0.0977085456252098,0.1064312607049942,0.1577658802270889,,,9.0,0.0887675285339355,1.043466091156006,285.80914306640625,3.2792911529541016,265.1146240234375,253.8115081787109,0.60838383436203,1.737179398536682,300.0,0.1109086871147155,0.117041665439804
20150617.0,0.0909129828214645,0.1656425595283508,,,,0.0621107816696167,0.1141697466373443,,,,,,,,,,,,
20150618.0,0.1034503802657127,0.2269101738929748,,,,,0.1402935832738876,,,,,,,,,,,,
20150619.0,0.1164862141013145,0.2215844541788101,0.1524377763271331,0.2033606916666031,0.2497077137231826,,0.3884090781211853,9.0,0.0887675285339355,1.043466091156006,287.1282653808594,3.2930288314819336,257.64813232421875,242.5059814453125,3.370312452316284,2.5956499576568604,300.0,0.2198533713817596,0.114583334575097
20150620.0,0.1263289600610733,0.2115374207496643,0.1774155646562576,0.2035912871360778,0.2504537999629974,0.1159512177109718,0.1634266227483749,9.0,0.0887675285339355,1.043466091156006,287.5015869140625,3.297633171081543,257.0036315917969,240.40594482421875,1.10263192653656,2.2226052284240723,300.0,0.2067739069461822,0.11518181995912
20150622.0,0.2258274108171463,0.2261219173669815,0.2330826222896576,,,0.2296063899993896,0.3043916225433349,,,,,,,,,,,,
20150623.0,0.2321992814540863,0.2430253028869629,0.2354073077440261,,,,3.051850944757461e-05,,,,,,,,,,,,
20150624.0,0.2089292258024215,0.230834499001503,0.2308598607778549,,,,0.2404553294181823,,,,,,,,,,,,
20150625.0,0.1851436346769333,0.2105890065431594,0.2008261382579803,0.2233786433935165,0.2705225348472595,0.1594333797693252,0.2247077822685241,9.0,0.0887675285339355,1.043466091156006,291.35137939453125,3.320742607116699,256.3077697753906,240.06573486328125,0.054585114121437,3.438321352005005,300.0,0.2540562748908996,0.242499999701977
20150626.0,0.1701942980289459,0.1852111667394638,,,,,,,,,,,,,,,,,
20150627.0,0.1591706275939941,0.1852253973484039,0.1769612729549408,0.1943868100643158,0.2404468953609466,,,9.0,0.0887675285339355,1.043466091156006,291.8592224121094,3.3313305377960205,261.0478515625,246.0812225341797,0.364142894744873,3.177963972091675,300.0,0.2157323360443115,0.228208335737387
20150628.0,0.1628205776214599,0.1674891263246536,0.1625801920890808,0.1517309546470642,0.1930698901414871,,0.1577196568250656,9.0,0.0887675285339355,1.043466091156006,289.3568725585937,3.337399244308472,263.97686767578125,246.86767578125,3.651641368865967,2.267894744873047,300.0,0.1407065689563751,0.220166665812333
20150629.0,0.1728556603193283,0.1785371154546737,,,,,0.0922269374132156,,,,,,,,,,,,
20150630.0,0.151753693819046,0.1624437123537063,0.1371847987174987,0.1297285854816436,0.1738723814487457,,,9.0,0.0887675285339355,1.043466091156006,293.4360046386719,3.3492777347564697,266.62945556640625,252.29425048828125,0.0008583068847656,4.531441688537598,300.0,0.1601353138685226,0.204125000163913
20150701.0,0.1283690482378006,0.161252960562706,0.1573293954133987,,,,,,,,,,,,,,,,
20150702.0,0.1175827607512474,0.1571608930826187,0.1292829662561416,0.1143301054835319,0.1601291894912719,0.0795691758394241,0.299722284078598,9.0,0.0887675285339355,1.043466091156006,300.25750732421875,3.3612751960754395,270.90069580078125,257.518798828125,13.842361450195312,5.572330474853516,300.0,0.1265945136547088,0.165124998117487
20150703.0,0.2198891937732696,,0.2297339439392089,0.2063898891210556,0.2544324398040771,0.1871157139539718,0.2677388787269592,9.0,0.0887675285339355,1.043466091156006,298.5636901855469,3.367303371429444,263.9237365722656,248.00540161132807,0.0264212824404239,4.982147216796875,300.0,0.1549430042505264,0.150958333164454
20150704.0,0.1736913472414016,0.1678798049688339,,,,,,,,,,,,,,,,,
20150705.0,0.1908919811248779,0.1575648933649063,0.1519301086664199,0.1593930721282959,0.2110860049724578,0.0936086326837539,0.204046756029129,9.0,0.0887675285339355,1.043466091156006,294.90704345703125,3.3794195652008057,267.74005126953125,255.4628448486328,8.50013256072998,2.969931125640869,300.0,0.184671476483345,0.133333335320155
20150706.0,0.202161818742752,0.1603661924600601,,0.1274980306625366,0.1702276319265365,,,9.0,0.0887675285339355,1.043466091156006,291.8500061035156,3.385507106781006,269.701904296875,254.58328247070312,0.0864232853055,3.6568777561187744,300.0,0.1401078999042511,0.128833332409461
20150707.0,0.1846045553684234,0.1672757118940353,,,,,0.2717978358268738,,,,,,,,,,,,
20150708.0,0.2079710662364959,0.1567772477865219,0.1052733436226844,0.1062855422496795,0.1533902138471603,0.0797152668237686,0.0960722714662551,9.0,0.0887675285339355,1.043466091156006,289.0282287597656,3.39774227142334,270.49713134765625,257.7236328125,6.53170919418335,3.1187562942504883,300.0,0.1322329491376876,0.121500000357628
20150709.0,0.2063349187374115,0.1963409185409546,0.2127947807312011,0.2423212081193924,0.2919262051582336,,,9.0,0.0887675285339355,1.043466091156006,287.73956298828125,3.403918504714966,257.12701416015625,242.3236541748047,0.7609679698944092,3.6526036262512207,300.0,0.3068782687187195,0.121333333353202
20150710.0,0.1783338040113449,0.1830417215824127,0.1944338679313659,0.1912902742624282,0.2395414263010025,0.1366335302591323,0.2083498686552047,9.0,0.0887675285339355,1.043466091156006,289.93804931640625,3.4098808765411377,259.9535522460937,243.57986450195312,0.0008583068847656,3.584198474884033,300.0,0.2818512320518493,0.121333333353202
20150711.0,0.1541592925786972,0.1693131327629089,0.1484189629554748,0.149483174085617,0.1949185281991958,,0.1062654480338096,9.0,0.0887675285339355,1.043466091156006,293.5771484375,3.4166829586029053,265.2391357421875,250.09408569335932,0.0271895248442888,4.483842849731445,300.0,0.1961896866559982,0.121238095064958
20150712.0,0.1683784276247024,0.1593717038631439,,,,,0.1533860266208648,,,,,,,,,,,,
20150713.0,0.222911849617958,0.1683594286441803,0.1226677447557449,0.1161277443170547,0.1688975989818573,0.0650956332683563,0.1132236719131469,9.0,0.0887675285339355,1.043466091156006,289.4971618652344,3.4236977100372314,268.03582763671875,256.4427795410156,8.484756469726562,1.3540749549865725,300.0,0.1505474597215652,0.118000000715256
20150714.0,0.2314967811107635,0.2189860194921493,0.19512440264225,0.20398510992527,0.2536577880382538,,,9.0,0.0887675285339355,1.043466091156006,291.0113830566406,3.423886299133301,261.03125,245.7981719970703,1.7945927381515503,2.2605316638946533,300.0,0.2420736849308014,0.118749999441206
20150715.0,0.2123341858386993,0.1998153626918792,,,,0.1409526318311691,0.2102115005254745,,,,,,,,,,,,
20150716.0,0.1965801417827606,0.1956820487976074,0.1697495132684707,0.182726189494133,0.2381482422351837,,0.2189702987670898,9.0,0.0887675285339355,1.043466091156006,293.39337158203125,3.425678014755249,262.1278076171875,251.5350341796875,0.1471628248691558,3.9826714992523193,300.0,0.2512565851211548,0.118416666674117
20151024.0,0.2397390455007553,0.2059831172227859,,,,0.1157881841063499,0.1498153656721115,,,,,,,,,,,,
20151025.0,0.2360870838165283,0.2085299640893936,,,,,,,,,,,,,,,,,
20151026.0,0.2311193645000457,0.206791266798973,,0.2510852515697479,0.3137886822223663,0.0460291765630245,0.2940458357334137,9.0,0.0887675285339355,1.043466091156006,283.3306884765625,3.2473278045654297,249.06497192382807,228.673828125,0.0185833033174276,0.7372710108757019,300.0,0.2390563040971756,0.313791669905186
20151027.0,0.2273044884204864,0.2032584398984909,,,,,,,,,,,,,,,,,
20151028.0,0.2258079499006271,,,0.2931979894638061,0.3439829349517822,,0.1857966929674148,9.0,0.0887675285339355,1.043466091156006,282.2115478515625,3.246222496032715,247.3880157470703,230.67333984375,0.9692350029945374,0.5964255332946777,300.0,0.2962517738342285,0.305041668315728
20151030.0,0.2253112643957138,0.1991259455680847,,0.3439893126487732,0.3824755549430847,,,9.0,0.0887675285339355,1.043466091156006,282.90093994140625,3.24530029296875,244.3480834960937,229.96226501464844,0.0106094423681497,0.462308406829834,300.0,0.3358373641967773,0.298791664342086
20151031.0,,,,,,,,9.0,0.0887675285339355,1.043466091156006,282.3385009765625,3.244112014770508,248.02951049804688,231.6357421875,0.0008524301229044,0.5593057870864868,300.0,0.2768542766571045,0.297250006347895
20151101.0,0.2191653102636337,0.206781655550003,,,,,0.0771202743053436,,,,,,,,,,,,
20151102.0,0.2184122502803802,0.2062102258205413,,0.3017165958881378,0.3367248177528381,,,9.0,0.0887675285339355,1.043466091156006,280.3409118652344,3.248586416244507,246.2842712402344,233.21600341796875,0.1204591691493988,0.1548790633678436,300.0,0.3078106343746185,0.293666665752729
20151103.0,0.2168911844491958,0.2110475301742553,,0.2863483428955078,0.3286620080471039,0.0456406734883785,0.1199987828731536,9.0,0.0887675285339355,1.043466091156006,279.53515625,3.2542686462402344,246.57424926757807,231.617919921875,0.0004523883399087,0.4648647606372833,300.0,0.2755999863147735,0.291999995708466
20151104.0,0.2149014174938202,0.2114078104496002,,,,,,,,,,,,,,,,,
20151105.0,0.2238453179597854,,,0.2386215180158615,0.2889814972877502,,0.1419721096754074,9.0,0.0887675285339355,1.043466091156006,285.037109375,3.2642195224761963,251.2579345703125,232.887451171875,6.670079231262207,0.5559976100921631,300.0,0.2301378548145294,0.291250007847945
20151106.0,0.2770999372005462,0.236340656876564,,,,,0.1922971308231353,,,,,,,,,,,,
20151107.0,0.2721853852272033,0.2515972256660461,,0.3179817199707031,0.3692778646945953,,,9.0,0.0887675285339355,1.043466091156006,288.5860290527344,3.27441668510437,247.7445831298828,230.76834106445312,2.84098219871521,0.7687020301818848,300.0,0.3320065438747406,0.352956520474475
20151108.0,0.2616524398326874,0.236801341176033,,0.4072299599647522,0.4559110999107361,0.1287514418363571,0.2179631888866424,9.0,0.0887675285339355,1.043466091156006,285.2574768066406,3.279538869857788,242.19598388671875,226.38967895507807,0.8232929110527039,0.6516468524932861,300.0,0.3709696531295776,0.366875000298023
20151109.0,0.2682538628578186,0.2326260209083557,,,,,,,,,,,,,,,,,
20151110.0,0.2658463716506958,0.2407189011573791,,0.3519861698150635,0.4361198246479034,,0.05929746478796,9.0,0.0887675285339355,1.043466091156006,286.94110107421875,3.2898309230804443,243.040283203125,223.2117462158203,2.6626765727996826,0.8916972279548645,300.0,0.3463188111782074,0.366958332558473
20151111.0,0.2629455327987671,0.2390885949134826,,0.365084171295166,0.4147652685642242,0.1884294152259826,0.2220831960439682,9.0,0.0887675285339355,1.043466091156006,285.4676208496094,3.2950005531311035,244.4629821777344,228.21578979492188,0.8928667902946472,0.873945415019989,300.0,0.3613929450511932,0.366791669279337
20151112.0,0.2516423165798187,0.2254965454339981,,,,,,,,,,,,,,,,,
20151113.0,0.2510397136211395,0.2168302685022354,,0.3695330023765564,0.4401224553585052,0.1227950826287269,0.5159153938293457,9.0,0.0887675285339355,1.043466091156006,283.5535583496094,3.305387020111084,242.2772216796875,224.08453369140625,1.97930109500885,1.663404107093811,300.0,0.3696065843105316,0.34429166590174
20151114.0,0.2565106749534607,0.2199717313051223,,,,,,,,,,,,,,,,,
20151116.0,0.2813661992549896,0.2507957518100738,,0.4395400285720825,0.5408591628074646,0.1851584017276764,0.2560197710990906,9.0,0.0887675285339355,1.043466091156006,284.63995361328125,3.320919275283813,236.6859130859375,218.02847290039065,1.3053336143493652,0.6868358850479126,300.0,0.4123364388942718,0.447173911592235
20151117.0,0.3080100119113922,0.2434203177690506,,,,,,,,,,,,,,,,,
20151118.0,0.3032037913799286,0.256565660238266,0.3950545489788055,0.4745400249958038,0.5438873767852783,0.4136202931404114,0.4037903845310211,9.0,0.0887675285339355,1.043466091156006,284.19049072265625,3.3335113525390625,232.01968383789065,211.4239196777344,5.357335567474365,2.2085866928100586,300.0,0.4319943487644195,0.452916665623585
20151119.0,0.2919785380363464,0.2296003848314285,,0.430617481470108,0.5438873767852783,,0.189031645655632,9.0,0.0887675285339355,1.043466091156006,282.7279052734375,3.341105461120605,235.16293334960932,214.414779663086,2.590864658355713,1.4991765022277832,300.0,0.4223810136318207,0.453291663279136
20151120.0,0.2794962525367737,,,,,,,,,,,,,,,,,,
20151121.0,0.2692622244358063,0.2353474199771881,,0.5438873767852783,0.5438873767852783,0.201184406876564,0.2380748987197876,9.0,0.0887675285339355,1.043466091156006,276.9144897460937,3.3558483123779297,228.4180450439453,214.3148803710937,0.6134181022644043,0.393323540687561,300.0,0.4496185183525085,0.438416666040818
20151122.0,0.2631891369819641,,,,,,,,,,,,,,,,,,
20151123.0,0.2602439522743225,0.2292034775018692,,0.3848119080066681,0.5438873767852783,0.1200501173734664,0.2050843834877014,9.0,0.0887675285339355,1.043466091156006,274.4989318847656,3.3707799911499023,228.7691650390625,203.54214477539065,0.0098155075684189,0.2743232548236847,300.0,0.4021255075931549,0.395333333561818
20151124.0,0.2792710065841675,,,0.3944112360477447,0.4774515330791473,,0.2129581570625305,9.0,0.0887675285339355,1.043466091156006,275.2602233886719,3.378291606903076,234.23440551757807,216.09033203125,10.094399452209473,0.7795594930648804,300.0,0.4074694216251373,0.406583331525326
20151125.0,0.2935159206390381,,,,,,,,,,,,,,,,,,
20151126.0,0.2752672731876373,0.2305220663547516,,0.444517970085144,0.5438873767852783,0.2237336784601211,0.3065584301948547,9.0,0.0887675285339355,1.043466091156006,276.2469787597656,3.393405675888061,226.9525451660156,204.96551513671875,0.0634141564369201,0.1633735001087188,300.0,0.4250610768795013,0.410583330939213
20151127.0,0.2658121287822723,0.235379159450531,,0.3542740643024444,0.4401160180568695,,,9.0,0.0887675285339355,1.043466091156006,276.5117492675781,3.401008129119873,236.00021362304688,216.38494873046875,0.2754221260547638,0.4034183621406555,300.0,0.3695604801177978,0.392583331714074
20151128.0,0.2796457409858703,0.242044061422348,,,,,0.1753898710012436,,,,,,,,,,,,
20151129.0,0.308971107006073,0.246211752295494,,0.4720466434955597,0.5438873767852783,0.255016028881073,0.2731406688690185,9.0,0.0887675285339355,1.043466091156006,280.8447570800781,3.416304588317871,229.37350463867188,210.7421722412109,11.550739288330078,1.9791724681854248,300.0,0.4388272166252136,0.426149998605251
20151206.0,0.2617332935333252,,,,,0.2305905967950821,0.6248054504394531,,,,,,,,,,,,
20151207.0,0.258488655090332,,,0.4081279039382934,0.4954216778278351,,0.2208929657936096,9.0,0.0887675285339355,1.043466091156006,282.6932373046875,3.402979850769043,234.7983856201172,215.2354431152344,0.1159373298287391,0.1678046435117721,300.0,0.4046729207038879,0.433041665703058
20151208.0,0.2580804526805877,0.2272670567035675,,,,,0.2304147481918335,,,,,,,,,,,,
20151209.0,0.2638362050056457,0.2375229001045227,,0.4846109747886657,0.5438873767852783,0.1659896969795227,0.2850123643875122,9.0,0.0887675285339355,1.043466091156006,279.3494567871094,3.3812146186828613,230.5992431640625,212.74298095703125,0.0032190831843763,0.4687269926071167,300.0,0.4392389357089996,0.437249997009834
20151210.0,0.2539167106151581,0.2251128554344177,,0.4467614591121673,0.5431116223335266,,,9.0,0.0887675285339355,1.043466091156006,277.9361877441406,3.3704257011413574,230.63644409179688,211.3130798339844,0.7095704674720764,0.476445585489273,300.0,0.437201976776123,0.422249998897314
20151211.0,0.2914894521236419,,,,,0.2182832360267639,0.269844651222229,,,,,,,,,,,,
20151212.0,0.2869849801063537,0.2362685948610305,,0.395411342382431,0.5210182070732117,,,9.0,0.0887675285339355,1.043466091156006,278.62664794921875,3.3490357398986816,230.74655151367188,208.4086303710937,8.006927490234375,0.8536651730537415,300.0,0.4178122580051422,0.448380951370512
20151214.0,0.2764202952384949,,,,,0.1953410357236862,0.4418774843215942,,,,,,,,,,,,
20151215.0,0.2693409323692322,0.2254435718059539,,,,,,,,,,,,,,,,,
20151217.0,0.2752964496612549,0.2405600547790527,,,,0.2191208750009536,0.2968840599060058,,,,,,,,,,,,
20151218.0,0.2690646350383758,0.2328398674726486,,0.3616775572299957,0.4458765387535095,,,9.0,0.0887675285339355,1.043466091156006,284.0025939941406,3.2859673500061035,237.89862060546875,216.6665954589844,1.248081922531128,0.4683689773082733,300.0,0.3785126805305481,0.443374998867512
20151219.0,0.2637132108211517,0.2281637340784073,,,,0.1791784465312957,0.3191930949687958,,,,,,,,,,,,
20151220.0,0.2568415999412536,0.2292520701885223,,0.4269338846206665,0.5084584355354309,,,9.0,0.0887675285339355,1.043466091156006,283.9327392578125,3.2704527378082275,233.918701171875,214.48406982421875,0.1382332742214203,0.4996898174285888,300.0,0.4222533106803894,0.41887499888738
20151221.0,0.2584923505783081,,,0.3919681310653686,0.4584739208221435,,,9.0,0.0887675285339355,1.043466091156006,282.335205078125,3.265733480453491,236.9478759765625,217.80191040039065,2.381836175918579,1.2440714836120603,300.0,0.399838775396347,0.424041664848725
20151222.0,0.2692261636257171,0.2352166771888733,,,,0.1933894753456115,0.2188787460327148,,,,,,,,,,,,
20151223.0,0.2666550874710083,,,0.4578601419925689,0.5220600366592407,,,9.0,0.0887675285339355,1.043466091156006,282.29510498046875,3.2550740242004395,233.27847290039065,215.35923767089844,1.869025945663452,1.1077419519424438,300.0,0.432343065738678,0.426541663706303
20151224.0,0.2576437294483185,0.2223600000143051,,,,0.2323420196771621,0.3360698223114013,,,,,,,,,,,,
20151225.0,0.2563358545303345,0.2232093662023544,,0.4265942871570587,0.5302364230155945,,0.2380138486623764,9.0,0.0887675285339355,1.043466091156006,280.58416748046875,3.244640827178955,232.0528564453125,211.4745330810547,1.1214529275894165,0.6116578578948975,300.0,0.4255207180976867,0.422333333641291
20151226.0,0.2539497315883636,,,0.3627361953258514,0.4532783329486847,,0.1282387822866439,9.0,0.0887675285339355,1.043466091156006,285.1063537597656,3.2394495010375977,237.080078125,215.49575805664065,0.0806968808174133,0.6593702435493469,300.0,0.3764474093914032,0.413791663944721
20151227.0,0.2474047839641571,0.2121526151895523,,,,0.1112700328230857,0.1494491398334503,,,,,,,,,,,,
20151228.0,0.244548425078392,,0.3916959464550018,0.4326578974723816,0.5248919725418091,,,9.0,0.0887675285339355,1.043466091156006,281.6365051269531,3.2291178703308105,233.1544189453125,213.3895263671875,0.0393529720604419,0.3989386260509491,300.0,0.4120388925075531,0.39345833286643
20151229.0,0.2405824363231659,0.2158660292625427,,0.4416521787643432,0.4987499415874481,,0.2003540098667144,9.0,0.0887675285339355,1.043466091156006,279.7841186523437,3.223958969116211,233.4921722412109,216.04269409179688,0.0082509713247418,0.2814340889453888,300.0,0.3917295336723327,0.387750002245108
20151230.0,0.2381995618343353,0.2166628241539001,,,,,0.1773735731840133,,,,,,,,,,,,
20151231.0,0.2550043165683746,,,0.4192990362644195,0.4669189453125,,,9.0,0.0887675285339355,1.043466091156006,279.0731201171875,3.2134711742401123,234.3718719482422,217.476806640625,3.128859758377075,0.7883416414260864,300.0,0.4090211987495422,0.382090909914537
20160101.0,0.2491799443960189,0.2113115489482879,,0.4109797775745392,0.4882484078407287,0.1230396702885627,0.2070375680923462,9.0,0.0887675285339355,1.043466091156006,277.7893981933594,3.2090251445770264,233.0862274169922,214.07125854492188,0.1485649943351745,0.1140040010213851,300.0,0.3678210079669952,0.37712500244379
20160102.0,0.2543962001800537,0.2199613451957702,,0.378667950630188,0.4396106898784637,,,9.0,0.0887675285339355,1.043466091156006,276.86669921875,3.2066776752471924,235.5877990722656,217.23684692382807,3.092407464981079,0.7783254981040955,300.0,0.38617604970932,0.377416666597128
20160103.0,0.2871104478836059,0.2385582327842712,,0.4149180352687835,0.4635798633098602,,0.156224250793457,9.0,0.0887675285339355,1.043466091156006,278.0408020019531,3.2053592205047607,233.38999938964844,216.608154296875,8.808821678161621,0.5334462523460388,300.0,0.407965749502182,0.394208334386349
20160104.0,0.2982684671878814,,,,,0.1732340157032013,0.1930295675992965,,,,,,,,,,,,
20160105.0,0.297306478023529,,,,,,,9.0,0.0887675285339355,1.043466091156006,276.45391845703125,3.2018485069274902,230.12515258789065,212.6801147460937,2.4012563228607178,0.3846721053123474,300.0,0.4326012134552002,0.424708331624667
20160106.0,,0.2325149178504943,,,,0.0792819187045097,0.2684408128261566,,,,,,,,,,,,
20160107.0,0.2908676564693451,,,,,,,,,,,,,,,,,,
20160108.0,0.2875840663909912,0.2351110130548477,,0.4253238439559936,0.5438873767852783,,,9.0,0.0887675285339355,1.043466091156006,276.8569641113281,3.19676160812378,227.83941650390625,206.75552368164065,0.0209517888724803,0.4127925932407379,300.0,0.4248316287994385,0.456208330889543
20160109.0,0.2773073017597198,,,0.4009036123752594,0.4973315000534057,0.2224281132221222,0.2582170963287353,9.0,0.0887675285339355,1.043466091156006,276.8775329589844,3.1950697898864746,230.6587371826172,210.7307281494141,1.584457278251648,0.3853073716163635,300.0,0.4184441566467285,0.433458331972361
20160110.0,0.2924962043762207,0.2267994135618209,,0.4180617332458496,0.4950006008148193,,,9.0,0.0887675285339355,1.043466091156006,278.7139587402344,3.1933798789978027,231.6451110839844,213.32139587402344,4.595257759094238,0.7318000793457031,300.0,0.4219841957092285,0.420083329081535
20160111.0,0.2848697006702423,0.2233114391565323,,0.3559775948524475,0.4736759066581726,0.1908824741840362,0.4376659393310547,9.0,0.0887675285339355,1.043466091156006,276.9712829589844,3.191691875457764,233.2928924560547,210.5638427734375,3.4557347297668457,0.3057361841201782,300.0,0.351612776517868,0.417083331694206
20160112.0,0.2837783098220825,,,,,,0.186468094587326,,,,,,,,,,,,
20160113.0,0.284581571817398,0.230985939502716,,0.4188055396080017,0.5179533958435059,,,9.0,0.0887675285339355,1.043466091156006,276.34332275390625,3.188321352005005,231.06900024414065,211.5589599609375,2.4215023517608643,0.4504364132881164,300.0,0.4166781306266784,0.415826084821121
20160116.0,,0.2261950671672821,,,,,0.2208014130592346,,,,,,,,,,,,
20160117.0,,,,,,,0.1965086758136749,,,,,,,,,,,,
20160124.0,0.2842715978622436,,,0.3953234553337097,0.4554954469203949,0.1506741046905517,0.2440260052680969,9.0,0.0887675285339355,1.043466091156006,279.0555419921875,3.234505653381348,230.76235961914065,213.3081970214844,1.9712480306625368,0.0189759638160467,300.0,0.4114990830421448,0.424583329508702
20160125.0,0.2771705985069275,0.238880455493927,,0.3561375439167022,0.4288353323936462,,,9.0,0.0887675285339355,1.043466091156006,282.7530212402344,3.242213249206543,234.011459350586,214.59060668945312,0.0349012091755867,0.4127843379974365,300.0,0.4122009873390198,0.417499999205271
20160126.0,0.268458753824234,,,0.400734931230545,0.4925651550292969,,0.1483504772186279,9.0,0.0887675285339355,1.043466091156006,281.5297241210937,3.249958276748657,232.50662231445312,212.6656494140625,3.4477601051330566,0.9160460829734802,300.0,0.4288655817508697,0.408249997844299
20160129.0,0.2707705497741699,0.2405964732170105,,0.3992094993591308,0.5347422957420349,0.2500609457492828,,9.0,0.0887675285339355,1.043466091156006,280.4825134277344,3.2734177112579346,229.9131774902344,207.6469116210937,0.1031346395611763,0.4561880230903625,300.0,0.4288694262504577,0.452708331247171
20160207.0,0.2740581929683685,,,0.4059330224990845,0.531851589679718,,,9.0,0.0887675285339355,1.043466091156006,280.59259033203125,3.282011032104492,231.6181030273437,210.12290954589844,3.409883737564087,1.2075581550598145,300.0,0.4310471415519714,0.468583329270283
20160228.0,0.2535552680492401,0.209516167640686,,0.3910999894142151,0.5249565839767456,,,9.0,0.0887675285339355,1.043466091156006,273.85968017578125,3.141934394836426,227.19110107421875,204.6088104248047,0.0029986954759806,0.7842801809310913,300.0,0.4274105429649353,0.463416664550702
20160229.0,0.2472755163908004,0.2177009731531143,,,,0.1507527530193328,0.2121646851301193,,,,,,,,,,,,
20160301.0,,0.218867689371109,,0.3675678670406341,0.4397187530994415,,,,,,,,,,,,,,
20160309.0,0.2771317660808563,0.2267841398715973,,0.3848712742328644,0.516069769859314,,,9.0,0.0887675285339355,1.043466091156006,275.7562866210937,3.092646360397339,228.16729736328125,205.56922912597656,0.0008523463038727,1.3516768217086792,300.0,0.4060623049736023,0.474173908648284
20160310.0,0.2654157280921936,0.2241030484437942,,0.3568028509616852,0.5088284015655518,0.0952415764331817,0.3455000519752502,9.0,0.0887675285339355,1.043466091156006,276.4875183105469,3.093186140060425,228.6190185546875,203.66851806640625,0.0039655449800193,1.112696409225464,300.0,0.3720847070217132,0.452041665712992
20160311.0,0.2582111060619354,0.2177647054195404,,,,,0.2626728117465973,,,,,,,,,,,,
20160312.0,0.2513273358345032,,,0.3577415347099304,0.542831540107727,,,9.0,0.0887675285339355,1.043466091156006,277.0650634765625,3.094266176223755,227.2045135498047,200.5902099609375,0.0030325904954224,1.1407047510147097,300.0,0.3725689053535461,0.426124997437
20160313.0,0.2442704886198043,0.2176340520381927,,,,0.1382144093513488,,,,,,,,,,,,,
20160314.0,0.2382304966449737,,,0.3901224434375763,0.5438873767852783,,,9.0,0.0887675285339355,1.043466091156006,276.9930725097656,3.0953471660614014,226.35809326171875,202.2435607910156,0.0227091945707798,1.21247398853302,300.0,0.4090709686279297,0.401624997456868
20160315.0,,,,,,,,9.0,0.0887675285339355,1.043466091156006,277.0048522949219,3.095888137817383,234.23580932617188,215.9871826171875,0.0317150950431823,0.3494172990322113,300.0,0.358561098575592,0.395083329329888
20160316.0,0.2311355918645858,0.2184367626905441,,,,,0.0298776216804981,,,,,,,,,,,,
20160317.0,0.2253758460283279,0.2084571719169616,,0.31179940700531,0.481935054063797,,,9.0,0.0887675285339355,1.043466091156006,277.550537109375,3.096970319747925,230.95591735839844,202.41293334960932,0.0025116489268839,1.4121991395950315,300.0,0.3109307885169983,0.373000000913938
20160318.0,0.2225992530584335,0.2165118157863617,,0.3099700212478637,0.3704858720302582,0.1467320621013641,0.1642200946807861,9.0,0.0887675285339355,1.043466091156006,277.6873474121094,3.097459316253662,238.76177978515625,219.2901763916016,0.1224476918578147,0.5524654984474182,300.0,0.2843482494354248,0.367833333710829
20160319.0,0.2216612696647644,0.226083293557167,,,,,,,,,,,,,,,,,
20160321.0,0.2265073955059051,0.2203409969806671,,,,0.0975556075572967,0.1483809947967529,,,,,,,,,,,,
20160322.0,0.2320521771907806,0.2127058655023574,,0.2915011942386627,0.3630671203136444,,,9.0,0.0887675285339355,1.043466091156006,279.8834533691406,3.1086041927337646,240.5801696777344,219.170150756836,1.694818139076233,1.0356721878051758,300.0,0.2576219439506531,0.374500002712011
20160323.0,0.2310788035392761,0.2186190783977508,,0.3095896542072296,0.3444857895374298,0.0808384865522384,0.2564775645732879,9.0,0.0887675285339355,1.043466091156006,280.1212158203125,3.120063066482544,242.54739379882807,227.2020874023437,0.2301137000322342,1.1460528373718262,300.0,0.2932193875312805,0.365291667481263
20160324.0,0.2298594266176223,0.2141200304031372,,,,,0.0858790874481201,,,,,,,,,,,,
20160325.0,0.2718280255794525,0.2220753729343414,,0.3398301601409912,0.3701871633529663,,,9.0,0.0887675285339355,1.043466091156006,279.6850280761719,3.1406667232513428,240.67938232421875,226.04150390625,7.638920307159424,0.9909090995788574,300.0,0.3377340137958526,0.390666664888461
20160326.0,0.2544499039649963,0.2160338014364242,,0.3534978032112121,0.3821928203105926,0.1175716295838356,0.269051194190979,9.0,0.0887675285339355,1.043466091156006,281.1976623535156,3.1512489318847656,239.22830200195312,224.88406372070312,0.0,2.006433248519897,300.0,0.3691921830177307,0.386625001827876
20160327.0,0.2665647268295288,0.2145675271749496,,,,,,,,,,,,,,,,,
20160328.0,0.258836954832077,0.2138102501630783,,0.3908612728118896,0.4517792165279388,,0.1422162503004074,9.0,0.0887675285339355,1.043466091156006,281.58282470703125,3.1726534366607666,236.5548248291016,218.9865875244141,1.97309410572052,2.357961893081665,300.0,0.3974591791629791,0.395541666696469
20160330.0,0.2740938365459442,0.2227037847042083,,0.4093736708164215,0.4700208604335785,,,9.0,0.0887675285339355,1.043466091156006,280.9354553222656,3.194377899169922,235.48681640625,218.40725708007807,2.305957078933716,2.268770456314087,300.0,0.4125255048274994,0.422227270223878
20160331.0,0.2565833330154419,0.2159822136163711,,0.4212944209575653,0.4948881268501282,0.1537974327802658,0.2783288061618805,9.0,0.0887675285339355,1.043466091156006,280.2620849609375,3.205360412597656,233.72900390625,216.0486297607422,0.1645331233739853,1.293364644050598,300.0,0.417104423046112,0.402749999115864
20160401.0,0.2454800009727478,0.2120666950941085,,,,,,,,,,,,,,,,,
20160402.0,0.236771360039711,0.2048724740743637,,0.3278206884860992,0.4032538831233978,,0.0753196850419044,9.0,0.0887675285339355,1.043466091156006,282.3286437988281,3.227564811706543,239.53775024414065,219.69192504882807,0.0012547392398118,1.570839285850525,300.0,0.359511524438858,0.364000001301368
20160403.0,0.2339453548192978,,,0.2978192567825317,0.3663002848625183,,0.1649830639362335,9.0,0.0887675285339355,1.043466091156006,286.3788146972656,3.23885464668274,244.1221466064453,224.0523376464844,0.9994632005691528,1.6664341688156128,300.0,0.3342282772064209,0.350583331038554
20160404.0,0.2438096106052398,0.2119357287883758,,,,,,,,,,,,,,,,,
20160405.0,0.2518662214279175,0.2036453634500503,,0.3339233994483948,0.3713122010231018,0.0683547109365463,0.1053804159164428,9.0,0.0887675285339355,1.043466091156006,282.5534973144531,3.262498378753662,244.8099365234375,230.0170288085937,3.676391124725342,0.8512229323387146,300.0,0.3495454788208008,0.361083331207434
20160406.0,0.2555262744426727,0.2125684767961502,,,,,,,,,,,,,,,,,
20160407.0,0.2616085112094879,0.2200200259685516,,0.333473265171051,0.3923831284046173,,0.0502639859914779,9.0,0.0887675285339355,1.043466091156006,280.1632080078125,3.272801399230957,241.5901641845703,223.98516845703125,3.3155879974365234,2.3391458988189697,300.0,0.3794356286525726,0.390833333134651
20160408.0,0.2589496970176697,0.2241518944501876,,0.3183991909027099,0.3613823652267456,0.0723814815282821,0.1506088376045227,9.0,0.0887675285339355,1.043466091156006,280.6576843261719,3.270190477371216,243.1482086181641,227.78976440429688,1.769257664680481,1.867279291152954,300.0,0.3772128522396087,0.373833338419596
20160409.0,0.2472628355026245,0.2148417532444,,,,,,,,,,,,,,,,,
20160410.0,0.2353756129741668,0.1987734735012054,,0.3184563219547272,0.3617816567420959,0.0120079284533858,0.2127445340156555,9.0,0.0887675285339355,1.043466091156006,283.8178405761719,3.268275737762451,243.97576904296875,228.60739135742188,0.1663935780525207,1.7956326007843018,300.0,0.3661636412143707,0.340333335101604
20160411.0,0.2250041365623474,0.2036094218492508,,0.2844899892807007,0.3432409465312958,,0.012482070364058,9.0,0.0887675285339355,1.043466091156006,284.2696533203125,3.267113208770752,245.90151977539065,227.30715942382807,0.0007633536006323,3.0364041328430176,300.0,0.3308552801609039,0.321958335737387
20160412.0,0.2205613404512405,0.1987062394618988,,,,,,,,,,,,,,,,,
20160413.0,0.2632345855236053,0.2138547450304031,,0.3304753005504608,0.3730588257312774,0.1049625948071479,0.1185949295759201,9.0,0.0887675285339355,1.043466091156006,284.410888671875,3.264790773391724,244.0821990966797,229.0069580078125,1.2869457006454468,1.9358928203582764,300.0,0.3778911232948303,0.395608694657036
20160414.0,0.2507125437259674,0.2157033383846283,,,,,,,,,,,,,,,,,
20160415.0,0.283103734254837,0.2139205485582351,,0.2828190326690674,0.3250589370727539,,0.1359294354915619,9.0,0.0887675285339355,1.043466091156006,282.4428405761719,3.262471437454224,247.89236450195312,233.08889770507807,9.65170669555664,1.392850041389465,300.0,0.3169501423835754,0.380833331495523
20160416.0,0.276065319776535,0.2295006513595581,,0.2927396297454834,0.3409128785133362,,0.1524399518966674,9.0,0.0887675285339355,1.043466091156006,282.4602355957031,3.261312961578369,246.71945190429688,230.4400634765625,2.2522523403167725,2.77252197265625,300.0,0.3543659746646881,0.394666666785876
20160417.0,0.2592648267745971,0.2203161865472793,,,,,,,,,,,,,,,,,
20160418.0,0.2480266094207763,0.2203239947557449,,0.2646235525608063,0.3188014328479767,,,9.0,0.0887675285339355,1.043466091156006,280.2712097167969,3.2589988708496094,245.53631591796875,227.5392608642578,0.3115656077861786,2.2237861156463623,300.0,0.3478928208351135,0.376333334793647
20160419.0,0.2406203299760818,0.2062433063983917,,0.2613543570041656,0.3028621673583984,,,9.0,0.0887675285339355,1.043466091156006,282.5154113769531,3.2578439712524414,247.84669494628903,233.7943725585937,0.7416316866874695,2.576718330383301,300.0,0.3493179380893707,0.359166664381822
20160420.0,0.2294542789459228,0.1947178095579147,,,,,,,,,,,,,,,,,
20160421.0,0.2188992351293563,0.1955497711896896,,0.2711719572544098,0.3120789229869842,,0.0709860548377037,9.0,0.0887675285339355,1.043466091156006,282.4017028808594,3.25555157661438,246.73565673828125,232.72576904296875,0.0008583068847656,2.8841118812561035,300.0,0.3457511365413666,0.321000002324581
20160422.0,0.2105970233678817,0.1899420768022537,,,,,,,,,,,,,,,,,
20160423.0,0.2081953883171081,0.1860700994729995,,0.2219002097845077,0.2688997685909271,0.0020899393130093,0.060487687587738,9.0,0.0887675285339355,1.043466091156006,279.7428894042969,3.2530229091644287,250.613037109375,233.34323120117188,1.3698360919952393,2.537340879440308,300.0,0.3217228353023529,0.298458334058523
20160424.0,0.2221162468194961,0.1978049874305725,,0.1689406186342239,0.2105168253183365,,,9.0,0.0887675285339355,1.043466091156006,278.26177978515625,3.2516236305236816,254.17047119140625,234.0947113037109,4.214033126831055,2.392783164978028,300.0,0.2487934827804565,0.299999999148505
20160425.0,0.2501601874828338,0.2016516178846359,,,,,,,,,,,,,,,,,
20160426.0,0.2713209986686706,0.220743641257286,,0.3075178861618042,0.3474928140640259,0.0505403466522693,0.1155125573277473,9.0,0.0887675285339355,1.043466091156006,278.051025390625,3.248886585235596,242.46974182128903,228.4823455810547,8.067259788513184,2.800022602081299,300.0,0.387247622013092,0.3952380943866
20160427.0,0.2716465890407562,0.2386615723371505,,0.2481222152709961,0.2983464300632477,,,9.0,0.0887675285339355,1.043466091156006,279.3712158203125,3.24751615524292,246.01177978515625,228.79037475585932,2.879873514175415,2.552436351776123,300.0,0.3606992363929748,0.415608693724093
20160428.0,0.2683286070823669,0.233842983841896,,,,,0.1651051342487335,,,,,,,,,,,,
20160429.0,0.2801542282104492,0.2258112281560897,,0.2505892813205719,0.2934609353542328,,,9.0,0.0887675285339355,1.043466091156006,279.0150146484375,3.244778871536255,246.7115936279297,233.07644653320312,5.801856517791748,2.175667762756348,300.0,0.3557530045509338,0.39204166829586
20160430.0,0.2642051875591278,0.2298736125230789,,,,,0.1804254353046417,,,,,,,,,,,,
20160502.0,0.2322767227888107,0.2073720544576645,,,,,,,,,,,,,,,,,
20160503.0,0.2345526069402694,,,,,0.2072939574718475,0.3049409389495849,,,,,,,,,,,,
20160504.0,0.2247160673141479,0.197130411863327,0.2128591984510421,0.2257196903228759,0.2753676176071167,,0.1189306303858757,9.0,0.0887675285339355,1.043466091156006,282.8233337402344,3.237956047058105,250.33917236328125,232.7419586181641,0.0041182981804013,2.594434976577759,300.0,0.3005865812301636,0.327000000824531
20160505.0,0.210625022649765,0.1947633028030395,0.215141549706459,0.1969603300094604,0.2427738904953003,,0.2553789019584656,9.0,0.0887675285339355,1.043466091156006,285.1899719238281,3.2365431785583496,253.76150512695312,236.3762359619141,0.0016992683522403,4.0079121589660645,300.0,0.2603310942649841,0.306541668872039
20160506.0,0.1954170614480972,0.1957071274518966,,,,0.1325386464595794,0.1756340265274047,,,,,,,,,,,,
20160507.0,0.1807859539985656,0.1855057775974273,0.2133468836545944,0.204718604683876,0.2494658976793289,,,9.0,0.0887675285339355,1.043466091156006,290.799072265625,3.2331016063690186,256.6733093261719,242.8241577148437,0.0119428196921944,4.553948879241943,300.0,0.2516910433769226,0.269958335906267
20160508.0,0.164481446146965,0.1780185252428054,0.2286289036273956,,,0.1272908300161361,0.2137516438961029,,,,,,,,,,,,
20160509.0,0.1483521610498428,0.1725078076124191,0.2049639374017715,0.1987814307212829,0.2431112229824066,,0.1598254293203354,9.0,0.0887675285339355,1.043466091156006,292.01190185546875,3.2398953437805176,258.587158203125,244.17333984375,0.0,4.991051197052002,300.0,0.2327879965305328,0.206333334247271
20160510.0,0.1351449936628341,0.1747455149888992,,0.1510388404130935,0.1974202245473861,,0.143314927816391,9.0,0.0887675285339355,1.043466091156006,292.1545104980469,3.24918270111084,263.0542907714844,249.88072204589844,0.1671156287193298,4.067407131195068,300.0,0.164893552660942,0.16654166765511
20160511.0,0.1259282529354095,0.1686915606260299,,,,0.0740054100751876,0.158909872174263,,,,,,,,,,,,
20160512.0,0.1156235933303833,0.1780233830213546,0.1705312281847,0.146557331085205,0.1885988861322403,,,9.0,0.0887675285339355,1.043466091156006,292.2221374511719,3.265389204025269,264.3224792480469,249.06280517578125,0.3869600594043731,4.436386585235596,300.0,0.1650255024433136,0.127791666736205
20160513.0,0.1076154857873916,0.1726858764886856,0.1530934572219848,0.1624500751495361,0.2107150852680206,0.0804498791694641,0.2219306081533432,9.0,0.0887675285339355,1.043466091156006,289.69464111328125,3.273711919784546,261.8684997558594,249.9580841064453,0.0785912498831749,3.939800977706909,300.0,0.1848899573087692,0.117708332836628
20160514.0,0.1044088751077652,0.1646641790866851,,,,0.0561379380524158,0.0837733075022697,,,,,,,,,,,,
20160515.0,0.1184490919113159,0.1826626807451248,0.1043318584561348,0.1371251344680786,0.1900033205747604,,,9.0,0.0887675285339355,1.043466091156006,282.80133056640625,3.2904837131500244,259.3774719238281,248.86764526367188,2.462240934371948,2.7145957946777344,300.0,0.1818999052047729,0.111500000581145
20160516.0,0.1251442283391952,0.1734014302492141,0.1288678646087646,0.1172832399606704,0.1652391999959945,0.0815876796841621,0.1484725475311279,9.0,0.0887675285339355,1.043466091156006,283.2535095214844,3.2989325523376465,260.7421264648437,248.7991485595703,1.06471586227417,2.285369873046875,300.0,0.1632916778326034,0.111173914178558
20160517.0,0.126681700348854,0.1836916804313659,0.1242983043193817,0.1275525242090225,0.1761403232812881,,,9.0,0.0887675285339355,1.043466091156006,285.5338439941406,3.307423591613769,260.14990234375,248.23248291015625,0.9738757014274596,2.287910461425781,300.0,0.1873130649328231,0.111083334622284
20160518.0,0.1277462393045425,0.1699806004762649,,0.1086692735552787,0.1537163257598877,,0.1645252853631973,9.0,0.0887675285339355,1.043466091156006,286.8217468261719,3.315956354141236,263.16583251953125,250.5126037597656,2.730069637298584,2.269529104232788,300.0,0.147177591919899,0.111000001430511
20160519.0,0.1485907733440399,0.1847218573093414,,,,,9.155552834272385e-05,,,,,,,,,,,,
20160520.0,0.1496649384498596,0.177838534116745,0.1061448380351066,0.1227154806256294,0.1683036088943481,,,9.0,0.0887675285339355,1.043466091156006,285.624267578125,3.333148717880249,263.5050964355469,250.5655059814453,1.0733689069747925,0.991976261138916,300.0,0.1507721543312072,0.111999999731779
20160521.0,0.1492825895547866,0.1741742193698883,0.1062127649784088,0.0876173004508018,0.122976042330265,0.0832991078495979,0.1292458921670913,9.0,0.0887675285339355,1.043466091156006,290.1127624511719,3.341874361038208,267.3885192871094,253.0634307861328,0.7417195439338684,3.249664783477783,300.0,0.1368876844644546,0.112833331649502
20160522.0,0.1596081256866455,0.176159530878067,,,,,0.0608539097011089,,,,,,,,,,,,
20160523.0,0.2729171812534332,0.2489968836307525,0.2249583154916763,0.2631591558456421,0.305014967918396,,0.2247688174247741,9.0,0.0887675285339355,1.043466091156006,285.6315002441406,3.360260009765625,253.4222412109375,238.44921875,16.397672653198242,1.320429801940918,300.0,0.2764342725276947,0.129250000230968
20160524.0,0.2351708263158798,0.2595269381999969,,0.2334566265344619,0.2818284630775451,0.1663184762001037,0.2088381648063659,9.0,0.0887675285339355,1.043466091156006,284.8674011230469,3.3666892051696777,253.02804565429688,235.2901611328125,0.1143285259604454,1.7828915119171145,300.0,0.3099122047424316,0.227000000576178
20160525.0,0.2162857502698898,0.2407460063695907,0.2072044312953949,0.2231013178825378,0.2665209770202636,,,9.0,0.0887675285339355,1.043466091156006,286.7767639160156,3.3654532432556152,253.9789428710937,239.30642700195312,0.4335874617099762,1.7889193296432495,300.0,0.3240516781806946,0.228913045447806
20160526.0,0.2043132036924362,0.2182017862796783,0.2056331485509872,0.1863235086202621,0.2300570756196975,0.1518894582986831,0.2142094224691391,9.0,0.0887675285339355,1.043466091156006,289.1517333984375,3.360451459884644,257.5320739746094,240.01254272460932,0.2451464682817459,2.4218297004699707,300.0,0.2303518503904342,0.22525000013411
20160527.0,0.1902094334363937,0.1959148347377777,,,,,0.2011169791221618,,,,,,,,,,,,
20160528.0,0.1950238198041916,0.1875577867031097,0.1824180334806442,0.1837854832410812,0.2279293835163116,,,9.0,0.0887675285339355,1.043466091156006,290.8045349121094,3.353699445724488,259.6793212890625,244.74581909179688,5.196249485015869,3.4159982204437256,300.0,0.2639105021953583,0.202000002066294
20160529.0,0.228062242269516,0.1930005103349685,0.1752662807703018,0.159622460603714,0.2035287022590637,0.0944981127977371,0.1644642502069473,9.0,0.0887675285339355,1.043466091156006,289.8208312988281,3.350132465362549,262.8518981933594,248.09735107421875,5.642956733703613,2.685385465621948,300.0,0.1907503306865692,0.184166666741172
20160530.0,0.2525505423545837,0.2009962648153305,,,,,,,,,,,,,,,,,
20160531.0,0.2428202480077743,0.2326542288064956,0.2485537827014923,0.2692015171051025,0.3181989789009094,0.1813479363918304,0.3541062772274017,9.0,0.0887675285339355,1.043466091156006,291.8097839355469,3.343019485473633,254.31326293945312,237.45704650878903,0.0822522044181823,3.381519079208374,300.0,0.2653890550136566,0.156000001356006
20160601.0,0.2261683940887451,0.2123531848192215,,,,0.1684597581624984,0.2330088168382644,,,,,,,,,,,,
20160602.0,0.2271664291620254,0.2012450844049453,0.1799359172582626,0.1826542317867279,0.2267991006374359,,,9.0,0.0887675285339355,1.043466091156006,292.9187927246094,3.335934638977051,262.43365478515625,246.2589111328125,4.062361240386963,3.020515203475952,300.0,0.1912894695997238,0.132375000044703
20160603.0,0.2319525182247162,0.2202691286802292,0.197271317243576,0.1809032261371612,0.2249990850687027,0.0624734833836555,0.1091036722064018,9.0,0.0887675285339355,1.043466091156006,293.57037353515625,3.33240270614624,262.14715576171875,244.0917358398437,1.3968552350997925,3.579136848449707,300.0,0.1827834248542785,0.126250001912316
20160604.0,0.2144774049520492,0.211671307682991,,,,,,,,,,,,,,,,,
20160605.0,0.1917660385370254,0.1886773854494094,0.1872448176145553,0.1918321102857589,0.236827090382576,0.1326441764831543,0.2714621424674988,9.0,0.0887675285339355,1.043466091156006,293.8900756835937,3.325359582901001,262.46142578125,246.79058837890625,0.0344511941075325,4.58873987197876,300.0,0.2120697945356369,0.125956523677577
20160606.0,0.173135831952095,0.1826958209276199,0.165871649980545,0.150063157081604,0.1930219978094101,0.0795383676886558,0.106051817536354,9.0,0.0887675285339355,1.043466091156006,292.8837280273437,3.3217966556549072,265.45025634765625,249.94137573242188,0.0008583068847656,4.20365047454834,300.0,0.1592785418033599,0.123458332382143
20160607.0,0.1595623046159744,0.17911297082901,,,,,,,,,,,,,,,,,
20160608.0,0.1483034938573837,0.1737574189901352,0.1322837173938751,0.1485578417778015,0.1961165368556976,0.0765618905425071,0.1374248415231704,9.0,0.0887675285339355,1.043466091156006,290.2877502441406,3.314068555831909,265.1839904785156,252.00732421875,2.89490071736509e-06,3.4463682174682617,300.0,0.1496580839157104,0.115833334003886
20160609.0,0.1372651159763336,0.1712357550859451,0.1350326538085937,,,,0.0545670948922634,,,,,,,,,,,,
20160610.0,0.1269492357969284,0.1651223301887512,0.1105053797364234,0.1285968571901321,0.1748721748590469,,0.1301309317350387,9.0,0.0887675285339355,1.043466091156006,289.5633239746094,3.316638708114624,264.984375,251.69146728515625,0.0025926230009645,3.4272797107696533,300.0,0.1504138857126236,0.110791667674979
20160611.0,0.1230830326676368,0.171895295381546,0.1072742864489555,0.1254681944847107,0.1778759360313415,0.0523390769958496,0.0748619064688682,9.0,0.0887675285339355,1.043466091156006,289.0918884277344,3.323814868927002,265.0935974121094,253.7669219970703,0.7658513784408569,2.114267587661743,300.0,0.1352732479572296,0.109166667486231
20160612.0,0.1311075538396835,0.1723226308822631,,,,,,,,,,,,,,,,,
20160613.0,0.2381663471460342,0.2336307018995285,0.2341503798961639,0.2837187349796295,0.3367333710193634,0.1787181347608566,0.2573931217193603,9.0,0.0887675285339355,1.043466091156006,289.7853698730469,3.3357293605804443,252.7948760986328,236.1247711181641,11.406109809875488,2.685030460357666,300.0,0.2566171586513519,0.303250002364318
20160614.0,0.2494235932826995,0.2420477420091629,0.2523133158683777,0.2744493186473846,0.3344139158725738,,0.2371288239955902,9.0,0.0887675285339355,1.043466091156006,289.18536376953125,3.3418750762939453,252.90040588378903,234.59622192382807,7.192170143127441,2.6320159435272217,300.0,0.2451224625110626,0.285000002632538
20160615.0,0.2427631616592407,0.2514751255512237,,,,,0.217017114162445,,,,,,,,,,,,
20160616.0,0.2292636185884475,0.2300740629434585,0.2318132817745208,0.288280576467514,0.3389417827129364,0.1634948253631591,0.2395397871732711,9.0,0.0887675285339355,1.043466091156006,290.5076904296875,3.3542299270629883,251.5656890869141,235.5482940673828,2.0976741313934326,3.562626600265503,300.0,0.2882157862186432,0.290041668961446
20160617.0,0.2505435645580292,0.2253249287605285,0.2403354346752166,,,,,,,,,,,,,,,,
20160618.0,0.2581876218318939,0.2252701222896576,,0.3026945888996124,0.3627736270427704,0.1670838445425033,0.2864772379398346,9.0,0.0887675285339355,1.043466091156006,288.42578125,3.3666694164276123,250.35369873046875,232.72067260742188,7.468998908996582,3.32659649848938,300.0,0.2848758101463318,0.284541666507721
20160619.0,0.2448787242174148,0.2420617938041687,0.2334312349557876,0.2983457446098327,0.3532033264636993,0.1607671678066253,0.1674855798482895,9.0,0.0887675285339355,1.043466091156006,288.0622253417969,3.3729209899902344,250.6314392089844,233.7767944335937,0.566806435585022,3.214547634124756,300.0,0.3218119740486145,0.284541670233011
20160620.0,0.2562627494335174,0.2119296491146087,,,,,,,,,,,,,,,,,
20160621.0,0.268249362707138,0.2662941813468933,0.2661000490188598,0.2816711962223053,0.3434845209121704,0.2008498311042785,0.3245338201522827,9.0,0.0887675285339355,1.043466091156006,291.0014038085937,3.3854870796203613,251.6570281982422,233.0162048339844,1.4226343631744385,2.26576828956604,300.0,0.2896920442581177,0.334291667987903
20160622.0,0.2467890977859497,0.2528580725193023,0.269408643245697,0.298706442117691,0.345750480890274,,,9.0,0.0887675285339355,1.043466091156006,293.0628967285156,3.391820907592773,252.55831909179688,237.05284118652344,0.1266328543424606,3.343376874923706,300.0,0.2961565554141998,0.306250000993411
20160623.0,0.2551377117633819,0.2176484316587448,,,,0.2000244408845901,0.4011352956295013,,,,,,,,,,,,
20160624.0,0.2807015478610992,0.2535067498683929,0.2547361552715301,0.3017705380916595,0.3589984178543091,0.1764949858188629,0.2424390465021133,9.0,0.0887675285339355,1.043466091156006,294.8315124511719,3.4047772884368896,254.99755859375,237.28924560546875,3.759117603302002,3.428930759429932,300.0,0.2737294137477875,0.309416669110457
20160625.0,0.2904677391052246,0.2072452753782272,0.2288543432950973,,,,,,,,,,,,,,,,
20160626.0,0.2876504063606262,0.2234127968549728,0.2450886666774749,0.2828361690044403,0.3369567990303039,,,9.0,0.0887675285339355,1.043466091156006,288.70654296875,3.414082765579224,253.23146057128903,236.1401824951172,4.099958896636963,3.572550773620605,300.0,0.3136997520923614,0.332624999185403
20160627.0,0.275605708360672,0.2185767590999603,0.2304514050483703,0.2711877226829529,0.3244353830814361,,0.1276589184999466,9.0,0.0887675285339355,1.043466091156006,287.3815002441406,3.416616439819336,253.581787109375,236.57830810546875,3.030954360961914,1.7586406469345093,300.0,0.3373669981956482,0.325083336482445
20160628.0,0.2616467773914337,0.2230592370033264,,,,,0.3796807825565338,,,,,,,,,,,,
20160629.0,0.273811399936676,0.2059830427169799,0.2333438992500305,0.2590971887111664,0.3095784187316894,0.1529391556978225,0.2265083789825439,9.0,0.0887675285339355,1.043466091156006,289.6763610839844,3.4226036071777344,255.3824005126953,239.129638671875,5.40012264251709,3.9050099849700928,300.0,0.3136809766292572,0.297333333641291
20160630.0,0.263090580701828,0.2198125422000885,,0.2088059782981872,0.2573376595973968,,,9.0,0.0887675285339355,1.043466091156006,289.32879638671875,3.425546884536743,259.0948486328125,242.20870971679688,2.58053994178772,2.490275621414185,300.0,0.2629452347755432,0.291375003755093
20160701.0,0.2632025778293609,0.2213474661111831,,,,,0.1263466328382492,,,,,,,,,,,,
20160702.0,0.2793702185153961,0.2224901020526886,0.2424542754888534,0.2868924438953399,0.3401224911212921,,0.1636402457952499,9.0,0.0887675285339355,1.043466091156006,288.4241027832031,3.431447029113769,253.4522705078125,237.30010986328125,5.516801357269287,4.037577152252197,300.0,0.3210501372814178,0.349083335449298
20160703.0,0.2761293947696686,0.2043506056070327,0.2343369126319885,,,,0.1658681035041809,,,,,,,,,,,,
20160704.0,0.2610751688480377,0.2003533393144607,0.2379660606384277,0.2325060367584228,0.2861561179161072,0.0597712956368923,0.1163670793175697,9.0,0.0887675285339355,1.043466091156006,290.1025695800781,3.4373650550842285,255.7758026123047,238.23439025878903,0.3653455078601837,3.482422351837158,300.0,0.317711740732193,0.313833334793647
20160705.0,0.2508305013179779,0.1988337486982345,0.2149084210395813,0.2292919307947158,0.2819654941558838,,,9.0,0.0887675285339355,1.043466091156006,289.03338623046875,3.440330743789673,257.6241455078125,240.30032348632807,2.5990066528320312,2.961451530456543,300.0,0.3033374845981598,0.300666665037473
20160706.0,0.2406785935163498,0.1955546736717224,,,,,0.0005798516795039,,,,,,,,,,,,
20160707.0,0.222020611166954,0.1888870298862457,0.2233182340860366,0.2149860709905624,0.2653065621852875,0.1421199887990951,0.1653187721967697,9.0,0.0887675285339355,1.043466091156006,289.5917663574219,3.446275234222412,257.6200561523437,241.14263916015625,0.0021294164471328,4.0207133293151855,300.0,0.3062250018119812,0.281375000874201
20160708.0,0.2213312238454818,0.1899646818637848,,0.2113230675458908,0.2604302167892456,,,9.0,0.0887675285339355,1.043466091156006,290.2349548339844,3.449244976043701,259.29693603515625,244.64306640625,3.686312675476074,3.1819396018981934,300.0,0.3212996423244476,0.274750005453825
20160709.0,0.2237691879272461,0.2167624086141586,,,,0.165098026394844,0.2223273366689682,,,,,,,,,,,,
20160710.0,0.2080826759338379,0.2047642320394516,0.2363326400518417,0.2226613909006118,0.2733485996723175,,,9.0,0.0887675285339355,1.043466091156006,294.6781005859375,3.455086708068848,259.5887145996094,243.60162353515625,0.3308689594268799,4.896407604217529,300.0,0.2765392661094665,0.267750004927317
20160711.0,0.1973218321800232,0.2039649188518524,0.2383351475000381,,,0.1583527475595474,0.2855311632156372,,,,,,,,,,,,
20160712.0,0.2249416410923004,0.1778902262449264,0.1986508220434188,0.1974683105945587,0.2466286420822143,0.0976972132921218,0.1574755162000656,9.0,0.0887675285339355,1.043466091156006,290.9999694824219,3.4627785682678223,261.5375671386719,245.61248779296875,8.65097427368164,3.1420323848724365,300.0,0.2934044003486633,0.325772731141611
20160713.0,0.2674455344676971,0.2163259088993072,0.2365758568048477,0.2493516206741333,0.3004035055637359,,,9.0,0.0887675285339355,1.043466091156006,288.2557067871094,3.467684268951416,256.7398986816406,241.74154663085932,8.308534622192383,2.882618427276612,300.0,0.3389298915863037,0.376583334058523
20160714.0,0.2462255358695984,0.2014450579881668,,,,,,,,,,,,,,,,,
20160715.0,0.2256174087524414,0.1918105483055114,0.2155636548995971,0.2279579788446426,0.278745025396347,,0.1370281130075454,9.0,0.0887675285339355,1.043466091156006,288.7570495605469,3.477083206176758,256.96551513671875,242.0621490478516,0.5028258562088013,3.3072099685668945,300.0,0.3409694731235504,0.312166668474674
20160716.0,0.2158248871564865,0.2163592725992202,0.2224217653274536,0.2341927886009216,0.2837911546230316,,0.2290108948945999,9.0,0.0887675285339355,1.043466091156006,291.1941833496094,3.4818267822265625,257.50885009765625,244.5343475341797,0.7340924143791199,1.8338725566864007,300.0,0.3395914435386657,0.295916666587194
20160717.0,0.2104876041412353,0.201341450214386,,,,0.1622606664896011,0.2257454097270965,,,,,,,,,,,,
20160718.0,0.191851332783699,0.1867627203464508,,0.1836830675601959,0.2324758768081665,,,9.0,0.0887675285339355,1.043466091156006,293.0555419921875,3.491346836090088,262.58526611328125,247.17416381835932,0.0023107845336198,4.771497249603272,300.0,0.2753452658653259,0.282166668524345
20160719.0,0.1734307557344436,0.1657755970954895,,,,0.1382570266723632,0.2464369684457779,,,,,,,,,,,,
20160720.0,0.1597269773483276,0.1745411455631256,0.1754121333360672,0.1803113669157028,0.234668880701065,,0.1609851419925689,9.0,0.0887675285339355,1.043466091156006,297.0951843261719,3.5009102821350098,264.6295471191406,253.24200439453125,1.753330945968628,5.625428676605225,300.0,0.2216796875,0.262041668097178
20160724.0,0.2273221313953399,0.197526529431343,,0.235630378127098,0.2872575223445892,0.1503953635692596,0.2537614107131958,9.0,0.0887675285339355,1.043466091156006,295.2318115234375,3.520228624343872,261.0424194335937,246.0929107666016,2.6719305515289307,3.37618088722229,300.0,0.3170923590660095,0.418666665752729
20160725.0,0.2256008684635162,0.1883068531751632,,,,0.1331832855939865,0.1754203885793686,,,,,,,,,,,,
20160726.0,0.2135617434978485,0.1664097905158996,0.1771305501461029,0.1874589473009109,0.2368476539850235,,,9.0,0.0887675285339355,1.043466091156006,291.9310913085937,3.530779361724853,263.8646240234375,248.4579162597656,0.3903961479663849,3.373455047607422,300.0,0.2977654337882995,0.363833331813415
20160727.0,0.2025273442268371,0.1688835322856903,,,,0.105843149125576,0.1636097282171249,,,,,,,,,,,,
20160728.0,0.2307939678430557,0.2029707580804824,0.1930212378501892,0.2051303088665008,0.2566235959529876,,,9.0,0.0887675285339355,1.043466091156006,292.3393249511719,3.5292515754699707,261.9635009765625,249.6402587890625,5.928412914276123,2.499404191970825,300.0,0.3154755234718323,0.3376666692396
20160729.0,0.247953400015831,0.1996245831251144,,0.2010039389133453,0.2513822615146637,0.156946450471878,0.4197515845298767,9.0,0.0887675285339355,1.043466091156006,291.6937866210937,3.521597385406494,262.1019592285156,248.1820068359375,3.823207139968872,3.2653017044067383,300.0,0.3245900273323059,0.341666665815172
20160730.0,0.2333262413740158,0.1902877390384674,,,,,0.093264564871788,,,,,,,,,,,,
20160731.0,0.2325446158647537,0.2243054062128067,0.2376686930656433,0.2157955020666122,0.2659172415733337,,,9.0,0.0887675285339355,1.043466091156006,290.4874267578125,3.509275436401367,260.5894775390625,246.94793701171875,1.322655200958252,2.8345723152160645,300.0,0.3312510550022125,0.365666667620341
20160801.0,0.2394107431173324,0.1806561648845672,,0.2317860424518585,0.281938761472702,0.1738121807575225,0.2973723709583282,9.0,0.0887675285339355,1.043466091156006,289.396728515625,3.502960205078125,258.3236389160156,243.98829650878903,5.125150680541992,3.350344181060791,300.0,0.3430346548557281,0.346166667838891
20160802.0,0.2460264712572097,0.1814898550510406,,,,,0.1341898888349533,,,,,,,,,,,,
20160803.0,0.2430789768695831,0.2531860768795013,0.2257575094699859,0.2377990335226059,0.2869400680065155,,0.2405163794755935,9.0,0.0887675285339355,1.043466091156006,291.6085510253906,3.490385770797729,258.70587158203125,248.7460174560547,2.629860639572144,1.676507592201233,300.0,0.3295411467552185,0.352916666616996
20160804.0,0.231803685426712,0.2181118428707122,,,,0.1367921680212021,0.2309335619211197,,,,,,,,,,,,
20160805.0,0.225136399269104,0.1909047961235046,0.214543268084526,0.2173273265361786,0.2671664953231811,,,9.0,0.0887675285339355,1.043466091156006,290.55712890625,3.47788667678833,259.56756591796875,245.22467041015625,2.3551149368286133,3.028993606567383,300.0,0.3335756361484527,0.336304349743802
20160806.0,0.2342797517776489,0.1962142437696457,,0.2176526635885238,0.2676957845687866,,,9.0,0.0887675285339355,1.043466091156006,289.2392272949219,3.471665382385254,259.55865478515625,245.62319946289065,3.22972059249878,2.43149209022522,300.0,0.3100609183311462,0.333083336551984
20160807.0,0.2236142456531524,0.1823308914899826,,,,,0.1570482552051544,,,,,,,,,,,,
20160808.0,0.2087122946977615,0.1953217089176178,,0.2117839157581329,0.2620507776737213,,,9.0,0.0887675285339355,1.043466091156006,290.9065246582031,3.459279060363769,260.8979187011719,246.1547088623047,0.3246199190616607,3.382582902908325,300.0,0.3036200106143951,0.312541667371988
20160809.0,0.2009304910898208,0.188136026263237,0.2216172963380813,0.2183064520359039,0.2695316076278686,0.1098016053438186,0.1373027712106704,9.0,0.0887675285339355,1.043466091156006,288.0075988769531,3.45308804512024,259.007080078125,247.3916778564453,1.611963987350464,3.0604240894317627,300.0,0.3161963224411011,0.304333337893089
20160810.0,0.2189158648252487,0.1962069123983383,,,,,,,,,,,,,,,,,
20160811.0,0.2290412336587906,0.1890169531106948,,0.2173223048448562,0.2685129642486572,0.1783899664878845,0.269081711769104,9.0,0.0887675285339355,1.043466091156006,284.7015991210937,3.4404540061950684,256.9586181640625,242.15216064453125,4.927245616912842,1.0776103734970093,300.0,0.2778626680374145,0.365166665365299
20160812.0,0.2333745956420898,0.2944654524326324,,,,,0.236884668469429,,,,,,,,,,,,
20160813.0,0.2186620831489563,0.2033565491437912,0.2468969672918319,0.2631068527698517,0.3137427568435669,,,9.0,0.0887675285339355,1.043466091156006,290.6948547363281,3.4329729080200195,256.1090087890625,242.32717895507807,0.8344358205795288,2.073835611343384,300.0,0.3321852087974548,0.393375000605981
20160814.0,0.2090612798929214,0.2103003710508346,,0.2388869524002075,0.2894414067268371,0.1736890077590942,0.2581255435943603,9.0,0.0887675285339355,1.043466091156006,290.4800720214844,3.432138681411743,257.8104248046875,245.011962890625,0.2367201894521713,2.4906487464904785,300.0,0.3158458769321441,0.365166666607062
20160815.0,0.1973798274993896,0.18255615234375,,,,,,,,,,,,,,,,,
20160816.0,0.1854733228683471,0.183380126953125,0.2293871790170669,0.2217592447996139,0.2733950316905975,0.1829871982336044,0.3236487805843353,9.0,0.0887675285339355,1.043466091156006,289.8130187988281,3.429240703582764,258.67974853515625,243.692138671875,0.0017506786389276,2.9821925163269043,300.0,0.3084279596805572,0.329666669170062
20160817.0,0.1712621599435806,0.1900759637355804,0.2407124489545822,0.2133551687002182,0.2644383013248443,0.1539657115936279,0.2045960873365402,9.0,0.0887675285339355,1.043466091156006,290.2098388671875,3.427870512008667,259.2762451171875,244.5759429931641,0.0017136334208771,3.8603482246398926,300.0,0.2938517034053802,0.316041665772597
20160818.0,0.156775563955307,0.1623362898826599,,,,,,,,,,,,,,,,,
20160819.0,0.1473903357982635,0.1695074290037155,0.1925258040428161,0.1965786963701248,0.247587040066719,0.1454682350158691,0.2055726796388626,9.0,0.0887675285339355,1.043466091156006,292.0368957519531,3.4251325130462646,260.8802795410156,247.34133911132807,4.054945468902588,3.441603422164917,300.0,0.3000402152538299,0.291666669150194
20160820.0,0.1839627176523208,0.1888371855020523,,,,,0.1069978922605514,,,,,,,,,,,,
20160821.0,0.1810495257377624,0.1817034929990768,0.198721095919609,0.1906275004148483,0.2405603379011154,,0.3465987145900726,9.0,0.0887675285339355,1.043466091156006,289.85565185546875,3.422398328781128,262.07958984375,247.70162963867188,2.5798449516296387,2.284730672836304,300.0,0.2283848524093628,0.277250001827876
20160822.0,0.2185098528861999,0.2238269746303558,0.2185328751802444,0.2430160939693451,0.2921636998653412,0.1126560717821121,0.1528366953134536,9.0,0.0887675285339355,1.043466091156006,289.4391784667969,3.421032428741455,257.5484313964844,247.4632873535156,5.186889171600342,1.4531409740447998,300.0,0.302968680858612,0.284166670093934
20160823.0,0.2101609855890274,0.2247483283281326,,,,,,,,,,,,,,,,,
20160824.0,0.1849401891231537,0.1925953924655914,0.2295117229223251,0.2063291370868683,0.2563516795635223,0.194676324725151,0.3229773938655853,9.0,0.0887675285339355,1.043466091156006,295.8309631347656,3.418304204940796,261.972900390625,247.77354431152344,0.0008523463038727,4.103088855743408,300.0,0.2577050030231476,0.275708338866631
20160825.0,0.1631874293088913,0.1783264577388763,0.2261489629745483,0.18575319647789,0.2344837486743927,,0.0601214654743671,9.0,0.0887675285339355,1.043466091156006,296.7060852050781,3.416944026947021,264.85546875,249.5529937744141,0.0008608131902292,4.306092262268066,300.0,0.2127191722393036,0.26233334094286
20160826.0,0.1474923342466354,0.184059202671051,,,,,0.1344340294599533,,,,,,,,,,,,
20160827.0,0.1465661823749542,0.1724960952997207,0.1751799285411834,0.1589907854795456,0.2143240720033645,0.112923726439476,0.1679433584213256,9.0,0.0887675285339355,1.043466091156006,295.2373962402344,3.414259195327759,266.4909973144531,255.38194274902344,0.2512640953063965,3.533547163009644,300.0,0.207384318113327,0.233458331475655
20160828.0,0.137452945113182,0.1980387568473816,,,,,,,,,,,,,,,,,
20160829.0,0.1357750445604324,0.1824300587177276,0.2069385349750518,0.1775881946086883,0.2254764437675476,0.1373727023601532,0.216589868068695,9.0,0.0887675285339355,1.043466091156006,291.89825439453125,3.4110429286956787,265.3471069335937,250.2449188232422,0.750019907951355,2.369969606399536,300.0,0.1874298751354217,0.260708337028821
20160830.0,0.1282601356506347,0.1641005873680114,0.171322152018547,0.1751700192689895,0.2271980941295623,,0.1192358136177063,9.0,0.0887675285339355,1.043466091156006,290.4608459472656,3.4091312885284424,262.9064025878906,250.8701629638672,0.0021241342183202,2.655820369720459,300.0,0.224677175283432,0.248750003054738
20160831.0,0.1180319935083389,0.1674737781286239,,,,,,,,,,,,,,,,,
20160901.0,0.1119798496365547,0.1650447100400924,0.1717119514942169,0.141798511147499,0.1900976151227951,0.0937095582485199,0.153965875506401,9.0,0.0887675285339355,1.043466091156006,290.9715576171875,3.4054434299468994,266.52850341796875,253.0628662109375,0.4386625587940216,1.9348212480545044,300.0,0.1686010509729385,0.225833333407839
20160902.0,0.108338713645935,0.1773300319910049,0.1820287406444549,0.1573818325996399,0.2115978598594665,,,9.0,0.0887675285339355,1.043466091156006,290.6186218261719,3.403594493865967,263.9073181152344,252.6417694091797,0.4366199672222137,2.0469799041748047,300.0,0.2018132656812667,0.218958330030243
20160903.0,0.1140487492084503,0.2060662508010864,,,,0.1018900945782661,0.2239448279142379,,,,,,,,,,,,
20160904.0,0.2466452121734619,0.1984146684408188,0.2010559886693954,0.1737680286169052,0.2241544276475906,0.1135542392730712,0.2226630449295044,9.0,0.0887675285339355,1.043466091156006,290.11968994140625,3.3999009132385254,263.7806396484375,251.14993286132807,12.617876052856444,2.303868532180786,300.0,0.2037842720746994,0.254833333194256
20160905.0,0.2190003991127014,0.2178589850664138,,,,,,,,,,,,,,,,,
20160906.0,0.1956765353679657,0.1859492510557174,,,,0.1555320918560028,0.2204962372779846,,,,,,,,,,,,
20160907.0,0.1774593591690063,0.1852281987667083,0.1869208812713623,0.1923937797546386,0.2414979785680771,,0.1180761158466339,9.0,0.0887675285339355,1.043466091156006,292.27960205078125,3.394374370574951,262.1848449707031,248.5647125244141,0.0008491133921779,2.863173007965088,300.0,0.2375247478485107,0.258958335965872
20160908.0,0.1618858575820922,0.1715085953474044,,,,,0.3099154531955719,,,,,,,,,,,,
20160909.0,0.1495784223079681,0.1752100735902786,0.1637742072343826,0.1450445652008056,0.192562997341156,0.099731832742691,0.1382793635129928,9.0,0.0887675285339355,1.043466091156006,291.8606262207031,3.390698909759521,266.9443054199219,252.97555541992188,0.02164002135396,2.245265245437622,300.0,0.1612633764743805,0.234000001102686
20160910.0,0.1390888690948486,0.1599954962730407,,0.152775302529335,0.2070493996143341,,,9.0,0.0887675285339355,1.043466091156006,291.4891052246094,3.38890027999878,264.86767578125,253.48110961914065,0.0,2.6864173412323,300.0,0.1894154548645019,0.222500000769893
20160911.0,0.1318513751029968,0.1748649626970291,,,,0.0965948328375816,0.217017114162445,,,,,,,,,,,,
20160912.0,0.1269560754299163,0.1622771620750427,,0.1244323626160621,0.1793690621852874,,0.104800559580326,9.0,0.0887675285339355,1.043466091156006,294.8512268066406,3.385742664337158,268.1732177734375,256.995849609375,0.0017178335692733,2.7185699939727783,300.0,0.1679684966802597,0.209727271036668
20160913.0,0.1167651563882827,0.1718548387289047,,,,,0.1449934393167495,,,,,,,,,,,,
20160914.0,0.106473833322525,0.1586678475141525,0.1441658735275268,0.1378930509090423,0.1889280825853347,0.0897201895713806,0.1373638063669204,9.0,0.0887675285339355,1.043466091156006,296.5506591796875,3.375443935394287,269.4472351074219,256.7712707519531,0.0,2.907541513442993,300.0,0.1530237048864364,0.184750000635783
20160915.0,0.0973280444741249,0.159028559923172,0.1184295788407325,0.1262034028768539,0.1863641589879989,,,9.0,0.0887675285339355,1.043466091156006,295.80499267578125,3.366260290145874,269.4049987792969,259.57232666015625,0.0119180018082261,2.839099645614624,300.0,0.1497531831264495,0.175125002861023
20160916.0,0.1202760860323906,0.1860199570655822,,,,0.158726081252098,0.2664571106433868,,,,,,,,,,,,
20160917.0,0.1206282898783683,0.1737249493598938,0.1596540510654449,0.2058296650648117,0.2551506459712982,,0.1640064716339111,9.0,0.0887675285339355,1.043466091156006,290.5293273925781,3.3497354984283447,261.81256103515625,247.8079376220703,0.0308892354369163,1.0187746286392212,300.0,0.2060653865337371,0.185000002384186
20160918.0,0.1157443970441818,0.1705521047115326,0.1541827321052551,0.1675239503383636,0.2146006375551223,,,9.0,0.0887675285339355,1.043466091156006,290.0892944335937,3.3414230346679688,264.6853942871094,249.59228515625,0.0032857793848961,1.5081814527511597,300.0,0.1442669630050659,0.181250000993411
20160919.0,0.1096491962671279,0.1708990484476089,,,,0.0779380500316619,0.1478011459112167,,,,,,,,,,,,
20160920.0,0.10590760409832,0.1536527574062347,0.1185242682695388,0.1425442546606063,0.189003512263298,,,9.0,0.0887675285339355,1.043466091156006,288.0468139648437,3.324913263320923,264.425048828125,250.27798461914065,0.2328492403030395,1.1675914525985718,300.0,0.1416479796171188,0.171583333984017
20160921.0,0.1019320711493492,0.1715945303440094,,,,,0.0,,,,,,,,,,,,
20160922.0,0.0969414487481117,0.1543112844228744,0.1053510755300521,0.1452766358852386,0.19251748919487,0.0623683743178844,0.089602343738079,9.0,0.0887675285339355,1.043466091156006,287.8819274902344,3.308557510375977,264.011474609375,250.19960021972656,0.0017088230233639,1.343544840812683,300.0,0.1361653804779052,0.162500001490116
20160923.0,0.0938703790307045,0.1642118096351623,0.114521823823452,0.1329220533370971,0.1914791017770767,,,9.0,0.0887675285339355,1.043466091156006,288.4030456542969,3.3004369735717773,264.3764343261719,254.45968627929688,0.2384769469499588,1.274200677871704,300.0,0.1377239823341369,0.158583333094915
20160924.0,0.0913344621658325,0.1751157641410827,,,,0.0614492557942867,0.107242040336132,,,,,,,,,,,,
20160925.0,0.0882705897092819,0.1621478497982025,0.1114212274551391,0.1274520605802536,0.1849062144756317,,0.0315866582095623,9.0,0.0887675285339355,1.043466091156006,290.8606872558594,3.284311532974243,264.8211669921875,254.67160034179688,0.4925400912761688,1.6586406230926514,300.0,0.1431552618741989,0.148625003173947
20160926.0,0.0879111140966415,0.1599295884370803,0.1056622341275215,0.1192955002188682,0.1674690693616867,,0.1281472146511078,9.0,0.0887675285339355,1.043466091156006,288.578125,3.276262760162353,266.4665832519531,253.792724609375,0.0859302803874015,1.1540573835372925,300.0,0.1136147752404213,0.145666666328907
20160928.0,0.0817180350422859,0.1760031133890152,,,,,,,,,,,,,,,,,
20160929.0,0.0849576145410537,0.1779132038354873,,,,0.0859760269522667,0.1617786139249801,,,,,,,,,,,,
20160930.0,0.1038053333759307,0.1897829174995422,0.1772538423538208,0.2137812674045562,0.2606704235076904,,0.1136814504861831,9.0,0.0887675285339355,1.043466091156006,287.4529113769531,3.251847505569458,258.6046142578125,245.52444458007807,0.518477737903595,1.3409202098846436,300.0,0.2033968716859817,0.221458332613111
20161001.0,0.1104069203138351,0.1836942881345749,,0.1550266295671463,0.2034132480621338,,,9.0,0.0887675285339355,1.043466091156006,287.0673828125,3.2527079582214355,262.1234741210937,249.0535888671875,2.018244743347168,1.269641637802124,300.0,0.1441026777029037,0.212708331644535
20161002.0,0.1214126199483871,0.2012481242418289,,,,0.097713828086853,0.1372112184762954,,,,,,,,,,,,
20161003.0,0.1302036046981811,0.2013930380344391,,0.2815525829792022,0.32376828789711,,,9.0,0.0887675285339355,1.043466091156006,285.81500244140625,3.252383232116699,251.75955200195312,238.3052215576172,0.4114704728126526,0.9763789772987366,300.0,0.2944361269474029,0.239499997347593
20161004.0,0.1282221525907516,0.1960218548774719,0.1857926249504089,0.2147062420845031,0.2613893449306488,0.1351032853126526,0.2059083878993988,9.0,0.0887675285339355,1.043466091156006,285.2543029785156,3.2523488998413086,256.5038146972656,241.1974334716797,2.763333213806618e-06,0.8533316850662231,300.0,0.2083837240934372,0.2352916666617
20161005.0,0.1229830458760261,0.1866360306739807,,,,,0.1391033679246902,,,,,,,,,,,,
20161006.0,0.119190327823162,0.1807407438755035,0.1437457054853439,0.1762555241584777,0.2235653847455978,,0.1079744845628738,9.0,0.0887675285339355,1.043466091156006,282.2392883300781,3.252280235290528,257.291259765625,243.98101806640625,0.0183706097304821,0.4067480266094208,300.0,0.1792045384645462,0.224916667987903
20161007.0,0.1166455000638961,0.1840051859617233,,,,0.1135773807764053,0.1991943120956421,,,,,,,,,,,,
20161008.0,0.1161426678299903,0.1709730923175811,0.145203560590744,0.1592073589563369,0.2046313732862472,,,9.0,0.0887675285339355,1.043466091156006,284.2701416015625,3.252211093902588,259.835205078125,245.61166381835932,0.2991555333137512,0.9278762340545654,300.0,0.1548733711242675,0.216499997923772
20161009.0,0.1150734648108482,0.1667368561029434,0.1224828660488128,0.163059189915657,0.2065650969743728,0.081873320043087,0.1577501744031906,9.0,0.0887675285339355,1.043466091156006,281.6397399902344,3.2521767616271973,258.3623046875,242.79998779296875,0.5208533406257629,0.5667032599449158,300.0,0.1496254503726959,0.21254166526099
20161010.0,0.1155928745865821,0.1738376766443252,,,,0.0562957040965557,0.0716269388794899,,,,,,,,,,,,
20161011.0,0.1158943548798561,0.1706938743591308,0.1182477101683616,0.1298446506261825,0.1778640449047088,,,9.0,0.0887675285339355,1.043466091156006,280.345703125,3.252107858657837,259.60797119140625,247.1893310546875,0.4656780362129211,0.3138188123703003,300.0,0.1524445861577987,0.209666661918163
20161012.0,0.1160016730427742,0.1800809800624847,0.1153557077050209,0.1417818218469619,0.1968088150024414,0.0613298900425434,0.1338541805744171,9.0,0.0887675285339355,1.043466091156006,282.34539794921875,3.2521071434021,258.5377197265625,248.39553833007807,0.056152805685997,0.4276648461818695,300.0,0.1677155941724777,0.209166664630175
20161013.0,0.1151593551039695,0.1845787614583969,,,,,,,,,,,,,,,,,
20161014.0,0.1178801208734512,0.168192520737648,0.1144991591572761,0.1339408010244369,0.1776010692119598,,0.1366924047470092,9.0,0.0887675285339355,1.043466091156006,282.40869140625,3.2525064945220947,259.6419372558594,245.6590881347656,1.8105807304382324,0.6705804467201233,300.0,0.1578103154897689,0.204249997933706
20161015.0,0.1529934406280517,0.1961103230714798,0.148054227232933,,,0.0748329758644104,0.1221350729465484,,,,,,,,,,,,
20161016.0,0.1510204374790191,0.1860208958387375,0.1430522948503494,0.177913561463356,0.2284949272871017,,,9.0,0.0887675285339355,1.043466091156006,284.445068359375,3.246299266815185,255.8998565673828,245.2240295410156,0.0008642672910355,0.831904947757721,300.0,0.2164956778287887,0.200666667272647
20161017.0,0.1492666751146316,0.1771225780248642,,0.1488191038370132,0.1952390223741531,0.0992045775055885,0.1903744637966156,9.0,0.0887675285339355,1.043466091156006,285.40789794921875,3.239453315734864,259.9033203125,246.6674652099609,0.7305194139480591,0.670662522315979,300.0,0.1721947938203811,0.198541666691502
20161018.0,0.1724473983049392,0.1808816492557525,,,,,0.0850856080651283,,,,,,,,,,,,
20161019.0,0.2485708743333816,0.2337933480739593,,0.4580716490745544,0.5438873767852783,,0.6059755086898804,9.0,0.0887675285339355,1.043466091156006,280.8701477050781,3.227429151535034,235.4996032714844,218.4373779296875,10.662118911743164,0.8524065017700195,300.0,0.3979318141937256,0.410684209120901
20161020.0,0.2538269162178039,,,0.3940626978874206,0.4677910506725311,0.2288831770420074,0.3485824167728424,9.0,0.0887675285339355,1.043466091156006,280.1546325683594,3.221353054046631,239.22708129882807,221.80941772460932,4.388490676879883,0.3839680254459381,300.0,0.3560773134231567,0.43220833192269
20161021.0,0.2315471917390823,0.2192680239677429,,,,,,,,,,,,,,,,,
20161022.0,0.2263291031122207,0.2263517528772354,,0.3900313377380371,0.4267645478248596,0.2077820897102356,0.3005157709121704,9.0,0.0887675285339355,1.043466091156006,279.4826965332031,3.2092723846435547,240.8047637939453,226.82228088378903,0.0515125021338462,0.5569990277290344,300.0,0.3440253138542175,0.361000000188748
20161023.0,0.2108924090862274,0.2151188254356384,,,,,0.3567918837070465,,,,,,,,,,,,
20161024.0,0.2044262886047363,0.2153322249650955,0.240034207701683,0.3114296495914459,0.3680315911769867,,0.1656849831342697,9.0,0.0887675285339355,1.043466091156006,280.30035400390625,3.197286367416382,243.47149658203125,226.36819458007807,1.163743257522583,0.4609392583370209,300.0,0.3104588389396667,0.326333335290353
20161025.0,0.2046339809894561,0.2245743423700332,0.2537966966629028,0.3109422326087951,0.349658191204071,0.1861288994550705,0.2686544358730316,9.0,0.0887675285339355,1.043466091156006,281.7401123046875,3.191329002380371,244.91163635253903,231.13021850585932,0.0498036928474903,0.5467709302902222,300.0,0.3105576634407043,0.320208337157965
20161026.0,0.1990882158279419,0.2171342223882675,,,,,,,,,,,,,,,,,
20161027.0,0.1941606402397155,0.2062975913286209,0.2757916748523712,0.2579862773418426,0.313832938671112,0.1818295568227768,0.3312478959560394,9.0,0.0887675285339355,1.043466091156006,284.2323303222656,3.179485321044922,248.485595703125,229.8385009765625,0.0553265810012817,0.3843756914138794,300.0,0.2566911578178406,0.308583332846562
20161028.0,0.1911702752113342,,0.2751876711845398,0.2555649280548095,0.3078793585300445,0.1840919405221939,0.2259895652532577,9.0,0.0887675285339355,1.043466091156006,285.5559997558594,3.173537015914917,249.7811584472656,231.8399658203125,0.1013870611786842,0.1704913675785064,300.0,0.2689834237098694,0.304583337157965
20161029.0,0.1887948364019394,0.2176160365343094,,,,,,,,,,,,,,,,,
20161030.0,0.1860784441232681,,0.2472534477710724,0.2372487485408783,0.2878497242927551,0.1617902517318725,0.2438428848981857,9.0,0.0887675285339355,1.043466091156006,280.719482421875,3.160974264144897,250.2609100341797,232.07342529296875,0.0038004845846444,0.1384784281253814,300.0,0.1981444656848907,0.297833340863387
20161031.0,0.1841775625944137,0.2068354040384292,,0.2583621144294739,0.3041703701019287,,,9.0,0.0887675285339355,1.043466091156006,281.7268981933594,3.157310009002685,249.41880798339844,233.40000915527344,0.0082085356116294,0.3189402818679809,300.0,0.2211834490299224,0.293666665752729
20161101.0,0.183031216263771,0.2022162228822708,0.2415965050458908,0.2498911619186401,0.2985510230064392,0.1610155999660492,0.3507187068462372,9.0,0.0887675285339355,1.043466091156006,281.5168151855469,3.1606433391571045,250.004150390625,232.78982543945312,0.191164955496788,0.212829902768135,300.0,0.2137654572725296,0.291041674713294
20161102.0,0.1926449239253997,0.2063187956809997,0.2639718651771545,0.2889450192451477,0.3296660482883453,0.0879021361470222,0.2118900120258331,9.0,0.0887675285339355,1.043466091156006,279.7156982421875,3.167442798614502,246.97576904296875,232.37918090820312,2.24285888671875,0.737026572227478,300.0,0.2593948245048523,0.317000002910693
20161103.0,0.2003477066755294,0.2124753147363662,,,,,,,,,,,,,,,,,
20161104.0,0.1977012008428573,0.2031360417604446,0.2635911405086517,0.2482144683599472,0.2969633936882019,0.1840096116065979,0.2467116266489029,9.0,0.0887675285339355,1.043466091156006,280.5307312011719,3.178145408630371,248.9822998046875,231.5815887451172,1.622472882270813,0.6540669798851013,300.0,0.2132797539234161,0.316166670372089
20161105.0,0.2170427441596985,,0.2819386720657348,0.2957960963249206,0.3418951630592346,,0.1297036707401275,9.0,0.0887675285339355,1.043466091156006,279.703857421875,3.183713912963867,245.25997924804688,229.2998962402344,1.9102193117141724,0.7653092741966248,300.0,0.2819986343383789,0.332916669547558
20161106.0,0.213851660490036,,,,,,0.2347178608179092,,,,,,,,,,,,
20161108.0,0.2378380298614502,0.2181644290685653,0.2884365916252136,0.3858645558357239,0.4826081097126007,,,9.0,0.0887675285339355,1.043466091156006,274.56622314453125,3.20054578781128,234.37335205078125,214.99105834960932,1.7795534133911133,0.3996390402317047,300.0,0.3787674009799957,0.38108333448569
20161109.0,0.243166297674179,0.2226927429437637,,0.3477993607521057,0.3950422406196594,0.2009859383106231,0.2757652401924133,9.0,0.0887675285339355,1.043466091156006,275.3201599121094,3.2061986923217773,238.8241577148437,223.238998413086,3.572443723678589,0.5683851838111877,300.0,0.3613410890102386,0.389208334187667
20161110.0,0.250530332326889,0.2257849872112274,,0.3422419130802154,0.3761945962905884,,0.2883083522319793,9.0,0.0887675285339355,1.043466091156006,276.0361633300781,3.2118725776672363,240.18310546875,226.6473999023437,6.81904411315918,0.4679261744022369,300.0,0.3598044514656067,0.375000001241763
20161111.0,0.265392541885376,0.2265451550483703,,,,,0.2052674889564514,,,,,,,,,,,,
20161112.0,0.2421710640192031,0.2042468637228012,,0.2831433713436126,0.3608990609645843,,0.2023987621068954,9.0,0.0887675285339355,1.043466091156006,273.7264099121094,3.223283767700196,239.87619018554688,218.63336181640625,0.0044416398741304,0.4017117619514465,300.0,0.2620931267738342,0.363666664808989
20161113.0,0.2360386699438095,0.2143290638923645,,0.2739549279212951,0.3463099002838135,,,9.0,0.0887675285339355,1.043466091156006,274.886474609375,3.2290358543396,240.7874755859375,219.83639526367188,0.7140923142433167,0.2944352924823761,300.0,0.2536893784999847,0.351166668037574
20161114.0,0.2375438511371612,0.2116687595844268,,,,0.2109444290399551,0.2577593326568603,,,,,,,,,,,,
20161115.0,0.2470362186431884,0.2533529698848724,0.3096050918102264,0.3291300535202026,0.3714256882667541,0.2009222954511642,0.2127445340156555,9.0,0.0887675285339355,1.043466091156006,282.20123291015625,3.240787506103516,239.5443878173828,224.67079162597656,1.1822789907455444,0.0,300.0,0.3646978139877319,0.417249997456868
20161116.0,0.2567063868045807,,,0.3249240517616272,0.3676190078258514,,,9.0,0.0887675285339355,1.043466091156006,283.6070861816406,3.2460532188415527,242.6796112060547,227.5365600585937,3.987636804580689,0.3198704421520233,300.0,0.3562690317630768,0.417583331465721
20161117.0,0.2705440521240234,0.2252269387245178,0.3268657624721527,0.3517892062664032,0.4074415266513824,0.2056071609258651,0.2833338379859924,9.0,0.0887675285339355,1.043466091156006,281.4965209960937,3.249588966369629,241.09381103515625,224.3163604736328,10.196877479553224,1.120677471160889,300.0,0.3604459762573242,0.428105258627942
20161119.0,0.2766281962394714,0.230928435921669,,,,0.2817761600017547,0.3255409300327301,,,,,,,,,,,,
20161120.0,0.2762510180473327,0.2257993370294571,0.3425168395042419,0.3563551306724548,0.441592276096344,0.2188831120729446,0.2473525255918502,9.0,0.0887675285339355,1.043466091156006,279.7191162109375,3.258391857147217,237.00840759277344,217.6361083984375,6.838399887084961,1.379777193069458,300.0,0.3770827651023865,0.405541664610306
20161121.0,0.2937828004360199,,0.3460330069065094,0.3570270538330078,0.4333918988704681,,,9.0,0.0887675285339355,1.043466091156006,282.8182983398437,3.261414051055908,238.9766540527344,220.28860473632807,5.347560882568359,1.1194113492965698,300.0,0.3796315789222717,0.409999998907248
20161122.0,0.2701423168182373,0.2155930697917938,,,,0.3171226978302002,0.4105960130691528,,,,,,,,,,,,
20161123.0,0.256436139345169,,0.3371250629425049,0.3625985383987427,0.4527755975723266,,0.2203131169080734,9.0,0.0887675285339355,1.043466091156006,280.279052734375,3.2674753665924072,238.2014312744141,218.5201110839844,0.00802559312433,0.1085297316312789,300.0,0.346957802772522,0.367666666706403
20161124.0,0.2482089549303054,0.2200350165367126,,,,,0.3912778198719024,,,,,,,,,,,,
20161125.0,0.2415331304073333,0.2140660732984542,,0.3540394902229309,0.4283996820449829,0.1678059995174408,0.2254707515239715,9.0,0.0887675285339355,1.043466091156006,275.0776062011719,3.273559093475342,237.5384826660156,218.98541259765625,0.0005270379479043,0.380509078502655,300.0,0.3338014781475067,0.347916668901841
20161126.0,0.236902043223381,,0.2882746756076813,0.3258088827133178,0.3840768933296203,,,9.0,0.0887675285339355,1.043466091156006,273.4512939453125,3.276609420776367,238.80517578125,221.30242919921875,0.0173949524760246,0.1467254310846328,300.0,0.3031851649284363,0.342458333820105
20161127.0,0.2345524430274963,0.2125394791364669,,,,0.20309579372406,0.2937711775302887,,,,,,,,,,,,
20161128.0,,0.2081913948059082,,0.3158499598503113,0.4037181138992309,,0.2100283801555633,,,,,,,,,,,,
20161202.0,0.225083902478218,0.2114608436822891,0.3071816563606262,,,0.2043951153755188,0.317453533411026,,,,,,,,,,,,
20161203.0,0.2226332724094391,,,0.3039765655994415,0.40211021900177,0.2225155085325241,0.2754600644111633,9.0,0.0887675285339355,1.043466091156006,274.6183166503906,3.275918483734131,236.9571533203125,213.5853576660156,0.0020913956686854,0.1297406256198883,300.0,0.292419284582138,0.322249997407198
20161204.0,,,,0.3043639957904815,0.361845314502716,,,,,,,,,,,,,,
20161208.0,0.2144925892353058,,,,,0.215849831700325,0.2801294028759002,,,,,,,,,,,,
20161209.0,0.2164520323276519,0.2195740491151809,0.2697251439094543,0.2512393891811371,0.2933064103126526,,,9.0,0.0887675285339355,1.043466091156006,281.71710205078125,3.1531102657318115,244.4389495849609,226.95999145507807,0.097989335656166,0.0608895383775234,300.0,0.3088099956512451,0.316636364568364
20161210.0,0.220163032412529,0.2183496057987213,0.2746399641036987,,,0.2249082773923874,0.2864772379398346,,,,,,,,,,,,
20161211.0,0.2739704251289367,0.2361121922731399,0.3110136389732361,0.2924281358718872,0.3495301604270935,,0.1868953555822372,9.0,0.0887675285339355,1.043466091156006,280.1962585449219,3.1149444580078125,241.41845703125,221.502685546875,5.150725364685059,0.7068820595741272,300.0,0.2713558673858642,0.427833332369725
20161212.0,0.2481691688299179,0.2130482345819473,0.2844966650009155,0.2962056398391723,0.3442764282226562,,0.6245002746582031,9.0,0.0887675285339355,1.043466091156006,278.5716552734375,3.096258640289306,241.75668334960932,223.210693359375,0.0305443350225687,0.0,300.0,0.2904626727104187,0.395000000794729
20161213.0,0.240837961435318,,,,,0.190623477101326,0.2506790459156036,,,,,,,,,,,,
20161214.0,0.2438378930091858,0.2179660648107528,0.2779113054275512,0.2931078672409057,0.319397360086441,,,9.0,0.0887675285339355,1.043466091156006,280.5033264160156,3.0596814155578613,243.24874877929688,229.193115234375,1.2336697578430176,0.0624116510152816,300.0,0.326168805360794,0.380272727121006
20161215.0,0.2403968423604965,,0.2784911096096039,0.2930115461349487,0.3268263339996338,0.2266474217176437,0.3335368037223816,9.0,0.0887675285339355,1.043466091156006,278.9940795898437,3.041656732559204,243.2893524169922,227.2269897460937,0.010368880815804,0.241013616323471,300.0,0.2726832628250122,0.374333335707585
20161216.0,0.2352193892002105,0.2137092649936676,,,,,0.1643421798944473,,,,,,,,,,,,
20161217.0,0.233897253870964,,0.2922155559062958,0.2634206414222717,0.3022717237472534,,0.2688680589199066,9.0,0.0887675285339355,1.043466091156006,278.0214538574219,3.004863739013672,243.44692993164065,226.3841552734375,0.644372284412384,0.1422549337148666,300.0,0.2554435133934021,0.356874999900659
20161218.0,0.2324088364839553,0.2093903124332428,,,,0.2102410346269607,0.2464064508676529,,,,,,,,,,,,
20161219.0,0.2298025041818618,0.210217610001564,0.2890306711196899,0.3048681318759918,0.3313661217689514,,,9.0,0.0887675285339355,1.043466091156006,277.34210205078125,2.9942386150360107,242.49313354492188,228.03152465820312,0.0957976430654525,0.089342787861824,300.0,0.2825419902801513,0.344583332538605
20161220.0,,,0.2617664039134979,0.2909712791442871,0.3623271882534027,0.210526168346405,0.365398108959198,,,,,,,,,,,,
20161221.0,0.228273257613182,,,,,,0.2359996289014816,,,,,,,,,,,,
20161222.0,0.2729750275611877,0.2283169776201248,0.2934359014034271,0.2795986831188202,0.3210544884204864,,,9.0,0.0887675285339355,1.043466091156006,278.79986572265625,3.015747547149658,241.0815277099609,223.57180786132807,3.970612049102783,0.2117152065038681,300.0,0.2946369647979736,0.419368419208025
20161223.0,0.2506410181522369,0.2151942700147628,0.2871362566947937,0.2898434102535248,0.3241750299930572,0.2106062620878219,0.2567522227764129,9.0,0.0887675285339355,1.043466091156006,277.8504638671875,3.0223536491394043,241.4380798339844,225.50796508789065,0.3657235503196716,0.3803785443305969,300.0,0.2729763090610504,0.395124999185403
20161224.0,0.246601715683937,0.2142270803451538,,,,,,,,,,,,,,,,,
20161225.0,0.2469181269407272,,0.2852376401424408,0.2891985177993774,0.3356513381004333,0.113783486187458,0.2893764972686767,9.0,0.0887675285339355,1.043466091156006,281.9396057128906,3.0356805324554443,242.48602294921875,223.99740600585932,0.8820291757583618,0.5910687446594238,300.0,0.27029949426651,0.386541667083899
20161226.0,0.2586552202701568,0.2192397564649582,0.32050421833992,,,0.0277559328824281,0.1852778643369674,,,,,,,,,,,,
20161227.0,0.2488889396190643,,0.3182750046253204,0.3064917027950287,0.3472215235233307,,,9.0,0.0887675285339355,1.043466091156006,278.61871337890625,3.049159526824951,241.98602294921875,224.7804718017578,0.0318233631551265,0.221275195479393,300.0,0.2783252894878387,0.396826087132744
20161228.0,0.2418401688337326,0.2074689865112304,0.3145473599433899,0.3433907330036163,0.4035199582576751,0.2477079629898071,0.2748191654682159,9.0,0.0887675285339355,1.043466091156006,276.5441589355469,3.0559563636779785,237.4403686523437,218.32373046875,0.0784764513373375,0.0517211332917213,300.0,0.3005258440971374,0.380708334346612
20161229.0,,,,,,,0.1578112095594406,,,,,,,,,,,,
20161230.0,,,,0.2929446697235107,0.3625026643276214,,0.3466902673244476,,,,,,,,,,,,
20170102.0,0.2490566223859787,0.2153480947017669,0.2954822778701782,0.2935405969619751,0.3486378490924835,0.2271469384431839,0.2805566489696502,9.0,0.0887675285339355,1.043466091156006,273.9623107910156,3.0683178901672363,238.00222778320312,218.81964111328125,0.2286249846220016,0.262154757976532,300.0,0.2726120948791504,0.383500001082818
20170103.0,0.2472663968801498,,0.2935427129268646,,,,0.191259503364563,,,,,,,,,,,,
20170104.0,0.2586044669151306,0.2200507670640945,0.330323189496994,0.298932135105133,0.346185028553009,,0.2308725267648697,9.0,0.0887675285339355,1.043466091156006,276.7259521484375,3.032876491546631,240.38821411132807,222.5430908203125,2.1622684001922607,1.2701196670532229,300.0,0.2605003714561462,0.391142859345391
20170105.0,,,0.3121131360530853,0.3314260840415954,0.4302399456501007,0.0194173753261566,0.1264687031507492,,,,,,,,,,,,
20170110.0,0.2811567783355713,0.2337645143270492,0.3257104754447937,0.3388935327529907,0.3786141574382782,0.2514662742614746,0.3325907289981842,9.0,0.0887675285339355,1.043466091156006,277.1808166503906,2.937523365020752,235.88961791992188,220.0993804931641,4.104899883270264,0.2485452741384506,300.0,0.358746737241745,0.422684209911447
20170111.0,0.2679819464683532,0.2285184860229492,0.3282055556774139,,,,,,,,,,,,,,,,
20170112.0,0.2702688574790954,0.2185093760490417,,0.3088092505931854,0.3847785890102386,0.2513752281665802,0.3892025649547577,9.0,0.0887675285339355,1.043466091156006,276.91815185546875,2.90765380859375,237.33819580078125,216.39682006835932,14.527085304260254,0.6528366208076477,300.0,0.2819070219993591,0.41129166384538
20170113.0,0.3051239252090454,,,,,0.0479895733296871,,9.0,0.0887675285339355,1.043466091156006,273.90362548828125,2.8930702209472656,242.13449096679688,228.73391723632807,15.173396110534668,0.3030994236469269,300.0,0.3664852082729339,0.464799995720386
20170129.0,0.2824785411357879,0.2157880216836929,,,,,,9.0,0.0887675285339355,1.043466091156006,275.9170837402344,2.8278822898864746,232.3970642089844,217.1493225097656,3.066993236541748,0.1007207706570625,300.0,0.3593042492866516,0.367090910673141
20170130.0,0.3073326349258423,0.2264150232076645,,,,0.2824245393276214,0.5009307861328125,,,,,,,,,,,,
20170131.0,0.2818686664104461,0.2329717576503753,,,,0.2372767031192779,0.2724692523479461,9.0,0.0887675285339355,1.043466091156006,275.3985595703125,2.8268730640411377,234.90817260742188,215.48097229003903,0.0905200988054275,0.2403996884822845,300.0,0.2913313806056976,0.425208331396182
20170201.0,0.2701843678951263,,,0.3259983658790588,0.4049511849880218,,,9.0,0.0887675285339355,1.043466091156006,275.6748046875,2.8243212699890137,233.4691162109375,212.8551177978516,0.5204212665557861,0.4530296623706817,300.0,0.2926377058029175,0.413749996572733
20170202.0,0.2665494978427887,,,,,0.2529790103435516,0.3286233246326446,,,,,,,,,,,,
20170203.0,0.2710852324962616,0.2268775552511215,,0.2405664324760437,0.2962906956672668,,0.3052156269550323,9.0,0.0887675285339355,1.043466091156006,280.0260009765625,2.8386027812957764,241.7729949951172,220.97366333007807,2.522278070449829,0.1829309165477752,300.0,0.257815420627594,0.404958331336578
20170204.0,0.2676043212413788,,,,,,0.4208502471446991,,,,,,,,,,,,
20170205.0,0.2900414764881134,0.2232270389795303,0.2976889610290527,0.3419817090034485,0.3858155608177185,0.2201389223337173,0.3320108652114868,9.0,0.0887675285339355,1.043466091156006,277.6705322265625,2.87082576751709,236.57847595214844,220.197509765625,2.4537806510925293,0.4915165901184082,300.0,0.3260800242424011,0.429149998724461
20170206.0,0.2690060138702392,,0.2783724665641784,0.302495539188385,0.36562380194664,,,9.0,0.0887675285339355,1.043466091156006,275.492431640625,2.886861801147461,237.75616455078125,218.1321563720703,0.1699585318565368,0.0917648151516914,300.0,0.2680735290050506,0.416083330909411
20170207.0,0.2623085379600525,0.228467658162117,,,,0.2939007580280304,0.3101901412010193,,,,,,,,,,,,
20170208.0,,0.2430177181959152,0.3080507814884186,,,,0.2073122411966323,,,,,,,,,,,,
20170216.0,0.2686794102191925,,0.3204692900180816,0.3157214820384979,0.4173920750617981,,,9.0,0.0887675285339355,1.043466091156006,278.3201599121094,3.0620036125183105,234.2039794921875,211.1849975585937,0.031118543818593,0.1454188376665115,300.0,0.3069997131824493,0.399541666110357
20170217.0,0.2688467502593994,0.217814102768898,,0.2918280661106109,0.3439205884933471,0.2512832283973694,0.4279610514640808,9.0,0.0887675285339355,1.043466091156006,278.69158935546875,3.0828561782836914,240.01925659179688,221.71951293945312,1.218320369720459,0.4073982834815979,300.0,0.2955511212348938,0.408999997945059
20170218.0,0.2598674893379211,0.2199752181768417,,,,0.218865618109703,0.2613605260848999,,,,,,,,,,,,
20170219.0,0.2610113024711609,0.2162243425846099,0.3144745826721191,0.3751852214336395,0.4164902865886688,,,9.0,0.0887675285339355,1.043466091156006,277.6122131347656,3.1070237159729004,235.1055908203125,219.04360961914065,1.7108715772628784,0.2794756889343261,300.0,0.376247227191925,0.403500000635783
20170220.0,0.2592333555221557,0.2236257493495941,,,,0.2000618427991867,0.3114719092845917,,,,,,,,,,,,
20170221.0,0.2608838081359863,0.2317490130662918,,0.3020996749401092,0.3602916896343231,,0.2589800655841827,9.0,0.0887675285339355,1.043466091156006,280.6061096191406,3.1152782440185547,240.93862915039065,221.4686737060547,0.4210688173770904,1.0003660917282104,300.0,0.2819474041461944,0.43245833242933
20170312.0,0.2626025378704071,0.2204209864139557,0.3742503225803375,0.3846808075904846,0.5041780471801758,,0.5028534531593323,9.0,0.0887675285339355,1.043466091156006,279.82232666015625,3.1931700706481934,231.70822143554688,209.5403289794922,0.8232183456420898,1.7211811542510986,300.0,0.4103124141693115,0.459041664997737
20170313.0,0.2553733587265014,0.2183852195739746,,0.3894867897033691,0.5438873767852783,0.235768124461174,0.2710654139518738,9.0,0.0887675285339355,1.043466091156006,279.73248291015625,3.195730686187744,228.61289978027344,203.9351348876953,0.0047731506638228,1.1101436614990234,300.0,0.4231888651847839,0.440541664759318
20170314.0,0.247938722372055,,,,,,,,,,,,,,,,,,
20170315.0,0.2413243353366851,0.2145153284072876,,0.3434670567512512,0.4467256963253021,0.2634707689285278,0.3160191774368286,9.0,0.0887675285339355,1.043466091156006,281.46441650390625,3.2008650302886963,236.49923706054688,213.7615203857422,0.0077948714606463,1.437482833862305,300.0,0.3598003685474396,0.409416660666466
20170316.0,0.2350301295518875,0.2152898013591766,,,,,0.1768547594547271,,,,,,,,,,,,
20170317.0,0.2301515638828277,,,0.3250515758991241,0.4156530499458313,,0.2661824524402618,9.0,0.0887675285339355,1.043466091156006,280.8045349121094,3.206017017364502,238.601318359375,216.2374267578125,4.828504085540772,1.5760496854782104,300.0,0.3131392896175384,0.382124998917182
20170318.0,0.2829054594039917,0.2327508330345153,,0.3467515110969543,0.4245387017726898,0.0398587062954902,0.1320841163396835,9.0,0.0887675285339355,1.043466091156006,280.8133239746094,3.208599328994751,237.66213989257807,217.19140625,5.699511528015137,1.2065119743347168,300.0,0.3573405742645263,0.449791664878527
20170319.0,0.2818952202796936,0.2387378066778183,,,,,,,,,,,,,,,,,
20170320.0,0.2883873283863067,0.2525114715099334,0.382269024848938,0.3851902782917022,0.4336458146572113,0.2617838382720947,0.2782067358493805,9.0,0.0887675285339355,1.043466091156006,282.8663330078125,3.2139639854431152,238.3223571777344,221.18701171875,6.894526481628418,1.1651979684829712,300.0,0.3849253356456756,0.456791664163272
20170321.0,0.281333863735199,0.231961116194725,,0.4062148928642273,0.4736379384994507,,0.4142582416534424,9.0,0.0887675285339355,1.043466091156006,280.3438415527344,3.215907096862793,235.643798828125,217.34536743164065,0.5565813779830933,1.964179515838623,300.0,0.4113556742668152,0.453125
20170322.0,0.2627939879894256,0.2196109890937805,,,,,0.330515444278717,,,,,,,,,,,,
20170323.0,0.2528389692306518,0.2118476927280426,0.3710403144359588,0.3684395253658294,0.4643587470054626,0.2236642688512802,0.2780236303806305,9.0,0.0887675285339355,1.043466091156006,280.4762268066406,3.2268545627593994,234.33090209960932,213.30372619628903,0.0004196042427793,1.680803656578064,300.0,0.4062629342079162,0.408416664848725
20170324.0,0.2449840903282165,0.210828348994255,0.3732065558433532,,,,,,,,,,,,,,,,
20170325.0,0.2367989867925644,0.2113662362098693,0.342957466840744,0.3725314140319824,0.4676669538021087,0.2354960888624191,0.4299142360687256,9.0,0.0887675285339355,1.043466091156006,279.8927307128906,3.244128942489624,234.12619018554688,213.35223388671875,0.0016963757807388,2.2453949451446533,300.0,0.4090748429298401,0.367791665097078
20170326.0,0.2306508421897888,0.209674060344696,0.3324359357357025,0.3294530212879181,0.3920456767082214,0.2007390111684799,0.3679006397724151,9.0,0.0887675285339355,1.043466091156006,280.6825866699219,3.252646207809448,239.23312377929688,220.14956665039065,0.0032293095719069,1.4651716947555542,300.0,0.3676192164421081,0.35399999966224
20170327.0,0.2249262630939483,0.2055566012859344,,,,,,,,,,,,,,,,,
20170328.0,0.2180070728063583,0.2003699243068695,,0.3156792223453522,0.3963005840778351,0.2259440273046493,0.2906582951545715,9.0,0.0887675285339355,1.043466091156006,283.15057373046875,3.26975154876709,239.96713256835932,218.6378326416016,0.0008523463038727,2.239499092102051,300.0,0.3714408874511719,0.327666671325763
20170329.0,0.2217749506235122,,0.3260146081447601,0.2378689795732498,0.2814635336399078,,,9.0,0.0887675285339355,1.043466091156006,283.5010070800781,3.278371810913086,250.00296020507807,232.6278686523437,1.72636616230011,1.3006045818328855,300.0,0.2959133684635162,0.321208337942759
20170330.0,0.2204403579235077,0.2038418054580688,,,,,0.3978392779827118,,,,,,,,,,,,
20170331.0,0.211207166314125,0.1935253292322158,,0.2454555481672287,0.3045432269573211,0.0034897057339549,0.0461439862847328,9.0,0.0887675285339355,1.043466091156006,287.6462097167969,3.2957468032836914,250.2020568847656,228.98272705078125,0.5692788362503052,2.5377209186553955,300.0,0.2646395564079284,0.305958334356546
20170401.0,0.2240408509969711,,,,,,,,,,,,,,,,,,
20170402.0,0.239606499671936,0.1977799534797668,,0.2652673125267029,0.2991895675659179,0.1762822270393371,0.2720114886760711,9.0,0.0887675285339355,1.043466091156006,284.0366516113281,3.313301086425781,249.6278381347656,237.19342041015625,0.3946771323680877,2.0299761295318604,300.0,0.3485909700393677,0.30075000350674
20170403.0,0.2259705811738968,,0.2908261716365814,0.2350447475910186,0.2826524376869201,,0.1208532974123954,9.0,0.0887675285339355,1.043466091156006,283.19854736328125,3.322145462036133,250.4468994140625,232.2129821777344,0.011739688925445,1.5322959423065186,300.0,0.2999639809131622,0.294708337634802
20170404.0,0.2161518931388855,0.191363051533699,,,,,0.1626636534929275,,,,,,,,,,,,
20170405.0,0.2084952294826507,0.1892343759536743,,0.2003488391637802,0.2441868931055069,0.1345818638801574,0.1838129758834839,9.0,0.0887675285339355,1.043466091156006,281.6733703613281,3.3393900394439697,253.48110961914065,235.8244171142578,0.0192034244537353,1.6830569505691528,300.0,0.28182452917099,0.282833334058523
20170406.0,0.2030956000089645,0.193347543478012,0.2658584117889404,0.217519462108612,0.260416179895401,,,9.0,0.0887675285339355,1.043466091156006,281.3008728027344,3.3504042625427246,251.26791381835932,235.68115234375,0.0940354913473129,1.5026509761810305,300.0,0.3146625161170959,0.277958335975806
20170407.0,0.1988316923379898,0.196889728307724,,,,0.0981141030788421,0.1639454364776611,,,,,,,,,,,,
20170408.0,0.1952524185180664,0.1878258138895034,0.2349540293216705,0.2009711414575576,0.2441845089197158,,0.1726737320423126,9.0,0.0887675285339355,1.043466091156006,283.193359375,3.3505682945251465,253.54690551757807,237.44195556640625,0.0345483683049678,1.5073184967041016,300.0,0.2890436053276062,0.269458342343569
20170409.0,0.1897026747465133,0.1852694004774093,0.23851378262043,,,,0.1497543305158615,,,,,,,,,,,,
20170410.0,0.1825838238000869,0.1874322444200515,0.232864961028099,0.178769364953041,0.2212476283311844,,,9.0,0.0887675285339355,1.043466091156006,283.790283203125,3.331617832183838,256.7046813964844,240.6464233398437,0.0031205643899738,2.0934808254241943,300.0,0.2574207186698913,0.257000005493561
20170411.0,0.1796232610940933,0.1860716044902801,0.1936031430959701,0.1866044253110885,0.2320494502782821,,,9.0,0.0887675285339355,1.043466091156006,281.8829650878906,3.322791337966919,254.10455322265625,241.6020050048828,0.4730675518512726,1.7312036752700806,300.0,0.2942680418491363,0.251208335782091
20170412.0,0.1899982094764709,0.1884527057409286,,,,,,,,,,,,,,,,,
20170413.0,0.2138936519622802,0.2024914324283599,0.2272489964962005,0.2016808688640594,0.2455092966556549,,,9.0,0.0887675285339355,1.043466091156006,281.9032897949219,3.305460453033448,253.06524658203125,239.24224853515625,0.4011944234371185,2.116989850997925,300.0,0.3053820729255676,0.252666672070821
20170414.0,0.205877274274826,0.1998343914747238,0.2305121123790741,0.1675744205713272,0.2094116657972335,,,9.0,0.0887675285339355,1.043466091156006,280.9243469238281,3.296859741210937,255.23196411132807,238.9300842285156,0.515285074710846,1.4034088850021362,300.0,0.226939707994461,0.252086960751077
20170415.0,0.2277775853872299,0.206254780292511,,,,0.1349872499704361,0.2049012780189514,,,,,,,,,,,,
20170416.0,0.2259088009595871,0.1908010095357895,0.2024172842502594,0.173599436879158,0.2160568982362747,,,9.0,0.0887675285339355,1.043466091156006,281.2648620605469,3.2797884941101074,254.793701171875,238.37451171875,3.2251992225646973,2.3213398456573486,300.0,0.2717888951301574,0.246999993920326
20170417.0,0.2298535108566284,0.19500632584095,0.2247210890054702,,,0.1240903213620185,0.2231208235025406,,,,,,,,,,,,
20170418.0,0.2271119654178619,0.1911800503730774,0.2222865372896194,0.2266619801521301,0.2703157365322113,0.1221332848072052,0.1619922518730163,9.0,0.0887675285339355,1.043466091156006,279.5196228027344,3.262890100479126,249.1288452148437,234.68467712402344,2.430967330932617,2.3943216800689697,300.0,0.3446042537689209,0.242833333710829
20170419.0,0.221541479229927,0.180707111954689,0.1931499391794204,0.1767336279153823,0.2195973396301269,,,9.0,0.0887675285339355,1.043466091156006,277.3729858398437,3.2545056343078613,252.3431396484375,236.4334259033203,0.0010433383285999,1.9712921380996704,300.0,0.2667471468448639,0.2407499961555
20170420.0,0.208141878247261,,,,,0.1331563889980316,0.2201910465955734,,,,,,,,,,,,
20170421.0,0.2004822492599487,0.1812173426151275,,0.1532642841339111,0.194750964641571,,0.0687276870012283,9.0,0.0887675285339355,1.043466091156006,283.50689697265625,3.2380738258361816,256.1650085449219,240.61178588867188,0.8011185526847839,1.8200656175613403,300.0,0.2064368724822998,0.234083330879609
20170422.0,0.197145327925682,0.2018168121576309,0.181186094880104,0.1440534591674804,0.191086009144783,,0.156071662902832,9.0,0.0887675285339355,1.043466091156006,281.6710205078125,3.229097843170166,257.2037353515625,244.57354736328125,0.3486872613430023,2.487720489501953,300.0,0.1951063275337219,0.231249999875824
20170423.0,0.1931850463151931,0.1886244267225265,,,,0.1025498211383819,0.1765495836734771,,,,,,,,,,,,
20170424.0,0.2084052562713623,,0.1672878861427307,0.1451367735862732,0.1882040053606033,,,9.0,0.0887675285339355,1.043466091156006,281.16339111328125,3.2189764976501465,256.1298522949219,241.82839965820312,8.925827026367188,1.951107621192932,300.0,0.207329124212265,0.225749997422099
20170425.0,0.2502972781658172,0.2182544320821762,0.2271018624305725,,,0.1484401822090149,0.1946775764226913,,,,,,,,,,,,
20170426.0,0.2296098470687866,0.1952936798334121,0.1948827356100082,0.1844849586486816,0.2283307611942291,,0.1376384794712066,9.0,0.0887675285339355,1.043466091156006,280.3166809082031,3.215634822845459,252.11495971679688,236.9695281982422,1.796561360359192,2.3801283836364746,300.0,0.2908081114292145,0.252454550428824
20170427.0,0.2237335741519928,0.1901213973760604,0.1898935884237289,0.1869904398918151,0.2336957305669784,,0.1031525656580925,9.0,0.0887675285339355,1.043466091156006,279.4601745605469,3.213762760162353,251.5469970703125,239.3726806640625,0.9364884495735168,2.4723479747772217,300.0,0.2898826003074646,0.254833343128363
20170428.0,0.2207894623279571,0.1991024017333984,,,,0.0932242199778556,0.1481063216924667,,,,,,,,,,,,
20170429.0,0.2184540927410125,0.1876087784767151,0.17338328063488,0.1554253846406936,0.199188232421875,,,9.0,0.0887675285339355,1.043466091156006,281.3638916015625,3.2099575996398926,255.0013427734375,240.5984649658203,0.6729637980461121,2.285789728164673,300.0,0.2276132851839065,0.247374997784694
20170430.0,0.2045643329620361,0.1789607256650924,0.1734319478273391,0.1571215689182281,0.2026723176240921,0.0918812081217765,0.1675771325826645,9.0,0.0887675285339355,1.043466091156006,283.6690673828125,3.2080585956573486,255.3282470703125,241.75210571289065,0.0,3.904641151428223,300.0,0.2428528070449829,0.240250000730157
20170501.0,0.2067818790674209,0.1817319095134735,,,,0.1087506264448165,0.1481673568487167,,,,,,,,,,,,
20170502.0,0.2361807078123092,0.2072366923093795,0.1519636064767837,0.1576226949691772,0.2050072997808456,,,9.0,0.0887675285339355,1.043466091156006,283.3819580078125,3.204267978668213,256.7943725585937,243.9690399169922,4.8755292892456055,2.1961569786071777,300.0,0.2016114741563797,0.234666665395101
20170504.0,0.2269923239946365,0.2022302746772766,0.1693386882543563,0.1898331195116043,0.2351274192333221,,,9.0,0.0887675285339355,1.043466091156006,283.9198303222656,3.200486660003662,255.27621459960932,240.77200317382807,1.800649642944336,2.2986931800842285,300.0,0.2267147600650787,0.248499996960163
20170505.0,0.2263983637094497,0.2096776515245437,0.1679753810167312,0.1639173477888107,0.2097759842872619,0.0914601385593414,0.2305063009262085,9.0,0.0887675285339355,1.043466091156006,281.55828857421875,3.198599576950073,256.51861572265625,242.70437622070312,0.3893995285034179,1.0882941484451294,300.0,0.1674972921609878,0.246999993920326
20170506.0,0.2147091776132583,0.201829731464386,,,,0.0879648774862289,0.138615071773529,,,,,,,,,,,,
20170507.0,0.2064782679080963,0.188493937253952,0.1752845793962478,0.1719766408205032,0.2173625081777572,,,9.0,0.0887675285339355,1.043466091156006,285.5966186523437,3.1950576305389404,257.3205871582031,243.2831115722656,0.5568385124206543,1.8283730745315552,300.0,0.177907794713974,0.237749998768171
20170508.0,0.2005870640277862,,0.1598453074693679,0.1890192925930023,0.2335976809263229,0.0938323438167572,0.1634266227483749,9.0,0.0887675285339355,1.043466091156006,283.3614196777344,3.192389488220215,255.5975646972656,240.58663940429688,0.1511619091033935,2.1002142429351807,300.0,0.2017131745815277,0.231624998773138
20170509.0,0.1915580630302429,,,,,,0.1570787727832794,,,,,,,,,,,,
20170510.0,0.1833410114049911,0.1789673566818237,,0.1680247187614441,0.2130002528429031,,0.1374553740024566,9.0,0.0887675285339355,1.043466091156006,282.8880615234375,3.195531845092773,255.26548767089844,241.36102294921875,0.00357939559035,2.2751057147979736,300.0,0.214915320277214,0.218958331272006
20170511.0,0.1766042113304138,0.1835643798112869,,,,0.0396123826503753,0.0388805828988552,,,,,,,,,,,,
20170512.0,0.1908631324768066,0.2104866206645965,0.1781089901924133,0.1810539066791534,0.2275574058294296,,,9.0,0.0887675285339355,1.043466091156006,288.6826477050781,3.206151008605957,257.7381591796875,245.3421630859375,3.627434730529785,2.2359135150909424,300.0,0.1867966800928115,0.203416666636864
20170513.0,0.2274683266878128,0.2092259973287582,0.2061683088541031,0.1935407817363739,0.2372076958417892,0.1303608417510986,0.2703634798526764,9.0,0.0887675285339355,1.043466091156006,288.6976013183594,3.2112607955932617,257.87969970703125,242.5132751464844,6.739739894866943,2.695708751678467,300.0,0.1805611252784729,0.19941666846474
20170514.0,0.2435593605041504,0.1943633407354354,,,,,0.1801507622003555,,,,,,,,,,,,
20170515.0,0.230273813009262,0.1897331774234771,0.1910775303840637,0.1787136942148208,0.2235593646764755,,0.2252265959978103,9.0,0.0887675285339355,1.043466091156006,288.31719970703125,3.2214550971984863,257.97369384765625,244.59164428710932,0.001188646769151,4.1506452560424805,300.0,0.2170687168836593,0.205727272412994
20170516.0,0.207260400056839,0.182484969496727,0.1807422041893005,0.1655784845352172,0.2080900818109512,0.0338315032422542,0.1572008430957794,9.0,0.0887675285339355,1.043466091156006,291.0749816894531,3.2265772819519043,260.76910400390625,245.2696533203125,0.0435255467891693,2.167725086212158,300.0,0.143377810716629,0.200916664674878
20170517.0,0.1921832114458084,0.1707163602113723,,,,,,,,,,,,,,,,,
20170518.0,0.1894119679927826,0.1796931773424148,,0.1217424497008323,0.1649319380521774,0.0913577005267143,0.1777703166007995,9.0,0.0887675285339355,1.043466091156006,290.7327880859375,3.236872911453247,267.84228515625,253.9432373046875,3.3139376640319824,2.249001264572144,300.0,0.1033719554543495,0.182124997178713
20170519.0,0.2112324833869934,0.1866950839757919,,0.1417389065027237,0.1925177574157714,0.0365902781486511,0.0589617602527141,9.0,0.0887675285339355,1.043466091156006,286.74346923828125,3.2420458793640137,263.36474609375,252.1133575439453,4.280455112457275,1.925151824951172,300.0,0.1216119080781936,0.178250002985199
20170520.0,0.221734270453453,0.1974937468767166,0.1534577012062072,0.1423073709011078,0.186514601111412,,,9.0,0.0887675285339355,1.043466091156006,287.10333251953125,3.2472355365753174,261.99578857421875,248.1508178710937,1.3061376810073853,3.3908700942993164,300.0,0.1628110110759735,0.173958331967394
20170521.0,0.2061963826417923,0.1773205995559692,0.1466730535030365,0.1507143676280975,0.1929440796375274,0.0934237539768219,0.1395611464977264,9.0,0.0887675285339355,1.043466091156006,287.61737060546875,3.2524423599243164,260.96337890625,245.8612823486328,0.0335094965994358,3.0149850845336914,300.0,0.1681466400623321,0.167291668554147
20170522.0,0.1879286617040634,0.1674688905477523,,,,,,,,,,,,,,,,,
20170523.0,0.1701625883579254,0.1689073592424392,0.1382910907268524,0.1270277947187423,0.1668341904878616,,0.0642109438776969,9.0,0.0887675285339355,1.043466091156006,290.200439453125,3.2628536224365234,266.107666015625,250.71588134765625,0.0148490509018301,3.809894323348999,300.0,0.1308935582637787,0.14962499961257
20170524.0,0.1571001410484314,0.1733453422784805,0.121932253241539,0.1032669469714164,0.1439186185598373,0.0710426867008209,0.1311380416154861,9.0,0.0887675285339355,1.043466091156006,289.1456298828125,3.268296718597412,267.1932373046875,253.3168029785156,0.0229719504714012,2.831033945083618,300.0,0.0982819572091102,0.143916667128603
20170525.0,0.1465366929769516,0.1737051010131836,,,,,,,,,,,,,,,,,
20170526.0,0.1345694959163665,0.1660893410444259,0.0918525755405426,0.0881769880652427,0.1346415728330612,0.0608324594795703,0.1121555194258689,9.0,0.0887675285339355,1.043466091156006,292.5493469238281,3.2772254943847656,268.5961303710937,256.83819580078125,0.0,4.166565418243408,300.0,0.1175607293844223,0.132833334306876
20170527.0,0.1197905167937278,0.1603398919105529,0.1101506352424621,0.0839534923434257,0.1347338110208511,,0.0589617602527141,9.0,0.0887675285339355,1.043466091156006,295.3176574707031,3.28070068359375,269.9757385253906,259.28912353515625,0.0012831644853577,5.464495658874512,300.0,0.1125472411513328,0.127249997730056
20170528.0,0.1146554350852966,0.1965648233890533,0.2447149455547332,0.2918948829174042,0.3405974209308624,,0.34797203540802,9.0,0.0887675285339355,1.043466091156006,294.46044921875,3.284433364868164,253.8968505859375,237.09246826171875,1.4003946781158447,4.228240013122559,300.0,0.227585881948471,0.221347825682682
20170529.0,0.1165808588266372,0.17900051176548,0.1243057698011398,0.1362441182136535,0.1815091222524643,0.064828485250473,0.0903958231210708,9.0,0.0887675285339355,1.043466091156006,295.0475769042969,3.288102388381958,266.6194152832031,253.00721740722656,2.4640941619873047,3.3425180912017822,300.0,0.158231034874916,0.23195833278199
20170530.0,0.127515971660614,0.1807917654514312,,,,,,,,,,,,,,,,,
20170531.0,0.1210599020123481,0.1705129742622375,0.1240937337279319,0.1151075288653373,0.1544083803892135,0.0698137804865837,0.1456953585147857,9.0,0.0887675285339355,1.043466091156006,291.2713317871094,3.295483112335205,268.99090576171875,253.86257934570312,0.5235720276832581,3.339616775512696,300.0,0.1136081963777542,0.213458330680927
20170601.0,0.1107333675026893,0.1612318009138107,,0.1033666133880615,0.1579041928052902,,0.2293466031551361,9.0,0.0887675285339355,1.043466091156006,291.1607666015625,3.299185276031494,266.7811889648437,256.4796142578125,0.0017106531886383,4.050900459289551,300.0,0.125677153468132,0.199541666855415
20170602.0,0.0995464920997619,0.1677028089761734,,,,,0.0972319692373275,,,,,,,,,,,,
20170603.0,0.0954637005925178,0.1559029668569564,0.099487654864788,0.0810470655560493,0.1210952475666999,0.0397654324769973,0.059266947209835,9.0,0.0887675285339355,1.043466091156006,294.5615539550781,3.306614398956299,272.9090576171875,259.8216552734375,1.0502580404281616,3.2542848587036133,300.0,0.115989089012146,0.168999997898936
20170604.0,0.0969939455389976,0.1934155523777008,,0.1728826612234115,0.2184318453073501,,,9.0,0.0887675285339355,1.043466091156006,290.6378173828125,3.310340881347656,263.2596435546875,249.1419982910156,0.5894920825958252,2.858410358428955,300.0,0.1759667545557022,0.162333331381281
20170605.0,0.0918968394398689,0.162105992436409,,0.1330079138278961,0.1778730750083923,0.0688540264964103,0.1338846981525421,9.0,0.0887675285339355,1.043466091156006,290.23956298828125,3.314075231552124,265.0955810546875,251.31719970703125,0.0778430178761482,3.173824071884156,300.0,0.1490905731916427,0.154458334048589
20170606.0,0.1036622375249862,0.1846486330032348,,0.1022209078073501,0.1408520191907882,,0.0534684285521507,9.0,0.0887675285339355,1.043466091156006,288.9533996582031,3.3178179264068604,268.969970703125,254.3929443359375,3.525022506713867,2.9938247203826904,300.0,0.1155680641531944,0.160809526131267
20170607.0,0.1251980662345886,0.218142420053482,,,,,,,,,,,,,,,,,
20170608.0,0.1383681446313858,0.2111692577600479,,0.2437246143817901,0.2932368218898773,0.1345962733030319,0.2054811269044876,9.0,0.0887675285339355,1.043466091156006,290.2827453613281,3.3253722190856934,254.2776641845703,237.3827514648437,2.3395309448242188,2.7597618103027344,300.0,0.2474834620952606,0.2104166628172
20170609.0,0.232024148106575,,,0.1678745448589325,0.2105902284383773,,,9.0,0.0887675285339355,1.043466091156006,288.64404296875,3.328981399536133,262.73809814453125,244.6685333251953,22.076934814453125,2.181199073791504,300.0,0.1828703433275222,0.269041668623686
20170610.0,0.2223117798566818,0.2242451161146164,,,,0.2134577333927154,0.5966979265213013,,,,,,,,,,,,
20170611.0,0.1919949352741241,0.1956047564744949,0.1795717775821685,0.1915494948625564,0.238346129655838,0.1322356015443802,0.1805475056171417,9.0,0.0887675285339355,1.043466091156006,294.47772216796875,3.337923526763916,260.83514404296875,242.2254943847656,0.4760623276233673,5.016321182250977,300.0,0.216295838356018,0.261791671315829
20170612.0,0.1759542822837829,0.1880412548780441,,0.1486213654279709,0.189601257443428,,,9.0,0.0887675285339355,1.043466091156006,289.65411376953125,3.34326434135437,265.566162109375,248.59796142578125,0.8896365761756897,3.3409066200256348,300.0,0.1646183729171753,0.250291667257746
20170613.0,0.1662924140691757,0.1774316728115081,0.1530165523290634,0.1400921940803527,0.1782826036214828,0.099546194076538,0.1664174348115921,9.0,0.0887675285339355,1.043466091156006,289.6133728027344,3.3484091758728027,265.6485290527344,247.8196563720703,0.5462406277656555,2.892674684524536,300.0,0.1483575701713562,0.242291666567326
20170614.0,0.1531195491552353,0.1693820059299469,,0.1356393992900848,0.1773771047592163,,0.1186559647321701,9.0,0.0887675285339355,1.043466091156006,291.14581298828125,3.3536291122436523,264.8334350585937,249.37521362304688,0.000435113790445,4.06493091583252,300.0,0.183347538113594,0.232833333934347
20170615.0,0.1398611962795257,0.1684457659721374,,,,,0.2341074794530868,,,,,,,,,,,,
20170616.0,0.1360881030559539,0.1625495702028274,0.0976106002926826,0.1069351509213447,0.1607749760150909,0.0518461056053638,0.0851161256432533,9.0,0.0887675285339355,1.043466091156006,290.3760986328125,3.364099502563477,268.375244140625,257.5863647460937,0.6212058067321777,3.050861358642578,300.0,0.1301681697368621,0.214833329742153
20170617.0,0.129536971449852,0.1709402799606323,0.0976845547556877,0.0951359868049621,0.1486952155828476,,,9.0,0.0887675285339355,1.043466091156006,290.7635498046875,3.369357109069824,268.2068786621094,257.6395263671875,0.2920774519443512,1.8225078582763672,300.0,0.1377380192279815,0.209166665251056
20170618.0,0.1206829324364662,0.1704757362604141,,,,0.0622635520994663,0.1231421828269958,,,,,,,,,,,,
20170619.0,0.1066826656460762,0.1697253286838531,0.0963771268725395,0.0711846873164177,0.1065489128232002,,0.0363475456833839,9.0,0.0887675285339355,1.043466091156006,297.8368530273437,3.379917621612549,274.68719482421875,261.19366455078125,0.0017138594994321,4.306220054626465,300.0,0.1188316717743873,0.188708333919446
20170620.0,0.0947227403521537,0.1586140990257263,0.0823325589299202,0.072592906653881,0.1237391829490661,,0.0749534592032432,9.0,0.0887675285339355,1.043466091156006,295.6185302734375,3.3852202892303467,274.27996826171875,263.85308837890625,0.0009900558507069,3.507035493850708,300.0,0.126408189535141,0.173333333184322
20170621.0,0.0857594087719917,0.1525376588106155,,0.0751113966107368,0.1193600594997406,0.0319278053939342,0.0534379109740257,9.0,0.0887675285339355,1.043466091156006,294.95440673828125,3.390538215637207,273.0570068359375,261.1943359375,0.0043498841114342,3.907442331314087,300.0,0.1350133717060089,0.160541666671634
20170622.0,0.0804610177874565,0.155475229024887,0.0736317113041877,0.0687004625797271,0.1303247660398483,,,9.0,0.0887675285339355,1.043466091156006,298.3306884765625,3.395870923995972,273.34210205078125,265.07568359375,1.1340000629425049,4.3211188316345215,300.0,0.1234258636832237,0.166045453738083
20170623.0,0.083978533744812,0.1745558381080627,,,,0.0551521740853786,0.1044038236141204,,,,,,,,,,,,
20170624.0,0.106406532227993,0.1846509128808975,0.0792098343372345,0.0838685259222984,0.1292981207370758,,0.0385143607854843,9.0,0.0887675285339355,1.043466091156006,291.2432556152344,3.406458616256714,272.3016967773437,260.2554931640625,2.2482590675354004,1.767582893371582,300.0,0.1314277797937393,0.191416665911674
20170626.0,0.1292888671159744,0.2076480984687805,,,,0.1281252205371856,0.2101504504680633,,,,,,,,,,,,
20170627.0,0.129303753376007,0.1770610958337783,0.1518689543008804,0.1606927216053009,0.2033410370349884,,,9.0,0.0887675285339355,1.043466091156006,290.702392578125,3.419278144836426,263.5609130859375,246.68722534179688,8.092822074890137,2.866330623626709,300.0,0.2161000967025756,0.247166666512688
20170628.0,0.2770156860351562,0.2241447418928146,,0.2829466462135315,0.3292238116264343,,,9.0,0.0887675285339355,1.043466091156006,291.2395324707031,3.420464277267456,254.29693603515625,239.21414184570312,23.53850746154785,1.7500044107437134,300.0,0.3149120509624481,0.320263158333929
20170629.0,0.2507936060428619,0.2375414818525314,0.2239631861448288,0.2629069089889526,0.311624139547348,0.1720288097858429,0.2800988852977752,9.0,0.0887675285339355,1.043466091156006,290.5726928710937,3.422228574752808,255.85723876953125,240.07632446289065,4.267131328582764,1.9641153812408447,300.0,0.295154869556427,0.374166667461395
20170630.0,0.2377150207757949,0.2166574448347091,0.2080638706684112,0.2585693895816803,0.3067246973514557,,,9.0,0.0887675285339355,1.043466091156006,290.2786865234375,3.4238290786743164,256.0517578125,240.6015625,7.868855476379394,2.5769076347351074,300.0,0.3066834509372711,0.335875002046426
20170701.0,0.2735996544361114,0.2403177767992019,,,,0.2059437334537506,0.3309427201747894,,,,,,,,,,,,
20170702.0,0.2392828315496444,0.2210575640201568,0.2189018726348877,0.261961281299591,0.3150263726711273,,0.1952269077301025,9.0,0.0887675285339355,1.043466091156006,288.80584716796875,3.427075862884521,254.95639038085932,238.2408142089844,0.3679975569248199,2.413784980773926,300.0,0.3224673271179199,0.341041668007771
20170703.0,0.2220431864261627,0.1944254338741302,0.2228104770183563,0.2210805714130401,0.2730192542076111,,0.2884609401226043,9.0,0.0887675285339355,1.043466091156006,289.303466796875,3.428701400756836,257.34405517578125,239.48516845703125,1.713101506233215,4.021886348724365,300.0,0.297739565372467,0.317541668812434
20170704.0,0.212705910205841,0.1996975839138031,,,,0.1045167967677116,0.1491439491510391,,,,,,,,,,,,
20170705.0,0.1986323595046997,0.1871710270643234,0.1807867884635925,0.1896961033344268,0.2375001162290573,,,9.0,0.0887675285339355,1.043466091156006,292.4238586425781,3.4319558143615723,261.65850830078125,246.5165405273437,0.7844520807266235,3.187062740325928,300.0,0.2765831649303436,0.286041670789321
20170706.0,0.1850541681051254,0.1695700883865356,0.1692763119935989,0.1643984019756317,0.2099696099758148,0.1115845963358879,0.2085940092802047,9.0,0.0887675285339355,1.043466091156006,293.9237976074219,3.4335851669311523,264.3359375,248.50326538085932,0.1320573836565017,4.432033061981201,300.0,0.220317006111145,0.275458334634701
20170707.0,0.2238032221794128,0.1561984568834304,0.185022547841072,0.1789780706167221,0.2275125980377197,,0.1398052871227264,9.0,0.0887675285339355,1.043466091156006,295.1079406738281,3.435216188430786,262.93896484375,248.847396850586,6.623755931854248,4.121683120727539,300.0,0.2831654548645019,0.290545455434106
20170708.0,0.2130521237850189,0.1686792820692062,0.1481978744268417,0.181216150522232,0.2301195412874221,,0.20651875436306,9.0,0.0887675285339355,1.043466091156006,293.1026611328125,3.4368481636047363,264.3779296875,250.3791046142578,1.359345555305481,3.406216859817505,300.0,0.252504825592041,0.280416671186686
20170709.0,0.1941540688276291,0.1560114026069641,,,,0.1010117903351783,0.1508529931306839,,,,,,,,,,,,
20170710.0,0.1833695173263549,0.1517462879419326,,0.13494673371315,0.1829455196857452,,,9.0,0.0887675285339355,1.043466091156006,293.3346252441406,3.440133571624756,267.4136047363281,253.92169189453125,3.229328155517578,3.045639753341675,300.0,0.2081658095121383,0.263083336253961
20170711.0,0.1923206895589828,0.1739025861024856,0.1388165652751922,0.1374787092208862,0.1921020150184631,,0.0037842951714992,9.0,0.0887675285339355,1.043466091156006,292.1136474609375,3.441709041595459,266.9133605957031,255.57125854492188,2.351659059524536,3.389042377471924,300.0,0.2006881684064865,0.339541669934988
20170712.0,0.279579222202301,,,,,,0.2137211263179779,,,,,,,,,,,,
20170713.0,0.2466299384832382,0.1824240237474441,,0.2123073488473892,0.2620562314987182,,,9.0,0.0887675285339355,1.043466091156006,288.8085632324219,3.44551968574524,258.76123046875,244.9620056152344,0.3195458352565765,2.5591561794281006,300.0,0.3062197864055633,0.389999999354283
20170714.0,0.2608312964439392,,,0.2363301217555999,0.2861788868904114,0.1159280836582183,0.2308725267648697,9.0,0.0887675285339355,1.043466091156006,288.38916015625,3.447756767272949,257.6869812011719,243.32962036132807,10.526344299316406,3.235919952392578,300.0,0.3207664787769317,0.373666666448116
20170715.0,0.2558723986148834,0.2160229086875915,0.2074451893568039,0.1961575001478195,0.2455340176820755,,,9.0,0.0887675285339355,1.043466091156006,290.1455078125,3.4499144554138184,260.5953369140625,245.3026580810547,1.4837121963500977,3.2871785163879395,300.0,0.3074439465999603,0.376166666547457
20170716.0,0.2460342198610305,0.2160656601190567,,0.2088743448257446,0.2591194212436676,0.1438097208738327,0.3637195825576782,9.0,0.0887675285339355,1.043466091156006,291.3929138183594,3.4520978927612305,260.42120361328125,244.8318023681641,1.3093475103378296,2.2894842624664307,300.0,0.2706019282341003,0.344041666636864
20170717.0,0.2286591082811355,0.1977154314517974,,,,0.1069162636995315,0.1456343233585357,,,,,,,,,,,,
20170718.0,0.2057103663682937,0.1802844554185867,0.1784177422523498,0.1943012475967407,0.2442746609449386,,,9.0,0.0887675285339355,1.043466091156006,292.4210510253906,3.4564661979675293,261.4609069824219,247.22415161132807,0.002133845584467,4.610703468322754,300.0,0.2705225348472595,0.311125001559655
20170719.0,0.2123131901025772,0.1794111430644989,,0.1437904834747314,0.1830009222030639,,,9.0,0.0887675285339355,1.043466091156006,295.2826538085937,3.4586541652679443,267.4056396484375,248.53445434570312,8.048971176147461,4.5664472579956055,300.0,0.2035352885723114,0.296625000735124
20170720.0,0.2843639254570007,0.1799727082252502,,,,,,,,,,,,,,,,,
20170721.0,0.2493923455476761,0.182572454214096,0.1828239560127258,0.1961147189140319,0.2459178417921066,,0.2461317777633667,9.0,0.0887675285339355,1.043466091156006,291.3632202148437,3.46303653717041,262.3631591796875,246.67559814453125,0.1029598787426948,3.726398944854736,300.0,0.2782019078731537,0.312625002115965
20170722.0,0.2360643744468689,0.1896748542785644,0.2036801278591156,,,0.1088947057723999,0.1676686853170395,,,,,,,,,,,,
20170723.0,0.2939640283584595,0.203692153096199,,0.2459787726402282,0.2948151230812073,,,9.0,0.0887675285339355,1.043466091156006,290.8161315917969,3.467428207397461,259.06597900390625,247.0375061035156,10.697881698608398,3.819866418838501,300.0,0.3282541632652282,0.348499999692043
20170724.0,0.2989120185375213,0.2143272012472152,0.2231584042310714,0.2444388717412948,0.2937845587730407,0.1595020592212677,0.2765587270259857,9.0,0.0887675285339355,1.043466091156006,289.4474792480469,3.469627857208252,258.07196044921875,245.88992309570312,12.56254768371582,2.803384304046631,300.0,0.3357433676719665,0.352291667213043
20170725.0,0.3050134778022766,0.2006078660488128,,,,,0.1206701844930648,,,,,,,,,,,,
20170726.0,0.2778011560440063,0.2255961745977401,0.2110881805419922,0.2164745479822158,0.2679512500762939,,0.1926023066043853,9.0,0.0887675285339355,1.043466091156006,291.2845153808594,3.4738762378692627,259.5403747558594,247.567626953125,0.4073013961315155,3.4636166095733643,300.0,0.3271859288215637,0.322208336244027
20170727.0,0.2583049833774566,0.1998463273048401,0.2099115848541259,0.2094795256853103,0.2607135772705078,0.0592404194176197,0.1572923958301544,9.0,0.0887675285339355,1.043466091156006,291.5398254394531,3.476635694503784,261.38604736328125,248.632568359375,1.5182441473007202,3.30225157737732,300.0,0.3143624663352966,0.304625002046426
20170728.0,0.2469416856765747,0.1688416898250579,,,,,,,,,,,,,,,,,
20170729.0,0.2581981122493744,0.1884036511182785,0.1715996265411377,0.1669308096170425,0.2144182324409485,,,9.0,0.0887675285339355,1.043466091156006,291.16033935546875,3.4762110710144043,264.22998046875,248.87158203125,6.463418483734131,2.742321252822876,300.0,0.2487895041704177,0.284375004470348
20170730.0,0.259839802980423,0.2210084348917007,0.2237882167100906,,,,0.0890835300087928,,,,,,,,,,,,
20170731.0,0.2358011603355407,0.1860553920269012,0.2086594998836517,0.2080705016851425,0.2582254111766815,,0.1903134286403656,9.0,0.0887675285339355,1.043466091156006,291.2658386230469,3.470585346221924,261.0016784667969,246.2183837890625,0.0804946050047874,3.370104551315308,300.0,0.3054044842720032,0.315041668713093
20170801.0,0.2202352285385131,0.1795293092727661,,0.1834209859371185,0.2369048744440078,0.117600530385971,0.21680349111557,9.0,0.0887675285339355,1.043466091156006,292.4017028808594,3.467935562133789,263.1180419921875,251.51025390625,0.1769069880247116,2.825592517852783,300.0,0.2735336422920227,0.295333335796992
20170802.0,0.2144881188869476,0.1627759933471679,,,,,,,,,,,,,,,,,
20170803.0,0.2770585119724273,0.1989783644676208,0.2115265876054763,0.1949353367090225,0.2468941658735275,0.1423551738262176,0.2949308753013611,9.0,0.0887675285339355,1.043466091156006,292.27508544921875,3.4626986980438232,262.24298095703125,250.2845458984375,8.145329475402832,3.8074519634246826,300.0,0.2868369817733764,0.281666671236356
20170804.0,0.2417299896478653,0.1935922652482986,0.2088570147752761,0.1809855103492736,0.230111226439476,0.1256565749645233,0.1619617342948913,9.0,0.0887675285339355,1.043466091156006,291.0499572753906,3.460085391998291,263.22772216796875,248.87863159179688,0.9630622863769532,4.074185371398926,300.0,0.2629310488700866,0.275708335141341
20170805.0,0.2449935376644134,0.1701619178056717,,,,,,,,,,,,,,,,,
20170806.0,0.2372166365385055,0.1846190989017486,0.1836179494857788,0.1940349787473678,0.2454669177532196,0.1253890693187713,0.2051759362220764,9.0,0.0887675285339355,1.043466091156006,288.957275390625,3.4548685550689697,260.60723876953125,248.27584838867188,0.585191011428833,3.359818458557129,300.0,0.2922811508178711,0.262583337724209
20170807.0,0.218495175242424,0.1652300655841827,0.1924590766429901,,,,,,,,,,,,,,,,
20170808.0,0.2271383702754974,0.1696330904960632,0.1542586088180542,0.157408058643341,0.209141120314598,,0.3418683409690857,9.0,0.0887675285339355,1.043466091156006,291.1627502441406,3.4496655464172363,264.4590759277344,251.8490600585937,7.555206298828125,2.438814878463745,300.0,0.2276553213596344,0.252833339075247
20170809.0,0.2436748147010803,0.1947799324989318,0.1825808584690094,0.1777053475379943,0.2346570640802383,,,9.0,0.0887675285339355,1.043466091156006,289.7772216796875,3.447068691253662,262.25421142578125,252.09722900390625,0.092596910893917,3.647229194641113,300.0,0.2476361095905304,0.253000006079674
20170810.0,0.2233894765377044,0.1573280841112136,,,,,,,,,,,,,,,,,
20170811.0,0.2687968313694,0.1749055236577987,0.2046386450529098,0.1847263127565384,0.2372774481773376,0.0855433046817779,0.2569963634014129,9.0,0.0887675285339355,1.043466091156006,289.2599182128906,3.4419119358062744,261.8770751953125,249.5531311035156,6.007031440734863,2.415285110473633,300.0,0.2484884262084961,0.246999993920326
20170812.0,0.2623828649520874,0.198978304862976,0.2049221694469452,0.2066989243030548,0.2589460909366607,,0.0806909427046775,9.0,0.0887675285339355,1.043466091156006,288.90869140625,3.4392337799072266,260.0417175292969,248.15142822265625,4.952796459197998,1.7478331327438354,300.0,0.2638465762138366,0.25745833478868
20170813.0,0.2494038939476013,0.1916089802980423,,,,,0.2380138486623764,,,,,,,,,,,,
20170814.0,0.2308392375707626,0.1743098795413971,0.2049204856157302,0.1947840750217437,0.2472921311855316,0.0819583162665367,0.1633655875921249,9.0,0.0887675285339355,1.043466091156006,291.4198913574219,3.434871196746826,260.37750244140625,247.85899353027344,0.0995902344584465,3.5848581790924072,300.0,0.2941462099552154,0.258791671444972
20170815.0,0.2519638538360595,0.1803321093320846,0.2104460299015045,,,,,,,,,,,,,,,,
20170816.0,0.2611540853977203,0.2066064476966858,0.2008001506328582,0.2102975100278854,0.2613533139228821,0.0986854285001754,0.2676168084144592,9.0,0.0887675285339355,1.043466091156006,291.8749389648437,3.43137788772583,260.8206787109375,246.7886962890625,0.1462373584508896,2.993302345275879,300.0,0.2854626774787903,0.249666665991147
20170817.0,0.2510831356048584,0.183189645409584,,0.1921623796224594,0.2426433712244033,,0.1709952056407928,9.0,0.0887675285339355,1.043466091156006,290.76324462890625,3.429607391357422,262.76641845703125,248.34356689453125,3.439905166625977,1.5999747514724731,300.0,0.2218073606491089,0.247124994173646
20170818.0,0.2749459743499756,0.1980993151664734,,,,,0.0241096224635839,,,,,,,,,,,,
20170819.0,0.2641422748565674,0.2167651802301406,0.2411746084690094,0.251139760017395,0.3006826639175415,0.1367137134075164,0.2059083878993988,9.0,0.0887675285339355,1.043466091156006,288.1867370605469,3.42606258392334,256.77459716796875,243.7165069580078,1.951349139213562,3.197250366210937,300.0,0.3314563632011413,0.400749998788039
20170820.0,0.2481032609939575,0.2113631963729858,,0.2254792153835296,0.2766191959381103,,,9.0,0.0887675285339355,1.043466091156006,288.842041015625,3.424292802810669,257.9522705078125,243.29608154296875,0.6310616731643677,2.9529619216918945,300.0,0.3188240826129913,0.391999999682109
20170821.0,0.2343370467424392,0.2026727050542831,,,,0.1595227718353271,0.4262825548648834,,,,,,,,,,,,
20170822.0,0.2211583703756332,0.1926900893449783,0.2002796083688736,0.2026179879903793,0.2531635165214538,0.1250335872173309,0.1651356518268585,9.0,0.0887675285339355,1.043466091156006,289.8074035644531,3.42075777053833,259.6288452148437,245.79116821289065,0.0118767796084284,2.882974863052368,300.0,0.2888956367969513,0.307875002423922
20170823.0,0.2075074762105941,0.189588725566864,0.2186640501022339,,,,,,,,,,,,,,,,
20170824.0,0.2016678899526596,0.1932976394891739,0.211086243391037,0.2064498513936996,0.2572501599788666,0.0911469310522079,0.2061525285243988,9.0,0.0887675285339355,1.043466091156006,291.9943542480469,3.417228937149048,261.4644775390625,248.49940490722656,1.387320637702942,2.6915886402130127,300.0,0.2680902183055877,0.278333337356647
20170825.0,0.197034478187561,0.1732570677995681,0.1626230478286743,0.1557105779647827,0.2005705535411834,,,9.0,0.0887675285339355,1.043466091156006,291.2599182128906,3.415466785430908,265.00537109375,248.85189819335932,0.0012844800949096,2.9849796295166016,300.0,0.2010587453842163,0.268458336591721
20170826.0,0.1862163990736007,0.1747204959392547,,,,0.1254496872425079,0.2534867525100708,,,,,,,,,,,,
20170827.0,0.176868125796318,0.1712834388017654,0.1591748148202896,0.163384199142456,0.2149908989667892,0.0929221659898758,0.1322367042303085,9.0,0.0887675285339355,1.043466091156006,291.41510009765625,3.4120821952819824,264.5374755859375,251.9270477294922,0.0004327216884121,3.048598289489746,300.0,0.213339477777481,0.254458340505759
20170828.0,0.1662560850381851,0.1624755412340164,0.14666847884655,0.1481403410434723,0.1966950893402099,,,9.0,0.0887675285339355,1.043466091156006,292.246826171875,3.409854888916016,265.776123046875,252.085693359375,0.0017046927241608,3.0824837684631348,300.0,0.1975121051073074,0.24687499863406
20170829.0,0.1559926718473434,0.1787092983722686,,,,0.1027599051594734,0.1834162473678589,,,,,,,,,,,,
20170830.0,0.1826763302087783,0.1860687881708145,0.1382329314947128,0.1342417001724243,0.1965975761413574,,0.0551164299249649,9.0,0.0887675285339355,1.043466091156006,292.8027648925781,3.4104576110839844,267.48828125,258.36981201171875,7.28446626663208,1.4429038763046265,300.0,0.1738314926624298,0.251166669030984
20170831.0,0.22506645321846,,,,,,0.2278511971235275,,,,,,,,,,,,
20170901.0,0.209278255701065,0.1956290006637573,,0.2533253729343414,0.3010977804660797,0.1522018611431121,0.2382274866104126,9.0,0.0887675285339355,1.043466091156006,287.59063720703125,3.415496826171875,255.9669647216797,242.17379760742188,0.3981983959674835,2.021360397338867,300.0,0.3222678005695343,0.293291668097178
20170902.0,0.2111149579286575,0.19078229367733,0.1939864009618759,0.2434417903423309,0.290108174085617,,,9.0,0.0887675285339355,1.043466091156006,287.69580078125,3.41788649559021,256.62847900390625,245.44650268554688,3.969938278198242,2.227837562561035,300.0,0.3222026526927948,0.283041667193174
20170903.0,0.2161178886890411,0.1830778568983078,,,,0.0919114649295806,0.1662037968635559,,,,,,,,,,,,
20170904.0,0.1988246291875839,0.175787016749382,0.1692230850458145,0.1969643533229828,0.245042085647583,,0.0362559892237186,9.0,0.0887675285339355,1.043466091156006,288.65789794921875,3.4226293563842773,259.76025390625,243.7085876464844,0.0058069620281457,2.651094436645508,300.0,0.2743249535560608,0.264791671186686
20170905.0,0.1901182383298874,0.1825529932975769,0.1759577244520187,0.1680964678525924,0.2180562019348144,,,9.0,0.0887675285339355,1.043466091156006,291.5606994628906,3.4250054359436035,262.9466857910156,250.042236328125,1.287400484085083,1.742294192314148,300.0,0.2348469048738479,0.259750003616015
20170906.0,0.2007391303777694,0.2217903882265091,,,,0.1243141070008277,0.2443922311067581,,,,,,,,,,,,
20170907.0,0.2007842808961868,0.208109438419342,0.2075800448656082,0.2327786087989807,0.2803855240345001,,,9.0,0.0887675285339355,1.043466091156006,288.5117492675781,3.429765462875366,257.1374816894531,245.26144409179688,1.7211134433746338,2.206776857376098,300.0,0.3239796459674835,0.361272727901285
20170908.0,0.2842327356338501,0.216262087225914,0.2426068931818008,,,0.1647054404020309,0.2637104392051697,,,,,,,,,,,,
20170909.0,0.2956843972206116,0.2531647980213165,,0.3297432661056518,0.3684821724891662,,,9.0,0.0887675285339355,1.043466091156006,286.8142395019531,3.434537410736084,250.96987915039065,238.6281280517578,9.564508438110352,1.4124246835708618,300.0,0.3685663640499115,0.460999995470047
20170910.0,0.2681243121623993,0.2225371897220611,0.2464470714330673,0.2962761223316192,0.3438076674938202,,,9.0,0.0887675285339355,1.043466091156006,286.2921447753906,3.436927795410156,251.53903198242188,237.56182861328125,0.4364249110221863,2.1650819778442383,300.0,0.3728699088096618,0.410708333055178
20170911.0,0.2531551420688629,0.2033622562885284,,,,0.1782615631818771,0.2956633269786834,,,,,,,,,,,,
20170912.0,0.2632163465023041,0.2120447754859924,,0.2895645201206207,0.3365298509597778,,,9.0,0.0887675285339355,1.043466091156006,286.9152526855469,3.441438913345337,252.402099609375,238.84832763671875,7.389086723327637,2.627216339111328,300.0,0.3601045608520508,0.408190476042884
20170913.0,0.2888903021812439,0.2019302248954773,,0.2753733694553375,0.3319628536701202,0.2244523018598556,0.4477981030941009,9.0,0.0887675285339355,1.043466091156006,286.4496154785156,3.444812059402466,252.6115264892578,236.1998748779297,7.061093330383301,3.6252424716949454,300.0,0.3334687352180481,0.430499999473492
20170914.0,0.2781425416469574,,,,,0.0357838608324527,0.2452772557735443,,,,,,,,,,,,
20170915.0,0.2785376310348511,0.218979611992836,,0.2790420353412628,0.329288899898529,,,9.0,0.0887675285339355,1.043466091156006,285.1593017578125,3.4410839080810547,251.6922607421875,237.41275024414065,1.9681274890899656,1.72233247756958,300.0,0.3715308606624603,0.425624997665485
20170916.0,0.2988440096378326,0.2224439829587936,,,,0.2062531113624572,0.3045442104339599,,,,,,,,,,,,
20170917.0,0.2892441749572754,0.2098698019981384,0.2634348571300506,0.2646609842777252,0.3120335936546325,,0.0274971779435873,9.0,0.0887675285339355,1.043466091156006,284.21728515625,3.4282350540161133,251.50132751464844,238.68994140625,4.653669357299805,1.6569807529449463,300.0,0.3674703240394592,0.411166665454706
20170918.0,0.2973375916481018,0.2111527770757675,0.2505554854869842,0.2670175731182098,0.314974844455719,,0.2663350403308868,9.0,0.0887675285339355,1.043466091156006,284.1155090332031,3.4221174716949463,251.8999938964844,238.3492431640625,6.481119155883789,1.2224270105361938,300.0,0.3477140069007873,0.427749998867512
20170919.0,0.277799129486084,,,,,,,,,,,,,,,,,,
20170920.0,0.2625607848167419,0.2115916311740875,0.2532281577587127,0.2612988948822021,0.3100666403770447,,,9.0,0.0887675285339355,1.043466091156006,285.56109619140625,3.4100303649902344,252.66476440429688,238.455810546875,0.4005136489868164,1.2471368312835691,300.0,0.3395622074604034,0.391208332031965
20170921.0,0.2509884238243103,0.2074347883462906,,0.2318659573793411,0.281492531299591,0.1454422026872635,0.2389294058084488,9.0,0.0887675285339355,1.043466091156006,287.0237121582031,3.404015064239502,254.6748046875,239.66973876953125,0.5925425291061401,2.0449743270874023,300.0,0.3316825032234192,0.368250001221895
20170922.0,0.2455142736434936,0.2047153711318969,,,,,,,,,,,,,,,,,
20170923.0,0.2406760454177856,0.1982857882976532,0.2359381169080734,0.232008084654808,0.2812605798244476,,0.186315506696701,9.0,0.0887675285339355,1.043466091156006,286.5074462890625,3.392040729522705,255.42486572265625,240.2418212890625,0.0012369763571769,1.7335225343704224,300.0,0.3067973256111145,0.338833335787058
20170924.0,0.2321356385946273,0.200218066573143,0.2550715506076813,,,0.118520863354206,0.1636707633733749,,,,,,,,,,,,
20170925.0,0.2276516109704971,0.1948252171278,,0.2230820804834365,0.2740718126296997,,,9.0,0.0887675285339355,1.043466091156006,286.9216613769531,3.3801419734954834,256.52801513671875,239.41921997070312,0.4352084398269653,0.9695937037467957,300.0,0.2741242349147796,0.321708333988984
20170926.0,0.2259631007909774,0.1921559274196624,0.2382998466491699,0.2174334377050399,0.2658940851688385,0.1410135626792907,0.2348704487085342,9.0,0.0887675285339355,1.043466091156006,286.01837158203125,3.374220848083496,257.17193603515625,241.6255798339844,0.0489454977214336,0.7807093858718872,300.0,0.2563467919826507,0.316666667660077
20170927.0,0.2220272421836853,0.1899751275777816,,,,0.1258134841918945,0.1629078090190887,,,,,,,,,,,,
20170928.0,0.2465285062789917,0.2182441353797912,0.2383802086114883,0.2469328790903091,0.2946932315826416,,,9.0,0.0887675285339355,1.043466091156006,287.5583190917969,3.3621060848236084,255.1362152099609,240.2745056152344,5.657597541809082,0.8151351809501648,300.0,0.2783100008964538,0.315083336085081
20170929.0,0.2540854215621948,0.2096914798021316,0.2422127872705459,0.2367990612983703,0.2861092984676361,,0.0060731833800673,9.0,0.0887675285339355,1.043466091156006,289.72772216796875,3.3573901653289795,256.16265869140625,240.13845825195312,3.3910841941833496,1.4623818397521973,300.0,0.2819326519966125,0.333958335220814
20170930.0,0.2985929846763611,,,,,,,,,,,,,,,,,,
20171001.0,0.2730789184570312,0.2256505936384201,0.2922109961509704,0.3563814759254455,0.4132319688796997,0.2385193705558776,0.3729972243309021,9.0,0.0887675285339355,1.043466091156006,286.2770080566406,3.3357534408569336,245.76150512695312,229.8267364501953,0.0455018728971481,1.8874542713165283,300.0,0.3692785501480102,0.419333331286907
20171002.0,0.2638259530067444,0.2342298179864883,0.3073118329048157,,,0.2303612679243087,0.2722251117229461,,,,,,,,,,,,
20171003.0,0.2598726153373718,0.2162145376205444,,0.2969876825809479,0.3662929236888885,,,9.0,0.0887675285339355,1.043466091156006,285.7138671875,3.303851366043091,249.37033081054688,230.3280639648437,1.224308967590332,1.7076642513275146,300.0,0.3218815326690674,0.367833333710829
20171004.0,0.2507734298706054,0.2114056795835495,0.2808240354061126,0.315324068069458,0.3793689310550689,0.2490010559558868,0.3150425851345062,9.0,0.0887675285339355,1.043466091156006,285.503173828125,3.2884340286254883,247.81219482421875,230.05453491210932,2.1442575454711914,1.7107261419296265,300.0,0.3466473221778869,0.35320833325386
20171005.0,0.2908302545547485,0.230300098657608,,,,,0.1772515028715133,,,,,,,,,,,,
20171006.0,0.277334451675415,0.2239760458469391,,0.3330875933170318,0.3949597179889679,,0.1546678096055984,9.0,0.0887675285339355,1.043466091156006,284.1316223144531,3.258121967315674,246.0577392578125,228.9212188720703,2.7933504581451416,1.914920330047608,300.0,0.3529626429080963,0.445249999562899
20171007.0,0.280602365732193,0.2273733913898468,,0.3718845248222351,0.4234276115894317,0.211269125342369,0.2666707336902618,9.0,0.0887675285339355,1.043466091156006,284.1160888671875,3.2431743144989014,244.05584716796875,228.6336669921875,7.679474353790283,1.0051921606063845,300.0,0.3536191582679748,0.446458332240582
20171008.0,0.2822465896606445,0.2428836375474929,,,,,,,,,,,,,,,,,
20171009.0,0.2667493820190429,0.223505824804306,,0.3422161638736725,0.4110133647918701,0.2564842402935028,0.3614612221717834,9.0,0.0887675285339355,1.043466091156006,283.370361328125,3.213695526123047,244.102767944336,226.2553100585937,2.3771770000457764,0.9120123386383056,300.0,0.329858124256134,0.421416663875182
20171010.0,0.2819041609764099,0.2380555868148803,0.3226943016052246,,,,0.1032441183924675,,,,,,,,,,,,
20171011.0,0.267628937959671,0.2301689982414245,0.3129603266716003,0.3353378176689148,0.3918631374835968,,0.2505569756031036,9.0,0.0887675285339355,1.043466091156006,287.6575622558594,3.18477201461792,246.7712554931641,230.0507202148437,0.7626777291297913,1.5076215267181396,300.0,0.321169763803482,0.397208331773678
20171012.0,0.2586696445941925,0.2245026379823684,0.3199272155761719,0.3482704758644104,0.3994463384151459,0.1954860836267471,0.2409741580486297,9.0,0.0887675285339355,1.043466091156006,286.0770263671875,3.170518398284912,246.4154357910156,230.4676055908203,0.6982237100601196,1.789665937423706,300.0,0.320033848285675,0.375125003357728
20171013.0,0.2489018589258194,0.2153061926364898,,,,,,,,,,,,,,,,,
20171014.0,0.2428454607725143,0.2141863405704498,0.3115366697311401,0.3208148777484894,0.3787070214748382,0.2259075492620468,0.2968535423278808,9.0,0.0887675285339355,1.043466091156006,288.5912780761719,3.1433005332946777,248.04818725585932,230.6907958984375,0.0230710972100496,0.9564812779426576,300.0,0.3066757917404175,0.355708330869675
20171015.0,0.237872302532196,0.2070450335741043,,0.3711450099945068,0.4110746085643768,,0.1983703076839447,9.0,0.0887675285339355,1.043466091156006,287.67431640625,3.126434803009033,245.9921722412109,231.3783721923828,1.204444629365753e-06,1.2566723823547363,300.0,0.3261309564113617,0.345333335300287
20171016.0,0.2327315956354141,0.2043472081422805,,,,,,,,,,,,,,,,,
20171017.0,0.2273699045181274,0.2099024653434753,0.2954565286636352,0.3311426043510437,0.3836084902286529,0.1740456074476242,0.2748191654682159,9.0,0.0887675285339355,1.043466091156006,287.314453125,3.125356674194336,248.8333740234375,232.24761962890625,0.0043040602467954,1.4179259538650513,300.0,0.2660212516784668,0.330749999731779
20171018.0,0.2238177061080932,0.208852469921112,0.3081797957420349,,,,,,,,,,,,,,,,
20171019.0,0.2213241457939148,0.2036961317062378,,0.2919375598430633,0.3417477309703827,0.2021364122629165,0.3221839070320129,9.0,0.0887675285339355,1.043466091156006,287.4736022949219,3.1529555320739746,250.4071655273437,233.88047790527344,0.0565782971680164,1.047710418701172,300.0,0.2754797339439392,0.321208335459232
20171020.0,0.2530857920646667,0.2102057486772537,0.3159572780132293,0.3044469654560089,0.3588778972625732,0.1765503585338592,0.1955626159906387,9.0,0.0887675285339355,1.043466091156006,286.2984619140625,3.16607403755188,250.1851806640625,232.9136199951172,9.52756118774414,2.2773916721343994,300.0,0.2181345224380493,0.31927273219282
20171021.0,0.2659266889095306,0.2212191075086593,,,,,,,,,,,,,,,,,
20171023.0,0.2708499133586883,0.2357179522514343,,0.3240316808223724,0.4025509357452392,,0.2150944620370865,9.0,0.0887675285339355,1.043466091156006,283.85809326171875,3.205697774887085,244.7753295898437,225.04510498046875,0.5185407996177673,1.1699525117874146,300.0,0.2993432581424713,0.372727273540063
20171024.0,0.2628249526023865,0.2345423549413681,,,,,0.4025391340255737,,,,,,,,,,,,
20171025.0,0.2575491666793823,0.2390321940183639,,0.328484296798706,0.3781999051570892,0.2117815911769867,0.2249824553728103,9.0,0.0887675285339355,1.043466091156006,286.92059326171875,3.2327029705047607,247.9409027099609,231.7748107910156,0.35658860206604,0.6429842114448547,300.0,0.3314337134361267,0.35274999961257
20171026.0,0.2509677708148956,0.2170206606388092,0.3448411822319031,,,,,,,,,,,,,,,,
20171027.0,0.2467444837093353,0.2127214074134826,,0.3534291982650757,0.4076573848724365,0.2402881234884262,0.3445234596729278,9.0,0.0887675285339355,1.043466091156006,283.98468017578125,3.2601802349090576,245.0722198486328,228.56918334960932,0.3382652401924133,1.1813921928405762,300.0,0.3498853743076324,0.338500000536442
20171028.0,0.2445375770330429,0.2125000357627868,0.3200198411941528,0.2981226146221161,0.3617098927497864,,0.156437873840332,9.0,0.0887675285339355,1.043466091156006,284.50152587890625,3.2740955352783203,247.12255859375,228.2919769287109,2.5263876914978027,1.0849969387054443,300.0,0.3193288743495941,0.346333336085081
20171029.0,0.2532757818698883,0.2257364839315414,,,,,0.2682577073574066,,,,,,,,,,,,
20171030.0,0.2423099428415298,0.2199790179729461,0.3188250958919525,0.3466551601886749,0.4212478697299957,0.2327956408262252,0.2705465853214264,9.0,0.0887675285339355,1.043466091156006,280.7431030273437,3.301335573196411,241.9511108398437,223.20474243164065,0.1281849592924118,0.9836806058883668,300.0,0.3441000580787658,0.38700000072519
20171031.0,0.2419026494026184,0.2178109586238861,0.325016438961029,,,,,,,,,,,,,,,,
20171101.0,0.2560819387435913,0.2296131253242492,,,,0.2148289233446121,0.2579119205474853,,,,,,,,,,,,
20171102.0,0.2513231635093689,0.2193445712327957,0.3131152391433716,0.323266327381134,0.3879053890705108,,0.2127140164375305,9.0,0.0887675285339355,1.043466091156006,281.99871826171875,3.318392276763916,243.9383087158203,225.54412841796875,0.4300272762775421,0.482006698846817,300.0,0.3298098444938659,0.363333332041899
20171103.0,0.2456972450017929,0.2147975116968155,0.308672159910202,,,,,,,,,,,,,,,,
20171104.0,0.2464131116867065,0.2078156471252441,,0.3387151658535003,0.3764584064483642,0.1734727472066879,0.2751548886299133,9.0,0.0887675285339355,1.043466091156006,282.87652587890625,3.2866921424865723,243.7798767089844,229.37796020507807,2.33496642112732,0.8796424269676208,300.0,0.3634159564971924,0.353875001271566
20171105.0,0.2594644725322723,0.2196599245071411,0.3430147171020508,0.3400980830192566,0.390716403722763,,,9.0,0.0887675285339355,1.043466091156006,280.8544311523437,3.2719900608062744,243.89028930664065,227.4481201171875,1.5045121908187866,0.8911726474761963,300.0,0.3485100269317627,0.396750000615915
20171106.0,0.2498631924390792,,,,,0.1886882930994033,0.407879889011383,,,,,,,,,,,,
20171107.0,0.2437915354967117,0.2118526846170425,0.3181736469268799,0.3490690588951111,0.4406926333904266,0.2321147173643112,0.2400280833244323,9.0,0.0887675285339355,1.043466091156006,275.8349609375,3.2432785034179688,237.73806762695312,217.55535888671875,0.0290553327649831,0.3455065488815307,300.0,0.3136687576770782,0.360208331296841
20171108.0,0.2402607202529907,0.2193575650453567,0.3164756596088409,0.318233847618103,0.3728769719600677,,,9.0,0.0887675285339355,1.043466091156006,279.77130126953125,3.229113340377808,242.01866149902344,224.9234619140625,0.0772834941744804,0.2234279960393905,300.0,0.3211480677127838,0.352249998599291
20171109.0,0.2372673451900482,0.2121454775333404,,,,0.2088637799024582,0.24933622777462,,,,,,,,,,,,
20171110.0,0.2430546134710312,0.2142253518104553,,0.2744918167591095,0.3273768723011017,,0.1598864644765854,9.0,0.0887675285339355,1.043466091156006,281.00738525390625,3.2011637687683105,246.2144927978516,228.457763671875,2.5130581855773926,0.8997429013252258,300.0,0.2731211185455322,0.375999996607954
20171111.0,0.2549223899841308,0.2248871475458145,0.3456951081752777,,,,0.3562120497226715,,,,,,,,,,,,
20171112.0,0.2595570683479309,0.2257914692163467,0.3421587944030761,0.3662669658660888,0.4115892648696899,0.1977211683988571,0.2398754805326461,9.0,0.0887675285339355,1.043466091156006,277.2865295410156,3.173722267150879,239.550048828125,224.19454956054688,2.222456216812134,0.5108115673065186,300.0,0.3521331548690796,0.429173910099527
20171113.0,0.2581221759319305,,0.3598034381866455,0.3988199532032013,0.4651269912719726,,,9.0,0.0887675285339355,1.043466091156006,278.4524841308594,3.160192012786865,236.38815307617188,219.399658203125,1.0352654457092283,0.7122889161109924,300.0,0.3838061988353729,0.427999999374151
20171114.0,0.2490438818931579,0.2350818663835525,,,,0.1912376433610916,0.2578203678131103,,,,,,,,,,,,
20171115.0,0.2438475638628006,0.2351544499397277,0.3459116518497467,0.3302368521690368,0.3850780427455902,,0.2375866025686264,9.0,0.0887675285339355,1.043466091156006,281.954345703125,3.1340460777282715,241.4322204589844,224.473373413086,0.2884529232978821,0.2307038307189941,300.0,0.3436533808708191,0.401000000536442
20171116.0,0.2446644157171249,,0.3389614522457123,0.3282321095466614,0.3809504210948944,,0.1728568375110626,9.0,0.0887675285339355,1.043466091156006,281.978271484375,3.119041681289673,242.58346557617188,225.83078002929688,0.9446929097175598,0.3089756071567535,300.0,0.332196444272995,0.394791663934787
20171117.0,0.2433801889419555,0.2180411368608474,,,,0.2210187315940857,0.2657246589660644,,,,,,,,,,,,
20171118.0,0.2487423568964004,0.2211691737174987,,0.3527121245861053,0.4101040363311767,,,9.0,0.0887675285339355,1.043466091156006,278.1457214355469,3.109117031097412,239.3283233642578,222.46871948242188,2.840851068496704,0.6896089911460876,300.0,0.3305378556251526,0.394666667495455
20171119.0,0.252930611371994,0.2280355840921402,0.3601643145084381,,,0.2492637932300567,0.3309122025966644,,,,,,,,,,,,
20171120.0,0.2739223837852478,0.2417353242635727,0.3631434142589569,0.3468886911869049,0.4217096269130707,,0.2490310370922088,9.0,0.0887675285339355,1.043466091156006,278.483154296875,3.116538047790528,238.67514038085932,219.938232421875,9.478205680847168,0.4817410707473755,300.0,0.3253014981746673,0.423052630926433
20171123.0,0.2751996219158172,,0.3851984441280365,0.3734508454799652,0.4993216395378113,,,9.0,0.0887675285339355,1.043466091156006,282.4969177246094,3.125976085662842,236.0740966796875,214.32064819335932,3.2976672649383545,1.3609223365783691,300.0,0.3466488718986511,0.435708330323299
20171124.0,0.2911882996559143,0.2292119562625885,0.3904100358486175,0.4476954340934753,0.5438873767852783,0.3084728717803955,0.5156407356262207,9.0,0.0887675285339355,1.043466091156006,278.79962158203125,3.1291074752807617,232.80496215820312,214.3170318603516,5.29774284362793,0.3570558428764343,300.0,0.384648323059082,0.432458331187566
20171125.0,0.2739199101924896,0.2267622202634811,,,,0.2498555034399032,0.3244117498397827,,,,,,,,,,,,
20171126.0,0.2711171209812164,0.2341662049293518,0.4003974795341491,0.4149155914783478,0.5007400512695312,,,9.0,0.0887675285339355,1.043466091156006,276.0917053222656,3.1353912353515625,233.13992309570312,215.13626098632807,1.882298707962036,0.6511249542236328,300.0,0.3979900479316711,0.445099999010563
20171127.0,0.2921953499317169,0.2527588605880737,0.4099083840847015,,,0.3031834363937378,0.3572496771812439,,,,,,,,,,,,
20171129.0,0.271092027425766,0.2314011752605438,,0.473823070526123,0.5438873767852783,,0.3685720264911651,9.0,0.0887675285339355,1.043466091156006,274.9386291503906,3.1448707580566406,229.4566650390625,211.97662353515625,0.2133403122425079,0.2051518410444259,300.0,0.4058527946472168,0.455958331624667
20171130.0,0.2674649059772491,0.2307960093021392,,,,0.2619012594223022,0.3630787134170532,,,,,,,,,,,,
20171201.0,,0.2249384373426437,0.3848735988140106,0.4079562425613403,0.4750649631023407,,,,,,,,,,,,,,
20171202.0,,0.2171016633510589,,0.3724448084831238,0.4663946032524109,0.2710359096527099,0.3241981267929077,,,,,,,,,,,,
20171204.0,0.2787665128707886,0.2365441173315048,0.4135017991065979,0.3867572546005249,0.4380457997322082,,0.2539139986038208,9.0,0.0887675285339355,1.043466091156006,278.1648864746094,3.154055118560791,234.2709503173828,217.5643920898437,1.883441686630249,0.2458473891019821,300.0,0.382516086101532,0.409904759554636
20171205.0,0.268688291311264,,0.4095359444618225,,,0.2635345757007599,0.3113803565502167,,,,,,,,,,,,
20171206.0,0.2600823640823364,0.2341703027486801,0.3986798822879791,0.3650750517845154,0.45191690325737,,,9.0,0.0887675285339355,1.043466091156006,279.74078369140625,3.1452226638793945,235.03256225585932,214.6430206298828,0.033161774277687,0.4579243659973144,300.0,0.3585256934165954,0.388458335151275
20171207.0,0.2683162689208984,0.225857213139534,0.4038874804973602,0.3437446057796478,0.4523983299732208,0.2192909568548202,0.2402417063713073,9.0,0.0887675285339355,1.043466091156006,277.95654296875,3.141064167022705,234.77365112304688,211.9618225097656,6.2522454261779785,0.5376956462860107,300.0,0.3300077021121979,0.390250001847744
20171208.0,0.2826401889324188,,,,,,0.2845850884914398,,,,,,,,,,,,
20171209.0,0.2836954295635223,0.2320833653211593,0.4142723679542541,0.3988091945648193,0.4632168412208557,,0.4656209051609039,9.0,0.0887675285339355,1.043466091156006,274.34356689453125,3.132863998413086,232.1498565673828,214.1014404296875,3.168717861175537,0.5480775237083435,300.0,0.408078670501709,0.459299996495247
20171210.0,,,0.4250668287277221,,,0.26969113945961,0.4042786955833435,,,,,,,,,,,,
20171225.0,0.2587279081344604,,0.4532345235347748,0.4098871350288391,0.4717552661895752,0.2805409133434295,0.3236487805843353,9.0,0.0887675285339355,1.043466091156006,280.8352355957031,3.1693246364593506,234.24337768554688,215.89752197265625,0.2905451953411102,0.4222674071788788,300.0,0.3974218666553497,0.474041660626729
20171226.0,0.2611246705055237,0.234243243932724,0.4435847103595733,0.432585597038269,0.5031846761703491,,0.3254493772983551,9.0,0.0887675285339355,1.043466091156006,277.81085205078125,3.1825318336486816,231.3360595703125,212.92254638671875,1.861363649368286,0.8340983986854553,300.0,0.4262353479862213,0.467291664332151
20171227.0,0.2682790458202362,,,,,,0.6476943492889404,,,,,,,,,,,,
20171228.0,0.2613857090473175,0.2303584665060043,0.4461464881896972,0.4564298093318939,0.5438873767852783,0.2679875195026397,0.3663136661052704,9.0,0.0887675285339355,1.043466091156006,274.9344177246094,3.2093043327331543,228.0381774902344,209.1322631835937,0.4207924902439117,0.5973192453384399,300.0,0.4375253617763519,0.46362499644359
20171229.0,0.2622854113578796,,0.4438471794128418,0.3990535140037536,0.5191224813461304,,,9.0,0.0887675285339355,1.043466091156006,274.2233581542969,3.2229480743408203,228.5835876464844,206.8088531494141,4.230740070343018,0.3616951406002044,300.0,0.4069813191890716,0.460624996572733
20180112.0,0.2564143538475036,0.2318857610225677,,,,0.2813036441802978,0.34760582447052,,,,,,,,,,,,
20180113.0,0.2517793178558349,,0.4709183573722839,0.4124664068222046,0.5060544013977051,,0.2100588977336883,9.0,0.0887675285339355,1.043466091156006,277.437255859375,3.255492687225342,229.91046142578125,210.68115234375,0.1637084037065506,0.3321202993392944,300.0,0.4191088080406189,0.471791662275791
20180114.0,0.2464872002601623,0.228796973824501,0.4685752093791961,,,,0.2116763889789581,,,,,,,,,,,,
20180115.0,0.2658931612968445,,0.4520938098430633,0.3976984918117523,0.4833234846591949,0.2464597374200821,0.3164769411087036,9.0,0.0887675285339355,1.043466091156006,276.7977905273437,3.253993034362793,231.36968994140625,212.3830108642578,11.631572723388672,0.6724016070365906,300.0,0.4074082374572754,0.46194736267391
20180127.0,0.2634411454200744,,,0.4363223016262054,0.5431864261627197,,0.5169835686683655,9.0,0.0887675285339355,1.043466091156006,278.1181640625,3.2334072589874268,229.32864379882807,209.6024169921875,0.5274240374565125,0.6156759262084961,300.0,0.4365225434303283,0.473249996701876
20180128.0,0.2597534954547882,,,,,0.3103953897953033,0.3357951641082763,,,,,,,,,,,,
20180217.0,,0.1993818432092666,,0.38444784283638,0.4815526604652405,0.2363888323307037,0.2660603523254394,,,,,,,,,,,,
20180218.0,,,,,,,0.1979125291109085,,,,,,,,,,,,
20180219.0,0.2515243291854858,0.203723132610321,0.40402552485466,0.3534882664680481,0.4066087305545807,,0.2712790369987488,9.0,0.0887675285339355,1.043466091156006,273.4289245605469,3.107308149337769,233.8793334960937,216.47430419921875,0.0283306781202554,0.426448792219162,300.0,0.369700938463211,0.457499998311202
20180220.0,,0.201978325843811,,0.3006772100925445,0.3540654182434082,0.2339472323656082,0.2793053984642029,,,,,,,,,,,,
20180221.0,0.2451707869768142,,,,,,,,,,,,,,,,,,
20180306.0,0.2420400083065033,0.1958648264408111,,,,,,,,,,,,,,,,,
20180307.0,0.243720531463623,0.2111636698246002,0.4136833250522613,0.2973902523517608,0.3817869424819946,,,9.0,0.0887675285339355,1.043466091156006,277.1522216796875,2.99312162399292,234.89846801757807,212.2946319580078,4.065435409545898,0.5526543259620667,300.0,0.3004500269889831,0.416999995708466
20180308.0,0.2757682502269745,0.223269447684288,0.4014365673065185,0.3323511183261871,0.4049738943576813,,0.2068544626235962,9.0,0.0887675285339355,1.043466091156006,276.7357177734375,2.998401165008545,233.39584350585932,213.27978515625,5.735240459442139,1.0411953926086426,300.0,0.3232502341270447,0.461458330353101
20180309.0,0.2668868899345398,0.2224941253662109,,,,,0.2554704546928406,,,,,,,,,,,,
20180310.0,0.2815905809402466,0.239450454711914,0.4173656702041626,0.335988700389862,0.3981895744800567,0.2006337195634842,0.234229564666748,9.0,0.0887675285339355,1.043466091156006,283.3401794433594,3.00601863861084,234.20217895507807,215.2138671875,5.292643070220947,1.0382232666015625,300.0,0.3650644719600677,0.466523806254069
20180311.0,0.2849309742450714,0.2310934215784073,0.4363179504871368,,,,,,,,,,,,,,,,
20180312.0,0.2674102783203125,0.223826602101326,0.4071999788284302,0.309081494808197,0.3775114715099334,0.2907668650150299,0.2760704457759857,9.0,0.0887675285339355,1.043466091156006,282.554443359375,3.0140676498413086,237.3863677978516,216.8719024658203,0.281805157661438,1.1532987356185913,300.0,0.3109720051288605,0.446291667719682
20180313.0,0.2752033174037933,0.2235048115253448,0.4146634936332702,0.3565354943275451,0.4254132509231567,0.3116798400878906,0.2656636238098144,9.0,0.0887675285339355,1.043466091156006,279.2389221191406,3.018113613128662,236.0655517578125,216.6537933349609,4.1121320724487305,0.8285946846008301,300.0,0.3273716568946838,0.461999996848728
20180314.0,0.2653577923774719,,,,,,,,,,,,,,,,,,
20180315.0,0.2527140080928802,,0.4046357572078705,0.3714165389537811,0.4887861013412475,0.2688553631305694,0.2771996259689331,9.0,0.0887675285339355,1.043466091156006,278.8421936035156,3.0262484550476074,230.36691284179688,208.0116271972656,1.099105715751648,1.6874070167541504,300.0,0.3496375679969787,0.442458332826694
20181108.0,0.1706709116697311,0.1960276961326599,0.2498311698436737,0.2535916268825531,0.2978641390800476,,0.2008117884397506,9.0,0.0887675285339355,1.043466091156006,281.8423156738281,3.2851059436798096,250.31222534179688,234.50729370117188,0.0014707203954458,0.4664531946182251,300.0,0.2526272535324096,0.238500002771616
20181109.0,0.1667972356081009,0.2000290304422378,,,,0.1647004932165146,0.2048097103834152,,,,,,,,,,,,
20181110.0,0.187404602766037,,0.2652387022972107,0.2395101636648178,0.2837221026420593,,,9.0,0.0887675285339355,1.043466091156006,284.174072265625,3.278770923614502,251.1689910888672,235.3331298828125,5.621236801147461,0.8110061883926392,300.0,0.260553777217865,0.233999997377396
20181111.0,0.2364167422056198,0.2132674753665924,0.2725258767604828,0.2799381017684936,0.3192863166332245,0.1781492978334427,0.2141178697347641,9.0,0.0887675285339355,1.043466091156006,283.6455383300781,3.2756123542785645,249.00473022460932,234.6805725097656,6.236957550048828,1.038697600364685,300.0,0.316817969083786,0.237833335995674
20181112.0,0.2478657066822052,0.2165920883417129,,,,,0.1231116652488708,,,,,,,,,,,,
20181113.0,0.2270945310592651,,,0.3327812850475311,0.3542800545692444,,,9.0,0.0887675285339355,1.043466091156006,281.9148254394531,3.269313335418701,245.90841674804688,235.1280517578125,0.1476305723190307,0.6548839211463928,300.0,0.3234823048114776,0.256000012159348
20181114.0,0.2135379463434219,0.2050827443599701,0.2696748375892639,,,0.1614018082618713,0.2204351872205734,,,,,,,,,,,,
20181115.0,0.2061226069927215,,0.2693248093128204,0.3117374181747436,0.3581036031246185,,,9.0,0.0887675285339355,1.043466091156006,278.2002868652344,3.263066530227661,244.23486328125,228.29446411132807,0.0008523463038727,0.1881428509950637,300.0,0.3003245890140533,0.250083333502213
20181116.0,0.2011340409517288,,0.2384503930807113,0.2814820408821106,0.3605202436447143,0.1911860555410385,0.2403027415275573,9.0,0.0887675285339355,1.043466091156006,276.52056884765625,3.259838819503784,243.11453247070312,221.42709350585932,0.0008523463038727,0.2828089296817779,300.0,0.2413901537656784,0.247208327675859
20181117.0,0.1969514489173889,0.2035084962844848,,,,0.1675643771886825,0.2136906087398529,,,,,,,,,,,,
20181118.0,0.1927992701530456,0.199865460395813,,0.2731403410434723,0.3446297943592071,,,9.0,0.0887675285339355,1.043466091156006,274.5325012207031,3.2544662952423096,242.0571746826172,221.13510131835932,0.1499374806880951,0.4399254918098449,300.0,0.2530983388423919,0.24416666974624
20181119.0,0.1926926523447036,0.2012168318033218,,0.2644136250019073,0.3111715316772461,0.1450398415327072,0.1955320835113525,9.0,0.0887675285339355,1.043466091156006,277.6474609375,3.2523179054260254,244.7634429931641,228.55740356445312,0.6461474299430847,0.593988299369812,300.0,0.2785649001598358,0.242499999701977
20181120.0,0.1936508268117904,,,,,,0.1479232162237167,,,,,,,,,,,,
20181121.0,0.1972723007202148,,0.2409002035856247,0.2434886395931244,0.3016458749771118,,0.2208014130592346,9.0,0.0887675285339355,1.043466091156006,274.5908508300781,3.247804880142212,244.4320831298828,224.48785400390625,0.001806337153539,0.4537851214408874,300.0,0.2254971712827682,0.239999994635582
20181122.0,0.1941498070955276,,0.2482610493898391,,,0.1549790054559707,0.2138431966304779,,,,,,,,,,,,
20181123.0,0.1914355605840683,,0.2434724569320678,0.2864651381969452,0.3515483438968658,,,9.0,0.0887675285339355,1.043466091156006,274.6452331542969,3.2433323860168457,240.40753173828125,221.16168212890625,0.016138007864356,0.0734278485178947,300.0,0.2749133706092834,0.239999994635582
20181124.0,0.1928617507219314,,0.2225737422704696,0.2344142794609069,0.2805299758911133,0.1413452923297882,0.1904660165309906,9.0,0.0887675285339355,1.043466091156006,274.3507080078125,3.241100788116455,245.90475463867188,229.53829956054688,1.3008487224578855,0.1640439480543136,300.0,0.2421565502882003,0.239249998703599
20181125.0,0.2012928128242492,,,,,,0.1985839456319809,,,,,,,,,,,,
20181126.0,0.199237659573555,,0.2344441264867782,0.2542527318000793,0.297372043132782,,0.2437208145856857,9.0,0.0887675285339355,1.043466091156006,276.8271789550781,3.236647129058838,245.1126708984375,230.066162109375,0.1369328945875167,0.3387008011341095,300.0,0.2739897072315216,0.238000005483627
20181127.0,0.195429727435112,,0.2343060225248336,0.2438599169254303,0.289929986000061,0.14501953125,0.1940671950578689,9.0,0.0887675285339355,1.043466091156006,276.0625915527344,3.234424829483032,245.12680053710932,228.5259552001953,0.0205053407698869,0.3005615472793579,300.0,0.2549821436405182,0.238000005483627
20181128.0,0.1990001052618026,0.1951144635677337,,,,,,,,,,,,,,,,,
20181129.0,0.2417327314615249,0.2249394208192825,,0.2802747786045074,0.323894053697586,0.1975855529308319,0.3404034674167633,9.0,0.0887675285339355,1.043466091156006,281.4751892089844,3.229990005493164,243.41500854492188,227.5131225585937,3.9692883491516113,1.139049768447876,300.0,0.3527286052703857,0.246833335608244
20181130.0,0.2277603298425674,0.2136949300765991,0.2764988243579864,,,0.1922383606433868,0.2400586009025573,,,,,,,,,,,,
20181201.0,0.2185912132263183,,0.2714082300662994,0.2823767364025116,0.3237440884113312,,,9.0,0.0887675285339355,1.043466091156006,279.8704833984375,3.225749969482422,244.939682006836,229.1015625,1.883556008338928,0.5940496921539307,300.0,0.3053517639636993,0.251083335528771
20181202.0,0.2490199208259582,0.2342154085636139,,0.30108243227005,0.3375535905361175,0.1835014522075653,0.2832422852516174,9.0,0.0887675285339355,1.043466091156006,283.7158203125,3.222905158996582,244.3842315673828,229.3814239501953,5.089649677276611,0.4966434836387634,300.0,0.3406943082809448,0.264083339522282
20181203.0,0.2615093290805816,,,,,,,,,,,,,,,,,,
20181204.0,0.256661981344223,,0.2853360474109649,0.361968994140625,0.3993983864784241,0.2226204127073288,0.5547654628753662,9.0,0.0887675285339355,1.043466091156006,277.3268127441406,3.2240822315216064,240.5347137451172,224.82546997070312,0.0735298246145248,0.3292816281318664,300.0,0.3216611742973327,0.279500003904104
20181205.0,0.2408034950494766,,,0.3600287437438965,0.4204331338405609,0.1912893205881118,0.2332834899425506,9.0,0.0887675285339355,1.043466091156006,275.9595947265625,3.22810959815979,236.9335479736328,218.75164794921875,2.5417699813842773,0.3583783209323883,300.0,0.3606088161468506,0.273333335916201
20181206.0,0.250401496887207,0.2387028485536575,,,,,,,,,,,,,,,,,
20181207.0,0.2664929330348968,,0.3016577959060669,0.3102708458900451,0.3375349640846252,0.2280177175998687,0.3396099805831909,9.0,0.0887675285339355,1.043466091156006,282.6090087890625,3.2347252368927,245.09396362304688,231.19834899902344,9.705191612243652,1.0640079975128174,300.0,0.3332870602607727,0.288166670749585
20181208.0,0.2926487922668457,0.2375012934207916,,,,,0.1900997906923294,,,,,,,,,,,,
20181209.0,0.3067867755889892,,,0.3683922588825226,0.4079415798187256,,0.2815637588500976,9.0,0.0887675285339355,1.043466091156006,279.5604858398437,3.24155330657959,239.3438720703125,222.89849853515625,7.760456562042236,1.3528777360916138,300.0,0.3657845556735992,0.33409091017463
20181210.0,0.2744259536266327,,0.3240670263767242,0.3517893254756927,0.3895119130611419,0.2227870374917984,0.3614001870155334,9.0,0.0887675285339355,1.043466091156006,277.4745178222656,3.244978427886963,239.5684509277344,223.2370147705078,1.019052267074585,0.7306285500526428,300.0,0.3622922003269195,0.31620833526055
20181211.0,0.2610544562339782,0.2278188914060592,,,,,,,,,,,,,,,,,
20181212.0,0.2504651546478271,,0.3020500540733337,0.334796279668808,0.3812031149864197,0.2245017737150192,0.2837611138820648,9.0,0.0887675285339355,1.043466091156006,273.5783996582031,3.2518506050109863,238.09210205078125,220.4956970214844,0.0131529420614242,0.0482808649539947,300.0,0.30490842461586,0.298458334058523
20181213.0,0.2434132397174835,0.2125457227230072,0.3039699494838714,0.29622283577919,0.3755761384963989,,0.2864467203617096,9.0,0.0887675285339355,1.043466091156006,274.6211242675781,3.255297899246216,237.71762084960932,215.14390563964844,0.1481334418058395,0.3603871762752533,300.0,0.2949228882789612,0.290916670113802
20181214.0,0.2372501939535141,,,,,,0.1583300232887268,,,,,,,,,,,,
20181218.0,0.2566529214382171,,0.3115802407264709,0.2927803099155426,0.3237717747688293,0.2139629423618316,0.2465895563364029,9.0,0.0887675285339355,1.043466091156006,276.5542297363281,3.27400541305542,241.0897216796875,225.94558715820312,0.001798819983378,0.2039124071598053,300.0,0.3174024224281311,0.282500005016724
20181219.0,0.2511553466320038,,,,,,,,,,,,,,,,,,
20181220.0,0.2510367035865783,,0.3069194257259369,0.2977481186389923,0.3298009037971496,0.2096754610538482,0.312692642211914,9.0,0.0887675285339355,1.043466091156006,278.5862731933594,3.2643213272094727,241.9935760498047,226.40069580078125,3.683791399002075,0.4382164478302002,300.0,0.3424546420574188,0.276318189772693
20181221.0,0.2979227900505066,,0.3283418118953705,0.3565873205661773,0.3770307302474975,,,9.0,0.0887675285339355,1.043466091156006,281.2135925292969,3.2493696212768555,239.25830078125,224.91574096679688,12.19273853302002,0.9789987206459044,300.0,0.3811111450195312,0.335782609556032
20181222.0,0.300275057554245,0.244720384478569,,,,0.281477153301239,0.5411847233772278,,,,,,,,,,,,
20181223.0,0.2928520441055298,,0.3288329839706421,0.3253930807113647,0.3757760524749756,0.2715600430965423,0.3234046399593353,9.0,0.0887675285339355,1.043466091156006,279.1903381347656,3.2240982055664062,239.8238220214844,221.2439422607422,8.226899147033691,0.206631064414978,300.0,0.326143741607666,0.361666665722926
20181224.0,0.2854637801647186,0.2352283298969268,0.3635226488113403,,,,,,,,,,,,,,,,
20181225.0,0.2657022774219513,,0.3548044264316559,0.3431232571601867,0.3791618645191192,0.2405712902545929,0.2860499918460846,9.0,0.0887675285339355,1.043466091156006,276.3095397949219,3.198711395263672,237.8983764648437,221.4991149902344,0.0075900168158113,0.2413398474454879,300.0,0.3321669697761535,0.329916668434938
20181226.0,0.2554724812507629,0.227307379245758,,0.3298434019088745,0.3785308003425598,,0.1576891392469406,9.0,0.0887675285339355,1.043466091156006,276.89471435546875,3.18617582321167,237.518798828125,219.43927001953125,0.0361248888075351,0.1789227128028869,300.0,0.3274603486061096,0.313666670272748
20181227.0,0.2484910637140274,,,,,,0.3448591530323028,,,,,,,,,,,,
20181228.0,0.243822380900383,0.2204987555742263,0.329653263092041,0.3632130026817322,0.3923488855361938,0.2080552726984024,0.269753098487854,9.0,0.0887675285339355,1.043466091156006,275.0719909667969,3.1614203453063965,235.57662963867188,220.3422241210937,0.2239435017108917,0.07928167283535,300.0,0.3500478863716125,0.298083333919446
20181229.0,0.2442976236343383,,0.3406303524971008,0.3088319003582001,0.3546690046787262,,,9.0,0.0887675285339355,1.043466091156006,280.0810241699219,3.14914870262146,239.001220703125,221.22396850585932,1.4461055994033811,0.6186932921409607,300.0,0.3527667820453644,0.293916666259368
20181230.0,0.2438829988241195,,,,,0.2435154765844345,0.2903225719928741,,,,,,,,,,,,
20181231.0,0.2384217381477356,,0.3509037494659424,0.3182627260684967,0.3485085368156433,,0.2354808151721954,9.0,0.0887675285339355,1.043466091156006,281.3800048828125,3.124310255050659,242.04031372070312,226.8916015625,0.1244267150759697,0.1290143132209777,300.0,0.3424870371818542,0.292416665703058
20190101.0,0.2346983402967453,,0.3497797548770904,,,,0.3283486366271972,,,,,,,,,,,,
20190102.0,0.2296884506940841,,0.3407593071460724,0.327162504196167,0.3817082345485687,0.2205259799957275,0.2727744281291961,9.0,0.0887675285339355,1.043466091156006,276.6910400390625,3.109884023666382,239.08380126953125,220.4823303222656,0.0073590604588389,0.4622220396995544,300.0,0.2794682383537292,0.289250005036592
20190103.0,0.2268089950084686,,0.3420999348163605,0.315820574760437,0.3658458292484283,,,9.0,0.0887675285339355,1.043466091156006,275.5523681640625,3.108419895172119,239.0653076171875,220.98434448242188,0.0860863104462623,0.1817795485258102,300.0,0.2829408049583435,0.285416663934787
20190104.0,0.2261388301849365,,,,,0.210488349199295,0.2901699841022491,,,,,,,,,,,,
20190105.0,0.2353122532367706,,0.3261930644512176,0.271286129951477,0.3125215768814087,,0.4248481690883636,9.0,0.0887675285339355,1.043466091156006,280.0281066894531,3.103080034255981,243.9322662353516,227.0087890625,1.4381911754608154,0.641113817691803,300.0,0.2612659931182861,0.287583334992329
20190106.0,0.2319468706846237,,0.3325062692165375,0.2966974079608917,0.3323649764060974,,,9.0,0.0887675285339355,1.043466091156006,279.30584716796875,3.1005687713623047,243.01559448242188,227.42286682128903,0.2317442148923874,0.2830746173858642,300.0,0.2922622263431549,0.292478263378143
20190107.0,0.2313896715641021,0.2252203524112701,,,,0.2029779851436615,0.2984099984169006,,,,,,,,,,,,
20190108.0,0.2579554617404938,0.2400374412536621,0.3557522892951965,0.3640960156917572,0.4016160368919372,,,9.0,0.0887675285339355,1.043466091156006,278.3475341796875,3.0955605506896973,238.4913024902344,222.607177734375,4.650018215179443,1.813775897026062,300.0,0.3287225663661957,0.318736841804103
20190109.0,0.2518477737903595,0.2227364927530288,0.3646341264247894,,,0.2744450569152832,0.4512466788291931,,,,,,,,,,,,
20190110.0,0.2431210428476333,0.2150866389274597,0.3498000502586365,0.3687107861042022,0.4415506720542907,0.2150093615055084,0.2575457096099853,9.0,0.0887675285339355,1.043466091156006,274.8793334960937,3.090571880340576,234.1336975097656,215.0955810546875,2.324518203735352,0.2524905204772949,300.0,0.3501329720020294,0.309000000357628
20190111.0,0.2541559934616089,,,0.2954394221305847,0.3426669836044311,,,9.0,0.0887675285339355,1.043466091156006,278.73345947265625,3.0880846977233887,240.81021118164065,223.3727264404297,0.8088500499725342,0.3556685149669647,300.0,0.2966989278793335,0.307916664828857
20190112.0,0.2569881677627563,,,,,0.1914792656898498,0.3036286532878876,,,,,,,,,,,,
20190113.0,0.2855185866355896,,0.3481604158878326,0.3339115083217621,0.3794139325618744,,0.0002441480755805,9.0,0.0887675285339355,1.043466091156006,279.8507995605469,3.08312463760376,240.11181640625,223.3706970214844,7.939938068389893,0.8904701471328735,300.0,0.312432587146759,0.350291665643454
20190114.0,0.2742737829685211,0.2347544282674789,,0.3424012660980224,0.4038265347480774,,0.0887478291988372,9.0,0.0887675285339355,1.043466091156006,276.2735595703125,3.080580949783325,238.8404998779297,220.3563232421875,1.6785221099853516,0.91075998544693,300.0,0.2856670022010803,0.367541667073965
20190115.0,0.260991096496582,,,,,0.2052918523550033,0.2504959404468536,,,,,,,,,,,,
20190116.0,0.2552886307239532,,0.3665657639503479,0.3530031144618988,0.4026386141777038,,,9.0,0.0887675285339355,1.043466091156006,279.0049743652344,3.07466459274292,238.2583923339844,221.291259765625,4.174093246459961,0.5921521782875061,300.0,0.346491277217865,0.327208335200946
20190117.0,0.2821067869663238,,0.3645649254322052,,,0.2355348914861679,0.2990203499794006,,,,,,,,,,,,
20190118.0,,,,0.3632893860340118,0.5113515853881836,,0.1565904766321182,,,,,,,,,,,,
20190119.0,,,,0.3336333632469177,0.4155589640140533,,0.0133671071380376,,,,,,,,,,,,
20190127.0,0.2938409447669983,0.2468535602092743,,0.3032931685447693,0.3571375608444214,0.2535284757614136,0.456434816122055,9.0,0.0887675285339355,1.043466091156006,277.6600952148437,3.182312488555908,236.6929626464844,218.3133850097656,7.238509178161621,0.4790568351745605,300.0,0.365658700466156,0.378739131533581
20190128.0,0.2832239866256714,,,,,0.2368170619010925,0.2849208116531372,,,,,,,,,,,,
20190129.0,,,0.2949452102184295,0.3833025693893432,0.5004814863204956,,,,,,,,,,,,,,
20190130.0,,,0.2643444538116455,0.3499164581298828,0.4398359656333923,0.2249936014413833,0.2580034732818603,,,,,,,,,,,,
20190131.0,,,,,,,0.2074343115091323,,,,,,,,,,,,
20190201.0,0.251656711101532,,,0.3217867910861969,0.3941084742546081,,0.2472914755344391,9.0,0.0887675285339355,1.043466091156006,273.3238525390625,3.241281747817993,234.62405395507807,214.50738525390625,1.0982768535614014,0.1526535153388977,300.0,0.3434403538703918,0.319208337614934
20190202.0,,0.2147547304630279,0.2750609219074249,0.3048996925354004,0.3474627137184143,0.2044800519943237,0.2498245239257812,,,,,,,,,,,,
20190203.0,,,0.2799538075923919,0.3627329170703888,0.4626342356204986,,,,,,,,,,,,,,
20190204.0,,,0.2706343233585357,0.3439098000526428,0.400641918182373,0.1930782049894333,0.2324900031089782,,,,,,,,,,,,
20190205.0,0.2695372104644775,0.2338044494390487,,,,,0.2472914755344391,,,,,,,,,,,,
20190207.0,0.3021606802940368,0.249439924955368,,0.2952205538749695,0.364286720752716,0.2630809247493744,0.4090395867824554,9.0,0.0887675285339355,1.043466091156006,279.9850158691406,3.239229679107666,237.9947204589844,217.3608856201172,5.589214324951172,1.2914135456085205,300.0,0.3529362678527832,0.386458332339923
20190208.0,0.2776958644390106,0.2330423891544342,,,,,,,,,,,,,,,,,
20190209.0,0.2882510423660278,0.2268101125955581,,0.3498280048370361,0.42371466755867,0.2559658885002136,0.2857142984867096,9.0,0.0887675285339355,1.043466091156006,280.0458984375,3.234175205230713,236.5971527099609,217.00979614257807,2.334667444229126,1.603571534156799,300.0,0.3882120549678802,0.375291669120391
20190215.0,0.2555742561817169,,0.3388816714286804,0.39082732796669,0.5438873767852783,0.253886878490448,0.3243507146835327,9.0,0.0887675285339355,1.043466091156006,277.0729675292969,3.219080686569214,226.70083618164065,201.93408203125,0.0008523463038727,0.8140580058097839,300.0,0.4282363057136535,0.462624996900558
20190216.0,0.250351995229721,,,,,,,,,,,,,,,,,,
20190217.0,0.2459926307201385,,0.3300517797470093,0.3568784594535827,0.528823733329773,0.3009724915027618,0.365550696849823,9.0,0.0887675285339355,1.043466091156006,278.1589660644531,3.213686943054199,230.2176971435547,204.41766357421875,0.0,0.753708004951477,300.0,0.3925467133522033,0.421416663875182
20190218.0,0.2416476607322693,,,0.3359639644622803,0.4660339951515198,,3.051850944757461e-05,9.0,0.0887675285339355,1.043466091156006,278.6627502441406,3.212207794189453,234.19155883789065,209.66336059570312,0.0082948915660381,0.8105652928352356,300.0,0.3553643822669983,0.406333331018686
20190219.0,0.2459155470132827,,0.3364520668983459,0.3201733529567718,0.3811852633953094,,0.3569445013999939,9.0,0.0887675285339355,1.043466091156006,278.90679931640625,3.2140133380889893,240.02301025390625,220.77381896972656,1.4700602293014526,0.7385639548301697,300.0,0.3326658308506012,0.394791667660077
20190220.0,0.2428671270608902,,,0.348936915397644,0.3970759212970733,0.196360245347023,0.2885830402374267,9.0,0.0887675285339355,1.043466091156006,279.4134216308594,3.217440128326416,238.22882080078125,220.9569091796875,0.0126654421910643,0.5973346829414368,300.0,0.3607843816280365,0.383583335826794
20190221.0,0.2440233826637268,,,,,,,,,,,,,,,,,,
20190222.0,0.2434674948453903,,0.3264892995357513,0.278499573469162,0.3128468692302704,0.2396279871463775,0.4209417998790741,9.0,0.0887675285339355,1.043466091156006,282.21337890625,3.2229223251342773,245.0567169189453,229.8154144287109,0.1522109061479568,0.5898789167404175,300.0,0.3188596963882446,0.375166667004426
20190223.0,0.2370639890432357,,0.3303643763065338,0.384175032377243,0.4149262309074402,,0.191503643989563,9.0,0.0887675285339355,1.043466091156006,279.1624755859375,3.225758075714112,237.05767822265625,221.65249633789065,0.0038920915685594,0.9658422470092772,300.0,0.3800666034221649,0.36970833564798
20190224.0,0.2311743795871734,,,,,,0.0,,,,,,,,,,,,
20190225.0,0.2271329909563064,,0.3127438724040985,0.3618659377098083,0.4777901470661163,0.1827184855937957,0.2604449689388275,9.0,0.0887675285339355,1.043466091156006,277.2113037109375,3.231445074081421,232.1102600097656,209.2281646728516,0.0008523463038727,0.849850058555603,300.0,0.392195463180542,0.356333331515392
20190226.0,0.2239879518747329,,,0.3527396619319916,0.4509181678295135,,,9.0,0.0887675285339355,1.043466091156006,277.7068176269531,3.2342963218688965,234.0927734375,212.07989501953125,0.0034387621562927,0.8153617978096008,300.0,0.3806375563144684,0.351041667163372
20190227.0,0.2209475934505462,0.2039221823215484,0.2963823974132538,0.3405355215072632,0.4619969725608825,0.1401185095310211,0.1982482373714447,9.0,0.0887675285339355,1.043466091156006,278.84356689453125,3.237152576446533,234.07725524902344,209.90606689453125,0.0,0.8715536594390869,300.0,0.3729371726512909,0.347750000655651
20190228.0,0.2190794199705124,0.2071967124938964,0.2978177368640899,0.3268041610717773,0.4081934690475464,,0.3636280298233032,9.0,0.0887675285339355,1.043466091156006,280.3554077148437,3.2400143146514893,238.2250061035156,216.6255798339844,1.7894024848937988,0.6609650254249573,300.0,0.3439255654811859,0.344636361707341
20190301.0,0.238115057349205,0.2184728235006332,,,,,,,,,,,,,,,,,
20190302.0,0.2308457344770431,0.2106557041406631,0.3025619685649872,0.2811884880065918,0.326421707868576,0.1826914846897125,0.264625996351242,9.0,0.0887675285339355,1.043466091156006,280.3021545410156,3.2457528114318848,243.1387939453125,225.14791870117188,0.211658239364624,0.7134764790534973,300.0,0.3150517344474792,0.354833333442609
20190303.0,0.2581117749214172,,0.3163492083549499,0.2864485085010528,0.325240820646286,,,9.0,0.0887675285339355,1.043466091156006,282.5890808105469,3.248650550842285,244.4840087890625,227.8263702392578,7.980987071990967,1.3188683986663818,300.0,0.3439671993255615,0.35724999755621
20190304.0,0.2798026502132416,,,,,0.073843628168106,0.1580248475074768,,,,,,,,,,,,
20190305.0,0.2670028209686279,,0.3124147355556488,0.3465372323989868,0.3903096914291382,0.2104596495628357,0.2957853972911834,9.0,0.0887675285339355,1.043466091156006,278.9060974121094,3.254709005355835,239.35186767578125,222.2802734375,1.1617215871810913,1.5225545167922974,300.0,0.3751205801963806,0.372478263533634
20190306.0,0.2699631154537201,,0.3258678317070007,0.3462892174720764,0.3714384436607361,,,9.0,0.0887675285339355,1.043466091156006,280.28887939453125,3.25687837600708,240.3891143798828,225.975341796875,4.656408786773682,1.2365087270736694,300.0,0.3744215369224548,0.370708333949248
20190307.0,0.2952955961227417,0.2254172563552856,0.3084457814693451,0.3014873266220093,0.3336840867996216,0.221680149435997,0.3265785574913025,9.0,0.0887675285339355,1.043466091156006,281.51904296875,3.2566964626312256,244.34214782714844,229.12437438964844,10.820155143737791,2.457582235336304,300.0,0.3604285717010498,0.377454546364871
20190309.0,0.3022827804088592,0.23767751455307,,,,,0.4657429754734039,,,,,,,,,,,,
20190322.0,0.2476232051849365,0.223033607006073,,,,0.2174120843410492,0.3877681791782379,,,,,,,,,,,,
20190323.0,0.2416103631258011,0.2216444909572601,0.3650424480438232,0.3367841839790344,0.3952067196369171,0.2392313927412033,0.2854396104812622,9.0,0.0887675285339355,1.043466091156006,281.41552734375,3.24551010131836,240.89013671875,222.1435546875,0.1225463524460792,0.8628892302513123,300.0,0.3445974290370941,0.41895833114783
20190324.0,0.2369884550571441,0.210746556520462,0.3568573296070099,0.3359851539134979,0.4106919467449188,,,9.0,0.0887675285339355,1.043466091156006,278.4977111816406,3.248919010162353,238.3297119140625,218.0147247314453,0.1469842046499252,1.451852560043335,300.0,0.358080118894577,0.404374998062849
20190325.0,0.2509949803352356,0.2167486250400543,,,,0.2257989346981048,0.3288369476795196,,,,,,,,,,,,
20190326.0,0.2481856793165207,0.2223461121320724,0.348205417394638,0.3290482461452484,0.3755739629268646,,,9.0,0.0887675285339355,1.043466091156006,278.6664123535156,3.2547433376312256,240.245849609375,223.15167236328125,0.9982652068138124,1.1362413167953491,300.0,0.3642778396606445,0.385999999940395
20190327.0,0.2406510412693023,0.2159335166215896,0.3587761521339416,0.3123911619186401,0.3623421788215637,,,9.0,0.0887675285339355,1.043466091156006,280.7668151855469,3.2577271461486816,240.768310546875,223.1016387939453,0.0237037204205989,1.1434199810028076,300.0,0.3570090532302856,0.375625000645717
20190328.0,0.2350289523601532,0.2172467857599258,,,,0.2000053375959396,0.1352580338716507,,,,,,,,,,,,
20190329.0,0.2290935516357422,0.2152653634548187,0.3375921547412872,0.3329907655715942,0.3702013194561004,,,9.0,0.0887675285339355,1.043466091156006,283.6407470703125,3.2637109756469727,241.33111572265625,225.915267944336,0.0021228289697319,1.996689796447754,300.0,0.3847233653068542,0.358791669209798
20190330.0,0.2222806215286255,0.2050156146287918,0.3376417160034179,,,0.2136210501194,0.2657246589660644,,,,,,,,,,,,
20190331.0,0.2171669006347656,0.2055128812789917,,0.2867904007434845,0.3292480409145355,,0.1373027712106704,9.0,0.0887675285339355,1.043466091156006,280.9873962402344,3.269716739654541,246.26678466796875,229.9535522460937,0.0004223580181133,2.066504716873169,300.0,0.3472123742103576,0.3452500042816
20190401.0,0.2095033675432205,,0.2852141857147217,0.2619121372699737,0.3138773441314697,,0.382702112197876,9.0,0.0887675285339355,1.043466091156006,279.7621154785156,3.272727727890014,245.2417907714844,226.5912475585937,0.0017229340737685,2.2761335372924805,300.0,0.3457552790641784,0.338208337624868
20190402.0,0.2066655904054641,0.2001316398382187,,,,0.1747175455093383,0.2127445340156555,,,,,,,,,,,,
20190403.0,0.2142540067434311,,0.2985957860946655,0.2514479756355285,0.2943536043167114,,,9.0,0.0887675285339355,1.043466091156006,280.8603210449219,3.278766632080078,248.42413330078125,232.3643493652344,0.662966787815094,1.382550835609436,300.0,0.3172638416290283,0.344833331803481
20190404.0,0.2264013588428497,0.2045641839504242,0.2802633643150329,0.2346389144659042,0.2765997052192688,0.1764484643936157,0.2140263020992279,9.0,0.0887675285339355,1.043466091156006,278.4789428710937,3.281803131103516,248.97738647460932,233.67901611328125,3.25121545791626,0.857120156288147,300.0,0.2860870957374573,0.341708338509003
20190405.0,0.2332784235477447,0.2147969454526901,,,,,0.1684011369943618,,,,,,,,,,,,
20190406.0,0.2238863706588745,0.2167322486639022,0.2820096313953399,0.224734678864479,0.2694032192230224,,0.2932218313217163,9.0,0.0887675285339355,1.043466091156006,283.4803466796875,3.2880024909973145,249.63186645507807,232.90573120117188,0.1977908760309219,1.0553923845291138,300.0,0.2973102033138275,0.336083333939314
20190407.0,0.2149528563022613,0.2003078460693359,,,,,0.0861537531018257,,,,,,,,,,,,
20190408.0,0.2034220248460769,0.1919429898262024,,0.2560802400112152,0.3002368211746216,,,9.0,0.0887675285339355,1.043466091156006,285.5565795898437,3.292417526245117,250.049560546875,234.0124969482422,0.0112309847027063,3.003251314163208,300.0,0.3162373304367065,0.324250006427368
20190409.0,0.1936174780130386,,0.2594650089740753,0.2354271709918975,0.2787925899028778,0.0296355430036783,0.0596026480197906,9.0,0.0887675285339355,1.043466091156006,282.0263366699219,3.293597936630249,251.3441162109375,235.77365112304688,0.0009419374400749,2.4915578365325928,300.0,0.3226833343505859,0.317791674286127
20190410.0,0.1858901083469391,,,,,,,,,,,,,,,,,,
20190411.0,0.1802935600280761,0.1921005100011825,0.2305613905191421,0.2127798646688461,0.2560422420501709,,,9.0,0.0887675285339355,1.043466091156006,278.5824584960937,3.2964000701904297,249.8436279296875,235.6768798828125,0.0158973820507526,1.6856313943862915,300.0,0.3117823004722595,0.306166666249434
20190412.0,0.1795319467782974,,0.2187156081199646,0.2003254145383834,0.2441775649785995,0.0678213089704513,0.1233252957463264,9.0,0.0887675285339355,1.043466091156006,278.7118225097656,3.2977752685546875,250.84829711914065,236.99169921875,0.9074307680130004,2.1287407875061035,300.0,0.3265524208545685,0.302416668583949
20190413.0,0.1900920569896698,0.1839326024055481,,,,,,,,,,,,,,,,,
20190414.0,0.2049547135829925,,0.1739439964294433,0.1564711928367614,0.2031958848237991,0.1028644740581512,0.1700186133384704,9.0,0.0887675285339355,1.043466091156006,278.0901794433594,3.3005292415618896,253.0073699951172,240.3705291748047,0.1160130649805069,1.8553476333618164,300.0,0.277912825345993,0.297916665673256
20190415.0,0.1946355104446411,0.1908898502588272,0.2154790610074997,,,,,,,,,,,,,,,,
20190416.0,0.1821023076772689,,0.196582093834877,0.1647251099348068,0.2070827484130859,,,9.0,0.0887675285339355,1.043466091156006,283.8608093261719,3.303287506103516,255.26956176757807,239.67372131347656,0.0008536268724128,3.0931339263916016,300.0,0.2796426117420196,0.287125005076329
20190417.0,0.1716837733983993,0.1872715204954147,0.1750347912311554,0.1387685686349868,0.1764016300439834,,,9.0,0.0887675285339355,1.043466091156006,285.619384765625,3.304668426513672,259.4743347167969,242.52169799804688,0.172549232840538,2.853653907775879,300.0,0.2102283537387848,0.282291669398546
20190418.0,0.1615440249443054,0.1766713559627533,,,,,0.1304361075162887,,,,,,,,,,,,
20190419.0,0.1493665277957916,0.1767901927232742,0.1695458441972732,0.1575581282377243,0.2032406032085418,,0.1752678006887436,9.0,0.0887675285339355,1.043466091156006,288.2594299316406,3.3074331283569336,258.82733154296875,245.4715118408203,0.003007840598002,3.8196401596069336,300.0,0.2372357547283172,0.271250004569689
20190420.0,0.1384051442146301,0.1717354357242584,0.1648450046777725,0.130482941865921,0.174828290939331,0.0731321349740028,0.1143833771347999,9.0,0.0887675285339355,1.043466091156006,288.20465087890625,3.308873176574707,262.24737548828125,248.66165161132807,0.0,3.8453969955444336,300.0,0.1913822889328003,0.265208339939515
20190421.0,0.1284639090299606,0.1725721359252929,,,,,,,,,,,,,,,,,
20190422.0,0.1190136075019836,,0.1424625217914581,0.1288295090198516,0.1737895756959915,0.050402458757162,0.1053498983383178,9.0,0.0887675285339355,1.043466091156006,288.80841064453125,3.312427997589112,262.7147521972656,249.38430786132807,0.0008523463620804,4.123441219329834,300.0,0.1913302093744278,0.251541669790943
20190423.0,0.1095246076583862,0.1662727296352386,0.14378622174263,,,,0.0723899081349372,,,,,,,,,,,,
20190424.0,0.1114072501659393,0.1714004725217819,0.1239163726568222,0.1020848229527473,0.1345344483852386,,0.0996734499931335,9.0,0.0887675285339355,1.043466091156006,290.8572998046875,3.304934024810791,267.45513916015625,251.1708831787109,6.652468681335449,4.215497970581055,300.0,0.1535961180925369,0.26087499782443
20190425.0,0.1749794334173202,0.222977414727211,0.2519063353538513,0.2704892456531524,0.3208477199077606,0.1225830912590026,0.2233649641275406,9.0,0.0887675285339355,1.043466091156006,286.6326904296875,3.2949342727661133,251.21975708007807,233.9026031494141,6.726492881774902,2.862311840057373,300.0,0.2627683579921722,0.343333333730698
20190426.0,0.245329275727272,,,,,,,,,,,,,,,,,,
20190427.0,0.2327001392841339,0.1994337439537048,0.203364148736,0.2326804548501968,0.276216059923172,0.1070507019758224,0.2466200739145279,9.0,0.0887675285339355,1.043466091156006,282.4187927246094,3.2777395248413086,253.2857666015625,238.55577087402344,4.437903881072998,2.206958293914795,300.0,0.2919136583805084,0.33791666602095
20190428.0,0.2195838838815689,0.2044390141963958,0.22931569814682,0.227552905678749,0.2745731770992279,0.0984815806150436,0.1658070683479309,9.0,0.0887675285339355,1.043466091156006,283.0741882324219,3.2690443992614746,252.08474731445312,235.2100372314453,0.5097306370735168,2.1745922565460205,300.0,0.2922372221946716,0.332916668305794
20190429.0,0.2035338133573532,,,,,,,,,,,,,,,,,,
20190430.0,0.1922654807567596,,0.2057545781135559,0.2017180025577545,0.2465484738349914,0.0406560450792312,0.1244239658117294,9.0,0.0887675285339355,1.043466091156006,285.62213134765625,3.25179123878479,254.73419189453125,238.88864135742188,0.0186566915363073,2.0100858211517334,300.0,0.229884535074234,0.321083334585031
20190501.0,0.1811264902353286,0.1973329484462738,0.2154723107814788,,,,,,,,,,,,,,,,
20190502.0,0.1915783286094665,,0.1945025324821472,0.2046453803777694,0.2499105930328369,0.1386105865240097,0.4113894999027252,9.0,0.0887675285339355,1.043466091156006,283.78094482421875,3.2347211837768555,254.20301818847656,240.8965301513672,4.410220146179199,2.1607017517089844,300.0,0.2615419924259186,0.305208334078391
20190503.0,0.2050718963146209,,,0.1657652258872985,0.2097966372966766,0.116703376173973,0.1972716450691223,9.0,0.0887675285339355,1.043466091156006,281.9273681640625,3.226254463195801,257.0864562988281,242.11831665039065,1.4574601650238037,2.500981330871582,300.0,0.2056140601634979,0.302250002821287
20190504.0,0.2028904259204864,,,,,,,,,,,,,,,,,,
20190505.0,0.1994405388832092,,0.1975144892930984,0.1774389594793319,0.2212380915880203,,0.1606189161539077,9.0,0.0887675285339355,1.043466091156006,280.8904724121094,3.209458589553833,254.5774383544922,238.2718811035156,1.2284685373306274,2.8413422107696533,300.0,0.2517995536327362,0.299624999364217
20190506.0,0.192877322435379,,0.1353693306446075,0.1430115401744842,0.1819821894168853,,0.079409159719944,9.0,0.0887675285339355,1.043466091156006,281.3467102050781,3.2010555267333984,257.8442687988281,241.10379028320312,1.5563113689422607,2.524893283843994,300.0,0.1778570711612701,0.295833336810271
20190507.0,0.195798709988594,0.2036160677671432,,,,,0.2388683706521988,,,,,,,,,,,,
20190508.0,0.2163200229406356,0.1975602209568023,0.1679841727018356,0.1727702915668487,0.2181264758110046,,,9.0,0.0887675285339355,1.043466091156006,281.9050598144531,3.183516025543213,255.26644897460932,241.38365173339844,5.382667541503906,1.541834831237793,300.0,0.2037881910800933,0.290375004212062
20190509.0,0.2338867932558059,0.2076999545097351,0.1829415410757064,,,,,,,,,,,,,,,,
20190510.0,0.2378327250480651,,0.2710872292518616,0.3000571727752685,0.3415678739547729,0.2142362892627716,0.3204748630523681,9.0,0.0887675285339355,1.043466091156006,284.882080078125,3.1804676055908203,247.68865966796875,233.06512451171875,3.432136297225952,2.695220470428467,300.0,0.2978920638561249,0.342761904001236
20190511.0,0.2157516926527023,,0.2238058596849441,0.2542842924594879,0.2994490563869476,,0.2177495658397674,9.0,0.0887675285339355,1.043466091156006,283.4879455566406,3.1871533393859863,249.6883850097656,234.06790161132807,0.1466533243656158,3.136081457138061,300.0,0.2925394475460052,0.328208337227503
20190512.0,0.1986101418733596,,,,,,0.1476180255413055,,,,,,,,,,,,
20190513.0,0.185695081949234,,0.1721690595149994,0.2030375748872757,0.2473840713500976,0.1201358139514923,0.171544536948204,9.0,0.0887675285339355,1.043466091156006,283.14923095703125,3.197089910507202,252.98275756835932,236.61721801757807,0.0008523463038727,3.2210140228271484,300.0,0.2627845704555511,0.298958337555329
20190514.0,0.1715257167816162,0.1835144758224487,0.1763113737106323,0.1711475700139999,0.2132056355476379,,,9.0,0.0887675285339355,1.043466091156006,284.2314453125,3.202303886413574,256.11822509765625,239.752685546875,0.0008583068847656,3.255348920822144,300.0,0.2179443091154098,0.286125004291534
20190515.0,0.1578484177589416,0.1831619888544082,,,,0.0954477488994598,0.1729789078235626,,,,,,,,,,,,
20190516.0,0.1495934277772903,0.1809903681278228,0.1767397671937942,0.1570721715688705,0.1986964344978332,0.0940603092312812,0.1521958112716674,9.0,0.0887675285339355,1.043466091156006,283.9086608886719,3.212785720825196,258.4515380859375,242.8065490722656,1.058556318283081,2.432301044464112,300.0,0.1703431755304336,0.265916674087445
20190517.0,0.1548128426074981,,,,,,,,,,,,,,,,,,
20190518.0,0.1657076179981231,0.1907812505960464,0.1466671526432037,0.1268500834703445,0.170934185385704,0.0813625305891037,0.1498764008283615,9.0,0.0887675285339355,1.043466091156006,289.79425048828125,3.223339796066284,261.55078125,248.09332275390625,0.7863488793373108,3.625324249267578,300.0,0.1749192625284195,0.25845834116141
20190519.0,0.1563545912504196,0.1787068396806717,0.1465572714805603,0.1401104927062988,0.182739183306694,,,9.0,0.0887675285339355,1.043466091156006,290.3441162109375,3.2286438941955566,262.6527709960937,248.1026306152344,0.6695294380187988,3.2224905490875244,300.0,0.1542449295520782,0.252583338568608
20190520.0,0.1548123806715011,0.2179013192653656,,,,0.1828885525465011,0.4088869988918304,,,,,,,,,,,,
20190521.0,0.1639500558376312,0.2068089842796325,0.1925644725561142,0.1990409195423126,0.2434330433607101,,0.0415967293083667,9.0,0.0887675285339355,1.043466091156006,286.7934875488281,3.2393062114715576,257.8020324707031,240.51821899414065,1.4211586713790894,1.4456912279129028,300.0,0.1721036732196808,0.252416671564182
20190522.0,0.1608872860670089,0.2022344470024109,,0.1684469729661941,0.2114259749650955,,,9.0,0.0887675285339355,1.043466091156006,287.3070373535156,3.2447216510772705,259.748046875,244.50038146972656,0.0237537920475006,2.6043286323547363,300.0,0.1684426218271255,0.248416668425004
20190523.0,0.1470033675432205,0.183114618062973,,,,,0.0758384987711906,,,,,,,,,,,,
20190524.0,0.1321953237056732,0.1741226911544799,0.1630161702632904,0.1361233294010162,0.1768832951784134,,3.051850944757461e-05,9.0,0.0887675285339355,1.043466091156006,289.57940673828125,3.2562997341156006,263.360107421875,248.02993774414065,0.0608245767652988,3.830269098281861,300.0,0.1627871692180633,0.224166668951511
20190525.0,0.1224551126360893,0.1751946061849594,0.1534268110990524,,,,0.1804864704608917,,,,,,,,,,,,
20190526.0,0.1175205409526825,0.1719516366720199,0.1265343874692917,,,0.0822998285293579,0.1254005581140518,,,,,,,,,,,,
20190527.0,0.1508213132619857,0.2139028161764145,0.2267374247312545,0.2261491268873214,0.2723221182823181,,,9.0,0.0887675285339355,1.043466091156006,288.50152587890625,3.250112533569336,256.0145568847656,239.0788116455078,0.4234227538108825,2.994022846221924,300.0,0.2110912799835205,0.185583336899678
20190528.0,0.1681460589170456,,,,,0.1087938100099563,0.1746269166469574,,,,,,,,,,,,
20190529.0,0.1643811911344528,0.206842765212059,0.1925221085548401,0.2605708241462707,0.3100200295448303,,0.1327860355377197,9.0,0.0887675285339355,1.043466091156006,286.7341003417969,3.240133762359619,250.3487243652344,233.3345642089844,0.0129974214360117,3.355488538742065,300.0,0.2662492394447326,0.285416668901841
20190530.0,0.1614950150251388,0.1995158940553665,0.1765244752168655,0.194031223654747,0.2384085953235626,,0.1456343233585357,9.0,0.0887675285339355,1.043466091156006,288.9931945800781,3.234997034072876,257.727294921875,241.2098999023437,2.080393552780152,2.0817313194274902,300.0,0.163296490907669,0.265833340585232
20190531.0,0.1600310653448104,0.1977318972349167,,,,0.1032786294817924,0.1979735642671585,,,,,,,,,,,,
20190601.0,0.143242061138153,0.1847937554121017,0.1705410778522491,0.1649166792631149,0.2098490893840789,,,9.0,0.0887675285339355,1.043466091156006,292.9156188964844,3.224773645401001,261.77081298828125,247.51431274414065,0.0161069333553314,3.971194505691528,300.0,0.1724840402603149,0.24024999824663
20190602.0,0.1245559006929397,0.180286630988121,0.1504999101161956,,,0.0944205373525619,0.1748710572719574,,,,,,,,,,,,
20190603.0,0.1133087500929832,0.1861137896776199,0.155106246471405,0.1553706973791122,0.1972122937440872,0.062394343316555,0.143375962972641,9.0,0.0887675285339355,1.043466091156006,292.47528076171875,3.214616775512696,265.9376220703125,249.43460083007807,0.7637557983398438,2.555243015289306,300.0,0.1106776744127273,0.207749996955196
20190604.0,0.1113404706120491,0.1767137348651886,0.1218124479055404,0.1300154775381088,0.1719021201133728,,,9.0,0.0887675285339355,1.043466091156006,294.56793212890625,3.2095634937286377,266.66119384765625,251.73587036132807,3.3120696544647217,3.638984680175781,300.0,0.1364487260580063,0.198083331808448
20190605.0,0.1347775757312774,0.1900389343500137,,,,,,,,,,,,,,,,,
20190606.0,0.1559361517429351,0.2127307653427124,0.2665340602397918,0.3465608656406402,0.4016281068325043,,,9.0,0.0887675285339355,1.043466091156006,289.71929931640625,3.1995067596435547,249.48931884765625,232.84103393554688,3.4964241981506348,2.8995108604431152,300.0,0.2250010073184967,0.263125003625949
20190607.0,0.1505325734615326,0.2014758735895156,0.2119791656732559,0.2226721048355102,0.2711037695407867,0.165105327963829,0.4901577830314636,9.0,0.0887675285339355,1.043466091156006,290.35595703125,3.1944899559021,257.0936279296875,239.75323486328125,2.6817994117736816,4.187110900878906,300.0,0.2173344641923904,0.271416671574116
20190608.0,0.1680306792259216,,,,,0.101582184433937,0.1501815915107727,,,,,,,,,,,,
20190609.0,0.1713268011808395,0.2070012837648391,0.2079052925109863,0.2231412082910537,0.2714519798755646,,,9.0,0.0887675285339355,1.043466091156006,289.94403076171875,3.184347629547119,256.1200561523437,239.13026428222656,0.2400007247924804,3.19769287109375,300.0,0.1835903823375702,0.260958340018988
20190610.0,0.1586789488792419,0.1894145756959915,0.1932843327522277,,,0.1339734345674514,0.201818898320198,,,,,,,,,,,,
20190611.0,0.1696836501359939,0.2222947180271148,,,,,0.1504867672920227,,,,,,,,,,,,
20190612.0,0.2114803940057754,0.2017813324928283,0.199747622013092,0.1673520058393478,0.211056038737297,,0.3816339671611786,9.0,0.0887675285339355,1.043466091156006,288.87939453125,3.174654960632324,262.4291381835937,245.90542602539065,15.068251609802246,2.328441858291626,300.0,0.1375536620616912,0.233374996110797
20190613.0,0.2169273048639297,0.2215411961078643,,,,0.1384366899728775,0.1814020276069641,,,,,,,,,,,,
20190614.0,0.1884246170520782,,0.2286485433578491,0.236008882522583,0.287559300661087,,,9.0,0.0887675285339355,1.043466091156006,292.2527160644531,3.1695756912231445,255.9649353027344,238.43704223632807,0.1638707816600799,3.5309433937072754,300.0,0.1744748055934906,0.222458334018787
20190615.0,0.2294874638319015,0.2151981741189956,0.2508666813373565,0.2854646444320678,0.3507648110389709,0.177811399102211,0.3080538213253021,9.0,0.0887675285339355,1.043466091156006,290.2753601074219,3.1670820713043213,253.0080718994141,234.0371856689453,9.375258445739746,2.6032865047454834,300.0,0.1379581689834594,0.255291666214665
20190616.0,0.2107259184122085,0.2170731574296951,,,,,0.1968138664960861,,,,,,,,,,,,
20190617.0,0.1897231936454773,0.194470927119255,0.198722094297409,0.1937173157930374,0.2410572469234466,,0.2311166673898697,9.0,0.0887675285339355,1.043466091156006,292.8526916503906,3.1621079444885254,260.52996826171875,242.2324676513672,0.0080713592469692,4.090763092041016,300.0,0.1641364395618438,0.259541670481364
20190618.0,0.1676413416862487,0.1891164779663086,0.2085445523262024,,,0.1347297877073288,0.2059389054775238,,,,,,,,,,,,
20190619.0,0.1704303324222564,0.1951320469379425,0.1776651293039322,0.1722132116556167,0.2169272452592849,,,9.0,0.0887675285339355,1.043466091156006,294.96246337890625,3.1571507453918457,264.61578369140625,248.62310791015625,4.876594543457031,3.714489936828613,300.0,0.143945887684822,0.235541665926576
20190723.0,0.1519405543804168,0.1741471141576767,,,,,0.093173012137413,,,,,,,,,,,,
20190724.0,0.1241983249783515,0.1601614505052566,0.1386677473783493,0.1213360652327537,0.1732779741287231,0.0935965999960899,0.1728568375110626,9.0,0.0887675285339355,1.043466091156006,300.8062744140625,3.225621700286865,271.0091247558594,258.807373046875,0.0004413947463035,5.033993721008301,300.0,0.0913133174180984,0.107291667101284
20190725.0,0.1016021519899368,0.1520022749900818,,0.1012256518006324,0.1629039943218231,,,9.0,0.0887675285339355,1.043466091156006,302.34100341796875,3.2186875343322754,273.08270263671875,263.6282043457031,0.0466422066092491,4.499826908111572,300.0,0.0768726095557212,0.0997083351636926
20190726.0,0.0839148759841919,0.1485067307949066,,,,0.0529776364564895,0.1055330038070678,,,,,,,,,,,,
20190727.0,0.0747670829296112,0.1399727463722229,0.0820424854755401,0.0903970152139663,0.1389049440622329,,0.0660420581698417,9.0,0.0887675285339355,1.043466091156006,300.7340393066406,3.203924655914306,275.8797607421875,263.8201599121094,0.6855759024620056,3.426381349563598,300.0,0.0828021317720413,0.0903333363433679
20190728.0,0.0742413625121116,0.1371295303106308,0.0746144875884056,,,,,,,,,,,,,,,,
20190729.0,0.0741144195199012,0.1469340175390243,0.0738343596458435,0.1070158183574676,0.160086989402771,0.0501084402203559,0.0775170177221298,9.0,0.0887675285339355,1.043466091156006,296.5135192871094,3.2055068016052246,272.294189453125,260.8092041015625,0.0012755393981933,1.9659825563430784,300.0,0.0942098274827003,0.0893043499925862
20190730.0,0.0693244114518165,0.1383277028799057,0.0541647039353847,0.0707845985889434,0.1190243288874626,,,9.0,0.0887675285339355,1.043466091156006,298.3946838378906,3.2156295776367188,275.4400634765625,264.3678283691406,0.0015395606169477,2.629439353942871,300.0,0.0865390673279762,0.0890416683008273
20190731.0,0.1001642271876335,0.1554680168628692,,,,0.0131999673321843,0.0690328702330589,,,,,,,,,,,,
20190801.0,0.1711367070674896,0.1896445453166961,0.1840395778417587,0.218818724155426,0.2688264846801758,0.1584346145391464,0.206366166472435,9.0,0.0887675285339355,1.043466091156006,292.4410400390625,3.23205041885376,261.36016845703125,248.2772521972656,4.511478900909424,2.822623014450073,300.0,0.1790027618408203,0.114708333586653
20190802.0,0.197464644908905,0.1934876590967178,0.1906386166810989,0.2193121612071991,0.2692482471466064,,,9.0,0.0887675285339355,1.043466091156006,291.6361999511719,3.2405786514282227,261.072021484375,247.1058959960937,5.299999713897705,2.084592580795288,300.0,0.1559357047080993,0.119083332208296
20190803.0,0.1959462612867355,0.2130430042743683,,,,0.1790548115968704,0.2840357720851898,,,,,,,,,,,,
20190804.0,0.1704421788454055,0.1874099671840667,0.1708242297172546,0.2133857309818267,0.2656432092189789,,,9.0,0.0887675285339355,1.043466091156006,292.76202392578125,3.257772922515869,260.65435791015625,243.05226135253903,0.2066220343112945,2.1554596424102783,300.0,0.1371377110481262,0.116750000044703
20190805.0,0.1613983064889907,0.1699465960264206,0.1630311161279678,,,,0.2466505914926529,,,,,,,,,,,,
20190806.0,0.1463154107332229,0.1694315373897552,0.1320747286081314,0.1337788850069046,0.1767743229866027,0.1005540862679481,0.1378521025180816,9.0,0.0887675285339355,1.043466091156006,293.486083984375,3.275151491165161,269.53045654296875,253.97921752929688,1.9936012029647827,2.42945408821106,300.0,0.1101953387260437,0.10404166765511
20190807.0,0.1569908559322357,0.1548865735530853,,0.1175385937094688,0.158694252371788,,,9.0,0.0887675285339355,1.043466091156006,292.769287109375,3.283909797668457,270.83563232421875,255.63888549804688,1.4702980518341064,3.121278524398804,300.0,0.1106694713234901,0.0992916682735085
20190808.0,0.1445750296115875,0.1615287363529205,,,,0.1007224693894386,0.1706900298595428,,,,,,,,,,,,
20190809.0,0.1915366649627685,0.1594444215297699,0.1037541404366493,0.1088902577757835,0.1582985073328018,,0.053559985011816,9.0,0.0887675285339355,1.043466091156006,290.978759765625,3.301564216613769,269.8973693847656,257.5343933105469,11.72512912750244,1.763022541999817,300.0,0.1189181059598922,0.105652174547963
20190810.0,0.2063505053520202,0.2115088254213333,0.2095336019992828,0.2400584816932678,0.293262630701065,,0.299661248922348,9.0,0.0887675285339355,1.043466091156006,293.4437866210937,3.3105239868164062,259.730224609375,243.63006591796875,0.3017154037952423,3.553307056427002,300.0,0.2121705710887909,0.125541668695708
20190811.0,0.1701038181781768,0.1835712492465973,,,,0.1480594128370285,0.201849415898323,,,,,,,,,,,,
20190812.0,0.1565814018249511,0.1600399762392044,0.1439572870731353,0.1462385505437851,0.1897592097520828,,,9.0,0.0887675285339355,1.043466091156006,291.10284423828125,3.3293561935424805,266.8516845703125,250.48171997070312,2.919837236404419,2.679342031478882,300.0,0.1353616416454315,0.112749999389052
20190813.0,0.1741091609001159,0.2254650145769119,0.2358561009168625,,,0.2216958701610565,0.3246864080429077,,,,,,,,,,,,
20190814.0,0.1709994226694107,0.209832414984703,0.2317590862512588,0.2749715149402618,0.3390107154846191,,0.3055208027362823,9.0,0.0887675285339355,1.043466091156006,289.9163513183594,3.3355631828308105,253.92388916015625,236.2968292236328,5.832192420959473,2.770113468170166,300.0,0.2390918731689453,0.150857144168445
20190816.0,0.2179237753152847,0.2234659641981125,,,,0.188798502087593,0.299386590719223,,,,,,,,,,,,
20190817.0,0.2280195951461792,0.2175342142581939,0.2151079475879669,0.2417627424001693,0.2947080135345459,,,9.0,0.0887675285339355,1.043466091156006,290.79461669921875,3.3261289596557617,258.355224609375,242.9368438720703,5.48168420791626,2.2698845863342285,300.0,0.2039130181074142,0.24345833187302
20190818.0,0.2444464117288589,0.2289557009935379,0.2389761209487915,0.2944495677947998,0.3488199114799499,0.1657203882932663,0.3794671595096588,9.0,0.0887675285339355,1.043466091156006,289.7810363769531,3.3233163356781006,254.6454162597656,239.52374267578125,4.929917812347412,1.6879432201385498,300.0,0.2706310749053955,0.270333337287108
20190819.0,0.2204081714153289,0.210046961903572,,,,,0.0,,,,,,,,,,,,
20190820.0,0.2037708014249801,0.1959984004497528,0.2195770889520645,0.2592602074146271,0.3112087249755859,,,9.0,0.0887675285339355,1.043466091156006,289.4718933105469,3.317704200744629,256.01043701171875,241.2973022460937,1.2159929275512695,2.8296916484832764,300.0,0.2650539875030517,0.239291666075587
20190821.0,0.1910357624292373,0.1892516911029815,0.2045558393001556,,,0.1083710193634033,0.1764885336160659,,,,,,,,,,,,
20190822.0,0.173423945903778,0.1822835355997085,0.1997388899326324,0.2100125551223755,0.2603530883789062,,,9.0,0.0887675285339355,1.043466091156006,290.85406494140625,3.31210994720459,259.7633972167969,245.5084228515625,0.0,3.217025756835937,300.0,0.2294771373271942,0.218083332603176
20190823.0,0.1563962996006012,0.1694393008947372,0.1693843752145767,0.1791222542524337,0.2281901389360427,,0.2461622953414917,9.0,0.0887675285339355,1.043466091156006,291.8889465332031,3.309319972991944,262.39166259765625,247.72122192382807,0.0012993812561035,3.035383462905884,300.0,0.1852233707904815,0.209291664883494
20190824.0,0.1395869553089141,0.1697480380535125,,,,0.0973619073629379,0.1634876579046249,,,,,,,,,,,,
20190825.0,0.1233326569199562,0.1577205806970596,0.1368680596351623,0.1433934420347213,0.1926226764917373,,,9.0,0.0887675285339355,1.043466091156006,295.8222351074219,3.3037526607513428,267.4749755859375,254.0282592773437,0.0017174984095618,3.3554537296295166,300.0,0.1449638307094574,0.189125001430511
20190826.0,0.109558381140232,0.1527799814939499,,0.1167762279510498,0.1665400117635727,0.0780866965651512,0.1272621899843216,9.0,0.0887675285339355,1.043466091156006,297.5983581542969,3.3009424209594727,271.03729248046875,258.4725341796875,0.0023833543527871,3.3288893699646,300.0,0.1232850924134254,0.174958333993951
20190827.0,0.0972652807831764,0.1623468846082687,,,,,0.0656453147530555,,,,,,,,,,,,
20190828.0,0.0995490401983261,0.1537489891052246,0.1032567545771598,0.1116729155182838,0.1714302003383636,,0.1086153760552406,9.0,0.0887675285339355,1.043466091156006,296.7882995605469,3.294933795928955,272.21856689453125,262.3228759765625,8.781942367553711,2.4193601608276367,300.0,0.1216887682676315,0.146125003074606
20190829.0,0.2162905782461166,0.1571213901042938,0.1564726382493972,,,0.1158698126673698,0.1815546154975891,,,,,,,,,,,,
20190830.0,0.182758629322052,0.1636728048324585,0.1356927752494812,0.1950259208679199,0.2451935112476349,,,9.0,0.0887675285339355,1.043466091156006,291.71807861328125,3.2955551147460938,263.266845703125,250.30294799804688,0.0025703960563987,2.822968006134033,300.0,0.1685545742511749,0.165583331758777
20190831.0,0.1603448390960693,0.1574235558509826,0.1051677539944648,0.1307487040758133,0.1749815046787262,0.0532228499650955,0.0647907927632331,9.0,0.0887675285339355,1.043466091156006,293.82275390625,3.299649715423584,268.1581115722656,253.4629669189453,0.6284412741661072,3.0751302242279053,300.0,0.128116175532341,0.153375002245108
20190901.0,0.1495817899703979,0.2155181467533111,,,,,0.0553910955786705,,,,,,,,,,,,
20190902.0,0.1402860134840011,0.169042631983757,0.1419532597064972,0.1827721744775772,0.2317097336053848,,0.0867336019873619,9.0,0.0887675285339355,1.043466091156006,288.7210693359375,3.306251049041748,262.4657897949219,248.62521362304688,0.2864501476287842,1.9545295238494875,300.0,0.1547179222106933,0.14166667064031
20190903.0,0.135384202003479,0.1621749997138977,,0.1266298741102218,0.172091394662857,,0.2099978625774383,9.0,0.0887675285339355,1.043466091156006,289.9816589355469,3.3096628189086914,267.17791748046875,253.2462158203125,0.7978729605674744,1.4655159711837769,300.0,0.1213199347257614,0.135583335533738
20190904.0,0.1480399966239929,0.1712207049131393,,,,,,,,,,,,,,,,,
20190905.0,0.1731019169092178,0.2239515483379364,0.188744455575943,0.2371839135885238,0.2836800813674927,0.1327430754899978,0.2840968072414398,9.0,0.0887675285339355,1.043466091156006,287.1412353515625,3.3165063858032227,257.3467712402344,245.43426513671875,0.8744370937347412,2.067664623260498,300.0,0.2503884434700012,0.130249995738268
20190906.0,0.1630010604858398,,,,,,0.1923276484012603,,,,,,,,,,,,
20190909.0,0.1679632365703582,,,,,,,,,,,,,,,,,,
20190910.0,0.1556307971477508,,0.16024249792099,0.20431949198246,0.2547087967395782,0.1343231052160263,0.2422864437103271,9.0,0.0887675285339355,1.043466091156006,286.6280212402344,3.333733081817627,257.7924194335937,245.56056213378903,0.169329434633255,1.4988093376159668,300.0,0.2440448105335235,0.203958331917723
20190911.0,0.1572159975767135,,0.1510824114084243,0.1570019125938415,0.2064902782440185,,0.0413830988109111,9.0,0.0887675285339355,1.043466091156006,286.9906311035156,3.337212085723877,262.0989990234375,248.8225250244141,3.661013126373291,1.0711630582809448,300.0,0.1740167438983917,0.200416668007771
20190912.0,0.1758685261011123,0.2176840752363205,,,,,,,,,,,,,,,,,
20190913.0,0.1662670671939849,0.1963425278663635,0.2027471512556076,0.1888156831264495,0.2375211864709854,0.1510798186063766,0.2226935625076294,9.0,0.0887675285339355,1.043466091156006,291.20849609375,3.3443493843078613,261.7919311523437,246.79049682617188,0.7752740979194641,1.9842472076416016,300.0,0.1880895644426345,0.22166666885217
20190914.0,0.153264969587326,0.1711737960577011,0.1889122128486633,,,,0.0483108013868331,,,,,,,,,,,,
20190915.0,0.1414389312267303,0.1715503185987472,0.1549485027790069,0.1807125806808471,0.233084425330162,,0.2627643644809723,9.0,0.0887675285339355,1.043466091156006,288.5600891113281,3.348879098892212,260.44464111328125,248.3419342041016,0.0738879442214965,1.409066081047058,300.0,0.2153508216142654,0.21054166307052
20190916.0,0.196572795510292,0.2107503861188888,0.219750314950943,0.2605730295181274,0.308169275522232,0.0471666865050792,0.4950407445430755,9.0,0.0887675285339355,1.043466091156006,287.501953125,3.3496432304382324,255.6407470703125,242.60693359375,6.673069477081299,0.8553938865661621,300.0,0.2623281180858612,0.224833333243926
20190917.0,0.1917022168636322,0.2039394974708557,,,,,,,,,,,,,,,,,
20190918.0,0.1759203672409057,,0.19123575091362,0.2183186709880828,0.2690246403217315,0.1425197273492813,0.2011780142784118,9.0,0.0887675285339355,1.043466091156006,284.94610595703125,3.3518128395080566,256.2258605957031,240.0418701171875,0.1880942583084106,1.2511259317398071,300.0,0.2511199414730072,0.234249997884035
20190919.0,0.1637023389339447,0.1851605921983719,0.2052374184131622,0.2142083644866943,0.263737291097641,,0.1777092814445495,9.0,0.0887675285339355,1.043466091156006,285.24658203125,3.352858543395996,256.2922058105469,241.1109619140625,9.22758408705704e-05,1.3889034986495972,300.0,0.2595756947994232,0.228625000144045
20190920.0,0.1523722261190414,0.1849645376205444,,,,,0.0527665019035339,,,,,,,,,,,,
20190921.0,0.1410071402788162,,,0.1905641704797744,0.238516017794609,0.1047762781381607,0.1848811358213424,9.0,0.0887675285339355,1.043466091156006,287.7763977050781,3.3549516201019287,258.3779296875,243.067626953125,0.0,1.895594596862793,300.0,0.2269515544176101,0.214833332846562
20190922.0,0.1292599439620971,0.1749462634325027,0.1909340023994445,,,,,,,,,,,,,,,,
20190923.0,0.2208860963582992,0.1803797334432602,0.2084975242614746,0.2292702347040176,0.2780399918556213,0.1353388279676437,0.251869261264801,9.0,0.0887675285339355,1.043466091156006,289.1529541015625,3.3570473194122314,258.4210205078125,243.38580322265625,8.799395561218262,1.2766841650009155,300.0,0.2200309783220291,0.205749999731779
20190924.0,0.2177494317293167,0.1808239817619323,,0.1913839727640152,0.2400951385498047,,0.1450849920511245,9.0,0.0887675285339355,1.043466091156006,288.33740234375,3.35809588432312,260.36407470703125,246.9009246826172,7.74017333984375,1.7288169860839844,300.0,0.1986317187547683,0.20512499846518
20190925.0,0.235925942659378,0.2077251970767974,,,,,,,,,,,,,,,,,
20190926.0,0.2591391205787658,0.2087368071079254,0.2187672406435012,0.2244094610214233,0.2716338634490967,0.1205298081040382,0.2652058601379394,9.0,0.0887675285339355,1.043466091156006,288.4646911621094,3.3601951599121094,257.7462158203125,245.16290283203125,15.363783836364746,1.2603453397750854,300.0,0.2273281514644622,0.246666666120291
20190927.0,0.2588855326175689,0.2165587097406387,,0.3055586814880371,0.3461518585681915,,,9.0,0.0887675285339355,1.043466091156006,288.48492431640625,3.361290216445923,252.05116271972656,239.1195831298828,5.188000202178955,2.0800747871398926,300.0,0.3492884635925293,0.311304350262103
20190928.0,0.2680900692939758,0.2061236947774887,,,,0.1317668706178665,0.3027130961418152,,,,,,,,,,,,
20190929.0,0.3104744553565979,,0.2721921503543854,0.3057563304901123,0.3549887239933014,0.1970080286264419,0.2811365127563476,9.0,0.0887675285339355,1.043466091156006,286.97430419921875,3.364014148712158,251.16424560546875,235.9088592529297,25.7507381439209,2.0997884273529053,300.0,0.319896250963211,0.328416665395101
20190930.0,0.3029599785804748,0.2360080480575561,0.2828644216060638,,,,,,,,,,,,,,,,
20191001.0,0.319990336894989,0.2290051877498626,0.2991930544376373,0.3188841640949249,0.3764749467372894,,0.0406201370060443,9.0,0.0887675285339355,1.043466091156006,287.6293029785156,3.3579702377319336,249.5059051513672,232.83364868164065,18.60577774047852,1.856020450592041,300.0,0.324967473745346,0.356958330919345
20191002.0,0.3007470071315765,,0.2876290380954742,0.39975705742836,0.4494132101535797,,,9.0,0.0887675285339355,1.043466091156006,283.8999938964844,3.349976062774658,244.137451171875,229.27491760253903,2.8904359340667725,1.983736515045166,300.0,0.3852856755256653,0.372499999900659
20191003.0,0.2753461599349975,0.2225732952356338,,,,,0.0494705028831958,,,,,,,,,,,,
20191004.0,0.2912429869174957,0.2275753170251846,0.271787941455841,0.3019950091838836,0.3580653667449951,,0.0051271095871925,9.0,0.0887675285339355,1.043466091156006,282.7802429199219,3.336190223693848,248.67564392089844,231.89663696289065,8.316267967224121,1.0012328624725342,300.0,0.3198938965797424,0.328583333641291
20191005.0,0.2698212265968323,0.228448137640953,0.3022511005401611,0.2861218750476837,0.3498371839523315,,,9.0,0.0887675285339355,1.043466091156006,283.0544738769531,3.3292059898376465,247.76541137695312,229.266342163086,0.002968086162582,1.4593662023544312,300.0,0.3281042277812958,0.322208336244027
20191006.0,0.2630346715450287,,,,,,0.0992767140269279,,,,,,,,,,,,
20191007.0,0.2606090903282165,0.2207895517349243,0.269879549741745,0.3118180632591247,0.36778125166893,,,9.0,0.0887675285339355,1.043466091156006,282.569091796875,3.3153207302093506,245.5157928466797,228.9130249023437,0.1161905005574226,1.2246143817901611,300.0,0.3437004685401916,0.300583334018787
20191008.0,0.2737414538860321,0.2433488219976425,,,,,0.0070192571729421,,,,,,,,,,,,
20191009.0,0.2779855132102966,0.2195415049791336,,0.3040222823619842,0.353844940662384,0.2134096175432205,0.2657856941223144,9.0,0.0887675285339355,1.043466091156006,283.8955078125,3.3015453815460205,248.34803771972656,232.4706573486328,5.01576042175293,1.2693819999694824,300.0,0.342322289943695,0.319500001768271
20191010.0,0.2679401040077209,,,,,,,,,,,,,,,,,,
20191011.0,0.2721484303474426,0.2260100990533828,,,,0.2266331911087036,0.312723159790039,,,,,,,,,,,,
20191012.0,0.2824631631374359,0.250415027141571,0.305296927690506,0.3390986919403076,0.3876732289791107,0.2772451937198639,0.3161717653274536,9.0,0.0887675285339355,1.043466091156006,286.3432312011719,3.281088829040528,246.92071533203125,231.27296447753903,7.756538867950439,0.7323336601257324,300.0,0.3409415781497955,0.336166667441527
20191013.0,0.2841915488243103,0.2271191030740738,0.3109885454177856,0.2973360121250152,0.3568001389503479,,,9.0,0.0887675285339355,1.043466091156006,289.3680419921875,3.2742958068847656,248.45199584960932,230.4686279296875,3.477004051208496,1.6157914400100708,300.0,0.3138527274131775,0.338333333532016
20191014.0,0.2716391980648041,0.2238087505102157,,,,,0.0318613238632679,,,,,,,,,,,,
20191015.0,0.2724106013774872,0.2252441048622131,,0.3462636768817901,0.3903988003730774,,,9.0,0.0887675285339355,1.043466091156006,288.0530090332031,3.260448932647705,247.8294677734375,232.57147216796875,7.305270195007324,1.0680683851242063,300.0,0.3424475789070129,0.331875001390775
20191016.0,0.2824329435825348,0.2244691401720047,,0.3384618759155273,0.3863113224506378,0.1227470114827156,0.3164159059524536,9.0,0.0887675285339355,1.043466091156006,285.9618530273437,3.254769802093506,247.5347442626953,231.7571258544922,7.194305896759033,1.334998369216919,300.0,0.3430735170841217,0.340791669984659
20191017.0,0.294739305973053,0.2402209490537643,,0.3146861493587494,0.3744348883628845,,3.051850944757461e-05,9.0,0.0887675285339355,1.043466091156006,286.768310546875,3.252358913421631,248.1922607421875,230.40203857421875,2.6890759468078613,0.9811256527900696,300.0,0.3227665722370147,0.360916665444771
20191018.0,0.2933835685253143,0.2276402413845062,,0.321832001209259,0.3766590356826782,,,9.0,0.0887675285339355,1.043466091156006,285.2466735839844,3.251548767089844,247.92654418945312,230.95947265625,7.017519950866699,1.6432124376296997,300.0,0.3244884312152862,0.355583332479
20191019.0,0.2845812439918518,0.2278761118650436,,,,0.2496535032987594,0.360148936510086,,,,,,,,,,,,
20191020.0,0.2841690182685852,0.2155986577272415,,0.3458846807479858,0.3994994163513183,,0.1501205414533615,9.0,0.0887675285339355,1.043466091156006,283.57373046875,3.24856185913086,244.98643493652344,228.60757446289065,4.982359409332275,0.5113309025764465,300.0,0.3315346837043762,0.34437499816219
20191021.0,0.2933463752269745,0.234145700931549,,0.3198886811733246,0.3795748353004455,,0.3569750189781189,9.0,0.0887675285339355,1.043466091156006,285.85113525390625,3.247155904769897,246.31724548339844,228.7159576416016,4.123025894165039,1.0980491638183594,300.0,0.3384741842746734,0.339958333720764
20191022.0,0.2711272239685058,0.222836285829544,,,,0.2100663930177688,0.3032319247722626,,,,,,,,,,,,
20191023.0,0.2600143849849701,0.2199647277593612,0.3119357526302337,0.3316194713115692,0.3824348747730255,,,9.0,0.0887675285339355,1.043466091156006,285.433349609375,3.24434781074524,245.9649353027344,229.7942047119141,0.1713971048593521,0.6798989772796631,300.0,0.3416401445865631,0.323125003526608
20191024.0,0.2524029016494751,0.2110425233840942,,0.2960460782051086,0.3527954220771789,0.2058630138635635,0.2877590358257293,9.0,0.0887675285339355,1.043466091156006,286.8487548828125,3.2429451942443848,248.6060485839844,230.8920135498047,0.0613395608961582,0.850606381893158,300.0,0.3189832866191864,0.317083338896434
20191025.0,0.2456454783678054,0.2128615528345108,,0.3483650982379913,0.3907513618469238,,0.1985534280538559,9.0,0.0887675285339355,1.043466091156006,286.5357360839844,3.241544246673584,246.77230834960932,231.80963134765625,0.2156371474266052,1.086422562599182,300.0,0.3487511873245239,0.309416667868694
20191026.0,0.2399847358465194,0.2139023840427398,,0.2998258769512176,0.3816763162612915,,0.1093478202819824,9.0,0.0887675285339355,1.043466091156006,288.7207336425781,3.2401444911956787,247.2723999023437,226.12338256835932,2.710416793823242,1.8015799522399905,300.0,0.2627587914466858,0.30191666757067
20191027.0,0.2629134953022003,0.2166752815246582,,,,0.2108453512191772,0.2653584480285644,,,,,,,,,,,,
20191028.0,0.2476082742214203,0.2084161043167114,,0.3317114114761352,0.4044682085514068,,,9.0,0.0887675285339355,1.043466091156006,280.9179992675781,3.237348794937134,243.76055908203125,224.81515502929688,0.2379927188158035,0.7497485876083374,300.0,0.2996780276298523,0.300083330521981
20191029.0,0.2407935559749603,0.2084513902664184,0.2947882711887359,0.3772841691970825,0.4500030875205993,0.2012485116720199,0.2865993082523346,9.0,0.0887675285339355,1.043466091156006,279.1637268066406,3.235964298248291,240.18798828125,222.35086059570312,0.0041898842900991,0.686636745929718,300.0,0.3402011394500732,0.297916666915019
20191030.0,0.2352067083120346,,,,,,0.0643330216407775,,,,,,,,,,,,
20191031.0,0.2310265898704528,0.2009738534688949,0.2831854522228241,0.344245433807373,0.4578411877155304,,,9.0,0.0887675285339355,1.043466091156006,276.2906799316406,3.233339309692383,237.0084686279297,215.1136779785156,0.0,0.6728839874267578,300.0,0.3292946219444275,0.292749997228384
20191101.0,0.2377003133296966,0.2074845731258392,0.2898393869400024,0.3129835426807403,0.3804201483726501,0.213024690747261,0.249488815665245,9.0,0.0887675285339355,1.043466091156006,278.5261535644531,3.2315380573272705,241.03179931640625,222.2774353027344,3.703706026077272,0.2250193804502487,300.0,0.3117369413375854,0.294958330690861
20191102.0,0.2778954803943634,0.2317934483289718,0.3560263514518738,0.3958657681941986,0.4921410679817199,,,9.0,0.0887675285339355,1.043466091156006,285.2187194824219,3.22841215133667,236.6602478027344,217.5147705078125,5.100061893463135,1.175918459892273,300.0,0.4071780741214752,0.346874999503295
20191103.0,0.28241828083992,0.2228811383247375,0.3464321792125702,0.3890719413757324,0.4811696708202362,0.2923524677753448,0.4966582357883453,9.0,0.0887675285339355,1.043466091156006,283.5980224609375,3.2246413230896,238.5080108642578,219.3115081787109,10.425414085388184,0.7448163628578186,300.0,0.3715251088142395,0.352458332975705
20191104.0,0.2828128635883331,0.2265447974205017,,,,0.2407141178846359,0.2563249468803406,,,,,,,,,,,,
20191105.0,0.2915228307247162,0.2245522141456604,0.3440456092357635,0.4160842597484588,0.5146414041519165,,,9.0,0.0887675285339355,1.043466091156006,280.8510437011719,3.217682123184204,236.60836791992188,217.65313720703125,6.709705352783203,0.3107641637325287,300.0,0.360233724117279,0.355217395917229
20191106.0,0.2852462530136108,0.2239152193069458,0.3447502255439758,0.3980076611042022,0.4810785949230194,0.2926738858222961,0.3714102506637573,9.0,0.0887675285339355,1.043466091156006,280.23095703125,3.214179754257202,237.92593383789065,219.54623413085932,1.0738515853881836,0.6666841506958008,300.0,0.3727267980575561,0.358391305674677
20191107.0,0.2874752283096313,0.2306687533855438,,,,,0.1451155096292495,,,,,,,,,,,,
20191108.0,0.2784540355205536,0.2217982411384582,0.3315474390983581,0.3617646098136902,0.4703061878681183,,0.3239845037460327,9.0,0.0887675285339355,1.043466091156006,277.42742919921875,3.2071986198425293,236.66232299804688,215.5968170166016,0.0008523463038727,0.4717125594615936,300.0,0.3325537741184234,0.34895833209157
20191109.0,0.2654561698436737,0.2172216027975082,,0.3450779914855957,0.4359765946865082,0.232771024107933,0.334788054227829,9.0,0.0887675285339355,1.043466091156006,277.23077392578125,3.203720092773437,237.7607421875,217.49850463867188,0.1442451030015945,0.4336360394954681,300.0,0.3205702602863312,0.341333332161109
20191110.0,0.2584194839000702,0.2180671095848083,,0.4009321928024292,0.5156688690185547,,,9.0,0.0887675285339355,1.043466091156006,275.15203857421875,3.200249671936035,233.1908416748047,213.12225341796875,0.0008523463620804,0.1899355947971344,300.0,0.3585241734981537,0.333458332965771
20191111.0,0.2572175860404968,0.2120707184076309,0.3254162669181824,0.3892005383968353,0.4742809236049652,0.1965315341949463,0.3381145596504211,9.0,0.0887675285339355,1.043466091156006,277.14373779296875,3.196786880493164,234.6519775390625,216.14779663085932,1.7693233489990234,0.6414296627044678,300.0,0.3917531371116638,0.328666667143504
20191112.0,0.2593436539173126,0.2283769994974136,,,,,0.2912076115608215,,,,,,,,,,,,
20191113.0,0.2571848928928375,0.2255426347255706,0.3558779060840606,0.399190604686737,0.4907933175563812,,0.4367808997631073,9.0,0.0887675285339355,1.043466091156006,278.0033569335937,3.1898856163024902,234.17877197265625,215.46246337890625,1.1198362112045288,0.5834747552871704,300.0,0.3941446244716644,0.338904765390214
20191114.0,0.251853197813034,0.227001279592514,,0.4096539318561554,0.5007300972938538,0.2461491972208023,0.2981047928333282,9.0,0.0887675285339355,1.043466091156006,277.01861572265625,3.186391830444336,233.84423828125,215.39669799804688,0.029980020597577,0.3018877208232879,300.0,0.3733898997306824,0.335666667670012
20191115.0,0.2472500801086425,0.2243824899196624,,,,,,,,,,,,,,,,,
20191116.0,0.2449173033237457,0.2114332765340805,,0.3687455952167511,0.4716790914535522,0.2023192048072815,0.2600787281990051,9.0,0.0887675285339355,1.043466091156006,276.52685546875,3.1787710189819336,234.5126953125,214.2200927734375,0.2143779993057251,0.2504837214946747,300.0,0.3493269085884094,0.323750000447035
20191117.0,0.2449975162744522,0.2163739651441574,,0.3804410099983215,0.5163114070892334,,0.3422956168651581,9.0,0.0887675285339355,1.043466091156006,277.2643737792969,3.1772730350494385,231.72946166992188,209.8773956298828,5.365670680999756,0.3659464716911316,300.0,0.3720805048942566,0.320125007381042
20191118.0,0.3055563569068908,0.2391265332698822,,0.4272030293941498,0.5438873767852783,,,9.0,0.0887675285339355,1.043466091156006,278.5646057128906,3.182016372680664,230.4527282714844,210.54867553710932,12.542688369750977,0.7595799565315247,300.0,0.3833245635032654,0.363142855110623
20191119.0,0.2962974309921264,0.2429068982601165,,0.4847347140312195,0.5438873767852783,0.3150438368320465,0.4497207701206207,9.0,0.0887675285339355,1.043466091156006,277.654052734375,3.189863681793213,229.5821075439453,211.85145568847656,1.901606559753418,0.4600955843925476,300.0,0.436948299407959,0.378041666001081
20191120.0,0.2757470607757568,0.2308365702629089,,,,,,,,,,,,,,,,,
20191121.0,0.266192764043808,0.2301414906978607,0.3546418249607086,0.4519385993480682,0.537932813167572,0.0015190569683909,0.1138645559549331,9.0,0.0887675285339355,1.043466091156006,275.721923828125,3.2030069828033447,230.100830078125,212.99935913085932,0.0322485566139221,0.168023020029068,300.0,0.4013367295265198,0.355875000357628
20191122.0,0.2637172043323517,0.2246267199516296,0.3693045973777771,0.3892890810966491,0.4692748188972473,0.2598128318786621,0.2803735435009002,9.0,0.0887675285339355,1.043466091156006,277.2332458496094,3.209789752960205,233.94970703125,215.93508911132807,0.7977735996246338,0.2153672128915786,300.0,0.377388596534729,0.350249999513229
20191123.0,0.2588339149951935,,,,,,,,,,,,,,,,,,
20191124.0,0.2540490329265594,0.2239772379398346,,0.3688580989837646,0.4980931282043457,0.2444111257791519,0.3270973861217499,9.0,0.0887675285339355,1.043466091156006,277.80877685546875,3.2234458923339844,233.67495727539065,211.71961975097656,0.031649962067604,0.1391015648841858,300.0,0.3500151336193084,0.33925000205636
20191125.0,0.2511528432369232,0.2230082750320434,,0.3043241202831268,0.4247753620147705,,0.1600390672683715,9.0,0.0887675285339355,1.043466091156006,279.72906494140625,3.2303194999694824,238.1544189453125,213.68356323242188,0.084336906671524,0.0378182716667652,300.0,0.3017264902591705,0.333666668583949
20191126.0,0.2508617043495178,,,0.3690783679485321,0.4484613537788391,,0.4548478722572326,9.0,0.0887675285339355,1.043466091156006,281.135009765625,3.2372233867645264,236.88522338867188,218.232421875,1.1228681802749634,0.39588662981987,300.0,0.3761324286460876,0.330083331714074
20191127.0,0.2741435766220093,0.2293679267168045,0.3795674443244934,0.3840024173259735,0.4783418178558349,,0.0247199926525354,9.0,0.0887675285339355,1.043466091156006,282.0658874511719,3.244157314300537,236.18267822265625,216.6220703125,7.061481952667236,0.9530375003814696,300.0,0.3962242603302002,0.33845454454422
20191128.0,0.301373690366745,0.2469821870326995,,,,,,,,,,,,,,,,,
20191129.0,0.2806680500507355,0.2347921133041381,0.3932870626449585,0.4693080186843872,0.5438873767852783,0.0582355931401252,0.1113925576210022,9.0,0.0887675285339355,1.043466091156006,277.4625549316406,3.2581162452697754,229.8861694335937,210.8622589111328,0.181343138217926,0.6559083461761475,300.0,0.4305704534053802,0.38108333448569
20191130.0,0.2682417929172516,0.224812239408493,,0.4025517702102661,0.5438873767852783,,0.2770165205001831,9.0,0.0887675285339355,1.043466091156006,274.56219482421875,3.2652363777160645,226.89596557617188,201.75393676757807,0.0083498246967792,0.139286920428276,300.0,0.3952406346797943,0.365125000476837
20191201.0,0.2616474032402038,0.2166427075862884,,,,,0.1926328390836715,,,,,,,,,,,,
20191202.0,0.2584523558616638,,,0.3308361172676086,0.4789783358573913,0.2605265974998474,0.3587755858898163,9.0,0.0887675285339355,1.043466091156006,276.6900329589844,3.280727863311768,232.0439453125,206.56056213378903,0.470615416765213,0.1329884231090545,300.0,0.3518339693546295,0.351666664083799
20191203.0,0.2557268142700195,,0.377552181482315,,,,,,,,,,,,,,,,
20191204.0,0.2518492639064789,0.2258461713790893,0.3790303468704223,0.3999426364898681,0.5210681557655334,0.2722536623477936,0.3798333704471588,9.0,0.0887675285339355,1.043466091156006,275.33514404296875,3.277205467224121,230.3471069335937,209.12828063964844,0.0034940396435558,0.1454334706068039,300.0,0.3872490525245666,0.345416666318973
20191205.0,0.2489499151706695,,0.3657132983207702,0.3472881317138672,0.4568195343017578,,0.2616351842880249,9.0,0.0887675285339355,1.043466091156006,273.35577392578125,3.2646212577819824,232.5792388916016,210.15606689453125,0.1646083444356918,0.110497236251831,300.0,0.3478174805641174,0.342541667322318
20191206.0,0.2762871980667114,,,,,,,,,,,,,,,,,,
20191207.0,0.2865659296512604,,0.4052928388118744,0.4067296087741852,0.5076775550842285,0.2195238023996353,0.3425702750682831,9.0,0.0887675285339355,1.043466091156006,280.6974182128906,3.244263172149658,231.4819183349609,211.25851440429688,0.7992561459541321,0.5826782584190369,300.0,0.4307784140110016,0.389208332945903
20191208.0,0.2832320630550384,0.2406911998987198,0.3919289708137512,0.4099109470844269,0.5191894173622131,,,9.0,0.0887675285339355,1.043466091156006,280.48028564453125,3.2338991165161133,231.50201416015625,210.781494140625,4.673689365386963,1.253273606300354,300.0,0.4259586334228515,0.382208336144686
20191209.0,0.285752534866333,0.2371523231267929,,,,0.2545396685600281,0.5071871280670166,,,,,,,,,,,,
20191210.0,0.2730804085731506,0.2303140461444854,,0.3449597358703613,0.5183430910110474,0.3398514986038208,0.2355113327503204,9.0,0.0887675285339355,1.043466091156006,276.6009826660156,3.213374137878418,230.26528930664065,203.3663787841797,1.313748725806363e-05,0.4848421514034271,300.0,0.365965336561203,0.372250001877546
20191211.0,0.2756936848163605,,,,,,,,,,,,,,,,,,
20191212.0,0.2677427232265472,,,0.4026460647583008,0.4894683957099914,0.2872416377067566,0.4022339582443237,9.0,0.0887675285339355,1.043466091156006,276.9312438964844,3.193120002746582,231.4654083251953,211.66574096679688,0.8281869888305664,0.6625154614448547,300.0,0.4155325293540954,0.36599999666214
20191213.0,0.2823484539985657,,0.4058248102664947,0.4408095479011535,0.5220367908477783,,0.2905972599983215,9.0,0.0887675285339355,1.043466091156006,276.19952392578125,3.1830945014953613,229.09136962890625,210.388916015625,4.753784656524658,0.6583420634269714,300.0,0.4326052069664001,0.371249997367462
20191214.0,0.292909562587738,0.2358181029558181,,,,,0.634174644947052,,,,,,,,,,,,
20191215.0,0.2952384352684021,0.239373117685318,0.4107346832752228,0.4081014692783355,0.5438873767852783,0.3122868537902832,0.3638111650943756,9.0,0.0887675285339355,1.043466091156006,278.4437255859375,3.1632468700408936,228.00001525878903,205.3462677001953,4.433471202850342,1.3631131649017334,300.0,0.3967915177345276,0.410565215608348
20191216.0,0.2789726555347442,,0.4228455424308777,0.4596356153488159,0.5438873767852783,,,9.0,0.0887675285339355,1.043466091156006,278.4228515625,3.153320550918579,227.0184326171875,206.9589233398437,1.1815465688705444,0.1194123327732086,300.0,0.4134642481803894,0.391791667789221
20191217.0,0.2795488238334656,,,,,0.2537245750427246,0.4087649285793304,,,,,,,,,,,,
20191218.0,0.2796134352684021,0.2375252842903137,0.4209118187427521,0.4293633699417114,0.5438873767852783,,0.2558977007865906,9.0,0.0887675285339355,1.043466091156006,278.5978698730469,3.132446050643921,229.49197387695312,208.03250122070312,0.1699298322200775,0.2668372690677643,300.0,0.3880906105041504,0.376958332955837
20191219.0,0.2666011452674866,0.2321067452430725,,,,,0.0789208635687828,,,,,,,,,,,,
20191220.0,0.26284259557724,,,0.3997328281402588,0.5177664160728455,0.2970029413700104,0.473647266626358,9.0,0.0887675285339355,1.043466091156006,282.1980285644531,3.1319918632507324,231.8363037109375,209.78121948242188,1.1564854383468628,0.8309705257415771,300.0,0.3946672081947326,0.36837499961257
20191221.0,0.2599969208240509,0.2295193076133728,,0.4172213971614837,0.5329968929290771,,,9.0,0.0887675285339355,1.043466091156006,279.6413879394531,3.143373966217041,230.6685485839844,209.2663726806641,0.3305258750915527,0.3727715909481048,300.0,0.3957273960113525,0.366916665186485
20191222.0,0.2900194525718689,,,,,0.2818029522895813,0.3661915957927704,,,,,,,,,,,,
20191223.0,0.2859794795513153,0.2309528291225433,0.4071720242500305,0.4135582745075226,0.5173102617263794,,0.3335368037223816,9.0,0.0887675285339355,1.043466091156006,279.1260070800781,3.161391258239746,231.0379638671875,210.22537231445312,1.0766000747680664,0.4277394711971283,300.0,0.4075432419776916,0.374791670590639
20191224.0,0.2916854321956634,0.2416122555732727,,0.3660502731800079,0.4656058847904205,,,9.0,0.0887675285339355,1.043466091156006,279.04229736328125,3.1708016395568848,233.71926879882807,211.7704162597656,5.774784088134766,0.4097231030464172,300.0,0.3551543354988098,0.377684213613209
20191225.0,0.2870931029319763,,,,,0.0114990565925836,0.1524704694747924,,,,,,,,,,,,
20191226.0,0.2725895941257477,0.2361193299293518,0.4111307263374328,0.3923476636409759,0.5198795795440674,,,9.0,0.0887675285339355,1.043466091156006,276.0321655273437,3.189807176589966,230.44943237304688,207.77667236328125,0.1432813853025436,0.1355427503585815,300.0,0.3649597764015198,0.375875001152356
20191227.0,0.2657520174980163,,0.425148606300354,,,0.2800725102424621,0.4387035667896271,,,,,,,,,,,,
20191228.0,,0.2108146697282791,,0.3914758563041687,0.5438873767852783,0.2113493233919143,0.3806573748588562,,,,,,,,,,,,
20191229.0,,,,0.3392514884471893,0.4310664534568786,,,,,,,,,,,,,,
20191230.0,0.2524338960647583,,,,,0.1562872976064682,0.2830896973609924,,,,,,,,,,,,
20191231.0,0.2490235865116119,0.2183514237403869,0.4116911590099334,0.3933268785476684,0.4709460437297821,,,9.0,0.0887675285339355,1.043466091156006,276.30810546875,3.238884449005127,231.11410522460932,211.86886596679688,0.0278016552329063,0.0,300.0,0.3710307478904724,0.351833331088225
20200101.0,0.2466459721326828,,,0.3502910733222961,0.4353675246238708,,0.2856227159500122,9.0,0.0887675285339355,1.043466091156006,273.4035949707031,3.2476460933685303,233.4210205078125,212.51480102539065,0.0436562225222587,0.0845407396554946,300.0,0.3427995145320892,0.349833329518636
20200104.0,0.2587140500545501,,0.417434424161911,,,0.3024849891662597,0.3990905582904815,,,,,,,,,,,,
20200105.0,0.251438558101654,0.2309052050113678,,0.3289396166801452,0.419649988412857,,0.2786950170993805,9.0,0.0887675285339355,1.043466091156006,278.19488525390625,3.264073848724365,236.0654296875,214.0210876464844,0.0937437117099762,0.2497068792581558,300.0,0.3428132534027099,0.351999998092651
20200106.0,0.2465311139822006,,,0.3828231394290924,0.4790969491004944,,0.1975158005952835,9.0,0.0887675285339355,1.043466091156006,277.3372802734375,3.2680413722991943,232.70985412597656,212.0722045898437,0.1751728057861328,0.2858254909515381,300.0,0.3830583393573761,0.349083336691062
20200107.0,0.2449215650558471,0.2328086048364639,,,,0.2514280974864959,0.3863033056259155,,,,,,,,,,,,
20200108.0,0.2515983283519745,,0.4206741452217102,0.3803680837154388,0.470349907875061,,,9.0,0.0887675285339355,1.043466091156006,282.66241455078125,3.276005268096924,233.68783569335932,213.468505859375,3.09858775138855,0.1436630338430404,300.0,0.4030774235725403,0.346916668117046
20200109.0,0.2791963517665863,0.241034910082817,0.4224295914173126,0.3668361306190491,0.4550459682941437,0.2930160462856293,0.3436994552612304,9.0,0.0887675285339355,1.043466091156006,283.7022399902344,3.280001640319824,236.1973876953125,215.6555328369141,4.507246017456055,0.5079761147499084,300.0,0.3873319923877716,0.35612499838074
20200110.0,0.2775376439094543,,,,,,0.3503219783306122,,,,,,,,,,,,
20200111.0,0.2625224888324737,0.2264165878295898,0.4120332300662994,0.3970813453197479,0.5210679173469543,,0.4242377877235412,9.0,0.0887675285339355,1.043466091156006,277.1041564941406,3.288022994995117,231.09288024902344,209.47445678710932,0.0047211754135787,0.3678219616413116,300.0,0.400942713022232,0.357249998797973
20200112.0,0.2574038803577423,0.2350999414920807,0.4152716696262359,,,0.287043809890747,0.3418378233909607,,,,,,,,,,,,
20200113.0,0.2569733560085296,,0.4124993979930877,0.3839045166969299,0.482860118150711,,,9.0,0.0887675285339355,1.043466091156006,278.6603088378906,3.2960829734802246,233.28738403320312,212.82440185546875,0.308877170085907,0.3702737689018249,300.0,0.3935614228248596,0.357583332806826
20200114.0,0.2833848893642425,,0.4239518940448761,0.442722350358963,0.5438873767852783,0.3064266443252563,0.4359874129295349,9.0,0.0887675285339355,1.043466091156006,281.9662170410156,3.300147533416748,229.99908447265625,209.95309448242188,8.784075736999512,1.9175126552581787,300.0,0.4335485398769378,0.367041669785976
20200115.0,0.2797589004039764,0.2375931143760681,,,,0.2558216452598572,0.3813593089580536,,,,,,,,,,,,
20200116.0,0.2702805399894714,0.2324583679437637,0.4117233753204345,0.3892831206321716,0.517365574836731,,,9.0,0.0887675285339355,1.043466091156006,278.1753845214844,3.3085508346557617,232.33648681640625,210.3047790527344,0.0016966223483905,0.2044482827186584,300.0,0.3828883171081543,0.369750000536442
20200117.0,0.2674578130245209,0.2354524284601211,0.4183912277221679,0.4148878157138824,0.5315436124801636,0.2894419431686401,0.4221014976501465,9.0,0.0887675285339355,1.043466091156006,280.0976867675781,3.3119091987609863,231.58432006835932,210.95916748046875,2.1035635471343994,0.7049561142921448,300.0,0.4346306324005127,0.362499998261531
20200118.0,0.2679230570793152,,,,,,,,,,,,,,,,,,
20200119.0,0.2636106610298157,0.2271862924098968,0.413086473941803,0.4434544742107391,0.5438873767852783,,0.69466233253479,9.0,0.0887675285339355,1.043466091156006,276.042236328125,3.3128342628479004,226.3588256835937,204.554931640625,0.1925957053899765,0.3296751379966736,300.0,0.4307140409946441,0.375333337734143
20200120.0,0.2570754289627075,,0.4155516028404236,,,0.2402226477861404,0.2306894063949585,,,,,,,,,,,,
20200121.0,0.2527672350406647,0.2252685874700546,0.4027794897556305,0.417028397321701,0.5117126107215881,,,9.0,0.0887675285339355,1.043466091156006,275.4630432128906,3.313596248626709,230.54983520507807,211.16555786132807,0.007936866953969,0.2836896181106567,300.0,0.4045756757259369,0.360500000417233
20200122.0,0.2496114671230316,0.2286409139633178,0.3948990404605865,0.3653160333633423,0.4517451226711273,0.2329602539539337,0.3089998960494995,9.0,0.0887675285339355,1.043466091156006,277.6842041015625,3.313916206359864,233.10382080078125,212.89756774902344,0.0575864352285862,0.0940545722842216,300.0,0.3695616424083709,0.356833331286907
20200123.0,0.2479891180992126,0.2320134937763214,,,,,0.153599664568901,,,,,,,,,,,,
20200124.0,0.2460356503725052,0.2195384055376052,0.3878118097782135,0.3054568171501159,0.4031156897544861,,0.1244850009679794,9.0,0.0887675285339355,1.043466091156006,274.7489318847656,3.3145556449890137,235.2285919189453,211.8060913085937,0.2276515960693359,0.2561862766742706,300.0,0.3391437828540802,0.354250002652407
20200127.0,0.2692264914512634,0.231336310505867,0.4122319221496582,0.4009065628051758,0.4600565135478973,0.2675270736217499,0.3401592969894409,9.0,0.0887675285339355,1.043466091156006,279.6677551269531,3.315515756607056,231.64520263671875,214.26730346679688,8.986991882324219,0.5156948566436768,300.0,0.4252899587154388,0.354782609835915
20200128.0,0.3029685020446777,,0.4212550818920135,,,,0.3101596236228943,,,,,,,,,,,,
20200129.0,0.2914064526557922,0.2351202070713043,0.4186220169067383,0.440540075302124,0.5158240795135498,,0.2849208116531372,9.0,0.0887675285339355,1.043466091156006,276.3669128417969,3.316155910491944,230.08544921875,212.21990966796875,2.9373772144317627,0.9419497847557068,300.0,0.4436441957950592,0.375181818550283
20200130.0,0.276139885187149,,,0.3744308352470398,0.4932878315448761,0.2657260596752167,0.3064973950386047,9.0,0.0887675285339355,1.043466091156006,280.4449768066406,3.316518068313598,232.1683349609375,209.9580078125,0.6981459259986877,0.631944477558136,300.0,0.4258589744567871,0.367749998966853
20200131.0,0.269929826259613,0.2414781153202057,,,,,,,,,,,,,,,,,
20200201.0,0.2845122218132019,,,,,0.2695346474647522,0.4051026999950409,,,,,,,,,,,,
20200202.0,0.2918775379657745,,,0.3918509185314178,0.5266095399856567,0.2514710426330566,0.3366191685199737,9.0,0.0887675285339355,1.043466091156006,280.4158630371094,3.3165903091430664,232.90997314453125,210.29949951171875,7.404190063476562,0.5034158825874329,300.0,0.4003557562828064,0.362874997158845
20200203.0,0.2940548360347748,0.2300765961408615,,,,,,,,,,,,,,,,,
20200204.0,0.2899109423160553,,,0.4350005686283111,0.5400534868240356,0.2957840263843536,0.3576464056968689,9.0,0.0887675285339355,1.043466091156006,276.7829895019531,3.3023178577423096,231.56842041015625,211.87521362304688,2.6282742023468018,0.837744414806366,300.0,0.4268991351127624,0.365166664123535
20200205.0,0.276212066411972,0.2302481830120086,,,,,,,,,,,,,,,,,
20200206.0,0.2665593922138214,0.2207596004009246,,0.4040560126304626,0.5438873767852783,0.1859720945358276,0.5131687521934509,9.0,0.0887675285339355,1.043466091156006,276.89520263671875,3.287830352783203,227.97085571289065,204.52963256835932,0.1029968485236167,0.2641774415969848,300.0,0.4186732172966003,0.357291666169961
20200207.0,0.2606111466884613,,0.4057418406009674,0.3796203136444092,0.5170870423316956,0.233956977725029,0.2729270160198211,9.0,0.0887675285339355,1.043466091156006,276.871337890625,3.2805089950561523,230.7241668701172,207.79653930664065,0.0153481345623731,0.6539199352264404,300.0,0.4068583846092224,0.353250000625849
20200208.0,0.2558116912841797,,,,,,,,,,,,,,,,,,
20200209.0,0.2680506110191345,,0.4075990319252014,0.401884377002716,0.4920268654823303,0.2956177294254303,0.3508712947368622,9.0,0.0887675285339355,1.043466091156006,280.9951477050781,3.2659614086151123,233.24417114257807,213.71945190429688,17.769031524658203,1.984597444534301,300.0,0.384981244802475,0.355541661381721
20200317.0,0.2525075078010559,0.2203621417284011,,0.4596336483955383,0.5438873767852783,,0.2397534102201461,9.0,0.0887675285339355,1.043466091156006,280.38153076171875,3.2107295989990234,228.95591735839844,208.6815643310547,0.0024353386834263,1.598179817199707,300.0,0.4431084990501404,0.45658333102862
20200318.0,0.2441856563091278,0.2276531457901001,0.4337947964668274,0.3797703087329864,0.5422963500022888,,,9.0,0.0887675285339355,1.043466091156006,282.5355834960937,3.2061543464660645,231.2124786376953,206.5788116455078,0.0137028722092509,1.3986963033676147,300.0,0.4063156247138977,0.437999997287989
20200319.0,0.2401965707540512,0.2345678657293319,,,,0.2598601579666137,0.3506271541118622,,,,,,,,,,,,
20200320.0,0.2387501001358032,0.2243455648422241,0.4309995770454407,0.3697191774845123,0.4968675374984741,,,9.0,0.0887675285339355,1.043466091156006,279.7330322265625,3.196709156036377,234.353759765625,211.1963806152344,0.5998033285140991,1.0190050601959229,300.0,0.3748268485069275,0.419124995668729
20200321.0,0.233934223651886,0.2179892510175705,0.4200080931186676,0.4344810247421264,0.5351178646087646,0.2721824645996094,0.347758412361145,9.0,0.0887675285339355,1.043466091156006,277.0400390625,3.193179130554199,230.68544006347656,211.1278076171875,0.0017155226087197,1.6692390441894531,300.0,0.4284849166870117,0.410833330204089
20200322.0,0.2256779968738556,0.2201514095067978,,,,,0.2417371124029159,,,,,,,,,,,,
20200323.0,0.2182041406631469,0.2132258862257003,,0.3991611003875732,0.4968316853046417,,0.1817987561225891,9.0,0.0887675285339355,1.043466091156006,276.3946533203125,3.194037675857544,231.04617309570312,210.9429931640625,0.000435113790445,2.0508017539978027,300.0,0.4243279993534088,0.38983333359162
20200324.0,0.2116694897413253,0.2148851454257965,0.4164363443851471,,,0.2295533567667007,0.2750023007392883,,,,,,,,,,,,
20200325.0,0.2059091329574585,0.2070245295763015,0.4023456275463104,0.3371865749359131,0.479622334241867,,,9.0,0.0887675285339355,1.043466091156006,277.2229919433594,3.195119857788086,232.2345733642578,207.11669921875,0.0,2.0702550411224365,300.0,0.3851936757564544,0.375583339482546
20200326.0,0.1999684870243072,0.204454556107521,0.3721769750118255,0.340105265378952,0.4628845751285553,0.2328614145517349,0.3115634620189667,9.0,0.0887675285339355,1.043466091156006,277.87420654296875,3.1957449913024902,233.514892578125,209.83578491210932,0.0,2.182169914245605,300.0,0.3820779621601105,0.369249997039636
20200327.0,0.1940441131591797,0.2120344340801239,,,,,0.0,,,,,,,,,,,,
20200328.0,0.1886888891458511,,0.3677294254302978,0.3132323920726776,0.37788125872612,,,9.0,0.0887675285339355,1.043466091156006,280.4366455078125,3.1969962120056152,240.6259613037109,221.1264038085937,0.000870227755513,1.9824668169021609,300.0,0.3433176279067993,0.35708333303531
20200329.0,0.1855284422636032,0.2013900429010391,,0.2780937552452087,0.3575096428394317,,0.0823694542050361,9.0,0.0887675285339355,1.043466091156006,277.2642822265625,3.197622299194336,241.7794342041016,219.1708221435547,0.2928636968135834,1.908223271369934,300.0,0.2900262475013733,0.354208332796892
20200330.0,0.1938506066799163,0.2007318139076233,,,,,,,,,,,,,,,,,
20200331.0,0.2029954493045807,0.2035727947950363,0.3363059461116791,0.3076794743537903,0.3926965594291687,0.0396023727953434,0.2785729467868805,9.0,0.0887675285339355,1.043466091156006,276.5685119628906,3.1988749504089355,238.0137634277344,216.4107666015625,0.001300465548411,1.755276083946228,300.0,0.3322153687477112,0.354956518048825
20200401.0,0.1967458575963974,0.2025581300258636,0.3413041532039642,,,0.202194333076477,0.2782372534275055,,,,,,,,,,,,
20200402.0,0.192722886800766,0.20697021484375,0.3305086493492126,0.2867976129055023,0.3435815274715423,,,9.0,0.0887675285339355,1.043466091156006,278.7265014648437,3.2001287937164307,242.2538146972656,223.6830902099609,0.57538241147995,1.4554171562194824,300.0,0.3174325227737427,0.352583332608144
20200403.0,0.1946878433227539,0.197684571146965,,0.1898423880338668,0.2339167445898056,0.1650571376085281,0.2533646523952484,9.0,0.0887675285339355,1.043466091156006,279.4745483398437,3.20074462890625,250.998779296875,231.693603515625,0.5051679611206055,1.303704857826233,300.0,0.206558346748352,0.356130434119183
20200404.0,0.1902888417243957,0.2004856914281845,,,,,0.0346690267324447,,,,,,,,,,,,
20200405.0,0.1808301359415054,0.1990271359682083,0.3173472285270691,0.2928514182567596,0.3407321572303772,,0.2849513292312622,9.0,0.0887675285339355,1.043466091156006,283.22381591796875,3.2018418312072754,243.7082672119141,227.11212158203125,0.0008523463038727,3.009218692779541,300.0,0.3431546092033386,0.340708335240682
20200406.0,0.170060396194458,0.1976320594549179,,0.2392916530370712,0.2983782291412353,0.1736884415149688,0.2414929717779159,9.0,0.0887675285339355,1.043466091156006,286.2976989746094,3.2028653621673584,248.702880859375,227.8370056152344,0.2730262279510498,3.1675455570220947,300.0,0.2277311086654663,0.331708334386349
20200407.0,0.1633043885231018,0.1828545778989792,,,,,,,,,,,,,,,,,
20200408.0,0.1559347063302993,0.1906083673238754,0.2791080474853515,0.2373489439487457,0.2825665771961212,0.1691435575485229,0.2379222959280014,9.0,0.0887675285339355,1.043466091156006,288.0257263183594,3.208130359649658,251.841049194336,235.22433471679688,0.0110989129170775,2.412236452102661,300.0,0.2360115349292755,0.318208338071903
20200409.0,0.1487740129232406,0.1896977573633194,0.300311267375946,,,,,,,,,,,,,,,,
20200410.0,0.1414335072040558,0.1856668293476104,0.238425150513649,0.2164215445518493,0.2591596841812134,,6.103701889514923e-05,9.0,0.0887675285339355,1.043466091156006,282.9696044921875,3.2135050296783447,253.8137664794922,239.7225341796875,0.0013006433146074,2.5101234912872314,300.0,0.2630600333213806,0.309500003854434
20200411.0,0.1344819664955139,0.1791789233684539,0.2002093493938446,0.1983979642391204,0.2421985417604446,0.1129194945096969,0.1394390761852264,9.0,0.0887675285339355,1.043466091156006,284.2829895019531,3.216233730316162,254.27761840820312,237.88607788085932,0.0,2.840620756149292,300.0,0.2499061524868011,0.303833330670993
20200412.0,0.128002792596817,0.171343520283699,,,,,,,,,,,,,,,,,
20200413.0,0.1287026852369308,0.1873260140419006,,0.2262660712003708,0.2687991261482239,0.113265760242939,0.1975158005952835,9.0,0.0887675285339355,1.043466091156006,281.0977783203125,3.2217049598693848,253.5885009765625,242.55035400390625,0.6546332240104675,2.3988142013549805,300.0,0.2596303820610046,0.29670833175381
20200414.0,0.124972179532051,0.1802800297737121,,0.1860508769750595,0.2305725067853927,,0.1157261878252029,9.0,0.0887675285339355,1.043466091156006,280.27362060546875,3.224448204040528,254.46902465820312,240.4111328125,0.1010777875781059,1.4633524417877195,300.0,0.2132425010204315,0.29316666473945
20200415.0,0.1209456622600555,0.1765559613704681,,,,,,,,,,,,,,,,,
20200416.0,0.1146187260746955,0.1767122149467468,0.1719737201929092,0.163504958152771,0.2094480693340301,0.096285693347454,0.1551866233348846,9.0,0.0887675285339355,1.043466091156006,284.9814758300781,3.2299485206604004,256.2892761230469,243.14910888671875,0.0008583068847656,2.806666374206543,300.0,0.2241892367601394,0.284583335121473
20200417.0,0.1081888675689697,0.1719294190406799,0.1954373866319656,,,,,,,,,,,,,,,,
20200418.0,0.1052709594368934,0.17359060049057,0.1546535044908523,0.1652708351612091,0.2122624516487121,0.0646615475416183,0.1725516468286514,9.0,0.0887675285339355,1.043466091156006,285.9455871582031,3.235468626022339,256.8524169921875,244.27572631835932,0.9748930931091307,2.56190037727356,300.0,0.2174982279539108,0.272833341111739
20200419.0,0.1042340248823165,0.1809853315353393,,0.1411417126655578,0.1828861385583877,0.0868224129080772,0.1488082557916641,9.0,0.0887675285339355,1.043466091156006,285.62847900390625,3.238276958465576,260.4253234863281,245.43739318847656,0.0,3.205219268798828,300.0,0.1703324019908905,0.267708338797092
20200420.0,0.096851609647274,0.1715578883886337,,,,,,,,,,,,,,,,,
20200421.0,0.0904253646731376,,0.1340148001909256,0.1441057473421096,0.1900635063648224,0.0999036207795143,0.1835078001022339,9.0,0.0887675285339355,1.043466091156006,286.4118957519531,3.244401931762696,259.264892578125,246.13864135742188,0.0008523463038727,3.043745994567871,300.0,0.1859060525894165,0.247875001902382
20200422.0,0.0846292376518249,0.1715912967920303,0.1457377672195434,0.1205464005470275,0.1727100610733032,,0.1379436701536178,9.0,0.0887675285339355,1.043466091156006,288.0486145019531,3.2457427978515625,261.417236328125,250.558837890625,0.0,3.2913174629211426,300.0,0.156259149312973,0.235333332171043
20200423.0,0.0795181170105934,0.1634931415319442,,,,,0.4105349779129028,,,,,,,,,,,,
20200424.0,0.0757104307413101,0.1631439924240112,0.0989585816860199,0.121515542268753,0.1796068847179412,0.0622727684676647,0.1030610054731369,9.0,0.0887675285339355,1.043466091156006,286.8182373046875,3.236767768859864,262.247314453125,252.95855712890625,0.0168596357107162,2.63195538520813,300.0,0.1201980113983154,0.210958331202467
20200425.0,0.0731285214424133,0.164140835404396,0.1255357712507248,,,,,,,,,,,,,,,,
20200426.0,0.071053959429264,0.1583559960126876,0.0813884958624839,0.1288146674633026,0.182480588555336,0.0647570118308067,0.119815669953823,9.0,0.0887675285339355,1.043466091156006,285.01446533203125,3.227517604827881,260.46160888671875,249.95233154296875,0.0,2.040010929107666,300.0,0.1365843564271927,0.185791668792566
20200427.0,0.0691180825233459,0.1572565585374832,0.0682265013456344,0.0933889001607894,0.1460934728384018,,0.0599078349769115,9.0,0.0887675285339355,1.043466091156006,287.0867919921875,3.2227914333343506,263.39764404296875,253.025146484375,0.0,2.610130548477173,300.0,0.1059736385941505,0.167833333835006
20200428.0,0.0825345292687416,0.1638936102390289,,,,,0.0930509343743324,,,,,,,,,,,,
20200429.0,0.1109586432576179,0.2109420895576477,0.1793862283229828,0.1693352907896042,0.2139534205198288,0.0865971893072128,0.1268654465675354,9.0,0.0887675285339355,1.043466091156006,285.6783447265625,3.213381290435791,258.2371826171875,243.8345642089844,4.375977039337158,1.9222261905670168,300.0,0.168315976858139,0.1414347809294
20200430.0,0.1736290752887725,0.1977672427892685,0.1987296044826507,0.2167051881551742,0.2610211670398712,,,9.0,0.0887675285339355,1.043466091156006,285.3348388671875,3.208698272705078,254.6103515625,240.7253570556641,5.020138263702393,3.449268102645874,300.0,0.2300610244274139,0.13550000389417
20200501.0,0.1968372762203216,0.1857809871435165,,,,0.0794207900762558,0.1400494426488876,,,,,,,,,,,,
20200503.0,0.1963031589984893,0.2174201756715774,0.2339514791965484,,,,,,,,,,,,,,,,
20200504.0,0.1842256188392639,0.2040257453918457,0.1956591308116912,0.2239398062229156,0.2725038826465606,0.1357187777757644,0.2383495569229126,9.0,0.0887675285339355,1.043466091156006,284.777099609375,3.190107822418213,253.2677459716797,236.0054473876953,0.2711944878101349,2.845922470092773,300.0,0.2343588769435882,0.240750000501672
20200505.0,0.1652890890836715,0.1917604655027389,,0.1911421567201614,0.2359518557786941,,,9.0,0.0887675285339355,1.043466091156006,283.5252380371094,3.185498714447021,255.11843872070312,239.1655120849609,0.0,2.827841281890869,300.0,0.2241340577602386,0.229374999801318
20200506.0,0.1490624397993087,0.1828639358282089,,,,0.1089934855699539,0.2395397871732711,,,,,,,,,,,,
20200507.0,0.1349336504936218,0.1769694089889526,0.1526876986026764,0.162030816078186,0.2081956714391708,0.0952103212475776,0.1612598001956939,9.0,0.0887675285339355,1.043466091156006,286.1702575683594,3.1763510704040527,257.5138854980469,244.11215209960932,0.0,3.002987861633301,300.0,0.1781343072652816,0.214458332086603
20200508.0,0.1220152452588081,0.1717644929885864,0.1689235568046569,0.1364510357379913,0.181256964802742,,,9.0,0.0887675285339355,1.043466091156006,288.8275451660156,3.1717002391815186,260.9076538085937,247.28515625,0.0008285045623779,3.0733253955841064,300.0,0.1425224095582962,0.207916663959622
20200509.0,0.1091148182749748,0.1705799251794815,,,,,0.0444959886372089,,,,,,,,,,,,
20200510.0,0.1047547608613967,0.1712815314531326,0.1264105886220932,0.1238624677062034,0.1700686812400818,,0.0948515310883522,9.0,0.0887675285339355,1.043466091156006,288.0027770996094,3.161781311035156,264.51519775390625,251.63247680664065,2.7203173637390137,2.460871458053589,300.0,0.1033907085657119,0.189083335921168
20200511.0,0.1146916523575782,0.1690991222858429,,,,,0.0418713949620723,,,,,,,,,,,,
20200512.0,0.1116239875555038,0.167230948805809,0.1034154817461967,0.1521802097558975,0.2020828574895858,0.0736013948917388,0.0994903445243835,9.0,0.0887675285339355,1.043466091156006,281.69293212890625,3.1519124507904053,259.81378173828125,248.35397338867188,1.0745415687561035,1.844838261604309,300.0,0.121166244149208,0.173916661490997
20200513.0,0.1202823668718338,0.1721875965595245,,0.1037987694144249,0.1401282846927642,,,9.0,0.0887675285339355,1.043466091156006,282.6290283203125,3.1469967365264893,262.7746276855469,247.85806274414065,2.12229585647583,2.2719719409942627,300.0,0.1050664037466049,0.171416663875182
20200514.0,0.1205282509326934,0.1763231605291366,,,,,3.051850944757461e-05,,,,,,,,,,,,
20200515.0,0.113805204629898,0.1688242852687835,0.1013776957988739,0.1194146424531936,0.1647438108921051,,0.0762047171592712,9.0,0.0887675285339355,1.043466091156006,282.9254455566406,3.137216806411743,260.0543212890625,247.29312133789065,0.3552060127258301,1.6865572929382324,300.0,0.1130287796258926,0.15854166696469
20200516.0,0.1097006052732467,0.1711714118719101,0.1202511191368103,0.1176560893654823,0.1789577752351761,,0.1428571492433548,9.0,0.0887675285339355,1.043466091156006,284.5093688964844,3.132352828979492,259.6510314941406,251.28717041015625,0.2113256901502609,1.6867189407348633,300.0,0.1191990599036216,0.151250001043081
20200517.0,0.1041174829006195,0.1748272478580474,,,,0.0680410414934158,0.1000091582536697,,,,,,,,,,,,
20200518.0,0.096483901143074,0.1691505759954452,0.0988993272185325,0.097082532942295,0.1502406597137451,,,9.0,0.0887675285339355,1.043466091156006,289.0155944824219,3.122675895690918,263.8329467773437,253.5355529785156,3.937193832825869e-05,2.511098861694336,300.0,0.0913404151797294,0.127375000466903
20200519.0,0.0896768048405647,0.1746397465467453,0.1149384751915931,,,0.0706827864050865,0.0736106485128402,,,,,,,,,,,,
20200520.0,0.0875345841050148,0.175193503499031,0.0979734286665916,0.0808404833078384,0.135499358177185,,0.0665608718991279,9.0,0.0887675285339355,1.043466091156006,288.9764404296875,3.113067626953125,267.313232421875,257.6724853515625,0.4538355767726898,1.463517665863037,300.0,0.0808920115232467,0.108833333787819
20200521.0,0.0837366729974746,0.1711438596248626,0.0869333371520042,0.0913905650377273,0.1412065923213958,,,9.0,0.0887675285339355,1.043466091156006,293.4481811523437,3.108201265335083,267.19317626953125,256.14715576171875,0.0,3.1859827041625977,300.0,0.0887702479958534,0.102250000461936
20200522.0,0.0859658494591713,0.1641408950090408,,,,0.0438180938363075,0.1010467857122421,,,,,,,,,,,,
20200523.0,0.0926409140229225,0.1623623073101043,0.0912327617406845,0.0953131988644599,0.1384999006986618,,,9.0,0.0887675285339355,1.043466091156006,289.59893798828125,3.0974714756011963,268.6622314453125,255.79747009277344,0.6168243288993835,2.409177541732788,300.0,0.074970856308937,0.0912500002110998
20200524.0,0.1063610538840293,0.1750266253948211,0.1133330762386322,0.08038841933012,0.1281019747257232,0.0580491088330745,0.1310464739799499,9.0,0.0887675285339355,1.043466091156006,286.6907653808594,3.0958034992218018,268.625,257.4825439453125,4.348817825317383,2.35497522354126,300.0,0.0696883201599121,0.088583334038655
20200525.0,0.1217933744192123,0.2142818123102188,,,,0.1280889809131622,0.201849415898323,,,,,,,,,,,,
20200526.0,0.1111663877964019,0.1794177442789077,,0.1524506211280822,0.1963089257478714,,,9.0,0.0887675285339355,1.043466091156006,290.3306579589844,3.1174325942993164,261.54803466796875,247.1861114501953,0.0017267087241634,2.907233953475952,300.0,0.1310130208730697,0.0876666655143102
20200527.0,0.0998291596770286,0.1647066920995712,,,,,,,,,,,,,,,,,
20200528.0,0.0909222140908241,0.1618930399417877,0.098079577088356,0.1181844174861908,0.1674035489559173,,0.078127384185791,9.0,0.0887675285339355,1.043466091156006,288.9106750488281,3.1401376724243164,264.8699951171875,253.0020446777344,0.0008600190049037,2.6367249488830566,300.0,0.087640069425106,0.0798333346222838
20200529.0,0.0827920064330101,0.1540797054767608,,0.0783876180648803,0.1209639757871627,,0.2133854180574417,9.0,0.0887675285339355,1.043466091156006,290.2049865722656,3.151905298233032,268.3215026855469,256.16845703125,0.0,2.753592014312744,300.0,0.0772898271679878,0.0746249994263053
20200530.0,0.0757802948355674,0.164650022983551,,,,0.0471509769558906,0.075746938586235,,,,,,,,,,,,
20200531.0,0.0708585456013679,0.1516799032688141,0.071589708328247,0.0828918814659118,0.1243722587823867,,,9.0,0.0887675285339355,1.043466091156006,291.3973999023437,3.175736665725708,269.824462890625,257.1053771972656,0.0004410743713378,2.148911476135254,300.0,0.0814743041992187,0.0693333322803179
20200601.0,0.0675454884767532,0.1555397361516952,0.0867198854684829,0.0780607312917709,0.1239427626132965,,,9.0,0.0887675285339355,1.043466091156006,293.5399475097656,3.187800884246826,269.9421081542969,258.4222412109375,0.0,2.6570847034454346,300.0,0.0914590507745742,0.0670000016689301
20200602.0,0.064664289355278,0.1707172840833664,,,,,,,,,,,,,,,,,
20200603.0,0.0628780797123909,0.1566299349069595,,0.0776732712984085,0.1171099990606308,,,9.0,0.0887675285339355,1.043466091156006,294.49005126953125,3.2122256755828857,272.7920837402344,259.78857421875,0.0008523463620804,2.0356595516204834,300.0,0.0878896862268447,0.0640833362316092
20200604.0,0.0714943930506706,0.1711278855800628,0.0621171556413173,,,0.0301131289452314,0.05111850425601,,,,,,,,,,,,
20200605.0,0.1540654897689819,0.2486963421106338,0.2269950211048126,0.3293173611164093,0.3781754076480865,,,9.0,0.0887675285339355,1.043466091156006,283.3057861328125,3.237046241760254,248.12847900390625,232.3692169189453,11.416837692260742,2.987405776977539,300.0,0.2838209569454193,0.0703333349277576
20200606.0,0.1906635016202926,0.2529769539833069,0.2346149832010269,0.3416780829429626,0.3922981917858124,,0.0644245743751525,9.0,0.0887675285339355,1.043466091156006,286.4349975585937,3.2496819496154785,245.87095642089844,230.09573364257807,0.345441997051239,2.956888437271118,300.0,0.3342072367668152,0.132583332868914
20200607.0,0.1785925030708313,0.2300371974706649,,,,,0.204260379076004,,,,,,,,,,,,
20200608.0,0.1874950379133224,0.2169471532106399,,0.2687135636806488,0.3167949318885803,,,9.0,0.0887675285339355,1.043466091156006,287.3260803222656,3.2761855125427246,252.08767700195312,236.2445373535156,1.772228717803955,1.866061210632324,300.0,0.2977998554706573,0.146652173088944
20200609.0,0.176251083612442,0.2270456701517105,0.1964080333709716,0.2214593738317489,0.2779538333415985,0.055104412138462,0.1834772825241089,9.0,0.0887675285339355,1.043466091156006,286.708984375,3.2863094806671143,255.3724365234375,234.943603515625,0.061253435909748,1.4331371784210205,300.0,0.2068575918674469,0.150000005960464
20200610.0,0.1617591977119445,0.1996795088052749,,,,,,,,,,,,,,,,,
20200611.0,0.1790822744369506,0.2167994081974029,,,,0.1143431067466735,0.2896511852741241,,,,,,,,,,,,
20200612.0,0.1676242500543594,0.201414868235588,0.1901508569717407,,,0.1370516270399093,0.1596118062734604,,,,,,,,,,,,
20200613.0,0.1454282999038696,0.18812096118927,,0.1886559277772903,0.2345838397741317,,,9.0,0.0887675285339355,1.043466091156006,296.4374084472656,3.2819128036499023,262.1786499023437,245.90542602539065,0.519412636756897,3.440904378890991,300.0,0.1682745516300201,0.124624998619159
20200614.0,0.1766998767852783,0.1766224652528762,0.1321323215961456,0.1392876207828521,0.1803591102361679,0.1026331111788749,0.1805169880390167,9.0,0.0887675285339355,1.043466091156006,293.36431884765625,3.280425786972046,268.1927185058594,251.8563232421875,9.819768905639648,2.983562469482422,300.0,0.136002168059349,0.130583332541088
20200615.0,0.2014234066009521,0.2652484476566314,,,,,,,,,,,,,,,,,
20200616.0,0.1983558088541031,0.2219275087118148,0.2252791374921798,0.236362338066101,0.2975345551967621,,0.2640156149864197,9.0,0.0887675285339355,1.043466091156006,290.7644348144531,3.277455568313598,257.7508239746094,237.1714782714844,4.240230560302734,1.35797381401062,300.0,0.1585319191217422,0.210541664312283
20200617.0,0.2031683176755905,0.212929368019104,0.2195219546556472,0.2059352993965149,0.2573950886726379,0.1077065765857696,0.1543321013450622,9.0,0.0887675285339355,1.043466091156006,291.06689453125,3.275972366333008,260.2071533203125,240.4405517578125,4.243505477905273,2.198943614959717,300.0,0.1219640597701072,0.203083333248893
20200618.0,0.2296069860458374,0.2473194897174835,,,,,,,,,,,,,,,,,
20200619.0,0.2034507840871811,0.2170584350824356,0.2126590460538864,0.2215298414230346,0.2712076902389526,0.1838746815919876,0.2703329622745514,9.0,0.0887675285339355,1.043466091156006,291.7993469238281,3.273009777069092,258.8494567871094,241.1473388671875,1.5006619691848757,3.084754705429077,300.0,0.1752704530954361,0.194833333293597
20200620.0,0.1857017129659652,0.2059568613767624,0.1981018483638763,0.2174898236989975,0.2696033120155334,,0.0999786406755447,9.0,0.0887675285339355,1.043466091156006,290.57427978515625,3.2715306282043457,258.9489440917969,239.7744140625,0.5356358289718628,2.8306829929351807,300.0,0.1626409441232681,0.182625002538164
20200621.0,0.1664599478244781,0.1892134100198745,0.1890373528003692,0.20850770175457,0.2545770406723022,,0.1832636445760727,9.0,0.0887675285339355,1.043466091156006,292.1361999511719,3.270052909851074,260.0378112792969,244.7992553710937,0.1247005611658096,3.4049649238586426,300.0,0.1991408467292785,0.172208332767089
20200622.0,0.1477617174386978,0.1786531209945678,0.1549392342567443,0.1524809002876281,0.1939140409231186,0.0925558805465698,0.1509140282869339,9.0,0.0887675285339355,1.043466091156006,292.4918212890625,3.268519401550293,265.6141357421875,248.6411590576172,0.154518574476242,3.677626609802246,300.0,0.1389160454273224,0.164499998092651
20200623.0,0.1288541555404663,0.1934664845466613,,,,,,,,,,,,,,,,,
20200624.0,0.1102632656693458,0.1707520633935928,0.140951782464981,0.1551345139741897,0.2031189948320388,0.0738167166709899,0.1998046785593032,9.0,0.0887675285339355,1.043466091156006,296.1568298339844,3.2647783756256104,265.793701171875,252.768798828125,0.0,4.416440963745117,300.0,0.1429677158594131,0.130208334575097
20200625.0,0.0945197418332099,0.1593346744775772,0.1374276727437973,0.1158200204372406,0.1645442545413971,,0.1164281144738197,9.0,0.0887675285339355,1.043466091156006,297.2457580566406,3.2652859687805176,270.1629333496094,257.78778076171875,0.0025743204168975,3.694965362548828,300.0,0.1174601167440414,0.109375
20200626.0,0.0829811915755271,0.1609416157007217,,,,,0.1045869290828704,,,,,,,,,,,,
20200627.0,0.0765158310532569,0.1570872068405151,0.0986831709742546,0.0890895500779151,0.1302791535854339,0.0438118055462837,0.1358989179134369,9.0,0.0887675285339355,1.043466091156006,297.31695556640625,3.282445192337036,275.1276550292969,261.654541015625,0.5146870613098145,2.5105531215667725,300.0,0.0992732271552085,0.0907916684324543
20200628.0,0.0751360058784484,0.2040655463933944,0.2012106776237487,0.2237777858972549,0.2696886956691742,,,9.0,0.0887675285339355,1.043466091156006,293.0440673828125,3.2910914421081543,261.8583068847656,247.8928375244141,0.0814483016729354,2.008278608322144,300.0,0.1723949015140533,0.0910833350693186
20200629.0,0.0723025500774383,0.1681126207113266,0.1650881320238113,0.1646730303764343,0.212244302034378,0.1150929406285286,0.2767113149166107,9.0,0.0887675285339355,1.043466091156006,291.043701171875,3.300244808197021,264.71942138671875,250.97674560546875,0.1756252497434616,1.828914284706116,300.0,0.1390716582536697,0.0892916688074668
20200630.0,0.0768365487456321,0.1770785301923751,0.1421375721693039,0.1461563408374786,0.1937838643789291,0.0878643840551376,0.1124301925301551,9.0,0.0887675285339355,1.043466091156006,289.7025756835937,3.309388875961304,265.766357421875,252.2252349853516,2.55409574508667,1.360730767250061,300.0,0.1349478662014007,0.0868333311130603
20200701.0,0.1367452591657638,0.2279930710792541,,,,,,,,,,,,,,,,,
20200702.0,0.1560958921909332,0.2042303830385208,,0.2283476740121841,0.2801896035671234,0.1596370786428451,0.2301095575094223,9.0,0.0887675285339355,1.043466091156006,291.04217529296875,3.3278234004974365,258.793212890625,241.37115478515625,2.531211376190185,2.584376335144043,300.0,0.1921616643667221,0.0852500004693866
20200703.0,0.1528927534818649,0.1958121359348297,,0.2186557352542877,0.2680416405200958,,,9.0,0.0887675285339355,1.043466091156006,291.2245483398437,3.337113857269287,259.50445556640625,243.3303985595703,0.3740172982215881,2.457874298095703,300.0,0.1986741423606872,0.0830416639025013
20200704.0,0.1575310081243515,0.1983897536993026,,,,,0.2669148743152618,,,,,,,,,,,,
20200705.0,0.1683306545019149,0.2326676547527313,0.2019931077957153,0.2159242928028106,0.2644456326961517,0.1285675019025802,0.1929380148649215,9.0,0.0887675285339355,1.043466091156006,291.77130126953125,3.3558406829833984,260.3314819335937,246.08444213867188,1.4046539068222046,2.4243297576904297,300.0,0.2198174893856048,0.081750001758337
20200706.0,0.1793689727783203,0.2023387849330902,,0.2109419405460357,0.2616548538208008,,,9.0,0.0887675285339355,1.043466091156006,288.9337463378906,3.36527681350708,260.1814880371094,242.76614379882807,5.067713260650635,3.237200736999512,300.0,0.2358894795179367,0.0804999992251396
20200707.0,0.1823622584342956,0.1914144158363342,0.1986331790685653,0.2241868823766708,0.2736823558807373,0.1647621840238571,0.2687459886074066,9.0,0.0887675285339355,1.043466091156006,288.24810791015625,3.3747620582580566,258.0010681152344,242.9113006591797,2.7418453693389893,2.13826060295105,300.0,0.2499040812253952,0.0795833322529991
20200708.0,0.2190001010894775,0.219169408082962,0.1842163950204849,0.2187854647636413,0.2678585350513458,,,9.0,0.0887675285339355,1.043466091156006,287.5885314941406,3.384377956390381,258.4014892578125,245.5399932861328,6.088933944702148,1.0664728879928589,300.0,0.2446432560682296,0.0799999982118607
20200709.0,0.2586784660816192,0.2830132842063904,,,,,0.1129184886813163,,,,,,,,,,,,
20200710.0,0.2330610305070877,0.2655853927135467,0.2264626175165176,0.2370107322931289,0.2865613400936126,0.1668440401554107,0.264412373304367,9.0,0.0887675285339355,1.043466091156006,288.2934265136719,3.404756546020508,257.8720092773437,243.35272216796875,1.950841903686524,2.185312032699585,300.0,0.283515453338623,0.209624997650584
20200711.0,0.2085573226213455,0.1999004334211349,0.2134366333484649,0.2251335680484771,0.2787338197231293,,,9.0,0.0887675285339355,1.043466091156006,288.2196655273437,3.411519289016724,256.93414306640625,239.43014526367188,1.4177230596542358,3.1576173305511475,300.0,0.3013468980789184,0.207500002036492
20200712.0,0.1913505345582962,0.183416798710823,,,,0.1743026226758957,0.2547685205936432,,,,,,,,,,,,
20200713.0,0.1696076393127441,0.1896425634622573,0.208478569984436,0.2175830900669098,0.26775723695755,,0.2652058601379394,9.0,0.0887675285339355,1.043466091156006,291.5468444824219,3.401416778564453,258.5743713378906,243.5297241210937,0.0017225742340087,3.932405471801758,300.0,0.2956631779670715,0.194041667506099
20200714.0,0.191444382071495,,,0.1849529892206192,0.2330660074949264,,0.206610307097435,9.0,0.0887675285339355,1.043466091156006,288.022705078125,3.3963851928710938,262.5025634765625,245.16876220703125,7.079891681671143,1.906216263771057,300.0,0.163474828004837,0.187583335364858
20200715.0,0.206402987241745,0.1871592551469802,0.1958790868520736,0.1773629784584045,0.2242846041917801,0.132263109087944,0.2157658636569976,9.0,0.0887675285339355,1.043466091156006,289.40087890625,3.390706777572632,262.17010498046875,244.69461059570312,0.8520030379295349,3.3741347789764404,300.0,0.2428146302700042,0.195749998713533
20200716.0,0.1908217072486877,0.1923553347587585,0.179486945271492,0.1842253059148788,0.2348298728466034,,,9.0,0.0887675285339355,1.043466091156006,289.1089782714844,3.385127544403076,262.02447509765625,248.6373291015625,0.3090927004814148,0.790755033493042,300.0,0.2103646099567413,0.189916664113601
20200717.0,0.1829595565795898,0.1900762170553207,,,,0.1130247935652732,0.2443922311067581,,,,,,,,,,,,
20200718.0,0.1700333803892135,0.1899978667497635,0.1948124319314956,0.2029760181903839,0.2531165778636932,0.1300497055053711,0.153813287615776,9.0,0.0887675285339355,1.043466091156006,293.6224975585937,3.374018669128418,261.25750732421875,246.41241455078125,0.1382084637880325,2.952002763748169,300.0,0.2229208946228027,0.178916665414969
20200719.0,0.1540382653474807,0.1725414842367172,0.1872618943452835,0.1827182024717331,0.2310819774866104,,,9.0,0.0887675285339355,1.043466091156006,293.7762451171875,3.3684887886047363,264.4239501953125,248.0663909912109,1.4911869764328003,3.234572410583496,300.0,0.1900646388530731,0.169583331793547
20200720.0,0.157759428024292,0.1753016710281372,,,,0.0998088344931602,0.1648304760456085,,,,,,,,,,,,
20200721.0,0.1468586772680282,0.15895576775074,0.1562700569629669,0.1478950679302215,0.2002494633197784,,,9.0,0.0887675285339355,1.043466091156006,288.8148193359375,3.3574788570404053,264.96466064453125,252.53030395507807,0.5411202907562256,2.53509259223938,300.0,0.1533670872449875,0.153041668236256
20200722.0,0.1367761939764022,0.1486975252628326,0.1540578603744506,0.1424688696861267,0.1987620145082473,0.0921023860573768,0.2281258553266525,9.0,0.0887675285339355,1.043466091156006,288.6644287109375,3.351998805999756,264.49432373046875,253.459228515625,0.0450228340923786,2.37952184677124,300.0,0.1496138572692871,0.145250002543132
20200723.0,0.1240153238177299,0.1616743505001068,0.1322108954191208,0.1444815993309021,0.2014102339744568,0.0763976126909256,0.0975981950759887,9.0,0.0887675285339355,1.043466091156006,291.2252197265625,3.3465352058410645,264.33062744140625,253.46978759765625,0.0,3.0809643268585205,300.0,0.1770320832729339,0.135708332682649
20200724.0,0.1329077333211898,0.155236080288887,,0.1243379265069961,0.1774275749921798,,,9.0,0.0887675285339355,1.043466091156006,290.45166015625,3.341140985488892,267.5828857421875,255.7305603027344,4.382506847381592,2.298295259475708,300.0,0.1382019966840744,0.126916664962967
20200725.0,0.1567475646734237,0.1607346385717392,,,,0.0779420360922813,0.1634571403264999,,,,,,,,,,,,
20200726.0,0.2544827163219452,0.1717890352010727,0.1846791952848434,0.1990392357110977,0.2545492947101593,,0.0698873847723007,9.0,0.0887675285339355,1.043466091156006,291.646728515625,3.3310317993164062,261.9703369140625,251.91180419921875,8.76116943359375,3.633028507232666,300.0,0.2201786935329437,0.116999998688698
20200727.0,0.2183444797992706,0.1643465459346771,0.1664994806051254,0.1657025218009948,0.2174918353557586,,0.0025635547935962,9.0,0.0887675285339355,1.043466091156006,291.2203674316406,3.323798656463623,264.1864929199219,251.344467163086,3.177882671356201,3.1057403087615967,300.0,0.1860827505588531,0.111500000581145
20200728.0,0.2066338062286377,0.1729059368371963,,,,0.0983908027410507,0.1601916551589965,,,,,,,,,,,,
20200729.0,0.1878092139959335,0.1648858189582824,0.1382984668016433,0.144915759563446,0.1963009536266327,,,9.0,0.0887675285339355,1.043466091156006,289.0476379394531,3.294755458831787,265.69293212890625,252.99774169921875,0.2006818354129791,2.6515254974365234,300.0,0.1178908199071884,0.105708335215847
20200730.0,0.1696192473173141,0.161981388926506,0.1589782685041427,,,0.0949942618608474,0.1529892832040786,,,,,,,,,,,,
20200731.0,0.1483132690191269,0.1561498492956161,0.1274566054344177,0.1274972110986709,0.1795428246259689,,0.0840784907341003,9.0,0.0887675285339355,1.043466091156006,295.1381530761719,3.265796184539795,267.600830078125,255.4965362548828,0.0004297233535908,4.429892539978027,300.0,0.1225905045866966,0.0974583337083459
20200801.0,0.1297691911458969,0.1642562448978424,0.1094492301344871,0.1039183437824249,0.15830959379673,,0.1000396758317947,9.0,0.0887675285339355,1.043466091156006,296.3973693847656,3.251354694366455,271.54083251953125,260.51422119140625,0.1783853471279144,2.99983286857605,300.0,0.1082516685128212,0.0936666655664643
20200802.0,0.1219012290239334,0.1627231985330581,,,,0.0520809553563594,0.1173741891980171,,,,,,,,,,,,
20200803.0,0.11957947909832,0.1538146734237671,0.1012977436184883,0.106158547103405,0.1635421216487884,,,9.0,0.0887675285339355,1.043466091156006,290.4259338378906,3.2228565216064453,268.81170654296875,258.5306701660156,2.655055046081543,2.5178184509277344,300.0,0.0959476679563522,0.0871666648114721
20200804.0,0.1325198858976364,0.1610712856054306,0.1234505549073219,0.1221323236823082,0.1810043901205063,0.0745713263750076,0.1827448308467865,9.0,0.0887675285339355,1.043466091156006,290.23687744140625,3.2087998390197754,266.45587158203125,256.36578369140625,0.2416322827339172,2.859494209289551,300.0,0.0958041548728942,0.0833333308498065
20200805.0,0.1182713061571121,0.1665661036968231,,,,,,,,,,,,,,,,,
20200806.0,0.1020235568284988,0.1528878360986709,0.0974365025758743,0.0886318683624267,0.13837730884552,,,9.0,0.0887675285339355,1.043466091156006,296.9491577148437,3.181071758270264,272.0523376464844,260.52813720703125,0.0008568424964323,3.726181507110596,300.0,0.0928550958633422,0.0758333336561918
20200807.0,0.0887600034475326,0.1530335545539856,0.1165139302611351,,,,0.0127262184396386,,,,,,,,,,,,
20200808.0,0.0781198218464851,0.1501591950654983,0.1034830883145332,0.1009771004319191,0.1571767330169677,,,9.0,0.0887675285339355,1.043466091156006,300.02490234375,3.1538572311401367,272.5522155761719,261.9801025390625,0.0,3.635640382766724,300.0,0.0896807163953781,0.0708333346992731
20200809.0,0.0730575174093246,0.1506762504577636,0.0823400318622589,0.0836305022239685,0.1292203515768051,0.0251017827540636,0.1511887013912201,9.0,0.0887675285339355,1.043466091156006,299.8719482421875,3.14029598236084,276.32623291015625,263.98828125,0.6121390461921692,2.792467832565308,300.0,0.0764472335577011,0.0689999982714653
20200810.0,0.0715973600745201,0.1670020222663879,,,,0.055045798420906,0.0834681242704391,,,,,,,,,,,,
20200811.0,0.0698553323745727,0.1512394398450851,0.076247364282608,0.0858830139040947,0.1403592675924301,,,9.0,0.0887675285339355,1.043466091156006,301.1156921386719,3.111846685409546,275.734130859375,265.13189697265625,0.789944589138031,2.972039699554444,300.0,0.0746292471885681,0.0660833331445853
20200812.0,0.0735320970416069,0.1545160561800003,0.100127562880516,0.082846000790596,0.1373600959777832,0.060074359178543,0.156102180480957,9.0,0.0887675285339355,1.043466091156006,301.4961853027344,3.103813648223877,276.32135009765625,265.817626953125,1.1481136083602903,2.921224355697632,300.0,0.0717796459794044,0.065416667299966
20200813.0,0.0839987695217132,0.1531276851892471,,,,,0.0512710958719253,,,,,,,,,,,,
20200814.0,0.1657426655292511,0.1994421780109405,0.1581227034330368,0.2603620886802673,0.3096604347229004,,0.2510452568531036,9.0,0.0887675285339355,1.043466091156006,296.54461669921875,3.128431558609009,262.1680908203125,248.7948303222656,10.286540985107422,2.155572891235352,300.0,0.1150562167167663,0.063916668916742
20200815.0,0.2159027457237243,0.1872716397047042,0.1628275066614151,,,0.1165885552763938,0.1637928336858749,,,,,,,,,,,,
20200816.0,0.2217063307762146,0.1811586618423462,0.1497970968484878,0.1926715224981308,0.2428109347820282,,,9.0,0.0887675285339355,1.043466091156006,296.6367492675781,3.154684066772461,266.39141845703125,251.2220764160156,4.402437686920166,3.538663864135742,300.0,0.1289946436882019,0.0638333360354106
20200817.0,0.2367371618747711,0.2029388844966888,0.2004217207431793,0.2418094426393509,0.2911560535430908,0.1414310038089752,0.2268135696649551,9.0,0.0887675285339355,1.043466091156006,293.06744384765625,3.1684439182281494,262.1685791015625,249.3369598388672,8.393814086914062,1.410163402557373,300.0,0.1411500871181488,0.118086957737156
20200818.0,0.2326465398073196,0.2306937277317047,,,,,0.2380443811416626,,,,,,,,,,,,
20200819.0,0.2093031704425811,0.195858359336853,0.2111516445875167,0.2237998992204666,0.2773296535015106,,0.2124088257551193,9.0,0.0887675285339355,1.043466091156006,293.11846923828125,3.196360349655152,261.1600341796875,244.14944458007807,1.1298733949661257,3.0697875022888184,300.0,0.1314056068658828,0.230416665474574
20200820.0,0.204977348446846,0.1896999031305313,0.1794893592596054,0.1683523803949356,0.2143009901046753,0.119695633649826,0.1675160974264145,9.0,0.0887675285339355,1.043466091156006,295.5028381347656,3.210517168045044,267.5717163085937,249.8009796142578,2.771016359329224,2.8422532081604004,300.0,0.1004112511873245,0.219999998807907
20200821.0,0.1946757584810257,0.1774658262729644,,,,,,,,,,,,,,,,,
20200822.0,0.1782627552747726,0.167926087975502,0.1608460396528244,0.1803764700889587,0.2286191135644912,0.1138210222125053,0.2086245268583297,9.0,0.0887675285339355,1.043466091156006,293.2890625,3.239227294921875,266.51275634765625,250.45513916015625,1.6729273796081543,3.1674041748046875,300.0,0.1286563575267791,0.205041668067376
20200823.0,0.1778937131166458,0.1947647631168365,0.1997962296009063,,,0.1246597692370414,0.1576586216688156,,,,,,,,,,,,
20200824.0,0.203327476978302,0.1968545019626617,0.1812849044799804,0.1943757981061935,0.244029089808464,,,9.0,0.0887675285339355,1.043466091156006,289.5445556640625,3.2684671878814697,262.997802734375,248.5479431152344,7.327615261077881,2.646202325820923,300.0,0.1574560701847076,0.193166670699914
20200825.0,0.2266940921545028,0.1965512633323669,0.2068660408258438,0.2036390751600265,0.2537910938262939,0.1423454880714416,0.191442608833313,9.0,0.0887675285339355,1.043466091156006,288.7831115722656,3.2833681106567383,261.1063232421875,244.54962158203125,3.7835540771484375,2.049274206161499,300.0,0.1407599002122879,0.189833330611388
20200826.0,0.2493277639150619,0.2370886206626892,,,,,,,,,,,,,,,,,
20200827.0,0.2254794687032699,0.2298643141984939,0.2398508489131927,0.3015163242816925,0.3444349467754364,0.1657510101795196,0.2478103041648864,9.0,0.0887675285339355,1.043466091156006,289.397216796875,3.314581871032715,254.515365600586,241.9031219482422,4.004981517791748,1.893340826034546,300.0,0.2896181941032409,0.226999999955297
20200828.0,0.2477161586284637,0.2101378291845321,,0.2582123875617981,0.3097984790802002,0.1618839055299759,0.2505569756031036,9.0,0.0887675285339355,1.043466091156006,289.966552734375,3.326837539672852,257.11572265625,241.65147399902344,6.012404441833496,2.949702739715576,300.0,0.2509328722953796,0.233291666333874
20200829.0,0.2373895347118377,0.2429588288068771,,,,,,,,,,,,,,,,,
20200830.0,,,,,,,,9.0,0.0887675285339355,1.043466091156006,289.43603515625,3.327375650405884,254.0526123046875,240.5228729248047,1.5486068725585938,1.858314037322998,300.0,0.3081957697868347,0.248541670540969
20200901.0,,,,,,,,9.0,0.0887675285339355,1.043466091156006,287.6696472167969,3.327235221862793,257.101806640625,240.50747680664065,0.3089847266674042,2.090282678604126,300.0,0.2202220410108566,0.237166667357087
20200902.0,,,,,,,,9.0,0.0887675285339355,1.043466091156006,288.2822265625,3.3269104957580566,254.69305419921875,240.90231323242188,0.0,2.592761516571045,300.0,0.287238597869873,0.230500001460314
20200904.0,,,,,,,,9.0,0.0887675285339355,1.043466091156006,290.8700866699219,3.326261520385742,254.3515167236328,239.116439819336,2.4354310035705566,2.468725681304932,300.0,0.2559012770652771,0.266208338240782
20200905.0,,,,,,,,9.0,0.0887675285339355,1.043466091156006,288.1352233886719,3.325937032699585,254.06088256835932,240.48312377929688,3.527710199356079,2.331277847290039,300.0,0.298414409160614,0.252875005826354
20200907.0,,,,,,,,9.0,0.0887675285339355,1.043466091156006,287.59429931640625,3.3252885341644287,256.0269775390625,242.5684967041016,0.1145823895931243,1.8092546463012693,300.0,0.2669590711593628,0.24112499691546
20200909.0,0.2128484845161438,0.2080841213464737,,0.2321977466344833,0.2808866500854492,0.1659193038940429,0.2297433465719223,9.0,0.0887675285339355,1.043466091156006,290.6815795898437,3.3246400356292725,258.77056884765625,244.81100463867188,0.7441466450691223,0.920444905757904,300.0,0.2679374814033508,0.233916663875182
20200910.0,,,,,,,,9.0,0.0887675285339355,1.043466091156006,287.2259521484375,3.3243465423583984,258.2126159667969,245.92584228515625,0.1255700290203094,1.6386762857437134,300.0,0.2337830960750579,0.232416664560636
20200912.0,,,,,,,,9.0,0.0887675285339355,1.043466091156006,287.0912780761719,3.324129104614258,257.25103759765625,242.87921142578125,0.3048009872436523,1.2622199058532717,300.0,0.2520641982555389,0.225499997536341
20200913.0,,,,,,,,9.0,0.0887675285339355,1.043466091156006,289.6944274902344,3.322729587554932,260.4969787597656,245.19253540039065,0.0,2.002470731735229,300.0,0.1833704262971878,0.221500001847744
20200915.0,,,,,,,,9.0,0.0887675285339355,1.043466091156006,294.0039367675781,3.311254978179932,261.13214111328125,248.12222290039065,0.0008523463038727,2.4166793823242188,300.0,0.1980884820222854,0.212624998763204
20200916.0,0.1520579904317855,0.1789320558309555,,,,,,,,,,,,,,,,,
20200917.0,0.1428937464952469,0.1688938289880752,,0.185504600405693,0.2332668751478195,0.13047556579113,0.2220526784658432,9.0,0.0887675285339355,1.043466091156006,287.7570495605469,3.2996134757995605,262.6036376953125,246.4097900390625,0.0032684428151696,2.1840929985046387,300.0,0.1389060318470001,0.200375000635783
20200918.0,0.1340478807687759,0.168510228395462,0.1385340392589569,0.180242046713829,0.2295916676521301,,0.1672414392232895,9.0,0.0887675285339355,1.043466091156006,286.93603515625,3.293731689453125,260.7089233398437,247.072021484375,0.0025673774071037,2.1448724269866943,300.0,0.1687996983528137,0.193833331887921
20200919.0,0.1253998428583145,0.1733272969722747,,,,,0.0,,,,,,,,,,,,
20200920.0,0.1175003349781036,0.1633215099573135,,0.153079479932785,0.2048911303281784,0.1146461144089698,0.1746574342250824,9.0,0.0887675285339355,1.043466091156006,287.7524719238281,3.282028913497925,262.435791015625,250.3121795654297,0.0017176661640405,1.957717776298523,300.0,0.1422377973794937,0.179499998688698
20200921.0,0.1111248806118965,0.157785415649414,0.1325213611125946,0.1627883166074752,0.2205678224563598,,,9.0,0.0887675285339355,1.043466091156006,288.65673828125,3.2762084007263184,261.101318359375,251.3072052001953,0.0004231928905937,1.8020832538604736,300.0,0.1665475517511367,0.173666666572293
20200922.0,0.1057782396674156,0.1711206585168838,,,,0.1012050956487655,0.189153715968132,,,,,,,,,,,,
20200923.0,0.1040886640548706,0.1580644845962524,0.1156503483653068,0.1276894360780716,0.1718449294567108,,0.0950041189789772,9.0,0.0887675285339355,1.043466091156006,288.4967346191406,3.264627456665039,265.8246765136719,251.50311279296875,2.905698537826538,1.45990252494812,300.0,0.1105329990386962,0.163083336005608
20200924.0,0.1554555743932724,0.2008668184280395,,,,,0.0,,,,,,,,,,,,
20200925.0,0.1994004994630813,0.1973070651292801,0.207510843873024,0.2633343636989593,0.3116483986377716,0.1609980314970016,0.1958372741937637,9.0,0.0887675285339355,1.043466091156006,285.0902099609375,3.253128290176392,254.79476928710932,239.84478759765625,0.6454460024833679,1.734617829322815,300.0,0.2405824363231659,0.157999999821186
20200926.0,0.1927451342344284,0.1995771825313568,0.1911586076021194,0.2385004311800003,0.2872999608516693,,,9.0,0.0887675285339355,1.043466091156006,285.5909423828125,3.2473740577697754,255.1376342773437,239.77713012695312,9.03341007232666,1.2087146043777466,300.0,0.1995689421892166,0.15708333812654
20200927.0,0.2458466738462448,0.2555207312107086,,,,0.2104629725217819,0.2592242062091827,,,,,,,,,,,,
20200928.0,0.2155365496873855,0.2385574281215667,0.2357584089040756,0.2847495377063751,0.3369690477848053,,0.2078920900821685,9.0,0.0887675285339355,1.043466091156006,285.9280700683594,3.2355048656463623,251.78941345214844,235.70263671875,0.6387600302696228,0.5415024161338806,300.0,0.2691097259521484,0.224749999120831
20200929.0,0.236186072230339,0.241186261177063,0.2510338127613067,0.3190436363220215,0.3611751496791839,,,9.0,0.0887675285339355,1.043466091156006,285.9889221191406,3.231074810028076,249.507568359375,235.7569580078125,4.613375663757324,0.4714012145996094,300.0,0.3038032650947571,0.232958334808548
20200930.0,0.2218336462974548,0.2234102040529251,,,,0.1730220466852188,0.2576677799224853,,,,,,,,,,,,
20201001.0,0.2354471683502197,0.2074178904294967,0.2277746796607971,0.2479581534862518,0.3105699717998504,,,9.0,0.0887675285339355,1.043466091156006,287.0705871582031,3.232170343399048,253.9790954589844,233.97805786132807,7.203992366790772,1.5026355981826782,300.0,0.1823567301034927,0.227666666110357
20201002.0,0.2393054068088531,0.2124478220939636,0.2462278455495834,,,0.1873188763856887,0.347392201423645,,,,,,,,,,,,
20201003.0,0.2385599911212921,0.2053040862083435,0.2443408370018005,0.2743608653545379,0.3369359374046325,0.1786963045597076,0.2359080761671066,9.0,0.0887675285339355,1.043466091156006,286.5608215332031,3.23354721069336,251.90675354003903,233.0574951171875,6.017852306365967,0.9284507036209106,300.0,0.2257979363203048,0.228833331416051
20201004.0,0.244937390089035,0.2218305468559265,,0.3030307292938232,0.3503662049770355,,,9.0,0.0887675285339355,1.043466091156006,284.69696044921875,3.234341859817505,249.8076171875,234.63433837890625,0.7667136788368225,1.6964370012283323,300.0,0.302344411611557,0.2380000030001
20201005.0,0.2329135984182357,0.2089006751775741,,,,0.2194064110517501,0.2797326445579529,,,,,,,,,,,,
20201006.0,0.26112961769104,0.2205933332443237,0.2766371965408325,0.3341492712497711,0.3763906061649322,,0.221594899892807,9.0,0.0887675285339355,1.043466091156006,284.8003234863281,3.235931396484375,247.81414794921875,233.50048828125,7.3098225593566895,1.5726157426834106,300.0,0.3291812241077423,0.25942105839127
20201007.0,0.2631647884845733,0.2246258705854416,0.2768213748931885,0.3073393404483795,0.3734218776226043,,0.4506668150424957,9.0,0.0887675285339355,1.043466091156006,284.7934265136719,3.236727237701416,247.9918212890625,229.5428924560547,4.120901584625244,1.4525777101516724,300.0,0.298859179019928,0.263000006477038
20201008.0,0.2872717678546905,0.2369785159826278,,,,0.1805532276630401,0.2889492511749267,,,,,,,,,,,,
20201009.0,0.2724886238574981,0.2300736457109451,,,,,,,,,,,,,,,,,
20201010.0,0.2873729765415191,0.2168351709842682,0.2921177446842193,,,0.2524010241031647,0.3849299550056457,,,,,,,,,,,,
20201011.0,0.2760455310344696,0.224497452378273,0.2972081303596496,0.4043419957160949,0.4443331956863403,,0.2313608229160308,9.0,0.0887675285339355,1.043466091156006,281.61279296875,3.23991322517395,241.582260131836,227.3418884277344,1.0098029375076294,1.0972485542297363,300.0,0.3731870651245117,0.280750001470248
20201012.0,0.2580322325229645,0.2320021986961364,0.3012867569923401,0.3535228073596954,0.422405868768692,,0.0003051850944757,9.0,0.0887675285339355,1.043466091156006,282.99609375,3.24069881439209,242.8360290527344,225.06954956054688,0.545768678188324,1.020735263824463,300.0,0.3488315045833587,0.272625005493561
20201013.0,0.2465072870254516,0.2195879220962524,,,,0.2170313447713852,0.2835779786109924,,,,,,,,,,,,
20201014.0,0.2371632754802703,0.2074986845254898,0.2873351573944092,0.3068315684795379,0.3681948781013489,,,9.0,0.0887675285339355,1.043466091156006,281.7027587890625,3.242126941680908,246.09255981445312,228.04595947265625,0.0129424268379807,0.7240788340568542,300.0,0.2856488823890686,0.256416672219833
20201015.0,0.2301029711961746,0.2141871303319931,0.2896424829959869,0.2816821932792663,0.3599509298801422,,0.108340710401535,9.0,0.0887675285339355,1.043466091156006,280.94305419921875,3.2433462142944336,246.4823760986328,225.1591186523437,0.0341418646275997,0.5940173268318176,300.0,0.2301290482282638,0.251166669030984
20201016.0,0.2241332679986953,0.2156890481710434,,,,,0.1033356711268425,,,,,,,,,,,,
20201017.0,0.2196700721979141,0.2066674381494522,0.2755913138389587,0.2794694006443023,0.3450285196304321,,,9.0,0.0887675285339355,1.043466091156006,281.6109619140625,3.249207019805908,246.26280212402344,226.7508544921875,0.0750861391425132,0.5228090286254883,300.0,0.2692022621631622,0.243250001221895
20201018.0,0.2193601578474044,0.2022648304700851,0.2909666895866394,,,0.1963466107845306,0.2681051194667816,,,,,,,,,,,,
20201019.0,0.22042316198349,0.2066889703273773,0.283604234457016,0.2735494077205658,0.3349439203739166,,,9.0,0.0887675285339355,1.043466091156006,281.4950256347656,3.255186080932617,247.3978576660156,228.3502960205078,0.3683777749538421,0.736645519733429,300.0,0.2595883905887604,0.239999994635582
20201020.0,0.2322535514831543,0.2053117901086807,0.2741953730583191,0.299034982919693,0.3544587194919586,0.1943884342908859,0.3632313013076782,9.0,0.0887675285339355,1.043466091156006,283.1667785644531,3.258220195770264,245.9947509765625,228.744140625,5.816102027893066,0.7201076149940491,300.0,0.3165106177330017,0.238583335652947
20201021.0,0.2821761667728424,0.2321453243494033,,,,0.2168271392583847,0.2485732585191726,,,,,,,,,,,,
20201022.0,0.2530416846275329,0.2184835970401764,0.3105721473693847,0.3291126787662506,0.4053491950035095,,,9.0,0.0887675285339355,1.043466091156006,287.3704833984375,3.26430606842041,245.65802001953125,226.25946044921875,0.0052787787280976,1.143317461013794,300.0,0.3284032344818115,0.250916668524345
20201023.0,0.2419272512197494,0.2072270810604095,0.2895637452602386,0.3262757956981659,0.3922821879386902,,0.1826837956905365,9.0,0.0887675285339355,1.043466091156006,285.52490234375,3.267357349395752,245.798828125,227.5004272460937,0.7244669795036316,0.720404326915741,300.0,0.3388583958148956,0.246583329513669
20201024.0,0.238109603524208,0.2136305421590805,,,,,,,,,,,,,,,,,
20201025.0,0.2545450329780578,0.2148660272359848,0.3131684958934784,0.2971105277538299,0.3752021789550781,,0.3341776728630066,9.0,0.0887675285339355,1.043466091156006,285.2184753417969,3.273476839065552,247.84263610839844,227.02783203125,5.454968452453613,1.2044469118118286,300.0,0.2779611647129059,0.242750000208616
20201026.0,0.2534683644771576,0.2133352309465408,0.3054602146148681,,,0.2010712176561355,0.2333750426769256,,,,,,,,,,,,
20201027.0,0.2420126795768737,0.2089937031269073,0.2976147532463074,0.2998523414134979,0.3655091226100921,,,9.0,0.0887675285339355,1.043466091156006,282.8672790527344,3.2796194553375244,246.6341552734375,227.58856201171875,3.5704777240753174,1.1136586666107178,300.0,0.3108214437961578,0.239999994635582
20201028.0,0.2677484452724457,0.2081426382064819,0.2984956204891205,0.3517205715179443,0.4086178541183471,0.2459209114313125,0.2775048017501831,9.0,0.0887675285339355,1.043466091156006,283.4642639160156,3.2827258110046387,243.69549560546875,226.8582763671875,6.4212646484375,1.6046528816223145,300.0,0.3682596087455749,0.247041667501132
20201029.0,0.2786784172058105,0.2289275377988815,,,,,0.2478408217430114,,,,,,,,,,,,
20201030.0,0.2759193778038025,0.2414793819189071,0.3280375897884369,0.3557793498039245,0.4235207438468933,,0.3614307045936584,9.0,0.0887675285339355,1.043466091156006,286.3872985839844,3.2892813682556152,243.41079711914065,225.387939453125,2.1148927211761475,0.9484562873840332,300.0,0.3599600195884704,0.272208340466022
20201031.0,0.2603724896907806,0.241301491856575,0.3375499844551086,0.3412791490554809,0.3975606262683868,0.2470939606428146,0.2941068708896637,9.0,0.0887675285339355,1.043466091156006,286.9369506835937,3.2914302349090576,245.96112060546875,228.8099365234375,0.3430366516113281,1.1560721397399902,300.0,0.35349240899086,0.270217399234357
20201101.0,0.2562080323696136,0.2396322190761566,,,,,,,,,,,,,,,,,
20201102.0,0.2739380598068237,0.2366498410701751,0.3373734354972839,0.3856615424156189,0.4376216530799866,0.271110326051712,0.2795800566673279,9.0,0.0887675285339355,1.043466091156006,288.9651184082031,3.288046360015869,244.6045379638672,228.30226135253903,0.9582026600837708,1.212222695350647,300.0,0.3671134114265442,0.271652177624081
20201103.0,0.2516361176967621,0.2262358218431472,0.3363227546215057,,,,0.2772301435470581,,,,,,,,,,,,
20201104.0,0.2416055798530578,0.216870442032814,0.3201967775821686,0.3656332492828369,0.4375866949558258,,0.334604948759079,9.0,0.0887675285339355,1.043466091156006,280.3861389160156,3.284453868865967,241.73370361328125,223.4154357910156,0.030149171128869,0.6284722685813904,300.0,0.333920419216156,0.258375003933907
20201105.0,0.2360806465148925,,0.3069318234920501,0.3741151988506317,0.4420502483844757,0.2495520859956741,0.3109835982322693,9.0,0.0887675285339355,1.043466091156006,279.0022888183594,3.2825794219970703,239.796875,222.09629821777344,0.0008619804866611,0.2734884023666382,300.0,0.3384854793548584,0.254083341608445
20201106.0,0.2319676280021667,0.2252684384584427,,,,,,,,,,,,,,,,,
20201107.0,0.2277303040027618,0.2125993967056274,0.2903181314468384,0.3533101081848144,0.4207632541656494,0.1898159086704254,0.3757133781909942,9.0,0.0887675285339355,1.043466091156006,280.2250671386719,3.278836727142334,240.63885498046875,222.59864807128903,0.0017136335372924,0.4712564349174499,300.0,0.3400556445121765,0.247208327675859
20201108.0,0.2241341173648834,0.2145100086927414,0.2965762615203857,,,0.2309318482875824,0.3026825785636902,,,,,,,,,,,,
20201109.0,0.23755843937397,0.2181789427995681,,,,,,,,,,,,,,,,,
20201110.0,0.2420596331357956,0.2221606820821762,0.3091981410980224,0.3234562277793884,0.3752245903015136,0.215068906545639,0.2865687906742096,9.0,0.0887675285339355,1.043466091156006,281.9490051269531,3.2732391357421875,244.5950927734375,227.7957305908203,0.0299323666840791,0.2922217547893524,300.0,0.3227582573890686,0.244500003755093
20201111.0,0.2345390319824218,0.2207578718662262,0.3198340237140655,,,,,,,,,,,,,,,,
20201112.0,0.2486547827720642,0.2121389806270599,0.3015991151332855,0.3315679728984833,0.3691395819187164,,0.3968016505241394,9.0,0.0887675285339355,1.043466091156006,282.9122314453125,3.269517660140991,245.0376434326172,230.58151245117188,3.540935039520264,0.889673113822937,300.0,0.3520627021789551,0.251791670918465
20201113.0,0.2435038685798645,,0.3250965774059295,0.3846015334129333,0.4410803616046905,0.2173569500446319,0.2410351932048797,9.0,0.0887675285339355,1.043466091156006,282.4242248535156,3.267685413360596,240.2827911376953,223.73794555664065,0.6528765559196472,0.3748878836631775,300.0,0.3636648952960968,0.258833336333434
20201114.0,0.2404996007680893,0.2161923050880432,,,,,,,,,,,,,,,,,
20201115.0,0.2547289729118347,,0.3311540782451629,0.3399047553539276,0.4103501439094543,0.2544631063938141,0.3159581422805786,9.0,0.0887675285339355,1.043466091156006,285.1797790527344,3.2643301486968994,243.6401824951172,224.82586669921875,6.990234851837158,1.6778582334518433,300.0,0.355987399816513,0.260125008722146
20201116.0,0.2679162323474884,0.2321714162826538,0.3576754629611969,0.4388125836849212,0.5436383485794067,,0.1742912083864212,9.0,0.0887675285339355,1.043466091156006,282.2910461425781,3.2615952491760254,236.096435546875,217.2736053466797,2.321441650390625,1.083659052848816,300.0,0.4061139225959778,0.2763333377384
20201117.0,0.2538577020168304,0.2485506385564804,,,,,0.4787743687629699,,,,,,,,,,,,
20201118.0,0.2437801957130432,0.2288664877414703,0.3535112142562866,0.3690887689590454,0.4671700000762939,0.238203763961792,0.2790612578392029,9.0,0.0887675285339355,1.043466091156006,284.32720947265625,3.249023199081421,239.8148193359375,219.54161071777344,0.0522428080439567,0.6963198184967041,300.0,0.357948362827301,0.270416672031085
20201119.0,0.241952359676361,0.2295919805765152,0.3651081621646881,0.4099290668964386,0.492011159658432,,,9.0,0.0887675285339355,1.043466091156006,281.505126953125,3.2427737712860107,238.66314697265625,220.5479736328125,1.498597264289856,0.8865921497344971,300.0,0.3756774365901947,0.264416666080554
20201120.0,0.2419448494911193,,,0.3440823256969452,0.4237912893295288,0.2437400668859481,0.2726828753948211,9.0,0.0887675285339355,1.043466091156006,277.2372741699219,3.2363500595092773,240.6060028076172,221.2000732421875,0.5041999816894531,0.4507980346679687,300.0,0.301064521074295,0.262125007808208
20201121.0,0.2362920939922332,0.2317987829446792,0.3535107672214508,0.357431024312973,0.4507219791412353,,0.3717764914035797,9.0,0.0887675285339355,1.043466091156006,280.5146179199219,3.2299771308898926,237.8790283203125,217.8104248046875,0.1552767604589462,0.4187752306461334,300.0,0.349226176738739,0.257750000804663
20201122.0,0.2438968420028686,,,,,,0.3564561903476715,,,,,,,,,,,,
20201123.0,0.2375243455171585,0.2223559319972992,0.3506602048873901,0.38733771443367,0.4624210596084595,0.2254538834095001,0.3385723531246185,9.0,0.0887675285339355,1.043466091156006,278.5760498046875,3.217308521270752,238.23147583007807,220.30535888671875,0.0026021243538707,0.353809654712677,300.0,0.3416565060615539,0.259083336840073
20201124.0,0.2325838357210159,,0.3444029092788696,0.3534015715122223,0.4198146462440491,,,9.0,0.0887675285339355,1.043466091156006,279.9820861816406,3.211012840270996,240.03273010253903,222.2032165527344,0.1269231587648391,0.1876383423805236,300.0,0.3364056944847107,0.25670833637317
20201125.0,0.2286619395017624,,,,,0.1906851679086685,0.299722284078598,,,,,,,,,,,,
20201126.0,0.2451405972242355,0.2261811792850494,0.3406998813152313,0.3111566305160522,0.3863525092601776,0.2096643298864364,0.2785729467868805,9.0,0.0887675285339355,1.043466091156006,281.96112060546875,3.1984992027282715,241.88668823242188,221.7017364501953,8.23082447052002,0.1512710005044937,300.0,0.2888294458389282,0.253750007599592
20201128.0,0.2583446800708771,0.2219132930040359,0.340050607919693,0.3448702692985534,0.4042936265468597,,0.0330820642411708,9.0,0.0887675285339355,1.043466091156006,276.9280700683594,3.1860885620117188,239.82101440429688,222.1146697998047,0.0190243441611528,0.3688709735870361,300.0,0.3036922514438629,0.261083340893189
20201129.0,0.2492573112249374,0.2215637564659118,0.3381066024303436,0.3575493097305298,0.4251607060432434,,,9.0,0.0887675285339355,1.043466091156006,273.863525390625,3.1798763275146484,237.18228149414065,218.85476684570312,0.0156825315207242,0.3306283056735992,300.0,0.3071805536746979,0.257416669279337
20201130.0,0.2516933381557464,0.2025645673274994,,,,,0.4799645841121673,,,,,,,,,,,,
20201201.0,0.2832834422588348,0.2357461303472519,0.3618779182434082,0.3660923540592193,0.4276387691497803,0.2378980070352554,0.249488815665245,9.0,0.0887675285339355,1.043466091156006,279.4783020019531,3.166987419128418,236.228256225586,218.4452667236328,3.29736590385437,0.3417176604270935,300.0,0.3715693354606628,0.282100005447865
20201202.0,0.2630010843276977,,,0.3853758871555328,0.4610383808612823,,,9.0,0.0887675285339355,1.043466091156006,278.0432434082031,3.1624786853790283,235.2357177734375,216.465576171875,0.6627981662750244,0.2111395746469497,300.0,0.3603623509407043,0.275291671355565
20201203.0,0.2647504210472107,0.2334587424993515,,,,0.2673354148864746,0.3642994463443756,,,,,,,,,,,,
20201204.0,0.2735531330108642,,0.3593171536922455,0.3999444842338562,0.4540513753890991,,0.1439558118581771,9.0,0.0887675285339355,1.043466091156006,277.9144592285156,3.166274309158325,234.8861389160156,217.8604431152344,1.9436005353927608,0.9684321284294128,300.0,0.3960694670677185,0.27745833620429
20201205.0,0.2587717175483703,0.2210660874843597,0.3547635376453399,0.3886262774467468,0.4694793820381164,,0.4837183654308319,9.0,0.0887675285339355,1.043466091156006,273.9176330566406,3.16817593574524,233.51666259765625,214.218505859375,0.238200843334198,0.1434545814990997,300.0,0.3460033237934112,0.272875004758437
20201206.0,0.2539683878421783,0.212025910615921,0.3303004503250122,0.3823957145214081,0.4723363518714905,0.2074977308511734,0.2562028765678406,9.0,0.0887675285339355,1.043466091156006,274.1064147949219,3.170442819595337,231.98712158203125,211.91763305664065,3.319018840789795,0.0847560241818428,300.0,0.3512220084667206,0.268958340088526
20201207.0,0.2966341376304626,,0.3861419856548309,0.3843226134777069,0.4691624343395233,,,9.0,0.0887675285339355,1.043466091156006,277.4525451660156,3.1726677417755127,232.8627166748047,213.04849243164065,7.483063697814941,0.3716791272163391,300.0,0.3780381381511688,0.299125000834465
20201208.0,0.2735258638858795,,,,,0.2799824774265289,0.3182775378227234,,,,,,,,,,,,
20201209.0,0.2617364227771759,,,,,,0.461226224899292,,,,,,,,,,,,
20201210.0,0.2548668682575226,0.2241789102554321,0.3554352521896362,0.3651227355003357,0.4522688388824463,,0.2445448189973831,9.0,0.0887675285339355,1.043466091156006,274.2099609375,3.179363250732422,232.0028076171875,211.3895568847656,0.0374113135039806,0.1695547550916671,300.0,0.3589264154434204,0.275083339462678
20201211.0,0.2554570436477661,0.2143525928258896,,,,0.2272457927465438,0.2685934007167816,,,,,,,,,,,,
20201212.0,0.2588577568531036,0.2365959584712982,0.3621512651443481,0.3362927138805389,0.3923187851905823,,,9.0,0.0887675285339355,1.043466091156006,278.13916015625,3.183843851089477,235.91162109375,217.20639038085932,0.5954706072807312,0.1432074904441833,300.0,0.3518933653831482,0.276000007277443
20201213.0,0.2547011077404022,,,0.3445489108562469,0.3926453292369842,0.2657661139965057,0.395886093378067,9.0,0.0887675285339355,1.043466091156006,278.1616516113281,3.186089277267456,236.9100341796875,219.07302856445312,0.7860971093177795,0.3288197517395019,300.0,0.3602569103240967,0.279304350199907
20201214.0,0.274697482585907,,0.3544751703739166,0.3394589424133301,0.3804136216640472,0.2202913463115692,0.3589587211608886,9.0,0.0887675285339355,1.043466091156006,280.5039367675781,3.188338041305542,238.5067443847656,221.34439086914065,7.075139045715332,0.7320808172225952,300.0,0.3743257224559784,0.278409094973044
20201215.0,0.2917906641960144,0.2358342111110687,0.3707560300827026,0.3607417345046997,0.4308564066886902,,,9.0,0.0887675285339355,1.043466091156006,280.8583374023437,3.190584897994995,236.1097717285156,216.1959686279297,4.02558708190918,0.0075014368630945,300.0,0.3416661620140075,0.291761909212385
20201216.0,0.2735079228878021,,,,,,0.1803643852472305,,,,,,,,,,,,
20201217.0,0.2877015471458435,0.2343265116214752,0.3859525024890899,0.3787981867790222,0.4272315502166748,,,9.0,0.0887675285339355,1.043466091156006,281.18316650390625,3.1950225830078125,236.6976928710937,218.99606323242188,4.734391689300537,0.5538930892944336,300.0,0.3797135353088379,0.288625003149112
20201218.0,0.2715596258640289,,0.3714956045150757,0.3672347068786621,0.4261916577816009,0.2545407712459564,0.3943601846694946,9.0,0.0887675285339355,1.043466091156006,279.326904296875,3.1974778175354004,236.96267700195312,218.1207733154297,0.0035337738227099,0.3065461218357086,300.0,0.3521986305713653,0.284291668484608
20201219.0,0.2617825865745544,,,,,,0.0933866426348686,,,,,,,,,,,,
20201220.0,0.2574092745780945,0.2213780432939529,0.3714174330234527,0.3558023869991302,0.4191693663597107,,,9.0,0.0887675285339355,1.043466091156006,280.2474670410156,3.2039694786071777,237.84640502929688,218.3604736328125,0.2846118807792663,0.1426025480031967,300.0,0.344532161951065,0.274250004440546
20201221.0,0.2755621075630188,,0.3637100756168365,0.3732832968235016,0.4225826561450958,0.006234613712877,0.0856044217944145,9.0,0.0887675285339355,1.043466091156006,279.7271423339844,3.207225799560547,237.08041381835932,219.24420166015625,15.403135299682615,0.4832551479339599,300.0,0.3523297607898712,0.273666671166817
20201222.0,0.3116238415241241,0.2534463405609131,0.4174337685108185,0.3964558839797973,0.4850225150585174,,0.158848837018013,9.0,0.0887675285339355,1.043466091156006,283.3119506835937,3.210533142089844,234.3622589111328,213.8853912353516,4.812003135681152,0.4475278258323669,300.0,0.3897258043289184,0.334583333383004
20201223.0,0.3175147175788879,0.2437704801559448,,0.3885195553302765,0.4650356769561767,,,9.0,0.0887675285339355,1.043466091156006,282.2693176269531,3.2138426303863525,235.70413208007807,215.8337554931641,17.691864013671875,0.1267041265964508,300.0,0.3421576023101806,0.332416668534279
20201231.0,0.275252491235733,,0.4190970063209533,0.4334607124328613,0.5329316854476929,0.2918644249439239,0.4064455032348633,9.0,0.0887675285339355,1.043466091156006,275.1918029785156,3.240489959716797,229.2025146484375,209.51866149902344,0.3662760555744171,0.2743035554885864,300.0,0.413860410451889,0.450333333263795
