date,smap_freq,smap_theta,mcd12c1_IGBP_land_cover,omega_land_cover,roughness_land_cover,b_land_cover,soilgrid_clay_fraction,soilgrid_bulk_density,era5_surface_temperature,vwc_mcd13_sf_land,smap_tb_v_corrected,smap_tb_h_corrected,era5_prep,era5_evap,koppen_climate_5_types,insitu_sm
20150401.0,1.409999966621399,40.0,12.0,0.05999999865889549,0.1080000028014183,0.10999999940395355,0.3983314037322998,1.2977851629257202,283.82830810546875,0.40447142720222473,233.86927795410156,199.40939331054688,3.6037967205047607,2.472123146057129,400.0,0.0601250003091991
20150403.0,1.409999966621399,40.0,12.0,0.05999999865889549,0.1080000028014183,0.10999999940395355,0.3983314037322998,1.2977851629257202,280.5513610839844,0.3877342939376831,242.9689483642578,211.67637634277344,1.1499367952346802,2.7683908939361572,400.0,0.0502083335692684
20150406.0,1.409999966621399,40.0,12.0,0.05999999865889549,0.1080000028014183,0.10999999940395355,0.3983314037322998,1.2977851629257202,277.6175537109375,0.36321839690208435,245.5247802734375,217.80189514160156,22.220121383666992,1.4204610586166382,400.0,0.06195833425348
20150408.0,1.409999966621399,40.0,12.0,0.05999999865889549,0.1080000028014183,0.10999999940395355,0.3983314037322998,1.2977851629257202,280.6884460449219,0.3461027145385742,226.63478088378906,193.73773193359375,0.16930997371673584,2.3106539249420166,400.0,0.0647083347042402
20150409.0,1.409999966621399,40.0,12.0,0.05999999865889549,0.1080000028014183,0.10999999940395355,0.3983314037322998,1.2977851629257202,281.39801025390625,0.33702772855758667,236.28868103027344,204.8535614013672,0.11101910471916199,2.6714999675750732,400.0,0.0572916666666667
20150411.0,1.409999966621399,40.0,12.0,0.05999999865889549,0.1080000028014183,0.10999999940395355,0.3983314037322998,1.2977851629257202,284.9551086425781,0.3193776309490204,245.08450317382812,218.33819580078125,0.0025629987940192223,3.217284679412842,400.0,0.0530833333420257
20150414.0,1.409999966621399,40.0,12.0,0.05999999865889549,0.1080000028014183,0.10999999940395355,0.3983314037322998,1.2977851629257202,283.4215087890625,0.29403454065322876,255.18499755859375,230.30722045898438,3.1103286743164062,2.306490898132324,400.0,0.0451666677060227
20150416.0,1.409999966621399,40.0,12.0,0.05999999865889549,0.1080000028014183,0.10999999940395355,0.3983314037322998,1.2977851629257202,288.32794189453125,0.2699846029281616,258.24169921875,233.6221923828125,0.00043511379044502974,3.492391586303711,400.0,0.0442500001130005
20150417.0,1.409999966621399,40.0,12.0,0.05999999865889549,0.1080000028014183,0.10999999940395355,0.3983314037322998,1.2977851629257202,290.9056396484375,0.2539016008377075,259.81207275390625,237.8199462890625,0.0008523463038727641,4.0448808670043945,400.0,0.0431666669125358
20150419.0,1.409999966621399,40.0,12.0,0.05999999865889549,0.1080000028014183,0.10999999940395355,0.3983314037322998,1.2977851629257202,282.8951110839844,0.2243855744600296,238.50628662109375,206.39511108398438,1.646723747253418,3.4599623680114746,400.0,0.032217391240208
20150422.0,1.409999966621399,40.0,12.0,0.05999999865889549,0.1080000028014183,0.10999999940395355,0.3983314037322998,1.2977851629257202,281.67279052734375,0.18087568879127502,249.87164306640625,223.7209014892578,1.713998556137085,2.9642443656921387,400.0,0.125458334883054
20150424.0,1.409999966621399,40.0,12.0,0.05999999865889549,0.1080000028014183,0.10999999940395355,0.3983314037322998,1.2977851629257202,287.2008361816406,0.16468173265457153,256.5851135253906,233.43455505371094,0.000852346362080425,3.5839948654174805,400.0,0.123875000824531
20150425.0,1.409999966621399,40.0,12.0,0.05999999865889549,0.1080000028014183,0.10999999940395355,0.3983314037322998,1.2977851629257202,289.2182312011719,0.1633835732936859,261.3662414550781,238.50390625,0.01306334137916565,3.4053680896759033,400.0,0.122916666480402
20150427.0,1.409999966621399,40.0,12.0,0.05999999865889549,0.1080000028014183,0.10999999940395355,0.3983314037322998,1.2977851629257202,290.669677734375,0.15796853601932526,267.80267333984375,248.2095947265625,0.06094125285744667,3.645329713821411,400.0,0.119999999490877
20150430.0,1.409999966621399,40.0,12.0,0.05999999865889549,0.1080000028014183,0.10999999940395355,0.3983314037322998,1.2977851629257202,286.9312744140625,0.1500520557165146,257.24755859375,230.17776489257812,0.21576744318008423,2.2150676250457764,400.0,0.118041666224599
20150502.0,1.409999966621399,40.0,12.0,0.05999999865889549,0.1080000028014183,0.10999999940395355,0.3983314037322998,1.2977851629257202,289.3966979980469,0.14996252954006195,267.7524108886719,245.8621368408203,6.651678562164307,1.9314072132110596,400.0,0.116166666770975
20150503.0,1.409999966621399,40.0,12.0,0.05999999865889549,0.1080000028014183,0.10999999940395355,0.3983314037322998,1.2977851629257202,288.82781982421875,0.15292775630950928,256.4520263671875,229.58340454101562,0.044897448271512985,2.9879629611968994,400.0,0.118416666363676
20150505.0,1.409999966621399,40.0,12.0,0.05999999865889549,0.1080000028014183,0.10999999940395355,0.3983314037322998,1.2977851629257202,292.93572998046875,0.15760619938373566,267.8964538574219,247.99961853027344,0.007518944796174765,3.0998706817626953,400.0,0.119708333474894
20150508.0,1.409999966621399,40.0,12.0,0.05999999865889549,0.1080000028014183,0.10999999940395355,0.3983314037322998,1.2977851629257202,291.4063415527344,0.16526420414447784,247.30868530273438,213.8940887451172,0.038423191756010056,3.8883073329925537,400.0,0.14666666649282
20150511.0,1.409999966621399,40.0,12.0,0.05999999865889549,0.1080000028014183,0.10999999940395355,0.3983314037322998,1.2977851629257202,290.0945739746094,0.16400982439517975,264.3698425292969,235.8106689453125,0.15945185720920563,3.8092563152313232,400.0,0.127041664905846
20150516.0,1.409999966621399,40.0,12.0,0.05999999865889549,0.1080000028014183,0.10999999940395355,0.3983314037322998,1.2977851629257202,291.7084045410156,0.15582521259784698,275.6523132324219,256.0180358886719,0.31171828508377075,3.1645913124084473,400.0,0.119458333589137
20150518.0,1.409999966621399,40.0,12.0,0.05999999865889549,0.1080000028014183,0.10999999940395355,0.3983314037322998,1.2977851629257202,293.4737854003906,0.15587449073791504,261.5855712890625,234.72720336914062,0.06477811187505722,3.913276195526123,400.0,0.121791666994492
20150519.0,1.409999966621399,40.0,12.0,0.05999999865889549,0.1080000028014183,0.10999999940395355,0.3983314037322998,1.2977851629257202,294.2138671875,0.15789827704429626,272.72039794921875,248.06353759765625,0.002581436652690172,4.2652482986450195,400.0,0.119708332854013
20150521.0,1.409999966621399,40.0,12.0,0.05999999865889549,0.1080000028014183,0.10999999940395355,0.3983314037322998,1.2977851629257202,294.10302734375,0.16110868752002716,275.8245544433594,256.4084167480469,0.0,3.946457862854004,400.0,0.114333334068457
20150524.0,1.409999966621399,40.0,12.0,0.05999999865889549,0.1080000028014183,0.10999999940395355,0.3983314037322998,1.2977851629257202,295.1771240234375,0.1662335991859436,278.48846435546875,260.56341552734375,0.0008658822625875473,3.685772180557251,400.0,0.110958333748082
20150526.0,1.409999966621399,40.0,12.0,0.05999999865889549,0.1080000028014183,0.10999999940395355,0.3983314037322998,1.2977851629257202,293.9462585449219,0.16813518106937408,278.5172119140625,261.1158142089844,1.7060766220092773,3.8438844680786133,400.0,0.108624999721845
20150527.0,1.409999966621399,40.0,12.0,0.05999999865889549,0.1080000028014183,0.10999999940395355,0.3983314037322998,1.2977851629257202,293.79510498046875,0.16819316148757935,279.0582275390625,259.8044738769531,0.1881301999092102,3.433039903640747,400.0,0.107166667468846
20150529.0,1.409999966621399,40.0,12.0,0.05999999865889549,0.1080000028014183,0.10999999940395355,0.3983314037322998,1.2977851629257202,290.10614013671875,0.16868945956230164,276.1954040527344,257.9786376953125,0.03373531997203827,2.302264928817749,400.0,0.103333334128062
20150601.0,1.409999966621399,40.0,12.0,0.05999999865889549,0.1080000028014183,0.10999999940395355,0.3983314037322998,1.2977851629257202,295.8169250488281,0.1680961400270462,279.5177001953125,262.85772705078125,0.009542602114379406,3.8260035514831543,400.0,0.102833333114783
20150606.0,1.409999966621399,40.0,12.0,0.05999999865889549,0.1080000028014183,0.10999999940395355,0.3983314037322998,1.2977851629257202,295.37091064453125,0.23559099435806274,262.443115234375,232.385009765625,0.001723546884022653,4.413382530212402,400.0,0.128250000998378
20150609.0,1.409999966621399,40.0,12.0,0.05999999865889549,0.1080000028014183,0.10999999940395355,0.3983314037322998,1.2977851629257202,295.1312561035156,0.28990253806114197,276.5373840332031,258.33355712890625,0.026226697489619255,2.860502004623413,400.0,0.110625000360111
20150611.0,1.409999966621399,40.0,12.0,0.05999999865889549,0.1080000028014183,0.10999999940395355,0.3983314037322998,1.2977851629257202,297.252197265625,0.31483912467956543,275.40887451171875,260.70574951171875,0.1700689196586609,4.093067169189453,400.0,0.110083332906167
20150612.0,1.409999966621399,40.0,12.0,0.05999999865889549,0.1080000028014183,0.10999999940395355,0.3983314037322998,1.2977851629257202,297.44921875,0.3198702335357666,280.5763244628906,262.60772705078125,0.1331552118062973,3.846207618713379,400.0,0.109999999714394
20150614.0,1.409999966621399,40.0,12.0,0.05999999865889549,0.1080000028014183,0.10999999940395355,0.3983314037322998,1.2977851629257202,299.77825927734375,0.33330175280570984,281.34991455078125,264.639404296875,0.30291399359703064,3.857078790664673,400.0,0.109041665680707
20150622.0,1.409999966621399,40.0,12.0,0.05999999865889549,0.1080000028014183,0.10999999940395355,0.3983314037322998,1.2977851629257202,291.431884765625,0.393608957529068,254.30209350585938,223.72686767578125,0.04858030751347542,2.6707258224487305,400.0,0.145791666582227
20150625.0,1.409999966621399,40.0,12.0,0.05999999865889549,0.1080000028014183,0.10999999940395355,0.3983314037322998,1.2977851629257202,295.0580749511719,0.42056092619895935,267.46148681640625,241.04547119140625,9.64694595336914,3.222120761871338,400.0,0.118999999637405
20150627.0,1.409999966621399,40.0,12.0,0.05999999865889549,0.1080000028014183,0.10999999940395355,0.3983314037322998,1.2977851629257202,294.5608825683594,0.42633840441703796,259.7603759765625,231.01458740234375,0.0,5.0044941902160645,400.0,0.120666666266819
20150628.0,1.409999966621399,40.0,12.0,0.05999999865889549,0.1080000028014183,0.10999999940395355,0.3983314037322998,1.2977851629257202,294.9941101074219,0.4219754636287689,266.6027526855469,239.00265502929688,0.3812805414199829,3.622164249420166,400.0,0.116291666403413
20150630.0,1.409999966621399,40.0,12.0,0.05999999865889549,0.1080000028014183,0.10999999940395355,0.3983314037322998,1.2977851629257202,295.0903015136719,0.41635647416114807,271.5908508300781,250.7867431640625,0.007904346100986004,3.5116770267486572,400.0,0.113583332548539
20150703.0,1.409999966621399,40.0,12.0,0.05999999865889549,0.1080000028014183,0.10999999940395355,0.3983314037322998,1.2977851629257202,294.9400634765625,0.4068510830402374,274.91033935546875,256.797607421875,4.927489757537842,3.3398220539093018,400.0,0.116458334028721
20150705.0,1.409999966621399,40.0,12.0,0.05999999865889549,0.1080000028014183,0.10999999940395355,0.3983314037322998,1.2977851629257202,295.47003173828125,0.40773633122444153,261.32110595703125,234.85079956054688,1.8698515892028809,3.6087028980255127,400.0,0.13104167021811
20150706.0,1.409999966621399,40.0,12.0,0.05999999865889549,0.1080000028014183,0.10999999940395355,0.3983314037322998,1.2977851629257202,298.1654357910156,0.412383496761322,264.4373779296875,238.83340454101562,0.003941666800528765,4.33884334564209,400.0,0.129874999324481
20150708.0,1.409999966621399,40.0,12.0,0.05999999865889549,0.1080000028014183,0.10999999940395355,0.3983314037322998,1.2977851629257202,301.1849060058594,0.4199305474758148,273.86346435546875,254.02488708496094,0.00043511379044502974,5.228583812713623,400.0,0.126000001654029
20150711.0,1.409999966621399,40.0,12.0,0.05999999865889549,0.1080000028014183,0.10999999940395355,0.3983314037322998,1.2977851629257202,295.2803649902344,0.4317214787006378,270.869384765625,251.18333435058594,0.005714603699743748,4.389838218688965,400.0,0.119625000283122
20150713.0,1.409999966621399,40.0,12.0,0.05999999865889549,0.1080000028014183,0.10999999940395355,0.3983314037322998,1.2977851629257202,297.69549560546875,0.4391462802886963,276.250732421875,260.74395751953125,0.22357359528541565,3.815351724624634,400.0,0.117291666877766
20150714.0,1.409999966621399,40.0,12.0,0.05999999865889549,0.1080000028014183,0.10999999940395355,0.3983314037322998,1.2977851629257202,294.7537841796875,0.44258344173431396,266.30780029296875,243.3961639404297,9.224061965942383,3.078803300857544,400.0,0.121541666798294
20150716.0,1.409999966621399,40.0,12.0,0.05999999865889549,0.1080000028014183,0.10999999940395355,0.3983314037322998,1.2977851629257202,297.6708068847656,0.4496115446090698,267.02337646484375,246.55526733398438,0.009869660250842571,3.6528642177581787,400.0,0.121416665613651
20150719.0,1.409999966621399,40.0,12.0,0.05999999865889549,0.1080000028014183,0.10999999940395355,0.3983314037322998,1.2977851629257202,301.5728454589844,0.45965224504470825,279.3374328613281,263.11907958984375,0.024648969992995262,4.024834156036377,400.0,0.116083334200084
20150721.0,1.409999966621399,40.0,12.0,0.05999999865889549,0.1080000028014183,0.10999999940395355,0.3983314037322998,1.2977851629257202,301.22833251953125,0.47359317541122437,281.8563232421875,267.12322998046875,0.001144195906817913,3.6123127937316895,400.0,0.110958333748082
20150722.0,1.409999966621399,40.0,12.0,0.05999999865889549,0.1080000028014183,0.10999999940395355,0.3983314037322998,1.2977851629257202,302.1416015625,0.484857976436615,280.88299560546875,267.9082946777344,0.0017378494376316667,3.4478158950805664,400.0,0.108750000596046
20150724.0,1.409999966621399,40.0,12.0,0.05999999865889549,0.1080000028014183,0.10999999940395355,0.3983314037322998,1.2977851629257202,300.91796875,0.5058460235595703,282.0745849609375,267.99053955078125,0.0008612871170043945,3.1193556785583496,400.0,0.102583333229025
20150727.0,1.409999966621399,40.0,12.0,0.05999999865889549,0.1080000028014183,0.10999999940395355,0.3983314037322998,1.2977851629257202,303.6705627441406,0.5381758809089661,283.7019348144531,272.77825927734375,0.04136853665113449,2.564526319503784,400.0,0.0950833335518837
20150729.0,1.409999966621399,40.0,12.0,0.05999999865889549,0.1080000028014183,0.10999999940395355,0.3983314037322998,1.2977851629257202,302.69635009765625,0.5617613196372986,284.0537109375,273.1026611328125,1.7201719284057617,2.5153212547302246,400.0,0.0884583344062169
20150730.0,1.409999966621399,40.0,12.0,0.05999999865889549,0.1080000028014183,0.10999999940395355,0.3983314037322998,1.2977851629257202,303.8258056640625,0.5746470093727112,284.76947021484375,272.64422607421875,0.0021468144841492176,2.3693320751190186,400.0,0.088916667116185
20150801.0,1.409999966621399,40.0,12.0,0.05999999865889549,0.1080000028014183,0.10999999940395355,0.3983314037322998,1.2977851629257202,297.5948486328125,0.6003446578979492,260.55584716796875,239.13294982910156,0.005885960068553686,1.9863183498382568,400.0,0.0913333334028721
20150804.0,1.409999966621399,40.0,12.0,0.05999999865889549,0.1080000028014183,0.10999999940395355,0.3983314037322998,1.2977851629257202,300.97589111328125,0.6402669548988342,278.893798828125,263.5845947265625,0.05347343534231186,2.0911521911621094,400.0,0.092208333623906
20150806.0,1.409999966621399,40.0,12.0,0.05999999865889549,0.1080000028014183,0.10999999940395355,0.3983314037322998,1.2977851629257202,303.1302795410156,0.6611238121986389,283.192626953125,271.1353759765625,0.0012904404429718852,2.6255149841308594,400.0,0.0854166674738129
20150807.0,1.409999966621399,40.0,12.0,0.05999999865889549,0.1080000028014183,0.10999999940395355,0.3983314037322998,1.2977851629257202,302.5100402832031,0.6679592132568359,282.803955078125,270.68377685546875,0.0,2.113623857498169,400.0,0.0824583346645037
20150809.0,1.409999966621399,40.0,12.0,0.05999999865889549,0.1080000028014183,0.10999999940395355,0.3983314037322998,1.2977851629257202,300.9585266113281,0.6832951307296753,281.15142822265625,270.64056396484375,0.0,1.9330415725708008,400.0,0.07662499944369
20150812.0,1.409999966621399,40.0,12.0,0.05999999865889549,0.1080000028014183,0.10999999940395355,0.3983314037322998,1.2977851629257202,300.7234191894531,0.7069820165634155,282.4752197265625,272.1536865234375,0.6457209587097168,1.5114558935165405,400.0,0.0701250008617838
20150814.0,1.409999966621399,40.0,12.0,0.05999999865889549,0.1080000028014183,0.10999999940395355,0.3983314037322998,1.2977851629257202,302.0815124511719,0.7135417461395264,284.7028503417969,271.3819580078125,1.1650166511535645,1.6605279445648193,400.0,0.067708333954215
20150815.0,1.409999966621399,40.0,12.0,0.05999999865889549,0.1080000028014183,0.10999999940395355,0.3983314037322998,1.2977851629257202,302.91265869140625,0.7113611698150635,284.633544921875,270.66693115234375,0.3516112267971039,1.8034175634384155,400.0,0.0652916664257646
20150817.0,1.409999966621399,40.0,12.0,0.05999999865889549,0.1080000028014183,0.10999999940395355,0.3983314037322998,1.2977851629257202,301.1952819824219,0.7093251347541809,285.1181640625,271.20587158203125,10.967216491699219,1.7547178268432617,400.0,0.0799583328577379
20150820.0,1.409999966621399,40.0,12.0,0.05999999865889549,0.1080000028014183,0.10999999940395355,0.3983314037322998,1.2977851629257202,291.3785705566406,0.7063161134719849,246.43389892578125,211.35882568359375,5.6107497215271,2.395493507385254,400.0,0.173708333944281
20150822.0,1.409999966621399,40.0,12.0,0.05999999865889549,0.1080000028014183,0.10999999940395355,0.3983314037322998,1.2977851629257202,289.48126220703125,0.6981959939002991,238.65750122070312,205.35263061523438,9.240155220031738,1.780531644821167,400.0,0.169999999304612
20150823.0,1.409999966621399,40.0,12.0,0.05999999865889549,0.1080000028014183,0.10999999940395355,0.3983314037322998,1.2977851629257202,292.0329895019531,0.6906049847602844,244.79417419433594,208.5222930908203,3.287721872329712,3.136176586151123,400.0,0.152624999483426
20150825.0,1.409999966621399,40.0,12.0,0.05999999865889549,0.1080000028014183,0.10999999940395355,0.3983314037322998,1.2977851629257202,295.0132141113281,0.6770155429840088,262.040283203125,235.81207275390625,0.001722574234008789,3.5313913822174072,400.0,0.133666667776803
20150828.0,1.409999966621399,40.0,12.0,0.05999999865889549,0.1080000028014183,0.10999999940395355,0.3983314037322998,1.2977851629257202,297.2622375488281,0.6551957726478577,275.9494323730469,255.78387451171875,0.0,3.7702205181121826,400.0,0.132375001286467
20150830.0,1.409999966621399,40.0,12.0,0.05999999865889549,0.1080000028014183,0.10999999940395355,0.3983314037322998,1.2977851629257202,300.0215148925781,0.6583296656608582,282.58697509765625,264.4072265625,0.000858306884765625,3.4815499782562256,400.0,0.129500000427167
20150831.0,1.409999966621399,40.0,12.0,0.05999999865889549,0.1080000028014183,0.10999999940395355,0.3983314037322998,1.2977851629257202,300.0385437011719,0.6702021360397339,282.2757568359375,266.54754638671875,0.0008702277555130422,3.4172914028167725,400.0,0.128041667553286
20150902.0,1.409999966621399,40.0,12.0,0.05999999865889549,0.1080000028014183,0.10999999940395355,0.3983314037322998,1.2977851629257202,298.73126220703125,0.6897504925727844,281.5359802246094,270.6648864746094,0.0008523463038727641,2.8485026359558105,400.0,0.123625000317891
20150905.0,1.409999966621399,40.0,12.0,0.05999999865889549,0.1080000028014183,0.10999999940395355,0.3983314037322998,1.2977851629257202,300.60205078125,0.721404492855072,284.18365478515625,268.4996337890625,0.0,2.5206611156463623,400.0,0.120375000250836
20150907.0,1.409999966621399,40.0,12.0,0.05999999865889549,0.1080000028014183,0.10999999940395355,0.3983314037322998,1.2977851629257202,295.0347900390625,0.7289695739746094,282.82672119140625,268.1109619140625,0.0006062987959012389,1.7339926958084106,400.0,0.113999999128282
20150908.0,1.409999966621399,40.0,12.0,0.05999999865889549,0.1080000028014183,0.10999999940395355,0.3983314037322998,1.2977851629257202,293.2071533203125,0.7247249484062195,280.1456298828125,267.34619140625,0.0038342124316841364,1.5566457509994507,400.0,0.112000000973543
20150910.0,1.409999966621399,40.0,12.0,0.05999999865889549,0.1080000028014183,0.10999999940395355,0.3983314037322998,1.2977851629257202,292.3396301269531,0.7196624279022217,281.39306640625,267.4002685546875,1.7903920412063599,1.1486855745315552,400.0,0.109083334604899
20150913.0,1.409999966621399,40.0,12.0,0.05999999865889549,0.1080000028014183,0.10999999940395355,0.3983314037322998,1.2977851629257202,292.6846618652344,0.7108573317527771,246.02365112304688,213.59078979492188,0.003181458218023181,2.0391173362731934,400.0,0.17270833440125
20150915.0,1.409999966621399,40.0,12.0,0.05999999865889549,0.1080000028014183,0.10999999940395355,0.3983314037322998,1.2977851629257202,292.97027587890625,0.7128005027770996,257.733642578125,232.66616821289062,0.0017959383549168706,1.9212849140167236,400.0,0.135083334520459
20150916.0,1.409999966621399,40.0,12.0,0.05999999865889549,0.1080000028014183,0.10999999940395355,0.3983314037322998,1.2977851629257202,293.2123107910156,0.7183287143707275,266.25994873046875,241.26190185546875,0.0004410743713378906,1.870154619216919,400.0,0.129666667121152
20150918.0,1.409999966621399,40.0,12.0,0.05999999865889549,0.1080000028014183,0.10999999940395355,0.3983314037322998,1.2977851629257202,297.08062744140625,0.727486789226532,274.2037048339844,256.0853576660156,0.0017108175670728087,2.016139507293701,400.0,0.127958334671954
20150921.0,1.409999966621399,40.0,12.0,0.05999999865889549,0.1080000028014183,0.10999999940395355,0.3983314037322998,1.2977851629257202,294.24169921875,0.74545818567276,276.336181640625,261.7118835449219,0.001962092937901616,1.6207249164581299,400.0,0.120625000447035
20150923.0,1.409999966621399,40.0,12.0,0.05999999865889549,0.1080000028014183,0.10999999940395355,0.3983314037322998,1.2977851629257202,295.53076171875,0.7089895606040955,278.9657897949219,264.8776550292969,0.009126911871135235,1.0925524234771729,400.0,0.1190833337605
20150924.0,1.409999966621399,40.0,12.0,0.05999999865889549,0.1080000028014183,0.10999999940395355,0.3983314037322998,1.2977851629257202,293.5466613769531,0.6636375784873962,266.04156494140625,242.8131561279297,15.747020721435547,1.518998384475708,400.0,0.16891666688025
20150926.0,1.409999966621399,40.0,12.0,0.05999999865889549,0.1080000028014183,0.10999999940395355,0.3983314037322998,1.2977851629257202,295.9085998535156,0.5875006318092346,256.45599365234375,229.11676025390625,0.8169618248939514,1.690925121307373,400.0,0.171625002597769
20150929.0,1.409999966621399,40.0,12.0,0.05999999865889549,0.1080000028014183,0.10999999940395355,0.3983314037322998,1.2977851629257202,285.1072692871094,0.4763525426387787,236.21566772460938,206.04759216308594,13.700909614562988,2.2129786014556885,400.0,0.205416665722926
20151001.0,1.409999966621399,40.0,12.0,0.05999999865889549,0.1080000028014183,0.10999999940395355,0.3983314037322998,1.2977851629257202,285.5488586425781,0.4299333095550537,243.26528930664062,212.67288208007812,2.4845919609069824,1.1597093343734741,400.0,0.165166666731238
20151002.0,1.409999966621399,40.0,12.0,0.05999999865889549,0.1080000028014183,0.10999999940395355,0.3983314037322998,1.2977851629257202,286.9765625,0.4205988943576813,246.88888549804688,215.79489135742188,0.0001037696492858231,1.3792669773101807,400.0,0.159333334614833
20151004.0,1.409999966621399,40.0,12.0,0.05999999865889549,0.1080000028014183,0.10999999940395355,0.3983314037322998,1.2977851629257202,289.58837890625,0.39659690856933594,257.60162353515625,231.18992614746094,0.0,1.504346489906311,400.0,0.140083334719141
20151007.0,1.409999966621399,40.0,12.0,0.05999999865889549,0.1080000028014183,0.10999999940395355,0.3983314037322998,1.2977851629257202,288.8857727050781,0.3625151515007019,263.2120056152344,243.0665283203125,0.5092997550964355,1.2205841541290283,400.0,0.103083333621422
20151010.0,1.409999966621399,40.0,12.0,0.05999999865889549,0.1080000028014183,0.10999999940395355,0.3983314037322998,1.2977851629257202,285.442626953125,0.32989194989204407,263.921875,243.06076049804688,5.450814723968506,0.9110910892486572,400.0,0.0995416662966212
20151012.0,1.409999966621399,40.0,12.0,0.05999999865889549,0.1080000028014183,0.10999999940395355,0.3983314037322998,1.2977851629257202,280.49871826171875,0.3088147044181824,236.26235961914062,206.99575805664062,9.117374420166016,1.6569340229034424,400.0,0.168916665638487
20151015.0,1.409999966621399,40.0,12.0,0.05999999865889549,0.1080000028014183,0.10999999940395355,0.3983314037322998,1.2977851629257202,285.4493103027344,0.277060329914093,237.29254150390625,205.77317810058594,0.001905738958157599,1.1805447340011597,400.0,0.145636362108317
20151017.0,1.409999966621399,40.0,12.0,0.05999999865889549,0.1080000028014183,0.10999999940395355,0.3983314037322998,1.2977851629257202,286.6881103515625,0.26913923025131226,243.18858337402344,212.8434295654297,0.9153023958206177,1.02515709400177,400.0,0.133541665350397
20151018.0,1.409999966621399,40.0,12.0,0.05999999865889549,0.1080000028014183,0.10999999940395355,0.3983314037322998,1.2977851629257202,288.2873840332031,0.27262333035469055,246.33804321289062,219.7004852294922,0.023570965975522995,1.163775086402893,400.0,0.126916668688258
20151020.0,1.409999966621399,40.0,12.0,0.05999999865889549,0.1080000028014183,0.10999999940395355,0.3983314037322998,1.2977851629257202,289.8971252441406,0.2764471173286438,257.0179138183594,229.61537170410156,10.146900177001953,1.1114774942398071,400.0,0.106652174630891
20151023.0,1.409999966621399,40.0,12.0,0.05999999865889549,0.1080000028014183,0.10999999940395355,0.3983314037322998,1.2977851629257202,282.9556884765625,0.28274738788604736,236.50299072265625,207.16119384765625,1.0049400329589844,1.351982593536377,400.0,0.125041667682429
20151026.0,1.409999966621399,40.0,12.0,0.05999999865889549,0.1080000028014183,0.10999999940395355,0.3983314037322998,1.2977851629257202,283.33624267578125,0.29089388251304626,242.20672607421875,214.07432556152344,0.07595759630203247,1.033800482749939,400.0,0.108416667518516
20151028.0,1.409999966621399,40.0,12.0,0.05999999865889549,0.1080000028014183,0.10999999940395355,0.3983314037322998,1.2977851629257202,279.72412109375,0.2968260943889618,242.58767700195312,215.4374237060547,0.0,0.9104092717170715,400.0,0.0977391299346219
20151031.0,1.409999966621399,40.0,12.0,0.05999999865889549,0.1080000028014183,0.10999999940395355,0.3983314037322998,1.2977851629257202,279.35894775390625,0.3064173460006714,245.38070678710938,221.16531372070312,0.0008523463038727641,1.0820561647415161,400.0,0.0914583330353101
20151102.0,1.409999966621399,40.0,12.0,0.05999999865889549,0.1080000028014183,0.10999999940395355,0.3983314037322998,1.2977851629257202,279.3057556152344,0.3053322732448578,249.7064971923828,226.53404235839844,0.0008603500318713486,0.9236611127853394,400.0,0.0908333344591988
20151103.0,1.409999966621399,40.0,12.0,0.05999999865889549,0.1080000028014183,0.10999999940395355,0.3983314037322998,1.2977851629257202,280.20263671875,0.30043137073516846,248.38186645507812,227.13656616210938,0.0004410743713378906,0.8608229756355286,400.0,0.0909000016748905
20151105.0,1.409999966621399,40.0,12.0,0.05999999865889549,0.1080000028014183,0.10999999940395355,0.3983314037322998,1.2977851629257202,280.72686767578125,0.29253682494163513,252.61447143554688,230.6256561279297,0.0021483011078089476,0.6905737519264221,400.0,0.0904166673620542
20151108.0,1.409999966621399,40.0,12.0,0.05999999865889549,0.1080000028014183,0.10999999940395355,0.3983314037322998,1.2977851629257202,280.8933410644531,0.28006410598754883,255.37562561035156,234.2968292236328,0.030202429741621017,0.2175282984972,400.0,0.0899545475840569
20151110.0,1.409999966621399,40.0,12.0,0.05999999865889549,0.1080000028014183,0.10999999940395355,0.3983314037322998,1.2977851629257202,284.2714538574219,0.2771879732608795,254.13580322265625,234.88626098632812,0.00043511379044502974,0.6246868968009949,400.0,0.0903913061255994
20151111.0,1.409999966621399,40.0,12.0,0.05999999865889549,0.1080000028014183,0.10999999940395355,0.3983314037322998,1.2977851629257202,287.1499328613281,0.2788766026496887,259.6441955566406,239.30746459960938,0.0017430934822186828,0.8602202534675598,400.0,0.0903333344807227
20151113.0,1.409999966621399,40.0,12.0,0.05999999865889549,0.1080000028014183,0.10999999940395355,0.3983314037322998,1.2977851629257202,284.6494140625,0.2809295356273651,258.70306396484375,242.322265625,0.0021355680655688047,0.6370702385902405,400.0,0.0889583326255282
20151116.0,1.409999966621399,40.0,12.0,0.05999999865889549,0.1080000028014183,0.10999999940395355,0.3983314037322998,1.2977851629257202,283.5009460449219,0.2853759229183197,258.954345703125,239.67335510253906,0.17046894133090973,1.0082811117172241,400.0,0.0850833331545194
20151118.0,1.409999966621399,40.0,12.0,0.05999999865889549,0.1080000028014183,0.10999999940395355,0.3983314037322998,1.2977851629257202,283.3473205566406,0.27409622073173523,259.87725830078125,245.14266967773438,5.439222513814457e-05,0.5634284615516663,400.0,0.0839999979361892
20151119.0,1.409999966621399,40.0,12.0,0.05999999865889549,0.1080000028014183,0.10999999940395355,0.3983314037322998,1.2977851629257202,283.53338623046875,0.26035967469215393,260.39874267578125,244.18807983398438,0.00042617321014404297,0.6505699753761292,400.0,0.0836249999701977
20151121.0,1.409999966621399,40.0,12.0,0.05999999865889549,0.1080000028014183,0.10999999940395355,0.3983314037322998,1.2977851629257202,285.3857116699219,0.23687714338302612,261.62664794921875,246.49497985839844,0.0030563022010028362,0.5122342705726624,400.0,0.0835416664679845
20151124.0,1.409999966621399,40.0,12.0,0.05999999865889549,0.1080000028014183,0.10999999940395355,0.3983314037322998,1.2977851629257202,281.0779113769531,0.20112867653369904,255.27659606933594,232.94326782226562,16.64649200439453,0.5828123092651367,400.0,0.145750000296781
20151126.0,1.409999966621399,40.0,12.0,0.05999999865889549,0.1080000028014183,0.10999999940395355,0.3983314037322998,1.2977851629257202,279.42193603515625,0.19277268648147583,233.30130004882812,208.2650146484375,21.56590461730957,0.8043405413627625,400.0,0.177791665618618
20151127.0,1.409999966621399,40.0,12.0,0.05999999865889549,0.1080000028014183,0.10999999940395355,0.3983314037322998,1.2977851629257202,277.12860107421875,0.19720453023910522,232.1903839111328,204.59524536132812,8.218037605285645,0.5946570038795471,400.0,0.155208333084981
20151129.0,1.409999966621399,40.0,12.0,0.05999999865889549,0.1080000028014183,0.10999999940395355,0.3983314037322998,1.2977851629257202,277.2201843261719,0.20244745910167694,225.12872314453125,197.73574829101562,0.2508884072303772,0.4869217574596405,400.0,0.154541665067275
20151202.0,1.409999966621399,40.0,12.0,0.05999999865889549,0.1080000028014183,0.10999999940395355,0.3983314037322998,1.2977851629257202,277.32940673828125,0.21105346083641052,229.92715454101562,199.97015380859375,0.0021517276763916016,0.9664627909660339,400.0,0.140043478945027
20151204.0,1.409999966621399,40.0,12.0,0.05999999865889549,0.1080000028014183,0.10999999940395355,0.3983314037322998,1.2977851629257202,277.82391357421875,0.2172054499387741,235.18374633789062,209.19528198242188,0.000852346362080425,0.35385018587112427,400.0,0.133625002577901
20151207.0,1.409999966621399,40.0,12.0,0.05999999865889549,0.1080000028014183,0.10999999940395355,0.3983314037322998,1.2977851629257202,277.2455749511719,0.22707262635231018,237.80026245117188,212.54360961914062,0.0021301042288541794,0.2619897723197937,400.0,0.131249997764826
20151210.0,1.409999966621399,40.0,12.0,0.05999999865889549,0.1080000028014183,0.10999999940395355,0.3983314037322998,1.2977851629257202,277.7725830078125,0.23715002834796906,238.87684631347656,214.3048553466797,0.2156626135110855,0.36074841022491455,400.0,0.128565216194028
20151212.0,1.409999966621399,40.0,12.0,0.05999999865889549,0.1080000028014183,0.10999999940395355,0.3983314037322998,1.2977851629257202,276.004638671875,0.24243836104869843,240.26986694335938,216.97262573242188,0.004576189909130335,0.29419785737991333,400.0,0.127238099773725
20151213.0,1.409999966621399,40.0,12.0,0.05999999865889549,0.1080000028014183,0.10999999940395355,0.3983314037322998,1.2977851629257202,275.78900146484375,0.2442200630903244,247.65313720703125,228.91900634765625,0.0016927155666053295,0.3043310344219208,400.0,0.123666666944822
20151218.0,1.409999966621399,40.0,12.0,0.05999999865889549,0.1080000028014183,0.10999999940395355,0.3983314037322998,1.2977851629257202,273.95806884765625,0.2534443140029907,253.9698028564453,238.30950927734375,0.000858306884765625,0.33854955434799194,400.0,0.114249999324481
20151220.0,1.409999966621399,40.0,12.0,0.05999999865889549,0.1080000028014183,0.10999999940395355,0.3983314037322998,1.2977851629257202,277.1255798339844,0.26494717597961426,242.81488037109375,222.391357421875,0.0,0.2732621729373932,400.0,0.119708332543572
20151221.0,1.409999966621399,40.0,12.0,0.05999999865889549,0.1080000028014183,0.10999999940395355,0.3983314037322998,1.2977851629257202,278.28924560546875,0.27546223998069763,246.27593994140625,227.947265625,0.0029851016588509083,0.3983132243156433,400.0,0.117652173275533
20151223.0,1.409999966621399,40.0,12.0,0.05999999865889549,0.1080000028014183,0.10999999940395355,0.3983314037322998,1.2977851629257202,278.6988830566406,0.2948165833950043,247.0215606689453,230.04556274414062,0.0008523463038727641,0.26147013902664185,400.0,0.117043477037679
20151226.0,1.409999966621399,40.0,12.0,0.05999999865889549,0.1080000028014183,0.10999999940395355,0.3983314037322998,1.2977851629257202,277.8927307128906,0.3249034881591797,247.474609375,228.44467163085938,0.0008523463038727641,0.3135429322719574,400.0,0.11594444182184
20151228.0,1.409999966621399,40.0,12.0,0.05999999865889549,0.1080000028014183,0.10999999940395355,0.3983314037322998,1.2977851629257202,277.843505859375,0.34692811965942383,246.394287109375,227.10659790039062,0.0025295233353972435,0.2455207109451294,400.0,0.115124999545515
20151229.0,1.409999966621399,40.0,12.0,0.05999999865889549,0.1080000028014183,0.10999999940395355,0.3983314037322998,1.2977851629257202,275.8356018066406,0.3590337038040161,245.84642028808594,224.66114807128906,2.5117721557617188,0.7744389176368713,400.0,0.116692308623057
20160111.0,1.409999966621399,40.0,12.0,0.05999999865889549,0.1080000028014183,0.10999999940395355,0.3983314037322998,1.2977851629257202,278.1175231933594,0.4440419673919678,223.0778045654297,196.1154022216797,0.017834965139627457,0.0275295227766037,400.0,0.211428571315039
20160113.0,1.409999966621399,40.0,12.0,0.05999999865889549,0.1080000028014183,0.10999999940395355,0.3983314037322998,1.2977851629257202,276.94708251953125,0.4697561264038086,227.25772094726562,199.14889526367188,0.0012679971987381577,0.4464903175830841,400.0,0.163666668392363
20160114.0,1.409999966621399,40.0,12.0,0.05999999865889549,0.1080000028014183,0.10999999940395355,0.3983314037322998,1.2977851629257202,275.3874816894531,0.48302698135375977,237.583251953125,218.61868286132812,0.0033430298790335655,0.558771014213562,400.0,0.153882352744832
20160116.0,1.409999966621399,40.0,12.0,0.05999999865889549,0.1080000028014183,0.10999999940395355,0.3983314037322998,1.2977851629257202,276.4964904785156,0.5099887847900391,234.01651000976562,208.1015625,12.79052734375,0.7721409201622009,400.0,0.15457894457014
20160129.0,1.409999966621399,40.0,12.0,0.05999999865889549,0.1080000028014183,0.10999999940395355,0.3983314037322998,1.2977851629257202,275.05072021484375,0.6123018860816956,238.93600463867188,217.4231414794922,1.518764615058899,0.0,400.0,0.19941666473945
20160130.0,1.409999966621399,40.0,12.0,0.05999999865889549,0.1080000028014183,0.10999999940395355,0.3983314037322998,1.2977851629257202,274.0643615722656,0.6058553457260132,236.15403747558594,210.82394409179688,0.02623683400452137,0.0,400.0,0.177631578947368
20160201.0,1.409999966621399,40.0,12.0,0.05999999865889549,0.1080000028014183,0.10999999940395355,0.3983314037322998,1.2977851629257202,277.9903869628906,0.5927136540412903,229.19937133789062,205.041259765625,2.3907809257507324,0.3414268493652344,400.0,0.159695649924486
20160204.0,1.409999966621399,40.0,12.0,0.05999999865889549,0.1080000028014183,0.10999999940395355,0.3983314037322998,1.2977851629257202,278.965576171875,0.5843923687934875,233.80807495117188,205.23731994628906,2.503383159637451,1.0982880592346191,400.0,0.151500002170602
20160206.0,1.409999966621399,40.0,12.0,0.05999999865889549,0.1080000028014183,0.10999999940395355,0.3983314037322998,1.2977851629257202,274.0217590332031,0.5816715359687805,240.0816650390625,217.2854461669922,0.001710653305053711,0.974414050579071,400.0,0.143647058921702
20160209.0,1.409999966621399,40.0,12.0,0.05999999865889549,0.1080000028014183,0.10999999940395355,0.3983314037322998,1.2977851629257202,277.5091247558594,0.580940842628479,249.9256591796875,234.47967529296875,0.0,0.8514811992645264,400.0,0.135235294261399
20160212.0,1.409999966621399,40.0,12.0,0.05999999865889549,0.1080000028014183,0.10999999940395355,0.3983314037322998,1.2977851629257202,278.5586242675781,0.49921393394470215,242.4202880859375,219.84799194335938,1.0488746166229248,0.6222806572914124,400.0,0.133000001311302
20160214.0,1.409999966621399,40.0,12.0,0.05999999865889549,0.1080000028014183,0.10999999940395355,0.3983314037322998,1.2977851629257202,281.707763671875,0.42839738726615906,241.92922973632812,219.5118408203125,0.000665670377202332,1.177530288696289,400.0,0.144999999714934
20160215.0,1.409999966621399,40.0,12.0,0.05999999865889549,0.1080000028014183,0.10999999940395355,0.3983314037322998,1.2977851629257202,285.678466796875,0.39372169971466064,245.19903564453125,218.9735565185547,0.003010033629834652,0.9828989505767822,400.0,0.141583337138096
20160217.0,1.409999966621399,40.0,12.0,0.05999999865889549,0.1080000028014183,0.10999999940395355,0.3983314037322998,1.2977851629257202,282.13671875,0.3246632516384125,247.4090576171875,224.02471923828125,0.001911886385641992,0.9896038770675659,400.0,0.134708338106672
20160228.0,1.409999966621399,40.0,12.0,0.05999999865889549,0.1080000028014183,0.10999999940395355,0.3983314037322998,1.2977851629257202,281.98968505859375,0.3644272983074188,250.44964599609375,229.78155517578125,0.03232757747173309,0.7410873770713806,400.0,0.119521739042324
20160301.0,1.409999966621399,40.0,12.0,0.05999999865889549,0.1080000028014183,0.10999999940395355,0.3983314037322998,1.2977851629257202,284.07305908203125,0.330096960067749,254.14395141601562,232.49191284179688,3.2579777240753174,1.0002225637435913,400.0,0.121291666602095
20160302.0,1.409999966621399,40.0,12.0,0.05999999865889549,0.1080000028014183,0.10999999940395355,0.3983314037322998,1.2977851629257202,282.9912109375,0.3128271996974945,253.7023162841797,232.52044677734375,1.423648700438207e-05,1.5040794610977173,400.0,0.122090908614072
20160304.0,1.409999966621399,40.0,12.0,0.05999999865889549,0.1080000028014183,0.10999999940395355,0.3983314037322998,1.2977851629257202,280.6392517089844,0.27851516008377075,254.94529724121094,233.90740966796875,13.900525093078613,0.9262779355049133,400.0,0.13662499965479
20160307.0,1.409999966621399,40.0,12.0,0.05999999865889549,0.1080000028014183,0.10999999940395355,0.3983314037322998,1.2977851629257202,285.7555236816406,0.25287070870399475,245.42941284179688,220.93206787109375,0.0,1.9807994365692139,400.0,0.140916669120391
20160309.0,1.409999966621399,40.0,12.0,0.05999999865889549,0.1080000028014183,0.10999999940395355,0.3983314037322998,1.2977851629257202,282.8056945800781,0.24204477667808533,251.01315307617188,229.007080078125,4.81533145904541,1.1310003995895386,400.0,0.150374999890725
20160310.0,1.409999966621399,40.0,12.0,0.05999999865889549,0.1080000028014183,0.10999999940395355,0.3983314037322998,1.2977851629257202,282.5841979980469,0.23685312271118164,241.76156616210938,216.3233642578125,1.363530158996582,1.8199973106384277,400.0,0.149624998370806
20160312.0,1.409999966621399,40.0,12.0,0.05999999865889549,0.1080000028014183,0.10999999940395355,0.3983314037322998,1.2977851629257202,279.5589904785156,0.22652967274188995,238.60824584960938,211.20362854003906,3.1578927040100098,0.7748105525970459,400.0,0.158458333462477
20160315.0,1.409999966621399,40.0,12.0,0.05999999865889549,0.1080000028014183,0.10999999940395355,0.3983314037322998,1.2977851629257202,278.0816345214844,0.21275727450847626,243.1954803466797,217.34219360351562,0.24135170876979828,1.2936533689498901,400.0,0.136416666209698
20160317.0,1.409999966621399,40.0,12.0,0.05999999865889549,0.1080000028014183,0.10999999940395355,0.3983314037322998,1.2977851629257202,278.59564208984375,0.20407681167125702,245.2999267578125,221.95437622070312,0.0017145100282505155,1.8412922620773315,400.0,0.128999999591282
20160318.0,1.409999966621399,40.0,12.0,0.05999999865889549,0.1080000028014183,0.10999999940395355,0.3983314037322998,1.2977851629257202,281.24072265625,0.1997658908367157,245.97265625,223.7197265625,0.001710653305053711,2.039642810821533,400.0,0.127333333922757
20160320.0,1.409999966621399,40.0,12.0,0.05999999865889549,0.1080000028014183,0.10999999940395355,0.3983314037322998,1.2977851629257202,277.6781005859375,0.19098176062107086,247.96792602539062,224.94580078125,0.1532977968454361,1.4451777935028076,400.0,0.126117648885531
20160323.0,1.409999966621399,40.0,12.0,0.05999999865889549,0.1080000028014183,0.10999999940395355,0.3983314037322998,1.2977851629257202,279.2846374511719,0.18612954020500183,245.80941772460938,220.56411743164062,17.648849487304688,1.0738227367401123,400.0,0.146624996637305
20160325.0,1.409999966621399,40.0,12.0,0.05999999865889549,0.1080000028014183,0.10999999940395355,0.3983314037322998,1.2977851629257202,277.9264221191406,0.18495148420333862,237.1643829345703,211.22433471679688,0.2229328155517578,1.523756504058838,400.0,0.14725000038743
20160326.0,1.409999966621399,40.0,12.0,0.05999999865889549,0.1080000028014183,0.10999999940395355,0.3983314037322998,1.2977851629257202,279.2637939453125,0.18441951274871826,239.8144989013672,212.85589599609375,0.6865062713623047,1.700718879699707,400.0,0.142416665951411
20160328.0,1.409999966621399,40.0,12.0,0.05999999865889549,0.1080000028014183,0.10999999940395355,0.3983314037322998,1.2977851629257202,280.5849609375,0.18331745266914368,246.64889526367188,221.25511169433594,1.060816764831543,1.96211576461792,400.0,0.132875001057982
20160331.0,1.409999966621399,40.0,12.0,0.05999999865889549,0.1080000028014183,0.10999999940395355,0.3983314037322998,1.2977851629257202,288.0874328613281,0.1830136924982071,254.26612854003906,229.95538330078125,0.0,2.8051583766937256,400.0,0.128608697782392
20160402.0,1.409999966621399,40.0,12.0,0.05999999865889549,0.1080000028014183,0.10999999940395355,0.3983314037322998,1.2977851629257202,282.8433837890625,0.18314850330352783,259.66241455078125,236.89288330078125,0.03493553027510643,1.886674165725708,400.0,0.121250001092752
20160403.0,1.409999966621399,40.0,12.0,0.05999999865889549,0.1080000028014183,0.10999999940395355,0.3983314037322998,1.2977851629257202,283.6525573730469,0.18327444791793823,256.66943359375,235.7393798828125,0.0008523463038727641,2.561993360519409,400.0,0.119708333474894
20160405.0,1.409999966621399,40.0,12.0,0.05999999865889549,0.1080000028014183,0.10999999940395355,0.3983314037322998,1.2977851629257202,289.68402099609375,0.1841103881597519,260.07904052734375,242.25833129882812,0.00043511379044502974,2.89400315284729,400.0,0.117541666763524
20160408.0,1.409999966621399,40.0,12.0,0.05999999865889549,0.1080000028014183,0.10999999940395355,0.3983314037322998,1.2977851629257202,288.22662353515625,0.16567565500736237,267.97528076171875,249.69436645507812,0.13688288629055023,2.6908230781555176,400.0,0.110583333919446
20160410.0,1.409999966621399,40.0,12.0,0.05999999865889549,0.1080000028014183,0.10999999940395355,0.3983314037322998,1.2977851629257202,288.42626953125,0.14892961084842682,268.093017578125,250.4283447265625,4.1749677658081055,1.809140920639038,400.0,0.10941666799287
20160411.0,1.409999966621399,40.0,12.0,0.05999999865889549,0.1080000028014183,0.10999999940395355,0.3983314037322998,1.2977851629257202,287.17462158203125,0.1405097246170044,261.852783203125,240.3336639404297,7.058700084686279,1.3547639846801758,400.0,0.127166667021811
20160413.0,1.409999966621399,40.0,12.0,0.05999999865889549,0.1080000028014183,0.10999999940395355,0.3983314037322998,1.2977851629257202,290.24700927734375,0.12309379875659943,259.88653564453125,235.12135314941406,0.07052163034677505,3.0875885486602783,400.0,0.131708335752288
20160504.0,1.409999966621399,40.0,12.0,0.05999999865889549,0.1080000028014183,0.10999999940395355,0.3983314037322998,1.2977851629257202,284.1045227050781,0.07207384705543518,246.37818908691406,219.5628204345703,16.05181312561035,1.946035623550415,400.0,0.156541666015983
20160505.0,1.409999966621399,40.0,12.0,0.05999999865889549,0.1080000028014183,0.10999999940395355,0.3983314037322998,1.2977851629257202,286.2793273925781,0.0708470568060875,248.9972381591797,220.38790893554688,1.1137511730194092,2.7211670875549316,400.0,0.149291664361954
20160507.0,1.409999966621399,40.0,12.0,0.05999999865889549,0.1080000028014183,0.10999999940395355,0.3983314037322998,1.2977851629257202,289.03564453125,0.06763124465942383,255.23336791992188,227.71331787109375,0.46486976742744446,3.226254463195801,400.0,0.135454544289546
20160510.0,1.409999966621399,40.0,12.0,0.05999999865889549,0.1080000028014183,0.10999999940395355,0.3983314037322998,1.2977851629257202,288.28509521484375,0.08970440924167633,256.1709289550781,225.21514892578125,2.367603063583374,2.9042601585388184,400.0,0.139125001927217
20160512.0,1.409999966621399,40.0,12.0,0.05999999865889549,0.1080000028014183,0.10999999940395355,0.3983314037322998,1.2977851629257202,291.6914978027344,0.11218994855880737,266.8670959472656,237.4070587158203,1.4352896213531494,2.950591564178467,400.0,0.130208334575097
20160513.0,1.409999966621399,40.0,12.0,0.05999999865889549,0.1080000028014183,0.10999999940395355,0.3983314037322998,1.2977851629257202,292.6567077636719,0.12410864233970642,269.225341796875,241.67578125,0.395124226808548,4.154290676116943,400.0,0.128791667521
20160515.0,1.409999966621399,40.0,12.0,0.05999999865889549,0.1080000028014183,0.10999999940395355,0.3983314037322998,1.2977851629257202,291.5565490722656,0.1498064398765564,269.534912109375,246.5089111328125,8.36793041229248,3.7114713191986084,400.0,0.126458332873881
20160518.0,1.409999966621399,40.0,12.0,0.05999999865889549,0.1080000028014183,0.10999999940395355,0.3983314037322998,1.2977851629257202,287.1632385253906,0.1525404304265976,259.4737548828125,233.45802307128906,1.853487491607666,3.2101073265075684,400.0,0.127833332245549
20160520.0,1.409999966621399,40.0,12.0,0.05999999865889549,0.1080000028014183,0.10999999940395355,0.3983314037322998,1.2977851629257202,291.1499938964844,0.1451890915632248,269.29022216796875,246.69985961914062,1.69033944606781,3.8209645748138428,400.0,0.125166665762663
20160521.0,1.409999966621399,40.0,12.0,0.05999999865889549,0.1080000028014183,0.10999999940395355,0.3983314037322998,1.2977851629257202,291.7085876464844,0.14124752581119537,270.2803039550781,249.15188598632812,1.4923890829086304,3.3543269634246826,400.0,0.123375001363456
20160523.0,1.409999966621399,40.0,12.0,0.05999999865889549,0.1080000028014183,0.10999999940395355,0.3983314037322998,1.2977851629257202,293.14337158203125,0.13303115963935852,272.77227783203125,251.40504455566406,0.25929689407348633,3.9267876148223877,400.0,0.122958335094154
20160526.0,1.409999966621399,40.0,12.0,0.05999999865889549,0.1080000028014183,0.10999999940395355,0.3983314037322998,1.2977851629257202,289.6476745605469,0.1348545253276825,262.64361572265625,235.98065185546875,9.136507034301758,3.3124732971191406,400.0,0.129000001276533
20160528.0,1.409999966621399,40.0,12.0,0.05999999865889549,0.1080000028014183,0.10999999940395355,0.3983314037322998,1.2977851629257202,293.5238037109375,0.139622300863266,261.41839599609375,237.50137329101562,0.12294454127550125,3.9727487564086914,400.0,0.135208333532015
20160529.0,1.409999966621399,40.0,12.0,0.05999999865889549,0.1080000028014183,0.10999999940395355,0.3983314037322998,1.2977851629257202,295.2254638671875,0.14205040037631989,270.70635986328125,244.79153442382812,0.5392739772796631,4.291446208953857,400.0,0.129875003049771
20160531.0,1.409999966621399,40.0,12.0,0.05999999865889549,0.1080000028014183,0.10999999940395355,0.3983314037322998,1.2977851629257202,296.5313720703125,0.14602898061275482,264.776611328125,238.50912475585938,1.7988752126693726,4.230207443237305,400.0,0.151374999433756
20160603.0,1.409999966621399,40.0,12.0,0.05999999865889549,0.1080000028014183,0.10999999940395355,0.3983314037322998,1.2977851629257202,293.5091247558594,0.18412454426288605,269.3868103027344,242.2659912109375,6.891191005706787,3.5212323665618896,400.0,0.159826086915058
20160605.0,1.409999966621399,40.0,12.0,0.05999999865889549,0.1080000028014183,0.10999999940395355,0.3983314037322998,1.2977851629257202,294.1537780761719,0.2193932980298996,264.1878967285156,236.8388671875,0.2512538433074951,4.008820533752441,400.0,0.158916668345531
20160606.0,1.409999966621399,40.0,12.0,0.05999999865889549,0.1080000028014183,0.10999999940395355,0.3983314037322998,1.2977851629257202,293.3306579589844,0.23792551457881927,271.6747741699219,246.4717254638672,10.712629318237305,3.580298662185669,400.0,0.155250001077851
20160608.0,1.409999966621399,40.0,12.0,0.05999999865889549,0.1080000028014183,0.10999999940395355,0.3983314037322998,1.2977851629257202,290.307373046875,0.27608901262283325,266.8821105957031,241.50576782226562,0.0,3.7029340267181396,400.0,0.142458333944281
20160611.0,1.409999966621399,40.0,12.0,0.05999999865889549,0.1080000028014183,0.10999999940395355,0.3983314037322998,1.2977851629257202,294.54315185546875,0.34591466188430786,276.5572204589844,253.72442626953125,1.7080512046813965,4.288050174713135,400.0,0.141304346530334
20160613.0,1.409999966621399,40.0,12.0,0.05999999865889549,0.1080000028014183,0.10999999940395355,0.3983314037322998,1.2977851629257202,293.7327575683594,0.3978312909603119,257.9068603515625,232.59503173828125,22.75358009338379,2.756476879119873,400.0,0.181958334520459
20160614.0,1.409999966621399,40.0,12.0,0.05999999865889549,0.1080000028014183,0.10999999940395355,0.3983314037322998,1.2977851629257202,293.8819885253906,0.4250023365020752,254.45321655273438,228.94119262695312,0.6193975806236267,3.6553003787994385,400.0,0.172166666015983
20160616.0,1.409999966621399,40.0,12.0,0.05999999865889549,0.1080000028014183,0.10999999940395355,0.3983314037322998,1.2977851629257202,296.5845642089844,0.4835149347782135,261.1417541503906,232.74404907226562,0.006205542478710413,5.116253852844238,400.0,0.15099999991556
20160619.0,1.409999966621399,40.0,12.0,0.05999999865889549,0.1080000028014183,0.10999999940395355,0.3983314037322998,1.2977851629257202,297.68597412109375,0.49807482957839966,273.87628173828125,248.828857421875,0.0,4.606062412261963,400.0,0.144625002518296
20160621.0,1.409999966621399,40.0,12.0,0.05999999865889549,0.1080000028014183,0.10999999940395355,0.3983314037322998,1.2977851629257202,300.2889404296875,0.48877668380737305,274.653564453125,256.2007141113281,0.0008612871170043945,5.121370792388916,400.0,0.141041666890184
20160622.0,1.409999966621399,40.0,12.0,0.05999999865889549,0.1080000028014183,0.10999999940395355,0.3983314037322998,1.2977851629257202,300.5108947753906,0.4835370182991028,278.5853271484375,259.0274658203125,0.0005303937941789627,5.147738456726074,400.0,0.138125001763304
20160624.0,1.409999966621399,40.0,12.0,0.05999999865889549,0.1080000028014183,0.10999999940395355,0.3983314037322998,1.2977851629257202,300.6661071777344,0.4723685085773468,280.71337890625,262.20550537109375,5.660563945770264,4.207918643951416,400.0,0.132956519075062
20160627.0,1.409999966621399,40.0,12.0,0.05999999865889549,0.1080000028014183,0.10999999940395355,0.3983314037322998,1.2977851629257202,298.8505554199219,0.48144498467445374,273.7604675292969,254.95704650878906,0.037923943251371384,3.967606544494629,400.0,0.127083333209157
20160629.0,1.409999966621399,40.0,12.0,0.05999999865889549,0.1080000028014183,0.10999999940395355,0.3983314037322998,1.2977851629257202,295.5493469238281,0.494066059589386,276.12200927734375,255.82843017578125,4.839138507843018,3.029524564743042,400.0,0.122166667754451
20160630.0,1.409999966621399,40.0,12.0,0.05999999865889549,0.1080000028014183,0.10999999940395355,0.3983314037322998,1.2977851629257202,298.2020568847656,0.5006393194198608,273.1025390625,253.21719360351562,0.026010023429989815,5.058710098266602,400.0,0.123500000064572
20160702.0,1.409999966621399,40.0,12.0,0.05999999865889549,0.1080000028014183,0.10999999940395355,0.3983314037322998,1.2977851629257202,299.5060119628906,0.5141701698303223,279.4869384765625,262.78790283203125,0.5023383498191833,4.366214275360107,400.0,0.119916665988664
20160705.0,1.409999966621399,40.0,12.0,0.05999999865889549,0.1080000028014183,0.10999999940395355,0.3983314037322998,1.2977851629257202,295.7700500488281,0.5248889923095703,274.62628173828125,254.47378540039062,0.0,4.665577411651611,400.0,0.112833332891266
20160707.0,1.409999966621399,40.0,12.0,0.05999999865889549,0.1080000028014183,0.10999999940395355,0.3983314037322998,1.2977851629257202,296.2361755371094,0.5296176075935364,276.3416748046875,261.4278869628906,0.07392490655183792,3.7423906326293945,400.0,0.109583333755533
20160708.0,1.409999966621399,40.0,12.0,0.05999999865889549,0.1080000028014183,0.10999999940395355,0.3983314037322998,1.2977851629257202,295.64654541015625,0.5319204926490784,275.0799560546875,254.43359375,0.0012807120801880956,3.8142073154449463,400.0,0.110950000211596
20160710.0,1.409999966621399,40.0,12.0,0.05999999865889549,0.1080000028014183,0.10999999940395355,0.3983314037322998,1.2977851629257202,295.7986755371094,0.5365924835205078,278.8797607421875,261.32940673828125,0.06523066759109497,2.8838322162628174,400.0,0.109499999942879
20160713.0,1.409999966621399,40.0,12.0,0.05999999865889549,0.1080000028014183,0.10999999940395355,0.3983314037322998,1.2977851629257202,299.4920349121094,0.5417563915252686,279.87384033203125,265.3912353515625,0.0,3.5034546852111816,400.0,0.106208334366481
20160715.0,1.409999966621399,40.0,12.0,0.05999999865889549,0.1080000028014183,0.10999999940395355,0.3983314037322998,1.2977851629257202,301.52093505859375,0.5447397232055664,281.58685302734375,268.42431640625,0.0,3.4595248699188232,400.0,0.103208334495624
20160716.0,1.409999966621399,40.0,12.0,0.05999999865889549,0.1080000028014183,0.10999999940395355,0.3983314037322998,1.2977851629257202,300.9776916503906,0.5461400747299194,279.159423828125,267.70611572265625,0.0,3.5528225898742676,400.0,0.101041666232049
20160718.0,1.409999966621399,40.0,12.0,0.05999999865889549,0.1080000028014183,0.10999999940395355,0.3983314037322998,1.2977851629257202,298.219970703125,0.547983705997467,280.58135986328125,268.4437255859375,2.2053234577178955,2.701441526412964,400.0,0.0960833330949147
20160721.0,1.409999966621399,40.0,12.0,0.05999999865889549,0.1080000028014183,0.10999999940395355,0.3983314037322998,1.2977851629257202,297.71380615234375,0.5840126872062683,278.49346923828125,265.412353515625,0.04406441003084183,2.4865565299987793,400.0,0.092166667804122
20160723.0,1.409999966621399,40.0,12.0,0.05999999865889549,0.1080000028014183,0.10999999940395355,0.3983314037322998,1.2977851629257202,300.9598388671875,0.6171196103096008,281.2160339355469,269.155517578125,0.001716613071039319,2.844182014465332,400.0,0.0881666674589117
20160724.0,1.409999966621399,40.0,12.0,0.05999999865889549,0.1080000028014183,0.10999999940395355,0.3983314037322998,1.2977851629257202,300.62811279296875,0.6342517137527466,283.86309814453125,269.20208740234375,0.0,2.5996577739715576,400.0,0.0847499994561076
20160726.0,1.409999966621399,40.0,12.0,0.05999999865889549,0.1080000028014183,0.10999999940395355,0.3983314037322998,1.2977851629257202,300.9673156738281,0.6697095036506653,283.1213684082031,268.8758544921875,0.007539715617895126,2.1236581802368164,400.0,0.0798333333805203
20160729.0,1.409999966621399,40.0,12.0,0.05999999865889549,0.1080000028014183,0.10999999940395355,0.3983314037322998,1.2977851629257202,302.00579833984375,0.7023581266403198,281.92510986328125,269.4054260253906,0.0013227961026132107,2.232896566390991,400.0,0.072458333025376
20160731.0,1.409999966621399,40.0,12.0,0.05999999865889549,0.1080000028014183,0.10999999940395355,0.3983314037322998,1.2977851629257202,302.93475341796875,0.7189417481422424,283.66046142578125,269.1102294921875,0.05355357751250267,2.096423387527466,400.0,0.0687083341181278
20160801.0,1.409999966621399,40.0,12.0,0.05999999865889549,0.1080000028014183,0.10999999940395355,0.3983314037322998,1.2977851629257202,303.9036560058594,0.7271413207054138,282.775634765625,271.6925048828125,0.0017041251994669437,2.4197726249694824,400.0,0.0672500000024835
20160803.0,1.409999966621399,40.0,12.0,0.05999999865889549,0.1080000028014183,0.10999999940395355,0.3983314037322998,1.2977851629257202,299.4730224609375,0.7437814474105835,278.8221130371094,264.3480529785156,3.5451812744140625,1.8978030681610107,400.0,0.0629999997715155
20160806.0,1.409999966621399,40.0,12.0,0.05999999865889549,0.1080000028014183,0.10999999940395355,0.3983314037322998,1.2977851629257202,301.854736328125,0.7646830677986145,281.4391784667969,269.0465087890625,0.00171661376953125,2.331434488296509,400.0,0.0629166668901841
20160808.0,1.409999966621399,40.0,12.0,0.05999999865889549,0.1080000028014183,0.10999999940395355,0.3983314037322998,1.2977851629257202,300.138916015625,0.777655303478241,285.7684326171875,270.67279052734375,0.0008611339144408703,1.8606194257736206,400.0,0.0600833329372108
20160809.0,1.409999966621399,40.0,12.0,0.05999999865889549,0.1080000028014183,0.10999999940395355,0.3983314037322998,1.2977851629257202,299.9886169433594,0.7841601371765137,283.357666015625,271.11309814453125,0.00043511379044502974,1.829911470413208,400.0,0.0594583327571551
20160811.0,1.409999966621399,40.0,12.0,0.05999999865889549,0.1080000028014183,0.10999999940395355,0.3983314037322998,1.2977851629257202,303.2127990722656,0.7974390387535095,281.8084716796875,270.453125,0.0008267618250101805,1.9529305696487427,400.0,0.058875000414749
20160814.0,1.409999966621399,40.0,12.0,0.05999999865889549,0.1080000028014183,0.10999999940395355,0.3983314037322998,1.2977851629257202,295.6955871582031,0.8105987906455994,265.25360107421875,243.15211486816406,0.0008670523529872298,2.1115477085113525,400.0,0.100875000158946
20160816.0,1.409999966621399,40.0,12.0,0.05999999865889549,0.1080000028014183,0.10999999940395355,0.3983314037322998,1.2977851629257202,299.7264709472656,0.8176823854446411,275.3695373535156,260.95556640625,0.02205611951649189,1.9237964153289795,400.0,0.0926666669547558
20160817.0,1.409999966621399,40.0,12.0,0.05999999865889549,0.1080000028014183,0.10999999940395355,0.3983314037322998,1.2977851629257202,300.3780212402344,0.8212287425994873,280.1750793457031,264.4617919921875,0.09886276721954346,1.6702015399932861,400.0,0.0899999995405475
20160819.0,1.409999966621399,40.0,12.0,0.05999999865889549,0.1080000028014183,0.10999999940395355,0.3983314037322998,1.2977851629257202,297.4996032714844,0.8288933038711548,270.2113037109375,248.1975860595703,6.524965286254883,2.140186309814453,400.0,0.100375001008312
20160822.0,1.409999966621399,40.0,12.0,0.05999999865889549,0.1080000028014183,0.10999999940395355,0.3983314037322998,1.2977851629257202,300.103515625,0.8215667605400085,276.2710876464844,259.3980407714844,4.49938440322876,2.3424606323242188,400.0,0.100500000330309
20160824.0,1.409999966621399,40.0,12.0,0.05999999865889549,0.1080000028014183,0.10999999940395355,0.3983314037322998,1.2977851629257202,297.3206787109375,0.8120112419128418,266.6024169921875,242.6874237060547,1.139694094657898,3.0918514728546143,400.0,0.107250000350177
20160825.0,1.409999966621399,40.0,12.0,0.05999999865889549,0.1080000028014183,0.10999999940395355,0.3983314037322998,1.2977851629257202,296.3978576660156,0.8070420622825623,265.8888854980469,239.5175323486328,0.0008608131902292371,3.1802783012390137,400.0,0.102458333907028
20160827.0,1.409999966621399,40.0,12.0,0.05999999865889549,0.1080000028014183,0.10999999940395355,0.3983314037322998,1.2977851629257202,296.4781188964844,0.7962759733200073,275.16986083984375,256.23956298828125,0.0008734576404094696,2.29113507270813,400.0,0.094458334458371
20160830.0,1.409999966621399,40.0,12.0,0.05999999865889549,0.1080000028014183,0.10999999940395355,0.3983314037322998,1.2977851629257202,297.3556823730469,0.8097873330116272,251.63760375976562,221.9429168701172,0.9238452911376953,2.2265961170196533,400.0,0.134666665146748
20160901.0,1.409999966621399,40.0,12.0,0.05999999865889549,0.1080000028014183,0.10999999940395355,0.3983314037322998,1.2977851629257202,294.9784851074219,0.8263519406318665,259.392578125,232.01220703125,0.000858306884765625,2.0644161701202393,400.0,0.122791668400168
20160902.0,1.409999966621399,40.0,12.0,0.05999999865889549,0.1080000028014183,0.10999999940395355,0.3983314037322998,1.2977851629257202,295.3507080078125,0.8349838852882385,266.978759765625,242.59332275390625,0.0008523463038727641,1.8359135389328003,400.0,0.117625000576178
20160904.0,1.409999966621399,40.0,12.0,0.05999999865889549,0.1080000028014183,0.10999999940395355,0.3983314037322998,1.2977851629257202,296.98529052734375,0.853277325630188,275.9112548828125,255.10342407226562,0.000858306884765625,1.5095804929733276,400.0,0.110500000417233
20160907.0,1.409999966621399,40.0,12.0,0.05999999865889549,0.1080000028014183,0.10999999940395355,0.3983314037322998,1.2977851629257202,297.0801696777344,0.8495627641677856,278.49566650390625,263.69097900390625,0.0008491133921779692,1.4063611030578613,400.0,0.101124999423822
20160909.0,1.409999966621399,40.0,12.0,0.05999999865889549,0.1080000028014183,0.10999999940395355,0.3983314037322998,1.2977851629257202,298.7895812988281,0.8392976522445679,280.3738098144531,266.24005126953125,0.0012822679709643126,1.2216126918792725,400.0,0.0981666666145126
20160910.0,1.409999966621399,40.0,12.0,0.05999999865889549,0.1080000028014183,0.10999999940395355,0.3983314037322998,1.2977851629257202,298.5945129394531,0.8339597582817078,281.41534423828125,266.4906921386719,0.0,1.005889892578125,400.0,0.0962083333482345
20160912.0,1.409999966621399,40.0,12.0,0.05999999865889549,0.1080000028014183,0.10999999940395355,0.3983314037322998,1.2977851629257202,296.7654113769531,0.823347270488739,281.46697998046875,265.6201171875,0.0017178335692733526,0.9618580937385559,400.0,0.0926086967406066
20160915.0,1.409999966621399,40.0,12.0,0.05999999865889549,0.1080000028014183,0.10999999940395355,0.3983314037322998,1.2977851629257202,296.6789245605469,0.8068535923957825,278.7208251953125,260.3553771972656,0.2652112543582916,0.9124554395675659,400.0,0.0654347832922054
20160917.0,1.409999966621399,40.0,12.0,0.05999999865889549,0.1080000028014183,0.10999999940395355,0.3983314037322998,1.2977851629257202,298.938720703125,0.7957661151885986,279.9749755859375,268.242919921875,0.0017209643265232444,0.9571276307106018,400.0,0.0341666666790843
20160918.0,1.409999966621399,40.0,12.0,0.05999999865889549,0.1080000028014183,0.10999999940395355,0.3983314037322998,1.2977851629257202,298.6942138671875,0.7902267575263977,282.6024475097656,268.4993896484375,0.3795103430747986,0.8603494763374329,400.0,0.0324999998944501
20160920.0,1.409999966621399,40.0,12.0,0.05999999865889549,0.1080000028014183,0.10999999940395355,0.3983314037322998,1.2977851629257202,285.2225036621094,0.7790208458900452,229.04725646972656,196.47079467773438,10.719179153442383,2.1759777069091797,400.0,0.139791668082277
20160923.0,1.409999966621399,40.0,12.0,0.05999999865889549,0.1080000028014183,0.10999999940395355,0.3983314037322998,1.2977851629257202,287.2488708496094,0.768298327922821,235.29782104492188,201.97781372070312,0.06590579450130463,1.645250916481018,400.0,0.1127916664506
20160925.0,1.409999966621399,40.0,12.0,0.05999999865889549,0.1080000028014183,0.10999999940395355,0.3983314037322998,1.2977851629257202,286.4396057128906,0.7626739144325256,247.10879516601562,214.5616455078125,2.1685352325439453,1.3942095041275024,400.0,0.0921250007425745
20160926.0,1.409999966621399,40.0,12.0,0.05999999865889549,0.1080000028014183,0.10999999940395355,0.3983314037322998,1.2977851629257202,286.7319030761719,0.7600640654563904,247.81414794921875,217.86636352539062,0.30176976323127747,0.9775516986846924,400.0,0.0855416677271326
20161001.0,1.409999966621399,40.0,12.0,0.05999999865889549,0.1080000028014183,0.10999999940395355,0.3983314037322998,1.2977851629257202,292.5205993652344,0.6905344128608704,266.79083251953125,250.01300048828125,0.0,1.2595057487487793,400.0,0.0789583337803682
20161003.0,1.409999966621399,40.0,12.0,0.05999999865889549,0.1080000028014183,0.10999999940395355,0.3983314037322998,1.2977851629257202,292.4598693847656,0.6332529187202454,270.440185546875,253.4724578857422,0.2287919968366623,1.0975908041000366,400.0,0.076000000971059
20161004.0,1.409999966621399,40.0,12.0,0.05999999865889549,0.1080000028014183,0.10999999940395355,0.3983314037322998,1.2977851629257202,289.7830810546875,0.6048153638839722,272.3648681640625,254.65988159179688,0.058698587119579315,1.0271093845367432,400.0,0.0730833321188887
20161006.0,1.409999966621399,40.0,12.0,0.05999999865889549,0.1080000028014183,0.10999999940395355,0.3983314037322998,1.2977851629257202,284.8310852050781,0.5479437708854675,266.9496765136719,250.21926879882812,0.16943193972110748,0.8029119968414307,400.0,0.0667916676029563
20161009.0,1.409999966621399,40.0,12.0,0.05999999865889549,0.1080000028014183,0.10999999940395355,0.3983314037322998,1.2977851629257202,283.3929138183594,0.5181525349617004,230.75430297851562,197.3572235107422,0.02764393948018551,1.1780595779418945,400.0,0.133791665857037
20161011.0,1.409999966621399,40.0,12.0,0.05999999865889549,0.1080000028014183,0.10999999940395355,0.3983314037322998,1.2977851629257202,286.137939453125,0.5116358399391174,236.29296875,204.23599243164062,17.830984115600586,1.1269117593765259,400.0,0.135541665057341
20161012.0,1.409999966621399,40.0,12.0,0.05999999865889549,0.1080000028014183,0.10999999940395355,0.3983314037322998,1.2977851629257202,285.72882080078125,0.5087981224060059,230.53793334960938,195.6533966064453,4.853182792663574,1.1263810396194458,400.0,0.149833332126339
20161014.0,1.409999966621399,40.0,12.0,0.05999999865889549,0.1080000028014183,0.10999999940395355,0.3983314037322998,1.2977851629257202,281.46685791015625,0.5034743547439575,227.71670532226562,192.93307495117188,9.261651575798169e-05,1.2678598165512085,400.0,0.131666665275892
20161017.0,1.409999966621399,40.0,12.0,0.05999999865889549,0.1080000028014183,0.10999999940395355,0.3983314037322998,1.2977851629257202,281.6096496582031,0.4842609763145447,227.05075073242188,197.08767700195312,0.5055515170097351,1.562333345413208,400.0,0.129375000173847
20161019.0,1.409999966621399,40.0,12.0,0.05999999865889549,0.1080000028014183,0.10999999940395355,0.3983314037322998,1.2977851629257202,281.37359619140625,0.4688332676887512,232.26644897460938,200.48130798339844,0.03423289954662323,0.7894366979598999,400.0,0.122500000831981
20161020.0,1.409999966621399,40.0,12.0,0.05999999865889549,0.1080000028014183,0.10999999940395355,0.3983314037322998,1.2977851629257202,283.1571960449219,0.4611251652240753,234.08628845214844,202.94769287109375,0.023326797410845757,0.5850473642349243,400.0,0.121666666120291
20161022.0,1.409999966621399,40.0,12.0,0.05999999865889549,0.1080000028014183,0.10999999940395355,0.3983314037322998,1.2977851629257202,286.0873718261719,0.446037232875824,240.77865600585938,211.10147094726562,0.729891836643219,0.90218585729599,400.0,0.119583333842456
20161025.0,1.409999966621399,40.0,12.0,0.05999999865889549,0.1080000028014183,0.10999999940395355,0.3983314037322998,1.2977851629257202,283.5664367675781,0.4176112711429596,246.10946655273438,217.51962280273438,0.024922311305999756,0.7114049196243286,400.0,0.0965416670466463
20161027.0,1.409999966621399,40.0,12.0,0.05999999865889549,0.1080000028014183,0.10999999940395355,0.3983314037322998,1.2977851629257202,280.2660217285156,0.39753636717796326,229.59735107421875,200.68292236328125,0.012823996134102345,0.9810014367103577,400.0,0.115458333554367
20161028.0,1.409999966621399,40.0,12.0,0.05999999865889549,0.1080000028014183,0.10999999940395355,0.3983314037322998,1.2977851629257202,278.8392028808594,0.38754263520240784,230.3399658203125,200.0174102783203,0.01334487833082676,0.7572532296180725,400.0,0.107458333174388
20161030.0,1.409999966621399,40.0,12.0,0.05999999865889549,0.1080000028014183,0.10999999940395355,0.3983314037322998,1.2977851629257202,281.0863342285156,0.36727195978164673,236.79116821289062,209.11473083496094,0.5845325589179993,1.2064021825790405,400.0,0.100749999595185
20161102.0,1.409999966621399,40.0,12.0,0.05999999865889549,0.1080000028014183,0.10999999940395355,0.3983314037322998,1.2977851629257202,280.2911071777344,0.3562701344490051,243.2851104736328,216.94113159179688,0.0004410743713378906,0.939365804195404,400.0,0.0933333331098159
20161104.0,1.409999966621399,40.0,12.0,0.05999999865889549,0.1080000028014183,0.10999999940395355,0.3983314037322998,1.2977851629257202,280.96051025390625,0.35369768738746643,233.4666748046875,204.7620849609375,0.04450926184654236,0.9616024494171143,400.0,0.104166666666667
20161105.0,1.409999966621399,40.0,12.0,0.05999999865889549,0.1080000028014183,0.10999999940395355,0.3983314037322998,1.2977851629257202,279.7570495605469,0.35250911116600037,234.1541748046875,205.30093383789062,0.018487941473722458,0.5584724545478821,400.0,0.0994545458392663
20161107.0,1.409999966621399,40.0,12.0,0.05999999865889549,0.1080000028014183,0.10999999940395355,0.3983314037322998,1.2977851629257202,285.7052917480469,0.34963086247444153,240.6878204345703,211.65234375,0.08051686733961105,0.8425746560096741,400.0,0.0980416663611929
20161110.0,1.409999966621399,40.0,12.0,0.05999999865889549,0.1080000028014183,0.10999999940395355,0.3983314037322998,1.2977851629257202,280.40167236328125,0.36265718936920166,219.8056182861328,187.88021850585938,5.051817893981934,0.5535129904747009,400.0,0.13266666730245
20161112.0,1.409999966621399,40.0,12.0,0.05999999865889549,0.1080000028014183,0.10999999940395355,0.3983314037322998,1.2977851629257202,281.6509704589844,0.3758556544780731,221.53466796875,190.73419189453125,8.5646390914917,0.604762613773346,400.0,0.11283333444347
20161113.0,1.409999966621399,40.0,12.0,0.05999999865889549,0.1080000028014183,0.10999999940395355,0.3983314037322998,1.2977851629257202,279.6978454589844,0.3826799988746643,220.14991760253906,184.9300079345703,2.201157808303833,1.2824386358261108,400.0,0.119625000283122
20161115.0,1.409999966621399,40.0,12.0,0.05999999865889549,0.1080000028014183,0.10999999940395355,0.3983314037322998,1.2977851629257202,274.82568359375,0.39685019850730896,221.17340087890625,189.0994110107422,0.04079609364271164,0.6917847394943237,400.0,0.105090908706188
20161118.0,1.409999966621399,40.0,12.0,0.05999999865889549,0.1080000028014183,0.10999999940395355,0.3983314037322998,1.2977851629257202,278.0828552246094,0.4049518406391144,231.90048217773438,203.33023071289062,0.0,0.5291377902030945,400.0,0.0985833331942558
20161120.0,1.409999966621399,40.0,12.0,0.05999999865889549,0.1080000028014183,0.10999999940395355,0.3983314037322998,1.2977851629257202,282.2301330566406,0.40701502561569214,239.8068084716797,210.761474609375,0.28239706158638,0.4997539818286896,400.0,0.0971666680028041
20161121.0,1.409999966621399,40.0,12.0,0.05999999865889549,0.1080000028014183,0.10999999940395355,0.3983314037322998,1.2977851629257202,280.5615234375,0.40796512365341187,238.30792236328125,210.38343811035156,0.16986437141895294,0.5269544720649719,400.0,0.095708333576719
20161123.0,1.409999966621399,40.0,12.0,0.05999999865889549,0.1080000028014183,0.10999999940395355,0.3983314037322998,1.2977851629257202,279.9366455078125,0.4100554883480072,240.81991577148438,211.254638671875,0.4334262013435364,0.2895086705684662,400.0,0.0944999977946281
20161126.0,1.409999966621399,40.0,12.0,0.05999999865889549,0.1080000028014183,0.10999999940395355,0.3983314037322998,1.2977851629257202,278.3214416503906,0.4067852199077606,236.9295654296875,211.0130615234375,0.012737647630274296,0.39319831132888794,400.0,0.0930000022053719
20161128.0,1.409999966621399,40.0,12.0,0.05999999865889549,0.1080000028014183,0.10999999940395355,0.3983314037322998,1.2977851629257202,278.2475891113281,0.403013676404953,240.13607788085938,216.16769409179688,0.03459904342889786,0.36536723375320435,400.0,0.0921666671832403
20161129.0,1.409999966621399,40.0,12.0,0.05999999865889549,0.1080000028014183,0.10999999940395355,0.3983314037322998,1.2977851629257202,273.89593505859375,0.40100720524787903,238.03025817871094,211.49771118164062,0.08003780990839005,0.6653734445571899,400.0,0.090705882100498
20161209.0,1.409999966621399,40.0,12.0,0.05999999865889549,0.1080000028014183,0.10999999940395355,0.3983314037322998,1.2977851629257202,276.20269775390625,0.48741310834884644,254.22564697265625,235.9113006591797,0.0012874602107331157,0.5198228359222412,400.0,0.0776666651169459
20170206.0,1.409999966621399,40.0,12.0,0.05999999865889549,0.1080000028014183,0.10999999940395355,0.3983314037322998,1.2977851629257202,276.0503845214844,0.4864720404148102,234.1086883544922,208.157958984375,1.339830756187439,0.29057642817497253,400.0,0.126611111892594
20170219.0,1.409999966621399,40.0,12.0,0.05999999865889549,0.1080000028014183,0.10999999940395355,0.3983314037322998,1.2977851629257202,276.60382080078125,0.4237052798271179,230.8715362548828,200.73304748535156,7.457582473754883,0.5895859003067017,400.0,0.141227272423831
20170222.0,1.409999966621399,40.0,12.0,0.05999999865889549,0.1080000028014183,0.10999999940395355,0.3983314037322998,1.2977851629257202,279.8659973144531,0.39506983757019043,214.034423828125,179.58596801757812,0.011512317694723606,1.30948805809021,400.0,0.133791668961445
20170224.0,1.409999966621399,40.0,12.0,0.05999999865889549,0.1080000028014183,0.10999999940395355,0.3983314037322998,1.2977851629257202,283.462890625,0.37611591815948486,214.421630859375,179.25047302246094,0.007604822050780058,1.7565187215805054,400.0,0.122666666905085
20170225.0,1.409999966621399,40.0,12.0,0.05999999865889549,0.1080000028014183,0.10999999940395355,0.3983314037322998,1.2977851629257202,277.5521240234375,0.36694103479385376,220.57154846191406,184.31942749023438,7.880031585693359,0.7421430945396423,400.0,0.123380953357333
20170227.0,1.409999966621399,40.0,12.0,0.05999999865889549,0.1080000028014183,0.10999999940395355,0.3983314037322998,1.2977851629257202,278.93896484375,0.3465609550476074,216.19357299804688,185.97207641601562,0.00042617321014404297,0.936042845249176,400.0,0.117541664900879
20170302.0,1.409999966621399,40.0,12.0,0.05999999865889549,0.1080000028014183,0.10999999940395355,0.3983314037322998,1.2977851629257202,280.7087707519531,0.31367117166519165,228.52529907226562,195.7845458984375,0.3138026297092438,0.8484373092651367,400.0,0.110916668238739
20170304.0,1.409999966621399,40.0,12.0,0.05999999865889549,0.1080000028014183,0.10999999940395355,0.3983314037322998,1.2977851629257202,280.4869079589844,0.2915205955505371,228.6300048828125,199.92855834960938,0.00043511379044502974,1.82607102394104,400.0,0.104500000365078
20170305.0,1.409999966621399,40.0,12.0,0.05999999865889549,0.1080000028014183,0.10999999940395355,0.3983314037322998,1.2977851629257202,283.0701599121094,0.2831244170665741,234.56723022460938,202.43475341796875,0.0,1.7989953756332397,400.0,0.100125000812113
20170307.0,1.409999966621399,40.0,12.0,0.05999999865889549,0.1080000028014183,0.10999999940395355,0.3983314037322998,1.2977851629257202,282.8188781738281,0.24261167645454407,239.71023559570312,213.39410400390625,0.07707376778125763,1.2514748573303223,400.0,0.0860416662568847
20170310.0,1.409999966621399,40.0,12.0,0.05999999865889549,0.1080000028014183,0.10999999940395355,0.3983314037322998,1.2977851629257202,280.4149475097656,0.15458883345127106,240.76022338867188,210.9901123046875,6.893563270568848,1.096617341041565,400.0,0.0883750018353264
20170312.0,1.409999966621399,40.0,12.0,0.05999999865889549,0.1080000028014183,0.10999999940395355,0.3983314037322998,1.2977851629257202,280.74139404296875,0.10035400837659836,234.45928955078125,204.2060546875,0.8990503549575806,1.0470874309539795,400.0,0.0861250019321839
20170313.0,1.409999966621399,40.0,12.0,0.05999999865889549,0.1080000028014183,0.10999999940395355,0.3983314037322998,1.2977851629257202,277.9042053222656,0.07117374241352081,235.28536987304688,205.01821899414062,17.283935546875,1.9520444869995117,400.0,0.0943750009561578
20170315.0,1.409999966621399,40.0,12.0,0.05999999865889549,0.1080000028014183,0.10999999940395355,0.3983314037322998,1.2977851629257202,278.88665771484375,0.040553029626607895,227.46627807617188,195.00486755371094,1.0995937585830688,0.9874979853630066,400.0,0.0993333334724108
20170320.0,1.409999966621399,40.0,12.0,0.05999999865889549,0.1080000028014183,0.10999999940395355,0.3983314037322998,1.2977851629257202,279.80096435546875,0.019313756376504898,229.90057373046875,198.51502990722656,0.1318746656179428,1.2261912822723389,400.0,0.0982500007376075
20170321.0,1.409999966621399,40.0,12.0,0.05999999865889549,0.1080000028014183,0.10999999940395355,0.3983314037322998,1.2977851629257202,283.56060791015625,0.0170583538711071,232.46957397460938,201.11959838867188,0.000858306884765625,2.012197256088257,400.0,0.09787500059853
20170323.0,1.409999966621399,40.0,12.0,0.05999999865889549,0.1080000028014183,0.10999999940395355,0.3983314037322998,1.2977851629257202,282.5018310546875,0.0,241.33819580078125,212.81124877929688,0.0,2.2649593353271484,400.0,0.0966666663686434
20170326.0,1.409999966621399,40.0,12.0,0.05999999865889549,0.1080000028014183,0.10999999940395355,0.3983314037322998,1.2977851629257202,279.7121276855469,0.0,249.00918579101562,224.40829467773438,5.921819686889648,1.5879937410354614,400.0,0.0943749987830718
20170328.0,1.409999966621399,40.0,12.0,0.05999999865889549,0.1080000028014183,0.10999999940395355,0.3983314037322998,1.2977851629257202,284.2313537597656,0.0,246.8126220703125,218.188720703125,0.0008523463038727641,2.697272539138794,400.0,0.0966249996175369
20170329.0,1.409999966621399,40.0,12.0,0.05999999865889549,0.1080000028014183,0.10999999940395355,0.3983314037322998,1.2977851629257202,286.1020812988281,0.0,251.0838623046875,228.0472412109375,0.001722574234008789,2.5952818393707275,400.0,0.0967499998708566
20170331.0,1.409999966621399,40.0,12.0,0.05999999865889549,0.1080000028014183,0.10999999940395355,0.3983314037322998,1.2977851629257202,283.69537353515625,0.0,256.1595153808594,235.0347900390625,0.007252146955579519,2.3866379261016846,400.0,0.0948333336661259
20170403.0,1.409999966621399,40.0,12.0,0.05999999865889549,0.1080000028014183,0.10999999940395355,0.3983314037322998,1.2977851629257202,284.607177734375,0.0,259.62347412109375,244.48098754882812,0.002137636300176382,2.6029279232025146,400.0,0.0922083342447877
20170405.0,1.409999966621399,40.0,12.0,0.05999999865889549,0.1080000028014183,0.10999999940395355,0.3983314037322998,1.2977851629257202,283.3615417480469,0.0,262.6905517578125,243.41549682617188,2.793508291244507,1.1046786308288574,400.0,0.0910000015671055
20170406.0,1.409999966621399,40.0,12.0,0.05999999865889549,0.1080000028014183,0.10999999940395355,0.3983314037322998,1.2977851629257202,284.9859924316406,0.0,264.4814453125,244.11915588378906,2.650665521621704,1.9449702501296997,400.0,0.0915000007177393
20170408.0,1.409999966621399,40.0,12.0,0.05999999865889549,0.1080000028014183,0.10999999940395355,0.3983314037322998,1.2977851629257202,282.2970886230469,0.0,238.89825439453125,211.26156616210938,0.7830889225006104,2.503767728805542,400.0,0.102086958029996
20170411.0,1.409999966621399,40.0,12.0,0.05999999865889549,0.1080000028014183,0.10999999940395355,0.3983314037322998,1.2977851629257202,286.0412902832031,0.0,255.47769165039062,233.43356323242188,0.0,3.193437337875366,400.0,0.0996818186884577
20170413.0,1.409999966621399,40.0,12.0,0.05999999865889549,0.1080000028014183,0.10999999940395355,0.3983314037322998,1.2977851629257202,286.0998840332031,0.0,261.0592346191406,242.52239990234375,0.0014238491421565413,2.558864116668701,400.0,0.0807916664828857
20170414.0,1.409999966621399,40.0,12.0,0.05999999865889549,0.1080000028014183,0.10999999940395355,0.3983314037322998,1.2977851629257202,285.8747863769531,0.0,266.22723388671875,247.9583740234375,0.16395306587219238,2.233030080795288,400.0,0.0651250003526608
20170416.0,1.409999966621399,40.0,12.0,0.05999999865889549,0.1080000028014183,0.10999999940395355,0.3983314037322998,1.2977851629257202,287.9939270019531,0.0,268.0750732421875,251.73727416992188,4.351015567779541,2.540785074234009,400.0,0.0639166672093173
20170419.0,1.409999966621399,40.0,12.0,0.05999999865889549,0.1080000028014183,0.10999999940395355,0.3983314037322998,1.2977851629257202,279.48956298828125,0.0,245.50392150878906,216.58892822265625,8.800692558288574,1.7583446502685547,400.0,0.0802499999602636
20170421.0,1.409999966621399,40.0,12.0,0.05999999865889549,0.1080000028014183,0.10999999940395355,0.3983314037322998,1.2977851629257202,276.5468444824219,0.0,231.48526000976562,202.02737426757812,2.8622701168060303,2.0991222858428955,400.0,0.131125001236796
20170422.0,1.409999966621399,40.0,12.0,0.05999999865889549,0.1080000028014183,0.10999999940395355,0.3983314037322998,1.2977851629257202,281.0223388671875,0.0,234.14720153808594,202.0821533203125,0.0,2.8237082958221436,400.0,0.125000001862645
20170424.0,1.409999966621399,40.0,12.0,0.05999999865889549,0.1080000028014183,0.10999999940395355,0.3983314037322998,1.2977851629257202,282.2991027832031,0.0,234.94676208496094,204.8184814453125,0.39858147501945496,3.103984832763672,400.0,0.120333333189289
20170427.0,1.409999966621399,40.0,12.0,0.05999999865889549,0.1080000028014183,0.10999999940395355,0.3983314037322998,1.2977851629257202,288.0398254394531,0.0,256.6929626464844,229.16049194335938,0.0012934206752106547,3.738593101501465,400.0,0.115749998949468
20170429.0,1.409999966621399,40.0,12.0,0.05999999865889549,0.1080000028014183,0.10999999940395355,0.3983314037322998,1.2977851629257202,290.7391357421875,0.0,263.19854736328125,240.5001220703125,0.04412316903471947,3.7145540714263916,400.0,0.114541667203108
20170430.0,1.409999966621399,40.0,12.0,0.05999999865889549,0.1080000028014183,0.10999999940395355,0.3983314037322998,1.2977851629257202,288.222412109375,0.0,262.6030578613281,240.9357452392578,2.2585253715515137,2.768019676208496,400.0,0.111750001087785
20170502.0,1.409999966621399,40.0,12.0,0.05999999865889549,0.1080000028014183,0.10999999940395355,0.3983314037322998,1.2977851629257202,290.66973876953125,0.0,268.4202880859375,246.74607849121094,0.0017082500271499157,3.631068706512451,400.0,0.112166666736205
20170505.0,1.409999966621399,40.0,12.0,0.05999999865889549,0.1080000028014183,0.10999999940395355,0.3983314037322998,1.2977851629257202,290.5364990234375,0.0,272.679443359375,254.4219207763672,0.0,3.889493227005005,400.0,0.108708333224058
20170507.0,1.409999966621399,40.0,12.0,0.05999999865889549,0.1080000028014183,0.10999999940395355,0.3983314037322998,1.2977851629257202,289.7112121582031,0.0,273.7896728515625,257.41717529296875,0.6632463335990906,2.615088701248169,400.0,0.107916666194797
20170508.0,1.409999966621399,40.0,12.0,0.05999999865889549,0.1080000028014183,0.10999999940395355,0.3983314037322998,1.2977851629257202,289.94244384765625,0.0,261.08636474609375,240.2237548828125,3.6613566875457764,2.2896618843078613,400.0,0.107666667550802
20170510.0,1.409999966621399,40.0,12.0,0.05999999865889549,0.1080000028014183,0.10999999940395355,0.3983314037322998,1.2977851629257202,283.98516845703125,0.0,250.3852081298828,220.64273071289062,1.3259468078613281,2.118601083755493,400.0,0.107833333934347
20170513.0,1.409999966621399,40.0,12.0,0.05999999865889549,0.1080000028014183,0.10999999940395355,0.3983314037322998,1.2977851629257202,293.5263977050781,0.0,270.935302734375,244.99014282226562,9.959800720214844,3.078253984451294,400.0,0.107749999500811
20170515.0,1.409999966621399,40.0,12.0,0.05999999865889549,0.1080000028014183,0.10999999940395355,0.3983314037322998,1.2977851629257202,288.98638916015625,0.0,266.0505065917969,241.82640075683594,0.25154635310173035,2.7804598808288574,400.0,0.107250000971059
20170516.0,1.409999966621399,40.0,12.0,0.05999999865889549,0.1080000028014183,0.10999999940395355,0.3983314037322998,1.2977851629257202,290.1142578125,0.0,269.4154052734375,248.19113159179688,0.0015867170877754688,3.807586908340454,400.0,0.107583333738148
20170518.0,1.409999966621399,40.0,12.0,0.05999999865889549,0.1080000028014183,0.10999999940395355,0.3983314037322998,1.2977851629257202,289.07867431640625,0.0,263.96380615234375,242.66094970703125,0.003930798731744289,4.180289268493652,400.0,0.121791667304933
20170521.0,1.409999966621399,40.0,12.0,0.05999999865889549,0.1080000028014183,0.10999999940395355,0.3983314037322998,1.2977851629257202,289.7937316894531,0.0,275.5693359375,254.8596954345703,1.7824536561965942,3.6656055450439453,400.0,0.110333333723247
20170523.0,1.409999966621399,40.0,12.0,0.05999999865889549,0.1080000028014183,0.10999999940395355,0.3983314037322998,1.2977851629257202,290.4971008300781,0.0,255.1221466064453,224.8061981201172,0.005895133595913649,3.662992477416992,400.0,0.11920833401382
20170524.0,1.409999966621399,40.0,12.0,0.05999999865889549,0.1080000028014183,0.10999999940395355,0.3983314037322998,1.2977851629257202,291.0763244628906,0.0,266.4844970703125,237.853759765625,0.0008553265361115336,4.201660633087158,400.0,0.115125001097719
20170526.0,1.409999966621399,40.0,12.0,0.05999999865889549,0.1080000028014183,0.10999999940395355,0.3983314037322998,1.2977851629257202,289.9561767578125,0.0,271.76397705078125,246.78863525390625,2.006281852722168,2.4816203117370605,400.0,0.112000000352661
20170529.0,1.409999966621399,40.0,12.0,0.05999999865889549,0.1080000028014183,0.10999999940395355,0.3983314037322998,1.2977851629257202,291.55645751953125,0.0,260.404296875,230.28933715820312,0.007840501144528389,3.6249520778656006,400.0,0.113041666646798
20170531.0,1.409999966621399,40.0,12.0,0.05999999865889549,0.1080000028014183,0.10999999940395355,0.3983314037322998,1.2977851629257202,295.8022766113281,0.0,274.13690185546875,252.36279296875,0.8688769936561584,3.666074514389038,400.0,0.110999999567866
20170601.0,1.409999966621399,40.0,12.0,0.05999999865889549,0.1080000028014183,0.10999999940395355,0.3983314037322998,1.2977851629257202,296.9618835449219,0.0,276.6290283203125,253.5506134033203,2.4316649436950684,3.7939727306365967,400.0,0.111291666825612
20170603.0,1.409999966621399,40.0,12.0,0.05999999865889549,0.1080000028014183,0.10999999940395355,0.3983314037322998,1.2977851629257202,294.5722961425781,0.0,279.4124755859375,259.36651611328125,2.5273818969726562,3.2630202770233154,400.0,0.109208334237337
20170606.0,1.409999966621399,40.0,12.0,0.05999999865889549,0.1080000028014183,0.10999999940395355,0.3983314037322998,1.2977851629257202,294.40673828125,0.0,276.66748046875,262.8389892578125,0.0008523463038727641,4.307456970214844,400.0,0.107083333656192
20170608.0,1.409999966621399,40.0,12.0,0.05999999865889549,0.1080000028014183,0.10999999940395355,0.3983314037322998,1.2977851629257202,294.24871826171875,0.0,267.28704833984375,244.7050018310547,9.519538879394531,2.7421936988830566,400.0,0.13412499986589
20170609.0,1.409999966621399,40.0,12.0,0.05999999865889549,0.1080000028014183,0.10999999940395355,0.3983314037322998,1.2977851629257202,288.478759765625,0.0,246.0579071044922,218.56622314453125,12.433792114257812,3.0208401679992676,400.0,0.143541668231289
20170611.0,1.409999966621399,40.0,12.0,0.05999999865889549,0.1080000028014183,0.10999999940395355,0.3983314037322998,1.2977851629257202,293.4237365722656,0.0,253.05482482910156,220.07891845703125,0.05557197332382202,3.5669665336608887,400.0,0.123250001731018
20170614.0,1.409999966621399,40.0,12.0,0.05999999865889549,0.1080000028014183,0.10999999940395355,0.3983314037322998,1.2977851629257202,295.9407043457031,0.0,270.7384033203125,239.9063720703125,1.3418604135513306,3.9562466144561768,400.0,0.118124999726812
20170616.0,1.409999966621399,40.0,12.0,0.05999999865889549,0.1080000028014183,0.10999999940395355,0.3983314037322998,1.2977851629257202,295.0560607910156,0.0,271.9744567871094,250.61256408691406,0.04786200821399689,3.5532381534576416,400.0,0.115416666803261
20170617.0,1.409999966621399,40.0,12.0,0.05999999865889549,0.1080000028014183,0.10999999940395355,0.3983314037322998,1.2977851629257202,291.666015625,0.0,274.8306884765625,252.35211181640625,13.672881126403809,2.336277484893799,400.0,0.111916667471329
20170619.0,1.409999966621399,40.0,12.0,0.05999999865889549,0.1080000028014183,0.10999999940395355,0.3983314037322998,1.2977851629257202,293.4486999511719,0.0,258.64434814453125,229.41871643066406,0.5332270860671997,4.398857116699219,400.0,0.115749998949468
20170622.0,1.409999966621399,40.0,12.0,0.05999999865889549,0.1080000028014183,0.10999999940395355,0.3983314037322998,1.2977851629257202,297.873779296875,0.0,264.62518310546875,239.73623657226562,0.055560823529958725,4.498053550720215,400.0,0.113500000288089
20170624.0,1.409999966621399,40.0,12.0,0.05999999865889549,0.1080000028014183,0.10999999940395355,0.3983314037322998,1.2977851629257202,298.7294921875,0.0,272.1228942871094,248.73309326171875,0.01583058573305607,4.287837505340576,400.0,0.112916666393479
20170625.0,1.409999966621399,40.0,12.0,0.05999999865889549,0.1080000028014183,0.10999999940395355,0.3983314037322998,1.2977851629257202,298.91876220703125,0.0,276.63128662109375,253.41612243652344,0.02041803114116192,3.989356756210327,400.0,0.11245833337307
20170627.0,1.409999966621399,40.0,12.0,0.05999999865889549,0.1080000028014183,0.10999999940395355,0.3983314037322998,1.2977851629257202,298.0120544433594,0.0,273.5604248046875,250.68199157714844,1.4795094728469849,3.5808541774749756,400.0,0.110166667339702
20170630.0,1.409999966621399,40.0,12.0,0.05999999865889549,0.1080000028014183,0.10999999940395355,0.3983314037322998,1.2977851629257202,302.5635986328125,0.012709636241197586,274.2230529785156,248.36328125,0.0,4.662871360778809,400.0,0.110708333551884
20170702.0,1.409999966621399,40.0,12.0,0.05999999865889549,0.1080000028014183,0.10999999940395355,0.3983314037322998,1.2977851629257202,301.1093444824219,0.02955794893205166,277.1791687011719,257.16839599609375,0.0011912367772310972,4.096073150634766,400.0,0.107041667215526
20170703.0,1.409999966621399,40.0,12.0,0.05999999865889549,0.1080000028014183,0.10999999940395355,0.3983314037322998,1.2977851629257202,295.82928466796875,0.039612606167793274,259.90240478515625,232.28097534179688,4.404594898223877,3.118386745452881,400.0,0.128708332156142
20170705.0,1.409999966621399,40.0,12.0,0.05999999865889549,0.1080000028014183,0.10999999940395355,0.3983314037322998,1.2977851629257202,296.84173583984375,0.04529817774891853,254.22479248046875,224.24771118164062,0.0021869679912924767,3.397967576980591,400.0,0.122791666847964
20170708.0,1.409999966621399,40.0,12.0,0.05999999865889549,0.1080000028014183,0.10999999940395355,0.3983314037322998,1.2977851629257202,298.0030212402344,0.03510935977101326,265.43267822265625,242.36898803710938,1.7124685049057007,3.222949743270874,400.0,0.118333333171904
20170710.0,1.409999966621399,40.0,12.0,0.05999999865889549,0.1080000028014183,0.10999999940395355,0.3983314037322998,1.2977851629257202,300.0520324707031,0.02919916808605194,270.9090881347656,250.89126586914062,0.0,3.1980934143066406,400.0,0.115458333243926
20170711.0,1.409999966621399,40.0,12.0,0.05999999865889549,0.1080000028014183,0.10999999940395355,0.3983314037322998,1.2977851629257202,300.5313720703125,0.025462279096245766,271.6991882324219,254.27586364746094,0.0008523463038727641,3.429583787918091,400.0,0.12069565349299
20170713.0,1.409999966621399,40.0,12.0,0.05999999865889549,0.1080000028014183,0.10999999940395355,0.3983314037322998,1.2977851629257202,301.4747009277344,0.025456123054027557,278.1127624511719,260.52960205078125,0.1970958709716797,2.8183515071868896,400.0,0.122666668146849
20170716.0,1.409999966621399,40.0,12.0,0.05999999865889549,0.1080000028014183,0.10999999940395355,0.3983314037322998,1.2977851629257202,291.92034912109375,0.035084545612335205,274.6393737792969,259.03857421875,8.50857925415039,1.7065684795379639,400.0,0.114291666075587
20170718.0,1.409999966621399,40.0,12.0,0.05999999865889549,0.1080000028014183,0.10999999940395355,0.3983314037322998,1.2977851629257202,296.46258544921875,0.04088839143514633,268.8021240234375,247.97982788085938,0.0021338455844670534,2.757000684738159,400.0,0.116749999423822
20170719.0,1.409999966621399,40.0,12.0,0.05999999865889549,0.1080000028014183,0.10999999940395355,0.3983314037322998,1.2977851629257202,297.6139221191406,0.04509581997990608,270.90863037109375,254.04783630371094,0.0,2.7945735454559326,400.0,0.117333333007991
20170721.0,1.409999966621399,40.0,12.0,0.05999999865889549,0.1080000028014183,0.10999999940395355,0.3983314037322998,1.2977851629257202,300.29400634765625,0.041334252804517746,276.6165466308594,261.41656494140625,0.0,3.0927021503448486,400.0,0.116374999905626
20170724.0,1.409999966621399,40.0,12.0,0.05999999865889549,0.1080000028014183,0.10999999940395355,0.3983314037322998,1.2977851629257202,302.6292724609375,0.020227782428264618,281.4234619140625,267.247314453125,0.4229225814342499,2.757401943206787,400.0,0.113083333708346
20170726.0,1.409999966621399,40.0,12.0,0.05999999865889549,0.1080000028014183,0.10999999940395355,0.3983314037322998,1.2977851629257202,301.0746765136719,0.007190645206719637,255.213134765625,234.292724609375,6.278100967407227,2.3699264526367188,400.0,0.120681818574667
20170727.0,1.409999966621399,40.0,12.0,0.05999999865889549,0.1080000028014183,0.10999999940395355,0.3983314037322998,1.2977851629257202,297.40771484375,0.0,258.1843566894531,237.18157958984375,22.461994171142578,3.2208094596862793,400.0,0.116583332108955
20170729.0,1.409999966621399,40.0,12.0,0.05999999865889549,0.1080000028014183,0.10999999940395355,0.3983314037322998,1.2977851629257202,295.68267822265625,0.0,246.77786254882812,220.45172119140625,0.04902476817369461,4.599487781524658,400.0,0.139291668931643
20170801.0,1.409999966621399,40.0,12.0,0.05999999865889549,0.1080000028014183,0.10999999940395355,0.3983314037322998,1.2977851629257202,297.6783142089844,0.004819972440600395,267.6890869140625,245.63278198242188,0.0017184909665957093,4.6105122566223145,400.0,0.128083333683511
20170803.0,1.409999966621399,40.0,12.0,0.05999999865889549,0.1080000028014183,0.10999999940395355,0.3983314037322998,1.2977851629257202,300.2567138671875,0.010570182465016842,272.5368347167969,255.25418090820312,0.000858306884765625,4.337490081787109,400.0,0.124875000367562
20170804.0,1.409999966621399,40.0,12.0,0.05999999865889549,0.1080000028014183,0.10999999940395355,0.3983314037322998,1.2977851629257202,301.37127685546875,0.01287914253771305,278.7507629394531,261.7891540527344,0.0010273645166307688,4.419779300689697,400.0,0.123333332749705
20170806.0,1.409999966621399,40.0,12.0,0.05999999865889549,0.1080000028014183,0.10999999940395355,0.3983314037322998,1.2977851629257202,302.5320739746094,0.02296956442296505,281.67401123046875,267.806884765625,0.38648977875709534,3.974522113800049,400.0,0.119624999972681
20170809.0,1.409999966621399,40.0,12.0,0.05999999865889549,0.1080000028014183,0.10999999940395355,0.3983314037322998,1.2977851629257202,298.572509765625,0.04541885480284691,281.353759765625,266.26318359375,0.0012948159128427505,3.2476367950439453,400.0,0.116374999284744
20170811.0,1.409999966621399,40.0,12.0,0.05999999865889549,0.1080000028014183,0.10999999940395355,0.3983314037322998,1.2977851629257202,301.0874328613281,0.060804158449172974,280.2509765625,268.0830383300781,2.1756890419055708e-05,3.1409921646118164,400.0,0.115166666296621
20170812.0,1.409999966621399,40.0,12.0,0.05999999865889549,0.1080000028014183,0.10999999940395355,0.3983314037322998,1.2977851629257202,300.07916259765625,0.06679529696702957,281.1055908203125,268.96978759765625,0.0,3.388944149017334,400.0,0.114208333504697
20170814.0,1.409999966621399,40.0,12.0,0.05999999865889549,0.1080000028014183,0.10999999940395355,0.3983314037322998,1.2977851629257202,295.2792663574219,0.09578477591276169,253.65220642089844,230.11483764648438,1.8683199882507324,2.1825406551361084,400.0,0.120217391978139
20170817.0,1.409999966621399,40.0,12.0,0.05999999865889549,0.1080000028014183,0.10999999940395355,0.3983314037322998,1.2977851629257202,299.2056884765625,0.16328100860118866,272.0919189453125,253.01425170898438,0.04146825522184372,2.5764412879943848,400.0,0.11108333338052
20170819.0,1.409999966621399,40.0,12.0,0.05999999865889549,0.1080000028014183,0.10999999940395355,0.3983314037322998,1.2977851629257202,299.6023254394531,0.20837442576885223,278.04888916015625,263.25360107421875,0.0,2.4185450077056885,400.0,0.109875000392397
20170820.0,1.409999966621399,40.0,12.0,0.05999999865889549,0.1080000028014183,0.10999999940395355,0.3983314037322998,1.2977851629257202,299.31158447265625,0.23497521877288818,281.003662109375,264.507568359375,0.0,2.0474092960357666,400.0,0.109208333616455
20170822.0,1.409999966621399,40.0,12.0,0.05999999865889549,0.1080000028014183,0.10999999940395355,0.3983314037322998,1.2977851629257202,293.8117370605469,0.25524529814720154,277.63897705078125,263.338134765625,0.9626640677452087,1.8267812728881836,400.0,0.105916666798294
20170825.0,1.409999966621399,40.0,12.0,0.05999999865889549,0.1080000028014183,0.10999999940395355,0.3983314037322998,1.2977851629257202,296.96051025390625,0.24222716689109802,277.5849609375,263.44757080078125,0.0017957825912162662,1.766933560371399,400.0,0.104958333385487
20170827.0,1.409999966621399,40.0,12.0,0.05999999865889549,0.1080000028014183,0.10999999940395355,0.3983314037322998,1.2977851629257202,298.92230224609375,0.2357264906167984,278.8909912109375,268.7809143066406,0.00042617321014404297,1.758213996887207,400.0,0.104291667540868
20170828.0,1.409999966621399,40.0,12.0,0.05999999865889549,0.1080000028014183,0.10999999940395355,0.3983314037322998,1.2977851629257202,299.04791259765625,0.2299375832080841,281.5133972167969,269.1365966796875,4.895202159881592,2.0619595050811768,400.0,0.103125001614292
20170830.0,1.409999966621399,40.0,12.0,0.05999999865889549,0.1080000028014183,0.10999999940395355,0.3983314037322998,1.2977851629257202,293.2375183105469,0.24239052832126617,262.83428955078125,239.367919921875,0.00042617321014404297,1.6586593389511108,400.0,0.100181819363074
20170902.0,1.409999966621399,40.0,12.0,0.05999999865889549,0.1080000028014183,0.10999999940395355,0.3983314037322998,1.2977851629257202,298.921875,0.2929847836494446,276.78570556640625,262.10540771484375,0.00170469272416085,1.69551420211792,400.0,0.101958334135513
20170904.0,1.409999966621399,40.0,12.0,0.05999999865889549,0.1080000028014183,0.10999999940395355,0.3983314037322998,1.2977851629257202,295.1517333984375,0.32604560256004333,274.6007080078125,256.3606872558594,0.008085530251264572,1.1608610153198242,400.0,0.0989583342646559
20170905.0,1.409999966621399,40.0,12.0,0.05999999865889549,0.1080000028014183,0.10999999940395355,0.3983314037322998,1.2977851629257202,293.3664245605469,0.34436386823654175,278.56402587890625,262.36029052734375,0.23919469118118286,0.8201044201850891,400.0,0.0981250007947286
20170907.0,1.409999966621399,40.0,12.0,0.05999999865889549,0.1080000028014183,0.10999999940395355,0.3983314037322998,1.2977851629257202,295.3860168457031,0.36665669083595276,277.85821533203125,263.5409851074219,0.0008702276973053813,1.054284930229187,400.0,0.0979583331694206
20170910.0,1.409999966621399,40.0,12.0,0.05999999865889549,0.1080000028014183,0.10999999940395355,0.3983314037322998,1.2977851629257202,297.8123779296875,0.38125041127204895,278.21514892578125,260.42913818359375,0.14968456327915192,1.1498090028762817,400.0,0.0965833328664303
20170912.0,1.409999966621399,40.0,12.0,0.05999999865889549,0.1080000028014183,0.10999999940395355,0.3983314037322998,1.2977851629257202,298.9500427246094,0.3915897309780121,280.7899169921875,269.04278564453125,0.17969714105129242,1.0414406061172485,400.0,0.0951250003029903
20170913.0,1.409999966621399,40.0,12.0,0.05999999865889549,0.1080000028014183,0.10999999940395355,0.3983314037322998,1.2977851629257202,297.8136901855469,0.3972508907318115,282.4592590332031,265.80242919921875,0.0,0.979002833366394,400.0,0.0941250001390775
20170915.0,1.409999966621399,40.0,12.0,0.05999999865889549,0.1080000028014183,0.10999999940395355,0.3983314037322998,1.2977851629257202,298.6459655761719,0.4041711986064911,279.3638916015625,267.7767028808594,0.000858306884765625,1.0038952827453613,400.0,0.0922500006854534
20170918.0,1.409999966621399,40.0,12.0,0.05999999865889549,0.1080000028014183,0.10999999940395355,0.3983314037322998,1.2977851629257202,298.7578125,0.4088507890701294,282.0716552734375,268.31414794921875,0.006606417708098888,0.7641623616218567,400.0,0.0895833323399226
20170920.0,1.409999966621399,40.0,12.0,0.05999999865889549,0.1080000028014183,0.10999999940395355,0.3983314037322998,1.2977851629257202,297.16387939453125,0.4121158719062805,281.4740905761719,267.6725769042969,0.3718392848968506,0.5709165930747986,400.0,0.0867916671559215
20170921.0,1.409999966621399,40.0,12.0,0.05999999865889549,0.1080000028014183,0.10999999940395355,0.3983314037322998,1.2977851629257202,293.31622314453125,0.4139847159385681,279.166259765625,265.10589599609375,0.002363762352615595,0.6533010005950928,400.0,0.084416665447255
20170923.0,1.409999966621399,40.0,12.0,0.05999999865889549,0.1080000028014183,0.10999999940395355,0.3983314037322998,1.2977851629257202,291.03070068359375,0.41551998257637024,272.2724609375,256.2689514160156,0.3603587746620178,0.90439373254776,400.0,0.0844166669994593
20170926.0,1.409999966621399,40.0,12.0,0.05999999865889549,0.1080000028014183,0.10999999940395355,0.3983314037322998,1.2977851629257202,291.5156555175781,0.41498297452926636,278.414306640625,261.439453125,0.23021236062049866,0.6322989463806152,400.0,0.0825416672353943
20170928.0,1.409999966621399,40.0,12.0,0.05999999865889549,0.1080000028014183,0.10999999940395355,0.3983314037322998,1.2977851629257202,288.24542236328125,0.41448017954826355,274.09820556640625,261.5923767089844,0.012013781815767288,0.48891597986221313,400.0,0.0810000008593003
20170929.0,1.409999966621399,40.0,12.0,0.05999999865889549,0.1080000028014183,0.10999999940395355,0.3983314037322998,1.2977851629257202,287.0038146972656,0.41519895195961,277.21649169921875,259.9854736328125,0.000852346362080425,0.4275059998035431,400.0,0.0803750005240242
20171001.0,1.409999966621399,40.0,12.0,0.05999999865889549,0.1080000028014183,0.10999999940395355,0.3983314037322998,1.2977851629257202,285.8984680175781,0.40751969814300537,273.42578125,259.6142578125,1.423648700438207e-05,0.41947227716445923,400.0,0.0790416669721405
20171004.0,1.409999966621399,40.0,12.0,0.05999999865889549,0.1080000028014183,0.10999999940395355,0.3983314037322998,1.2977851629257202,288.1539611816406,0.38444778323173523,274.97747802734375,259.4872741699219,0.42993658781051636,0.518718421459198,400.0,0.0791249995430311
20171006.0,1.409999966621399,40.0,12.0,0.05999999865889549,0.1080000028014183,0.10999999940395355,0.3983314037322998,1.2977851629257202,291.9774475097656,0.3699863851070404,276.201904296875,263.2014465332031,3.655094623565674,1.0495048761367798,400.0,0.0794583338623246
20171007.0,1.409999966621399,40.0,12.0,0.05999999865889549,0.1080000028014183,0.10999999940395355,0.3983314037322998,1.2977851629257202,282.43939208984375,0.3613094091415405,257.92608642578125,236.12425231933594,55.76784896850586,2.8609538078308105,400.0,0.12683333363384
