date,smap_freq,smap_theta,mcd12c1_IGBP_land_cover,omega_land_cover,roughness_land_cover,b_land_cover,soilgrid_clay_fraction,soilgrid_bulk_density,era5_surface_temperature,vwc_mcd13_sf_land,smap_tb_v_corrected,smap_tb_h_corrected,era5_prep,era5_evap,koppen_climate_5_types,insitu_sm
20150401.0,1.409999966621399,40.0,8.0,0.07999999821186066,0.125,0.10999999940395355,0.08322567492723465,0.6418964862823486,272.7155456542969,1.8344446420669556,258.5191650390625,247.38525390625,0.0038990392349660397,0.6553473472595215,400.0,0.2371695836385091
20150402.0,1.409999966621399,40.0,8.0,0.07999999821186066,0.125,0.10999999940395355,0.08322567492723465,0.6418964862823486,272.85955810546875,1.8389869928359985,257.02081298828125,252.75030517578125,0.3318309783935547,0.3050635755062103,400.0,0.23560365041097
20150403.0,1.409999966621399,40.0,8.0,0.07999999821186066,0.125,0.10999999940395355,0.08322567492723465,0.6418964862823486,273.06329345703125,1.8435381650924683,257.65093994140625,250.23617553710938,0.9211399555206299,0.4373226761817932,400.0,0.2341156005859374
20150404.0,1.409999966621399,40.0,8.0,0.07999999821186066,0.125,0.10999999940395355,0.08322567492723465,0.6418964862823486,272.6507263183594,1.8480980396270752,257.6922302246094,251.21661376953125,0.5692288875579834,0.42690834403038025,400.0,0.2331199645996094
20150405.0,1.409999966621399,40.0,8.0,0.07999999821186066,0.125,0.10999999940395355,0.08322567492723465,0.6418964862823486,273.8259582519531,1.8526668548583984,255.71066284179688,247.0247802734375,0.25705990195274353,0.3445373773574829,400.0,0.2318744659423828
20150406.0,1.409999966621399,40.0,8.0,0.07999999821186066,0.125,0.10999999940395355,0.08322567492723465,0.6418964862823486,275.4786376953125,1.8572443723678589,254.945068359375,248.807861328125,1.5841014385223389,0.04869699478149414,400.0,0.2512645721435546
20150407.0,1.409999966621399,40.0,8.0,0.07999999821186066,0.125,0.10999999940395355,0.08322567492723465,0.6418964862823486,277.3994140625,1.861830711364746,253.3352508544922,245.8846893310547,0.31869935989379883,0.3456609845161438,400.0,0.3072519302368164
20150408.0,1.409999966621399,40.0,8.0,0.07999999821186066,0.125,0.10999999940395355,0.08322567492723465,0.6418964862823486,275.56915283203125,1.86642587184906,254.58251953125,245.35989379882812,0.08603640645742416,1.5636411905288696,400.0,0.2847843170166015
20150409.0,1.409999966621399,40.0,8.0,0.07999999821186066,0.125,0.10999999940395355,0.08322567492723465,0.6418964862823486,276.26348876953125,1.8710299730300903,255.54144287109375,247.5370635986328,0.0011952380882576108,1.284832239151001,400.0,0.28785769144694
20150410.0,1.409999966621399,40.0,8.0,0.07999999821186066,0.125,0.10999999940395355,0.08322567492723465,0.6418964862823486,275.5683898925781,1.8756427764892578,257.2273254394531,249.30111694335938,1.5018070936203003,0.7265022397041321,400.0,0.2907546361287434
20150411.0,1.409999966621399,40.0,8.0,0.07999999821186066,0.125,0.10999999940395355,0.08322567492723465,0.6418964862823486,275.1449279785156,1.880264401435852,255.28582763671875,248.21603393554688,0.012876993045210838,0.40574362874031067,400.0,0.2924140294392903
20150412.0,1.409999966621399,40.0,8.0,0.07999999821186066,0.125,0.10999999940395355,0.08322567492723465,0.6418964862823486,275.66845703125,1.8852133750915527,255.298583984375,246.73391723632812,4.984475135803223,0.0,400.0,0.3135779698689779
20150413.0,1.409999966621399,40.0,8.0,0.07999999821186066,0.125,0.10999999940395355,0.08322567492723465,0.6418964862823486,275.0626525878906,1.8876206874847412,252.63046264648438,240.90780639648438,10.658856391906738,0.8648704290390015,400.0,0.3170480728149414
20150414.0,1.409999966621399,40.0,8.0,0.07999999821186066,0.125,0.10999999940395355,0.08322567492723465,0.6418964862823486,273.8064880371094,1.8989814519882202,257.52874755859375,249.73056030273438,3.4260599613189697,0.47669973969459534,400.0,0.2910219828287761
20150415.0,1.409999966621399,40.0,8.0,0.07999999821186066,0.125,0.10999999940395355,0.08322567492723465,0.6418964862823486,274.1214294433594,1.8924424648284912,258.0144348144531,251.74063110351562,1.431268572807312,0.25276461243629456,400.0,0.2853555679321288
20150416.0,1.409999966621399,40.0,8.0,0.07999999821186066,0.125,0.10999999940395355,0.08322567492723465,0.6418964862823486,273.9781799316406,1.8499199151992798,256.520263671875,250.4884033203125,2.8510043621063232,0.4294204115867615,400.0,0.2867851257324219
20150417.0,1.409999966621399,40.0,8.0,0.07999999821186066,0.125,0.10999999940395355,0.08322567492723465,0.6418964862823486,275.5362243652344,1.7909514904022217,254.62110900878906,246.19415283203125,0.29708823561668396,0.5678894519805908,400.0,0.2903175354003906
20150418.0,1.409999966621399,40.0,8.0,0.07999999821186066,0.125,0.10999999940395355,0.08322567492723465,0.6418964862823486,275.8384094238281,1.7418495416641235,255.63198852539062,246.8765106201172,0.0030392331536859274,0.4705488979816437,400.0,0.2989543279012043
20150419.0,1.409999966621399,40.0,8.0,0.07999999821186066,0.125,0.10999999940395355,0.08322567492723465,0.6418964862823486,277.8055725097656,1.6915055513381958,254.33261108398438,245.85853576660156,0.0,0.6364962458610535,400.0,0.3168420791625976
20150420.0,1.409999966621399,40.0,8.0,0.07999999821186066,0.125,0.10999999940395355,0.08322567492723465,0.6418964862823486,277.9831848144531,1.642370343208313,252.6150360107422,246.57623291015625,0.0,0.3708013892173767,400.0,0.3269681930541992
20150421.0,1.409999966621399,40.0,8.0,0.07999999821186066,0.125,0.10999999940395355,0.08322567492723465,0.6418964862823486,279.3769836425781,1.5966475009918213,253.25146484375,245.34942626953125,0.0025749204214662313,0.07176318019628525,400.0,0.3356860478719076
20150422.0,1.409999966621399,40.0,8.0,0.07999999821186066,0.125,0.10999999940395355,0.08322567492723465,0.6418964862823486,277.4198303222656,1.5444990396499634,251.68563842773438,244.46463012695312,3.586521863937378,1.0930061340332031,400.0,0.3266404469807942
20150423.0,1.409999966621399,40.0,8.0,0.07999999821186066,0.125,0.10999999940395355,0.08322567492723465,0.6418964862823486,276.2481994628906,1.5084913969039917,250.48809814453125,241.42724609375,1.6472454071044922,1.1738802194595337,400.0,0.320044199625651
20150424.0,1.409999966621399,40.0,8.0,0.07999999821186066,0.125,0.10999999940395355,0.08322567492723465,0.6418964862823486,274.8053283691406,1.5027596950531006,251.11502075195312,245.55921936035156,2.4901065826416016,0.3448740839958191,400.0,0.3114325205485027
20150425.0,1.409999966621399,40.0,8.0,0.07999999821186066,0.125,0.10999999940395355,0.08322567492723465,0.6418964862823486,273.1583251953125,1.5117125511169434,255.7421112060547,249.97927856445312,0.25240960717201233,0.9092364311218262,400.0,0.2975740432739258
20150426.0,1.409999966621399,40.0,8.0,0.07999999821186066,0.125,0.10999999940395355,0.08322567492723465,0.6418964862823486,274.3215026855469,1.5133254528045654,253.40953063964844,246.27236938476562,7.338504791259766,0.0,400.0,0.3080577850341796
20150427.0,1.409999966621399,40.0,8.0,0.07999999821186066,0.125,0.10999999940395355,0.08322567492723465,0.6418964862823486,277.0148010253906,1.5170493125915527,249.33566284179688,241.39227294921875,0.5503587126731873,0.4277043640613556,400.0,0.319271723429362
20150428.0,1.409999966621399,40.0,8.0,0.07999999821186066,0.125,0.10999999940395355,0.08322567492723465,0.6418964862823486,276.90185546875,1.5205752849578857,251.79876708984375,244.65582275390625,0.5469278693199158,1.0181095600128174,400.0,0.3134330113728841
20150429.0,1.409999966621399,40.0,8.0,0.07999999821186066,0.125,0.10999999940395355,0.08322567492723465,0.6418964862823486,274.6658935546875,1.5236408710479736,253.11061096191406,247.279541015625,0.07089518010616302,0.6345860362052917,400.0,0.3054415384928385
20150430.0,1.409999966621399,40.0,8.0,0.07999999821186066,0.125,0.10999999940395355,0.08322567492723465,0.6418964862823486,274.92523193359375,1.5283526182174683,252.73095703125,246.19338989257812,1.5125054121017456,0.7301456332206726,400.0,0.3034896850585937
20150501.0,1.409999966621399,40.0,8.0,0.07999999821186066,0.125,0.10999999940395355,0.08322567492723465,0.6418964862823486,276.7984924316406,1.5297884941101074,249.09033203125,241.3277587890625,5.768754482269287,0.08401155471801758,400.0,0.3322353363037109
20150502.0,1.409999966621399,40.0,8.0,0.07999999821186066,0.125,0.10999999940395355,0.08322567492723465,0.6418964862823486,275.9185485839844,1.5245535373687744,249.15093994140625,242.2177734375,2.8787484169006348,0.26417702436447144,400.0,0.3222958246866862
20150503.0,1.409999966621399,40.0,8.0,0.07999999821186066,0.125,0.10999999940395355,0.08322567492723465,0.6418964862823486,276.10162353515625,1.5160722732543945,252.10806274414062,241.6810302734375,1.4264940023422241,1.1901894807815552,400.0,0.3087050120035807
20150504.0,1.409999966621399,40.0,8.0,0.07999999821186066,0.125,0.10999999940395355,0.08322567492723465,0.6418964862823486,275.9469909667969,1.5092551708221436,252.3529510498047,244.374267578125,0.8693495988845825,1.123102068901062,400.0,0.3041760126749674
20150505.0,1.409999966621399,40.0,8.0,0.07999999821186066,0.125,0.10999999940395355,0.08322567492723465,0.6418964862823486,277.17041015625,1.502003788948059,251.1290740966797,240.71780395507812,1.4066919088363647,0.5026114583015442,400.0,0.3051656087239583
20150506.0,1.409999966621399,40.0,8.0,0.07999999821186066,0.125,0.10999999940395355,0.08322567492723465,0.6418964862823486,280.1699523925781,1.4948240518569946,250.11886596679688,240.87232971191406,5.16953182220459,0.0939304381608963,400.0,0.3195479710896809
20150507.0,1.409999966621399,40.0,8.0,0.07999999821186066,0.125,0.10999999940395355,0.08322567492723465,0.6418964862823486,282.4073181152344,1.4878126382827759,251.00570678710938,240.5265655517578,0.5491176843643188,1.4543917179107666,400.0,0.3076585133870443
20150508.0,1.409999966621399,40.0,8.0,0.07999999821186066,0.125,0.10999999940395355,0.08322567492723465,0.6418964862823486,280.2366027832031,1.4803518056869507,249.55709838867188,238.08999633789062,1.065191388130188,1.1036882400512695,400.0,0.2913233439127604
20150509.0,1.409999966621399,40.0,8.0,0.07999999821186066,0.125,0.10999999940395355,0.08322567492723465,0.6418964862823486,278.5477294921875,1.4738792181015015,248.61251831054688,239.726318359375,1.7716113328933716,1.6004133224487305,400.0,0.2801253000895182
20150510.0,1.409999966621399,40.0,8.0,0.07999999821186066,0.125,0.10999999940395355,0.08322567492723465,0.6418964862823486,278.9184875488281,1.4693670272827148,249.90216064453125,239.7159423828125,1.5672595500946045,1.2138808965682983,400.0,0.2688665390014648
20150511.0,1.409999966621399,40.0,8.0,0.07999999821186066,0.125,0.10999999940395355,0.08322567492723465,0.6418964862823486,279.8691101074219,1.465816855430603,250.39840698242188,239.83209228515625,2.0931246280670166,1.687593936920166,400.0,0.2631413141886393
20150512.0,1.409999966621399,40.0,8.0,0.07999999821186066,0.125,0.10999999940395355,0.08322567492723465,0.6418964862823486,282.0374450683594,1.4618008136749268,250.4639892578125,242.37374877929688,5.33723258972168,2.014927625656128,400.0,0.2842397689819335
20150515.0,1.409999966621399,40.0,8.0,0.07999999821186066,0.125,0.10999999940395355,0.08322567492723465,0.6418964862823486,277.5700988769531,1.45028817653656,246.74972534179688,238.08847045898438,2.3396103382110596,2.1351287364959717,400.0,0.2684682210286457
20150516.0,1.409999966621399,40.0,8.0,0.07999999821186066,0.125,0.10999999940395355,0.08322567492723465,0.6418964862823486,277.8392639160156,1.4460601806640625,248.968505859375,238.78176879882812,0.005517059005796909,1.414230465888977,400.0,0.2519766489664713
20150517.0,1.409999966621399,40.0,8.0,0.07999999821186066,0.125,0.10999999940395355,0.08322567492723465,0.6418964862823486,277.2494201660156,1.4428237676620483,249.0563507080078,242.6422882080078,1.1769304275512695,1.604819893836975,400.0,0.2477919260660806
20150518.0,1.409999966621399,40.0,8.0,0.07999999821186066,0.125,0.10999999940395355,0.08322567492723465,0.6418964862823486,279.52899169921875,1.441584825515747,249.48146057128906,239.98953247070312,2.942106008529663,2.0659115314483643,400.0,0.2526966730753581
20150519.0,1.409999966621399,40.0,8.0,0.07999999821186066,0.125,0.10999999940395355,0.08322567492723465,0.6418964862823486,278.3451232910156,1.4413260221481323,248.79327392578125,240.2725830078125,2.3733742237091064,1.7640293836593628,400.0,0.2583144505818684
20150520.0,1.409999966621399,40.0,8.0,0.07999999821186066,0.125,0.10999999940395355,0.08322567492723465,0.6418964862823486,278.01434326171875,1.4405778646469116,249.06072998046875,239.50479125976562,4.545088291168213,1.4999089241027832,400.0,0.2665001551310221
20150521.0,1.409999966621399,40.0,8.0,0.07999999821186066,0.125,0.10999999940395355,0.08322567492723465,0.6418964862823486,281.2109375,1.439969778060913,253.19952392578125,241.0128173828125,1.792371153831482,1.785406470298767,400.0,0.2588084538777669
20150522.0,1.409999966621399,40.0,8.0,0.07999999821186066,0.125,0.10999999940395355,0.08322567492723465,0.6418964862823486,281.45892333984375,1.4392828941345215,250.1354217529297,241.45037841796875,3.7262468338012695,1.83124577999115,400.0,0.255260149637858
20150523.0,1.409999966621399,40.0,8.0,0.07999999821186066,0.125,0.10999999940395355,0.08322567492723465,0.6418964862823486,279.73065185546875,1.4390884637832642,248.95823669433594,237.67105102539062,14.292670249938965,2.7452876567840576,400.0,0.3032875061035156
20150524.0,1.409999966621399,40.0,8.0,0.07999999821186066,0.125,0.10999999940395355,0.08322567492723465,0.6418964862823486,281.6650695800781,1.4371724128723145,249.68832397460938,238.41925048828125,0.09821726381778717,2.4626760482788086,400.0,0.272889773050944
20150525.0,1.409999966621399,40.0,8.0,0.07999999821186066,0.125,0.10999999940395355,0.08322567492723465,0.6418964862823486,279.10845947265625,1.4386998414993286,250.34310913085938,241.81484985351562,2.655707836151123,1.252172827720642,400.0,0.2702624003092447
20150526.0,1.409999966621399,40.0,8.0,0.07999999821186066,0.125,0.10999999940395355,0.08322567492723465,0.6418964862823486,280.63543701171875,1.4472565650939941,251.45199584960938,242.04562377929688,10.386425971984863,1.6928824186325073,400.0,0.2900880177815755
20150527.0,1.409999966621399,40.0,8.0,0.07999999821186066,0.125,0.10999999940395355,0.08322567492723465,0.6418964862823486,280.08233642578125,1.4593473672866821,249.6721954345703,236.5319366455078,16.300323486328125,1.7127920389175415,400.0,0.3251914978027344
20150528.0,1.409999966621399,40.0,8.0,0.07999999821186066,0.125,0.10999999940395355,0.08322567492723465,0.6418964862823486,281.9290771484375,1.4697730541229248,250.86097717285156,241.05709838867188,0.04927914962172508,1.6107274293899536,400.0,0.2846632003784179
20150529.0,1.409999966621399,40.0,8.0,0.07999999821186066,0.125,0.10999999940395355,0.08322567492723465,0.6418964862823486,280.6401062011719,1.4807722568511963,250.87808227539062,239.34579467773438,3.4281394481658936,1.8770689964294434,400.0,0.2806771596272785
20150530.0,1.409999966621399,40.0,8.0,0.07999999821186066,0.125,0.10999999940395355,0.08322567492723465,0.6418964862823486,283.30950927734375,1.4919931888580322,251.42764282226562,242.2899627685547,0.033021312206983566,2.116464853286743,400.0,0.2664394378662109
20150531.0,1.409999966621399,40.0,8.0,0.07999999821186066,0.125,0.10999999940395355,0.08322567492723465,0.6418964862823486,281.0192565917969,1.5015950202941895,250.77110290527344,242.34396362304688,7.734583377838135,2.5519979000091553,400.0,0.278958002726237
20150601.0,1.409999966621399,40.0,8.0,0.07999999821186066,0.125,0.10999999940395355,0.08322567492723465,0.6418964862823486,281.18145751953125,1.5172301530838013,253.14468383789062,241.32669067382812,5.172351360321045,2.172125816345215,400.0,0.2905527750651041
20150602.0,1.409999966621399,40.0,8.0,0.07999999821186066,0.125,0.10999999940395355,0.08322567492723465,0.6418964862823486,282.91522216796875,1.5209648609161377,250.6702880859375,240.44281005859375,0.9339636564254761,2.533499240875244,400.0,0.2706534067789713
20150603.0,1.409999966621399,40.0,8.0,0.07999999821186066,0.125,0.10999999940395355,0.08322567492723465,0.6418964862823486,281.7234191894531,1.5004236698150635,249.62149047851562,240.86767578125,8.963929176330566,3.009575128555298,400.0,0.2919810612996419
20150604.0,1.409999966621399,40.0,8.0,0.07999999821186066,0.125,0.10999999940395355,0.08322567492723465,0.6418964862823486,282.9876403808594,1.468461275100708,253.3197479248047,243.81423950195312,0.27248066663742065,2.7220113277435303,400.0,0.2715406417846679
20150605.0,1.409999966621399,40.0,8.0,0.07999999821186066,0.125,0.10999999940395355,0.08322567492723465,0.6418964862823486,282.5968933105469,1.4428335428237915,251.20181274414062,241.5428466796875,0.23372897505760193,2.5960640907287598,400.0,0.2551965713500976
20150606.0,1.409999966621399,40.0,8.0,0.07999999821186066,0.125,0.10999999940395355,0.08322567492723465,0.6418964862823486,281.1495666503906,1.4160147905349731,250.67584228515625,239.31719970703125,13.499246597290039,1.174242615699768,400.0,0.277998924255371
20150607.0,1.409999966621399,40.0,8.0,0.07999999821186066,0.125,0.10999999940395355,0.08322567492723465,0.6418964862823486,281.045166015625,1.3898310661315918,252.306396484375,242.95867919921875,5.888424873352051,2.7808427810668945,400.0,0.3015708923339844
20150608.0,1.409999966621399,40.0,8.0,0.07999999821186066,0.125,0.10999999940395355,0.08322567492723465,0.6418964862823486,282.3624572753906,1.364375114440918,251.2916259765625,241.0357666015625,0.5633242130279541,2.5850231647491455,400.0,0.2752895355224609
20150609.0,1.409999966621399,40.0,8.0,0.07999999821186066,0.125,0.10999999940395355,0.08322567492723465,0.6418964862823486,282.0669250488281,1.3384729623794556,250.87460327148438,240.83514404296875,4.911726136924699e-07,2.1000328063964844,400.0,0.2591244379679362
20150610.0,1.409999966621399,40.0,8.0,0.07999999821186066,0.125,0.10999999940395355,0.08322567492723465,0.6418964862823486,283.0329895019531,1.3148303031921387,252.50982666015625,241.05487060546875,0.8617443442344666,2.409745931625366,400.0,0.2523107528686523
20150612.0,1.409999966621399,40.0,8.0,0.07999999821186066,0.125,0.10999999940395355,0.08322567492723465,0.6418964862823486,284.15118408203125,1.2774935960769653,251.6691436767578,242.9547882080078,0.8321970105171204,2.2812044620513916,400.0,0.2357088724772134
20150613.0,1.409999966621399,40.0,8.0,0.07999999821186066,0.125,0.10999999940395355,0.08322567492723465,0.6418964862823486,284.222900390625,1.2592401504516602,253.53060913085938,245.36766052246094,0.354950875043869,3.036576271057129,400.0,0.2314236958821615
20150614.0,1.409999966621399,40.0,8.0,0.07999999821186066,0.125,0.10999999940395355,0.08322567492723465,0.6418964862823486,282.2745056152344,1.2415016889572144,252.57504272460938,241.5308837890625,2.24515962600708,2.45953106880188,400.0,0.2276678085327148
20150615.0,1.409999966621399,40.0,8.0,0.07999999821186066,0.125,0.10999999940395355,0.08322567492723465,0.6418964862823486,282.195556640625,1.2239066362380981,254.67034912109375,245.5306396484375,1.607954502105713,3.2350990772247314,400.0,0.2351191838582356
20150616.0,1.409999966621399,40.0,8.0,0.07999999821186066,0.125,0.10999999940395355,0.08322567492723465,0.6418964862823486,282.7287292480469,1.2073445320129395,253.60040283203125,244.2106170654297,0.15650546550750732,3.1360573768615723,400.0,0.2230084737141927
20150618.0,1.409999966621399,40.0,8.0,0.07999999821186066,0.125,0.10999999940395355,0.08322567492723465,0.6418964862823486,283.066162109375,1.17496919631958,252.09068298339844,242.63671875,0.4611159563064575,2.153646469116211,400.0,0.2115675608317057
20150619.0,1.409999966621399,40.0,8.0,0.07999999821186066,0.125,0.10999999940395355,0.08322567492723465,0.6418964862823486,285.8412780761719,1.1721014976501465,253.49253845214844,243.199951171875,0.11378589272499084,2.5185656547546387,400.0,0.2036730448404947
20150620.0,1.409999966621399,40.0,8.0,0.07999999821186066,0.125,0.10999999940395355,0.08322567492723465,0.6418964862823486,286.1495361328125,1.1743838787078857,255.28639221191406,244.3668212890625,0.09303393214941025,2.7339725494384766,400.0,0.1948169072469075
20150621.0,1.409999966621399,40.0,8.0,0.07999999821186066,0.125,0.10999999940395355,0.08322567492723465,0.6418964862823486,287.1326599121094,1.1740913391113281,256.56304931640625,245.80633544921875,0.0020273863337934017,2.533512830734253,400.0,0.1851762135823567
20150623.0,1.409999966621399,40.0,8.0,0.07999999821186066,0.125,0.10999999940395355,0.08322567492723465,0.6418964862823486,286.6448669433594,1.1749478578567505,257.28106689453125,249.58065795898438,0.11010769754648209,2.1485354900360107,400.0,0.2275368372599284
20150625.0,1.409999966621399,40.0,8.0,0.07999999821186066,0.125,0.10999999940395355,0.08322567492723465,0.6418964862823486,284.7712707519531,1.1765035390853882,256.88153076171875,244.5433807373047,2.828733205795288,2.250164747238159,400.0,0.2664982477823893
20150626.0,1.409999966621399,40.0,8.0,0.07999999821186066,0.125,0.10999999940395355,0.08322567492723465,0.6418964862823486,284.17138671875,1.1747283935546875,256.771728515625,247.15989685058594,9.055727005004883,1.913132667541504,400.0,0.2676464716593425
20150627.0,1.409999966621399,40.0,8.0,0.07999999821186066,0.125,0.10999999940395355,0.08322567492723465,0.6418964862823486,285.7441711425781,1.166077733039856,253.7729034423828,245.22293090820312,0.6680192351341248,2.800107955932617,400.0,0.2684822082519531
20150628.0,1.409999966621399,40.0,8.0,0.07999999821186066,0.125,0.10999999940395355,0.08322567492723465,0.6418964862823486,288.5719909667969,1.1541643142700195,258.4384765625,247.9853057861328,0.0,3.5797436237335205,400.0,0.2426808675130208
20150629.0,1.409999966621399,40.0,8.0,0.07999999821186066,0.125,0.10999999940395355,0.08322567492723465,0.6418964862823486,288.2113342285156,1.1440411806106567,257.1700134277344,248.69009399414062,0.7385931611061096,2.5908279418945312,400.0,0.2292461395263672
20150630.0,1.409999966621399,40.0,8.0,0.07999999821186066,0.125,0.10999999940395355,0.08322567492723465,0.6418964862823486,286.5540771484375,1.1335585117340088,256.2122802734375,247.76373291015625,0.22846719622612,2.184077262878418,400.0,0.2246812184651692
20150701.0,1.409999966621399,40.0,8.0,0.07999999821186066,0.125,0.10999999940395355,0.08322567492723465,0.6418964862823486,288.54754638671875,1.1231913566589355,257.01812744140625,249.7572021484375,0.015881778672337532,2.7883331775665283,400.0,0.2142391204833983
20150702.0,1.409999966621399,40.0,8.0,0.07999999821186066,0.125,0.10999999940395355,0.08322567492723465,0.6418964862823486,292.0924377441406,1.1134005784988403,257.79766845703125,249.46153259277344,0.015368732623755932,2.526210069656372,400.0,0.2034495671590169
20150703.0,1.409999966621399,40.0,8.0,0.07999999821186066,0.125,0.10999999940395355,0.08322567492723465,0.6418964862823486,293.7320251464844,1.1021243333816528,260.733154296875,250.61349487304688,6.50537109375,3.2916390895843506,400.0,0.2167803446451823
20150704.0,1.409999966621399,40.0,8.0,0.07999999821186066,0.125,0.10999999940395355,0.08322567492723465,0.6418964862823486,289.5121154785156,1.0941370725631714,261.776611328125,252.39053344726562,1.057977557182312,2.916639566421509,400.0,0.2379827499389648
20150705.0,1.409999966621399,40.0,8.0,0.07999999821186066,0.125,0.10999999940395355,0.08322567492723465,0.6418964862823486,285.73162841796875,1.092593789100647,259.3361511230469,248.69923400878906,0.10529129207134247,2.0709168910980225,400.0,0.2225783665974935
20150706.0,1.409999966621399,40.0,8.0,0.07999999821186066,0.125,0.10999999940395355,0.08322567492723465,0.6418964862823486,285.27691650390625,1.0941985845565796,259.0968017578125,247.95486450195312,5.246952533721924,3.0510342121124268,400.0,0.2221504847208659
20150707.0,1.409999966621399,40.0,8.0,0.07999999821186066,0.125,0.10999999940395355,0.08322567492723465,0.6418964862823486,284.3793640136719,1.0942293405532837,253.72372436523438,245.77574157714844,6.614051342010498,1.238776445388794,400.0,0.2685921986897786
20150708.0,1.409999966621399,40.0,8.0,0.07999999821186066,0.125,0.10999999940395355,0.08322567492723465,0.6418964862823486,286.6904296875,1.0947104692459106,255.60693359375,247.85684204101562,3.1354119777679443,2.5523364543914795,400.0,0.2546087900797527
20150709.0,1.409999966621399,40.0,8.0,0.07999999821186066,0.125,0.10999999940395355,0.08322567492723465,0.6418964862823486,284.3861999511719,1.0951380729675293,256.9725341796875,249.38986206054688,17.04224967956543,1.2427624464035034,400.0,0.2980054219563802
20150710.0,1.409999966621399,40.0,8.0,0.07999999821186066,0.125,0.10999999940395355,0.08322567492723465,0.6418964862823486,286.18096923828125,1.095544457435608,253.99267578125,245.5997314453125,2.3714585304260254,2.344484567642212,400.0,0.2898368835449219
20150711.0,1.409999966621399,40.0,8.0,0.07999999821186066,0.125,0.10999999940395355,0.08322567492723465,0.6418964862823486,286.9676208496094,1.0960264205932617,257.2232666015625,247.97789001464844,0.9297759532928467,2.141298770904541,400.0,0.2651297251383463
20150712.0,1.409999966621399,40.0,8.0,0.07999999821186066,0.125,0.10999999940395355,0.08322567492723465,0.6418964862823486,285.75250244140625,1.0963577032089233,257.537841796875,249.08639526367188,0.4396522343158722,2.137160539627075,400.0,0.2534049352010091
20150713.0,1.409999966621399,40.0,8.0,0.07999999821186066,0.125,0.10999999940395355,0.08322567492723465,0.6418964862823486,287.32830810546875,1.0963821411132812,257.41632080078125,250.73825073242188,0.2375766932964325,2.5878758430480957,400.0,0.2402448654174804
20150714.0,1.409999966621399,40.0,8.0,0.07999999821186066,0.125,0.10999999940395355,0.08322567492723465,0.6418964862823486,286.42724609375,1.096255898475647,258.8668212890625,249.744873046875,2.382145404815674,2.561068296432495,400.0,0.2440373102823893
20150715.0,1.409999966621399,40.0,8.0,0.07999999821186066,0.125,0.10999999940395355,0.08322567492723465,0.6418964862823486,285.4390869140625,1.0962048768997192,255.02464294433594,247.336181640625,11.805549621582031,2.5528509616851807,400.0,0.2730766932169596
20150716.0,1.409999966621399,40.0,8.0,0.07999999821186066,0.125,0.10999999940395355,0.08322567492723465,0.6418964862823486,286.55938720703125,1.096132516860962,260.548095703125,250.11192321777344,6.286592960357666,2.48107647895813,400.0,0.2807264328002929
20150717.0,1.409999966621399,40.0,8.0,0.07999999821186066,0.125,0.10999999940395355,0.08322567492723465,0.6418964862823486,287.1478271484375,1.0961205959320068,257.7774658203125,249.32968139648438,0.0015657121548429132,3.4612820148468018,400.0,0.263649304707845
20150718.0,1.409999966621399,40.0,8.0,0.07999999821186066,0.125,0.10999999940395355,0.08322567492723465,0.6418964862823486,285.5056457519531,1.0956453084945679,256.9372863769531,248.88729858398438,3.7888948917388916,2.1076416969299316,400.0,0.2545359929402669
20150719.0,1.409999966621399,40.0,8.0,0.07999999821186066,0.125,0.10999999940395355,0.08322567492723465,0.6418964862823486,287.6887512207031,1.096792459487915,259.34033203125,247.97079467773438,0.009381714276969433,3.5466933250427246,400.0,0.252238909403483
20150720.0,1.409999966621399,40.0,8.0,0.07999999821186066,0.125,0.10999999940395355,0.08322567492723465,0.6418964862823486,286.80584716796875,1.0946956872940063,257.2489929199219,250.3631591796875,0.01022221241146326,3.222501039505005,400.0,0.2319377263387044
20150721.0,1.409999966621399,40.0,8.0,0.07999999821186066,0.125,0.10999999940395355,0.08322567492723465,0.6418964862823486,287.1102600097656,1.086059808731079,257.046875,246.82696533203125,0.2922133803367615,2.4460673332214355,400.0,0.2210327784220377
20150722.0,1.409999966621399,40.0,8.0,0.07999999821186066,0.125,0.10999999940395355,0.08322567492723465,0.6418964862823486,287.1468200683594,1.074344277381897,259.24481201171875,250.197021484375,1.970894694328308,2.355093240737915,400.0,0.2190221150716146
20150723.0,1.409999966621399,40.0,8.0,0.07999999821186066,0.125,0.10999999940395355,0.08322567492723465,0.6418964862823486,286.2418212890625,1.0643541812896729,258.00537109375,248.68960571289062,5.681779861450195,2.429072380065918,400.0,0.2451648712158203
20150724.0,1.409999966621399,40.0,8.0,0.07999999821186066,0.125,0.10999999940395355,0.08322567492723465,0.6418964862823486,286.8633117675781,1.0540474653244019,257.9036560058594,250.1796875,4.367979526519775,2.487067699432373,400.0,0.2540953954060873
20150725.0,1.409999966621399,40.0,8.0,0.07999999821186066,0.125,0.10999999940395355,0.08322567492723465,0.6418964862823486,286.6013488769531,1.043831706047058,257.87567138671875,249.1639404296875,0.0017368493136018515,3.3638288974761963,400.0,0.2463630040486653
20150726.0,1.409999966621399,40.0,8.0,0.07999999821186066,0.125,0.10999999940395355,0.08322567492723465,0.6418964862823486,285.3588562011719,1.034530520439148,257.62384033203125,250.62472534179688,12.424363136291504,1.957701325416565,400.0,0.2619867324829101
20150727.0,1.409999966621399,40.0,8.0,0.07999999821186066,0.125,0.10999999940395355,0.08322567492723465,0.6418964862823486,286.30169677734375,1.0226589441299438,255.56304931640625,244.2618865966797,4.213534832000732,1.8296061754226685,400.0,0.2820196151733398
20150728.0,1.409999966621399,40.0,8.0,0.07999999821186066,0.125,0.10999999940395355,0.08322567492723465,0.6418964862823486,287.5348205566406,1.0162760019302368,255.71829223632812,248.11654663085938,1.3523000478744507,2.240767240524292,400.0,0.2658815383911133
20150729.0,1.409999966621399,40.0,8.0,0.07999999821186066,0.125,0.10999999940395355,0.08322567492723465,0.6418964862823486,287.2734069824219,1.0207411050796509,257.4449462890625,248.37045288085938,6.45783805847168,2.0272796154022217,400.0,0.2571004231770833
20150730.0,1.409999966621399,40.0,8.0,0.07999999821186066,0.125,0.10999999940395355,0.08322567492723465,0.6418964862823486,286.3187561035156,1.0306367874145508,256.5657958984375,246.65997314453125,9.042779922485352,2.0717620849609375,400.0,0.3018124898274739
20150731.0,1.409999966621399,40.0,8.0,0.07999999821186066,0.125,0.10999999940395355,0.08322567492723465,0.6418964862823486,287.2400207519531,1.0379254817962646,257.6359558105469,249.2090606689453,8.006524085998535,2.6183578968048096,400.0,0.2871389389038086
20150801.0,1.409999966621399,40.0,8.0,0.07999999821186066,0.125,0.10999999940395355,0.08322567492723465,0.6418964862823486,285.7799377441406,1.0460766553878784,256.42291259765625,248.60865783691406,4.435607433319092,2.487460136413574,400.0,0.2825104395548502
20150803.0,1.409999966621399,40.0,8.0,0.07999999821186066,0.125,0.10999999940395355,0.08322567492723465,0.6418964862823486,286.3978576660156,1.062120795249939,257.9836730957031,249.3430938720703,1.7748781442642212,2.1536426544189453,400.0,0.2641324996948242
20150804.0,1.409999966621399,40.0,8.0,0.07999999821186066,0.125,0.10999999940395355,0.08322567492723465,0.6418964862823486,288.0189514160156,1.071567416191101,258.86126708984375,248.971435546875,0.08547722548246384,2.4096786975860596,400.0,0.251024564107259
20150805.0,1.409999966621399,40.0,8.0,0.07999999821186066,0.125,0.10999999940395355,0.08322567492723465,0.6418964862823486,287.87310791015625,1.078059434890747,260.55535888671875,250.2942352294922,0.7569457292556763,1.7804151773452759,400.0,0.2401917775472004
20150806.0,1.409999966621399,40.0,8.0,0.07999999821186066,0.125,0.10999999940395355,0.08322567492723465,0.6418964862823486,288.56744384765625,1.0783549547195435,259.48016357421875,253.22702026367188,1.2061972618103027,1.1636457443237305,400.0,0.2416159311930338
20150807.0,1.409999966621399,40.0,8.0,0.07999999821186066,0.125,0.10999999940395355,0.08322567492723465,0.6418964862823486,290.7084045410156,1.0755937099456787,260.92999267578125,250.9273223876953,0.042896416038274765,2.588621139526367,400.0,0.2340106964111328
20150808.0,1.409999966621399,40.0,8.0,0.07999999821186066,0.125,0.10999999940395355,0.08322567492723465,0.6418964862823486,290.0498352050781,1.0743635892868042,259.56292724609375,249.0113983154297,0.12298412621021271,2.714710235595703,400.0,0.2219216028849283
20150809.0,1.409999966621399,40.0,8.0,0.07999999821186066,0.125,0.10999999940395355,0.08322567492723465,0.6418964862823486,287.4286804199219,1.072701096534729,259.8891906738281,248.868408203125,0.15077261626720428,2.168239116668701,400.0,0.2136297225952147
20150810.0,1.409999966621399,40.0,8.0,0.07999999821186066,0.125,0.10999999940395355,0.08322567492723465,0.6418964862823486,288.28515625,1.07108473777771,257.9472351074219,251.04025268554688,0.6873236894607544,1.878548264503479,400.0,0.2110754648844401
20150811.0,1.409999966621399,40.0,8.0,0.07999999821186066,0.125,0.10999999940395355,0.08322567492723465,0.6418964862823486,288.13751220703125,1.0695610046386719,258.7281494140625,250.72293090820312,2.4404735565185547,1.7064658403396606,400.0,0.2158851623535155
20150812.0,1.409999966621399,40.0,8.0,0.07999999821186066,0.125,0.10999999940395355,0.08322567492723465,0.6418964862823486,287.80731201171875,1.0677285194396973,259.80718994140625,252.94097900390625,0.0,2.9071788787841797,400.0,0.2167514165242513
20150813.0,1.409999966621399,40.0,8.0,0.07999999821186066,0.125,0.10999999940395355,0.08322567492723465,0.6418964862823486,286.11749267578125,1.0665218830108643,257.42169189453125,249.44863891601562,0.03978549316525459,2.4987101554870605,400.0,0.2041794459025065
20150814.0,1.409999966621399,40.0,8.0,0.07999999821186066,0.125,0.10999999940395355,0.08322567492723465,0.6418964862823486,287.1247253417969,1.0665805339813232,259.54327392578125,251.899169921875,0.0009384772274643183,1.8733552694320679,400.0,0.1960595448811848
20150815.0,1.409999966621399,40.0,8.0,0.07999999821186066,0.125,0.10999999940395355,0.08322567492723465,0.6418964862823486,285.8157958984375,1.0672614574432373,259.6587219238281,251.97396850585938,0.01796024665236473,1.4532047510147095,400.0,0.1909777323404947
20150816.0,1.409999966621399,40.0,8.0,0.07999999821186066,0.125,0.10999999940395355,0.08322567492723465,0.6418964862823486,287.25946044921875,1.067631483078003,258.3511962890625,249.75942993164062,0.0010101483203470707,1.8970651626586914,400.0,0.1860504150390624
20150817.0,1.409999966621399,40.0,8.0,0.07999999821186066,0.125,0.10999999940395355,0.08322567492723465,0.6418964862823486,288.1982421875,1.068090796470642,257.1360778808594,248.27996826171875,0.0008523463038727641,2.445011854171753,400.0,0.1788771947224935
20150818.0,1.409999966621399,40.0,8.0,0.07999999821186066,0.125,0.10999999940395355,0.08322567492723465,0.6418964862823486,289.3292236328125,1.0685396194458008,259.0572814941406,249.48036193847656,0.0012814998626708984,2.6701269149780273,400.0,0.1702384948730468
20150819.0,1.409999966621399,40.0,8.0,0.07999999821186066,0.125,0.10999999940395355,0.08322567492723465,0.6418964862823486,289.6131591796875,1.068985104560852,258.4261474609375,247.87939453125,0.0,2.346308946609497,400.0,0.1622304916381835
20150820.0,1.409999966621399,40.0,8.0,0.07999999821186066,0.125,0.10999999940395355,0.08322567492723465,0.6418964862823486,290.666259765625,1.0694429874420166,261.15460205078125,251.03848266601562,0.0017136334208771586,2.295358419418335,400.0,0.1551841100056966
20150821.0,1.409999966621399,40.0,8.0,0.07999999821186066,0.125,0.10999999940395355,0.08322567492723465,0.6418964862823486,290.998779296875,1.0698771476745605,259.9007263183594,252.73370361328125,0.0,2.299083709716797,400.0,0.1484041213989257
20150822.0,1.409999966621399,40.0,8.0,0.07999999821186066,0.125,0.10999999940395355,0.08322567492723465,0.6418964862823486,291.1464538574219,1.0702621936798096,260.4037780761719,252.4607696533203,0.0,2.284385919570923,400.0,0.1415945688883463
20150823.0,1.409999966621399,40.0,8.0,0.07999999821186066,0.125,0.10999999940395355,0.08322567492723465,0.6418964862823486,290.5535583496094,1.0706231594085693,259.18096923828125,252.18699645996094,0.000858306884765625,1.6801836490631104,400.0,0.1363286972045898
20150824.0,1.409999966621399,40.0,8.0,0.07999999821186066,0.125,0.10999999940395355,0.08322567492723465,0.6418964862823486,290.7239685058594,1.0709965229034424,259.06524658203125,252.82603454589844,0.0017046084394678473,1.9315004348754883,400.0,0.1317955652872721
20150825.0,1.409999966621399,40.0,8.0,0.07999999821186066,0.125,0.10999999940395355,0.08322567492723465,0.6418964862823486,289.5950012207031,1.071366548538208,261.55267333984375,251.96893310546875,0.001722574234008789,1.680434226989746,400.0,0.1271009445190429
20150826.0,1.409999966621399,40.0,8.0,0.07999999821186066,0.125,0.10999999940395355,0.08322567492723465,0.6418964862823486,288.94915771484375,1.071689248085022,261.37713623046875,253.52020263671875,3.863194704055786,1.154982566833496,400.0,0.1394618352254231
20150827.0,1.409999966621399,40.0,8.0,0.07999999821186066,0.125,0.10999999940395355,0.08322567492723465,0.6418964862823486,288.847412109375,1.072394847869873,262.13714599609375,256.24041748046875,5.722621440887451,1.740171194076538,400.0,0.1724147796630858
20150828.0,1.409999966621399,40.0,8.0,0.07999999821186066,0.125,0.10999999940395355,0.08322567492723465,0.6418964862823486,287.2237854003906,1.0717614889144897,258.2200927734375,249.69638061523438,6.076908588409424,2.6007747650146484,400.0,0.2442404429117838
20150829.0,1.409999966621399,40.0,8.0,0.07999999821186066,0.125,0.10999999940395355,0.08322567492723465,0.6418964862823486,286.634033203125,1.0738078355789185,258.35333251953125,249.87388610839844,0.01820634864270687,1.9070439338684082,400.0,0.2204736073811848
20150830.0,1.409999966621399,40.0,8.0,0.07999999821186066,0.125,0.10999999940395355,0.08322567492723465,0.6418964862823486,286.46673583984375,1.0813473463058472,258.2842102050781,251.8788299560547,2.8899879455566406,1.8873785734176636,400.0,0.2129653294881185
20150831.0,1.409999966621399,40.0,8.0,0.07999999821186066,0.125,0.10999999940395355,0.08322567492723465,0.6418964862823486,286.0454406738281,1.0916932821273804,260.0411682128906,251.0704345703125,2.5920770168304443,1.8937880992889404,400.0,0.2216475804646809
20150901.0,1.409999966621399,40.0,8.0,0.07999999821186066,0.125,0.10999999940395355,0.08322567492723465,0.6418964862823486,284.851806640625,1.1007800102233887,258.572021484375,251.93106079101562,0.0004657124518416822,1.5710957050323486,400.0,0.2168582280476887
20150902.0,1.409999966621399,40.0,8.0,0.07999999821186066,0.125,0.10999999940395355,0.08322567492723465,0.6418964862823486,282.7927551269531,1.1103627681732178,258.3126220703125,249.64366149902344,0.047910433262586594,1.2618508338928223,400.0,0.2039130528767903
20150903.0,1.409999966621399,40.0,8.0,0.07999999821186066,0.125,0.10999999940395355,0.08322567492723465,0.6418964862823486,283.43951416015625,1.1200207471847534,257.522705078125,250.47369384765625,0.020422495901584625,1.175508737564087,400.0,0.1960061391194661
20150904.0,1.409999966621399,40.0,8.0,0.07999999821186066,0.125,0.10999999940395355,0.08322567492723465,0.6418964862823486,284.2021179199219,1.1296110153198242,256.66351318359375,248.6370849609375,0.5488848686218262,1.1324628591537476,400.0,0.1905139287312825
20150905.0,1.409999966621399,40.0,8.0,0.07999999821186066,0.125,0.10999999940395355,0.08322567492723465,0.6418964862823486,283.7974548339844,1.1399083137512207,259.1157531738281,250.45115661621094,4.7340497970581055,1.599075436592102,400.0,0.2085571289062499
20150906.0,1.409999966621399,40.0,8.0,0.07999999821186066,0.125,0.10999999940395355,0.08322567492723465,0.6418964862823486,283.01995849609375,1.149092435836792,257.7652893066406,249.9859619140625,0.49364516139030457,1.6161954402923584,400.0,0.2171160380045573
20150907.0,1.409999966621399,40.0,8.0,0.07999999821186066,0.125,0.10999999940395355,0.08322567492723465,0.6418964862823486,282.88165283203125,1.1558523178100586,256.16162109375,248.70883178710938,0.010665629990398884,1.4443942308425903,400.0,0.2063315709431965
20150908.0,1.409999966621399,40.0,8.0,0.07999999821186066,0.125,0.10999999940395355,0.08322567492723465,0.6418964862823486,283.1843566894531,1.1614174842834473,260.2190246582031,249.1932373046875,0.0012958926381543279,1.4467417001724243,400.0,0.1962871551513671
20150909.0,1.409999966621399,40.0,8.0,0.07999999821186066,0.125,0.10999999940395355,0.08322567492723465,0.6418964862823486,284.3152160644531,1.1676384210586548,259.169189453125,247.65399169921875,0.0,1.1309340000152588,400.0,0.1891825993855794
20150910.0,1.409999966621399,40.0,8.0,0.07999999821186066,0.125,0.10999999940395355,0.08322567492723465,0.6418964862823486,285.1796875,1.1737184524536133,258.2518310546875,249.2604217529297,0.0025742207653820515,1.0760611295700073,400.0,0.1834526062011718
20150911.0,1.409999966621399,40.0,8.0,0.07999999821186066,0.125,0.10999999940395355,0.08322567492723465,0.6418964862823486,285.2874450683594,1.1798679828643799,255.91683959960938,249.39840698242188,0.0013758859131485224,1.0951708555221558,400.0,0.1785945892333983
20150912.0,1.409999966621399,40.0,8.0,0.07999999821186066,0.125,0.10999999940395355,0.08322567492723465,0.6418964862823486,284.19635009765625,1.1859732866287231,258.428466796875,250.2588348388672,0.12368565797805786,0.5066425204277039,400.0,0.1760565439860025
20150913.0,1.409999966621399,40.0,8.0,0.07999999821186066,0.125,0.10999999940395355,0.08322567492723465,0.6418964862823486,284.40093994140625,1.1924000978469849,258.7659912109375,250.070068359375,0.7559199929237366,0.7745875716209412,400.0,0.1775824228922525
20150914.0,1.409999966621399,40.0,8.0,0.07999999821186066,0.125,0.10999999940395355,0.08322567492723465,0.6418964862823486,285.05645751953125,1.1982922554016113,260.4723205566406,250.9441375732422,0.37249866127967834,0.8756350874900818,400.0,0.180124282836914
20150915.0,1.409999966621399,40.0,8.0,0.07999999821186066,0.125,0.10999999940395355,0.08322567492723465,0.6418964862823486,285.3389892578125,1.2030445337295532,258.46868896484375,251.72344970703125,0.7831082344055176,1.0773481130599976,400.0,0.1780103047688801
20150916.0,1.409999966621399,40.0,8.0,0.07999999821186066,0.125,0.10999999940395355,0.08322567492723465,0.6418964862823486,284.4919128417969,1.2072389125823975,260.0899963378906,252.25103759765625,4.996023654937744,1.1583313941955566,400.0,0.2045437494913736
20150917.0,1.409999966621399,40.0,8.0,0.07999999821186066,0.125,0.10999999940395355,0.08322567492723465,0.6418964862823486,284.491943359375,1.2117401361465454,257.3311767578125,248.37521362304688,14.646546363830566,0.9638744592666626,400.0,0.250562032063802
20150918.0,1.409999966621399,40.0,8.0,0.07999999821186066,0.125,0.10999999940395355,0.08322567492723465,0.6418964862823486,285.65069580078125,1.2161767482757568,253.0083770751953,246.14419555664062,21.447099685668945,0.4628870189189911,400.0,0.3076400756835937
20150919.0,1.409999966621399,40.0,8.0,0.07999999821186066,0.125,0.10999999940395355,0.08322567492723465,0.6418964862823486,284.60626220703125,1.2206591367721558,254.33624267578125,245.60797119140625,1.3496358394622803,1.9472070932388306,400.0,0.2886505126953125
20150920.0,1.409999966621399,40.0,8.0,0.07999999821186066,0.125,0.10999999940395355,0.08322567492723465,0.6418964862823486,282.2706298828125,1.225019097328186,253.98953247070312,246.4544677734375,3.9086668491363525,1.1244206428527832,400.0,0.2809193929036458
20150921.0,1.409999966621399,40.0,8.0,0.07999999821186066,0.125,0.10999999940395355,0.08322567492723465,0.6418964862823486,282.7419128417969,1.2298907041549683,255.00479125976562,245.02157592773438,1.2438018321990967,1.0465506315231323,400.0,0.2696510950724283
20150922.0,1.409999966621399,40.0,8.0,0.07999999821186066,0.125,0.10999999940395355,0.08322567492723465,0.6418964862823486,282.8347473144531,1.233790397644043,254.86984252929688,245.27728271484375,0.8885886669158936,0.6558980345726013,400.0,0.2605419158935547
20150923.0,1.409999966621399,40.0,8.0,0.07999999821186066,0.125,0.10999999940395355,0.08322567492723465,0.6418964862823486,282.09991455078125,1.235680103302002,254.643310546875,245.37606811523438,5.2472453117370605,1.167719841003418,400.0,0.2708539962768554
20150924.0,1.409999966621399,40.0,8.0,0.07999999821186066,0.125,0.10999999940395355,0.08322567492723465,0.6418964862823486,284.0492858886719,1.2365773916244507,256.4144287109375,244.18280029296875,1.411085844039917,0.7737244963645935,400.0,0.2648798624674479
20150925.0,1.409999966621399,40.0,8.0,0.07999999821186066,0.125,0.10999999940395355,0.08322567492723465,0.6418964862823486,282.8796691894531,1.2379735708236694,253.60531616210938,244.14846801757812,2.119658946990967,1.4131739139556885,400.0,0.2645219167073567
20150926.0,1.409999966621399,40.0,8.0,0.07999999821186066,0.125,0.10999999940395355,0.08322567492723465,0.6418964862823486,281.33612060546875,1.2392289638519287,251.9820098876953,243.82083129882812,0.647288978099823,1.2406198978424072,400.0,0.2546761830647787
20150927.0,1.409999966621399,40.0,8.0,0.07999999821186066,0.125,0.10999999940395355,0.08322567492723465,0.6418964862823486,282.31536865234375,1.240531086921692,253.9171142578125,244.417724609375,0.22204194962978363,1.0802555084228516,400.0,0.2470725377400716
20150928.0,1.409999966621399,40.0,8.0,0.07999999821186066,0.125,0.10999999940395355,0.08322567492723465,0.6418964862823486,281.2734069824219,1.241613507270813,252.10244750976562,244.45489501953125,0.0008450497407466173,0.8045550584793091,400.0,0.2392517725626627
20150929.0,1.409999966621399,40.0,8.0,0.07999999821186066,0.125,0.10999999940395355,0.08322567492723465,0.6418964862823486,281.7532043457031,1.2434723377227783,253.03445434570312,243.8306884765625,0.037122275680303574,0.6041516065597534,400.0,0.2342363993326822
20150930.0,1.409999966621399,40.0,8.0,0.07999999821186066,0.125,0.10999999940395355,0.08322567492723465,0.6418964862823486,282.7737121582031,1.2437810897827148,253.62759399414062,245.45352172851562,0.0008523463038727641,1.0661876201629639,400.0,0.2288309733072916
20151001.0,1.409999966621399,40.0,8.0,0.07999999821186066,0.125,0.10999999940395355,0.08322567492723465,0.6418964862823486,282.2018737792969,1.24093759059906,253.3200225830078,245.25051879882812,1.843200445175171,1.2342398166656494,400.0,0.2265558242797851
20151002.0,1.409999966621399,40.0,8.0,0.07999999821186066,0.125,0.10999999940395355,0.08322567492723465,0.6418964862823486,281.7465515136719,1.2365576028823853,255.01412963867188,244.3297119140625,2.2066283226013184,2.4439198970794678,400.0,0.2389176686604818
20151003.0,1.409999966621399,40.0,8.0,0.07999999821186066,0.125,0.10999999940395355,0.08322567492723465,0.6418964862823486,279.1188659667969,1.2329628467559814,251.2864990234375,243.52133178710938,0.0013645681319758296,0.916212797164917,400.0,0.2305367787679036
20151005.0,1.409999966621399,40.0,8.0,0.07999999821186066,0.125,0.10999999940395355,0.08322567492723465,0.6418964862823486,275.5913391113281,1.2254337072372437,251.348876953125,245.04977416992188,0.0008523463038727641,0.7436923384666443,400.0,0.2197774251302083
20151006.0,1.409999966621399,40.0,8.0,0.07999999821186066,0.125,0.10999999940395355,0.08322567492723465,0.6418964862823486,273.6882019042969,1.2214375734329224,253.3775634765625,245.94674682617188,0.00020474381744861603,0.4754717946052551,400.0,0.2174173990885416
20151007.0,1.409999966621399,40.0,8.0,0.07999999821186066,0.125,0.10999999940395355,0.08322567492723465,0.6418964862823486,274.1629943847656,1.2184380292892456,255.1764373779297,247.02398681640625,0.01136397197842598,0.29832202196121216,400.0,0.2161480585734049
20151008.0,1.409999966621399,40.0,8.0,0.07999999821186066,0.125,0.10999999940395355,0.08322567492723465,0.6418964862823486,274.87261962890625,1.2134885787963867,252.82879638671875,245.98675537109375,0.002724522026255727,0.32583504915237427,400.0,0.2150325775146483
20151009.0,1.409999966621399,40.0,8.0,0.07999999821186066,0.125,0.10999999940395355,0.08322567492723465,0.6418964862823486,274.01092529296875,1.2046090364456177,251.0563507080078,244.65191650390625,0.009627760387957096,0.3187628984451294,400.0,0.213536262512207
20151010.0,1.409999966621399,40.0,8.0,0.07999999821186066,0.125,0.10999999940395355,0.08322567492723465,0.6418964862823486,274.0634460449219,1.19387948513031,253.24026489257812,247.31314086914062,0.002831116784363985,0.2508830726146698,400.0,0.2124764124552408
20151012.0,1.409999966621399,40.0,8.0,0.07999999821186066,0.125,0.10999999940395355,0.08322567492723465,0.6418964862823486,274.9067687988281,1.1743589639663696,252.854248046875,245.58187866210938,0.01736924797296524,0.10729441046714783,400.0,0.2108112970987956
20151013.0,1.409999966621399,40.0,8.0,0.07999999821186066,0.125,0.10999999940395355,0.08322567492723465,0.6418964862823486,273.914306640625,1.1644114255905151,253.69439697265625,244.9337158203125,0.01628033258020878,0.12807437777519226,400.0,0.2104164759318033
20151014.0,1.409999966621399,40.0,8.0,0.07999999821186066,0.125,0.10999999940395355,0.08322567492723465,0.6418964862823486,276.0941467285156,1.1563464403152466,250.911865234375,245.81689453125,4.766371830555727e-07,0.1825360208749771,400.0,0.2096382776896159
20151016.0,1.409999966621399,40.0,8.0,0.07999999821186066,0.125,0.10999999940395355,0.08322567492723465,0.6418964862823486,279.1085510253906,1.1404138803482056,251.65060424804688,244.96353149414062,0.7609223127365112,0.4217544496059418,400.0,0.2067251205444336
20151017.0,1.409999966621399,40.0,8.0,0.07999999821186066,0.125,0.10999999940395355,0.08322567492723465,0.6418964862823486,280.0883483886719,1.163944125175476,254.60533142089844,245.96261596679688,0.19603508710861206,0.48336514830589294,400.0,0.2106456756591796
20151018.0,1.409999966621399,40.0,8.0,0.07999999821186066,0.125,0.10999999940395355,0.08322567492723465,0.6418964862823486,279.0380554199219,1.2010215520858765,253.3342742919922,246.4353790283203,0.0,0.23056815564632416,400.0,0.2083094914754231
20151019.0,1.409999966621399,40.0,8.0,0.07999999821186066,0.125,0.10999999940395355,0.08322567492723465,0.6418964862823486,275.1436462402344,1.2326916456222534,252.54010009765625,244.92495727539062,0.0032054507173597813,0.13792668282985687,400.0,0.2068799336751302
20151020.0,1.409999966621399,40.0,8.0,0.07999999821186066,0.125,0.10999999940395355,0.08322567492723465,0.6418964862823486,274.06524658203125,1.267248272895813,253.75460815429688,247.17007446289062,0.28520628809928894,0.11800827831029892,400.0,0.2065229415893554
20151021.0,1.409999966621399,40.0,8.0,0.07999999821186066,0.125,0.10999999940395355,0.08322567492723465,0.6418964862823486,276.42181396484375,1.3028212785720825,253.12005615234375,244.1374053955078,2.0463662147521973,0.3174837529659271,400.0,0.2114416758219401
20151022.0,1.409999966621399,40.0,8.0,0.07999999821186066,0.125,0.10999999940395355,0.08322567492723465,0.6418964862823486,278.2035827636719,1.3373804092407227,251.49362182617188,245.92184448242188,5.391363143920898,0.3239101469516754,400.0,0.2440401713053385
20151026.0,1.409999966621399,40.0,8.0,0.07999999821186066,0.125,0.10999999940395355,0.08322567492723465,0.6418964862823486,275.6978759765625,1.3921176195144653,251.35545349121094,244.01644897460938,1.3496898412704468,0.5756440758705139,400.0,0.2320311864217122
20151027.0,1.409999966621399,40.0,8.0,0.07999999821186066,0.125,0.10999999940395355,0.08322567492723465,0.6418964862823486,272.4288330078125,1.3836318254470825,252.31427001953125,243.04075622558594,0.022980738431215286,0.5412166714668274,400.0,0.2336950302124023
20151028.0,1.409999966621399,40.0,8.0,0.07999999821186066,0.125,0.10999999940395355,0.08322567492723465,0.6418964862823486,270.8050842285156,1.3731062412261963,253.9519500732422,246.962646484375,0.011729453690350056,0.1395607888698578,400.0,0.2279332478841146
20151030.0,1.409999966621399,40.0,8.0,0.07999999821186066,0.125,0.10999999940395355,0.08322567492723465,0.6418964862823486,272.241455078125,1.3528028726577759,255.14605712890625,249.55307006835938,0.07447364926338196,0.04291294142603874,400.0,0.2228310902913411
20151031.0,1.409999966621399,40.0,8.0,0.07999999821186066,0.125,0.10999999940395355,0.08322567492723465,0.6418964862823486,275.7585754394531,1.3427621126174927,251.20921325683594,239.18118286132812,2.629847288131714,0.10183834284543991,400.0,0.2239739100138346
20151101.0,1.409999966621399,40.0,8.0,0.07999999821186066,0.125,0.10999999940395355,0.08322567492723465,0.6418964862823486,278.4980773925781,1.3327953815460205,253.25592041015625,243.24371337890625,0.04097573086619377,0.43519893288612366,400.0,0.2397925059000651
20151102.0,1.409999966621399,40.0,8.0,0.07999999821186066,0.125,0.10999999940395355,0.08322567492723465,0.6418964862823486,282.1823425292969,1.3229025602340698,253.92318725585938,245.40158081054688,0.000908461632207036,0.20510949194431305,400.0,0.2298707962036132
20151103.0,1.409999966621399,40.0,8.0,0.07999999821186066,0.125,0.10999999940395355,0.08322567492723465,0.6418964862823486,279.3032531738281,1.3130836486816406,252.793212890625,243.86924743652344,0.7229011058807373,0.15844520926475525,400.0,0.2255764007568358
20151104.0,1.409999966621399,40.0,8.0,0.07999999821186066,0.125,0.10999999940395355,0.08322567492723465,0.6418964862823486,277.80108642578125,1.303338646888733,253.08514404296875,244.41091918945312,0.0011137293186038733,0.38827118277549744,400.0,0.2265758514404296
20151105.0,1.409999966621399,40.0,8.0,0.07999999821186066,0.125,0.10999999940395355,0.08322567492723465,0.6418964862823486,272.57257080078125,1.2936676740646362,250.76121520996094,245.22222900390625,0.016827017068862915,0.07992512732744217,400.0,0.2230669657389322
20151106.0,1.409999966621399,40.0,8.0,0.07999999821186066,0.125,0.10999999940395355,0.08322567492723465,0.6418964862823486,273.8769226074219,1.284070611000061,256.11187744140625,249.5697021484375,0.701850175857544,0.14006644487380981,400.0,0.2241061528523763
20151107.0,1.409999966621399,40.0,8.0,0.07999999821186066,0.125,0.10999999940395355,0.08322567492723465,0.6418964862823486,276.71044921875,1.2745475769042969,251.81243896484375,241.57330322265625,5.165009021759033,0.07594044506549835,400.0,0.2396656672159831
20151108.0,1.409999966621399,40.0,8.0,0.07999999821186066,0.125,0.10999999940395355,0.08322567492723465,0.6418964862823486,274.5345764160156,1.2650984525680542,249.7891845703125,241.62908935546875,0.009237469173967838,0.21687717735767365,400.0,0.2525930404663086
20151109.0,1.409999966621399,40.0,8.0,0.07999999821186066,0.125,0.10999999940395355,0.08322567492723465,0.6418964862823486,274.50396728515625,1.255723237991333,253.9232635498047,244.9784393310547,5.110415935516357,0.09411003440618515,400.0,0.2604395548502604
20151110.0,1.409999966621399,40.0,8.0,0.07999999821186066,0.125,0.10999999940395355,0.08322567492723465,0.6418964862823486,273.8507385253906,1.2464220523834229,247.66770935058594,239.80081176757812,0.15168456733226776,0.32586464285850525,400.0,0.2559655507405598
20151111.0,1.409999966621399,40.0,8.0,0.07999999821186066,0.125,0.10999999940395355,0.08322567492723465,0.6418964862823486,272.2970275878906,1.2371947765350342,254.28167724609375,246.34710693359375,0.23452922701835632,0.10586448013782501,400.0,0.2464462916056315
20151112.0,1.409999966621399,40.0,8.0,0.07999999821186066,0.125,0.10999999940395355,0.08322567492723465,0.6418964862823486,270.44366455078125,1.228041410446167,252.90545654296875,247.28627014160156,0.35063353180885315,0.1343180388212204,400.0,0.2411540349324544
20151113.0,1.409999966621399,40.0,8.0,0.07999999821186066,0.125,0.10999999940395355,0.08322567492723465,0.6418964862823486,273.1167297363281,1.2189619541168213,256.4129333496094,251.24139404296875,5.4472832679748535,0.0,400.0,0.2520198822021484
20151114.0,1.409999966621399,40.0,8.0,0.07999999821186066,0.125,0.10999999940395355,0.08322567492723465,0.6418964862823486,271.9798583984375,1.2099565267562866,248.22412109375,238.59005737304688,0.8107452988624573,0.2091643065214157,400.0,0.2681700388590495
20151115.0,1.409999966621399,40.0,8.0,0.07999999821186066,0.125,0.10999999940395355,0.08322567492723465,0.6418964862823486,272.459228515625,1.201025128364563,255.15744018554688,250.1494140625,3.343749523162842,0.2049039900302887,400.0,0.2546793619791666
20151116.0,1.409999966621399,40.0,8.0,0.07999999821186066,0.125,0.10999999940395355,0.08322567492723465,0.6418964862823486,271.1513977050781,1.1921675205230713,253.77601623535156,249.57884216308594,0.5097629427909851,0.13608214259147644,400.0,0.2478033701578776
20160327.0,1.409999966621399,40.0,8.0,0.07999999821186066,0.125,0.10999999940395355,0.08322567492723465,0.6418964862823486,275.1626281738281,3.586822032928467,257.2802734375,249.8639373779297,0.0,0.14437474310398102,400.0,0.2683359781901041
20160328.0,1.409999966621399,40.0,8.0,0.07999999821186066,0.125,0.10999999940395355,0.08322567492723465,0.6418964862823486,275.0218505859375,3.489701509475708,255.57208251953125,247.7935791015625,0.0,0.128454327583313,400.0,0.2914667129516601
20160329.0,1.409999966621399,40.0,8.0,0.07999999821186066,0.125,0.10999999940395355,0.08322567492723465,0.6418964862823486,275.2386169433594,3.394223213195801,256.4770812988281,247.72555541992188,0.9908556938171387,0.3228200376033783,400.0,0.2940470377604166
20160330.0,1.409999966621399,40.0,8.0,0.07999999821186066,0.125,0.10999999940395355,0.08322567492723465,0.6418964862823486,274.7767333984375,3.300387144088745,255.64187622070312,243.57119750976562,0.1705988049507141,0.19179236888885498,400.0,0.2976172765096028
20160331.0,1.409999966621399,40.0,8.0,0.07999999821186066,0.125,0.10999999940395355,0.08322567492723465,0.6418964862823486,273.754150390625,3.208193063735962,258.62286376953125,249.9068603515625,0.0037506711669266224,0.5664758682250977,400.0,0.2831945419311523
20160401.0,1.409999966621399,40.0,8.0,0.07999999821186066,0.125,0.10999999940395355,0.08322567492723465,0.6418964862823486,272.2388916015625,3.1176412105560303,259.40234375,252.5013427734375,0.26222339272499084,0.5930659770965576,400.0,0.2713251113891601
20160402.0,1.409999966621399,40.0,8.0,0.07999999821186066,0.125,0.10999999940395355,0.08322567492723465,0.6418964862823486,272.5550842285156,3.02873158454895,256.74432373046875,250.70101928710938,0.15361115336418152,0.5097585916519165,400.0,0.2636906305948893
20160403.0,1.409999966621399,40.0,8.0,0.07999999821186066,0.125,0.10999999940395355,0.08322567492723465,0.6418964862823486,274.01300048828125,2.9414639472961426,255.9359130859375,249.20559692382812,0.26187101006507874,0.11122921854257584,400.0,0.2649383544921875
20160404.0,1.409999966621399,40.0,8.0,0.07999999821186066,0.125,0.10999999940395355,0.08322567492723465,0.6418964862823486,273.93560791015625,2.8558385372161865,258.37017822265625,250.9171142578125,2.255894422531128,0.06667936593294144,400.0,0.2749989827473958
20160405.0,1.409999966621399,40.0,8.0,0.07999999821186066,0.125,0.10999999940395355,0.08322567492723465,0.6418964862823486,274.3489685058594,2.771855592727661,253.43112182617188,244.7290496826172,5.845959663391113,0.0,400.0,0.2927506764729817
20160406.0,1.409999966621399,40.0,8.0,0.07999999821186066,0.125,0.10999999940395355,0.08322567492723465,0.6418964862823486,274.0106506347656,2.689514636993408,253.72958374023438,246.06765747070312,12.673578262329102,0.0,400.0,0.3077767690022785
20160407.0,1.409999966621399,40.0,8.0,0.07999999821186066,0.125,0.10999999940395355,0.08322567492723465,0.6418964862823486,275.5085754394531,2.608815908432007,252.5686798095703,240.5808868408203,1.2970432043075562,0.07233510911464691,400.0,0.3204914728800456
20160408.0,1.409999966621399,40.0,8.0,0.07999999821186066,0.125,0.10999999940395355,0.08322567492723465,0.6418964862823486,275.07318115234375,2.529759168624878,257.994140625,249.0501251220703,0.04306969419121742,0.5385680794715881,400.0,0.3067248662312825
20160409.0,1.409999966621399,40.0,8.0,0.07999999821186066,0.125,0.10999999940395355,0.08322567492723465,0.6418964862823486,274.5857849121094,2.4523446559906006,256.1263732910156,247.04164123535156,0.1425645798444748,0.42084094882011414,400.0,0.2982206344604492
20160410.0,1.409999966621399,40.0,8.0,0.07999999821186066,0.125,0.10999999940395355,0.08322567492723465,0.6418964862823486,275.38818359375,2.3765721321105957,256.6489562988281,248.48577880859375,0.0019053230062127113,0.42961210012435913,400.0,0.2988249460856119
20160411.0,1.409999966621399,40.0,8.0,0.07999999821186066,0.125,0.10999999940395355,0.08322567492723465,0.6418964862823486,275.7431945800781,2.3024423122406006,255.72190856933594,248.814697265625,0.0,0.570534348487854,400.0,0.3008982340494792
20160412.0,1.409999966621399,40.0,8.0,0.07999999821186066,0.125,0.10999999940395355,0.08322567492723465,0.6418964862823486,274.9278259277344,2.229954242706299,254.63677978515625,247.66148376464844,0.006306238006800413,0.8526310324668884,400.0,0.2936344146728515
20160413.0,1.409999966621399,40.0,8.0,0.07999999821186066,0.125,0.10999999940395355,0.08322567492723465,0.6418964862823486,271.8885498046875,2.1591084003448486,253.1085968017578,247.74874877929688,0.5169703364372253,0.9125914573669434,400.0,0.2808643976847331
20160414.0,1.409999966621399,40.0,8.0,0.07999999821186066,0.125,0.10999999940395355,0.08322567492723465,0.6418964862823486,269.7200927734375,2.08990478515625,258.99566650390625,250.59841918945312,0.0034460434690117836,0.9553557634353638,400.0,0.2718509038289387
20160415.0,1.409999966621399,40.0,8.0,0.07999999821186066,0.125,0.10999999940395355,0.08322567492723465,0.6418964862823486,272.2637939453125,2.022343397140503,257.1711730957031,252.34298706054688,0.2639690339565277,0.5462826490402222,400.0,0.2661860783894856
20160416.0,1.409999966621399,40.0,8.0,0.07999999821186066,0.125,0.10999999940395355,0.08322567492723465,0.6418964862823486,275.1484375,1.9564242362976074,254.9034423828125,244.33969116210938,3.620340347290039,0.0,400.0,0.2906214396158854
20160417.0,1.409999966621399,40.0,8.0,0.07999999821186066,0.125,0.10999999940395355,0.08322567492723465,0.6418964862823486,275.2190856933594,1.8921470642089844,252.83157348632812,242.78677368164062,2.4380409717559814,0.0,400.0,0.3189738591512043
20160418.0,1.409999966621399,40.0,8.0,0.07999999821186066,0.125,0.10999999940395355,0.08322567492723465,0.6418964862823486,275.0417785644531,1.829512119293213,254.69146728515625,248.42889404296875,0.07502207905054092,0.47403502464294434,400.0,0.3053976694742838
20160419.0,1.409999966621399,40.0,8.0,0.07999999821186066,0.125,0.10999999940395355,0.08322567492723465,0.6418964862823486,273.7877197265625,1.7682201862335205,255.74453735351562,245.67974853515625,1.5866129398345947,0.697799801826477,400.0,0.2944533030192057
20160420.0,1.409999966621399,40.0,8.0,0.07999999821186066,0.125,0.10999999940395355,0.08322567492723465,0.6418964862823486,274.853759765625,1.7109160423278809,253.24774169921875,245.98892211914062,0.3836834728717804,1.315783143043518,400.0,0.282231330871582
20160421.0,1.409999966621399,40.0,8.0,0.07999999821186066,0.125,0.10999999940395355,0.08322567492723465,0.6418964862823486,272.73028564453125,1.6472209692001343,258.8736572265625,250.75201416015625,3.3433353900909424,0.13937309384346008,400.0,0.2905480066935221
20160422.0,1.409999966621399,40.0,8.0,0.07999999821186066,0.125,0.10999999940395355,0.08322567492723465,0.6418964862823486,274.0760192871094,1.6008975505828857,254.0498809814453,248.06698608398438,0.7084102630615234,0.7690228819847107,400.0,0.2864624659220377
20160423.0,1.409999966621399,40.0,8.0,0.07999999821186066,0.125,0.10999999940395355,0.08322567492723465,0.6418964862823486,273.27484130859375,1.5865658521652222,254.54470825195312,247.42071533203125,5.059170246124268,0.19586341083049774,400.0,0.2952038447062174
20160424.0,1.409999966621399,40.0,8.0,0.07999999821186066,0.125,0.10999999940395355,0.08322567492723465,0.6418964862823486,273.17279052734375,1.5876034498214722,256.40118408203125,248.77801513671875,0.5145800113677979,0.8672240972518921,400.0,0.2889076868693034
20160425.0,1.409999966621399,40.0,8.0,0.07999999821186066,0.125,0.10999999940395355,0.08322567492723465,0.6418964862823486,270.992431640625,1.5809922218322754,257.369140625,249.93988037109375,15.917693138122559,0.19958898425102234,400.0,0.2763862609863281
20160426.0,1.409999966621399,40.0,8.0,0.07999999821186066,0.125,0.10999999940395355,0.08322567492723465,0.6418964862823486,274.5166931152344,1.5765790939331055,255.03131103515625,247.79591369628906,6.900363445281982,0.47535887360572815,400.0,0.2721993128458658
20160427.0,1.409999966621399,40.0,8.0,0.07999999821186066,0.125,0.10999999940395355,0.08322567492723465,0.6418964862823486,275.1705627441406,1.5719305276870728,248.4695587158203,239.91122436523438,4.549530029296875,0.0,400.0,0.3109807968139648
20160428.0,1.409999966621399,40.0,8.0,0.07999999821186066,0.125,0.10999999940395355,0.08322567492723465,0.6418964862823486,276.4555969238281,1.5670924186706543,249.92547607421875,239.483154296875,1.684740662574768,0.0,400.0,0.3220256169637044
20160429.0,1.409999966621399,40.0,8.0,0.07999999821186066,0.125,0.10999999940395355,0.08322567492723465,0.6418964862823486,277.94744873046875,1.5629712343215942,248.8538818359375,236.57383728027344,4.591483116149902,0.0,400.0,0.3482666015625
20160503.0,1.409999966621399,40.0,8.0,0.07999999821186066,0.125,0.10999999940395355,0.08322567492723465,0.6418964862823486,281.08404541015625,1.5304657220840454,247.279296875,240.12362670898438,0.0,0.8732044100761414,400.0,0.3175408045450846
20160504.0,1.409999966621399,40.0,8.0,0.07999999821186066,0.125,0.10999999940395355,0.08322567492723465,0.6418964862823486,283.0983581542969,1.5213649272918701,249.8649444580078,239.47073364257812,0.23600545525550842,1.404018759727478,400.0,0.3082412083943685
20160505.0,1.409999966621399,40.0,8.0,0.07999999821186066,0.125,0.10999999940395355,0.08322567492723465,0.6418964862823486,282.486083984375,1.5123815536499023,250.82757568359375,240.86390686035156,0.003516704309731722,1.6009520292282104,400.0,0.2903251647949219
20160506.0,1.409999966621399,40.0,8.0,0.07999999821186066,0.125,0.10999999940395355,0.08322567492723465,0.6418964862823486,283.9151916503906,1.5030899047851562,249.41041564941406,239.4015350341797,0.0017315105069428682,1.84573233127594,400.0,0.274216334025065
20160507.0,1.409999966621399,40.0,8.0,0.07999999821186066,0.125,0.10999999940395355,0.08322567492723465,0.6418964862823486,284.2298583984375,1.4950878620147705,248.20916748046875,237.2826385498047,0.0,1.5972191095352173,400.0,0.2604389190673828
20160508.0,1.409999966621399,40.0,8.0,0.07999999821186066,0.125,0.10999999940395355,0.08322567492723465,0.6418964862823486,286.9480285644531,1.4846605062484741,249.05987548828125,238.24798583984375,0.2528885006904602,2.228017807006836,400.0,0.2482630411783853
20160509.0,1.409999966621399,40.0,8.0,0.07999999821186066,0.125,0.10999999940395355,0.08322567492723465,0.6418964862823486,284.0799865722656,1.4693334102630615,247.55014038085938,236.59237670898438,0.0006705712294206023,2.027104616165161,400.0,0.2367741266886393
20160510.0,1.409999966621399,40.0,8.0,0.07999999821186066,0.125,0.10999999940395355,0.08322567492723465,0.6418964862823486,279.27264404296875,1.4517372846603394,248.853271484375,240.0396728515625,4.885648727416992,1.7892382144927979,400.0,0.253454844156901
20160511.0,1.409999966621399,40.0,8.0,0.07999999821186066,0.125,0.10999999940395355,0.08322567492723465,0.6418964862823486,280.5083312988281,1.4355289936065674,248.8777618408203,240.81280517578125,0.0,1.7744858264923096,400.0,0.2446454366048177
20160512.0,1.409999966621399,40.0,8.0,0.07999999821186066,0.125,0.10999999940395355,0.08322567492723465,0.6418964862823486,282.076904296875,1.4191523790359497,249.9984130859375,237.97787475585938,3.653717041015625,2.073417901992798,400.0,0.2363799413045246
20160513.0,1.409999966621399,40.0,8.0,0.07999999821186066,0.125,0.10999999940395355,0.08322567492723465,0.6418964862823486,279.98486328125,1.4029375314712524,251.8323211669922,242.87319946289062,0.2163863182067871,2.075551986694336,400.0,0.2497409184773763
20160514.0,1.409999966621399,40.0,8.0,0.07999999821186066,0.125,0.10999999940395355,0.08322567492723465,0.6418964862823486,279.0909729003906,1.3873422145843506,247.68516540527344,241.54054260253906,0.4969448745250702,1.2262014150619507,400.0,0.2350002924601237
20160515.0,1.409999966621399,40.0,8.0,0.07999999821186066,0.125,0.10999999940395355,0.08322567492723465,0.6418964862823486,281.7507019042969,1.3703805208206177,251.7327880859375,241.39479064941406,0.02278142236173153,2.179273843765259,400.0,0.2277380625406901
20160516.0,1.409999966621399,40.0,8.0,0.07999999821186066,0.125,0.10999999940395355,0.08322567492723465,0.6418964862823486,282.2770080566406,1.3566522598266602,248.90899658203125,240.19479370117188,0.000858306884765625,1.6960723400115967,400.0,0.2180658976236978
20160517.0,1.409999966621399,40.0,8.0,0.07999999821186066,0.125,0.10999999940395355,0.08322567492723465,0.6418964862823486,281.30145263671875,1.349181890487671,249.51181030273438,238.6900634765625,0.701610803604126,2.179537773132324,400.0,0.2137527465820312
20160518.0,1.409999966621399,40.0,8.0,0.07999999821186066,0.125,0.10999999940395355,0.08322567492723465,0.6418964862823486,277.2020568847656,1.344757318496704,249.18112182617188,240.09658813476562,2.47235107421875,1.4243488311767578,400.0,0.2220449447631835
20160519.0,1.409999966621399,40.0,8.0,0.07999999821186066,0.125,0.10999999940395355,0.08322567492723465,0.6418964862823486,277.0263366699219,1.33884859085083,252.49200439453125,242.88372802734375,4.397575855255127,1.046053409576416,400.0,0.2470715840657552
20160520.0,1.409999966621399,40.0,8.0,0.07999999821186066,0.125,0.10999999940395355,0.08322567492723465,0.6418964862823486,280.541259765625,1.3333919048309326,250.21240234375,241.61500549316406,0.047353945672512054,2.0743894577026367,400.0,0.2372398376464843
20160521.0,1.409999966621399,40.0,8.0,0.07999999821186066,0.125,0.10999999940395355,0.08322567492723465,0.6418964862823486,282.9503173828125,1.3279460668563843,253.34921264648438,243.4611053466797,2.390397310256958,1.5151034593582153,400.0,0.2337608337402344
20160522.0,1.409999966621399,40.0,8.0,0.07999999821186066,0.125,0.10999999940395355,0.08322567492723465,0.6418964862823486,284.4790954589844,1.3221908807754517,253.2526092529297,243.78945922851562,0.014399551786482334,1.8342498540878296,400.0,0.2317546208699543
20160523.0,1.409999966621399,40.0,8.0,0.07999999821186066,0.125,0.10999999940395355,0.08322567492723465,0.6418964862823486,284.4447326660156,1.317616581916809,254.6212158203125,245.90103149414062,7.595160961151123,1.756748914718628,400.0,0.2371320724487304
20160524.0,1.409999966621399,40.0,8.0,0.07999999821186066,0.125,0.10999999940395355,0.08322567492723465,0.6418964862823486,284.7586975097656,1.310755729675293,252.66786193847656,242.6048583984375,4.115746021270752,2.1991376876831055,400.0,0.2760712305704752
20160525.0,1.409999966621399,40.0,8.0,0.07999999821186066,0.125,0.10999999940395355,0.08322567492723465,0.6418964862823486,284.0129089355469,1.2992870807647705,251.378173828125,244.3798065185547,1.2487164735794067,1.989957332611084,400.0,0.2511564890543619
20160526.0,1.409999966621399,40.0,8.0,0.07999999821186066,0.125,0.10999999940395355,0.08322567492723465,0.6418964862823486,284.6356201171875,1.2856639623641968,254.11654663085938,242.97796630859375,1.4712063074111938,3.2481062412261963,400.0,0.247010866800944
20160527.0,1.409999966621399,40.0,8.0,0.07999999821186066,0.125,0.10999999940395355,0.08322567492723465,0.6418964862823486,285.0572814941406,1.2733049392700195,253.31649780273438,243.77610778808594,0.0,2.504488468170166,400.0,0.2320365905761718
20160528.0,1.409999966621399,40.0,8.0,0.07999999821186066,0.125,0.10999999940395355,0.08322567492723465,0.6418964862823486,285.9461975097656,1.2607547044754028,251.54019165039062,242.90878295898438,0.05473344773054123,1.4610176086425781,400.0,0.223982810974121
20160529.0,1.409999966621399,40.0,8.0,0.07999999821186066,0.125,0.10999999940395355,0.08322567492723465,0.6418964862823486,287.99267578125,1.2483302354812622,255.80047607421875,243.84661865234375,7.950199506012723e-05,2.202202320098877,400.0,0.2175531387329101
20160530.0,1.409999966621399,40.0,8.0,0.07999999821186066,0.125,0.10999999940395355,0.08322567492723465,0.6418964862823486,288.4692687988281,1.236386775970459,254.29556274414062,246.68626403808594,0.7298216223716736,1.8718392848968506,400.0,0.2139609654744466
20160531.0,1.409999966621399,40.0,8.0,0.07999999821186066,0.125,0.10999999940395355,0.08322567492723465,0.6418964862823486,291.1334533691406,1.2233564853668213,257.601318359375,245.84475708007812,0.02226831577718258,2.3763864040374756,400.0,0.2083374659220377
20160601.0,1.409999966621399,40.0,8.0,0.07999999821186066,0.125,0.10999999940395355,0.08322567492723465,0.6418964862823486,291.212158203125,1.2128711938858032,256.19573974609375,247.20364379882812,3.7175681591033936,2.599806785583496,400.0,0.2145299911499023
20160602.0,1.409999966621399,40.0,8.0,0.07999999821186066,0.125,0.10999999940395355,0.08322567492723465,0.6418964862823486,290.52569580078125,1.2073227167129517,259.79119873046875,249.09490966796875,0.36900824308395386,2.2268784046173096,400.0,0.2215611139933267
20160603.0,1.409999966621399,40.0,8.0,0.07999999821186066,0.125,0.10999999940395355,0.08322567492723465,0.6418964862823486,287.28515625,1.2041776180267334,257.6235046386719,248.17227172851562,0.0017195938853546977,3.4027130603790283,400.0,0.2067241668701171
20160604.0,1.409999966621399,40.0,8.0,0.07999999821186066,0.125,0.10999999940395355,0.08322567492723465,0.6418964862823486,283.2830810546875,1.1998569965362549,255.09434509277344,245.1375732421875,0.014850105158984661,2.4922983646392822,400.0,0.1942691802978515
20160605.0,1.409999966621399,40.0,8.0,0.07999999821186066,0.125,0.10999999940395355,0.08322567492723465,0.6418964862823486,282.6129455566406,1.1958909034729004,255.17877197265625,245.06398010253906,0.00414650421589613,2.343264579772949,400.0,0.1860005060831704
20160606.0,1.409999966621399,40.0,8.0,0.07999999821186066,0.125,0.10999999940395355,0.08322567492723465,0.6418964862823486,285.2671813964844,1.1918678283691406,255.87124633789062,245.6003875732422,0.000858306884765625,2.340440511703491,400.0,0.1786661148071289
20160607.0,1.409999966621399,40.0,8.0,0.07999999821186066,0.125,0.10999999940395355,0.08322567492723465,0.6418964862823486,287.86572265625,1.1880964040756226,255.29489135742188,247.03541564941406,0.6700687408447266,2.485645055770874,400.0,0.1723251342773437
20160608.0,1.409999966621399,40.0,8.0,0.07999999821186066,0.125,0.10999999940395355,0.08322567492723465,0.6418964862823486,282.5181884765625,1.183514952659607,255.7611083984375,246.66114807128906,0.3883465528488159,2.8131890296936035,400.0,0.1691331863403319
20160609.0,1.409999966621399,40.0,8.0,0.07999999821186066,0.125,0.10999999940395355,0.08322567492723465,0.6418964862823486,280.78302001953125,1.1805942058563232,256.24859619140625,245.57659912109375,3.1854405403137207,2.487013816833496,400.0,0.1675898234049478
20160610.0,1.409999966621399,40.0,8.0,0.07999999821186066,0.125,0.10999999940395355,0.08322567492723465,0.6418964862823486,278.8711853027344,1.181015968322754,251.07579040527344,241.45004272460938,4.284632205963135,2.0251946449279785,400.0,0.2203375498453776
20160611.0,1.409999966621399,40.0,8.0,0.07999999821186066,0.125,0.10999999940395355,0.08322567492723465,0.6418964862823486,282.8233337402344,1.1830823421478271,255.87939453125,248.06173706054688,1.384515643119812,1.9679174423217773,400.0,0.2164157231648762
20160612.0,1.409999966621399,40.0,8.0,0.07999999821186066,0.125,0.10999999940395355,0.08322567492723465,0.6418964862823486,284.46783447265625,1.1843286752700806,257.73956298828125,248.5491943359375,1.9442795515060425,2.2029824256896973,400.0,0.2111123402913411
20160613.0,1.409999966621399,40.0,8.0,0.07999999821186066,0.125,0.10999999940395355,0.08322567492723465,0.6418964862823486,285.9712219238281,1.1858121156692505,258.23828125,248.67332458496094,0.3817996382713318,2.265087366104126,400.0,0.2056757609049478
20160614.0,1.409999966621399,40.0,8.0,0.07999999821186066,0.125,0.10999999940395355,0.08322567492723465,0.6418964862823486,284.8893127441406,1.1873563528060913,256.7053527832031,248.78689575195312,0.15088823437690735,2.22164249420166,400.0,0.1930459340413411
20160615.0,1.409999966621399,40.0,8.0,0.07999999821186066,0.125,0.10999999940395355,0.08322567492723465,0.6418964862823486,286.9892883300781,1.1881978511810303,256.2010498046875,248.18743896484375,0.13225796818733215,2.6276190280914307,400.0,0.1816514333089192
20160616.0,1.409999966621399,40.0,8.0,0.07999999821186066,0.125,0.10999999940395355,0.08322567492723465,0.6418964862823486,287.4782409667969,1.1915110349655151,258.62579345703125,249.194580078125,6.355040073394775,2.1821982860565186,400.0,0.1791985829671223
20160617.0,1.409999966621399,40.0,8.0,0.07999999821186066,0.125,0.10999999940395355,0.08322567492723465,0.6418964862823486,284.2154541015625,1.1898832321166992,256.6927490234375,246.9781494140625,13.239252090454102,0.6389627456665039,400.0,0.2739661534627278
20160618.0,1.409999966621399,40.0,8.0,0.07999999821186066,0.125,0.10999999940395355,0.08322567492723465,0.6418964862823486,284.9735107421875,1.1782783269882202,256.96795654296875,248.4210205078125,10.546760559082031,1.382887601852417,400.0,0.2811288833618164
20160619.0,1.409999966621399,40.0,8.0,0.07999999821186066,0.125,0.10999999940395355,0.08322567492723465,0.6418964862823486,284.3954772949219,1.1619853973388672,254.85494995117188,245.8179931640625,0.8395106792449951,1.4962656497955322,400.0,0.2706670761108398
20160620.0,1.409999966621399,40.0,8.0,0.07999999821186066,0.125,0.10999999940395355,0.08322567492723465,0.6418964862823486,284.38104248046875,1.1483227014541626,256.6124267578125,246.21957397460938,0.014199251309037209,2.375528335571289,400.0,0.2497825622558594
20160621.0,1.409999966621399,40.0,8.0,0.07999999821186066,0.125,0.10999999940395355,0.08322567492723465,0.6418964862823486,284.87103271484375,1.134183645248413,258.31829833984375,248.81594848632812,2.522531032562256,1.142446756362915,400.0,0.2459529240926106
20160622.0,1.409999966621399,40.0,8.0,0.07999999821186066,0.125,0.10999999940395355,0.08322567492723465,0.6418964862823486,288.38653564453125,1.1202104091644287,259.2251892089844,249.5431365966797,0.001890741172246635,3.1577014923095703,400.0,0.239259401957194
20160623.0,1.409999966621399,40.0,8.0,0.07999999821186066,0.125,0.10999999940395355,0.08322567492723465,0.6418964862823486,288.0531005859375,1.1074472665786743,260.46405029296875,250.74026489257812,0.7379112243652344,1.8309495449066162,400.0,0.2284199396769205
20160624.0,1.409999966621399,40.0,8.0,0.07999999821186066,0.125,0.10999999940395355,0.08322567492723465,0.6418964862823486,289.96014404296875,1.0914268493652344,259.5040283203125,251.482666015625,2.534013271331787,2.8192765712738037,400.0,0.2286548614501953
20160625.0,1.409999966621399,40.0,8.0,0.07999999821186066,0.125,0.10999999940395355,0.08322567492723465,0.6418964862823486,289.050537109375,1.0824671983718872,255.8517608642578,249.27630615234375,6.499513626098633,2.066791296005249,400.0,0.2606700261433919
20160626.0,1.409999966621399,40.0,8.0,0.07999999821186066,0.125,0.10999999940395355,0.08322567492723465,0.6418964862823486,290.8892822265625,1.0873794555664062,261.5335998535156,250.83468627929688,1.3035043478012085,2.6326277256011963,400.0,0.2450081507364908
20160627.0,1.409999966621399,40.0,8.0,0.07999999821186066,0.125,0.10999999940395355,0.08322567492723465,0.6418964862823486,286.3507995605469,1.0992207527160645,260.294189453125,249.5816650390625,6.703303813934326,1.844338297843933,400.0,0.2571957906087239
20160628.0,1.409999966621399,40.0,8.0,0.07999999821186066,0.125,0.10999999940395355,0.08322567492723465,0.6418964862823486,289.54876708984375,1.1077215671539307,258.249755859375,249.65875244140625,0.22278869152069092,3.171475887298584,400.0,0.2489096323649088
20160629.0,1.409999966621399,40.0,8.0,0.07999999821186066,0.125,0.10999999940395355,0.08322567492723465,0.6418964862823486,289.0433654785156,1.1173144578933716,258.40936279296875,251.63458251953125,0.9437108635902405,2.879302501678467,400.0,0.2323633829752603
20160630.0,1.409999966621399,40.0,8.0,0.07999999821186066,0.125,0.10999999940395355,0.08322567492723465,0.6418964862823486,287.732177734375,1.1270033121109009,259.97174072265625,250.67127990722656,1.7000682353973389,2.4146265983581543,400.0,0.2289307912190754
20160701.0,1.409999966621399,40.0,8.0,0.07999999821186066,0.125,0.10999999940395355,0.08322567492723465,0.6418964862823486,288.39251708984375,1.1358224153518677,260.999267578125,252.880615234375,6.76882266998291,2.9193332195281982,400.0,0.2422800064086914
20160702.0,1.409999966621399,40.0,8.0,0.07999999821186066,0.125,0.10999999940395355,0.08322567492723465,0.6418964862823486,288.20635986328125,1.1481657028198242,260.552001953125,252.04534912109375,4.869874000549316,2.1573333740234375,400.0,0.260796864827474
20160703.0,1.409999966621399,40.0,8.0,0.07999999821186066,0.125,0.10999999940395355,0.08322567492723465,0.6418964862823486,288.4365539550781,1.1537114381790161,256.8975830078125,247.09982299804688,1.8071774244308472,3.764737844467163,400.0,0.2569640477498371
20160704.0,1.409999966621399,40.0,8.0,0.07999999821186066,0.125,0.10999999940395355,0.08322567492723465,0.6418964862823486,288.6780090332031,1.145214319229126,257.0299072265625,249.87144470214844,0.053198106586933136,2.853815793991089,400.0,0.2330023447672526
20160705.0,1.409999966621399,40.0,8.0,0.07999999821186066,0.125,0.10999999940395355,0.08322567492723465,0.6418964862823486,287.2084045410156,1.1300050020217896,260.5830078125,248.5318603515625,1.160489559173584,2.6239736080169678,400.0,0.2223987579345703
20160706.0,1.409999966621399,40.0,8.0,0.07999999821186066,0.125,0.10999999940395355,0.08322567492723465,0.6418964862823486,286.55059814453125,1.1183733940124512,258.70635986328125,249.14862060546875,0.11238514631986618,2.2994086742401123,400.0,0.2156648635864257
20160707.0,1.409999966621399,40.0,8.0,0.07999999821186066,0.125,0.10999999940395355,0.08322567492723465,0.6418964862823486,286.30499267578125,1.1059483289718628,259.6731262207031,249.539306640625,0.09470251202583313,1.8066054582595825,400.0,0.2073329289754231
20160708.0,1.409999966621399,40.0,8.0,0.07999999821186066,0.125,0.10999999940395355,0.08322567492723465,0.6418964862823486,283.88519287109375,1.0937299728393555,259.17059326171875,251.62240600585938,8.86839485168457,1.9468778371810913,400.0,0.2450437545776367
20160709.0,1.409999966621399,40.0,8.0,0.07999999821186066,0.125,0.10999999940395355,0.08322567492723465,0.6418964862823486,288.01885986328125,1.0823314189910889,258.6723327636719,249.14154052734375,3.383730411529541,2.7061760425567627,400.0,0.2524000803629557
20160710.0,1.409999966621399,40.0,8.0,0.07999999821186066,0.125,0.10999999940395355,0.08322567492723465,0.6418964862823486,287.6802673339844,1.068853735923767,258.8047790527344,250.33700561523438,8.228073120117188,2.4820878505706787,400.0,0.2643747329711914
20160711.0,1.409999966621399,40.0,8.0,0.07999999821186066,0.125,0.10999999940395355,0.08322567492723465,0.6418964862823486,289.26739501953125,1.0599960088729858,260.91387939453125,251.72335815429688,0.3801095485687256,3.024359703063965,400.0,0.2520647048950195
20160712.0,1.409999966621399,40.0,8.0,0.07999999821186066,0.125,0.10999999940395355,0.08322567492723465,0.6418964862823486,290.4856262207031,1.0601540803909302,261.4628601074219,251.11785888671875,0.18166455626487732,3.0868043899536133,400.0,0.2325661977132161
20160713.0,1.409999966621399,40.0,8.0,0.07999999821186066,0.125,0.10999999940395355,0.08322567492723465,0.6418964862823486,290.8160095214844,1.0647366046905518,260.4403076171875,252.16812133789062,2.4219937324523926,3.1928772926330566,400.0,0.2263243993123372
20160714.0,1.409999966621399,40.0,8.0,0.07999999821186066,0.125,0.10999999940395355,0.08322567492723465,0.6418964862823486,290.2728271484375,1.0671175718307495,261.95294189453125,253.1493377685547,9.116064071655273,2.60905385017395,400.0,0.2610877354939778
20160715.0,1.409999966621399,40.0,8.0,0.07999999821186066,0.125,0.10999999940395355,0.08322567492723465,0.6418964862823486,288.4949645996094,1.070143461227417,260.31341552734375,251.8180694580078,18.917728424072266,2.4679720401763916,400.0,0.2883523305257162
20160716.0,1.409999966621399,40.0,8.0,0.07999999821186066,0.125,0.10999999940395355,0.08322567492723465,0.6418964862823486,289.46728515625,1.0731004476547241,259.87908935546875,251.53097534179688,3.231602907180786,3.4225587844848633,400.0,0.294687271118164
20160717.0,1.409999966621399,40.0,8.0,0.07999999821186066,0.125,0.10999999940395355,0.08322567492723465,0.6418964862823486,287.48736572265625,1.0760705471038818,258.38623046875,250.8699188232422,1.437633991241455,2.8682968616485596,400.0,0.2666918436686197
20160718.0,1.409999966621399,40.0,8.0,0.07999999821186066,0.125,0.10999999940395355,0.08322567492723465,0.6418964862823486,287.1143493652344,1.0790430307388306,258.42108154296875,249.74234008789062,0.05839971452951431,3.0283000469207764,400.0,0.2528985341389974
20160719.0,1.409999966621399,40.0,8.0,0.07999999821186066,0.125,0.10999999940395355,0.08322567492723465,0.6418964862823486,287.8402404785156,1.082042932510376,258.22100830078125,250.8367919921875,0.0,3.3854286670684814,400.0,0.2354504267374674
20160720.0,1.409999966621399,40.0,8.0,0.07999999821186066,0.125,0.10999999940395355,0.08322567492723465,0.6418964862823486,290.8619689941406,1.0850872993469238,259.489013671875,249.91294860839844,0.0004410743713378906,3.5799102783203125,400.0,0.2210295995076497
20160721.0,1.409999966621399,40.0,8.0,0.07999999821186066,0.125,0.10999999940395355,0.08322567492723465,0.6418964862823486,291.52777099609375,1.0881593227386475,261.0369567871094,250.6119384765625,0.0,3.7933149337768555,400.0,0.2071749369303385
20160722.0,1.409999966621399,40.0,8.0,0.07999999821186066,0.125,0.10999999940395355,0.08322567492723465,0.6418964862823486,290.9726257324219,1.0912342071533203,262.3478088378906,251.38677978515625,0.0008702277555130422,3.639662981033325,400.0,0.1940368016560872
20160723.0,1.409999966621399,40.0,8.0,0.07999999821186066,0.125,0.10999999940395355,0.08322567492723465,0.6418964862823486,292.6578063964844,1.0943228006362915,259.286376953125,251.24217224121094,0.4670060873031616,3.172062873840332,400.0,0.1856346130371093
20160724.0,1.409999966621399,40.0,8.0,0.07999999821186066,0.125,0.10999999940395355,0.08322567492723465,0.6418964862823486,293.7031555175781,1.0974594354629517,266.1009521484375,254.52606201171875,0.08995421230792999,3.007486581802368,400.0,0.1776037216186523
20160725.0,1.409999966621399,40.0,8.0,0.07999999821186066,0.125,0.10999999940395355,0.08322567492723465,0.6418964862823486,293.43670654296875,1.1003080606460571,264.122802734375,253.8776092529297,3.95969295501709,2.880739688873291,400.0,0.1865161259969076
20160726.0,1.409999966621399,40.0,8.0,0.07999999821186066,0.125,0.10999999940395355,0.08322567492723465,0.6418964862823486,293.26171875,1.1042180061340332,262.4715576171875,253.5722198486328,1.687116026878357,2.8118269443511963,400.0,0.2035484313964844
20160727.0,1.409999966621399,40.0,8.0,0.07999999821186066,0.125,0.10999999940395355,0.08322567492723465,0.6418964862823486,291.659912109375,1.1060335636138916,260.5239562988281,251.032470703125,2.11114501953125,2.8258631229400635,400.0,0.2108195622762044
20160728.0,1.409999966621399,40.0,8.0,0.07999999821186066,0.125,0.10999999940395355,0.08322567492723465,0.6418964862823486,291.2534484863281,1.10356605052948,262.6763916015625,253.0003204345703,0.833742618560791,2.7862143516540527,400.0,0.1998167037963867
20160729.0,1.409999966621399,40.0,8.0,0.07999999821186066,0.125,0.10999999940395355,0.08322567492723465,0.6418964862823486,290.84759521484375,1.0990105867385864,261.4355773925781,253.37399291992188,2.5682013034820557,2.4959075450897217,400.0,0.2028141021728516
20160731.0,1.409999966621399,40.0,8.0,0.07999999821186066,0.125,0.10999999940395355,0.08322567492723465,0.6418964862823486,289.08477783203125,1.0917476415634155,260.97772216796875,251.4676513671875,6.783770561218262,2.5863425731658936,400.0,0.2556765874226888
20160801.0,1.409999966621399,40.0,8.0,0.07999999821186066,0.125,0.10999999940395355,0.08322567492723465,0.6418964862823486,288.09552001953125,1.0879844427108765,261.0343017578125,251.80995178222656,0.207432359457016,3.0679051876068115,400.0,0.2426446278889973
20160802.0,1.409999966621399,40.0,8.0,0.07999999821186066,0.125,0.10999999940395355,0.08322567492723465,0.6418964862823486,287.03778076171875,1.0845896005630493,258.52630615234375,249.8093719482422,5.18990421295166,2.3539252281188965,400.0,0.2423318227132161
20160803.0,1.409999966621399,40.0,8.0,0.07999999821186066,0.125,0.10999999940395355,0.08322567492723465,0.6418964862823486,287.8362731933594,1.079982876777649,260.30279541015625,251.36972045898438,0.22526878118515015,2.845386028289795,400.0,0.2395197550455728
20160804.0,1.409999966621399,40.0,8.0,0.07999999821186066,0.125,0.10999999940395355,0.08322567492723465,0.6418964862823486,287.8487854003906,1.0778414011001587,260.74090576171875,253.8033447265625,2.3602170944213867,1.9961177110671997,400.0,0.2330141067504882
20160805.0,1.409999966621399,40.0,8.0,0.07999999821186066,0.125,0.10999999940395355,0.08322567492723465,0.6418964862823486,288.5657043457031,1.080675482749939,262.0596923828125,253.47955322265625,1.1184359788894653,2.362560272216797,400.0,0.2299048105875651
20160806.0,1.409999966621399,40.0,8.0,0.07999999821186066,0.125,0.10999999940395355,0.08322567492723465,0.6418964862823486,287.96527099609375,1.0859832763671875,263.79168701171875,252.60076904296875,9.507862091064453,2.266740560531616,400.0,0.2595733006795248
20160807.0,1.409999966621399,40.0,8.0,0.07999999821186066,0.125,0.10999999940395355,0.08322567492723465,0.6418964862823486,289.1193542480469,1.090084195137024,260.3913879394531,251.15081787109375,0.010051798075437546,3.0477476119995117,400.0,0.2477388381958008
20160808.0,1.409999966621399,40.0,8.0,0.07999999821186066,0.125,0.10999999940395355,0.08322567492723465,0.6418964862823486,288.5075378417969,1.094560980796814,261.46795654296875,250.4649658203125,2.6609833240509033,2.7010133266448975,400.0,0.2362969716389973
20160809.0,1.409999966621399,40.0,8.0,0.07999999821186066,0.125,0.10999999940395355,0.08322567492723465,0.6418964862823486,285.79473876953125,1.0989981889724731,264.2136535644531,253.52639770507812,11.603118896484375,2.5085413455963135,400.0,0.269047737121582
20160810.0,1.409999966621399,40.0,8.0,0.07999999821186066,0.125,0.10999999940395355,0.08322567492723465,0.6418964862823486,283.15350341796875,1.1036053895950317,256.49029541015625,247.40774536132812,12.036751747131348,2.315682888031006,400.0,0.2909695307413737
20160811.0,1.409999966621399,40.0,8.0,0.07999999821186066,0.125,0.10999999940395355,0.08322567492723465,0.6418964862823486,283.6047058105469,1.1077196598052979,253.22576904296875,245.65396118164062,0.5931876301765442,2.364229679107666,400.0,0.2766698201497395
20160812.0,1.409999966621399,40.0,8.0,0.07999999821186066,0.125,0.10999999940395355,0.08322567492723465,0.6418964862823486,283.8016662597656,1.1128928661346436,255.52133178710938,247.58126831054688,1.111234188079834,2.5153472423553467,400.0,0.2561801274617512
20160813.0,1.409999966621399,40.0,8.0,0.07999999821186066,0.125,0.10999999940395355,0.08322567492723465,0.6418964862823486,283.54962158203125,1.1202255487442017,249.900634765625,241.50550842285156,12.675562858581543,1.4561104774475098,400.0,0.2980070114135742
20160814.0,1.409999966621399,40.0,8.0,0.07999999821186066,0.125,0.10999999940395355,0.08322567492723465,0.6418964862823486,284.1714782714844,1.1286758184432983,256.8168029785156,247.1889190673828,5.960412979125977,2.1541237831115723,400.0,0.2831239700317383
20160815.0,1.409999966621399,40.0,8.0,0.07999999821186066,0.125,0.10999999940395355,0.08322567492723465,0.6418964862823486,285.4338684082031,1.1366699934005737,256.7113037109375,249.58377075195312,0.06339043378829956,2.0375328063964844,400.0,0.2710990905761719
20160816.0,1.409999966621399,40.0,8.0,0.07999999821186066,0.125,0.10999999940395355,0.08322567492723465,0.6418964862823486,286.9564208984375,1.1448864936828613,258.6083984375,248.83828735351562,0.02398681454360485,2.0202181339263916,400.0,0.2524938583374023
20160817.0,1.409999966621399,40.0,8.0,0.07999999821186066,0.125,0.10999999940395355,0.08322567492723465,0.6418964862823486,284.85028076171875,1.1532138586044312,259.2672119140625,250.07847595214844,0.022759336978197098,1.022458553314209,400.0,0.2421213785807291
20160818.0,1.409999966621399,40.0,8.0,0.07999999821186066,0.125,0.10999999940395355,0.08322567492723465,0.6418964862823486,286.3276062011719,1.1611361503601074,259.07086181640625,250.06170654296875,1.568056344985962,1.6100578308105469,400.0,0.241392453511556
20160819.0,1.409999966621399,40.0,8.0,0.07999999821186066,0.125,0.10999999940395355,0.08322567492723465,0.6418964862823486,286.03070068359375,1.1708056926727295,261.0483703613281,249.0366668701172,4.966040134429932,0.920118510723114,400.0,0.254188855489095
20160820.0,1.409999966621399,40.0,8.0,0.07999999821186066,0.125,0.10999999940395355,0.08322567492723465,0.6418964862823486,286.6192932128906,1.1771724224090576,257.5856018066406,252.15257263183594,3.2801971435546875,1.9871219396591187,400.0,0.27113405863444
20160821.0,1.409999966621399,40.0,8.0,0.07999999821186066,0.125,0.10999999940395355,0.08322567492723465,0.6418964862823486,286.8136901855469,1.1766655445098877,260.718017578125,251.5455322265625,1.3064186573028564,0.9742927551269531,400.0,0.2590824762980143
20160822.0,1.409999966621399,40.0,8.0,0.07999999821186066,0.125,0.10999999940395355,0.08322567492723465,0.6418964862823486,285.92974853515625,1.1727772951126099,258.5574951171875,247.35247802734375,11.532772064208984,0.6016773581504822,400.0,0.2910168965657552
20160823.0,1.409999966621399,40.0,8.0,0.07999999821186066,0.125,0.10999999940395355,0.08322567492723465,0.6418964862823486,287.6464538574219,1.1705869436264038,256.3152770996094,247.6029052734375,1.8981497287750244,2.2739169597625732,400.0,0.279545783996582
20160824.0,1.409999966621399,40.0,8.0,0.07999999821186066,0.125,0.10999999940395355,0.08322567492723465,0.6418964862823486,286.40765380859375,1.1679211854934692,257.3182067871094,247.58531188964844,5.449759006500244,1.750001072883606,400.0,0.2648197809855143
20160825.0,1.409999966621399,40.0,8.0,0.07999999821186066,0.125,0.10999999940395355,0.08322567492723465,0.6418964862823486,286.9538269042969,1.1653151512145996,258.02642822265625,248.41470336914062,4.70412540435791,2.2269115447998047,400.0,0.29182497660319
20160826.0,1.409999966621399,40.0,8.0,0.07999999821186066,0.125,0.10999999940395355,0.08322567492723465,0.6418964862823486,285.6626281738281,1.1627728939056396,258.08135986328125,249.76556396484375,8.119526863098145,1.6277729272842407,400.0,0.2747701009114582
20160827.0,1.409999966621399,40.0,8.0,0.07999999821186066,0.125,0.10999999940395355,0.08322567492723465,0.6418964862823486,284.4391784667969,1.1600379943847656,255.88351440429688,246.76904296875,2.541240692138672,2.2975640296936035,400.0,0.2906030019124348
20160828.0,1.409999966621399,40.0,8.0,0.07999999821186066,0.125,0.10999999940395355,0.08322567492723465,0.6418964862823486,283.2005310058594,1.1577080488204956,256.80181884765625,245.76406860351562,0.35424238443374634,2.0872819423675537,400.0,0.2674252192179361
20160829.0,1.409999966621399,40.0,8.0,0.07999999821186066,0.125,0.10999999940395355,0.08322567492723465,0.6418964862823486,283.3601379394531,1.1561901569366455,255.95230102539062,244.43157958984375,0.009700486436486244,1.230401873588562,400.0,0.2543471654256185
20160830.0,1.409999966621399,40.0,8.0,0.07999999821186066,0.125,0.10999999940395355,0.08322567492723465,0.6418964862823486,284.0664367675781,1.1550710201263428,255.27296447753906,246.87478637695312,0.09143555909395218,1.6823604106903076,400.0,0.2460521062215169
20160831.0,1.409999966621399,40.0,8.0,0.07999999821186066,0.125,0.10999999940395355,0.08322567492723465,0.6418964862823486,285.4483947753906,1.1537553071975708,255.4664306640625,249.09042358398438,0.26043346524238586,1.1585603952407837,400.0,0.2398939132690429
20160901.0,1.409999966621399,40.0,8.0,0.07999999821186066,0.125,0.10999999940395355,0.08322567492723465,0.6418964862823486,287.270263671875,1.1524977684020996,256.8022155761719,249.75628662109375,2.901257038116455,2.595630168914795,400.0,0.2508141199747721
20160902.0,1.409999966621399,40.0,8.0,0.07999999821186066,0.125,0.10999999940395355,0.08322567492723465,0.6418964862823486,284.3820495605469,1.1511729955673218,257.3602294921875,248.12672424316406,2.233457088470459,2.30942964553833,400.0,0.2518431345621744
20160903.0,1.409999966621399,40.0,8.0,0.07999999821186066,0.125,0.10999999940395355,0.08322567492723465,0.6418964862823486,283.09429931640625,1.1503435373306274,254.04714965820312,245.29672241210938,1.1487112045288086,1.346911907196045,400.0,0.2409343719482421
20160904.0,1.409999966621399,40.0,8.0,0.07999999821186066,0.125,0.10999999940395355,0.08322567492723465,0.6418964862823486,284.6215515136719,1.1477900743484497,257.677001953125,248.75291442871094,2.7694082260131836,1.3498139381408691,400.0,0.2580413818359375
20160905.0,1.409999966621399,40.0,8.0,0.07999999821186066,0.125,0.10999999940395355,0.08322567492723465,0.6418964862823486,282.60052490234375,1.1486868858337402,255.06455993652344,246.09161376953125,0.0008523463038727641,1.9214787483215332,400.0,0.2429812749226887
20160907.0,1.409999966621399,40.0,8.0,0.07999999821186066,0.125,0.10999999940395355,0.08322567492723465,0.6418964862823486,285.633056640625,1.1681510210037231,259.09906005859375,249.3856201171875,0.1501876562833786,2.133836269378662,400.0,0.2348995208740234
20160908.0,1.409999966621399,40.0,8.0,0.07999999821186066,0.125,0.10999999940395355,0.08322567492723465,0.6418964862823486,284.7813720703125,1.1780275106430054,256.2386474609375,247.65777587890625,0.015139448456466198,1.2588469982147217,400.0,0.2268536885579426
20160909.0,1.409999966621399,40.0,8.0,0.07999999821186066,0.125,0.10999999940395355,0.08322567492723465,0.6418964862823486,283.8335266113281,1.1885125637054443,257.7503662109375,249.30889892578125,0.7364786863327026,0.488796204328537,400.0,0.2246637344360351
20160910.0,1.409999966621399,40.0,8.0,0.07999999821186066,0.125,0.10999999940395355,0.08322567492723465,0.6418964862823486,284.8356018066406,1.1990861892700195,259.9473876953125,248.484130859375,0.5120242834091187,0.43429264426231384,400.0,0.2304388682047525
20160911.0,1.409999966621399,40.0,8.0,0.07999999821186066,0.125,0.10999999940395355,0.08322567492723465,0.6418964862823486,284.99237060546875,1.2093878984451294,257.49224853515625,251.2283935546875,2.0789337158203125,1.14241361618042,400.0,0.2344846725463866
20160912.0,1.409999966621399,40.0,8.0,0.07999999821186066,0.125,0.10999999940395355,0.08322567492723465,0.6418964862823486,284.2146301269531,1.2211235761642456,257.83953857421875,249.07550048828125,0.0017178335692733526,1.7492291927337646,400.0,0.2304865519205729
20160913.0,1.409999966621399,40.0,8.0,0.07999999821186066,0.125,0.10999999940395355,0.08322567492723465,0.6418964862823486,284.02508544921875,1.230286955833435,257.2450866699219,249.58584594726562,0.00043511379044502974,1.160361409187317,400.0,0.2217203776041666
20160914.0,1.409999966621399,40.0,8.0,0.07999999821186066,0.125,0.10999999940395355,0.08322567492723465,0.6418964862823486,284.2827453613281,1.234015941619873,256.30157470703125,245.60772705078125,1.67579984664917,1.1191442012786865,400.0,0.2172463734944661
20160915.0,1.409999966621399,40.0,8.0,0.07999999821186066,0.125,0.10999999940395355,0.08322567492723465,0.6418964862823486,284.859130859375,1.2350481748580933,258.25079345703125,250.6993865966797,0.007251088507473469,1.503627061843872,400.0,0.2267646789550781
20160916.0,1.409999966621399,40.0,8.0,0.07999999821186066,0.125,0.10999999940395355,0.08322567492723465,0.6418964862823486,282.00189208984375,1.237436294555664,256.85528564453125,246.6229705810547,0.006921068299561739,0.9196388125419617,400.0,0.2188663482666015
20160917.0,1.409999966621399,40.0,8.0,0.07999999821186066,0.125,0.10999999940395355,0.08322567492723465,0.6418964862823486,279.86328125,1.239441156387329,256.4343566894531,248.42648315429688,0.005957076326012611,0.7625999450683594,400.0,0.2144562403361003
20160918.0,1.409999966621399,40.0,8.0,0.07999999821186066,0.125,0.10999999940395355,0.08322567492723465,0.6418964862823486,284.6943054199219,1.2415432929992676,255.37075805664062,246.52670288085938,0.029546165838837624,0.7012325525283813,400.0,0.2112954457600911
20160919.0,1.409999966621399,40.0,8.0,0.07999999821186066,0.125,0.10999999940395355,0.08322567492723465,0.6418964862823486,286.6941223144531,1.2432887554168701,257.9212951660156,250.22787475585938,0.47884687781333923,0.6174336075782776,400.0,0.2086820602416992
20160920.0,1.409999966621399,40.0,8.0,0.07999999821186066,0.125,0.10999999940395355,0.08322567492723465,0.6418964862823486,284.8690490722656,1.2463008165359497,258.7167663574219,251.43260192871094,0.645724356174469,0.572734534740448,400.0,0.2140852610270182
20160922.0,1.409999966621399,40.0,8.0,0.07999999821186066,0.125,0.10999999940395355,0.08322567492723465,0.6418964862823486,283.069580078125,1.2421389818191528,257.4218444824219,250.1909942626953,0.4278314411640167,0.44247743487358093,400.0,0.2156702677408853
20160923.0,1.409999966621399,40.0,8.0,0.07999999821186066,0.125,0.10999999940395355,0.08322567492723465,0.6418964862823486,280.8696594238281,1.2350016832351685,256.26104736328125,249.93463134765625,0.23560957610607147,0.6630182862281799,400.0,0.2143621444702148
20160924.0,1.409999966621399,40.0,8.0,0.07999999821186066,0.125,0.10999999940395355,0.08322567492723465,0.6418964862823486,280.99261474609375,1.2291539907455444,257.0486755371094,248.77084350585938,0.0881541296839714,0.5334764122962952,400.0,0.211923599243164
20160925.0,1.409999966621399,40.0,8.0,0.07999999821186066,0.125,0.10999999940395355,0.08322567492723465,0.6418964862823486,282.8579406738281,1.22298264503479,256.484130859375,249.45526123046875,0.01837262511253357,0.41519370675086975,400.0,0.2093156178792317
20160926.0,1.409999966621399,40.0,8.0,0.07999999821186066,0.125,0.10999999940395355,0.08322567492723465,0.6418964862823486,282.4632568359375,1.2168376445770264,257.2803039550781,246.744384765625,0.01757488027215004,0.16665209829807281,400.0,0.2076746622721353
20160929.0,1.409999966621399,40.0,8.0,0.07999999821186066,0.125,0.10999999940395355,0.08322567492723465,0.6418964862823486,280.3909606933594,1.1998225450515747,253.78793334960938,246.5810546875,13.184215545654297,1.259512186050415,400.0,0.276434580485026
20160930.0,1.409999966621399,40.0,8.0,0.07999999821186066,0.125,0.10999999940395355,0.08322567492723465,0.6418964862823486,281.16015625,1.201382040977478,253.61825561523438,241.9382781982422,0.022042494267225266,1.075799822807312,400.0,0.2699410120646159
20161001.0,1.409999966621399,40.0,8.0,0.07999999821186066,0.125,0.10999999940395355,0.08322567492723465,0.6418964862823486,280.3932800292969,1.2057925462722778,255.69305419921875,244.87393188476562,0.0,0.9884108304977417,400.0,0.254666010538737
20161002.0,1.409999966621399,40.0,8.0,0.07999999821186066,0.125,0.10999999940395355,0.08322567492723465,0.6418964862823486,278.6461181640625,1.2087899446487427,253.29116821289062,245.13670349121094,0.0008523463038727641,0.903360903263092,400.0,0.2465279897054036
20161003.0,1.409999966621399,40.0,8.0,0.07999999821186066,0.125,0.10999999940395355,0.08322567492723465,0.6418964862823486,276.79241943359375,1.212205410003662,252.64370727539062,247.93516540527344,0.026802431792020798,0.5605993270874023,400.0,0.2415593465169271
20161004.0,1.409999966621399,40.0,8.0,0.07999999821186066,0.125,0.10999999940395355,0.08322567492723465,0.6418964862823486,274.96661376953125,1.2155771255493164,253.62213134765625,245.67994689941406,0.0,0.5985835194587708,400.0,0.2378177642822266
20161005.0,1.409999966621399,40.0,8.0,0.07999999821186066,0.125,0.10999999940395355,0.08322567492723465,0.6418964862823486,274.0534362792969,1.2189843654632568,253.76992797851562,247.66436767578125,0.0017195938853546977,0.6256558299064636,400.0,0.234506607055664
20161006.0,1.409999966621399,40.0,8.0,0.07999999821186066,0.125,0.10999999940395355,0.08322567492723465,0.6418964862823486,276.8922424316406,1.2223143577575684,252.82534790039062,245.97967529296875,0.0017285346984863281,0.25901615619659424,400.0,0.2320327758789062
20161007.0,1.409999966621399,40.0,8.0,0.07999999821186066,0.125,0.10999999940395355,0.08322567492723465,0.6418964862823486,277.95556640625,1.2258299589157104,252.35498046875,246.97784423828125,0.008991404436528683,0.3209642469882965,400.0,0.2300154368082682
20161008.0,1.409999966621399,40.0,8.0,0.07999999821186066,0.125,0.10999999940395355,0.08322567492723465,0.6418964862823486,276.938720703125,1.2297149896621704,252.82568359375,244.0045166015625,0.06238121539354324,0.360665500164032,400.0,0.2280006408691406
20161009.0,1.409999966621399,40.0,8.0,0.07999999821186066,0.125,0.10999999940395355,0.08322567492723465,0.6418964862823486,277.0653076171875,1.233790397644043,253.8909454345703,244.043701171875,0.023842403665184975,0.3641703426837921,400.0,0.2261333465576171
20161010.0,1.409999966621399,40.0,8.0,0.07999999821186066,0.125,0.10999999940395355,0.08322567492723465,0.6418964862823486,275.2912292480469,1.237791657447815,253.96188354492188,244.95623779296875,0.001317066722549498,0.28251123428344727,400.0,0.2243350346883137
20161011.0,1.409999966621399,40.0,8.0,0.07999999821186066,0.125,0.10999999940395355,0.08322567492723465,0.6418964862823486,273.4115295410156,1.2418323755264282,253.30665588378906,246.7034912109375,0.0027333199977874756,0.25949954986572266,400.0,0.222970962524414
20161012.0,1.409999966621399,40.0,8.0,0.07999999821186066,0.125,0.10999999940395355,0.08322567492723465,0.6418964862823486,273.1654052734375,1.2458945512771606,253.09312438964844,248.93804931640625,0.001719650928862393,0.2326544225215912,400.0,0.2218650182088216
20161013.0,1.409999966621399,40.0,8.0,0.07999999821186066,0.125,0.10999999940395355,0.08322567492723465,0.6418964862823486,273.3835144042969,1.2498880624771118,255.13436889648438,247.35317993164062,0.04440312087535858,0.13808120787143707,400.0,0.2209692001342773
20161014.0,1.409999966621399,40.0,8.0,0.07999999821186066,0.125,0.10999999940395355,0.08322567492723465,0.6418964862823486,272.8277282714844,1.2541866302490234,255.91270446777344,247.76336669921875,0.07792582362890244,0.16342100501060486,400.0,0.220333735148112
20161015.0,1.409999966621399,40.0,8.0,0.07999999821186066,0.125,0.10999999940395355,0.08322567492723465,0.6418964862823486,273.9200744628906,1.25791597366333,256.8370666503906,248.65338134765625,0.3016600012779236,0.09845208376646042,400.0,0.2205839157104492
20161016.0,1.409999966621399,40.0,8.0,0.07999999821186066,0.125,0.10999999940395355,0.08322567492723465,0.6418964862823486,275.8281555175781,1.2604647874832153,251.00485229492188,241.82920837402344,0.12195883691310883,0.22779259085655212,400.0,0.2210445404052734
20161017.0,1.409999966621399,40.0,8.0,0.07999999821186066,0.125,0.10999999940395355,0.08322567492723465,0.6418964862823486,275.7403564453125,1.2624316215515137,253.34390258789062,245.6063232421875,0.2780876159667969,0.31560754776000977,400.0,0.2208391825358072
20161018.0,1.409999966621399,40.0,8.0,0.07999999821186066,0.125,0.10999999940395355,0.08322567492723465,0.6418964862823486,277.59332275390625,1.2646958827972412,252.5479736328125,244.73849487304688,0.14072206616401672,0.15034843981266022,400.0,0.2202771504720052
20161019.0,1.409999966621399,40.0,8.0,0.07999999821186066,0.125,0.10999999940395355,0.08322567492723465,0.6418964862823486,277.8623962402344,1.2668801546096802,252.88754272460938,245.67733764648438,0.1866992712020874,0.06590140610933304,400.0,0.219729741414388
20161020.0,1.409999966621399,40.0,8.0,0.07999999821186066,0.125,0.10999999940395355,0.08322567492723465,0.6418964862823486,277.2488708496094,1.2690790891647339,255.43736267089844,247.0776824951172,0.2820451259613037,0.12514780461788177,400.0,0.220243771870931
20161021.0,1.409999966621399,40.0,8.0,0.07999999821186066,0.125,0.10999999940395355,0.08322567492723465,0.6418964862823486,274.55731201171875,1.2712819576263428,254.32945251464844,246.04676818847656,0.21904756128787994,0.26121655106544495,400.0,0.2193886439005534
20161022.0,1.409999966621399,40.0,8.0,0.07999999821186066,0.125,0.10999999940395355,0.08322567492723465,0.6418964862823486,273.98748779296875,1.2734888792037964,253.60433959960938,244.80487060546875,1.4313113689422607,0.5121918320655823,400.0,0.2208903630574543
20161023.0,1.409999966621399,40.0,8.0,0.07999999821186066,0.125,0.10999999940395355,0.08322567492723465,0.6418964862823486,273.8473815917969,1.2756997346878052,252.93112182617188,246.31280517578125,1.5929123163223267,0.3673741817474365,400.0,0.2241077423095703
20161024.0,1.409999966621399,40.0,8.0,0.07999999821186066,0.125,0.10999999940395355,0.08322567492723465,0.6418964862823486,274.8854675292969,1.2779147624969482,251.08482360839844,244.52047729492188,2.161381721496582,0.32766780257225037,400.0,0.2356723149617512
20161025.0,1.409999966621399,40.0,8.0,0.07999999821186066,0.125,0.10999999940395355,0.08322567492723465,0.6418964862823486,274.3155212402344,1.280133605003357,250.14309692382812,241.9348907470703,2.055758237838745,0.44291943311691284,400.0,0.2499396006266275
20161026.0,1.409999966621399,40.0,8.0,0.07999999821186066,0.125,0.10999999940395355,0.08322567492723465,0.6418964862823486,273.2289733886719,1.2823566198349,250.87619018554688,246.443115234375,0.24055249989032745,0.17738080024719238,400.0,0.2399218877156575
20161027.0,1.409999966621399,40.0,8.0,0.07999999821186066,0.125,0.10999999940395355,0.08322567492723465,0.6418964862823486,274.39447021484375,1.284583568572998,252.6514434814453,245.98178100585938,0.6817049980163574,0.20710988342761993,400.0,0.2356564203898111
20161028.0,1.409999966621399,40.0,8.0,0.07999999821186066,0.125,0.10999999940395355,0.08322567492723465,0.6418964862823486,274.3998718261719,1.286814570426941,253.42477416992188,244.1787109375,0.23956967890262604,0.31156522035598755,400.0,0.2381054560343424
20161029.0,1.409999966621399,40.0,8.0,0.07999999821186066,0.125,0.10999999940395355,0.08322567492723465,0.6418964862823486,272.51605224609375,1.2890496253967285,254.06692504882812,247.03207397460938,0.016194608062505722,0.15540792047977448,400.0,0.2334051132202148
20161030.0,1.409999966621399,40.0,8.0,0.07999999821186066,0.125,0.10999999940395355,0.08322567492723465,0.6418964862823486,271.6828918457031,1.2912886142730713,255.2614288330078,247.8121795654297,0.0031753352377563715,0.05834465101361275,400.0,0.2300917307535807
20161031.0,1.409999966621399,40.0,8.0,0.07999999821186066,0.125,0.10999999940395355,0.08322567492723465,0.6418964862823486,271.2532958984375,1.2935317754745483,255.86996459960938,251.71168518066406,0.04738591983914375,0.10182201862335205,400.0,0.2277202606201171
20161101.0,1.409999966621399,40.0,8.0,0.07999999821186066,0.125,0.10999999940395355,0.08322567492723465,0.6418964862823486,271.1719055175781,1.2957788705825806,254.8240966796875,249.9136962890625,1.0434104204177856,0.08761642128229141,400.0,0.225979487101237
20161102.0,1.409999966621399,40.0,8.0,0.07999999821186066,0.125,0.10999999940395355,0.08322567492723465,0.6418964862823486,272.0633544921875,1.298029899597168,256.2897644042969,250.13134765625,2.064096689224243,0.15114396810531616,400.0,0.2245381673177083
20161103.0,1.409999966621399,40.0,8.0,0.07999999821186066,0.125,0.10999999940395355,0.08322567492723465,0.6418964862823486,271.1837158203125,1.3002849817276,255.68771362304688,250.32766723632812,0.2674618065357208,0.3652505874633789,400.0,0.2232087453206379
20161104.0,1.409999966621399,40.0,8.0,0.07999999821186066,0.125,0.10999999940395355,0.08322567492723465,0.6418964862823486,270.0348815917969,1.3025439977645874,254.30227661132812,250.81661987304688,1.213543176651001,0.24329893290996552,400.0,0.2221396764119465
20161105.0,1.409999966621399,40.0,8.0,0.07999999821186066,0.125,0.10999999940395355,0.08322567492723465,0.6418964862823486,266.0640869140625,1.304807186126709,253.55841064453125,248.33932495117188,0.678887128829956,0.20037363469600677,400.0,0.2212766011555988
20161106.0,1.409999966621399,40.0,8.0,0.07999999821186066,0.125,0.10999999940395355,0.08322567492723465,0.6418964862823486,265.27783203125,1.3070744276046753,256.76556396484375,251.1104736328125,1.6582671403884888,0.15239527821540833,400.0,0.2205829620361327
20161107.0,1.409999966621399,40.0,8.0,0.07999999821186066,0.125,0.10999999940395355,0.08322567492723465,0.6418964862823486,266.9075927734375,1.3093454837799072,256.71826171875,252.25711059570312,2.5460288524627686,0.2814943492412567,400.0,0.2200104395548502
20170415.0,1.409999966621399,40.0,8.0,0.07999999821186066,0.125,0.10999999940395355,0.08322567492723465,0.6418964862823486,267.5346984863281,2.9755051136016846,260.9280700683594,255.79855346679688,1.076363205909729,0.5534290075302124,400.0,0.2648738225301106
20170416.0,1.409999966621399,40.0,8.0,0.07999999821186066,0.125,0.10999999940395355,0.08322567492723465,0.6418964862823486,269.3912658691406,2.7848949432373047,260.80352783203125,254.63656616210938,0.44536808133125305,0.570142388343811,400.0,0.2614116668701172
20170417.0,1.409999966621399,40.0,8.0,0.07999999821186066,0.125,0.10999999940395355,0.08322567492723465,0.6418964862823486,269.13323974609375,2.6024932861328125,260.38836669921875,253.53749084472656,0.04861295223236084,0.6340732574462891,400.0,0.2587353388468424
20170418.0,1.409999966621399,40.0,8.0,0.07999999821186066,0.125,0.10999999940395355,0.08322567492723465,0.6418964862823486,270.078857421875,2.428300619125366,260.43597412109375,254.21726989746094,0.04036170616745949,0.6699438095092773,400.0,0.256260871887207
20170419.0,1.409999966621399,40.0,8.0,0.07999999821186066,0.125,0.10999999940395355,0.08322567492723465,0.6418964862823486,272.6561584472656,2.2623164653778076,259.25335693359375,251.97486877441406,0.0008523463038727641,0.784031331539154,400.0,0.2539621988932291
20170420.0,1.409999966621399,40.0,8.0,0.07999999821186066,0.125,0.10999999940395355,0.08322567492723465,0.6418964862823486,274.3844909667969,2.1037847995758057,258.057373046875,252.49700927734375,1.9584144353866577,0.396990031003952,400.0,0.2664483388264973
20170421.0,1.409999966621399,40.0,8.0,0.07999999821186066,0.125,0.10999999940395355,0.08322567492723465,0.6418964862823486,275.75946044921875,1.9592714309692383,254.82106018066406,247.99493408203125,1.5298752784729004,1.1037092208862305,400.0,0.282869021097819
20170422.0,1.409999966621399,40.0,8.0,0.07999999821186066,0.125,0.10999999940395355,0.08322567492723465,0.6418964862823486,274.46746826171875,1.8035087585449219,257.04522705078125,247.73126220703125,3.8690478801727295,1.2588900327682495,400.0,0.2786738077799479
20170423.0,1.409999966621399,40.0,8.0,0.07999999821186066,0.125,0.10999999940395355,0.08322567492723465,0.6418964862823486,274.2605895996094,1.6932036876678467,256.0584716796875,250.35064697265625,2.443418502807617,0.5699933171272278,400.0,0.2788639068603515
20170424.0,1.409999966621399,40.0,8.0,0.07999999821186066,0.125,0.10999999940395355,0.08322567492723465,0.6418964862823486,273.5609130859375,1.6587454080581665,257.8725280761719,252.12249755859375,0.6273635625839233,0.48592138290405273,400.0,0.2809956868489582
20170425.0,1.409999966621399,40.0,8.0,0.07999999821186066,0.125,0.10999999940395355,0.08322567492723465,0.6418964862823486,273.8799743652344,1.6597529649734497,257.8608703613281,252.2393798828125,2.5966601371765137,0.5233345031738281,400.0,0.2822240193684895
20170426.0,1.409999966621399,40.0,8.0,0.07999999821186066,0.125,0.10999999940395355,0.08322567492723465,0.6418964862823486,274.5771179199219,1.643235206604004,256.71533203125,249.8731689453125,0.7849714756011963,1.246553659439087,400.0,0.2781407038370768
20170427.0,1.409999966621399,40.0,8.0,0.07999999821186066,0.125,0.10999999940395355,0.08322567492723465,0.6418964862823486,273.8560485839844,1.631805419921875,256.35015869140625,249.44175720214844,1.8723722696304321,0.8051415681838989,400.0,0.2694034576416015
20170428.0,1.409999966621399,40.0,8.0,0.07999999821186066,0.125,0.10999999940395355,0.08322567492723465,0.6418964862823486,273.5206604003906,1.6198368072509766,257.0384826660156,250.27340698242188,0.1429671198129654,0.9612698554992676,400.0,0.263342539469401
20170429.0,1.409999966621399,40.0,8.0,0.07999999821186066,0.125,0.10999999940395355,0.08322567492723465,0.6418964862823486,273.2103576660156,1.6078662872314453,258.2332458496094,252.7432861328125,0.4321225881576538,1.0389513969421387,400.0,0.2604500452677408
20170430.0,1.409999966621399,40.0,8.0,0.07999999821186066,0.125,0.10999999940395355,0.08322567492723465,0.6418964862823486,273.107421875,1.5962374210357666,257.22802734375,251.17422485351562,4.461581230163574,0.7197568416595459,400.0,0.2576554616292317
20170501.0,1.409999966621399,40.0,8.0,0.07999999821186066,0.125,0.10999999940395355,0.08322567492723465,0.6418964862823486,276.0398864746094,1.5841518640518188,257.10870361328125,252.21929931640625,0.033274825662374496,1.129044771194458,400.0,0.2648286819458008
20170502.0,1.409999966621399,40.0,8.0,0.07999999821186066,0.125,0.10999999940395355,0.08322567492723465,0.6418964862823486,277.1360778808594,1.5710769891738892,256.41558837890625,248.75140380859375,0.0017088351305574179,0.9659246206283569,400.0,0.2893155415852864
20170503.0,1.409999966621399,40.0,8.0,0.07999999821186066,0.125,0.10999999940395355,0.08322567492723465,0.6418964862823486,276.7978210449219,1.5575746297836304,253.2673797607422,248.1959228515625,0.020355062559247017,0.6692313551902771,400.0,0.3008426030476888
20170504.0,1.409999966621399,40.0,8.0,0.07999999821186066,0.125,0.10999999940395355,0.08322567492723465,0.6418964862823486,278.10028076171875,1.544432520866394,257.4305725097656,249.841796875,0.000858306884765625,0.5727048516273499,400.0,0.3158925374348958
20170505.0,1.409999966621399,40.0,8.0,0.07999999821186066,0.125,0.10999999940395355,0.08322567492723465,0.6418964862823486,282.39727783203125,1.5313143730163574,250.78909301757812,242.36996459960938,0.0015640441561117768,0.031590674072504044,400.0,0.3481534322102865
20170506.0,1.409999966621399,40.0,8.0,0.07999999821186066,0.125,0.10999999940395355,0.08322567492723465,0.6418964862823486,277.46484375,1.5182433128356934,251.32077026367188,239.74049377441406,0.04240139573812485,0.9711489081382751,400.0,0.3209835688273111
20170507.0,1.409999966621399,40.0,8.0,0.07999999821186066,0.125,0.10999999940395355,0.08322567492723465,0.6418964862823486,274.267822265625,1.5057553052902222,250.4290771484375,243.73202514648438,7.091118812561035,0.831737756729126,400.0,0.3055133819580077
20170508.0,1.409999966621399,40.0,8.0,0.07999999821186066,0.125,0.10999999940395355,0.08322567492723465,0.6418964862823486,272.33892822265625,1.4916800260543823,253.86831665039062,248.38720703125,0.819242537021637,1.3980531692504883,400.0,0.2909619013468424
20170509.0,1.409999966621399,40.0,8.0,0.07999999821186066,0.125,0.10999999940395355,0.08322567492723465,0.6418964862823486,271.5962829589844,1.481055736541748,255.59814453125,248.29676818847656,1.6192158460617065,1.0704585313796997,400.0,0.2786115010579427
20170510.0,1.409999966621399,40.0,8.0,0.07999999821186066,0.125,0.10999999940395355,0.08322567492723465,0.6418964862823486,272.5020751953125,1.4772511720657349,256.8823547363281,250.68914794921875,2.5477852821350098,0.8102726340293884,400.0,0.2796223958333333
20170511.0,1.409999966621399,40.0,8.0,0.07999999821186066,0.125,0.10999999940395355,0.08322567492723465,0.6418964862823486,272.4745178222656,1.4767783880233765,253.66018676757812,250.47146606445312,1.9770833253860474,0.927178680896759,400.0,0.2771393458048502
20170512.0,1.409999966621399,40.0,8.0,0.07999999821186066,0.125,0.10999999940395355,0.08322567492723465,0.6418964862823486,273.491455078125,1.4746441841125488,258.064208984375,250.69015502929688,1.532853126525879,0.7250611782073975,400.0,0.2829863230387369
20170513.0,1.409999966621399,40.0,8.0,0.07999999821186066,0.125,0.10999999940395355,0.08322567492723465,0.6418964862823486,274.6694030761719,1.4729865789413452,253.72702026367188,246.118896484375,3.675797939300537,0.7204886078834534,400.0,0.2926925023396809
20170514.0,1.409999966621399,40.0,8.0,0.07999999821186066,0.125,0.10999999940395355,0.08322567492723465,0.6418964862823486,274.7794189453125,1.4713104963302612,254.05084228515625,245.14463806152344,0.521295964717865,0.9643384218215942,400.0,0.2846069335937499
20170515.0,1.409999966621399,40.0,8.0,0.07999999821186066,0.125,0.10999999940395355,0.08322567492723465,0.6418964862823486,275.4388732910156,1.4693243503570557,255.6136474609375,247.104736328125,0.0002262867201352492,1.4583004713058472,400.0,0.2763312657674154
20170516.0,1.409999966621399,40.0,8.0,0.07999999821186066,0.125,0.10999999940395355,0.08322567492723465,0.6418964862823486,276.14849853515625,1.468430757522583,256.574951171875,246.8732452392578,0.027631476521492004,1.1581114530563354,400.0,0.2821760177612304
20170517.0,1.409999966621399,40.0,8.0,0.07999999821186066,0.125,0.10999999940395355,0.08322567492723465,0.6418964862823486,280.4954833984375,1.4653595685958862,253.1932373046875,245.95724487304688,0.6160712242126465,0.14813590049743652,400.0,0.2979418436686197
20170518.0,1.409999966621399,40.0,8.0,0.07999999821186066,0.125,0.10999999940395355,0.08322567492723465,0.6418964862823486,280.1723327636719,1.4578827619552612,253.1851043701172,245.5986785888672,20.47340965270996,0.1443149596452713,400.0,0.3118855158487956
20170519.0,1.409999966621399,40.0,8.0,0.07999999821186066,0.125,0.10999999940395355,0.08322567492723465,0.6418964862823486,283.6846923828125,1.4482861757278442,250.51596069335938,240.7291717529297,1.8588873147964478,1.094314455986023,400.0,0.3159859975179037
20170520.0,1.409999966621399,40.0,8.0,0.07999999821186066,0.125,0.10999999940395355,0.08322567492723465,0.6418964862823486,282.9013671875,1.4398187398910522,251.98773193359375,243.84494018554688,0.0,1.965876817703247,400.0,0.2838083902994791
20170521.0,1.409999966621399,40.0,8.0,0.07999999821186066,0.125,0.10999999940395355,0.08322567492723465,0.6418964862823486,285.38458251953125,1.4310930967330933,250.12698364257812,241.62591552734375,0.0,2.571782350540161,400.0,0.2661069234212239
20170522.0,1.409999966621399,40.0,8.0,0.07999999821186066,0.125,0.10999999940395355,0.08322567492723465,0.6418964862823486,284.9383850097656,1.4223934412002563,249.93206787109375,239.73309326171875,0.0,2.3122751712799072,400.0,0.2517579396565755
20170523.0,1.409999966621399,40.0,8.0,0.07999999821186066,0.125,0.10999999940395355,0.08322567492723465,0.6418964862823486,283.3662109375,1.4142308235168457,248.673095703125,239.71971130371094,0.0,2.105180025100708,400.0,0.2404994964599609
20170524.0,1.409999966621399,40.0,8.0,0.07999999821186066,0.125,0.10999999940395355,0.08322567492723465,0.6418964862823486,284.9456481933594,1.4044171571731567,251.8999481201172,240.4781494140625,0.001110748969949782,2.602391004562378,400.0,0.2300405502319335
20170525.0,1.409999966621399,40.0,8.0,0.07999999821186066,0.125,0.10999999940395355,0.08322567492723465,0.6418964862823486,283.6522521972656,1.3980382680892944,248.72940063476562,240.68035888671875,0.05685859173536301,1.81882643699646,400.0,0.2216374079386392
20170526.0,1.409999966621399,40.0,8.0,0.07999999821186066,0.125,0.10999999940395355,0.08322567492723465,0.6418964862823486,281.9097900390625,1.3985331058502197,249.74282836914062,240.75631713867188,0.04761633276939392,2.0486533641815186,400.0,0.2156016031901041
20170527.0,1.409999966621399,40.0,8.0,0.07999999821186066,0.125,0.10999999940395355,0.08322567492723465,0.6418964862823486,279.91619873046875,1.4024080038070679,250.2872314453125,239.2376708984375,5.2132954597473145,1.4454364776611328,400.0,0.2377821604410807
20170528.0,1.409999966621399,40.0,8.0,0.07999999821186066,0.125,0.10999999940395355,0.08322567492723465,0.6418964862823486,283.5260314941406,1.4045977592468262,249.93983459472656,243.98141479492188,1.0603755712509155,2.4941601753234863,400.0,0.2454493840535481
20170529.0,1.409999966621399,40.0,8.0,0.07999999821186066,0.125,0.10999999940395355,0.08322567492723465,0.6418964862823486,282.3482360839844,1.407275676727295,250.73947143554688,243.95921325683594,0.000858306884765625,2.3654491901397705,400.0,0.2264296213785807
20170530.0,1.409999966621399,40.0,8.0,0.07999999821186066,0.125,0.10999999940395355,0.08322567492723465,0.6418964862823486,282.2663879394531,1.4100449085235596,250.82711791992188,242.4800262451172,0.0005087902536615729,2.1769022941589355,400.0,0.2151031494140625
20170531.0,1.409999966621399,40.0,8.0,0.07999999821186066,0.125,0.10999999940395355,0.08322567492723465,0.6418964862823486,279.9183349609375,1.4116404056549072,251.01890563964844,241.1498565673828,0.16375166177749634,2.324822425842285,400.0,0.2074244817097981
20170601.0,1.409999966621399,40.0,8.0,0.07999999821186066,0.125,0.10999999940395355,0.08322567492723465,0.6418964862823486,279.067138671875,1.4173719882965088,255.44155883789062,242.54376220703125,1.6751354932785034,2.492967367172241,400.0,0.2068754831949869
20170602.0,1.409999966621399,40.0,8.0,0.07999999821186066,0.125,0.10999999940395355,0.08322567492723465,0.6418964862823486,280.5949401855469,1.4148366451263428,250.93551635742188,241.12863159179688,0.011881914921104908,2.511127471923828,400.0,0.2063519159952799
20170603.0,1.409999966621399,40.0,8.0,0.07999999821186066,0.125,0.10999999940395355,0.08322567492723465,0.6418964862823486,281.8834533691406,1.3956224918365479,251.4013671875,239.8924560546875,0.000852346362080425,2.3169939517974854,400.0,0.1967798868815104
20170604.0,1.409999966621399,40.0,8.0,0.07999999821186066,0.125,0.10999999940395355,0.08322567492723465,0.6418964862823486,280.1965026855469,1.3686285018920898,252.38720703125,242.91033935546875,2.882067918777466,1.9135146141052246,400.0,0.1982332865397135
20170605.0,1.409999966621399,40.0,8.0,0.07999999821186066,0.125,0.10999999940395355,0.08322567492723465,0.6418964862823486,278.6540832519531,1.3460763692855835,253.93673706054688,244.36917114257812,8.39227294921875,1.5713690519332886,400.0,0.2456655502319336
20170606.0,1.409999966621399,40.0,8.0,0.07999999821186066,0.125,0.10999999940395355,0.08322567492723465,0.6418964862823486,284.2934875488281,1.32278573513031,252.69775390625,244.81295776367188,0.34636586904525757,2.170191764831543,400.0,0.2473185857137044
20170607.0,1.409999966621399,40.0,8.0,0.07999999821186066,0.125,0.10999999940395355,0.08322567492723465,0.6418964862823486,287.6863708496094,1.2999958992004395,257.0475769042969,247.0828857421875,0.004787301179021597,2.690486192703247,400.0,0.2267618179321289
20170608.0,1.409999966621399,40.0,8.0,0.07999999821186066,0.125,0.10999999940395355,0.08322567492723465,0.6418964862823486,289.16448974609375,1.277930498123169,254.6104736328125,245.84344482421875,0.08462367951869965,2.750824213027954,400.0,0.2112379074096679
20170609.0,1.409999966621399,40.0,8.0,0.07999999821186066,0.125,0.10999999940395355,0.08322567492723465,0.6418964862823486,286.89935302734375,1.255149245262146,256.72900390625,248.5714874267578,6.0974345207214355,2.2481648921966553,400.0,0.2371365229288736
20170610.0,1.409999966621399,40.0,8.0,0.07999999821186066,0.125,0.10999999940395355,0.08322567492723465,0.6418964862823486,287.3072509765625,1.234972596168518,257.27972412109375,248.07859802246094,0.12139522284269333,2.134535551071167,400.0,0.234736442565918
20170611.0,1.409999966621399,40.0,8.0,0.07999999821186066,0.125,0.10999999940395355,0.08322567492723465,0.6418964862823486,286.6185302734375,1.2194994688034058,258.0333251953125,248.00946044921875,1.4722880125045776,1.5349352359771729,400.0,0.2291320164998372
20170612.0,1.409999966621399,40.0,8.0,0.07999999821186066,0.125,0.10999999940395355,0.08322567492723465,0.6418964862823486,284.1140441894531,1.2063567638397217,257.155029296875,248.91592407226562,4.162380218505859,2.13289737701416,400.0,0.2364699045817057
20170613.0,1.409999966621399,40.0,8.0,0.07999999821186066,0.125,0.10999999940395355,0.08322567492723465,0.6418964862823486,287.18939208984375,1.1923258304595947,256.917236328125,247.86537170410156,0.0026353937573730946,3.3565993309020996,400.0,0.2330923080444335
20170614.0,1.409999966621399,40.0,8.0,0.07999999821186066,0.125,0.10999999940395355,0.08322567492723465,0.6418964862823486,289.5213317871094,1.178774356842041,256.95867919921875,245.5797576904297,0.00043511379044502974,3.2684571743011475,400.0,0.2134243647257486
20170615.0,1.409999966621399,40.0,8.0,0.07999999821186066,0.125,0.10999999940395355,0.08322567492723465,0.6418964862823486,289.5594787597656,1.1652942895889282,258.2108154296875,247.595947265625,0.03212207555770874,2.862299919128418,400.0,0.1999769210815429
20170616.0,1.409999966621399,40.0,8.0,0.07999999821186066,0.125,0.10999999940395355,0.08322567492723465,0.6418964862823486,290.2866516113281,1.152537226676941,257.775146484375,249.07199096679688,0.3957960903644562,2.537578821182251,400.0,0.192051887512207
20170617.0,1.409999966621399,40.0,8.0,0.07999999821186066,0.125,0.10999999940395355,0.08322567492723465,0.6418964862823486,289.8594055175781,1.1380701065063477,260.2506408691406,250.86642456054688,5.263922691345215,2.6114420890808105,400.0,0.2126045227050781
20170618.0,1.409999966621399,40.0,8.0,0.07999999821186066,0.125,0.10999999940395355,0.08322567492723465,0.6418964862823486,288.53009033203125,1.1275182962417603,259.0372009277344,250.3662109375,0.2548675537109375,3.443514347076416,400.0,0.2216672897338867
20170619.0,1.409999966621399,40.0,8.0,0.07999999821186066,0.125,0.10999999940395355,0.08322567492723465,0.6418964862823486,286.9145202636719,1.1245619058609009,257.6545715332031,250.1136932373047,0.302179217338562,3.2242684364318848,400.0,0.2036323547363281
20170620.0,1.409999966621399,40.0,8.0,0.07999999821186066,0.125,0.10999999940395355,0.08322567492723465,0.6418964862823486,286.1285400390625,1.1253026723861694,258.74420166015625,249.00799560546875,0.4878534972667694,2.755244731903076,400.0,0.1925957997639973
20170621.0,1.409999966621399,40.0,8.0,0.07999999821186066,0.125,0.10999999940395355,0.08322567492723465,0.6418964862823486,284.5216064453125,1.124197006225586,257.8355712890625,249.91323852539062,6.533029556274414,3.6058719158172607,400.0,0.2123432159423828
20170622.0,1.409999966621399,40.0,8.0,0.07999999821186066,0.125,0.10999999940395355,0.08322567492723465,0.6418964862823486,282.9875793457031,1.1236193180084229,253.48321533203125,243.27618408203125,0.6852365136146545,2.2813961505889893,400.0,0.2204020818074544
20170623.0,1.409999966621399,40.0,8.0,0.07999999821186066,0.125,0.10999999940395355,0.08322567492723465,0.6418964862823486,283.2689208984375,1.12288498878479,256.2254638671875,247.17340087890625,0.22255541384220123,1.781165361404419,400.0,0.2076752980550129
20170624.0,1.409999966621399,40.0,8.0,0.07999999821186066,0.125,0.10999999940395355,0.08322567492723465,0.6418964862823486,282.5369873046875,1.1228806972503662,256.06494140625,248.8016357421875,8.508219718933105,1.930453896522522,400.0,0.2231667836507161
20170625.0,1.409999966621399,40.0,8.0,0.07999999821186066,0.125,0.10999999940395355,0.08322567492723465,0.6418964862823486,282.6283264160156,1.1203258037567139,252.70904541015625,243.82565307617188,11.391989707946777,1.977712869644165,400.0,0.2871503829956054
20170626.0,1.409999966621399,40.0,8.0,0.07999999821186066,0.125,0.10999999940395355,0.08322567492723465,0.6418964862823486,283.5626525878906,1.1228721141815186,255.61351013183594,246.6457977294922,12.157939910888672,3.0907347202301025,400.0,0.2858832677205403
20170627.0,1.409999966621399,40.0,8.0,0.07999999821186066,0.125,0.10999999940395355,0.08322567492723465,0.6418964862823486,284.9209899902344,1.1358999013900757,254.75994873046875,245.877685546875,6.062076091766357,3.6682932376861572,400.0,0.2901814778645833
20170628.0,1.409999966621399,40.0,8.0,0.07999999821186066,0.125,0.10999999940395355,0.08322567492723465,0.6418964862823486,285.3038024902344,1.1543781757354736,256.8803405761719,246.5124969482422,0.10601835697889328,2.2511730194091797,400.0,0.2644745508829752
20170629.0,1.409999966621399,40.0,8.0,0.07999999821186066,0.125,0.10999999940395355,0.08322567492723465,0.6418964862823486,287.49627685546875,1.170525074005127,257.9062194824219,248.18692016601562,0.07827036082744598,3.1442511081695557,400.0,0.246011734008789
20170630.0,1.409999966621399,40.0,8.0,0.07999999821186066,0.125,0.10999999940395355,0.08322567492723465,0.6418964862823486,288.4109802246094,1.1877143383026123,257.6480712890625,249.72097778320312,0.0,3.7071008682250977,400.0,0.2298905054728189
20170701.0,1.409999966621399,40.0,8.0,0.07999999821186066,0.125,0.10999999940395355,0.08322567492723465,0.6418964862823486,289.60980224609375,1.2052417993545532,257.9393615722656,249.24609375,0.0012889127247035503,3.779927968978882,400.0,0.2152353922526041
20170702.0,1.409999966621399,40.0,8.0,0.07999999821186066,0.125,0.10999999940395355,0.08322567492723465,0.6418964862823486,289.3793029785156,1.2218457460403442,260.23583984375,249.42031860351562,2.0764315128326416,3.1235098838806152,400.0,0.2049338022867838
20170703.0,1.409999966621399,40.0,8.0,0.07999999821186066,0.125,0.10999999940395355,0.08322567492723465,0.6418964862823486,285.63421630859375,1.2430171966552734,256.1748962402344,245.87698364257812,6.746094226837158,2.424921751022339,400.0,0.2395674387613932
20170704.0,1.409999966621399,40.0,8.0,0.07999999821186066,0.125,0.10999999940395355,0.08322567492723465,0.6418964862823486,284.1292419433594,1.2558090686798096,254.43838500976562,245.89794921875,1.3248381614685059,2.2486798763275146,400.0,0.2452777226765949
20170705.0,1.409999966621399,40.0,8.0,0.07999999821186066,0.125,0.10999999940395355,0.08322567492723465,0.6418964862823486,282.2763671875,1.2509053945541382,257.8238525390625,247.61158752441406,3.360760450363159,2.689328670501709,400.0,0.2397842407226562
20170706.0,1.409999966621399,40.0,8.0,0.07999999821186066,0.125,0.10999999940395355,0.08322567492723465,0.6418964862823486,284.3718566894531,1.2373844385147095,256.81866455078125,246.37879943847656,0.5086797475814819,3.116316556930542,400.0,0.2326958974202474
20170707.0,1.409999966621399,40.0,8.0,0.07999999821186066,0.125,0.10999999940395355,0.08322567492723465,0.6418964862823486,286.55487060546875,1.2282817363739014,257.5892028808594,248.53195190429688,0.2896294593811035,2.710817337036133,400.0,0.2178099950154622
20170708.0,1.409999966621399,40.0,8.0,0.07999999821186066,0.125,0.10999999940395355,0.08322567492723465,0.6418964862823486,287.9549255371094,1.2180432081222534,257.623291015625,249.85903930664062,0.0009108702070079744,3.1523685455322266,400.0,0.2052923838297525
20170709.0,1.409999966621399,40.0,8.0,0.07999999821186066,0.125,0.10999999940395355,0.08322567492723465,0.6418964862823486,288.17425537109375,1.2080355882644653,257.0372314453125,248.76593017578125,0.2026081681251526,2.795567512512207,400.0,0.194525400797526
20170710.0,1.409999966621399,40.0,8.0,0.07999999821186066,0.125,0.10999999940395355,0.08322567492723465,0.6418964862823486,286.9420166015625,1.1982202529907227,259.89447021484375,250.79019165039062,6.461902141571045,2.0240044593811035,400.0,0.2286682128906249
20170711.0,1.409999966621399,40.0,8.0,0.07999999821186066,0.125,0.10999999940395355,0.08322567492723465,0.6418964862823486,287.88409423828125,1.1881461143493652,262.92999267578125,252.698974609375,3.286238193511963,2.1994829177856445,400.0,0.2360719045003255
20170712.0,1.409999966621399,40.0,8.0,0.07999999821186066,0.125,0.10999999940395355,0.08322567492723465,0.6418964862823486,287.5771484375,1.1788583993911743,261.09869384765625,251.39492797851562,7.02947473526001,2.53173565864563,400.0,0.2527062098185221
20170713.0,1.409999966621399,40.0,8.0,0.07999999821186066,0.125,0.10999999940395355,0.08322567492723465,0.6418964862823486,286.8898010253906,1.1710457801818848,257.7917175292969,251.27023315429688,0.46597766876220703,2.5052807331085205,400.0,0.2462250391642252
20170714.0,1.409999966621399,40.0,8.0,0.07999999821186066,0.125,0.10999999940395355,0.08322567492723465,0.6418964862823486,285.2980041503906,1.163973331451416,258.1704406738281,249.90199279785156,8.495160102844238,2.836160898208618,400.0,0.2588106791178385
20170715.0,1.409999966621399,40.0,8.0,0.07999999821186066,0.125,0.10999999940395355,0.08322567492723465,0.6418964862823486,286.5986328125,1.1566131114959717,256.9858093261719,248.96774291992188,0.0034451468382030725,3.452772617340088,400.0,0.2444067001342773
20170716.0,1.409999966621399,40.0,8.0,0.07999999821186066,0.125,0.10999999940395355,0.08322567492723465,0.6418964862823486,287.42706298828125,1.1494033336639404,259.5222473144531,250.57809448242188,7.162460803985596,2.786071300506592,400.0,0.2388661702473958
20170717.0,1.409999966621399,40.0,8.0,0.07999999821186066,0.125,0.10999999940395355,0.08322567492723465,0.6418964862823486,287.0051574707031,1.1422089338302612,255.94558715820312,248.8984375,1.8786672353744507,3.1118757724761963,400.0,0.2651240030924479
20170718.0,1.409999966621399,40.0,8.0,0.07999999821186066,0.125,0.10999999940395355,0.08322567492723465,0.6418964862823486,284.6280212402344,1.135276436805725,257.7052307128906,248.840087890625,6.496042728424072,3.560497999191284,400.0,0.250231424967448
20170719.0,1.409999966621399,40.0,8.0,0.07999999821186066,0.125,0.10999999940395355,0.08322567492723465,0.6418964862823486,284.8003234863281,1.1276724338531494,259.2519226074219,248.99713134765625,2.5861313343048096,3.1210310459136963,400.0,0.2619279225667317
20170720.0,1.409999966621399,40.0,8.0,0.07999999821186066,0.125,0.10999999940395355,0.08322567492723465,0.6418964862823486,285.546630859375,1.1215639114379883,256.61273193359375,247.84649658203125,1.0143237113952637,2.3170218467712402,400.0,0.2466608683268228
20170721.0,1.409999966621399,40.0,8.0,0.07999999821186066,0.125,0.10999999940395355,0.08322567492723465,0.6418964862823486,285.29681396484375,1.1183972358703613,259.5711669921875,249.80386352539062,2.7667899131774902,2.2581875324249268,400.0,0.242799441019694
20170722.0,1.409999966621399,40.0,8.0,0.07999999821186066,0.125,0.10999999940395355,0.08322567492723465,0.6418964862823486,286.0007019042969,1.1166669130325317,259.3243408203125,251.60614013671875,5.099387168884277,2.733574867248535,400.0,0.2526632944742838
20170723.0,1.409999966621399,40.0,8.0,0.07999999821186066,0.125,0.10999999940395355,0.08322567492723465,0.6418964862823486,286.63909912109375,1.114228367805481,258.55462646484375,252.15341186523438,2.3292505741119385,2.7714507579803467,400.0,0.2501780192057291
20170724.0,1.409999966621399,40.0,8.0,0.07999999821186066,0.125,0.10999999940395355,0.08322567492723465,0.6418964862823486,288.5745849609375,1.1119991540908813,260.190673828125,251.99266052246094,1.405066967010498,3.1109395027160645,400.0,0.2472972869873047
20170725.0,1.409999966621399,40.0,8.0,0.07999999821186066,0.125,0.10999999940395355,0.08322567492723465,0.6418964862823486,289.8508605957031,1.1097420454025269,261.72515869140625,252.04600524902344,0.03900257870554924,2.265065908432007,400.0,0.2312189737955728
20170726.0,1.409999966621399,40.0,8.0,0.07999999821186066,0.125,0.10999999940395355,0.08322567492723465,0.6418964862823486,290.5772705078125,1.1075550317764282,261.72833251953125,252.37059020996094,0.0841331034898758,2.8284194469451904,400.0,0.217505137125651
20170727.0,1.409999966621399,40.0,8.0,0.07999999821186066,0.125,0.10999999940395355,0.08322567492723465,0.6418964862823486,289.9359436035156,1.105149269104004,262.1959228515625,253.23114013671875,0.3542884290218353,2.158738851547241,400.0,0.2090648015340169
20170728.0,1.409999966621399,40.0,8.0,0.07999999821186066,0.125,0.10999999940395355,0.08322567492723465,0.6418964862823486,289.2486267089844,1.1031970977783203,260.3672790527344,252.28323364257812,4.326855182647705,2.168910026550293,400.0,0.2129084269205729
20170729.0,1.409999966621399,40.0,8.0,0.07999999821186066,0.125,0.10999999940395355,0.08322567492723465,0.6418964862823486,288.97161865234375,1.1021573543548584,258.47674560546875,247.80670166015625,9.240743637084961,2.232496976852417,400.0,0.2733341852823893
20170730.0,1.409999966621399,40.0,8.0,0.07999999821186066,0.125,0.10999999940395355,0.08322567492723465,0.6418964862823486,290.108642578125,1.1015651226043701,260.3414306640625,252.23876953125,0.5592080354690552,3.0316200256347656,400.0,0.2438303629557291
20170731.0,1.409999966621399,40.0,8.0,0.07999999821186066,0.125,0.10999999940395355,0.08322567492723465,0.6418964862823486,289.2674560546875,1.1007503271102905,261.70904541015625,253.34976196289062,2.0545456409454346,1.873566746711731,400.0,0.2356843948364257
20170801.0,1.409999966621399,40.0,8.0,0.07999999821186066,0.125,0.10999999940395355,0.08322567492723465,0.6418964862823486,288.5384216308594,1.100000023841858,261.73443603515625,254.71331787109375,2.999028205871582,2.8428473472595215,400.0,0.2448228200276692
20170802.0,1.409999966621399,40.0,8.0,0.07999999821186066,0.125,0.10999999940395355,0.08322567492723465,0.6418964862823486,287.8175048828125,1.099238395690918,258.2837829589844,249.50306701660156,4.886688709259033,2.262794017791748,400.0,0.2560383478800456
20170803.0,1.409999966621399,40.0,8.0,0.07999999821186066,0.125,0.10999999940395355,0.08322567492723465,0.6418964862823486,289.0701599121094,1.0985080003738403,258.12103271484375,251.2545166015625,0.17047573626041412,2.6854872703552246,400.0,0.2448441187540689
20170804.0,1.409999966621399,40.0,8.0,0.07999999821186066,0.125,0.10999999940395355,0.08322567492723465,0.6418964862823486,287.70355224609375,1.097671627998352,261.0355224609375,251.04656982421875,0.6454038619995117,2.0693087577819824,400.0,0.2314523061116536
20170805.0,1.409999966621399,40.0,8.0,0.07999999821186066,0.125,0.10999999940395355,0.08322567492723465,0.6418964862823486,287.0710144042969,1.0970491170883179,258.572509765625,250.83306884765625,4.392669200897217,2.9385476112365723,400.0,0.2364568710327148
20170806.0,1.409999966621399,40.0,8.0,0.07999999821186066,0.125,0.10999999940395355,0.08322567492723465,0.6418964862823486,286.54742431640625,1.0968601703643799,261.15374755859375,251.65155029296875,1.9197921752929688,2.128314733505249,400.0,0.2449944814046224
20170807.0,1.409999966621399,40.0,8.0,0.07999999821186066,0.125,0.10999999940395355,0.08322567492723465,0.6418964862823486,286.83026123046875,1.0968842506408691,260.66143798828125,253.5411376953125,0.3286626935005188,1.8241331577301025,400.0,0.2318855921427408
20170808.0,1.409999966621399,40.0,8.0,0.07999999821186066,0.125,0.10999999940395355,0.08322567492723465,0.6418964862823486,287.8967590332031,1.0968017578125,259.5687561035156,252.97283935546875,2.9949910640716553,2.1561646461486816,400.0,0.2362794876098632
20170809.0,1.409999966621399,40.0,8.0,0.07999999821186066,0.125,0.10999999940395355,0.08322567492723465,0.6418964862823486,288.3339538574219,1.0967497825622559,259.40057373046875,251.16708374023438,0.28466519713401794,2.376065969467163,400.0,0.230365753173828
20170810.0,1.409999966621399,40.0,8.0,0.07999999821186066,0.125,0.10999999940395355,0.08322567492723465,0.6418964862823486,286.8056945800781,1.0966616868972778,255.98171997070312,247.28610229492188,7.250051021575928,1.711510419845581,400.0,0.2586304346720377
20170811.0,1.409999966621399,40.0,8.0,0.07999999821186066,0.125,0.10999999940395355,0.08322567492723465,0.6418964862823486,289.2493591308594,1.0968314409255981,257.6336364746094,251.50888061523438,0.030173832550644875,2.344878673553467,400.0,0.2423013051350911
20170812.0,1.409999966621399,40.0,8.0,0.07999999821186066,0.125,0.10999999940395355,0.08322567492723465,0.6418964862823486,289.9517822265625,1.0960991382598877,263.57965087890625,252.44131469726562,0.5694599747657776,2.324164867401123,400.0,0.2252807617187499
20170813.0,1.409999966621399,40.0,8.0,0.07999999821186066,0.125,0.10999999940395355,0.08322567492723465,0.6418964862823486,286.1837158203125,1.0971710681915283,260.73602294921875,251.76986694335938,8.073737144470215,4.308994770050049,400.0,0.262033462524414
20170814.0,1.409999966621399,40.0,8.0,0.07999999821186066,0.125,0.10999999940395355,0.08322567492723465,0.6418964862823486,286.09552001953125,1.1019272804260254,258.3909606933594,249.98985290527344,0.03478173911571503,2.909245729446411,400.0,0.2355912526448567
20170815.0,1.409999966621399,40.0,8.0,0.07999999821186066,0.125,0.10999999940395355,0.08322567492723465,0.6418964862823486,286.3872985839844,1.108536720275879,258.1889953613281,250.58139038085938,0.21979355812072754,1.9567067623138428,400.0,0.2229731877644856
20170816.0,1.409999966621399,40.0,8.0,0.07999999821186066,0.125,0.10999999940395355,0.08322567492723465,0.6418964862823486,286.3162536621094,1.1142750978469849,259.3050537109375,250.53334045410156,5.144815444946289,1.7170652151107788,400.0,0.2344026565551757
20170817.0,1.409999966621399,40.0,8.0,0.07999999821186066,0.125,0.10999999940395355,0.08322567492723465,0.6418964862823486,286.9372253417969,1.1203151941299438,259.6682434082031,249.57330322265625,0.00043511384865269065,2.603306770324707,400.0,0.2391093571980794
20170818.0,1.409999966621399,40.0,8.0,0.07999999821186066,0.125,0.10999999940395355,0.08322567492723465,0.6418964862823486,288.24334716796875,1.1263750791549683,258.9629211425781,251.46273803710938,1.8192076683044434,1.5338613986968994,400.0,0.2265144983927409
20170819.0,1.409999966621399,40.0,8.0,0.07999999821186066,0.125,0.10999999940395355,0.08322567492723465,0.6418964862823486,287.24310302734375,1.1323728561401367,259.830810546875,251.71994018554688,5.180998802185059,1.7581233978271484,400.0,0.2456048329671224
20170820.0,1.409999966621399,40.0,8.0,0.07999999821186066,0.125,0.10999999940395355,0.08322567492723465,0.6418964862823486,286.87835693359375,1.138769507408142,260.39862060546875,250.06866455078125,0.7715819478034973,2.417128562927246,400.0,0.2467908859252929
20170821.0,1.409999966621399,40.0,8.0,0.07999999821186066,0.125,0.10999999940395355,0.08322567492723465,0.6418964862823486,285.8362121582031,1.1444848775863647,257.4748229980469,246.93548583984375,5.724043369293213,2.2927706241607666,400.0,0.2471720377604166
20170822.0,1.409999966621399,40.0,8.0,0.07999999821186066,0.125,0.10999999940395355,0.08322567492723465,0.6418964862823486,285.01104736328125,1.1487535238265991,257.65411376953125,248.03179931640625,0.09498979151248932,2.245256185531616,400.0,0.2468722661336262
20170823.0,1.409999966621399,40.0,8.0,0.07999999821186066,0.125,0.10999999940395355,0.08322567492723465,0.6418964862823486,283.1907958984375,1.1523102521896362,256.06689453125,247.31924438476562,0.013059081509709358,1.4096447229385376,400.0,0.2309522628784179
20170824.0,1.409999966621399,40.0,8.0,0.07999999821186066,0.125,0.10999999940395355,0.08322567492723465,0.6418964862823486,282.4717712402344,1.1562466621398926,257.0556335449219,248.90707397460938,1.4332654476165771,1.688390851020813,400.0,0.2289024988810222
20170825.0,1.409999966621399,40.0,8.0,0.07999999821186066,0.125,0.10999999940395355,0.08322567492723465,0.6418964862823486,281.98760986328125,1.1600937843322754,257.06243896484375,249.36070251464844,4.984288692474365,2.2688827514648438,400.0,0.234106699625651
20170826.0,1.409999966621399,40.0,8.0,0.07999999821186066,0.125,0.10999999940395355,0.08322567492723465,0.6418964862823486,281.59527587890625,1.1639434099197388,255.58352661132812,246.3285369873047,0.9251683354377747,1.9734079837799072,400.0,0.2478052775065104
20170827.0,1.409999966621399,40.0,8.0,0.07999999821186066,0.125,0.10999999940395355,0.08322567492723465,0.6418964862823486,282.6846618652344,1.1680150032043457,254.11221313476562,246.41842651367188,0.03525804728269577,1.2980868816375732,400.0,0.2322699228922525
20170828.0,1.409999966621399,40.0,8.0,0.07999999821186066,0.125,0.10999999940395355,0.08322567492723465,0.6418964862823486,284.7591247558594,1.1713757514953613,255.54437255859375,245.92965698242188,0.06082993745803833,1.2670552730560303,400.0,0.2227633794148762
20170829.0,1.409999966621399,40.0,8.0,0.07999999821186066,0.125,0.10999999940395355,0.08322567492723465,0.6418964862823486,285.3298034667969,1.1762080192565918,259.44189453125,250.08033752441406,5.615124225616455,0.7617195844650269,400.0,0.2283658981323242
20170830.0,1.409999966621399,40.0,8.0,0.07999999821186066,0.125,0.10999999940395355,0.08322567492723465,0.6418964862823486,286.2594909667969,1.1840530633926392,254.71072387695312,245.76712036132812,0.02288180962204933,2.353792190551758,400.0,0.2497104008992512
20170901.0,1.409999966621399,40.0,8.0,0.07999999821186066,0.125,0.10999999940395355,0.08322567492723465,0.6418964862823486,284.16021728515625,1.2021673917770386,255.92587280273438,247.30706787109375,6.254421234130859,2.193629741668701,400.0,0.2673142751057942
20170902.0,1.409999966621399,40.0,8.0,0.07999999821186066,0.125,0.10999999940395355,0.08322567492723465,0.6418964862823486,283.80987548828125,1.211179494857788,256.40643310546875,247.89227294921875,0.00170469272416085,1.5372943878173828,400.0,0.2451225916544596
20170903.0,1.409999966621399,40.0,8.0,0.07999999821186066,0.125,0.10999999940395355,0.08322567492723465,0.6418964862823486,284.37457275390625,1.2202292680740356,254.41171264648438,249.1121826171875,0.013076742179691792,1.12269926071167,400.0,0.2324654261271158
20170904.0,1.409999966621399,40.0,8.0,0.07999999821186066,0.125,0.10999999940395355,0.08322567492723465,0.6418964862823486,283.2378845214844,1.2294363975524902,254.63690185546875,248.3515625,0.028186365962028503,0.9424182176589966,400.0,0.2253917058308919
20170905.0,1.409999966621399,40.0,8.0,0.07999999821186066,0.125,0.10999999940395355,0.08322567492723465,0.6418964862823486,281.9136657714844,1.238426923751831,257.1875305175781,247.12486267089844,0.01643519289791584,0.9098713397979736,400.0,0.2202987670898437
20170906.0,1.409999966621399,40.0,8.0,0.07999999821186066,0.125,0.10999999940395355,0.08322567492723465,0.6418964862823486,282.0058288574219,1.2480783462524414,255.84393310546875,247.89669799804688,0.07027683407068253,0.8152937293052673,400.0,0.2166417439778646
20170907.0,1.409999966621399,40.0,8.0,0.07999999821186066,0.125,0.10999999940395355,0.08322567492723465,0.6418964862823486,282.0088195800781,1.2590209245681763,257.22222900390625,247.79856872558594,2.8412091732025146,0.9698082208633423,400.0,0.2191413243611653
20170908.0,1.409999966621399,40.0,8.0,0.07999999821186066,0.125,0.10999999940395355,0.08322567492723465,0.6418964862823486,281.3846130371094,1.2706665992736816,253.1772918701172,244.90359497070312,7.6821160316467285,0.8668329119682312,400.0,0.2693681716918945
20170909.0,1.409999966621399,40.0,8.0,0.07999999821186066,0.125,0.10999999940395355,0.08322567492723465,0.6418964862823486,282.5806579589844,1.282122015953064,252.69992065429688,244.6302490234375,4.932644367218018,1.3326213359832764,400.0,0.2658036549886067
20170910.0,1.409999966621399,40.0,8.0,0.07999999821186066,0.125,0.10999999940395355,0.08322567492723465,0.6418964862823486,284.0697937011719,1.2937723398208618,251.42660522460938,241.18722534179688,18.0564022064209,0.9678198099136353,400.0,0.307690938313802
20170911.0,1.409999966621399,40.0,8.0,0.07999999821186066,0.125,0.10999999940395355,0.08322567492723465,0.6418964862823486,283.9269714355469,1.3056071996688843,252.97634887695312,244.875244140625,1.8051694631576538,0.8947977423667908,400.0,0.2800601323445637
20170912.0,1.409999966621399,40.0,8.0,0.07999999821186066,0.125,0.10999999940395355,0.08322567492723465,0.6418964862823486,284.2890930175781,1.316856026649475,254.69467163085938,245.62037658691406,5.340001106262207,0.8319224119186401,400.0,0.2863766352335611
20170913.0,1.409999966621399,40.0,8.0,0.07999999821186066,0.125,0.10999999940395355,0.08322567492723465,0.6418964862823486,284.08294677734375,1.3306635618209839,253.70785522460938,246.5601348876953,4.898102283477783,1.163988709449768,400.0,0.2881412506103515
20170914.0,1.409999966621399,40.0,8.0,0.07999999821186066,0.125,0.10999999940395355,0.08322567492723465,0.6418964862823486,283.123779296875,1.3396477699279785,255.21131896972656,245.2716064453125,1.4672882556915283,1.1832096576690674,400.0,0.2745221455891927
20170915.0,1.409999966621399,40.0,8.0,0.07999999821186066,0.125,0.10999999940395355,0.08322567492723465,0.6418964862823486,280.6312561035156,1.3385794162750244,254.6537322998047,243.45013427734375,3.351001024246216,1.4249470233917236,400.0,0.2670930226643879
20170916.0,1.409999966621399,40.0,8.0,0.07999999821186066,0.125,0.10999999940395355,0.08322567492723465,0.6418964862823486,279.2900695800781,1.3325694799423218,251.77627563476562,242.44769287109375,2.3527276515960693,1.1291977167129517,400.0,0.2768125534057617
20170917.0,1.409999966621399,40.0,8.0,0.07999999821186066,0.125,0.10999999940395355,0.08322567492723465,0.6418964862823486,281.48138427734375,1.329044222831726,253.0682373046875,243.2213897705078,0.3023596405982971,0.6289909482002258,400.0,0.2596909205118815
20170918.0,1.409999966621399,40.0,8.0,0.07999999821186066,0.125,0.10999999940395355,0.08322567492723465,0.6418964862823486,281.3759460449219,1.3248276710510254,255.27471923828125,244.7062225341797,1.0581718683242798,0.8313491940498352,400.0,0.2546784083048502
20170919.0,1.409999966621399,40.0,8.0,0.07999999821186066,0.125,0.10999999940395355,0.08322567492723465,0.6418964862823486,278.71697998046875,1.3207118511199951,252.72763061523438,243.89407348632812,3.512617588043213,1.4422703981399536,400.0,0.2573846181233724
20170920.0,1.409999966621399,40.0,8.0,0.07999999821186066,0.125,0.10999999940395355,0.08322567492723465,0.6418964862823486,278.3285217285156,1.3166087865829468,251.45989990234375,241.18389892578125,3.9822661876678467,1.8524683713912964,400.0,0.2702856063842773
20170921.0,1.409999966621399,40.0,8.0,0.07999999821186066,0.125,0.10999999940395355,0.08322567492723465,0.6418964862823486,280.2569274902344,1.3125187158584595,252.9066925048828,242.39724731445312,2.3040130138397217,0.7202972769737244,400.0,0.267752965291341
20170922.0,1.409999966621399,40.0,8.0,0.07999999821186066,0.125,0.10999999940395355,0.08322567492723465,0.6418964862823486,282.1516418457031,1.3084415197372437,254.05584716796875,244.2305908203125,0.2935631275177002,0.6629716753959656,400.0,0.2581771214803059
20170923.0,1.409999966621399,40.0,8.0,0.07999999821186066,0.125,0.10999999940395355,0.08322567492723465,0.6418964862823486,281.79522705078125,1.3043773174285889,253.66744995117188,244.16619873046875,0.11918272078037262,0.11946918815374374,400.0,0.2508328755696614
20170924.0,1.409999966621399,40.0,8.0,0.07999999821186066,0.125,0.10999999940395355,0.08322567492723465,0.6418964862823486,283.20538330078125,1.300325870513916,253.592529296875,246.34788513183594,0.1696680188179016,0.2964775860309601,400.0,0.2466688156127929
20170925.0,1.409999966621399,40.0,8.0,0.07999999821186066,0.125,0.10999999940395355,0.08322567492723465,0.6418964862823486,283.067626953125,1.2962874174118042,254.9105224609375,245.81387329101562,0.1051722913980484,0.3084500730037689,400.0,0.2425896326700846
20170926.0,1.409999966621399,40.0,8.0,0.07999999821186066,0.125,0.10999999940395355,0.08322567492723465,0.6418964862823486,282.5581970214844,1.2922617197036743,254.30120849609375,244.96554565429688,0.01281675137579441,0.3527209162712097,400.0,0.2388881047566731
20170927.0,1.409999966621399,40.0,8.0,0.07999999821186066,0.125,0.10999999940395355,0.08322567492723465,0.6418964862823486,281.7332763671875,1.288207769393921,254.2267303466797,244.458251953125,0.01488462369889021,0.48685067892074585,400.0,0.2353700002034505
20170928.0,1.409999966621399,40.0,8.0,0.07999999821186066,0.125,0.10999999940395355,0.08322567492723465,0.6418964862823486,280.9346008300781,1.2844961881637573,253.26156616210938,244.90554809570312,0.1926906853914261,0.321652352809906,400.0,0.2339003880818685
20170929.0,1.409999966621399,40.0,8.0,0.07999999821186066,0.125,0.10999999940395355,0.08322567492723465,0.6418964862823486,280.386962890625,1.2796474695205688,253.73458862304688,245.3087158203125,0.023021414875984192,0.3696657717227936,400.0,0.2316468556722005
20170930.0,1.409999966621399,40.0,8.0,0.07999999821186066,0.125,0.10999999940395355,0.08322567492723465,0.6418964862823486,279.9027099609375,1.2771060466766357,251.8109130859375,244.81658935546875,0.28978919982910156,0.31996142864227295,400.0,0.2305332819620768
20171001.0,1.409999966621399,40.0,8.0,0.07999999821186066,0.125,0.10999999940395355,0.08322567492723465,0.6418964862823486,279.6603088378906,1.279225468635559,252.78952026367188,244.33221435546875,0.47828176617622375,0.4830504059791565,400.0,0.2312205632527669
20171002.0,1.409999966621399,40.0,8.0,0.07999999821186066,0.125,0.10999999940395355,0.08322567492723465,0.6418964862823486,280.2989807128906,1.2836488485336304,254.64801025390625,243.7482452392578,5.456831932067871,1.2121105194091797,400.0,0.2380107243855794
20171003.0,1.409999966621399,40.0,8.0,0.07999999821186066,0.125,0.10999999940395355,0.08322567492723465,0.6418964862823486,279.8231506347656,1.286933183670044,249.07479858398438,239.364013671875,14.350138664245605,0.8481509685516357,400.0,0.3009742101033528
20171004.0,1.409999966621399,40.0,8.0,0.07999999821186066,0.125,0.10999999940395355,0.08322567492723465,0.6418964862823486,280.9226379394531,1.2905570268630981,249.3372802734375,239.4905242919922,9.797714233398438,0.641615092754364,400.0,0.3117767969767252
20171005.0,1.409999966621399,40.0,8.0,0.07999999821186066,0.125,0.10999999940395355,0.08322567492723465,0.6418964862823486,279.5901794433594,1.2942430973052979,250.14630126953125,239.8308563232422,3.845562219619751,0.8385608792304993,400.0,0.2958326339721679
20171006.0,1.409999966621399,40.0,8.0,0.07999999821186066,0.125,0.10999999940395355,0.08322567492723465,0.6418964862823486,279.06744384765625,1.2971934080123901,250.3303680419922,240.46652221679688,0.8685161471366882,0.6921601891517639,400.0,0.2774101893107096
20171007.0,1.409999966621399,40.0,8.0,0.07999999821186066,0.125,0.10999999940395355,0.08322567492723465,0.6418964862823486,277.3018493652344,1.3027713298797607,252.30044555664062,239.9489288330078,9.582131385803223,0.7264727354049683,400.0,0.2985248565673828
20171008.0,1.409999966621399,40.0,8.0,0.07999999821186066,0.125,0.10999999940395355,0.08322567492723465,0.6418964862823486,277.923583984375,1.303114891052246,249.46173095703125,240.44692993164062,0.5697053670883179,0.8303072452545166,400.0,0.284062385559082
20171009.0,1.409999966621399,40.0,8.0,0.07999999821186066,0.125,0.10999999940395355,0.08322567492723465,0.6418964862823486,278.04736328125,1.2928298711776733,248.662353515625,239.75990295410156,0.4278613030910492,0.5730035901069641,400.0,0.2699534098307291
20171010.0,1.409999966621399,40.0,8.0,0.07999999821186066,0.125,0.10999999940395355,0.08322567492723465,0.6418964862823486,276.7666931152344,1.2774763107299805,249.36956787109375,239.40994262695312,7.885839462280273,0.999805212020874,400.0,0.2885316212972005
20171011.0,1.409999966621399,40.0,8.0,0.07999999821186066,0.125,0.10999999940395355,0.08322567492723465,0.6418964862823486,278.0724182128906,1.2648544311523438,250.07571411132812,239.58248901367188,0.32856330275535583,0.5793734788894653,400.0,0.2799081802368163
20171012.0,1.409999966621399,40.0,8.0,0.07999999821186066,0.125,0.10999999940395355,0.08322567492723465,0.6418964862823486,277.5704040527344,1.2516453266143799,247.65663146972656,239.9998779296875,0.4870638847351074,0.4226009249687195,400.0,0.2680009206136068
20171013.0,1.409999966621399,40.0,8.0,0.07999999821186066,0.125,0.10999999940395355,0.08322567492723465,0.6418964862823486,277.46435546875,1.2380497455596924,248.44522094726562,239.18344116210938,0.1569339483976364,0.4647809863090515,400.0,0.2611204783121744
20171014.0,1.409999966621399,40.0,8.0,0.07999999821186066,0.125,0.10999999940395355,0.08322567492723465,0.6418964862823486,277.8435363769531,1.2295448780059814,247.16510009765625,238.09091186523438,6.56745719909668,0.3546261191368103,400.0,0.2863152821858724
20171015.0,1.409999966621399,40.0,8.0,0.07999999821186066,0.125,0.10999999940395355,0.08322567492723465,0.6418964862823486,278.0081787109375,1.2040700912475586,248.61001586914062,238.651123046875,0.8585416674613953,0.560409665107727,400.0,0.2703825632731119
20171016.0,1.409999966621399,40.0,8.0,0.07999999821186066,0.125,0.10999999940395355,0.08322567492723465,0.6418964862823486,280.0990905761719,1.212726354598999,250.14590454101562,240.67051696777344,1.3114874362945557,1.1008161306381226,400.0,0.2721344629923503
20171017.0,1.409999966621399,40.0,8.0,0.07999999821186066,0.125,0.10999999940395355,0.08322567492723465,0.6418964862823486,277.39251708984375,1.2934725284576416,249.35736083984375,238.46038818359375,0.00043511384865269065,0.3782072067260742,400.0,0.2597866058349609
20171018.0,1.409999966621399,40.0,8.0,0.07999999821186066,0.125,0.10999999940395355,0.08322567492723465,0.6418964862823486,275.07525634765625,1.4192430973052979,250.96694946289062,241.07177734375,0.003923623822629452,0.2812298834323883,400.0,0.2545185089111328
20171019.0,1.409999966621399,40.0,8.0,0.07999999821186066,0.125,0.10999999940395355,0.08322567492723465,0.6418964862823486,273.86932373046875,1.5348855257034302,249.41949462890625,242.72206115722656,0.0009317553485743701,0.25165167450904846,400.0,0.2505699793497721
20171020.0,1.409999966621399,40.0,8.0,0.07999999821186066,0.125,0.10999999940395355,0.08322567492723465,0.6418964862823486,272.1294860839844,1.6653543710708618,250.7029571533203,244.0382843017578,0.07530732452869415,0.2646373212337494,400.0,0.2471771240234374
20171021.0,1.409999966621399,40.0,8.0,0.07999999821186066,0.125,0.10999999940395355,0.08322567492723465,0.6418964862823486,272.5378723144531,1.8040688037872314,253.52029418945312,247.6642303466797,0.07325596362352371,0.16407127678394318,400.0,0.2442197799682617
20171022.0,1.409999966621399,40.0,8.0,0.07999999821186066,0.125,0.10999999940395355,0.08322567492723465,0.6418964862823486,272.4417724609375,1.9517961740493774,254.16836547851562,245.82400512695312,0.15047809481620789,0.17042183876037598,400.0,0.2415720621744791
20171023.0,1.409999966621399,40.0,8.0,0.07999999821186066,0.125,0.10999999940395355,0.08322567492723465,0.6418964862823486,272.52008056640625,2.1085364818573,253.86788940429688,248.12118530273438,0.43816882371902466,0.13256388902664185,400.0,0.2391967773437499
20171024.0,1.409999966621399,40.0,8.0,0.07999999821186066,0.125,0.10999999940395355,0.08322567492723465,0.6418964862823486,272.9383850097656,2.27428936958313,252.76844787597656,247.08302307128906,0.8289270997047424,0.17889466881752014,400.0,0.237224260965983
20171025.0,1.409999966621399,40.0,8.0,0.07999999821186066,0.125,0.10999999940395355,0.08322567492723465,0.6418964862823486,273.4526672363281,2.4490554332733154,247.65367126464844,243.1065216064453,10.685552597045898,0.43016234040260315,400.0,0.2403211593627929
20171026.0,1.409999966621399,40.0,8.0,0.07999999821186066,0.125,0.10999999940395355,0.08322567492723465,0.6418964862823486,271.7105407714844,2.6328341960906982,251.96121215820312,243.77410888671875,2.7161076068878174,0.1164751946926117,400.0,0.2375577290852863
20171027.0,1.409999966621399,40.0,8.0,0.07999999821186066,0.125,0.10999999940395355,0.08322567492723465,0.6418964862823486,272.18634033203125,2.8256258964538574,252.610595703125,246.1836700439453,0.3999844491481781,0.0,400.0,0.2439196904500325
20171028.0,1.409999966621399,40.0,8.0,0.07999999821186066,0.125,0.10999999940395355,0.08322567492723465,0.6418964862823486,273.9436340332031,3.027430534362793,249.44808959960938,241.29153442382812,3.961557149887085,0.29357030987739563,400.0,0.2798837025960285
20171029.0,1.409999966621399,40.0,8.0,0.07999999821186066,0.125,0.10999999940395355,0.08322567492723465,0.6418964862823486,272.2189025878906,3.238247871398926,253.10430908203125,247.24649047851562,0.13801078498363495,0.7830306887626648,400.0,0.2625106175740559
20171030.0,1.409999966621399,40.0,8.0,0.07999999821186066,0.125,0.10999999940395355,0.08322567492723465,0.6418964862823486,270.83807373046875,3.458078145980835,251.96624755859375,244.1806182861328,0.0017089499160647392,0.5560556650161743,400.0,0.2533461252848307
20180407.0,1.409999966621399,40.0,8.0,0.07999999821186066,0.125,0.10999999940395355,0.08322567492723465,0.6418964862823486,273.113037109375,2.029996633529663,258.4608154296875,249.2653350830078,0.0156968142837286,0.670324444770813,400.0,0.1999282836914062
20180408.0,1.409999966621399,40.0,8.0,0.07999999821186066,0.125,0.10999999940395355,0.08322567492723465,0.6418964862823486,272.45867919921875,2.007582187652588,258.3304443359375,249.16529846191406,0.7763658761978149,0.4381410479545593,400.0,0.1998545328776041
20180409.0,1.409999966621399,40.0,8.0,0.07999999821186066,0.125,0.10999999940395355,0.08322567492723465,0.6418964862823486,273.18829345703125,1.9853535890579224,257.2728271484375,251.15255737304688,0.26472145318984985,1.1906682252883911,400.0,0.1995035807291666
20180410.0,1.409999966621399,40.0,8.0,0.07999999821186066,0.125,0.10999999940395355,0.08322567492723465,0.6418964862823486,272.6909484863281,1.9633105993270874,258.03753662109375,248.588134765625,0.0008523463038727641,0.6973969340324402,400.0,0.1992613474527994
20180411.0,1.409999966621399,40.0,8.0,0.07999999821186066,0.125,0.10999999940395355,0.08322567492723465,0.6418964862823486,273.33123779296875,1.9414533376693726,257.0613708496094,249.50791931152344,0.00043511379044502974,0.698828935623169,400.0,0.1991713841756184
20180412.0,1.409999966621399,40.0,8.0,0.07999999821186066,0.125,0.10999999940395355,0.08322567492723465,0.6418964862823486,274.32720947265625,1.9197818040847778,257.26080322265625,247.9449462890625,0.0017114316578954458,0.7448342442512512,400.0,0.1988363265991211
20180413.0,1.409999966621399,40.0,8.0,0.07999999821186066,0.125,0.10999999940395355,0.08322567492723465,0.6418964862823486,274.38690185546875,1.8982959985733032,255.54843139648438,248.3779296875,0.0017127718310803175,0.9257402420043945,400.0,0.1984930038452148
20180414.0,1.409999966621399,40.0,8.0,0.07999999821186066,0.125,0.10999999940395355,0.08322567492723465,0.6418964862823486,275.8741455078125,1.8769959211349487,255.50534057617188,247.8182373046875,0.336974561214447,0.8291723728179932,400.0,0.1982237497965494
20180415.0,1.409999966621399,40.0,8.0,0.07999999821186066,0.125,0.10999999940395355,0.08322567492723465,0.6418964862823486,275.62554931640625,1.8558814525604248,255.4451141357422,246.61563110351562,0.000846385897602886,0.7909249663352966,400.0,0.2085673014322916
20180416.0,1.409999966621399,40.0,8.0,0.07999999821186066,0.125,0.10999999940395355,0.08322567492723465,0.6418964862823486,277.32305908203125,1.8349528312683105,255.398681640625,246.29891967773438,0.003000641940161586,0.5813164114952087,400.0,0.2478202184041341
20180417.0,1.409999966621399,40.0,8.0,0.07999999821186066,0.125,0.10999999940395355,0.08322567492723465,0.6418964862823486,277.708740234375,1.8142098188400269,255.87887573242188,245.0528106689453,0.000858306884765625,0.5128812789916992,400.0,0.2920951843261719
20180418.0,1.409999966621399,40.0,8.0,0.07999999821186066,0.125,0.10999999940395355,0.08322567492723465,0.6418964862823486,276.4754333496094,1.7936526536941528,257.7747497558594,249.24594116210938,0.23252351582050323,0.1854856312274933,400.0,0.2962077458699544
20180419.0,1.409999966621399,40.0,8.0,0.07999999821186066,0.125,0.10999999940395355,0.08322567492723465,0.6418964862823486,278.8715515136719,1.7732809782028198,259.4306640625,246.62643432617188,0.8172281980514526,0.0,400.0,0.3326450983683268
20180420.0,1.409999966621399,40.0,8.0,0.07999999821186066,0.125,0.10999999940395355,0.08322567492723465,0.6418964862823486,278.460205078125,1.7530951499938965,255.3017120361328,242.2330780029297,1.4210346937179565,0.0,400.0,0.3480965296427409
20180421.0,1.409999966621399,40.0,8.0,0.07999999821186066,0.125,0.10999999940395355,0.08322567492723465,0.6418964862823486,276.7605285644531,1.7330951690673828,254.8788299560547,246.2972869873047,2.1533098220825195,0.0011942958226427436,400.0,0.339323361714681
20180422.0,1.409999966621399,40.0,8.0,0.07999999821186066,0.125,0.10999999940395355,0.08322567492723465,0.6418964862823486,275.78570556640625,1.7132806777954102,254.39447021484375,241.57595825195312,0.06578033417463303,0.1817406564950943,400.0,0.3258628845214844
20180423.0,1.409999966621399,40.0,8.0,0.07999999821186066,0.125,0.10999999940395355,0.08322567492723465,0.6418964862823486,275.0844421386719,1.6936520338058472,256.6311950683594,248.35321044921875,1.6981122493743896,0.12469513714313507,400.0,0.3181358973185221
20180424.0,1.409999966621399,40.0,8.0,0.07999999821186066,0.125,0.10999999940395355,0.08322567492723465,0.6418964862823486,274.9649353027344,1.6742091178894043,254.01852416992188,243.7982177734375,4.071354389190674,0.07072526216506958,400.0,0.3214546839396159
20180425.0,1.409999966621399,40.0,8.0,0.07999999821186066,0.125,0.10999999940395355,0.08322567492723465,0.6418964862823486,276.8049621582031,1.6549516916275024,254.4938201904297,245.81307983398438,0.057282038033008575,0.15287524461746216,400.0,0.3249003092447916
20180426.0,1.409999966621399,40.0,8.0,0.07999999821186066,0.125,0.10999999940395355,0.08322567492723465,0.6418964862823486,276.9149475097656,1.6358802318572998,256.0337829589844,248.21920776367188,0.3285338878631592,0.26529213786125183,400.0,0.3260828653971355
20180427.0,1.409999966621399,40.0,8.0,0.07999999821186066,0.125,0.10999999940395355,0.08322567492723465,0.6418964862823486,277.111083984375,1.6169943809509277,255.25537109375,247.175048828125,0.1810348480939865,0.4741193354129791,400.0,0.3238964080810547
20180428.0,1.409999966621399,40.0,8.0,0.07999999821186066,0.125,0.10999999940395355,0.08322567492723465,0.6418964862823486,277.3741760253906,1.598195195198059,253.13632202148438,246.23696899414062,0.3809555768966675,0.24460068345069885,400.0,0.3284985224405924
20180429.0,1.409999966621399,40.0,8.0,0.07999999821186066,0.125,0.10999999940395355,0.08322567492723465,0.6418964862823486,276.7340087890625,1.580368161201477,253.17300415039062,245.66842651367188,1.058454155921936,0.21311190724372864,400.0,0.3287728627522787
20180430.0,1.409999966621399,40.0,8.0,0.07999999821186066,0.125,0.10999999940395355,0.08322567492723465,0.6418964862823486,275.9179382324219,1.5599957704544067,252.70053100585938,245.82167053222656,0.5180026292800903,0.19489151239395142,400.0,0.3224948247273763
20180501.0,1.409999966621399,40.0,8.0,0.07999999821186066,0.125,0.10999999940395355,0.08322567492723465,0.6418964862823486,275.32696533203125,1.545230746269226,251.1622314453125,243.69528198242188,3.197237491607666,0.0,400.0,0.3237533569335937
20180502.0,1.409999966621399,40.0,8.0,0.07999999821186066,0.125,0.10999999940395355,0.08322567492723465,0.6418964862823486,275.60760498046875,1.5414823293685913,250.3485107421875,239.46092224121094,1.0910301208496094,0.0,400.0,0.3412621815999349
20180503.0,1.409999966621399,40.0,8.0,0.07999999821186066,0.125,0.10999999940395355,0.08322567492723465,0.6418964862823486,277.099365234375,1.5431135892868042,248.5101318359375,237.3809051513672,3.507169008255005,0.0,400.0,0.3414379755655924
20180504.0,1.409999966621399,40.0,8.0,0.07999999821186066,0.125,0.10999999940395355,0.08322567492723465,0.6418964862823486,276.1265563964844,1.5420560836791992,247.38046264648438,235.44427490234375,4.833563327789307,0.0,400.0,0.3511476516723633
20180506.0,1.409999966621399,40.0,8.0,0.07999999821186066,0.125,0.10999999940395355,0.08322567492723465,0.6418964862823486,282.9645690917969,1.5415470600128174,248.06719970703125,236.35482788085938,0.001712412922643125,1.0984175205230713,400.0,0.3454510370890299
20180507.0,1.409999966621399,40.0,8.0,0.07999999821186066,0.125,0.10999999940395355,0.08322567492723465,0.6418964862823486,279.67803955078125,1.5400053262710571,245.32135009765625,235.25326538085938,2.5234804153442383,1.6032769680023193,400.0,0.319848378499349
20180508.0,1.409999966621399,40.0,8.0,0.07999999821186066,0.125,0.10999999940395355,0.08322567492723465,0.6418964862823486,280.3945007324219,1.543091893196106,248.41859436035156,237.111328125,0.0,1.4551706314086914,400.0,0.302499771118164
20180509.0,1.409999966621399,40.0,8.0,0.07999999821186066,0.125,0.10999999940395355,0.08322567492723465,0.6418964862823486,283.84185791015625,1.5369261503219604,246.909423828125,234.3779296875,0.0,1.8193856477737427,400.0,0.2917194366455078
20180510.0,1.409999966621399,40.0,8.0,0.07999999821186066,0.125,0.10999999940395355,0.08322567492723465,0.6418964862823486,284.2508239746094,1.5121766328811646,246.54879760742188,233.83773803710938,0.000858306884765625,2.2775089740753174,400.0,0.2738024393717447
20180512.0,1.409999966621399,40.0,8.0,0.07999999821186066,0.125,0.10999999940395355,0.08322567492723465,0.6418964862823486,287.1556396484375,1.4505475759506226,245.81480407714844,235.0786590576172,0.10341490805149078,2.2614376544952393,400.0,0.244659423828125
20180513.0,1.409999966621399,40.0,8.0,0.07999999821186066,0.125,0.10999999940395355,0.08322567492723465,0.6418964862823486,288.2854919433594,1.4215282201766968,247.8074188232422,238.4563446044922,0.0008523463038727641,2.5406062602996826,400.0,0.2317097981770833
20180514.0,1.409999966621399,40.0,8.0,0.07999999821186066,0.125,0.10999999940395355,0.08322567492723465,0.6418964862823486,289.76806640625,1.393082618713379,249.11717224121094,239.40150451660156,0.0,2.5614099502563477,400.0,0.2201999028523762
20180515.0,1.409999966621399,40.0,8.0,0.07999999821186066,0.125,0.10999999940395355,0.08322567492723465,0.6418964862823486,290.5811462402344,1.3661532402038574,250.55279541015625,239.72267150878906,0.37433287501335144,2.2828800678253174,400.0,0.2124369939168294
20180516.0,1.409999966621399,40.0,8.0,0.07999999821186066,0.125,0.10999999940395355,0.08322567492723465,0.6418964862823486,290.2745361328125,1.3364038467407227,251.95606994628906,243.54885864257812,0.03312157839536667,2.6700329780578613,400.0,0.2054678599039713
20180517.0,1.409999966621399,40.0,8.0,0.07999999821186066,0.125,0.10999999940395355,0.08322567492723465,0.6418964862823486,283.1964111328125,1.3138192892074585,251.48101806640625,240.5804901123047,0.5435131192207336,2.241497755050659,400.0,0.2011254628499349
20180518.0,1.409999966621399,40.0,8.0,0.07999999821186066,0.125,0.10999999940395355,0.08322567492723465,0.6418964862823486,282.954345703125,1.3047478199005127,250.23760986328125,239.77389526367188,0.0007044473895803094,2.2390177249908447,400.0,0.1949904759724935
20180519.0,1.409999966621399,40.0,8.0,0.07999999821186066,0.125,0.10999999940395355,0.08322567492723465,0.6418964862823486,284.8393859863281,1.3022003173828125,250.8477783203125,238.35382080078125,0.0,2.1859681606292725,400.0,0.1883831024169921
20180520.0,1.409999966621399,40.0,8.0,0.07999999821186066,0.125,0.10999999940395355,0.08322567492723465,0.6418964862823486,287.14056396484375,1.2964303493499756,251.74484252929688,240.46588134765625,0.000858306884765625,1.9315307140350342,400.0,0.1826210021972656
20180521.0,1.409999966621399,40.0,8.0,0.07999999821186066,0.125,0.10999999940395355,0.08322567492723465,0.6418964862823486,290.5625915527344,1.2916038036346436,254.100830078125,241.53512573242188,0.001277946517802775,2.5437119007110596,400.0,0.1764408747355142
20180522.0,1.409999966621399,40.0,8.0,0.07999999821186066,0.125,0.10999999940395355,0.08322567492723465,0.6418964862823486,289.64581298828125,1.2867060899734497,254.2530059814453,245.4083709716797,0.016442138701677322,2.2870123386383057,400.0,0.169493039449056
20180523.0,1.409999966621399,40.0,8.0,0.07999999821186066,0.125,0.10999999940395355,0.08322567492723465,0.6418964862823486,285.1713562011719,1.2816318273544312,252.62818908691406,242.74826049804688,0.0017831828445196152,2.4033141136169434,400.0,0.1629279454549153
20180524.0,1.409999966621399,40.0,8.0,0.07999999821186066,0.125,0.10999999940395355,0.08322567492723465,0.6418964862823486,286.99761962890625,1.2772610187530518,252.38087463378906,242.5587158203125,0.0012874065432697535,2.2958152294158936,400.0,0.1571334203084309
20180525.0,1.409999966621399,40.0,8.0,0.07999999821186066,0.125,0.10999999940395355,0.08322567492723465,0.6418964862823486,291.3218078613281,1.2715457677841187,254.3555908203125,245.75965881347656,0.00043511379044502974,2.7364728450775146,400.0,0.1498956680297851
20180526.0,1.409999966621399,40.0,8.0,0.07999999821186066,0.125,0.10999999940395355,0.08322567492723465,0.6418964862823486,288.06494140625,1.2631096839904785,255.00396728515625,243.93252563476562,0.0008535890956409276,2.533629894256592,400.0,0.1420103708902994
20180527.0,1.409999966621399,40.0,8.0,0.07999999821186066,0.125,0.10999999940395355,0.08322567492723465,0.6418964862823486,286.8589172363281,1.253393292427063,256.6468505859375,246.25149536132812,0.004267108626663685,2.223517656326294,400.0,0.1360015869140624
20180528.0,1.409999966621399,40.0,8.0,0.07999999821186066,0.125,0.10999999940395355,0.08322567492723465,0.6418964862823486,290.7500915527344,1.2444206476211548,256.0376281738281,247.72833251953125,0.0,2.6056740283966064,400.0,0.129678726196289
20180529.0,1.409999966621399,40.0,8.0,0.07999999821186066,0.125,0.10999999940395355,0.08322567492723465,0.6418964862823486,291.25006103515625,1.2353287935256958,259.685546875,246.78659057617188,0.0012887369375675917,2.75453782081604,400.0,0.122377077738444
20180530.0,1.409999966621399,40.0,8.0,0.07999999821186066,0.125,0.10999999940395355,0.08322567492723465,0.6418964862823486,288.1131286621094,1.2262879610061646,256.01751708984375,247.57650756835938,0.0008553265361115336,2.161900520324707,400.0,0.1163536707560221
20180531.0,1.409999966621399,40.0,8.0,0.07999999821186066,0.125,0.10999999940395355,0.08322567492723465,0.6418964862823486,287.8309020996094,1.2176711559295654,256.37579345703125,246.75262451171875,0.10010736435651779,2.152820110321045,400.0,0.1118720372517903
20180601.0,1.409999966621399,40.0,8.0,0.07999999821186066,0.125,0.10999999940395355,0.08322567492723465,0.6418964862823486,291.837890625,1.2079007625579834,257.9741516113281,247.23782348632812,0.6154107451438904,2.2763450145721436,400.0,0.1102991104125976
20180602.0,1.409999966621399,40.0,8.0,0.07999999821186066,0.125,0.10999999940395355,0.08322567492723465,0.6418964862823486,289.2646484375,1.200637698173523,258.4318542480469,251.70706176757812,0.0021487458143383265,2.220160961151123,400.0,0.1082124710083007
20180603.0,1.409999966621399,40.0,8.0,0.07999999821186066,0.125,0.10999999940395355,0.08322567492723465,0.6418964862823486,287.26434326171875,1.1983271837234497,258.32843017578125,250.2615203857422,0.0008540565613657236,1.9283689260482788,400.0,0.1035337448120116
20180604.0,1.409999966621399,40.0,8.0,0.07999999821186066,0.125,0.10999999940395355,0.08322567492723465,0.6418964862823486,282.8542785644531,1.1984366178512573,255.85935974121094,248.33660888671875,0.10251446068286896,2.3600411415100098,400.0,0.100625991821289
20180605.0,1.409999966621399,40.0,8.0,0.07999999821186066,0.125,0.10999999940395355,0.08322567492723465,0.6418964862823486,281.9630126953125,1.1973378658294678,254.9071502685547,247.37612915039062,0.1486290842294693,1.9797046184539795,400.0,0.098639170328776
20180606.0,1.409999966621399,40.0,8.0,0.07999999821186066,0.125,0.10999999940395355,0.08322567492723465,0.6418964862823486,282.43817138671875,1.196584939956665,257.19647216796875,248.20364379882812,0.3733181059360504,1.7494962215423584,400.0,0.0978647867838541
20180607.0,1.409999966621399,40.0,8.0,0.07999999821186066,0.125,0.10999999940395355,0.08322567492723465,0.6418964862823486,282.7074890136719,1.1958078145980835,256.98333740234375,250.32366943359375,2.019641160964966,2.2911880016326904,400.0,0.108141263326009
20180608.0,1.409999966621399,40.0,8.0,0.07999999821186066,0.125,0.10999999940395355,0.08322567492723465,0.6418964862823486,283.52862548828125,1.194884181022644,255.6446075439453,247.2086639404297,0.00171661376953125,1.5480738878250122,400.0,0.106173833211263
20180609.0,1.409999966621399,40.0,8.0,0.07999999821186066,0.125,0.10999999940395355,0.08322567492723465,0.6418964862823486,285.97784423828125,1.194475769996643,258.9880065917969,248.43695068359375,0.0009202644578181207,1.1017733812332153,400.0,0.1024786631266275
20180610.0,1.409999966621399,40.0,8.0,0.07999999821186066,0.125,0.10999999940395355,0.08322567492723465,0.6418964862823486,290.00933837890625,1.1930396556854248,257.6106872558594,248.4481201171875,0.04598326236009598,1.6903810501098633,400.0,0.0987682342529296
20180611.0,1.409999966621399,40.0,8.0,0.07999999821186066,0.125,0.10999999940395355,0.08322567492723465,0.6418964862823486,288.5541687011719,1.1895215511322021,258.6183166503906,251.5067138671875,0.002167168539017439,1.8540664911270142,400.0,0.093579610188802
20180612.0,1.409999966621399,40.0,8.0,0.07999999821186066,0.125,0.10999999940395355,0.08322567492723465,0.6418964862823486,284.2155456542969,1.184995412826538,258.5321044921875,247.62571716308594,1.0283201932907104,1.4254400730133057,400.0,0.09339173634847
20180613.0,1.409999966621399,40.0,8.0,0.07999999821186066,0.125,0.10999999940395355,0.08322567492723465,0.6418964862823486,284.122802734375,1.1809964179992676,259.2533874511719,250.63888549804688,1.0130925178527832,1.6743431091308594,400.0,0.0983231862386067
20180614.0,1.409999966621399,40.0,8.0,0.07999999821186066,0.125,0.10999999940395355,0.08322567492723465,0.6418964862823486,284.9151306152344,1.1768685579299927,258.744384765625,250.2471466064453,0.43746915459632874,1.3961960077285767,400.0,0.0988136927286783
20180615.0,1.409999966621399,40.0,8.0,0.07999999821186066,0.125,0.10999999940395355,0.08322567492723465,0.6418964862823486,287.838134765625,1.1727559566497803,260.296630859375,251.74502563476562,3.3045318126678467,2.4312784671783447,400.0,0.1086365381876627
20180616.0,1.409999966621399,40.0,8.0,0.07999999821186066,0.125,0.10999999940395355,0.08322567492723465,0.6418964862823486,287.9237976074219,1.1688129901885986,258.7549133300781,250.29638671875,3.0708045959472656,2.0982472896575928,400.0,0.1319503784179687
20180617.0,1.409999966621399,40.0,8.0,0.07999999821186066,0.125,0.10999999940395355,0.08322567492723465,0.6418964862823486,288.1886291503906,1.1643521785736084,260.7972106933594,251.96298217773438,2.2195866107940674,2.0364153385162354,400.0,0.1449762980143228
20180618.0,1.409999966621399,40.0,8.0,0.07999999821186066,0.125,0.10999999940395355,0.08322567492723465,0.6418964862823486,285.9920959472656,1.1609734296798706,258.30609130859375,248.32040405273438,7.613651752471924,2.04756760597229,400.0,0.220489501953125
20180619.0,1.409999966621399,40.0,8.0,0.07999999821186066,0.125,0.10999999940395355,0.08322567492723465,0.6418964862823486,285.25897216796875,1.1597615480422974,258.63079833984375,247.4112091064453,8.552543640136719,3.0670900344848633,400.0,0.2386051813761392
20180620.0,1.409999966621399,40.0,8.0,0.07999999821186066,0.125,0.10999999940395355,0.08322567492723465,0.6418964862823486,285.63250732421875,1.1596115827560425,257.46954345703125,246.13609313964844,0.5373255610466003,2.765294075012207,400.0,0.2137002944946289
20180621.0,1.409999966621399,40.0,8.0,0.07999999821186066,0.125,0.10999999940395355,0.08322567492723465,0.6418964862823486,286.30426025390625,1.1589314937591553,257.4706726074219,247.2449951171875,0.059085384011268616,2.388849973678589,400.0,0.1926275889078775
20180622.0,1.409999966621399,40.0,8.0,0.07999999821186066,0.125,0.10999999940395355,0.08322567492723465,0.6418964862823486,282.2378234863281,1.1584031581878662,256.751708984375,248.97549438476562,23.365982055664062,4.289431095123291,400.0,0.2432155609130859
20180624.0,1.409999966621399,40.0,8.0,0.07999999821186066,0.125,0.10999999940395355,0.08322567492723465,0.6418964862823486,287.25408935546875,1.1570919752120972,256.04315185546875,247.33367919921875,0.0034415889531373978,3.1421706676483154,400.0,0.2284428278605142
20180625.0,1.409999966621399,40.0,8.0,0.07999999821186066,0.125,0.10999999940395355,0.08322567492723465,0.6418964862823486,288.7513122558594,1.1573071479797363,258.4732971191406,248.56158447265625,0.006716106552630663,2.418043851852417,400.0,0.210947036743164
20180626.0,1.409999966621399,40.0,8.0,0.07999999821186066,0.125,0.10999999940395355,0.08322567492723465,0.6418964862823486,289.4908142089844,1.1554930210113525,258.4674072265625,249.7179412841797,0.00343281589448452,3.1680407524108887,400.0,0.1971600850423177
20180627.0,1.409999966621399,40.0,8.0,0.07999999821186066,0.125,0.10999999940395355,0.08322567492723465,0.6418964862823486,288.6651611328125,1.149577260017395,258.66839599609375,250.89987182617188,0.00043511379044502974,3.1979193687438965,400.0,0.1829328536987304
20180628.0,1.409999966621399,40.0,8.0,0.07999999821186066,0.125,0.10999999940395355,0.08322567492723465,0.6418964862823486,285.7247619628906,1.1416970491409302,261.0775451660156,249.6710205078125,12.289267539978027,2.7006032466888428,400.0,0.2130168279012044
20180629.0,1.409999966621399,40.0,8.0,0.07999999821186066,0.125,0.10999999940395355,0.08322567492723465,0.6418964862823486,284.768798828125,1.1348730325698853,256.9707946777344,248.08120727539062,0.6601924896240234,3.5105669498443604,400.0,0.2456188201904297
20180630.0,1.409999966621399,40.0,8.0,0.07999999821186066,0.125,0.10999999940395355,0.08322567492723465,0.6418964862823486,284.59918212890625,1.127817153930664,258.1634216308594,249.40347290039062,0.009509401395916939,2.2245936393737793,400.0,0.2190465927124022
20180701.0,1.409999966621399,40.0,8.0,0.07999999821186066,0.125,0.10999999940395355,0.08322567492723465,0.6418964862823486,288.3005676269531,1.1207894086837769,258.91094970703125,250.20965576171875,0.001284480094909668,2.946955680847168,400.0,0.202974001566569
20180702.0,1.409999966621399,40.0,8.0,0.07999999821186066,0.125,0.10999999940395355,0.08322567492723465,0.6418964862823486,288.921630859375,1.1142925024032593,258.01708984375,250.9430389404297,0.0008642672328278422,3.168304204940796,400.0,0.1870317459106445
20180703.0,1.409999966621399,40.0,8.0,0.07999999821186066,0.125,0.10999999940395355,0.08322567492723465,0.6418964862823486,291.4506530761719,1.1061867475509644,262.4827575683594,250.45184326171875,0.022189604118466377,3.03102707862854,400.0,0.1731287638346353
20180704.0,1.409999966621399,40.0,8.0,0.07999999821186066,0.125,0.10999999940395355,0.08322567492723465,0.6418964862823486,288.3829345703125,1.1014386415481567,260.6478576660156,252.3022003173828,0.7596685886383057,2.223086357116699,400.0,0.1650683085123698
20180705.0,1.409999966621399,40.0,8.0,0.07999999821186066,0.125,0.10999999940395355,0.08322567492723465,0.6418964862823486,289.44390869140625,1.1033943891525269,261.4339294433594,252.72015380859375,0.0921839028596878,1.7814843654632568,400.0,0.1629384358723958
20180706.0,1.409999966621399,40.0,8.0,0.07999999821186066,0.125,0.10999999940395355,0.08322567492723465,0.6418964862823486,289.328857421875,1.1086652278900146,262.75799560546875,255.83746337890625,1.1338788270950317,1.402791142463684,400.0,0.1628974278767903
20180707.0,1.409999966621399,40.0,8.0,0.07999999821186066,0.125,0.10999999940395355,0.08322567492723465,0.6418964862823486,288.08416748046875,1.1123007535934448,262.9896545410156,253.27743530273438,0.017696650698781013,1.5984641313552856,400.0,0.1617733637491862
20180708.0,1.409999966621399,40.0,8.0,0.07999999821186066,0.125,0.10999999940395355,0.08322567492723465,0.6418964862823486,290.6604919433594,1.116429090499878,261.29986572265625,252.6028289794922,0.11741114407777786,2.569913625717163,400.0,0.1528606414794921
20180709.0,1.409999966621399,40.0,8.0,0.07999999821186066,0.125,0.10999999940395355,0.08322567492723465,0.6418964862823486,292.2262268066406,1.1205536127090454,262.54156494140625,254.4230499267578,0.11430926620960236,2.0701863765716553,400.0,0.1454083124796549
20180710.0,1.409999966621399,40.0,8.0,0.07999999821186066,0.125,0.10999999940395355,0.08322567492723465,0.6418964862823486,293.5950012207031,1.124397873878479,263.1563720703125,254.71099853515625,0.13233211636543274,2.120901346206665,400.0,0.1386763254801432
20180711.0,1.409999966621399,40.0,8.0,0.07999999821186066,0.125,0.10999999940395355,0.08322567492723465,0.6418964862823486,294.3160400390625,1.1293100118637085,264.3621826171875,256.04608154296875,0.00042617321014404297,2.8799378871917725,400.0,0.1292311350504557
20180712.0,1.409999966621399,40.0,8.0,0.07999999821186066,0.125,0.10999999940395355,0.08322567492723465,0.6418964862823486,293.1011962890625,1.1321347951889038,264.2203369140625,254.8890380859375,0.010678495280444622,2.3512656688690186,400.0,0.1193888982137044
20180713.0,1.409999966621399,40.0,8.0,0.07999999821186066,0.125,0.10999999940395355,0.08322567492723465,0.6418964862823486,291.86474609375,1.1306726932525635,263.6645812988281,255.85702514648438,5.694380283355713,2.772003412246704,400.0,0.1361977259318033
20180714.0,1.409999966621399,40.0,8.0,0.07999999821186066,0.125,0.10999999940395355,0.08322567492723465,0.6418964862823486,293.7318115234375,1.1271107196807861,263.29266357421875,255.03012084960938,0.10765834897756577,2.616715431213379,400.0,0.1607233683268229
20180715.0,1.409999966621399,40.0,8.0,0.07999999821186066,0.125,0.10999999940395355,0.08322567492723465,0.6418964862823486,294.28350830078125,1.1246089935302734,264.46160888671875,258.3565673828125,1.4310086965560913,2.6545090675354004,400.0,0.1540578206380208
20180716.0,1.409999966621399,40.0,8.0,0.07999999821186066,0.125,0.10999999940395355,0.08322567492723465,0.6418964862823486,295.4884948730469,1.1218156814575195,265.87176513671875,256.1390380859375,0.0008511787164025009,2.710742473602295,400.0,0.1481126149495442
20180717.0,1.409999966621399,40.0,8.0,0.07999999821186066,0.125,0.10999999940395355,0.08322567492723465,0.6418964862823486,297.02581787109375,1.1190639734268188,265.52593994140625,256.7724914550781,0.000858306884765625,2.7428958415985107,400.0,0.1336625417073567
20180718.0,1.409999966621399,40.0,8.0,0.07999999821186066,0.125,0.10999999940395355,0.08322567492723465,0.6418964862823486,297.6042175292969,1.1163533926010132,266.5978088378906,256.6980895996094,0.045417554676532745,2.424471139907837,400.0,0.1210457483927407
20180719.0,1.409999966621399,40.0,8.0,0.07999999821186066,0.125,0.10999999940395355,0.08322567492723465,0.6418964862823486,297.25653076171875,1.1135363578796387,265.8914794921875,258.10638427734375,0.0004462282231543213,2.655163288116455,400.0,0.1099519729614257
20180720.0,1.409999966621399,40.0,8.0,0.07999999821186066,0.125,0.10999999940395355,0.08322567492723465,0.6418964862823486,296.2234802246094,1.1109566688537598,265.83111572265625,257.7730712890625,0.07072114944458008,1.9723310470581055,400.0,0.1011330286661782
20180721.0,1.409999966621399,40.0,8.0,0.07999999821186066,0.125,0.10999999940395355,0.08322567492723465,0.6418964862823486,295.0774841308594,1.108848214149475,265.95294189453125,259.03753662109375,5.5251264572143555,2.4214096069335938,400.0,0.124086062113444
20180722.0,1.409999966621399,40.0,8.0,0.07999999821186066,0.125,0.10999999940395355,0.08322567492723465,0.6418964862823486,292.12158203125,1.1069719791412354,267.21624755859375,257.1827697753906,13.533549308776855,2.94173526763916,400.0,0.2214237848917643
20180723.0,1.409999966621399,40.0,8.0,0.07999999821186066,0.125,0.10999999940395355,0.08322567492723465,0.6418964862823486,293.79449462890625,1.1049864292144775,262.359375,255.15072631835938,5.998232841491699,2.819218635559082,400.0,0.23846435546875
20180724.0,1.409999966621399,40.0,8.0,0.07999999821186066,0.125,0.10999999940395355,0.08322567492723465,0.6418964862823486,293.8504638671875,1.1030375957489014,266.3848876953125,254.59910583496094,0.0012755393981933594,3.148083209991455,400.0,0.2156950632731119
20180725.0,1.409999966621399,40.0,8.0,0.07999999821186066,0.125,0.10999999940395355,0.08322567492723465,0.6418964862823486,294.939453125,1.10106360912323,265.93353271484375,257.3582763671875,0.20895616710186005,2.512641668319702,400.0,0.1905253728230794
20180726.0,1.409999966621399,40.0,8.0,0.07999999821186066,0.125,0.10999999940395355,0.08322567492723465,0.6418964862823486,292.2769470214844,1.099298119544983,261.82049560546875,252.67755126953125,8.563711166381836,2.6640093326568604,400.0,0.2356011072794596
20180727.0,1.409999966621399,40.0,8.0,0.07999999821186066,0.125,0.10999999940395355,0.08322567492723465,0.6418964862823486,292.7162780761719,1.0968233346939087,264.82427978515625,255.3722686767578,0.32890385389328003,3.1323647499084473,400.0,0.2101338704427083
20180728.0,1.409999966621399,40.0,8.0,0.07999999821186066,0.125,0.10999999940395355,0.08322567492723465,0.6418964862823486,293.5845642089844,1.0957781076431274,265.77587890625,255.45736694335938,1.786840796470642,2.7767109870910645,400.0,0.2019281387329101
20180729.0,1.409999966621399,40.0,8.0,0.07999999821186066,0.125,0.10999999940395355,0.08322567492723465,0.6418964862823486,293.2817687988281,1.097629427909851,265.1395568847656,257.35797119140625,6.25158166885376,1.8747066259384155,400.0,0.2104171117146809
20180730.0,1.409999966621399,40.0,8.0,0.07999999821186066,0.125,0.10999999940395355,0.08322567492723465,0.6418964862823486,293.4869384765625,1.1009156703948975,259.9993591308594,249.65357971191406,7.843745708465576,2.254310131072998,400.0,0.2584873835245768
20180731.0,1.409999966621399,40.0,8.0,0.07999999821186066,0.125,0.10999999940395355,0.08322567492723465,0.6418964862823486,295.2867736816406,1.1034959554672241,264.64678955078125,254.9182891845703,4.6480631828308105,2.635319232940674,400.0,0.2527084350585937
20180801.0,1.409999966621399,40.0,8.0,0.07999999821186066,0.125,0.10999999940395355,0.08322567492723465,0.6418964862823486,295.67279052734375,1.1062896251678467,265.8193054199219,257.29376220703125,0.11738894134759903,2.5189151763916016,400.0,0.231753667195638
20180802.0,1.409999966621399,40.0,8.0,0.07999999821186066,0.125,0.10999999940395355,0.08322567492723465,0.6418964862823486,295.06488037109375,1.1091073751449585,266.7723388671875,255.61309814453125,1.4191418886184692,2.6056199073791504,400.0,0.2186447779337565
20180803.0,1.409999966621399,40.0,8.0,0.07999999821186066,0.125,0.10999999940395355,0.08322567492723465,0.6418964862823486,293.641357421875,1.1116054058074951,264.88873291015625,257.235107421875,0.08656454086303711,2.9278507232666016,400.0,0.2069533665974935
20180804.0,1.409999966621399,40.0,8.0,0.07999999821186066,0.125,0.10999999940395355,0.08322567492723465,0.6418964862823486,291.88494873046875,1.1152650117874146,264.50823974609375,255.97055053710938,6.493790715467185e-05,2.844661235809326,400.0,0.1922025680541992
20180805.0,1.409999966621399,40.0,8.0,0.07999999821186066,0.125,0.10999999940395355,0.08322567492723465,0.6418964862823486,287.8621826171875,1.1166224479675293,261.56427001953125,255.5130615234375,6.216436386108398,2.9846606254577637,400.0,0.1991408665974934
20180806.0,1.409999966621399,40.0,8.0,0.07999999821186066,0.125,0.10999999940395355,0.08322567492723465,0.6418964862823486,286.45452880859375,1.1132820844650269,259.4815673828125,251.28890991210938,3.5510525703430176,3.356745719909668,400.0,0.2371886571248372
20180807.0,1.409999966621399,40.0,8.0,0.07999999821186066,0.125,0.10999999940395355,0.08322567492723465,0.6418964862823486,289.20648193359375,1.107660174369812,260.123291015625,252.12722778320312,0.014349149540066719,2.7126269340515137,400.0,0.2173452377319336
20180808.0,1.409999966621399,40.0,8.0,0.07999999821186066,0.125,0.10999999940395355,0.08322567492723465,0.6418964862823486,291.34832763671875,1.103212833404541,263.2057189941406,253.9822998046875,4.645294666290283,2.3081934452056885,400.0,0.2053950627644856
20180809.0,1.409999966621399,40.0,8.0,0.07999999821186066,0.125,0.10999999940395355,0.08322567492723465,0.6418964862823486,293.19854736328125,1.0984641313552856,265.44854736328125,255.85914611816406,0.7510944604873657,3.0575103759765625,400.0,0.232855478922526
20180810.0,1.409999966621399,40.0,8.0,0.07999999821186066,0.125,0.10999999940395355,0.08322567492723465,0.6418964862823486,290.5165100097656,1.093717336654663,264.8094482421875,255.1917724609375,11.351665496826172,1.4934570789337158,400.0,0.2467625935872395
20180811.0,1.409999966621399,40.0,8.0,0.07999999821186066,0.125,0.10999999940395355,0.08322567492723465,0.6418964862823486,288.5166015625,1.0895079374313354,263.40576171875,252.15008544921875,0.007931252010166645,3.137847661972046,400.0,0.2458327611287434
20180812.0,1.409999966621399,40.0,8.0,0.07999999821186066,0.125,0.10999999940395355,0.08322567492723465,0.6418964862823486,286.7006530761719,1.0835405588150024,260.2078552246094,253.559814453125,0.03254508972167969,2.5202388763427734,400.0,0.2222572962443033
20180813.0,1.409999966621399,40.0,8.0,0.07999999821186066,0.125,0.10999999940395355,0.08322567492723465,0.6418964862823486,285.9112854003906,1.0811514854431152,263.1004638671875,254.19309997558594,0.6158232092857361,1.8237797021865845,400.0,0.2144419352213541
20180814.0,1.409999966621399,40.0,8.0,0.07999999821186066,0.125,0.10999999940395355,0.08322567492723465,0.6418964862823486,285.0976867675781,1.0859839916229248,261.89349365234375,253.75286865234375,0.9573994874954224,1.5342210531234741,400.0,0.2107690175374349
20180815.0,1.409999966621399,40.0,8.0,0.07999999821186066,0.125,0.10999999940395355,0.08322567492723465,0.6418964862823486,286.0948181152344,1.0944366455078125,262.23016357421875,254.30648803710938,0.004043688531965017,1.5519344806671143,400.0,0.2062775293986002
20180816.0,1.409999966621399,40.0,8.0,0.07999999821186066,0.125,0.10999999940395355,0.08322567492723465,0.6418964862823486,287.6141662597656,1.101157784461975,262.24346923828125,253.59780883789062,2.5651609897613525,1.8542749881744385,400.0,0.2068681716918945
20180817.0,1.409999966621399,40.0,8.0,0.07999999821186066,0.125,0.10999999940395355,0.08322567492723465,0.6418964862823486,290.83172607421875,1.1084535121917725,263.31256103515625,255.92715454101562,1.0666500329971313,1.863619327545166,400.0,0.2131757736206054
20180818.0,1.409999966621399,40.0,8.0,0.07999999821186066,0.125,0.10999999940395355,0.08322567492723465,0.6418964862823486,288.32470703125,1.1157982349395752,263.89581298828125,253.9351806640625,4.3749871253967285,2.588059425354004,400.0,0.2103551228841145
20180819.0,1.409999966621399,40.0,8.0,0.07999999821186066,0.125,0.10999999940395355,0.08322567492723465,0.6418964862823486,286.8949890136719,1.1227678060531616,259.775146484375,251.57452392578125,0.005680698435753584,2.8916282653808594,400.0,0.2249279022216796
20180820.0,1.409999966621399,40.0,8.0,0.07999999821186066,0.125,0.10999999940395355,0.08322567492723465,0.6418964862823486,285.75390625,1.1313279867172241,260.8406982421875,252.8941650390625,0.0004496397159527987,2.0808217525482178,400.0,0.2057361602783203
20180821.0,1.409999966621399,40.0,8.0,0.07999999821186066,0.125,0.10999999940395355,0.08322567492723465,0.6418964862823486,284.3905334472656,1.1368677616119385,260.5116271972656,251.83969116210938,0.07156748324632645,2.1075539588928223,400.0,0.194098154703776
20180822.0,1.409999966621399,40.0,8.0,0.07999999821186066,0.125,0.10999999940395355,0.08322567492723465,0.6418964862823486,283.4914245605469,1.1361318826675415,259.7886962890625,253.11483764648438,4.067661762237549,1.2722036838531494,400.0,0.2002766927083333
20180823.0,1.409999966621399,40.0,8.0,0.07999999821186066,0.125,0.10999999940395355,0.08322567492723465,0.6418964862823486,286.61865234375,1.1323119401931763,257.8077697753906,250.14578247070312,0.5549388527870178,2.5281050205230713,400.0,0.216094970703125
20180824.0,1.409999966621399,40.0,8.0,0.07999999821186066,0.125,0.10999999940395355,0.08322567492723465,0.6418964862823486,284.82171630859375,1.130042314529419,259.5393981933594,251.00765991210938,15.286823272705078,0.808515727519989,400.0,0.2613077163696288
20180825.0,1.409999966621399,40.0,8.0,0.07999999821186066,0.125,0.10999999940395355,0.08322567492723465,0.6418964862823486,285.60894775390625,1.12734055519104,257.4871826171875,248.7401123046875,4.060109615325928,2.299346446990967,400.0,0.2754551569620768
20180826.0,1.409999966621399,40.0,8.0,0.07999999821186066,0.125,0.10999999940395355,0.08322567492723465,0.6418964862823486,282.7962951660156,1.1246349811553955,255.986083984375,250.11984252929688,6.680117607116699,1.5655874013900757,400.0,0.2671842575073242
20180827.0,1.409999966621399,40.0,8.0,0.07999999821186066,0.125,0.10999999940395355,0.08322567492723465,0.6418964862823486,284.3049011230469,1.1224647760391235,256.00830078125,248.51173400878906,0.05462106317281723,2.0457866191864014,400.0,0.2576500574747721
20180828.0,1.409999966621399,40.0,8.0,0.07999999821186066,0.125,0.10999999940395355,0.08322567492723465,0.6418964862823486,285.6327819824219,1.1184598207473755,258.922607421875,249.76361083984375,0.5536884069442749,1.2365837097167969,400.0,0.2423416773478189
20180829.0,1.409999966621399,40.0,8.0,0.07999999821186066,0.125,0.10999999940395355,0.08322567492723465,0.6418964862823486,286.47735595703125,1.1181398630142212,259.28125,252.21649169921875,0.5333350896835327,0.9994727373123169,400.0,0.2362626393636067
20180830.0,1.409999966621399,40.0,8.0,0.07999999821186066,0.125,0.10999999940395355,0.08322567492723465,0.6418964862823486,286.31488037109375,1.1253199577331543,261.2957763671875,251.83905029296875,2.230746269226074,1.7433027029037476,400.0,0.2349379857381185
20180831.0,1.409999966621399,40.0,8.0,0.07999999821186066,0.125,0.10999999940395355,0.08322567492723465,0.6418964862823486,284.9813537597656,1.1362969875335693,256.33551025390625,249.4069061279297,0.000852346362080425,1.829277753829956,400.0,0.2311655680338541
20180901.0,1.409999966621399,40.0,8.0,0.07999999821186066,0.125,0.10999999940395355,0.08322567492723465,0.6418964862823486,284.9139709472656,1.1455096006393433,257.19622802734375,248.30136108398438,0.0026050766464322805,1.4019122123718262,400.0,0.2196426391601562
20180902.0,1.409999966621399,40.0,8.0,0.07999999821186066,0.125,0.10999999940395355,0.08322567492723465,0.6418964862823486,286.92840576171875,1.1553575992584229,258.73846435546875,248.03033447265625,0.0010869922116398811,1.4779380559921265,400.0,0.2110923131306966
20180903.0,1.409999966621399,40.0,8.0,0.07999999821186066,0.125,0.10999999940395355,0.08322567492723465,0.6418964862823486,287.90673828125,1.1652634143829346,258.529052734375,252.32357788085938,0.0021517276763916016,1.4980740547180176,400.0,0.2033198674519856
20180904.0,1.409999966621399,40.0,8.0,0.07999999821186066,0.125,0.10999999940395355,0.08322567492723465,0.6418964862823486,287.2165222167969,1.1750537157058716,262.1080322265625,250.0681915283203,0.8598872423171997,1.3144108057022095,400.0,0.1997903188069661
20180905.0,1.409999966621399,40.0,8.0,0.07999999821186066,0.125,0.10999999940395355,0.08322567492723465,0.6418964862823486,286.13592529296875,1.1856980323791504,259.98193359375,251.364013671875,0.0004410743713378906,1.6189297437667847,400.0,0.1979808807373046
20180906.0,1.409999966621399,40.0,8.0,0.07999999821186066,0.125,0.10999999940395355,0.08322567492723465,0.6418964862823486,284.6609802246094,1.1949197053909302,260.4834899902344,250.3680419921875,0.003445147769525647,1.1805788278579712,400.0,0.1918805440266927
20180907.0,1.409999966621399,40.0,8.0,0.07999999821186066,0.125,0.10999999940395355,0.08322567492723465,0.6418964862823486,284.66693115234375,1.2010858058929443,258.9325866699219,252.49195861816406,0.0005264725768938661,1.0509268045425415,400.0,0.1872444152832031
20180908.0,1.409999966621399,40.0,8.0,0.07999999821186066,0.125,0.10999999940395355,0.08322567492723465,0.6418964862823486,285.9708251953125,1.2057393789291382,261.39813232421875,252.92884826660156,1.1511969566345215,0.9264859557151794,400.0,0.1850655873616536
20180909.0,1.409999966621399,40.0,8.0,0.07999999821186066,0.125,0.10999999940395355,0.08322567492723465,0.6418964862823486,286.89794921875,1.2111903429031372,261.30908203125,254.41265869140625,1.8227622509002686,0.9293596744537354,400.0,0.1984879175821939
20180910.0,1.409999966621399,40.0,8.0,0.07999999821186066,0.125,0.10999999940395355,0.08322567492723465,0.6418964862823486,286.28790283203125,1.2164454460144043,263.2242431640625,252.84521484375,5.592993259429932,1.4620944261550903,400.0,0.2079461415608723
20180911.0,1.409999966621399,40.0,8.0,0.07999999821186066,0.125,0.10999999940395355,0.08322567492723465,0.6418964862823486,285.1546936035156,1.2217546701431274,259.25531005859375,250.59463500976562,2.9079582691192627,1.4696335792541504,400.0,0.250166893005371
20180912.0,1.409999966621399,40.0,8.0,0.07999999821186066,0.125,0.10999999940395355,0.08322567492723465,0.6418964862823486,282.63604736328125,1.22708261013031,256.9986572265625,249.85679626464844,5.8179030418396,2.066221237182617,400.0,0.2516530354817707
20180913.0,1.409999966621399,40.0,8.0,0.07999999821186066,0.125,0.10999999940395355,0.08322567492723465,0.6418964862823486,283.016845703125,1.232459545135498,258.23468017578125,246.4746551513672,0.010961780324578285,1.40198814868927,400.0,0.2426649729410807
20180914.0,1.409999966621399,40.0,8.0,0.07999999821186066,0.125,0.10999999940395355,0.08322567492723465,0.6418964862823486,282.2010803222656,1.2378147840499878,256.3121643066406,249.22735595703125,2.3250593983448198e-07,0.9958406686782837,400.0,0.2269465128580729
20180915.0,1.409999966621399,40.0,8.0,0.07999999821186066,0.125,0.10999999940395355,0.08322567492723465,0.6418964862823486,281.8224182128906,1.2430990934371948,255.65359497070312,247.05471801757812,2.8935651779174805,1.4254103899002075,400.0,0.2356252670288084
20180916.0,1.409999966621399,40.0,8.0,0.07999999821186066,0.125,0.10999999940395355,0.08322567492723465,0.6418964862823486,282.1231994628906,1.24836003780365,257.2242736816406,247.8472900390625,0.0,1.263127326965332,400.0,0.227396011352539
20180917.0,1.409999966621399,40.0,8.0,0.07999999821186066,0.125,0.10999999940395355,0.08322567492723465,0.6418964862823486,280.3758850097656,1.2536689043045044,254.9434814453125,247.4857940673828,1.4228967428207397,0.9724645018577576,400.0,0.2261199951171875
20180918.0,1.409999966621399,40.0,8.0,0.07999999821186066,0.125,0.10999999940395355,0.08322567492723465,0.6418964862823486,282.62921142578125,1.2589948177337646,256.5995178222656,247.16705322265625,1.70759117603302,0.7023443579673767,400.0,0.2250951131184896
20180919.0,1.409999966621399,40.0,8.0,0.07999999821186066,0.125,0.10999999940395355,0.08322567492723465,0.6418964862823486,284.4761657714844,1.2644124031066895,259.5087890625,248.80581665039062,0.9136247038841248,0.46176567673683167,400.0,0.2349205017089843
20180920.0,1.409999966621399,40.0,8.0,0.07999999821186066,0.125,0.10999999940395355,0.08322567492723465,0.6418964862823486,285.35528564453125,1.2693191766738892,256.2097473144531,247.32839965820312,0.665955126285553,1.773860216140747,400.0,0.2267077763875325
20180921.0,1.409999966621399,40.0,8.0,0.07999999821186066,0.125,0.10999999940395355,0.08322567492723465,0.6418964862823486,283.2579650878906,1.2761285305023193,253.7125701904297,244.95770263671875,2.7304325103759766,0.9419779777526855,400.0,0.2236531575520833
20180922.0,1.409999966621399,40.0,8.0,0.07999999821186066,0.125,0.10999999940395355,0.08322567492723465,0.6418964862823486,283.0260009765625,1.2791928052902222,254.53659057617188,246.7355194091797,6.9170026779174805,2.6287105083465576,400.0,0.2586863835652668
20180923.0,1.409999966621399,40.0,8.0,0.07999999821186066,0.125,0.10999999940395355,0.08322567492723465,0.6418964862823486,280.62322998046875,1.274588942527771,254.63534545898438,245.30136108398438,0.0025725204031914473,1.2869946956634521,400.0,0.2409044901529947
20180924.0,1.409999966621399,40.0,8.0,0.07999999821186066,0.125,0.10999999940395355,0.08322567492723465,0.6418964862823486,278.7279357910156,1.2662591934204102,254.75262451171875,244.52328491210938,0.001716613071039319,1.4355062246322632,400.0,0.2272577285766601
20180925.0,1.409999966621399,40.0,8.0,0.07999999821186066,0.125,0.10999999940395355,0.08322567492723465,0.6418964862823486,278.98443603515625,1.259844183921814,253.54234313964844,244.61782836914062,0.15634874999523163,0.8169057965278625,400.0,0.21990966796875
20180926.0,1.409999966621399,40.0,8.0,0.07999999821186066,0.125,0.10999999940395355,0.08322567492723465,0.6418964862823486,280.2140808105469,1.252935528755188,253.50726318359375,245.05712890625,4.847625255584717,1.847503662109375,400.0,0.2439053853352863
20180927.0,1.409999966621399,40.0,8.0,0.07999999821186066,0.125,0.10999999940395355,0.08322567492723465,0.6418964862823486,278.1212158203125,1.246051549911499,252.37533569335938,243.61260986328125,0.0017114607617259026,1.2405555248260498,400.0,0.2328325907389323
20180928.0,1.409999966621399,40.0,8.0,0.07999999821186066,0.125,0.10999999940395355,0.08322567492723465,0.6418964862823486,274.27471923828125,1.2398548126220703,254.99407958984375,247.1014404296875,0.029714062809944153,0.563103973865509,400.0,0.2241605122884114
20180929.0,1.409999966621399,40.0,8.0,0.07999999821186066,0.125,0.10999999940395355,0.08322567492723465,0.6418964862823486,274.6799011230469,1.2314423322677612,255.449462890625,249.82086181640625,3.3082451820373535,0.7760900855064392,400.0,0.2284584045410156
20180930.0,1.409999966621399,40.0,8.0,0.07999999821186066,0.125,0.10999999940395355,0.08322567492723465,0.6418964862823486,277.8955078125,1.2275609970092773,252.15353393554688,244.97528076171875,0.000858306884765625,0.8981395363807678,400.0,0.2354996999104818
20181001.0,1.409999966621399,40.0,8.0,0.07999999821186066,0.125,0.10999999940395355,0.08322567492723465,0.6418964862823486,277.4634094238281,1.232803225517273,251.87646484375,244.33673095703125,0.02927490696310997,0.5448192358016968,400.0,0.2253154118855794
20181002.0,1.409999966621399,40.0,8.0,0.07999999821186066,0.125,0.10999999940395355,0.08322567492723465,0.6418964862823486,275.5378723144531,1.242598533630371,249.92019653320312,242.1590576171875,0.013949348591268063,0.5221052765846252,400.0,0.219455083211263
20181003.0,1.409999966621399,40.0,8.0,0.07999999821186066,0.125,0.10999999940395355,0.08322567492723465,0.6418964862823486,274.0437927246094,1.2501916885375977,252.41790771484375,246.42190551757812,0.12886708974838257,0.376303493976593,400.0,0.215884526570638
20181004.0,1.409999966621399,40.0,8.0,0.07999999821186066,0.125,0.10999999940395355,0.08322567492723465,0.6418964862823486,273.683837890625,1.2584915161132812,253.99205017089844,245.30267333984375,0.02730960212647915,0.41381046175956726,400.0,0.2129446665445963
20181005.0,1.409999966621399,40.0,8.0,0.07999999821186066,0.125,0.10999999940395355,0.08322567492723465,0.6418964862823486,277.32666015625,1.2668696641921997,249.41879272460938,240.14422607421875,6.541571140289307,1.0235934257507324,400.0,0.2533747355143229
20181006.0,1.409999966621399,40.0,8.0,0.07999999821186066,0.125,0.10999999940395355,0.08322567492723465,0.6418964862823486,277.4039611816406,1.274482011795044,249.96031188964844,243.7829132080078,0.0038356706500053406,0.7374617457389832,400.0,0.2366307576497395
20181007.0,1.409999966621399,40.0,8.0,0.07999999821186066,0.125,0.10999999940395355,0.08322567492723465,0.6418964862823486,273.7081298828125,1.2850489616394043,253.53982543945312,245.3270263671875,0.000852346362080425,0.5029814839363098,400.0,0.2272469202677408
20181008.0,1.409999966621399,40.0,8.0,0.07999999821186066,0.125,0.10999999940395355,0.08322567492723465,0.6418964862823486,274.2654113769531,1.2898504734039307,254.58258056640625,246.08627319335938,2.0045487880706787,0.4555119276046753,400.0,0.2322282791137695
20181009.0,1.409999966621399,40.0,8.0,0.07999999821186066,0.125,0.10999999940395355,0.08322567492723465,0.6418964862823486,276.4988708496094,1.2828024625778198,252.14779663085938,245.02041625976562,1.5150684118270874,0.5178190469741821,400.0,0.232882817586263
20181010.0,1.409999966621399,40.0,8.0,0.07999999821186066,0.125,0.10999999940395355,0.08322567492723465,0.6418964862823486,278.7353210449219,1.2700316905975342,252.82359313964844,244.41082763671875,0.006519588176161051,0.664593517780304,400.0,0.2354675928751627
20181011.0,1.409999966621399,40.0,8.0,0.07999999821186066,0.125,0.10999999940395355,0.08322567492723465,0.6418964862823486,280.33453369140625,1.2602423429489136,251.603515625,244.66909790039062,0.06080521270632744,0.21192027628421783,400.0,0.226981480916341
20181012.0,1.409999966621399,40.0,8.0,0.07999999821186066,0.125,0.10999999940395355,0.08322567492723465,0.6418964862823486,280.2201843261719,1.249725341796875,254.3170623779297,243.958740234375,0.2507305145263672,0.15054170787334442,400.0,0.2235968907674153
20181013.0,1.409999966621399,40.0,8.0,0.07999999821186066,0.125,0.10999999940395355,0.08322567492723465,0.6418964862823486,282.6180725097656,1.239205002784729,256.1235046386719,245.91888427734375,0.021842507645487785,0.06086728721857071,400.0,0.2209571202596028
20181014.0,1.409999966621399,40.0,8.0,0.07999999821186066,0.125,0.10999999940395355,0.08322567492723465,0.6418964862823486,286.2369384765625,1.230344533920288,256.674072265625,247.48353576660156,0.0010206247679889202,0.22308959066867828,400.0,0.2170486450195312
20181015.0,1.409999966621399,40.0,8.0,0.07999999821186066,0.125,0.10999999940395355,0.08322567492723465,0.6418964862823486,281.5440979003906,1.2161308526992798,253.61517333984375,245.82415771484375,4.166683673858643,0.8406295776367188,400.0,0.2283376057942708
20181016.0,1.409999966621399,40.0,8.0,0.07999999821186066,0.125,0.10999999940395355,0.08322567492723465,0.6418964862823486,278.0048522949219,1.2128307819366455,253.07107543945312,245.659423828125,0.08175665140151978,0.6620118021965027,400.0,0.2377538681030273
20181017.0,1.409999966621399,40.0,8.0,0.07999999821186066,0.125,0.10999999940395355,0.08322567492723465,0.6418964862823486,278.6133117675781,1.2316234111785889,253.57901000976562,244.91925048828125,0.3431864082813263,0.0784812867641449,400.0,0.2289285659790038
20181018.0,1.409999966621399,40.0,8.0,0.07999999821186066,0.125,0.10999999940395355,0.08322567492723465,0.6418964862823486,278.714111328125,1.2619400024414062,252.68991088867188,244.1813201904297,0.07583866268396378,0.603497326374054,400.0,0.2238941192626952
20181019.0,1.409999966621399,40.0,8.0,0.07999999821186066,0.125,0.10999999940395355,0.08322567492723465,0.6418964862823486,278.4782409667969,1.287286400794983,253.92715454101562,244.45391845703125,0.0001741978048812598,0.4844597280025482,400.0,0.2182947794596354
20181020.0,1.409999966621399,40.0,8.0,0.07999999821186066,0.125,0.10999999940395355,0.08322567492723465,0.6418964862823486,276.78802490234375,1.314838171005249,253.01979064941406,244.94241333007812,1.081459641456604,0.34840625524520874,400.0,0.2206538518269856
20181021.0,1.409999966621399,40.0,8.0,0.07999999821186066,0.125,0.10999999940395355,0.08322567492723465,0.6418964862823486,277.7220764160156,1.342969536781311,250.78887939453125,245.28012084960938,10.445854187011719,0.9187023639678955,400.0,0.2624174753824869
20181022.0,1.409999966621399,40.0,8.0,0.07999999821186066,0.125,0.10999999940395355,0.08322567492723465,0.6418964862823486,276.3411560058594,1.3700976371765137,248.79566955566406,240.64642333984375,0.08690191805362701,0.7906656265258789,400.0,0.261506716410319
20181023.0,1.409999966621399,40.0,8.0,0.07999999821186066,0.125,0.10999999940395355,0.08322567492723465,0.6418964862823486,272.3747863769531,1.4034771919250488,251.57760620117188,243.36387634277344,0.10079952329397202,0.22102847695350647,400.0,0.2442909876505533
20181024.0,1.409999966621399,40.0,8.0,0.07999999821186066,0.125,0.10999999940395355,0.08322567492723465,0.6418964862823486,271.91943359375,1.4259525537490845,252.55479431152344,246.08358764648438,0.8601370453834534,0.18020834028720856,400.0,0.2389287948608398
20181025.0,1.409999966621399,40.0,8.0,0.07999999821186066,0.125,0.10999999940395355,0.08322567492723465,0.6418964862823486,272.2258605957031,1.4249461889266968,254.03289794921875,246.840087890625,1.055732250213623,0.45432624220848083,400.0,0.2357034683227538
20181026.0,1.409999966621399,40.0,8.0,0.07999999821186066,0.125,0.10999999940395355,0.08322567492723465,0.6418964862823486,271.1058654785156,1.412367582321167,256.6304626464844,249.93502807617188,0.09074432402849197,0.21037866175174713,400.0,0.2312765121459959
20181027.0,1.409999966621399,40.0,8.0,0.07999999821186066,0.125,0.10999999940395355,0.08322567492723465,0.6418964862823486,270.7868957519531,1.40562105178833,255.40765380859375,248.99493408203125,0.24642454087734222,0.25166693329811096,400.0,0.2280495961507161
20181028.0,1.409999966621399,40.0,8.0,0.07999999821186066,0.125,0.10999999940395355,0.08322567492723465,0.6418964862823486,268.7831115722656,1.397274136543274,254.1384735107422,249.3451385498047,0.0022936381865292788,0.12225759029388428,400.0,0.2254225413004557
20181029.0,1.409999966621399,40.0,8.0,0.07999999821186066,0.125,0.10999999940395355,0.08322567492723465,0.6418964862823486,267.89459228515625,1.3889365196228027,256.2541809082031,249.99427795410156,0.03394733741879463,0.2577633261680603,400.0,0.2235037485758464
20181030.0,1.409999966621399,40.0,8.0,0.07999999821186066,0.125,0.10999999940395355,0.08322567492723465,0.6418964862823486,271.0509033203125,1.3825618028640747,257.07318115234375,252.88693237304688,15.21573543548584,0.24793368577957153,400.0,0.2306362787882486
20181031.0,1.409999966621399,40.0,8.0,0.07999999821186066,0.125,0.10999999940395355,0.08322567492723465,0.6418964862823486,275.7331848144531,1.3695534467697144,250.81179809570312,242.54275512695312,2.658716917037964,0.0,400.0,0.2783212661743164
20181101.0,1.409999966621399,40.0,8.0,0.07999999821186066,0.125,0.10999999940395355,0.08322567492723465,0.6418964862823486,273.6343078613281,1.3698972463607788,249.81919860839844,241.67709350585938,0.004332203418016434,0.22430263459682465,400.0,0.275700569152832
20181102.0,1.409999966621399,40.0,8.0,0.07999999821186066,0.125,0.10999999940395355,0.08322567492723465,0.6418964862823486,274.01123046875,1.3975400924682617,252.08193969726562,246.77767944335938,5.635047435760498,0.07202447950839996,400.0,0.2750304539998373
20181103.0,1.409999966621399,40.0,8.0,0.07999999821186066,0.125,0.10999999940395355,0.08322567492723465,0.6418964862823486,273.9691162109375,1.4395910501480103,249.406494140625,240.26974487304688,0.8122342824935913,0.45408540964126587,400.0,0.2820348739624023
20181104.0,1.409999966621399,40.0,8.0,0.07999999821186066,0.125,0.10999999940395355,0.08322567492723465,0.6418964862823486,273.638671875,1.475671648979187,252.960205078125,247.08917236328125,0.03469725698232651,0.051113490015268326,400.0,0.2650928497314453
20181105.0,1.409999966621399,40.0,8.0,0.07999999821186066,0.125,0.10999999940395355,0.08322567492723465,0.6418964862823486,273.7376403808594,1.5146591663360596,249.92343139648438,241.73146057128906,0.0012962566688656807,0.021272879093885422,400.0,0.2616268793741861
20181106.0,1.409999966621399,40.0,8.0,0.07999999821186066,0.125,0.10999999940395355,0.08322567492723465,0.6418964862823486,275.0809326171875,1.554296851158142,252.20037841796875,243.9373779296875,0.44908833503723145,0.03724796324968338,400.0,0.257486343383789
20181107.0,1.409999966621399,40.0,8.0,0.07999999821186066,0.125,0.10999999940395355,0.08322567492723465,0.6418964862823486,275.93310546875,1.594839096069336,246.20379638671875,239.1839599609375,0.604126513004303,0.09689880162477493,400.0,0.2588952382405598
20181108.0,1.409999966621399,40.0,8.0,0.07999999821186066,0.125,0.10999999940395355,0.08322567492723465,0.6418964862823486,275.4717102050781,1.6362863779067993,248.5125732421875,239.86700439453125,0.3141665458679199,0.12783460319042206,400.0,0.2559448877970378
20181109.0,1.409999966621399,40.0,8.0,0.07999999821186066,0.125,0.10999999940395355,0.08322567492723465,0.6418964862823486,276.26220703125,1.678638219833374,250.67007446289062,243.42910766601562,1.0698176622390747,0.045550744980573654,400.0,0.2537730534871419
20181110.0,1.409999966621399,40.0,8.0,0.07999999821186066,0.125,0.10999999940395355,0.08322567492723465,0.6418964862823486,275.98101806640625,1.7218950986862183,249.162353515625,241.649658203125,3.1687848567962646,0.21204446256160736,400.0,0.2663602828979492
20181111.0,1.409999966621399,40.0,8.0,0.07999999821186066,0.125,0.10999999940395355,0.08322567492723465,0.6418964862823486,276.1053466796875,1.7660565376281738,251.01101684570312,241.22293090820312,0.9001864790916443,0.1612129807472229,400.0,0.2626123428344726
20181112.0,1.409999966621399,40.0,8.0,0.07999999821186066,0.125,0.10999999940395355,0.08322567492723465,0.6418964862823486,277.10540771484375,1.8111228942871094,250.49114990234375,241.12857055664062,2.942089080810547,0.1341949701309204,400.0,0.2709693908691406
20181113.0,1.409999966621399,40.0,8.0,0.07999999821186066,0.125,0.10999999940395355,0.08322567492723465,0.6418964862823486,277.0175476074219,1.8570939302444458,250.19973754882812,242.28167724609375,0.46910205483436584,0.09842245280742645,400.0,0.2622098922729492
20181114.0,1.409999966621399,40.0,8.0,0.07999999821186066,0.125,0.10999999940395355,0.08322567492723465,0.6418964862823486,272.6416931152344,1.9039700031280518,248.94447326660156,242.17892456054688,0.0735592171549797,0.10692077875137329,400.0,0.2532927195231119
20181115.0,1.409999966621399,40.0,8.0,0.07999999821186066,0.125,0.10999999940395355,0.08322567492723465,0.6418964862823486,274.195556640625,1.951750636100769,249.8355712890625,244.74806213378906,0.09639912098646164,0.18287131190299988,400.0,0.2476183573404947
20181116.0,1.409999966621399,40.0,8.0,0.07999999821186066,0.125,0.10999999940395355,0.08322567492723465,0.6418964862823486,275.4456481933594,2.0004360675811768,252.04055786132812,242.12533569335938,0.02598344348371029,0.07102224230766296,400.0,0.2435213724772135
20181117.0,1.409999966621399,40.0,8.0,0.07999999821186066,0.125,0.10999999940395355,0.08322567492723465,0.6418964862823486,276.7176818847656,2.0500264167785645,250.1660614013672,243.42959594726562,0.00132074486464262,0.16087186336517334,400.0,0.2401205698649088
20181118.0,1.409999966621399,40.0,8.0,0.07999999821186066,0.125,0.10999999940395355,0.08322567492723465,0.6418964862823486,272.2399597167969,2.1005213260650635,250.5931396484375,244.53973388671875,0.003916960675269365,0.08316660672426224,400.0,0.2368822097778319
20181119.0,1.409999966621399,40.0,8.0,0.07999999821186066,0.125,0.10999999940395355,0.08322567492723465,0.6418964862823486,269.35809326171875,2.151921272277832,253.64044189453125,246.27243041992188,0.005734847858548164,0.1649501621723175,400.0,0.2346404393513997
20181120.0,1.409999966621399,40.0,8.0,0.07999999821186066,0.125,0.10999999940395355,0.08322567492723465,0.6418964862823486,271.2681884765625,2.204225778579712,256.3050537109375,252.04391479492188,0.0007949570426717401,0.18317902088165283,400.0,0.2326027552286783
20181121.0,1.409999966621399,40.0,8.0,0.07999999821186066,0.125,0.10999999940395355,0.08322567492723465,0.6418964862823486,269.1402282714844,2.2574350833892822,255.2150421142578,250.14126586914062,0.0060578929260373116,0.30510249733924866,400.0,0.2310523986816406
20181122.0,1.409999966621399,40.0,8.0,0.07999999821186066,0.125,0.10999999940395355,0.08322567492723465,0.6418964862823486,268.40087890625,2.311549425125122,258.51287841796875,253.25234985351562,0.0008523463038727641,0.1370193362236023,400.0,0.2296380996704101
20181123.0,1.409999966621399,40.0,8.0,0.07999999821186066,0.125,0.10999999940395355,0.08322567492723465,0.6418964862823486,269.281982421875,2.3665683269500732,257.42364501953125,251.46249389648438,4.4184766011312604e-05,0.019181471318006516,400.0,0.2284437815348307
20181124.0,1.409999966621399,40.0,8.0,0.07999999821186066,0.125,0.10999999940395355,0.08322567492723465,0.6418964862823486,270.54925537109375,2.422492027282715,257.3284606933594,252.73287963867188,0.0,0.05944965407252312,400.0,0.2273330688476562
20181125.0,1.409999966621399,40.0,8.0,0.07999999821186066,0.125,0.10999999940395355,0.08322567492723465,0.6418964862823486,269.2659912109375,2.479320764541626,259.70928955078125,254.21304321289062,0.00697022769600153,0.030475638806819916,400.0,0.2263126373291015
20181126.0,1.409999966621399,40.0,8.0,0.07999999821186066,0.125,0.10999999940395355,0.08322567492723465,0.6418964862823486,267.7948913574219,2.5370540618896484,258.65936279296875,253.04791259765625,0.005147706251591444,0.06471462547779083,400.0,0.2254212697347005
20181127.0,1.409999966621399,40.0,8.0,0.07999999821186066,0.125,0.10999999940395355,0.08322567492723465,0.6418964862823486,264.8657531738281,2.5956919193267822,257.7833251953125,251.89434814453125,5.0576803914736956e-05,0.032011035829782486,400.0,0.2246405283610026
20181128.0,1.409999966621399,40.0,8.0,0.07999999821186066,0.125,0.10999999940395355,0.08322567492723465,0.6418964862823486,263.46221923828125,2.6552350521087646,255.4288330078125,253.77774047851562,0.008097793906927109,0.018593603745102882,400.0,0.2240657806396483
20181129.0,1.409999966621399,40.0,8.0,0.07999999821186066,0.125,0.10999999940395355,0.08322567492723465,0.6418964862823486,270.43603515625,2.7156827449798584,258.41064453125,253.5974578857422,0.18492764234542847,0.19816945493221283,400.0,0.223704973856608
20181130.0,1.409999966621399,40.0,8.0,0.07999999821186066,0.125,0.10999999940395355,0.08322567492723465,0.6418964862823486,274.284912109375,2.7770352363586426,255.9534912109375,249.18179321289062,0.9900957345962524,0.0,400.0,0.2256517410278319
20181201.0,1.409999966621399,40.0,8.0,0.07999999821186066,0.125,0.10999999940395355,0.08322567492723465,0.6418964862823486,274.5528869628906,2.839292526245117,247.30982971191406,238.34750366210938,2.7550532817840576,0.12108602374792099,400.0,0.2463286717732747
20181202.0,1.409999966621399,40.0,8.0,0.07999999821186066,0.125,0.10999999940395355,0.08322567492723465,0.6418964862823486,274.0393371582031,2.902454376220703,249.23825073242188,237.82022094726562,1.412697672843933,0.10416363924741745,400.0,0.2490552266438802
20190330.0,1.409999966621399,40.0,8.0,0.07999999821186066,0.125,0.10999999940395355,0.08322567492723465,0.6418964862823486,274.0920104980469,1.411150574684143,255.542236328125,248.353271484375,0.17944715917110443,1.099189281463623,400.0,0.284190813700358
20190331.0,1.409999966621399,40.0,8.0,0.07999999821186066,0.125,0.10999999940395355,0.08322567492723465,0.6418964862823486,272.2344970703125,1.4223592281341553,260.17437744140625,251.28302001953125,0.2741568088531494,0.9135503768920898,400.0,0.2717657089233398
20190401.0,1.409999966621399,40.0,8.0,0.07999999821186066,0.125,0.10999999940395355,0.08322567492723465,0.6418964862823486,272.7332458496094,1.4336516857147217,258.8653869628906,251.75518798828125,1.5823664665222168,0.38657569885253906,400.0,0.2644761403401693
20190402.0,1.409999966621399,40.0,8.0,0.07999999821186066,0.125,0.10999999940395355,0.08322567492723465,0.6418964862823486,273.8017272949219,1.4450277090072632,256.3951416015625,251.08750915527344,0.0017136335372924805,0.6426714062690735,400.0,0.2593434651692708
20190403.0,1.409999966621399,40.0,8.0,0.07999999821186066,0.125,0.10999999940395355,0.08322567492723465,0.6418964862823486,273.63055419921875,1.4564876556396484,257.835205078125,251.47669982910156,0.0008815698674879968,0.5360223054885864,400.0,0.2554076512654621
20190404.0,1.409999966621399,40.0,8.0,0.07999999821186066,0.125,0.10999999940395355,0.08322567492723465,0.6418964862823486,274.4333190917969,1.4680310487747192,256.33270263671875,248.93051147460938,0.6743621230125427,0.37919682264328003,400.0,0.2572123209635416
20190405.0,1.409999966621399,40.0,8.0,0.07999999821186066,0.125,0.10999999940395355,0.08322567492723465,0.6418964862823486,271.5935974121094,1.4796582460403442,258.9967041015625,252.9026336669922,0.30408644676208496,0.5749977231025696,400.0,0.2577892939249674
20190406.0,1.409999966621399,40.0,8.0,0.07999999821186066,0.125,0.10999999940395355,0.08322567492723465,0.6418964862823486,274.2768249511719,1.4913690090179443,258.28179931640625,251.08502197265625,0.04509630426764488,0.20095393061637878,400.0,0.2570610046386719
20190407.0,1.409999966621399,40.0,8.0,0.07999999821186066,0.125,0.10999999940395355,0.08322567492723465,0.6418964862823486,273.0565490722656,1.5031636953353882,257.3509216308594,250.35641479492188,2.0957796573638916,0.596234917640686,400.0,0.2563826243082682
20190408.0,1.409999966621399,40.0,8.0,0.07999999821186066,0.125,0.10999999940395355,0.08322567492723465,0.6418964862823486,271.3058166503906,1.5150418281555176,259.04937744140625,253.06883239746094,0.34083566069602966,1.2332243919372559,400.0,0.2514238357543945
20190409.0,1.409999966621399,40.0,8.0,0.07999999821186066,0.125,0.10999999940395355,0.08322567492723465,0.6418964862823486,270.29998779296875,1.5270038843154907,261.16546630859375,250.5672607421875,0.6600028872489929,0.9225225448608398,400.0,0.2479041417439778
20190410.0,1.409999966621399,40.0,8.0,0.07999999821186066,0.125,0.10999999940395355,0.08322567492723465,0.6418964862823486,269.0755920410156,1.5390493869781494,260.20916748046875,251.55862426757812,0.127542182803154,0.6622322201728821,400.0,0.2453594207763672
20190411.0,1.409999966621399,40.0,8.0,0.07999999821186066,0.125,0.10999999940395355,0.08322567492723465,0.6418964862823486,270.1009216308594,1.5511788129806519,259.1563720703125,250.93508911132812,0.0017271875403821468,0.4836258292198181,400.0,0.2438357671101887
20190412.0,1.409999966621399,40.0,8.0,0.07999999821186066,0.125,0.10999999940395355,0.08322567492723465,0.6418964862823486,271.77447509765625,1.5633916854858398,257.4964294433594,250.09469604492188,0.000858306884765625,0.47219523787498474,400.0,0.2424392700195312
20190413.0,1.409999966621399,40.0,8.0,0.07999999821186066,0.125,0.10999999940395355,0.08322567492723465,0.6418964862823486,272.9457092285156,1.5756884813308716,257.9889831542969,250.53976440429688,0.00043511379044502974,0.5535688996315002,400.0,0.2409200668334961
20190414.0,1.409999966621399,40.0,8.0,0.07999999821186066,0.125,0.10999999940395355,0.08322567492723465,0.6418964862823486,273.66461181640625,1.5880687236785889,258.37469482421875,249.26150512695312,0.000852346362080425,0.469966322183609,400.0,0.2400137583414713
20190415.0,1.409999966621399,40.0,8.0,0.07999999821186066,0.125,0.10999999940395355,0.08322567492723465,0.6418964862823486,275.1283264160156,1.60053288936615,258.4626770019531,249.848388671875,0.0,0.38511982560157776,400.0,0.2571331659952799
20190416.0,1.409999966621399,40.0,8.0,0.07999999821186066,0.125,0.10999999940395355,0.08322567492723465,0.6418964862823486,276.349365234375,1.6130805015563965,255.95350646972656,249.16552734375,0.0008536268724128604,0.3830859959125519,400.0,0.2861382166544596
20190417.0,1.409999966621399,40.0,8.0,0.07999999821186066,0.125,0.10999999940395355,0.08322567492723465,0.6418964862823486,277.3620300292969,1.6257120370864868,256.7394714355469,248.9427947998047,0.0008523463038727641,0.31797993183135986,400.0,0.3054132461547851
20190418.0,1.409999966621399,40.0,8.0,0.07999999821186066,0.125,0.10999999940395355,0.08322567492723465,0.6418964862823486,277.42791748046875,1.6384271383285522,257.5052795410156,250.44761657714844,0.0017058546654880047,0.3365359902381897,400.0,0.3174683252970377
20190419.0,1.409999966621399,40.0,8.0,0.07999999821186066,0.125,0.10999999940395355,0.08322567492723465,0.6418964862823486,278.498291015625,1.6512259244918823,257.28326416015625,244.4505615234375,0.11073508858680725,0.01648622751235962,400.0,0.3315626780192057
20190420.0,1.409999966621399,40.0,8.0,0.07999999821186066,0.125,0.10999999940395355,0.08322567492723465,0.6418964862823486,279.22174072265625,1.6642640829086304,255.0696563720703,241.25155639648438,0.0,0.10177472233772278,400.0,0.3393767674763998
20190421.0,1.409999966621399,40.0,8.0,0.07999999821186066,0.125,0.10999999940395355,0.08322567492723465,0.6418964862823486,277.0090637207031,1.6761351823806763,254.9049072265625,245.43313598632812,2.1839020252227783,0.0,400.0,0.3351389567057291
20190422.0,1.409999966621399,40.0,8.0,0.07999999821186066,0.125,0.10999999940395355,0.08322567492723465,0.6418964862823486,278.5258483886719,1.6924903392791748,253.9210205078125,244.1298828125,0.000852346362080425,0.0,400.0,0.3418188095092773
20190423.0,1.409999966621399,40.0,8.0,0.07999999821186066,0.125,0.10999999940395355,0.08322567492723465,0.6418964862823486,281.19775390625,1.7000877857208252,254.4874267578125,245.5472869873047,0.0008523463038727641,0.0539824403822422,400.0,0.3470776875813802
20190424.0,1.409999966621399,40.0,8.0,0.07999999821186066,0.125,0.10999999940395355,0.08322567492723465,0.6418964862823486,280.2528991699219,1.6896913051605225,253.73788452148438,245.17324829101562,0.0,0.9631555080413818,400.0,0.3314685821533203
20190425.0,1.409999966621399,40.0,8.0,0.07999999821186066,0.125,0.10999999940395355,0.08322567492723465,0.6418964862823486,280.9748840332031,1.6705858707427979,254.6959991455078,244.1598358154297,0.000858306884765625,1.3877521753311157,400.0,0.3177833557128906
20190426.0,1.409999966621399,40.0,8.0,0.07999999821186066,0.125,0.10999999940395355,0.08322567492723465,0.6418964862823486,281.70526123046875,1.6559951305389404,250.70220947265625,244.41102600097656,0.0,1.545976996421814,400.0,0.3044424057006836
20190427.0,1.409999966621399,40.0,8.0,0.07999999821186066,0.125,0.10999999940395355,0.08322567492723465,0.6418964862823486,279.7154235839844,1.6402807235717773,251.83297729492188,241.10421752929688,0.0,1.2178725004196167,400.0,0.290079116821289
20190428.0,1.409999966621399,40.0,8.0,0.07999999821186066,0.125,0.10999999940395355,0.08322567492723465,0.6418964862823486,278.7549743652344,1.6248215436935425,251.67071533203125,241.54306030273438,0.0017245289636775851,1.1830694675445557,400.0,0.2756191889444986
20190429.0,1.409999966621399,40.0,8.0,0.07999999821186066,0.125,0.10999999940395355,0.08322567492723465,0.6418964862823486,281.5060119628906,1.609668493270874,250.12127685546875,241.98512268066406,3.1198642253875732,1.3888726234436035,400.0,0.2674023310343424
20190430.0,1.409999966621399,40.0,8.0,0.07999999821186066,0.125,0.10999999940395355,0.08322567492723465,0.6418964862823486,281.532958984375,1.5940028429031372,250.48526000976562,238.91543579101562,0.4884759783744812,1.704635739326477,400.0,0.2761710484822591
20190501.0,1.409999966621399,40.0,8.0,0.07999999821186066,0.125,0.10999999940395355,0.08322567492723465,0.6418964862823486,277.3966064453125,1.5797243118286133,248.60519409179688,238.10040283203125,3.9605836868286133,1.3360625505447388,400.0,0.2627360026041666
20190502.0,1.409999966621399,40.0,8.0,0.07999999821186066,0.125,0.10999999940395355,0.08322567492723465,0.6418964862823486,273.5007019042969,1.5680923461914062,253.43490600585938,243.34268188476562,0.47694092988967896,1.4577655792236328,400.0,0.2579390207926432
20190503.0,1.409999966621399,40.0,8.0,0.07999999821186066,0.125,0.10999999940395355,0.08322567492723465,0.6418964862823486,272.1794738769531,1.5577754974365234,253.5326690673828,245.14886474609375,1.2049658298492432,0.8645884990692139,400.0,0.247161865234375
20190504.0,1.409999966621399,40.0,8.0,0.07999999821186066,0.125,0.10999999940395355,0.08322567492723465,0.6418964862823486,274.65887451171875,1.5469012260437012,253.3109130859375,245.16079711914062,1.488607406616211,1.375697374343872,400.0,0.2444585164388021
20190505.0,1.409999966621399,40.0,8.0,0.07999999821186066,0.125,0.10999999940395355,0.08322567492723465,0.6418964862823486,275.00457763671875,1.536268949508667,252.40731811523438,246.6747589111328,0.32862481474876404,1.4431555271148682,400.0,0.2431081136067708
20190506.0,1.409999966621399,40.0,8.0,0.07999999821186066,0.125,0.10999999940395355,0.08322567492723465,0.6418964862823486,275.6343688964844,1.525640845298767,251.62326049804688,241.27491760253906,4.227550506591797,1.3576300144195557,400.0,0.2532691955566406
20190507.0,1.409999966621399,40.0,8.0,0.07999999821186066,0.125,0.10999999940395355,0.08322567492723465,0.6418964862823486,276.0104675292969,1.5153838396072388,248.7427520751953,241.0496826171875,5.776768207550049,1.6396729946136475,400.0,0.275755246480306
20190508.0,1.409999966621399,40.0,8.0,0.07999999821186066,0.125,0.10999999940395355,0.08322567492723465,0.6418964862823486,276.3677673339844,1.504124641418457,245.94735717773438,238.4320526123047,2.460472345352173,1.7415683269500732,400.0,0.2734448115030924
20190509.0,1.409999966621399,40.0,8.0,0.07999999821186066,0.125,0.10999999940395355,0.08322567492723465,0.6418964862823486,278.7101745605469,1.495054841041565,251.23020935058594,244.25918579101562,0.2123570293188095,1.2739980220794678,400.0,0.2645289103190104
20190510.0,1.409999966621399,40.0,8.0,0.07999999821186066,0.125,0.10999999940395355,0.08322567492723465,0.6418964862823486,281.8041687011719,1.4903182983398438,249.162841796875,238.63143920898438,0.026933064684271812,1.6702097654342651,400.0,0.2533127466837565
20190511.0,1.409999966621399,40.0,8.0,0.07999999821186066,0.125,0.10999999940395355,0.08322567492723465,0.6418964862823486,282.7008972167969,1.4877002239227295,249.88412475585938,238.24407958984375,0.3801765739917755,1.1450549364089966,400.0,0.2465750376383463
20190512.0,1.409999966621399,40.0,8.0,0.07999999821186066,0.125,0.10999999940395355,0.08322567492723465,0.6418964862823486,277.187255859375,1.4840353727340698,248.6800537109375,239.7950439453125,17.58349609375,2.4869985580444336,400.0,0.2974748611450195
20190513.0,1.409999966621399,40.0,8.0,0.07999999821186066,0.125,0.10999999940395355,0.08322567492723465,0.6418964862823486,277.8343811035156,1.4806782007217407,246.85379028320312,238.81491088867188,1.250968098640442,1.7488666772842407,400.0,0.2821544011433919
20190514.0,1.409999966621399,40.0,8.0,0.07999999821186066,0.125,0.10999999940395355,0.08322567492723465,0.6418964862823486,279.5447998046875,1.4773764610290527,247.62338256835938,237.52857971191406,1.248814582824707,1.8469593524932861,400.0,0.2694740295410156
20190515.0,1.409999966621399,40.0,8.0,0.07999999821186066,0.125,0.10999999940395355,0.08322567492723465,0.6418964862823486,283.00946044921875,1.473394751548767,248.06588745117188,237.0643768310547,0.0008585393661633134,1.8399274349212646,400.0,0.2590897878011067
20190516.0,1.409999966621399,40.0,8.0,0.07999999821186066,0.125,0.10999999940395355,0.08322567492723465,0.6418964862823486,283.25286865234375,1.4718215465545654,247.74066162109375,239.983642578125,0.0031184537801891565,1.4619286060333252,400.0,0.2492408752441406
20190517.0,1.409999966621399,40.0,8.0,0.07999999821186066,0.125,0.10999999940395355,0.08322567492723465,0.6418964862823486,285.2287902832031,1.4654608964920044,250.012939453125,238.98899841308594,0.0,2.1857643127441406,400.0,0.240205446879069
20190518.0,1.409999966621399,40.0,8.0,0.07999999821186066,0.125,0.10999999940395355,0.08322567492723465,0.6418964862823486,287.4526062011719,1.4494709968566895,249.6563720703125,239.541259765625,0.000852346362080425,2.5778961181640625,400.0,0.2300723393758137
20190519.0,1.409999966621399,40.0,8.0,0.07999999821186066,0.125,0.10999999940395355,0.08322567492723465,0.6418964862823486,288.9403991699219,1.4289641380310059,251.5601348876953,241.11770629882812,1.20021390914917,2.7878360748291016,400.0,0.2214790980021158
20190520.0,1.409999966621399,40.0,8.0,0.07999999821186066,0.125,0.10999999940395355,0.08322567492723465,0.6418964862823486,288.42401123046875,1.411035418510437,255.11724853515625,245.80728149414062,1.2847692966461182,2.2758047580718994,400.0,0.2266375223795573
20190521.0,1.409999966621399,40.0,8.0,0.07999999821186066,0.125,0.10999999940395355,0.08322567492723465,0.6418964862823486,287.443603515625,1.392668604850769,253.07064819335938,242.92892456054688,0.21121563017368317,1.3732171058654785,400.0,0.2212654749552408
20190522.0,1.409999966621399,40.0,8.0,0.07999999821186066,0.125,0.10999999940395355,0.08322567492723465,0.6418964862823486,286.2966613769531,1.3745510578155518,255.0552978515625,244.89471435546875,2.400373697280884,2.1246790885925293,400.0,0.2155469258626301
20190523.0,1.409999966621399,40.0,8.0,0.07999999821186066,0.125,0.10999999940395355,0.08322567492723465,0.6418964862823486,276.53289794921875,1.3571394681930542,251.76315307617188,242.060302734375,19.386089324951172,2.5193021297454834,400.0,0.2936909993489583
20190524.0,1.409999966621399,40.0,8.0,0.07999999821186066,0.125,0.10999999940395355,0.08322567492723465,0.6418964862823486,278.092041015625,1.3382956981658936,248.41262817382812,238.80487060546875,5.743753910064697,0.9466765522956848,400.0,0.3021046320597331
20190525.0,1.409999966621399,40.0,8.0,0.07999999821186066,0.125,0.10999999940395355,0.08322567492723465,0.6418964862823486,280.4252014160156,1.3229659795761108,250.09059143066406,242.91770935058594,0.43942129611968994,1.2129178047180176,400.0,0.2741807301839192
20190527.0,1.409999966621399,40.0,8.0,0.07999999821186066,0.125,0.10999999940395355,0.08322567492723465,0.6418964862823486,282.754638671875,1.3090606927871704,252.28436279296875,243.74957275390625,0.3683478832244873,2.2435390949249268,400.0,0.2555545171101888
20190528.0,1.409999966621399,40.0,8.0,0.07999999821186066,0.125,0.10999999940395355,0.08322567492723465,0.6418964862823486,280.0132751464844,1.3021637201309204,253.06756591796875,241.51402282714844,5.026472091674805,1.8184486627578735,400.0,0.2658586502075195
20190529.0,1.409999966621399,40.0,8.0,0.07999999821186066,0.125,0.10999999940395355,0.08322567492723465,0.6418964862823486,280.73126220703125,1.295759677886963,253.75048828125,243.08656311035156,5.763708114624023,2.555413246154785,400.0,0.2840531667073568
20190530.0,1.409999966621399,40.0,8.0,0.07999999821186066,0.125,0.10999999940395355,0.08322567492723465,0.6418964862823486,281.3622131347656,1.2893649339675903,252.90113830566406,243.2770538330078,9.859086990356445,2.5412485599517822,400.0,0.2785116831461588
20190531.0,1.409999966621399,40.0,8.0,0.07999999821186066,0.125,0.10999999940395355,0.08322567492723465,0.6418964862823486,279.81787109375,1.2827348709106445,249.86962890625,240.11691284179688,4.4586639404296875,3.9351978302001953,400.0,0.2943035761515298
20190601.0,1.409999966621399,40.0,8.0,0.07999999821186066,0.125,0.10999999940395355,0.08322567492723465,0.6418964862823486,282.5547790527344,1.277073621749878,252.55401611328125,239.9874267578125,0.5259279608726501,2.255061149597168,400.0,0.269323984781901
20190602.0,1.409999966621399,40.0,8.0,0.07999999821186066,0.125,0.10999999940395355,0.08322567492723465,0.6418964862823486,282.78363037109375,1.2695808410644531,251.78054809570312,244.10336303710938,0.3000620901584625,2.5730180740356445,400.0,0.2564783096313476
20190603.0,1.409999966621399,40.0,8.0,0.07999999821186066,0.125,0.10999999940395355,0.08322567492723465,0.6418964862823486,280.5284423828125,1.2583893537521362,251.70736694335938,241.8065185546875,9.29231071472168,0.9045714735984802,400.0,0.2818276087443033
20190604.0,1.409999966621399,40.0,8.0,0.07999999821186066,0.125,0.10999999940395355,0.08322567492723465,0.6418964862823486,287.40118408203125,1.2454825639724731,252.53543090820312,241.80064392089844,0.5210878252983093,2.375309944152832,400.0,0.2717463175455729
20190605.0,1.409999966621399,40.0,8.0,0.07999999821186066,0.125,0.10999999940395355,0.08322567492723465,0.6418964862823486,287.28619384765625,1.2336175441741943,254.00234985351562,246.38055419921875,0.17807255685329437,2.0539019107818604,400.0,0.2568152745564779
20190606.0,1.409999966621399,40.0,8.0,0.07999999821186066,0.125,0.10999999940395355,0.08322567492723465,0.6418964862823486,292.2498474121094,1.221620798110962,256.1814880371094,246.42291259765625,0.5086734294891357,3.138010263442993,400.0,0.2455787658691406
20190607.0,1.409999966621399,40.0,8.0,0.07999999821186066,0.125,0.10999999940395355,0.08322567492723465,0.6418964862823486,293.16119384765625,1.2097723484039307,258.47412109375,246.3543243408203,1.3484447002410889,3.1977598667144775,400.0,0.2387968699137369
20190608.0,1.409999966621399,40.0,8.0,0.07999999821186066,0.125,0.10999999940395355,0.08322567492723465,0.6418964862823486,292.3690185546875,1.1981415748596191,259.22137451171875,248.19419860839844,0.1607551872730255,2.713404893875122,400.0,0.2312844594319661
20190609.0,1.409999966621399,40.0,8.0,0.07999999821186066,0.125,0.10999999940395355,0.08322567492723465,0.6418964862823486,289.60858154296875,1.186324954032898,259.6170654296875,247.4108428955078,0.26145127415657043,2.728739023208618,400.0,0.2211891810099283
20190610.0,1.409999966621399,40.0,8.0,0.07999999821186066,0.125,0.10999999940395355,0.08322567492723465,0.6418964862823486,288.43536376953125,1.1752575635910034,257.01788330078125,247.9076385498047,0.6155298352241516,3.3286571502685547,400.0,0.213129997253418
20190612.0,1.409999966621399,40.0,8.0,0.07999999821186066,0.125,0.10999999940395355,0.08322567492723465,0.6418964862823486,283.1598815917969,1.1565419435501099,255.4024200439453,244.7432861328125,0.000859114108607173,2.791356325149536,400.0,0.2053982416788736
20190613.0,1.409999966621399,40.0,8.0,0.07999999821186066,0.125,0.10999999940395355,0.08322567492723465,0.6418964862823486,284.0657043457031,1.147315502166748,256.18060302734375,244.88174438476562,1.6072148084640503,2.1679437160491943,400.0,0.2045577367146809
20190614.0,1.409999966621399,40.0,8.0,0.07999999821186066,0.125,0.10999999940395355,0.08322567492723465,0.6418964862823486,288.360595703125,1.1382615566253662,258.51776123046875,248.0928955078125,1.055564045906067,3.063516139984131,400.0,0.2046311696370442
20190615.0,1.409999966621399,40.0,8.0,0.07999999821186066,0.125,0.10999999940395355,0.08322567492723465,0.6418964862823486,290.58514404296875,1.1292176246643066,260.77545166015625,248.47698974609375,0.14866872131824493,3.077685594558716,400.0,0.2005119323730468
20190616.0,1.409999966621399,40.0,8.0,0.07999999821186066,0.125,0.10999999940395355,0.08322567492723465,0.6418964862823486,292.7054138183594,1.1207796335220337,259.2783203125,251.04119873046875,0.0011445690179243684,2.9663374423980713,400.0,0.1874500910441081
20190617.0,1.409999966621399,40.0,8.0,0.07999999821186066,0.125,0.10999999940395355,0.08322567492723465,0.6418964862823486,291.8624267578125,1.110622763633728,260.8942565917969,251.4822998046875,4.816624641418457,2.928354024887085,400.0,0.1995328267415364
20190618.0,1.409999966621399,40.0,8.0,0.07999999821186066,0.125,0.10999999940395355,0.08322567492723465,0.6418964862823486,290.6591796875,1.10413658618927,258.5000915527344,250.34259033203125,0.533864438533783,3.1756374835968018,400.0,0.2090482711791992
20190619.0,1.409999966621399,40.0,8.0,0.07999999821186066,0.125,0.10999999940395355,0.08322567492723465,0.6418964862823486,289.07318115234375,1.10491943359375,260.0632019042969,251.2761688232422,5.477752685546875,3.0941848754882812,400.0,0.2181437810262043
20190724.0,1.409999966621399,40.0,8.0,0.07999999821186066,0.125,0.10999999940395355,0.08322567492723465,0.6418964862823486,294.8939514160156,1.1027919054031372,261.68865966796875,254.97897338867188,0.00044139474630355835,2.849066972732544,400.0,0.1534382502237955
20190725.0,1.409999966621399,40.0,8.0,0.07999999821186066,0.125,0.10999999940395355,0.08322567492723465,0.6418964862823486,296.7485656738281,1.0973594188690186,265.2737731933594,257.0339050292969,0.01077912375330925,2.8030192852020264,400.0,0.1426687240600586
20190726.0,1.409999966621399,40.0,8.0,0.07999999821186066,0.125,0.10999999940395355,0.08322567492723465,0.6418964862823486,298.0845947265625,1.0924456119537354,264.7062683105469,256.0474548339844,0.0,2.8290555477142334,400.0,0.1325076421101887
20190727.0,1.409999966621399,40.0,8.0,0.07999999821186066,0.125,0.10999999940395355,0.08322567492723465,0.6418964862823486,299.50152587890625,1.0858746767044067,264.7228088378906,254.88729858398438,0.0017126027960330248,2.9073314666748047,400.0,0.1221882502237955
20190728.0,1.409999966621399,40.0,8.0,0.07999999821186066,0.125,0.10999999940395355,0.08322567492723465,0.6418964862823486,292.352294921875,1.082702398300171,266.4276123046875,258.15863037109375,1.1216245889663696,2.6699137687683105,400.0,0.1196381251017252
20190729.0,1.409999966621399,40.0,8.0,0.07999999821186066,0.125,0.10999999940395355,0.08322567492723465,0.6418964862823486,287.48956298828125,1.0863637924194336,263.93963623046875,253.10723876953125,0.01498140674084425,2.032365560531616,400.0,0.1171843210856119
20190730.0,1.409999966621399,40.0,8.0,0.07999999821186066,0.125,0.10999999940395355,0.08322567492723465,0.6418964862823486,284.755126953125,1.0934315919876099,261.37518310546875,252.0797882080078,0.011820284649729729,1.8909578323364258,400.0,0.1135485967000325
20190731.0,1.409999966621399,40.0,8.0,0.07999999821186066,0.125,0.10999999940395355,0.08322567492723465,0.6418964862823486,286.2283020019531,1.0988473892211914,263.49090576171875,252.67440795898438,0.0025739548727869987,1.9744184017181396,400.0,0.1094611485799153
20190801.0,1.409999966621399,40.0,8.0,0.07999999821186066,0.125,0.10999999940395355,0.08322567492723465,0.6418964862823486,289.9393310546875,1.1047887802124023,260.2142333984375,251.2772216796875,0.1714598387479782,1.8614816665649414,400.0,0.1049073537190754
20190802.0,1.409999966621399,40.0,8.0,0.07999999821186066,0.125,0.10999999940395355,0.08322567492723465,0.6418964862823486,286.9116516113281,1.1107370853424072,263.55181884765625,254.73638916015625,1.6365915536880493,1.996711015701294,400.0,0.1136302947998046
20190803.0,1.409999966621399,40.0,8.0,0.07999999821186066,0.125,0.10999999940395355,0.08322567492723465,0.6418964862823486,285.6501770019531,1.1164977550506592,262.4369812011719,254.80276489257812,0.017911162227392197,1.3363683223724365,400.0,0.1122112274169921
20190804.0,1.409999966621399,40.0,8.0,0.07999999821186066,0.125,0.10999999940395355,0.08322567492723465,0.6418964862823486,287.3157043457031,1.1230977773666382,260.86614990234375,253.43167114257812,0.2678109109401703,1.577901840209961,400.0,0.1100800832112629
20190805.0,1.409999966621399,40.0,8.0,0.07999999821186066,0.125,0.10999999940395355,0.08322567492723465,0.6418964862823486,287.9891662597656,1.128130555152893,262.4673156738281,254.291259765625,3.480330228805542,1.8856934309005737,400.0,0.1198924382527668
20190806.0,1.409999966621399,40.0,8.0,0.07999999821186066,0.125,0.10999999940395355,0.08322567492723465,0.6418964862823486,285.7345886230469,1.129897952079773,254.5911407470703,247.6761474609375,4.200398921966553,2.110884666442871,400.0,0.179028828938802
20190807.0,1.409999966621399,40.0,8.0,0.07999999821186066,0.125,0.10999999940395355,0.08322567492723465,0.6418964862823486,287.3819885253906,1.1300503015518188,261.25860595703125,252.78970336914062,0.04503921419382095,1.8423831462860107,400.0,0.1735747655232747
20190808.0,1.409999966621399,40.0,8.0,0.07999999821186066,0.125,0.10999999940395355,0.08322567492723465,0.6418964862823486,286.40179443359375,1.1310116052627563,261.3330078125,254.09231567382812,3.013683795928955,1.7541738748550415,400.0,0.1788517634073893
20190809.0,1.409999966621399,40.0,8.0,0.07999999821186066,0.125,0.10999999940395355,0.08322567492723465,0.6418964862823486,287.6205749511719,1.1317424774169922,261.206298828125,251.7191925048828,0.431777685880661,1.6577556133270264,400.0,0.1873524983723958
20190810.0,1.409999966621399,40.0,8.0,0.07999999821186066,0.125,0.10999999940395355,0.08322567492723465,0.6418964862823486,288.3010559082031,1.132510781288147,259.54815673828125,250.98922729492188,0.001295815804041922,2.0315537452697754,400.0,0.1736218134562174
20190811.0,1.409999966621399,40.0,8.0,0.07999999821186066,0.125,0.10999999940395355,0.08322567492723465,0.6418964862823486,287.2651062011719,1.1332168579101562,261.60418701171875,252.96315002441406,4.313957691192627,1.9053471088409424,400.0,0.1845598220825195
20190812.0,1.409999966621399,40.0,8.0,0.07999999821186066,0.125,0.10999999940395355,0.08322567492723465,0.6418964862823486,287.63592529296875,1.1341432332992554,257.6877136230469,248.24636840820312,7.431527614593506,1.5877238512039185,400.0,0.2223796844482421
20190813.0,1.409999966621399,40.0,8.0,0.07999999821186066,0.125,0.10999999940395355,0.08322567492723465,0.6418964862823486,288.112060546875,1.1346309185028076,260.89788818359375,251.06924438476562,7.798849582672119,2.328606367111206,400.0,0.2426354090372721
20190814.0,1.409999966621399,40.0,8.0,0.07999999821186066,0.125,0.10999999940395355,0.08322567492723465,0.6418964862823486,287.02423095703125,1.1342254877090454,260.6783447265625,252.1852264404297,1.1160430908203125,1.939626693725586,400.0,0.2343937555948892
20190815.0,1.409999966621399,40.0,8.0,0.07999999821186066,0.125,0.10999999940395355,0.08322567492723465,0.6418964862823486,285.16180419921875,1.1333812475204468,261.84454345703125,248.52999877929688,4.314797401428223,1.88254976272583,400.0,0.2346725463867187
20190816.0,1.409999966621399,40.0,8.0,0.07999999821186066,0.125,0.10999999940395355,0.08322567492723465,0.6418964862823486,287.18377685546875,1.1327570676803589,260.09490966796875,251.18441772460938,0.02516525611281395,1.820867657661438,400.0,0.218110720316569
20190817.0,1.409999966621399,40.0,8.0,0.07999999821186066,0.125,0.10999999940395355,0.08322567492723465,0.6418964862823486,287.58624267578125,1.132070779800415,263.39984130859375,253.00997924804688,2.7506582736968994,1.5674352645874023,400.0,0.2193676630655924
20190818.0,1.409999966621399,40.0,8.0,0.07999999821186066,0.125,0.10999999940395355,0.08322567492723465,0.6418964862823486,287.07501220703125,1.1314058303833008,261.10394287109375,250.59112548828125,17.244443893432617,1.9627658128738403,400.0,0.2570063273111979
20190819.0,1.409999966621399,40.0,8.0,0.07999999821186066,0.125,0.10999999940395355,0.08322567492723465,0.6418964862823486,287.4954833984375,1.13063645362854,256.3709411621094,246.46475219726562,15.221588134765625,2.140718460083008,400.0,0.3113473256429036
20190820.0,1.409999966621399,40.0,8.0,0.07999999821186066,0.125,0.10999999940395355,0.08322567492723465,0.6418964862823486,288.1480712890625,1.130234718322754,255.8446807861328,248.95880126953125,0.22801582515239716,2.141681671142578,400.0,0.2675689061482746
20190821.0,1.409999966621399,40.0,8.0,0.07999999821186066,0.125,0.10999999940395355,0.08322567492723465,0.6418964862823486,287.35699462890625,1.1290994882583618,257.0174560546875,248.49098205566406,0.8216234445571899,2.2058796882629395,400.0,0.252121607462565
20190822.0,1.409999966621399,40.0,8.0,0.07999999821186066,0.125,0.10999999940395355,0.08322567492723465,0.6418964862823486,286.474853515625,1.1264772415161133,257.0453186035156,248.7045135498047,0.6441500782966614,2.1761786937713623,400.0,0.240640640258789
20190823.0,1.409999966621399,40.0,8.0,0.07999999821186066,0.125,0.10999999940395355,0.08322567492723465,0.6418964862823486,285.4783630371094,1.1231335401535034,257.98065185546875,246.94091796875,9.963614463806152,2.4980504512786865,400.0,0.2741718292236328
20190824.0,1.409999966621399,40.0,8.0,0.07999999821186066,0.125,0.10999999940395355,0.08322567492723465,0.6418964862823486,287.4084167480469,1.1201649904251099,257.00860595703125,248.45608520507812,0.0026912307366728783,2.2981107234954834,400.0,0.257004419962565
20190825.0,1.409999966621399,40.0,8.0,0.07999999821186066,0.125,0.10999999940395355,0.08322567492723465,0.6418964862823486,288.42388916015625,1.117102861404419,260.662841796875,249.28057861328125,1.1920287609100342,1.5621403455734253,400.0,0.2459414800008137
20190826.0,1.409999966621399,40.0,8.0,0.07999999821186066,0.125,0.10999999940395355,0.08322567492723465,0.6418964862823486,289.03729248046875,1.113977074623108,258.8221435546875,249.81857299804688,0.0008697168668732047,1.8977402448654175,400.0,0.2351503372192382
20190827.0,1.409999966621399,40.0,8.0,0.07999999821186066,0.125,0.10999999940395355,0.08322567492723465,0.6418964862823486,290.93280029296875,1.1115541458129883,258.10101318359375,248.79559326171875,0.0030078173149377108,1.981040120124817,400.0,0.2234888076782226
20190828.0,1.409999966621399,40.0,8.0,0.07999999821186066,0.125,0.10999999940395355,0.08322567492723465,0.6418964862823486,291.0091247558594,1.1067249774932861,258.23736572265625,249.84552001953125,0.004378077108412981,1.6984379291534424,400.0,0.2146883010864257
20190829.0,1.409999966621399,40.0,8.0,0.07999999821186066,0.125,0.10999999940395355,0.08322567492723465,0.6418964862823486,289.9997253417969,1.106727957725525,261.57867431640625,253.88931274414062,1.375362515449524,0.8477169275283813,400.0,0.2104981740315755
20190830.0,1.409999966621399,40.0,8.0,0.07999999821186066,0.125,0.10999999940395355,0.08322567492723465,0.6418964862823486,289.52996826171875,1.1165833473205566,261.43170166015625,253.94589233398438,3.983264923095703,2.1969306468963623,400.0,0.2433398564656575
20190831.0,1.409999966621399,40.0,8.0,0.07999999821186066,0.125,0.10999999940395355,0.08322567492723465,0.6418964862823486,289.1171569824219,1.1314870119094849,260.0340576171875,249.31777954101562,0.06665919721126556,1.2388057708740234,400.0,0.2282673517862955
20190901.0,1.409999966621399,40.0,8.0,0.07999999821186066,0.125,0.10999999940395355,0.08322567492723465,0.6418964862823486,289.0455627441406,1.144120454788208,260.2291259765625,252.25442504882812,5.300862789154053,1.4496595859527588,400.0,0.2254082361857095
20190902.0,1.409999966621399,40.0,8.0,0.07999999821186066,0.125,0.10999999940395355,0.08322567492723465,0.6418964862823486,286.8760681152344,1.1576497554779053,258.03167724609375,251.652099609375,8.166250228881836,1.4464588165283203,400.0,0.2799317042032877
20190903.0,1.409999966621399,40.0,8.0,0.07999999821186066,0.125,0.10999999940395355,0.08322567492723465,0.6418964862823486,284.0284423828125,1.1713414192199707,255.005859375,247.26870727539062,1.8847719430923462,1.9097756147384644,400.0,0.2588926951090494
20190904.0,1.409999966621399,40.0,8.0,0.07999999821186066,0.125,0.10999999940395355,0.08322567492723465,0.6418964862823486,283.8409729003906,1.1846898794174194,254.858154296875,246.63177490234375,1.678497076034546,2.15165114402771,400.0,0.2589610417683919
20190905.0,1.409999966621399,40.0,8.0,0.07999999821186066,0.125,0.10999999940395355,0.08322567492723465,0.6418964862823486,283.7240905761719,1.2000967264175415,257.087158203125,246.50881958007812,7.375183582305908,1.6582601070404053,400.0,0.2725585301717123
20190907.0,1.409999966621399,40.0,8.0,0.07999999821186066,0.125,0.10999999940395355,0.08322567492723465,0.6418964862823486,282.1816101074219,1.2160404920578003,255.24996948242188,246.49893188476562,9.89798641204834,1.2697551250457764,400.0,0.2747500737508138
20190908.0,1.409999966621399,40.0,8.0,0.07999999821186066,0.125,0.10999999940395355,0.08322567492723465,0.6418964862823486,282.4150390625,1.216351866722107,255.66152954101562,245.08786010742188,0.3881879150867462,1.2044329643249512,400.0,0.2716881434122721
20190909.0,1.409999966621399,40.0,8.0,0.07999999821186066,0.125,0.10999999940395355,0.08322567492723465,0.6418964862823486,282.90771484375,1.2185800075531006,253.82992553710938,245.60365295410156,0.02393762767314911,0.7644090056419373,400.0,0.2550837198893229
20190910.0,1.409999966621399,40.0,8.0,0.07999999821186066,0.125,0.10999999940395355,0.08322567492723465,0.6418964862823486,286.5002746582031,1.2202636003494263,258.47247314453125,249.17074584960938,0.2430630475282669,0.3577577769756317,400.0,0.2471996943155924
20190911.0,1.409999966621399,40.0,8.0,0.07999999821186066,0.125,0.10999999940395355,0.08322567492723465,0.6418964862823486,286.5981750488281,1.2220054864883423,258.97210693359375,250.69073486328125,1.6468908786773682,0.9635298252105713,400.0,0.2468233108520507
20190912.0,1.409999966621399,40.0,8.0,0.07999999821186066,0.125,0.10999999940395355,0.08322567492723465,0.6418964862823486,285.5751953125,1.2238547801971436,257.0229187011719,248.21487426757812,2.6015543937683105,1.9507393836975098,400.0,0.2545061111450195
20190913.0,1.409999966621399,40.0,8.0,0.07999999821186066,0.125,0.10999999940395355,0.08322567492723465,0.6418964862823486,282.481201171875,1.2253400087356567,254.9261932373047,247.85858154296875,1.1263867616653442,1.7242987155914307,400.0,0.2458105087280273
20190914.0,1.409999966621399,40.0,8.0,0.07999999821186066,0.125,0.10999999940395355,0.08322567492723465,0.6418964862823486,281.0092468261719,1.227562665939331,254.92616271972656,246.006103515625,0.09988812357187271,1.2527426481246948,400.0,0.239114761352539
20190915.0,1.409999966621399,40.0,8.0,0.07999999821186066,0.125,0.10999999940395355,0.08322567492723465,0.6418964862823486,279.7991943359375,1.2312896251678467,249.91741943359375,239.982421875,11.188162803649902,1.1889078617095947,400.0,0.2793827056884765
20190916.0,1.409999966621399,40.0,8.0,0.07999999821186066,0.125,0.10999999940395355,0.08322567492723465,0.6418964862823486,279.8364562988281,1.2357698678970337,250.98611450195312,244.13607788085938,0.6951907873153687,1.7159262895584106,400.0,0.2637116114298502
20190917.0,1.409999966621399,40.0,8.0,0.07999999821186066,0.125,0.10999999940395355,0.08322567492723465,0.6418964862823486,279.3837585449219,1.2398958206176758,252.72244262695312,243.39016723632812,0.5736198425292969,0.7777494192123413,400.0,0.2515153884887695
20190918.0,1.409999966621399,40.0,8.0,0.07999999821186066,0.125,0.10999999940395355,0.08322567492723465,0.6418964862823486,279.5743103027344,1.2441432476043701,251.57032775878906,244.08688354492188,0.14587929844856262,0.9708377718925476,400.0,0.2446165084838867
20190919.0,1.409999966621399,40.0,8.0,0.07999999821186066,0.125,0.10999999940395355,0.08322567492723465,0.6418964862823486,278.47161865234375,1.2483596801757812,252.39222717285156,244.06668090820312,0.10398895293474197,1.3316482305526733,400.0,0.2374146779378255
20190920.0,1.409999966621399,40.0,8.0,0.07999999821186066,0.125,0.10999999940395355,0.08322567492723465,0.6418964862823486,277.0967712402344,1.2528589963912964,253.927734375,243.85089111328125,2.228785991668701,0.7820687890052795,400.0,0.2366606394449869
20190921.0,1.409999966621399,40.0,8.0,0.07999999821186066,0.125,0.10999999940395355,0.08322567492723465,0.6418964862823486,277.6777648925781,1.2564361095428467,250.91452026367188,243.62432861328125,0.408433735370636,0.9617977142333984,400.0,0.2468913396199544
20190922.0,1.409999966621399,40.0,8.0,0.07999999821186066,0.125,0.10999999940395355,0.08322567492723465,0.6418964862823486,276.7872619628906,1.2619094848632812,251.24526977539062,243.24484252929688,0.0,0.987926185131073,400.0,0.2361774444580078
20190923.0,1.409999966621399,40.0,8.0,0.07999999821186066,0.125,0.10999999940395355,0.08322567492723465,0.6418964862823486,275.90484619140625,1.2712687253952026,252.21981811523438,246.02455139160156,0.003430627752095461,0.6621846556663513,400.0,0.2297922770182291
20190924.0,1.409999966621399,40.0,8.0,0.07999999821186066,0.125,0.10999999940395355,0.08322567492723465,0.6418964862823486,276.7082214355469,1.2826186418533325,253.22982788085938,243.64492797851562,0.016241950914263725,0.35125207901000977,400.0,0.2262398401896159
20190925.0,1.409999966621399,40.0,8.0,0.07999999821186066,0.125,0.10999999940395355,0.08322567492723465,0.6418964862823486,277.8897399902344,1.293105959892273,253.08062744140625,244.29444885253906,0.04467102885246277,0.473695307970047,400.0,0.2239071528116862
20190926.0,1.409999966621399,40.0,8.0,0.07999999821186066,0.125,0.10999999940395355,0.08322567492723465,0.6418964862823486,280.049560546875,1.3039605617523193,253.5721435546875,243.8523406982422,0.00016849669918883592,0.5694049000740051,400.0,0.2207628885904947
20190927.0,1.409999966621399,40.0,8.0,0.07999999821186066,0.125,0.10999999940395355,0.08322567492723465,0.6418964862823486,279.1078796386719,1.3148868083953857,254.38162231445312,244.40850830078125,0.0015504799084737897,0.5039892792701721,400.0,0.2180099487304687
20190928.0,1.409999966621399,40.0,8.0,0.07999999821186066,0.125,0.10999999940395355,0.08322567492723465,0.6418964862823486,278.92193603515625,1.3257955312728882,254.0818634033203,246.44448852539062,0.005459897220134735,0.3305133581161499,400.0,0.2158721288045247
20190929.0,1.409999966621399,40.0,8.0,0.07999999821186066,0.125,0.10999999940395355,0.08322567492723465,0.6418964862823486,279.63323974609375,1.3371845483779907,254.33441162109375,245.05355834960938,4.501049041748047,0.30014243721961975,400.0,0.2286141713460286
20190930.0,1.409999966621399,40.0,8.0,0.07999999821186066,0.125,0.10999999940395355,0.08322567492723465,0.6418964862823486,278.69049072265625,1.347886085510254,254.30479431152344,244.78463745117188,1.6163798570632935,0.9550926089286804,400.0,0.2475525538126627
20191001.0,1.409999966621399,40.0,8.0,0.07999999821186066,0.125,0.10999999940395355,0.08322567492723465,0.6418964862823486,278.723876953125,1.3570655584335327,249.5716552734375,240.4497528076172,19.274999618530273,0.9546945095062256,400.0,0.3006105422973633
20191002.0,1.409999966621399,40.0,8.0,0.07999999821186066,0.125,0.10999999940395355,0.08322567492723465,0.6418964862823486,275.87530517578125,1.3655116558074951,249.2631072998047,241.28707885742188,1.5048009157180786,1.450725793838501,400.0,0.2868913014729818
20191003.0,1.409999966621399,40.0,8.0,0.07999999821186066,0.125,0.10999999940395355,0.08322567492723465,0.6418964862823486,274.0794982910156,1.3744087219238281,250.55838012695312,242.08700561523438,2.146519660949707,1.0064305067062378,400.0,0.2691230773925781
20191004.0,1.409999966621399,40.0,8.0,0.07999999821186066,0.125,0.10999999940395355,0.08322567492723465,0.6418964862823486,273.452880859375,1.3832471370697021,251.25338745117188,240.24801635742188,0.2161078155040741,0.6958867907524109,400.0,0.2590694427490234
20191005.0,1.409999966621399,40.0,8.0,0.07999999821186066,0.125,0.10999999940395355,0.08322567492723465,0.6418964862823486,274.07818603515625,1.3921548128128052,251.09036254882812,241.7430419921875,0.0009344244026578963,0.6733720898628235,400.0,0.2507460912068685
20191006.0,1.409999966621399,40.0,8.0,0.07999999821186066,0.125,0.10999999940395355,0.08322567492723465,0.6418964862823486,275.01971435546875,1.4011175632476807,250.86257934570312,241.7724151611328,0.0033427190501242876,0.3492662310600281,400.0,0.2464402516682943
20191007.0,1.409999966621399,40.0,8.0,0.07999999821186066,0.125,0.10999999940395355,0.08322567492723465,0.6418964862823486,276.0970153808594,1.4101351499557495,252.54164123535156,243.005615234375,0.24766680598258972,0.45096927881240845,400.0,0.2441644668579101
20191008.0,1.409999966621399,40.0,8.0,0.07999999821186066,0.125,0.10999999940395355,0.08322567492723465,0.6418964862823486,273.9128723144531,1.4192078113555908,251.597412109375,242.8218994140625,1.4807051420211792,0.7013902068138123,400.0,0.2467199961344401
20191009.0,1.409999966621399,40.0,8.0,0.07999999821186066,0.125,0.10999999940395355,0.08322567492723465,0.6418964862823486,272.3812561035156,1.428335428237915,255.60194396972656,244.5491943359375,0.05057791247963905,0.4525364637374878,400.0,0.2433474858601888
20191010.0,1.409999966621399,40.0,8.0,0.07999999821186066,0.125,0.10999999940395355,0.08322567492723465,0.6418964862823486,274.5821838378906,1.4375178813934326,253.8240966796875,245.81304931640625,2.051509141921997,0.09095008671283722,400.0,0.2452535629272461
20191011.0,1.409999966621399,40.0,8.0,0.07999999821186066,0.125,0.10999999940395355,0.08322567492723465,0.6418964862823486,275.33868408203125,1.4467555284500122,250.03640747070312,240.91604614257812,0.4381486475467682,0.5862425565719604,400.0,0.2502126693725585
20191012.0,1.409999966621399,40.0,8.0,0.07999999821186066,0.125,0.10999999940395355,0.08322567492723465,0.6418964862823486,273.48443603515625,1.4560480117797852,251.85885620117188,242.52589416503906,0.2065969556570053,0.2943785786628723,400.0,0.2432797749837239
20191013.0,1.409999966621399,40.0,8.0,0.07999999821186066,0.125,0.10999999940395355,0.08322567492723465,0.6418964862823486,273.6934509277344,1.4653955698013306,251.4090576171875,243.279541015625,0.7764151096343994,0.23393148183822632,400.0,0.238824208577474
20191014.0,1.409999966621399,40.0,8.0,0.07999999821186066,0.125,0.10999999940395355,0.08322567492723465,0.6418964862823486,271.3682556152344,1.4747982025146484,252.4717254638672,245.27149963378906,0.0011887203436344862,0.23084141314029694,400.0,0.235936164855957
20191015.0,1.409999966621399,40.0,8.0,0.07999999821186066,0.125,0.10999999940395355,0.08322567492723465,0.6418964862823486,272.74072265625,1.4842556715011597,255.25088500976562,248.3524627685547,0.09964095056056976,0.10524947941303253,400.0,0.2342484792073567
20200321.0,1.409999966621399,40.0,8.0,0.07999999821186066,0.125,0.10999999940395355,0.08322567492723465,0.6418964862823486,268.3788757324219,2.264643907546997,256.1416015625,245.80999755859375,0.0017155226087197661,0.6180006265640259,400.0,0.233889897664388
20200322.0,1.409999966621399,40.0,8.0,0.07999999821186066,0.125,0.10999999940395355,0.08322567492723465,0.6418964862823486,269.3379211425781,2.249115228652954,256.7018737792969,245.57742309570312,0.0,0.340117484331131,400.0,0.2329826354980468
20200323.0,1.409999966621399,40.0,8.0,0.07999999821186066,0.125,0.10999999940395355,0.08322567492723465,0.6418964862823486,271.9528503417969,2.2336623668670654,256.60418701171875,246.97409057617188,0.00043511379044502974,0.3808657228946686,400.0,0.2319161097208658
20200324.0,1.409999966621399,40.0,8.0,0.07999999821186066,0.125,0.10999999940395355,0.08322567492723465,0.6418964862823486,275.01678466796875,2.218285083770752,254.17218017578125,247.12460327148438,0.17295122146606445,0.4803959131240845,400.0,0.2309389114379883
20200325.0,1.409999966621399,40.0,8.0,0.07999999821186066,0.125,0.10999999940395355,0.08322567492723465,0.6418964862823486,277.1474304199219,2.202983856201172,253.42459106445312,242.40475463867188,0.0004115266783628613,0.39061063528060913,400.0,0.2674547831217447
20200326.0,1.409999966621399,40.0,8.0,0.07999999821186066,0.125,0.10999999940395355,0.08322567492723465,0.6418964862823486,274.2811584472656,2.187758445739746,253.51229858398438,245.79319763183594,0.0004203559074085206,0.5119405388832092,400.0,0.2769746780395508
20200327.0,1.409999966621399,40.0,8.0,0.07999999821186066,0.125,0.10999999940395355,0.08322567492723465,0.6418964862823486,274.4916687011719,2.1726086139678955,252.99539184570312,247.73605346679688,0.10629470646381378,0.3374015986919403,400.0,0.2732261021931966
20200328.0,1.409999966621399,40.0,8.0,0.07999999821186066,0.125,0.10999999940395355,0.08322567492723465,0.6418964862823486,272.1380615234375,2.157534599304199,253.7890625,246.68927001953125,0.3190349340438843,1.8283462524414062,400.0,0.267126719156901
20200329.0,1.409999966621399,40.0,8.0,0.07999999821186066,0.125,0.10999999940395355,0.08322567492723465,0.6418964862823486,268.4100341796875,2.1425366401672363,257.662353515625,248.72030639648438,0.3158021867275238,0.7523195743560791,400.0,0.2583684921264648
20200330.0,1.409999966621399,40.0,8.0,0.07999999821186066,0.125,0.10999999940395355,0.08322567492723465,0.6418964862823486,266.77801513671875,2.1276142597198486,255.66537475585938,248.4580078125,0.08810050040483475,0.5075008869171143,400.0,0.2536226908365885
20200331.0,1.409999966621399,40.0,8.0,0.07999999821186066,0.125,0.10999999940395355,0.08322567492723465,0.6418964862823486,272.9485778808594,2.1127676963806152,255.71359252929688,246.6012725830078,2.306699752807617,0.608799934387207,400.0,0.2499866485595702
20200401.0,1.409999966621399,40.0,8.0,0.07999999821186066,0.125,0.10999999940395355,0.08322567492723465,0.6418964862823486,272.7388610839844,2.097996950149536,252.6217803955078,243.74203491210938,0.920971691608429,1.1519875526428223,400.0,0.2471516927083333
20200402.0,1.409999966621399,40.0,8.0,0.07999999821186066,0.125,0.10999999940395355,0.08322567492723465,0.6418964862823486,271.2778015136719,2.0833020210266113,255.40274047851562,247.92633056640625,3.7962779998779297,0.34517043828964233,400.0,0.2448021570841471
20200403.0,1.409999966621399,40.0,8.0,0.07999999821186066,0.125,0.10999999940395355,0.08322567492723465,0.6418964862823486,270.40130615234375,2.0686826705932617,253.54568481445312,247.69139099121094,0.7745749354362488,0.9133362770080566,400.0,0.2428083419799804
20200404.0,1.409999966621399,40.0,8.0,0.07999999821186066,0.125,0.10999999940395355,0.08322567492723465,0.6418964862823486,269.8338623046875,2.0541393756866455,257.1697082519531,246.9346160888672,0.1495172530412674,0.9160312414169312,400.0,0.241061528523763
20200405.0,1.409999966621399,40.0,8.0,0.07999999821186066,0.125,0.10999999940395355,0.08322567492723465,0.6418964862823486,269.5390625,2.0396718978881836,254.31423950195312,246.56851196289062,0.007600187789648771,0.5451663732528687,400.0,0.2395016352335612
20200406.0,1.409999966621399,40.0,8.0,0.07999999821186066,0.125,0.10999999940395355,0.08322567492723465,0.6418964862823486,273.1983642578125,2.025279998779297,256.2881164550781,248.73989868164062,0.00728795537725091,0.0,400.0,0.2385466893513997
20200407.0,1.409999966621399,40.0,8.0,0.07999999821186066,0.125,0.10999999940395355,0.08322567492723465,0.6418964862823486,275.8106384277344,2.0109639167785645,252.86428833007812,244.66452026367188,0.285849004983902,0.2079184204339981,400.0,0.2670230865478515
20200408.0,1.409999966621399,40.0,8.0,0.07999999821186066,0.125,0.10999999940395355,0.08322567492723465,0.6418964862823486,276.4423522949219,1.9967237710952759,252.20321655273438,244.36492919921875,0.09833937138319016,0.7238530516624451,400.0,0.2931493123372396
20200409.0,1.409999966621399,40.0,8.0,0.07999999821186066,0.125,0.10999999940395355,0.08322567492723465,0.6418964862823486,274.4523010253906,1.9825594425201416,255.73243713378906,247.185302734375,0.10824781656265259,1.186605453491211,400.0,0.2801558176676432
20200410.0,1.409999966621399,40.0,8.0,0.07999999821186066,0.125,0.10999999940395355,0.08322567492723465,0.6418964862823486,273.02191162109375,1.968470811843872,257.48773193359375,250.93850708007812,0.2954885959625244,1.0662256479263306,400.0,0.2677698135375976
20200411.0,1.409999966621399,40.0,8.0,0.07999999821186066,0.125,0.10999999940395355,0.08322567492723465,0.6418964862823486,272.6122741699219,1.9544579982757568,256.69561767578125,249.5899200439453,0.021854473277926445,0.8177999258041382,400.0,0.2609329223632812
20200412.0,1.409999966621399,40.0,8.0,0.07999999821186066,0.125,0.10999999940395355,0.08322567492723465,0.6418964862823486,273.9090881347656,1.940521001815796,255.91754150390625,250.71612548828125,4.919567584991455,0.19731032848358154,400.0,0.2613643010457356
20200413.0,1.409999966621399,40.0,8.0,0.07999999821186066,0.125,0.10999999940395355,0.08322567492723465,0.6418964862823486,272.3378601074219,1.9266598224639893,257.2978210449219,251.6515350341797,5.890069484710693,1.2882403135299683,400.0,0.2623815536499024
20200414.0,1.409999966621399,40.0,8.0,0.07999999821186066,0.125,0.10999999940395355,0.08322567492723465,0.6418964862823486,274.10076904296875,1.9128743410110474,256.1317138671875,250.1317901611328,2.0233330726623535,1.0261420011520386,400.0,0.255896250406901
20200415.0,1.409999966621399,40.0,8.0,0.07999999821186066,0.125,0.10999999940395355,0.08322567492723465,0.6418964862823486,276.0316162109375,1.8991646766662598,257.44952392578125,248.74169921875,0.7849505543708801,0.7922860980033875,400.0,0.2555052439371744
20200416.0,1.409999966621399,40.0,8.0,0.07999999821186066,0.125,0.10999999940395355,0.08322567492723465,0.6418964862823486,275.08740234375,1.8855308294296265,255.5414581298828,248.29217529296875,0.7039359211921692,1.0728870630264282,400.0,0.2624721527099609
20200417.0,1.409999966621399,40.0,8.0,0.07999999821186066,0.125,0.10999999940395355,0.08322567492723465,0.6418964862823486,274.86279296875,1.8719727993011475,256.1946716308594,248.71868896484375,0.00909047108143568,1.4242823123931885,400.0,0.2603699366251627
20200418.0,1.409999966621399,40.0,8.0,0.07999999821186066,0.125,0.10999999940395355,0.08322567492723465,0.6418964862823486,275.314208984375,1.8584907054901123,255.62161254882812,248.8892822265625,0.0016950180288404226,0.8718268871307373,400.0,0.2548189163208008
20200419.0,1.409999966621399,40.0,8.0,0.07999999821186066,0.125,0.10999999940395355,0.08322567492723465,0.6418964862823486,276.8967590332031,1.8450841903686523,256.063720703125,247.50192260742188,0.003570512169972062,0.10929621756076813,400.0,0.2906290690104166
20200420.0,1.409999966621399,40.0,8.0,0.07999999821186066,0.125,0.10999999940395355,0.08322567492723465,0.6418964862823486,277.4741516113281,1.8317534923553467,255.65545654296875,249.67852783203125,0.0008636380080133677,0.061929889023303986,400.0,0.3206078211466472
20200421.0,1.409999966621399,40.0,8.0,0.07999999821186066,0.125,0.10999999940395355,0.08322567492723465,0.6418964862823486,277.3631591796875,1.8184986114501953,255.7506103515625,247.04196166992188,0.0008523463038727641,0.14734479784965515,400.0,0.3276907602945964
20200422.0,1.409999966621399,40.0,8.0,0.07999999821186066,0.125,0.10999999940395355,0.08322567492723465,0.6418964862823486,276.8167419433594,1.8053195476531982,252.5377197265625,245.68890380859375,0.0,0.19997228682041168,400.0,0.3266401290893554
20200423.0,1.409999966621399,40.0,8.0,0.07999999821186066,0.125,0.10999999940395355,0.08322567492723465,0.6418964862823486,276.1629638671875,1.7922163009643555,253.12210083007812,245.53408813476562,0.003478194819763303,0.25707685947418213,400.0,0.3214337031046549
20200424.0,1.409999966621399,40.0,8.0,0.07999999821186066,0.125,0.10999999940395355,0.08322567492723465,0.6418964862823486,275.4312744140625,1.779188871383667,254.32562255859375,247.15374755859375,0.8725034594535828,0.35662344098091125,400.0,0.3188851674397787
20200425.0,1.409999966621399,40.0,8.0,0.07999999821186066,0.125,0.10999999940395355,0.08322567492723465,0.6418964862823486,274.5135498046875,1.7662371397018433,254.99700927734375,247.260498046875,0.0008523463038727641,1.2352038621902466,400.0,0.2968969345092773
20200426.0,1.409999966621399,40.0,8.0,0.07999999821186066,0.125,0.10999999940395355,0.08322567492723465,0.6418964862823486,274.7920227050781,1.7533613443374634,251.35647583007812,244.4673614501953,0.6858581304550171,0.8041173815727234,400.0,0.2861738204956054
20200427.0,1.409999966621399,40.0,8.0,0.07999999821186066,0.125,0.10999999940395355,0.08322567492723465,0.6418964862823486,273.4626770019531,1.7406238317489624,252.871337890625,243.46011352539062,0.6673718690872192,0.7890164852142334,400.0,0.2790772120157878
20200428.0,1.409999966621399,40.0,8.0,0.07999999821186066,0.125,0.10999999940395355,0.08322567492723465,0.6418964862823486,272.7181396484375,1.7274630069732666,252.87799072265625,244.76776123046875,0.4418543577194214,1.073269248008728,400.0,0.2716693878173828
20200429.0,1.409999966621399,40.0,8.0,0.07999999821186066,0.125,0.10999999940395355,0.08322567492723465,0.6418964862823486,273.591064453125,1.7161178588867188,253.06265258789062,245.68243408203125,0.5278077721595764,0.8380512595176697,400.0,0.2665920257568359
20200430.0,1.409999966621399,40.0,8.0,0.07999999821186066,0.125,0.10999999940395355,0.08322567492723465,0.6418964862823486,273.46807861328125,1.7013843059539795,253.57357788085938,246.53958129882812,0.28772497177124023,0.9277147054672241,400.0,0.2624289194742838
20200501.0,1.409999966621399,40.0,8.0,0.07999999821186066,0.125,0.10999999940395355,0.08322567492723465,0.6418964862823486,273.8930969238281,1.6798089742660522,255.09506225585938,248.39389038085938,4.566878795623779,0.6183715462684631,400.0,0.2591365178426107
20200502.0,1.409999966621399,40.0,8.0,0.07999999821186066,0.125,0.10999999940395355,0.08322567492723465,0.6418964862823486,275.6061706542969,1.655089259147644,248.85983276367188,238.87619018554688,8.673107147216797,0.0,400.0,0.2890160878499349
20200503.0,1.409999966621399,40.0,8.0,0.07999999821186066,0.125,0.10999999940395355,0.08322567492723465,0.6418964862823486,277.9647521972656,1.6323388814926147,251.25277709960938,240.83685302734375,0.10234686732292175,0.2508805990219116,400.0,0.3237918217976888
20200504.0,1.409999966621399,40.0,8.0,0.07999999821186066,0.125,0.10999999940395355,0.08322567492723465,0.6418964862823486,277.1867370605469,1.609383225440979,252.10479736328125,244.50021362304688,0.06373508274555206,0.8962016105651855,400.0,0.3170976638793945
20200505.0,1.409999966621399,40.0,8.0,0.07999999821186066,0.125,0.10999999940395355,0.08322567492723465,0.6418964862823486,277.59149169921875,1.5866153240203857,251.38311767578125,243.1216583251953,0.0007711802027188241,1.0105863809585571,400.0,0.3151397705078125
20200506.0,1.409999966621399,40.0,8.0,0.07999999821186066,0.125,0.10999999940395355,0.08322567492723465,0.6418964862823486,277.78668212890625,1.5652798414230347,249.949462890625,238.33340454101562,1.0817855596542358,1.1788703203201294,400.0,0.3205963770548502
20200507.0,1.409999966621399,40.0,8.0,0.07999999821186066,0.125,0.10999999940395355,0.08322567492723465,0.6418964862823486,276.906982421875,1.5402063131332397,249.6724853515625,240.4480438232422,0.19259177148342133,1.4408665895462036,400.0,0.3079868952433268
20200508.0,1.409999966621399,40.0,8.0,0.07999999821186066,0.125,0.10999999940395355,0.08322567492723465,0.6418964862823486,275.2138366699219,1.5233591794967651,249.82977294921875,240.985107421875,5.499205589294434,0.1465369611978531,400.0,0.3159637451171875
20200509.0,1.409999966621399,40.0,8.0,0.07999999821186066,0.125,0.10999999940395355,0.08322567492723465,0.6418964862823486,276.9317626953125,1.5226356983184814,249.16653442382812,238.57708740234375,0.46513769030570984,1.3835036754608154,400.0,0.3124262491861979
20200510.0,1.409999966621399,40.0,8.0,0.07999999821186066,0.125,0.10999999940395355,0.08322567492723465,0.6418964862823486,275.44970703125,1.5298137664794922,249.92446899414062,240.79812622070312,2.0889387130737305,0.8756390810012817,400.0,0.3002236684163412
20200511.0,1.409999966621399,40.0,8.0,0.07999999821186066,0.125,0.10999999940395355,0.08322567492723465,0.6418964862823486,275.0390930175781,1.533050298690796,249.50399780273438,242.21771240234375,0.3236088156700134,1.6264287233352661,400.0,0.2888002395629883
20200512.0,1.409999966621399,40.0,8.0,0.07999999821186066,0.125,0.10999999940395355,0.08322567492723465,0.6418964862823486,275.6112976074219,1.537428617477417,248.71478271484375,241.6104736328125,0.6606509685516357,1.1202006340026855,400.0,0.2846450805664062
20200513.0,1.409999966621399,40.0,8.0,0.07999999821186066,0.125,0.10999999940395355,0.08322567492723465,0.6418964862823486,275.6134948730469,1.5417827367782593,248.72113037109375,241.29946899414062,0.4055120348930359,1.1844456195831299,400.0,0.2882773081461588
20200514.0,1.409999966621399,40.0,8.0,0.07999999821186066,0.125,0.10999999940395355,0.08322567492723465,0.6418964862823486,275.72039794921875,1.5452897548675537,249.0178680419922,240.81295776367188,0.5609503388404846,1.392676591873169,400.0,0.2872756322224935
20200515.0,1.409999966621399,40.0,8.0,0.07999999821186066,0.125,0.10999999940395355,0.08322567492723465,0.6418964862823486,275.6427307128906,1.5518144369125366,247.99313354492188,238.05059814453125,1.0370687246322632,1.5243905782699585,400.0,0.2834790547688802
20200516.0,1.409999966621399,40.0,8.0,0.07999999821186066,0.125,0.10999999940395355,0.08322567492723465,0.6418964862823486,275.56231689453125,1.5523247718811035,248.08578491210938,234.25942993164062,5.165131568908691,0.48390984535217285,400.0,0.3016551335652669
20200517.0,1.409999966621399,40.0,8.0,0.07999999821186066,0.125,0.10999999940395355,0.08322567492723465,0.6418964862823486,276.2732849121094,1.5406180620193481,249.15924072265625,241.02206420898438,2.308842420578003,0.562567412853241,400.0,0.3150806427001953
20200518.0,1.409999966621399,40.0,8.0,0.07999999821186066,0.125,0.10999999940395355,0.08322567492723465,0.6418964862823486,277.28167724609375,1.5230512619018555,249.27099609375,239.63734436035156,0.5670812726020813,0.6861502528190613,400.0,0.3164733250935872
20200519.0,1.409999966621399,40.0,8.0,0.07999999821186066,0.125,0.10999999940395355,0.08322567492723465,0.6418964862823486,276.3777160644531,1.5085989236831665,248.69943237304688,240.95486450195312,5.351263046264648,0.28407764434814453,400.0,0.3217687606811523
20200520.0,1.409999966621399,40.0,8.0,0.07999999821186066,0.125,0.10999999940395355,0.08322567492723465,0.6418964862823486,277.666748046875,1.4934370517730713,250.69003295898438,241.6792755126953,0.3577437400817871,1.3696997165679932,400.0,0.3132591247558594
20200521.0,1.409999966621399,40.0,8.0,0.07999999821186066,0.125,0.10999999940395355,0.08322567492723465,0.6418964862823486,279.0920715332031,1.4784438610076904,249.14894104003906,238.97970581054688,0.0023594095837324858,1.480812430381775,400.0,0.3087882995605469
20200522.0,1.409999966621399,40.0,8.0,0.07999999821186066,0.125,0.10999999940395355,0.08322567492723465,0.6418964862823486,280.0914001464844,1.4641599655151367,247.84568786621094,238.5142822265625,0.0,2.0717718601226807,400.0,0.3049901326497395
20200523.0,1.409999966621399,40.0,8.0,0.07999999821186066,0.125,0.10999999940395355,0.08322567492723465,0.6418964862823486,281.281494140625,1.448019027709961,248.45692443847656,237.05540466308594,0.8369676470756531,1.9570993185043335,400.0,0.3007510503133138
20200524.0,1.409999966621399,40.0,8.0,0.07999999821186066,0.125,0.10999999940395355,0.08322567492723465,0.6418964862823486,279.96759033203125,1.4359720945358276,251.59951782226562,240.6759490966797,1.9263434410095215,1.222315788269043,400.0,0.3024511337280273
20200525.0,1.409999966621399,40.0,8.0,0.07999999821186066,0.125,0.10999999940395355,0.08322567492723465,0.6418964862823486,283.45135498046875,1.4319751262664795,249.92526245117188,241.67889404296875,0.003984588198363781,1.9675332307815552,400.0,0.2855723698933919
20200526.0,1.409999966621399,40.0,8.0,0.07999999821186066,0.125,0.10999999940395355,0.08322567492723465,0.6418964862823486,285.873046875,1.4319071769714355,250.24923706054688,238.23760986328125,0.7789821624755859,2.2212140560150146,400.0,0.2719586690266927
20200527.0,1.409999966621399,40.0,8.0,0.07999999821186066,0.125,0.10999999940395355,0.08322567492723465,0.6418964862823486,283.9707336425781,1.429878830909729,252.86184692382812,244.17581176757812,1.1334905624389648,2.505384683609009,400.0,0.2672176361083984
20200528.0,1.409999966621399,40.0,8.0,0.07999999821186066,0.125,0.10999999940395355,0.08322567492723465,0.6418964862823486,282.72186279296875,1.4284121990203857,250.04263305664062,239.80447387695312,0.20451153814792633,2.347562551498413,400.0,0.2509581247965495
20200529.0,1.409999966621399,40.0,8.0,0.07999999821186066,0.125,0.10999999940395355,0.08322567492723465,0.6418964862823486,283.4158020019531,1.4270199537277222,249.5634307861328,239.62301635742188,0.03104817308485508,1.974229097366333,400.0,0.2394835154215494
20200530.0,1.409999966621399,40.0,8.0,0.07999999821186066,0.125,0.10999999940395355,0.08322567492723465,0.6418964862823486,285.53692626953125,1.4244874715805054,251.29367065429688,240.857421875,0.0008523463038727641,2.6349053382873535,400.0,0.2285890579223632
20200531.0,1.409999966621399,40.0,8.0,0.07999999821186066,0.125,0.10999999940395355,0.08322567492723465,0.6418964862823486,289.4863586425781,1.4259519577026367,250.08938598632812,242.65359497070312,0.0004410743713378906,3.0220303535461426,400.0,0.2171344757080078
20200601.0,1.409999966621399,40.0,8.0,0.07999999821186066,0.125,0.10999999940395355,0.08322567492723465,0.6418964862823486,292.0734558105469,1.4194350242614746,256.66204833984375,241.04579162597656,0.0,3.373377561569214,400.0,0.2055037816365559
20200602.0,1.409999966621399,40.0,8.0,0.07999999821186066,0.125,0.10999999940395355,0.08322567492723465,0.6418964862823486,290.6144104003906,1.3969151973724365,255.98397827148438,243.77032470703125,2.484773635864258,3.0109970569610596,400.0,0.1986462275187174
20200603.0,1.409999966621399,40.0,8.0,0.07999999821186066,0.125,0.10999999940395355,0.08322567492723465,0.6418964862823486,287.27642822265625,1.3670361042022705,257.071044921875,247.46365356445312,3.701820135116577,3.1061291694641113,400.0,0.2322858174641927
20200604.0,1.409999966621399,40.0,8.0,0.07999999821186066,0.125,0.10999999940395355,0.08322567492723465,0.6418964862823486,288.44073486328125,1.3415447473526,256.5876770019531,246.78021240234375,0.13404852151870728,2.9809019565582275,400.0,0.2178837458292642
20200605.0,1.409999966621399,40.0,8.0,0.07999999821186066,0.125,0.10999999940395355,0.08322567492723465,0.6418964862823486,285.3415832519531,1.3154693841934204,253.95358276367188,245.7078857421875,0.2588435113430023,1.1146674156188965,400.0,0.2074460983276367
20200606.0,1.409999966621399,40.0,8.0,0.07999999821186066,0.125,0.10999999940395355,0.08322567492723465,0.6418964862823486,285.31341552734375,1.2899408340454102,256.87005615234375,247.83453369140625,11.374107360839844,2.1651902198791504,400.0,0.2366072336832681
20200607.0,1.409999966621399,40.0,8.0,0.07999999821186066,0.125,0.10999999940395355,0.08322567492723465,0.6418964862823486,283.5896301269531,1.2656744718551636,248.2362060546875,237.208740234375,5.795762538909912,2.6709811687469482,400.0,0.2782039642333984
20200608.0,1.409999966621399,40.0,8.0,0.07999999821186066,0.125,0.10999999940395355,0.08322567492723465,0.6418964862823486,285.2370910644531,1.239318609237671,254.98165893554688,243.8857421875,0.005427861586213112,2.450623035430908,400.0,0.2505683898925781
20200609.0,1.409999966621399,40.0,8.0,0.07999999821186066,0.125,0.10999999940395355,0.08322567492723465,0.6418964862823486,285.2766418457031,1.2185860872268677,254.9062042236328,244.80059814453125,0.007331191096454859,2.845525026321411,400.0,0.2344427108764648
20200612.0,1.409999966621399,40.0,8.0,0.07999999821186066,0.125,0.10999999940395355,0.08322567492723465,0.6418964862823486,289.6326599121094,1.1955275535583496,256.051025390625,245.69183349609375,0.0008569718338549137,3.2175471782684326,400.0,0.1995442708333333
20200613.0,1.409999966621399,40.0,8.0,0.07999999821186066,0.125,0.10999999940395355,0.08322567492723465,0.6418964862823486,291.771728515625,1.1886510848999023,256.1717529296875,246.26287841796875,0.0,3.6254031658172607,400.0,0.1886704762776692
20200614.0,1.409999966621399,40.0,8.0,0.07999999821186066,0.125,0.10999999940395355,0.08322567492723465,0.6418964862823486,293.6021728515625,1.181732177734375,258.21185302734375,246.96142578125,0.000852346362080425,3.787578582763672,400.0,0.1764796574910481
20200615.0,1.409999966621399,40.0,8.0,0.07999999821186066,0.125,0.10999999940395355,0.08322567492723465,0.6418964862823486,292.95196533203125,1.1748607158660889,258.45196533203125,249.74497985839844,0.2706778347492218,2.5951125621795654,400.0,0.1680962244669596
20200616.0,1.409999966621399,40.0,8.0,0.07999999821186066,0.125,0.10999999940395355,0.08322567492723465,0.6418964862823486,289.7877502441406,1.1680314540863037,258.4827880859375,250.06494140625,0.007947166450321674,2.134930372238159,400.0,0.1647586822509765
20200617.0,1.409999966621399,40.0,8.0,0.07999999821186066,0.125,0.10999999940395355,0.08322567492723465,0.6418964862823486,291.0454406738281,1.1612558364868164,260.4511413574219,251.914794921875,4.61110782623291,3.478998899459839,400.0,0.1628023783365885
20200618.0,1.409999966621399,40.0,8.0,0.07999999821186066,0.125,0.10999999940395355,0.08322567492723465,0.6418964862823486,289.4948425292969,1.1545418500900269,258.2749328613281,251.64535522460938,14.59931755065918,2.5161190032958984,400.0,0.270302136739095
20200619.0,1.409999966621399,40.0,8.0,0.07999999821186066,0.125,0.10999999940395355,0.08322567492723465,0.6418964862823486,290.8913269042969,1.1478811502456665,261.17425537109375,251.69183349609375,0.0017119223484769464,3.146963596343994,400.0,0.2350702285766601
20200620.0,1.409999966621399,40.0,8.0,0.07999999821186066,0.125,0.10999999940395355,0.08322567492723465,0.6418964862823486,290.0068359375,1.141262412071228,261.76141357421875,251.1502685546875,0.0,3.8824844360351562,400.0,0.2132809956868488
20200621.0,1.409999966621399,40.0,8.0,0.07999999821186066,0.125,0.10999999940395355,0.08322567492723465,0.6418964862823486,292.20965576171875,1.1346906423568726,261.03997802734375,254.02169799804688,0.00043088250095024705,3.4967153072357178,400.0,0.1972357432047526
20200622.0,1.409999966621399,40.0,8.0,0.07999999821186066,0.125,0.10999999940395355,0.08322567492723465,0.6418964862823486,294.0649108886719,1.1281256675720215,263.116455078125,253.1419677734375,0.0,3.7554259300231934,400.0,0.1829242706298828
20200623.0,1.409999966621399,40.0,8.0,0.07999999821186066,0.125,0.10999999940395355,0.08322567492723465,0.6418964862823486,295.9068603515625,1.1219145059585571,263.92291259765625,254.66439819335938,0.004504742566496134,3.3278934955596924,400.0,0.1703529357910156
20200624.0,1.409999966621399,40.0,8.0,0.07999999821186066,0.125,0.10999999940395355,0.08322567492723465,0.6418964862823486,295.31451416015625,1.11467707157135,262.19091796875,253.86671447753906,0.00215009949170053,2.9305171966552734,400.0,0.1601365407307942
20200625.0,1.409999966621399,40.0,8.0,0.07999999821186066,0.125,0.10999999940395355,0.08322567492723465,0.6418964862823486,296.6611633300781,1.1096181869506836,263.6744689941406,255.12820434570312,0.3421463966369629,2.9855148792266846,400.0,0.1524359385172525
20200626.0,1.409999966621399,40.0,8.0,0.07999999821186066,0.125,0.10999999940395355,0.08322567492723465,0.6418964862823486,296.2409362792969,1.1088905334472656,262.5015869140625,253.4195098876953,0.7924620509147644,3.100248098373413,400.0,0.1477085749308267
20200627.0,1.409999966621399,40.0,8.0,0.07999999821186066,0.125,0.10999999940395355,0.08322567492723465,0.6418964862823486,291.38970947265625,1.1102856397628784,263.91912841796875,255.8939208984375,1.0763901472091675,3.223935842514038,400.0,0.1460774739583333
20200629.0,1.409999966621399,40.0,8.0,0.07999999821186066,0.125,0.10999999940395355,0.08322567492723465,0.6418964862823486,289.5199279785156,1.111257553100586,262.80023193359375,254.58349609375,5.758039951324463,2.0176706314086914,400.0,0.1695289611816406
20200630.0,1.409999966621399,40.0,8.0,0.07999999821186066,0.125,0.10999999940395355,0.08322567492723465,0.6418964862823486,290.1429138183594,1.1117472648620605,260.68927001953125,252.0238800048828,0.4376803934574127,2.8066341876983643,400.0,0.1976973215738932
