date,smap_freq,smap_theta,mcd12c1_IGBP_land_cover,omega_land_cover,roughness_land_cover,b_land_cover,soilgrid_clay_fraction,soilgrid_bulk_density,era5_surface_temperature,vwc_mcd13_sf_land,smap_tb_v_corrected,smap_tb_h_corrected,era5_prep,era5_evap,koppen_climate_5_types,insitu_sm
20150401.0,1.409999966621399,40.0,12.0,0.05999999865889549,0.1080000028014183,0.10999999940395355,0.3076511323451996,1.3494465351104736,281.6246643066406,0.40493884682655334,247.9407958984375,230.82025146484375,0.555713951587677,2.1298298835754395,300.0,0.295879166573286
20150403.0,1.409999966621399,40.0,12.0,0.05999999865889549,0.1080000028014183,0.10999999940395355,0.3076511323451996,1.3494465351104736,283.8867492675781,0.3966794013977051,253.4322509765625,234.3021240234375,0.01017126813530922,2.295529842376709,300.0,0.279899999499321
20150406.0,1.409999966621399,40.0,12.0,0.05999999865889549,0.1080000028014183,0.10999999940395355,0.3076511323451996,1.3494465351104736,282.02008056640625,0.38486990332603455,251.93202209472656,233.78143310546875,0.0,3.068087100982666,300.0,0.260687500238419
20150408.0,1.409999966621399,40.0,12.0,0.05999999865889549,0.1080000028014183,0.10999999940395355,0.3076511323451996,1.3494465351104736,283.9879150390625,0.35072651505470276,257.3084411621094,239.7963409423828,0.00344284949824214,3.7774274349212646,300.0,0.230045834556222
20150409.0,1.409999966621399,40.0,12.0,0.05999999865889549,0.1080000028014183,0.10999999940395355,0.3076511323451996,1.3494465351104736,284.7950134277344,0.31926020979881287,258.76812744140625,241.7484130859375,0.0008597277919761837,3.8176801204681396,300.0,0.216037497545282
20150411.0,1.409999966621399,40.0,12.0,0.05999999865889549,0.1080000028014183,0.10999999940395355,0.3076511323451996,1.3494465351104736,286.9227600097656,0.2651335895061493,261.09100341796875,246.03982543945312,0.04704263433814049,2.9520187377929688,300.0,0.193166666353742
20150414.0,1.409999966621399,40.0,12.0,0.05999999865889549,0.1080000028014183,0.10999999940395355,0.3076511323451996,1.3494465351104736,289.132568359375,0.18540740013122559,267.18511962890625,252.6826171875,0.0008553265361115336,4.353602886199951,300.0,0.164495833838979
20150416.0,1.409999966621399,40.0,12.0,0.05999999865889549,0.1080000028014183,0.10999999940395355,0.3076511323451996,1.3494465351104736,288.866455078125,0.17968089878559113,270.1585693359375,254.71951293945312,10.2164945602417,2.929144859313965,300.0,0.165641667321324
20150417.0,1.409999966621399,40.0,12.0,0.05999999865889549,0.1080000028014183,0.10999999940395355,0.3076511323451996,1.3494465351104736,288.1563415527344,0.20304696261882782,258.1890869140625,239.51284790039062,2.2366080284118652,2.643092632293701,300.0,0.210966667160392
20150419.0,1.409999966621399,40.0,12.0,0.05999999865889549,0.1080000028014183,0.10999999940395355,0.3076511323451996,1.3494465351104736,285.2635803222656,0.24006250500679016,249.3504638671875,225.17425537109375,23.212400436401367,2.0551109313964844,300.0,0.296237501005332
20150422.0,1.409999966621399,40.0,12.0,0.05999999865889549,0.1080000028014183,0.10999999940395355,0.3076511323451996,1.3494465351104736,288.2567443847656,0.3044053614139557,256.6838684082031,231.45748901367188,2.007429361343384,4.200934410095215,300.0,0.257916666567326
20150424.0,1.409999966621399,40.0,12.0,0.05999999865889549,0.1080000028014183,0.10999999940395355,0.3076511323451996,1.3494465351104736,289.3009338378906,0.3079926371574402,258.46630859375,239.71453857421875,0.004165967460721731,3.7624824047088623,300.0,0.245429166282217
20150425.0,1.409999966621399,40.0,12.0,0.05999999865889549,0.1080000028014183,0.10999999940395355,0.3076511323451996,1.3494465351104736,290.2977600097656,0.2861446142196655,263.6097412109375,242.71023559570312,0.9016807675361633,2.936060905456543,300.0,0.235037500038743
20150427.0,1.409999966621399,40.0,12.0,0.05999999865889549,0.1080000028014183,0.10999999940395355,0.3076511323451996,1.3494465351104736,284.76812744140625,0.25348812341690063,248.350341796875,223.21044921875,30.276762008666992,2.4290823936462402,300.0,0.307854168117046
20150430.0,1.409999966621399,40.0,12.0,0.05999999865889549,0.1080000028014183,0.10999999940395355,0.3076511323451996,1.3494465351104736,287.3562927246094,0.20361891388893127,253.38656616210938,229.64105224609375,0.0008523463038727641,3.4131906032562256,300.0,0.268899999558926
20150502.0,1.409999966621399,40.0,12.0,0.05999999865889549,0.1080000028014183,0.10999999940395355,0.3076511323451996,1.3494465351104736,291.3758239746094,0.19043464958667755,260.2488708496094,234.78695678710938,0.30148473381996155,3.417588233947754,300.0,0.263158340007067
20150503.0,1.409999966621399,40.0,12.0,0.05999999865889549,0.1080000028014183,0.10999999940395355,0.3076511323451996,1.3494465351104736,292.50799560546875,0.1947314590215683,262.4082336425781,238.83290100097656,2.979137420654297,3.2707998752593994,300.0,0.256404166420301
20150505.0,1.409999966621399,40.0,12.0,0.05999999865889549,0.1080000028014183,0.10999999940395355,0.3076511323451996,1.3494465351104736,289.6009826660156,0.19873620569705963,265.0083312988281,243.51153564453125,0.26452070474624634,2.5226781368255615,300.0,0.236804166808724
20150508.0,1.409999966621399,40.0,12.0,0.05999999865889549,0.1080000028014183,0.10999999940395355,0.3076511323451996,1.3494465351104736,290.2776184082031,0.20624537765979767,267.09112548828125,249.75537109375,0.7190473079681396,3.7363882064819336,300.0,0.199008332565427
20150510.0,1.409999966621399,40.0,12.0,0.05999999865889549,0.1080000028014183,0.10999999940395355,0.3076511323451996,1.3494465351104736,290.89630126953125,0.2037644386291504,270.0531005859375,251.46255493164062,0.0008523463038727641,4.8619704246521,300.0,0.181737501174212
20150511.0,1.409999966621399,40.0,12.0,0.05999999865889549,0.1080000028014183,0.10999999940395355,0.3076511323451996,1.3494465351104736,292.5077209472656,0.19818292558193207,272.6617431640625,257.478759765625,0.0025932530406862497,5.3856706619262695,300.0,0.1704708331575
20150516.0,1.409999966621399,40.0,12.0,0.05999999865889549,0.1080000028014183,0.10999999940395355,0.3076511323451996,1.3494465351104736,286.31854248046875,0.17320039868354797,262.27581787109375,243.24737548828125,2.3909847736358643,2.666304588317871,300.0,0.198175000647704
20150518.0,1.409999966621399,40.0,12.0,0.05999999865889549,0.1080000028014183,0.10999999940395355,0.3076511323451996,1.3494465351104736,290.3772888183594,0.18633311986923218,269.0525207519531,250.5777587890625,0.013014674186706543,4.310449600219727,300.0,0.172545832892259
20150519.0,1.409999966621399,40.0,12.0,0.05999999865889549,0.1080000028014183,0.10999999940395355,0.3076511323451996,1.3494465351104736,285.0952453613281,0.20714421570301056,258.9775085449219,239.83895874023438,2.866772413253784,2.088022470474243,300.0,0.217526085350824
20150521.0,1.409999966621399,40.0,12.0,0.05999999865889549,0.1080000028014183,0.10999999940395355,0.3076511323451996,1.3494465351104736,285.00323486328125,0.2441464513540268,260.47149658203125,239.649658203125,0.8376156091690063,3.763997793197632,300.0,0.202475000172853
20150524.0,1.409999966621399,40.0,12.0,0.05999999865889549,0.1080000028014183,0.10999999940395355,0.3076511323451996,1.3494465351104736,288.9161376953125,0.3041577935218811,268.86444091796875,254.2266845703125,0.5190898180007935,3.0140628814697266,300.0,0.162404166534543
20150526.0,1.409999966621399,40.0,12.0,0.05999999865889549,0.1080000028014183,0.10999999940395355,0.3076511323451996,1.3494465351104736,286.9578552246094,0.34650349617004395,269.709716796875,253.67864990234375,4.425999164581299,3.3241655826568604,300.0,0.152083334823449
20150527.0,1.409999966621399,40.0,12.0,0.05999999865889549,0.1080000028014183,0.10999999940395355,0.3076511323451996,1.3494465351104736,288.4743347167969,0.3684062957763672,269.92425537109375,253.58065795898438,0.0008642672910355031,4.6606526374816895,300.0,0.149349999924501
20150529.0,1.409999966621399,40.0,12.0,0.05999999865889549,0.1080000028014183,0.10999999940395355,0.3076511323451996,1.3494465351104736,290.0350646972656,0.4135509729385376,272.380126953125,256.7171325683594,3.1569459438323975,3.9717042446136475,300.0,0.143654165789485
20150601.0,1.409999966621399,40.0,12.0,0.05999999865889549,0.1080000028014183,0.10999999940395355,0.3076511323451996,1.3494465351104736,292.25848388671875,0.4865294396877289,274.3027648925781,260.30938720703125,0.0034366713371127844,3.4478955268859863,300.0,0.138854168355465
20150603.0,1.409999966621399,40.0,12.0,0.05999999865889549,0.1080000028014183,0.10999999940395355,0.3076511323451996,1.3494465351104736,295.43023681640625,0.5128827095031738,277.07476806640625,264.38446044921875,0.06358662992715836,3.9274256229400635,300.0,0.136979167039196
20150604.0,1.409999966621399,40.0,12.0,0.05999999865889549,0.1080000028014183,0.10999999940395355,0.3076511323451996,1.3494465351104736,296.8949279785156,0.5119373202323914,277.35546875,264.2695617675781,0.0052655404433608055,5.2078857421875,300.0,0.135391665622592
20150606.0,1.409999966621399,40.0,12.0,0.05999999865889549,0.1080000028014183,0.10999999940395355,0.3076511323451996,1.3494465351104736,295.5804748535156,0.5161072015762329,277.71624755859375,263.06787109375,0.005698315799236298,3.814903497695923,300.0,0.130524999772509
20150609.0,1.409999966621399,40.0,12.0,0.05999999865889549,0.1080000028014183,0.10999999940395355,0.3076511323451996,1.3494465351104736,294.474853515625,0.5203220844268799,265.5422058105469,240.3013916015625,0.6800259947776794,3.580873489379883,300.0,0.1255541673551
20150612.0,1.409999966621399,40.0,12.0,0.05999999865889549,0.1080000028014183,0.10999999940395355,0.3076511323451996,1.3494465351104736,292.7224426269531,0.5496147274971008,263.2462463378906,239.28384399414062,7.333425045013428,2.4668772220611572,300.0,0.128254166493813
20150614.0,1.409999966621399,40.0,12.0,0.05999999865889549,0.1080000028014183,0.10999999940395355,0.3076511323451996,1.3494465351104736,291.0292663574219,0.5760077238082886,254.2534637451172,229.24363708496094,10.068424224853516,2.9403605461120605,300.0,0.267208331574996
20150619.0,1.409999966621399,40.0,12.0,0.05999999865889549,0.1080000028014183,0.10999999940395355,0.3076511323451996,1.3494465351104736,290.36785888671875,0.6404653787612915,261.2752685546875,236.28631591796875,2.3958163261413574,2.3580284118652344,300.0,0.232841666166981
20150620.0,1.409999966621399,40.0,12.0,0.05999999865889549,0.1080000028014183,0.10999999940395355,0.3076511323451996,1.3494465351104736,292.5268859863281,0.6489903330802917,264.7210693359375,240.11279296875,0.00170469272416085,5.0724687576293945,300.0,0.217779166375597
20150625.0,1.409999966621399,40.0,12.0,0.05999999865889549,0.1080000028014183,0.10999999940395355,0.3076511323451996,1.3494465351104736,295.24871826171875,0.6959530711174011,275.65869140625,258.0683898925781,0.000852346362080425,4.9056291580200195,300.0,0.1445166648676
20150627.0,1.409999966621399,40.0,12.0,0.05999999865889549,0.1080000028014183,0.10999999940395355,0.3076511323451996,1.3494465351104736,295.103515625,0.7079929709434509,276.82171630859375,261.2896728515625,0.028894411399960518,3.8259570598602295,300.0,0.135233332713445
20150628.0,1.409999966621399,40.0,12.0,0.05999999865889549,0.1080000028014183,0.10999999940395355,0.3076511323451996,1.3494465351104736,296.15362548828125,0.7098536491394043,276.294677734375,260.22991943359375,0.0,4.797191143035889,300.0,0.134499999384085
20150630.0,1.409999966621399,40.0,12.0,0.05999999865889549,0.1080000028014183,0.10999999940395355,0.3076511323451996,1.3494465351104736,298.0733947753906,0.7153645157814026,278.2589416503906,264.2457275390625,0.000858306884765625,4.807036876678467,300.0,0.129883332798878
20150703.0,1.409999966621399,40.0,12.0,0.05999999865889549,0.1080000028014183,0.10999999940395355,0.3076511323451996,1.3494465351104736,299.57281494140625,0.7236326336860657,278.5458984375,265.0706787109375,0.004318356513977051,4.371140956878662,300.0,0.124012499116361
20150705.0,1.409999966621399,40.0,12.0,0.05999999865889549,0.1080000028014183,0.10999999940395355,0.3076511323451996,1.3494465351104736,301.7493591308594,0.7252081632614136,279.9587097167969,265.22271728515625,0.0017253230325877666,3.9511215686798096,300.0,0.12151249901702
20150706.0,1.409999966621399,40.0,12.0,0.05999999865889549,0.1080000028014183,0.10999999940395355,0.3076511323451996,1.3494465351104736,302.9820556640625,0.7236937880516052,280.8026428222656,266.58599853515625,0.0008559238631278276,3.8781423568725586,300.0,0.121083332536121
20150708.0,1.409999966621399,40.0,12.0,0.05999999865889549,0.1080000028014183,0.10999999940395355,0.3076511323451996,1.3494465351104736,295.0361633300781,0.721645712852478,280.61285400390625,268.0453186035156,0.7158661484718323,2.0215024948120117,300.0,0.115624999627471
20150711.0,1.409999966621399,40.0,12.0,0.05999999865889549,0.1080000028014183,0.10999999940395355,0.3076511323451996,1.3494465351104736,297.8775329589844,0.7181255221366882,281.2707214355469,267.62078857421875,0.29659947752952576,2.5622928142547607,300.0,0.113833333365619
20150713.0,1.409999966621399,40.0,12.0,0.05999999865889549,0.1080000028014183,0.10999999940395355,0.3076511323451996,1.3494465351104736,297.2258605957031,0.7192644476890564,278.1449279785156,266.0650329589844,0.001290440559387207,2.7255444526672363,300.0,0.113270834088326
20150714.0,1.409999966621399,40.0,12.0,0.05999999865889549,0.1080000028014183,0.10999999940395355,0.3076511323451996,1.3494465351104736,298.0797424316406,0.7218663096427917,278.85577392578125,268.2504577636719,0.0012814997462555766,2.721738576889038,300.0,0.112754166126251
20150716.0,1.409999966621399,40.0,12.0,0.05999999865889549,0.1080000028014183,0.10999999940395355,0.3076511323451996,1.3494465351104736,300.49267578125,0.7262149453163147,281.3818359375,268.74298095703125,0.00171661376953125,2.7855517864227295,300.0,0.111500000581145
20150719.0,1.409999966621399,40.0,12.0,0.05999999865889549,0.1080000028014183,0.10999999940395355,0.3076511323451996,1.3494465351104736,298.231689453125,0.7347608804702759,281.40447998046875,267.28656005859375,1.2171258926391602,3.2562379837036133,300.0,0.111020834495624
20150721.0,1.409999966621399,40.0,12.0,0.05999999865889549,0.1080000028014183,0.10999999940395355,0.3076511323451996,1.3494465351104736,301.4905700683594,0.7167676091194153,281.3787841796875,267.9529113769531,0.000858306884765625,3.832007646560669,300.0,0.111166667193174
20150722.0,1.409999966621399,40.0,12.0,0.05999999865889549,0.1080000028014183,0.10999999940395355,0.3076511323451996,1.3494465351104736,297.7290954589844,0.6942382454872131,278.08612060546875,261.4026794433594,3.2540011405944824,2.0263607501983643,300.0,0.201058333118757
20150724.0,1.409999966621399,40.0,12.0,0.05999999865889549,0.1080000028014183,0.10999999940395355,0.3076511323451996,1.3494465351104736,298.1702880859375,0.6556671857833862,273.126708984375,254.114013671875,1.8206223249435425,3.094062328338623,300.0,0.205795833220085
20150727.0,1.409999966621399,40.0,12.0,0.05999999865889549,0.1080000028014183,0.10999999940395355,0.3076511323451996,1.3494465351104736,295.20623779296875,0.5963370203971863,274.859130859375,259.674072265625,1.6632686853408813,2.237740993499756,300.0,0.186354167759418
20150729.0,1.409999966621399,40.0,12.0,0.05999999865889549,0.1080000028014183,0.10999999940395355,0.3076511323451996,1.3494465351104736,295.0287780761719,0.5847408771514893,276.03009033203125,263.8604736328125,2.2027058601379395,1.730842113494873,300.0,0.161760869881381
20150730.0,1.409999966621399,40.0,12.0,0.05999999865889549,0.1080000028014183,0.10999999940395355,0.3076511323451996,1.3494465351104736,290.026611328125,0.5947087407112122,264.3835754394531,249.2618408203125,6.673513889312744,2.237539291381836,300.0,0.176479166994492
20150801.0,1.409999966621399,40.0,12.0,0.05999999865889549,0.1080000028014183,0.10999999940395355,0.3076511323451996,1.3494465351104736,293.44732666015625,0.6080454587936401,260.909912109375,240.47781372070312,1.313490867614746,2.6035068035125732,300.0,0.240408333018422
20150804.0,1.409999966621399,40.0,12.0,0.05999999865889549,0.1080000028014183,0.10999999940395355,0.3076511323451996,1.3494465351104736,297.1161804199219,0.630939781665802,267.853515625,251.2063751220703,0.9270384907722473,2.010993242263794,300.0,0.185650002211332
20150806.0,1.409999966621399,40.0,12.0,0.05999999865889549,0.1080000028014183,0.10999999940395355,0.3076511323451996,1.3494465351104736,302.16204833984375,0.6284071207046509,276.1088562011719,261.561767578125,0.0029847354162484407,2.7256174087524414,300.0,0.161616665000717
20150807.0,1.409999966621399,40.0,12.0,0.05999999865889549,0.1080000028014183,0.10999999940395355,0.3076511323451996,1.3494465351104736,301.6825256347656,0.6167688369750977,277.41119384765625,264.0845947265625,0.0591546967625618,1.9980355501174927,300.0,0.148283333828052
20150809.0,1.409999966621399,40.0,12.0,0.05999999865889549,0.1080000028014183,0.10999999940395355,0.3076511323451996,1.3494465351104736,291.15087890625,0.5980846285820007,263.33502197265625,243.63449096679688,2.9680590629577637,2.4913411140441895,300.0,0.243837501853704
20150812.0,1.409999966621399,40.0,12.0,0.05999999865889549,0.1080000028014183,0.10999999940395355,0.3076511323451996,1.3494465351104736,298.8920593261719,0.5687224268913269,269.92681884765625,252.75454711914062,0.0,3.641190767288208,300.0,0.197841667259733
20150814.0,1.409999966621399,40.0,12.0,0.05999999865889549,0.1080000028014183,0.10999999940395355,0.3076511323451996,1.3494465351104736,291.4395751953125,0.5617215037345886,257.81512451171875,237.98190307617188,1.2521454095840454,2.8980207443237305,300.0,0.251237500458956
20150815.0,1.409999966621399,40.0,12.0,0.05999999865889549,0.1080000028014183,0.10999999940395355,0.3076511323451996,1.3494465351104736,290.6893615722656,0.5654038786888123,256.22479248046875,237.44451904296875,2.4308321475982666,2.560671329498291,300.0,0.24998260969701
20150817.0,1.409999966621399,40.0,12.0,0.05999999865889549,0.1080000028014183,0.10999999940395355,0.3076511323451996,1.3494465351104736,292.02996826171875,0.5697289705276489,264.4185791015625,247.9647216796875,0.03559165447950363,3.3412246704101562,300.0,0.218220833068093
20150820.0,1.409999966621399,40.0,12.0,0.05999999865889549,0.1080000028014183,0.10999999940395355,0.3076511323451996,1.3494465351104736,293.9262390136719,0.5760114789009094,271.947021484375,260.087890625,0.0017136334208771586,3.570560932159424,300.0,0.167195833598574
20150822.0,1.409999966621399,40.0,12.0,0.05999999865889549,0.1080000028014183,0.10999999940395355,0.3076511323451996,1.3494465351104736,295.9654846191406,0.5906951427459717,275.4173889160156,263.0181884765625,0.01926872506737709,2.4254558086395264,300.0,0.146433334176739
20150823.0,1.409999966621399,40.0,12.0,0.05999999865889549,0.1080000028014183,0.10999999940395355,0.3076511323451996,1.3494465351104736,293.70428466796875,0.6042591333389282,277.2295837402344,266.52020263671875,8.514166831970215,2.2053422927856445,300.0,0.142704164609313
20150825.0,1.409999966621399,40.0,12.0,0.05999999865889549,0.1080000028014183,0.10999999940395355,0.3076511323451996,1.3494465351104736,293.3158874511719,0.6290749907493591,272.776123046875,262.1872863769531,0.001722574234008789,3.325643539428711,300.0,0.137933333714803
20150828.0,1.409999966621399,40.0,12.0,0.05999999865889549,0.1080000028014183,0.10999999940395355,0.3076511323451996,1.3494465351104736,298.23236083984375,0.6685291528701782,279.6209411621094,266.72015380859375,0.004643797874450684,2.657597780227661,300.0,0.130725000674526
20150830.0,1.409999966621399,40.0,12.0,0.05999999865889549,0.1080000028014183,0.10999999940395355,0.3076511323451996,1.3494465351104736,298.0096740722656,0.6824743747711182,278.88494873046875,265.18841552734375,0.000858306884765625,2.889805793762207,300.0,0.125645832469066
20150831.0,1.409999966621399,40.0,12.0,0.05999999865889549,0.1080000028014183,0.10999999940395355,0.3076511323451996,1.3494465351104736,298.6064758300781,0.6819977164268494,279.98187255859375,268.80267333984375,26.488985061645508,2.41270112991333,300.0,0.149395835275451
20150902.0,1.409999966621399,40.0,12.0,0.05999999865889549,0.1080000028014183,0.10999999940395355,0.3076511323451996,1.3494465351104736,292.2599182128906,0.6842236518859863,252.63262939453125,229.11807250976562,0.002617703517898917,3.0389153957366943,300.0,0.244749998052915
20150905.0,1.409999966621399,40.0,12.0,0.05999999865889549,0.1080000028014183,0.10999999940395355,0.3076511323451996,1.3494465351104736,289.31353759765625,0.6860682964324951,261.4169921875,241.04281616210938,0.5324499607086182,2.5906083583831787,300.0,0.231750000268221
20150907.0,1.409999966621399,40.0,12.0,0.05999999865889549,0.1080000028014183,0.10999999940395355,0.3076511323451996,1.3494465351104736,288.99749755859375,0.699001669883728,268.2121887207031,248.8111572265625,0.0,2.9664831161499023,300.0,0.200249999761581
20150908.0,1.409999966621399,40.0,12.0,0.05999999865889549,0.1080000028014183,0.10999999940395355,0.3076511323451996,1.3494465351104736,290.2334899902344,0.7123838067054749,268.7227783203125,254.42189025878906,0.0012958926381543279,2.861609697341919,300.0,0.185374999418855
20150910.0,1.409999966621399,40.0,12.0,0.05999999865889549,0.1080000028014183,0.10999999940395355,0.3076511323451996,1.3494465351104736,292.6332702636719,0.7364827990531921,272.4349365234375,259.6427917480469,0.6170114874839783,2.325843095779419,300.0,0.163625003769994
20150913.0,1.409999966621399,40.0,12.0,0.05999999865889549,0.1080000028014183,0.10999999940395355,0.3076511323451996,1.3494465351104736,294.4267272949219,0.774658203125,265.0428466796875,247.94271850585938,1.7480043172836304,2.3462040424346924,300.0,0.157565219894699
20150915.0,1.409999966621399,40.0,12.0,0.05999999865889549,0.1080000028014183,0.10999999940395355,0.3076511323451996,1.3494465351104736,290.36834716796875,0.7894294261932373,266.0758361816406,250.98135375976562,0.1876148283481598,2.319438934326172,300.0,0.150291663904985
20150916.0,1.409999966621399,40.0,12.0,0.05999999865889549,0.1080000028014183,0.10999999940395355,0.3076511323451996,1.3494465351104736,295.2624206542969,0.790386974811554,272.8203430175781,256.5516662597656,1.0020248889923096,3.773946762084961,300.0,0.14566666757067
20150918.0,1.409999966621399,40.0,12.0,0.05999999865889549,0.1080000028014183,0.10999999940395355,0.3076511323451996,1.3494465351104736,288.888427734375,0.7950541377067566,257.414306640625,241.2261962890625,1.0567747354507446,2.6275248527526855,300.0,0.142608696351881
20150921.0,1.409999966621399,40.0,12.0,0.05999999865889549,0.1080000028014183,0.10999999940395355,0.3076511323451996,1.3494465351104736,288.8869323730469,0.8008725643157959,267.75457763671875,253.06967163085938,0.0012755142524838448,2.499241352081299,300.0,0.133291668569048
20150923.0,1.409999966621399,40.0,12.0,0.05999999865889549,0.1080000028014183,0.10999999940395355,0.3076511323451996,1.3494465351104736,286.76910400390625,0.8136569857597351,265.97418212890625,248.23257446289062,2.553609848022461,2.353256940841675,300.0,0.12733333495756
20150924.0,1.409999966621399,40.0,12.0,0.05999999865889549,0.1080000028014183,0.10999999940395355,0.3076511323451996,1.3494465351104736,286.8426513671875,0.8252979516983032,266.1717834472656,252.1773681640625,0.001708111260086298,2.15023136138916,300.0,0.125541666522622
20150926.0,1.409999966621399,40.0,12.0,0.05999999865889549,0.1080000028014183,0.10999999940395355,0.3076511323451996,1.3494465351104736,288.9241027832031,0.8465397357940674,270.4289855957031,258.70611572265625,0.0008523463038727641,2.158416271209717,300.0,0.123208334669471
20150929.0,1.409999966621399,40.0,12.0,0.05999999865889549,0.1080000028014183,0.10999999940395355,0.3076511323451996,1.3494465351104736,287.8253479003906,0.879575252532959,273.090087890625,263.1907958984375,1.3232911825180054,1.742785096168518,300.0,0.118916667376955
20151001.0,1.409999966621399,40.0,12.0,0.05999999865889549,0.1080000028014183,0.10999999940395355,0.3076511323451996,1.3494465351104736,288.5697021484375,0.8976496458053589,270.2442626953125,260.871826171875,8.03624439239502,2.1022579669952393,300.0,0.117541666763524
20151002.0,1.409999966621399,40.0,12.0,0.05999999865889549,0.1080000028014183,0.10999999940395355,0.3076511323451996,1.3494465351104736,288.2135925292969,0.9042666554450989,257.08929443359375,239.05084228515625,0.7241919040679932,1.9358201026916504,300.0,0.124117646585493
20151007.0,1.409999966621399,40.0,12.0,0.05999999865889549,0.1080000028014183,0.10999999940395355,0.3076511323451996,1.3494465351104736,287.67333984375,0.9398459196090698,266.27655029296875,252.3011016845703,1.798187017440796,2.1459145545959473,300.0,0.120708333017925
20151009.0,1.409999966621399,40.0,12.0,0.05999999865889549,0.1080000028014183,0.10999999940395355,0.3076511323451996,1.3494465351104736,286.2893371582031,0.9578275680541992,268.24273681640625,254.84327697753906,0.00042617321014404297,1.8099031448364258,300.0,0.117374999138216
20151010.0,1.409999966621399,40.0,12.0,0.05999999865889549,0.1080000028014183,0.10999999940395355,0.3076511323451996,1.3494465351104736,287.66009521484375,0.9690501689910889,267.4156494140625,256.2781982421875,0.0008523463038727641,1.8587877750396729,300.0,0.116916666428248
20151012.0,1.409999966621399,40.0,12.0,0.05999999865889549,0.1080000028014183,0.10999999940395355,0.3076511323451996,1.3494465351104736,289.3458251953125,0.9907270073890686,272.30059814453125,259.5491943359375,1.8414618968963623,1.2207224369049072,300.0,0.116375000526508
20151017.0,1.409999966621399,40.0,12.0,0.05999999865889549,0.1080000028014183,0.10999999940395355,0.3076511323451996,1.3494465351104736,283.0537109375,1.0358026027679443,263.5769348144531,251.19097900390625,0.0017245395574718714,1.2397997379302979,300.0,0.128958332041899
20151018.0,1.409999966621399,40.0,12.0,0.05999999865889549,0.1080000028014183,0.10999999940395355,0.3076511323451996,1.3494465351104736,286.0592041015625,1.0344812870025635,268.3574523925781,254.84228515625,2.2712316513061523,0.6561645865440369,300.0,0.12725000269711
20151020.0,1.409999966621399,40.0,12.0,0.05999999865889549,0.1080000028014183,0.10999999940395355,0.3076511323451996,1.3494465351104736,285.6498718261719,1.0347621440887451,270.52447509765625,254.9591064453125,0.12812773883342743,1.0550439357757568,300.0,0.122083334562679
20151026.0,1.409999966621399,40.0,12.0,0.05999999865889549,0.1080000028014183,0.10999999940395355,0.3076511323451996,1.3494465351104736,288.5382995605469,1.0417438745498657,270.44293212890625,257.9473876953125,0.03330528736114502,0.9772584438323975,300.0,0.116499997675419
20151028.0,1.409999966621399,40.0,12.0,0.05999999865889549,0.1080000028014183,0.10999999940395355,0.3076511323451996,1.3494465351104736,286.8671569824219,1.0486825704574585,263.3292236328125,250.07862854003906,1.9641193151474,1.257139801979065,300.0,0.132833333685994
20151031.0,1.409999966621399,40.0,12.0,0.05999999865889549,0.1080000028014183,0.10999999940395355,0.3076511323451996,1.3494465351104736,288.4010314941406,1.0595959424972534,267.7153625488281,254.58331298828125,0.0008523463038727641,1.3740653991699219,300.0,0.118750000372529
20151102.0,1.409999966621399,40.0,12.0,0.05999999865889549,0.1080000028014183,0.10999999940395355,0.3076511323451996,1.3494465351104736,287.3991394042969,1.0631107091903687,270.4661865234375,256.9990234375,8.164895057678223,1.3540937900543213,300.0,0.115708332508802
20151103.0,1.409999966621399,40.0,12.0,0.05999999865889549,0.1080000028014183,0.10999999940395355,0.3076511323451996,1.3494465351104736,288.8363952636719,1.06266450881958,251.7855224609375,230.62216186523438,9.390886306762695,1.219366431236267,300.0,0.224374999602636
20151105.0,1.409999966621399,40.0,12.0,0.05999999865889549,0.1080000028014183,0.10999999940395355,0.3076511323451996,1.3494465351104736,288.1094970703125,1.0627093315124512,258.80474853515625,239.05889892578125,0.0021483011078089476,1.1357239484786987,300.0,0.207583335538705
20151108.0,1.409999966621399,40.0,12.0,0.05999999865889549,0.1080000028014183,0.10999999940395355,0.3076511323451996,1.3494465351104736,287.9000244140625,1.0634980201721191,265.60821533203125,248.7696533203125,0.010934405960142612,0.7963342666625977,300.0,0.189249996095896
20151110.0,1.409999966621399,40.0,12.0,0.05999999865889549,0.1080000028014183,0.10999999940395355,0.3076511323451996,1.3494465351104736,286.4190368652344,1.0524498224258423,264.12451171875,247.53773498535156,0.012476974166929722,0.9057953357696533,300.0,0.183083333695928
20151111.0,1.409999966621399,40.0,12.0,0.05999999865889549,0.1080000028014183,0.10999999940395355,0.3076511323451996,1.3494465351104736,283.8423156738281,1.0402424335479736,265.5537414550781,250.58480834960938,0.003971644677221775,0.9324380159378052,300.0,0.178333337108294
20151113.0,1.409999966621399,40.0,12.0,0.05999999865889549,0.1080000028014183,0.10999999940395355,0.3076511323451996,1.3494465351104736,283.2034912109375,1.0188289880752563,265.1644287109375,250.00685119628906,0.26873543858528137,0.39562976360321045,300.0,0.174666663010915
20151116.0,1.409999966621399,40.0,12.0,0.05999999865889549,0.1080000028014183,0.10999999940395355,0.3076511323451996,1.3494465351104736,281.70574951171875,0.9863398671150208,263.5225830078125,248.55313110351562,0.007195207290351391,0.5944358706474304,300.0,0.170541669552525
20151118.0,1.409999966621399,40.0,12.0,0.05999999865889549,0.1080000028014183,0.10999999940395355,0.3076511323451996,1.3494465351104736,285.517822265625,0.9675630927085876,266.0650634765625,251.1092071533203,0.7892841100692749,0.37208688259124756,300.0,0.168652172969735
20151119.0,1.409999966621399,40.0,12.0,0.05999999865889549,0.1080000028014183,0.10999999940395355,0.3076511323451996,1.3494465351104736,286.6363525390625,0.9597610831260681,266.414306640625,250.57891845703125,1.0598241090774536,0.4699154794216156,300.0,0.168541665499409
20151121.0,1.409999966621399,40.0,12.0,0.05999999865889549,0.1080000028014183,0.10999999940395355,0.3076511323451996,1.3494465351104736,281.2070617675781,0.9435921311378479,243.7944793701172,221.18280029296875,22.0335636138916,2.344892740249634,300.0,0.247125001003345
20151124.0,1.409999966621399,40.0,12.0,0.05999999865889549,0.1080000028014183,0.10999999940395355,0.3076511323451996,1.3494465351104736,275.01739501953125,0.9189529418945312,254.82394409179688,236.54803466796875,1.9517033100128174,0.5011134743690491,300.0,0.235272727229378
20151126.0,1.409999966621399,40.0,12.0,0.05999999865889549,0.1080000028014183,0.10999999940395355,0.3076511323451996,1.3494465351104736,279.956298828125,0.9119812846183777,243.91824340820312,221.21730041503906,4.101060390472412,1.1276150941848755,300.0,0.280666667968035
20151127.0,1.409999966621399,40.0,12.0,0.05999999865889549,0.1080000028014183,0.10999999940395355,0.3076511323451996,1.3494465351104736,277.5830383300781,0.9139319062232971,241.20037841796875,218.63665771484375,0.01595056988298893,0.5867153406143188,300.0,0.264708330233892
20151129.0,1.409999966621399,40.0,12.0,0.05999999865889549,0.1080000028014183,0.10999999940395355,0.3076511323451996,1.3494465351104736,279.66729736328125,0.915525496006012,243.54885864257812,221.09335327148438,0.05174480378627777,0.5777240991592407,300.0,0.259458332012097
20151202.0,1.409999966621399,40.0,12.0,0.05999999865889549,0.1080000028014183,0.10999999940395355,0.3076511323451996,1.3494465351104736,276.5028991699219,0.9181873202323914,245.4464111328125,226.46115112304688,0.003106064163148403,0.5218881964683533,300.0,0.249333330740531
20151204.0,1.409999966621399,40.0,12.0,0.05999999865889549,0.1080000028014183,0.10999999940395355,0.3076511323451996,1.3494465351104736,282.32586669921875,0.9220952391624451,251.04144287109375,228.50274658203125,0.003019041381776333,0.5556793212890625,300.0,0.253681822256608
20151207.0,1.409999966621399,40.0,12.0,0.05999999865889549,0.1080000028014183,0.10999999940395355,0.3076511323451996,1.3494465351104736,285.1669616699219,0.9311800599098206,253.49673461914062,233.99502563476562,0.014002057723701,0.6885235905647278,300.0,0.256636367602782
20151210.0,1.409999966621399,40.0,12.0,0.05999999865889549,0.1080000028014183,0.10999999940395355,0.3076511323451996,1.3494465351104736,277.3192443847656,0.941804826259613,250.63970947265625,230.63221740722656,0.000852346362080425,0.7421005964279175,300.0,0.262500000496705
20151212.0,1.409999966621399,40.0,12.0,0.05999999865889549,0.1080000028014183,0.10999999940395355,0.3076511323451996,1.3494465351104736,277.85589599609375,0.9273784756660461,252.42506408691406,230.34246826171875,0.001719891675747931,0.4972671866416931,300.0,0.256041672080755
20151213.0,1.409999966621399,40.0,12.0,0.05999999865889549,0.1080000028014183,0.10999999940395355,0.3076511323451996,1.3494465351104736,280.71807861328125,0.9077913761138916,249.61907958984375,230.30908203125,0.004711756948381662,0.33956852555274963,300.0,0.254374999552965
20151218.0,1.409999966621399,40.0,12.0,0.05999999865889549,0.1080000028014183,0.10999999940395355,0.3076511323451996,1.3494465351104736,284.60003662109375,0.8227669596672058,256.910400390625,237.7840576171875,0.000858306884765625,0.5201005935668945,300.0,0.242208333685994
20151220.0,1.409999966621399,40.0,12.0,0.05999999865889549,0.1080000028014183,0.10999999940395355,0.3076511323451996,1.3494465351104736,285.2279968261719,0.8067263960838318,258.7375183105469,238.03997802734375,0.0467412993311882,0.6130965948104858,300.0,0.24119047891526
20151221.0,1.409999966621399,40.0,12.0,0.05999999865889549,0.1080000028014183,0.10999999940395355,0.3076511323451996,1.3494465351104736,283.83160400390625,0.8090403079986572,258.0862731933594,240.20928955078125,0.151126891374588,0.38859230279922485,300.0,0.243869567694871
20151223.0,1.409999966621399,40.0,12.0,0.05999999865889549,0.1080000028014183,0.10999999940395355,0.3076511323451996,1.3494465351104736,283.8371887207031,0.8092876672744751,256.1100158691406,239.63536071777344,0.0020697382278740406,0.6234465837478638,300.0,0.242750000208616
20151226.0,1.409999966621399,40.0,12.0,0.05999999865889549,0.1080000028014183,0.10999999940395355,0.3076511323451996,1.3494465351104736,284.7127380371094,0.8137591481208801,259.3097839355469,243.11439514160156,0.0008523463038727641,0.5924621820449829,300.0,0.237416670968135
20151228.0,1.409999966621399,40.0,12.0,0.05999999865889549,0.1080000028014183,0.10999999940395355,0.3076511323451996,1.3494465351104736,284.5260314941406,0.7747376561164856,260.7220458984375,240.99392700195312,0.0051658679731190205,0.6949011087417603,300.0,0.233499998226762
20151229.0,1.409999966621399,40.0,12.0,0.05999999865889549,0.1080000028014183,0.10999999940395355,0.3076511323451996,1.3494465351104736,282.7125244140625,0.7315759062767029,261.22381591796875,242.92413330078125,0.6750330924987793,0.3693471848964691,300.0,0.230500003943841
20151231.0,1.409999966621399,40.0,12.0,0.05999999865889549,0.1080000028014183,0.10999999940395355,0.3076511323451996,1.3494465351104736,282.5119934082031,0.6562302708625793,260.1650390625,244.76663208007812,2.5034101009368896,0.24434491991996765,300.0,0.225874995812774
20160113.0,1.409999966621399,40.0,12.0,0.05999999865889549,0.1080000028014183,0.10999999940395355,0.3076511323451996,1.3494465351104736,278.7312927246094,0.1735592633485794,242.94140625,221.8065643310547,2.5571815967559814,0.7789289951324463,300.0,0.280687499791384
20160122.0,1.409999966621399,40.0,12.0,0.05999999865889549,0.1080000028014183,0.10999999940395355,0.3076511323451996,1.3494465351104736,279.0077819824219,0.1980779618024826,243.13751220703125,222.0894012451172,2.0318663120269775,0.42934006452560425,300.0,0.29899999499321
20160124.0,1.409999966621399,40.0,12.0,0.05999999865889549,0.1080000028014183,0.10999999940395355,0.3076511323451996,1.3494465351104736,280.62091064453125,0.2036844938993454,242.78179931640625,223.61495971679688,0.0027555227279663086,0.960370659828186,300.0,0.304458336283763
20160127.0,1.409999966621399,40.0,12.0,0.05999999865889549,0.1080000028014183,0.10999999940395355,0.3076511323451996,1.3494465351104736,282.3052062988281,0.2017454355955124,248.0313720703125,228.1864013671875,0.0013180573005229235,0.7953805327415466,300.0,0.301374994218349
20160129.0,1.409999966621399,40.0,12.0,0.05999999865889549,0.1080000028014183,0.10999999940395355,0.3076511323451996,1.3494465351104736,281.9909973144531,0.19786697626113892,250.311767578125,230.04591369628906,0.8798288702964783,0.43618935346603394,300.0,0.303904760451544
20160130.0,1.409999966621399,40.0,12.0,0.05999999865889549,0.1080000028014183,0.10999999940395355,0.3076511323451996,1.3494465351104736,281.8238525390625,0.19592468440532684,247.24737548828125,229.168212890625,0.04828466475009918,0.9221674203872681,300.0,0.304708335548639
20160201.0,1.409999966621399,40.0,12.0,0.05999999865889549,0.1080000028014183,0.10999999940395355,0.3076511323451996,1.3494465351104736,283.8003845214844,0.19287066161632538,251.14752197265625,227.9473876953125,1.5341517925262451,1.046250820159912,300.0,0.310291662812233
20160204.0,1.409999966621399,40.0,12.0,0.05999999865889549,0.1080000028014183,0.10999999940395355,0.3076511323451996,1.3494465351104736,278.3612976074219,0.1605539619922638,243.51705932617188,222.57464599609375,0.006114717572927475,0.989169716835022,300.0,0.306416671723127
20160206.0,1.409999966621399,40.0,12.0,0.05999999865889549,0.1080000028014183,0.10999999940395355,0.3076511323451996,1.3494465351104736,282.4100341796875,0.1326521784067154,248.587158203125,228.25765991210938,0.004362861160188913,1.2535086870193481,300.0,0.297583336631457
20160207.0,1.409999966621399,40.0,12.0,0.05999999865889549,0.1080000028014183,0.10999999940395355,0.3076511323451996,1.3494465351104736,280.443115234375,0.11867936700582504,240.24212646484375,219.00399780273438,10.071650505065918,1.3848223686218262,300.0,0.316708332548539
20160209.0,1.409999966621399,40.0,12.0,0.05999999865889549,0.1080000028014183,0.10999999940395355,0.3076511323451996,1.3494465351104736,279.9156188964844,0.09072594344615936,247.05496215820312,225.9628143310547,12.205964088439941,1.1539605855941772,300.0,0.31952173554379
20160212.0,1.409999966621399,40.0,12.0,0.05999999865889549,0.1080000028014183,0.10999999940395355,0.3076511323451996,1.3494465351104736,280.9634704589844,0.06467848271131516,240.28733825683594,218.6793212890625,19.81742286682129,1.4651463031768799,300.0,0.327041666954756
20160214.0,1.409999966621399,40.0,12.0,0.05999999865889549,0.1080000028014183,0.10999999940395355,0.3076511323451996,1.3494465351104736,281.0110778808594,0.051285870373249054,241.712890625,219.27435302734375,8.860694885253906,1.8977872133255005,300.0,0.325625002384186
20160215.0,1.409999966621399,40.0,12.0,0.05999999865889549,0.1080000028014183,0.10999999940395355,0.3076511323451996,1.3494465351104736,277.7560729980469,0.0447523407638073,240.80020141601562,219.55075073242188,1.4478377103805542,1.5123274326324463,300.0,0.319291666150093
20160217.0,1.409999966621399,40.0,12.0,0.05999999865889549,0.1080000028014183,0.10999999940395355,0.3076511323451996,1.3494465351104736,275.56268310546875,0.031792931258678436,242.31045532226562,222.19491577148438,0.002976324874907732,0.9654020667076111,300.0,0.310958329588175
20160228.0,1.409999966621399,40.0,12.0,0.05999999865889549,0.1080000028014183,0.10999999940395355,0.3076511323451996,1.3494465351104736,279.53277587890625,0.0,241.96047973632812,221.21786499023438,3.0180442333221436,1.2514393329620361,300.0,0.323416666438182
20160301.0,1.409999966621399,40.0,12.0,0.05999999865889549,0.1080000028014183,0.10999999940395355,0.3076511323451996,1.3494465351104736,278.5000915527344,0.0,240.4394989013672,220.24899291992188,0.030502602458000183,1.27239990234375,300.0,0.315375006447236
20160302.0,1.409999966621399,40.0,12.0,0.05999999865889549,0.1080000028014183,0.10999999940395355,0.3076511323451996,1.3494465351104736,279.6056823730469,0.0,240.31175231933594,221.00413513183594,16.590980529785156,1.369402527809143,300.0,0.322357141545841
20160304.0,1.409999966621399,40.0,12.0,0.05999999865889549,0.1080000028014183,0.10999999940395355,0.3076511323451996,1.3494465351104736,282.808349609375,0.0,242.97149658203125,221.03878784179688,7.301897048950195,1.5796767473220825,300.0,0.329888888531261
20160307.0,1.409999966621399,40.0,12.0,0.05999999865889549,0.1080000028014183,0.10999999940395355,0.3076511323451996,1.3494465351104736,277.1343994140625,0.0,238.85552978515625,220.36170959472656,2.124427080154419,1.014122486114502,300.0,0.323916668693225
20160309.0,1.409999966621399,40.0,12.0,0.05999999865889549,0.1080000028014183,0.10999999940395355,0.3076511323451996,1.3494465351104736,277.0567932128906,0.0,245.58421325683594,222.1932373046875,14.197286605834961,0.863006591796875,300.0,0.32733332986633
20160310.0,1.409999966621399,40.0,12.0,0.05999999865889549,0.1080000028014183,0.10999999940395355,0.3076511323451996,1.3494465351104736,278.2259521484375,0.0,238.94442749023438,219.0528564453125,0.9319251179695129,1.3472743034362793,300.0,0.324083334455887
20160312.0,1.409999966621399,40.0,12.0,0.05999999865889549,0.1080000028014183,0.10999999940395355,0.3076511323451996,1.3494465351104736,279.6047668457031,0.0,244.27503967285156,220.94854736328125,0.009944703429937363,1.5229828357696533,300.0,0.320250004529953
20160315.0,1.409999966621399,40.0,12.0,0.05999999865889549,0.1080000028014183,0.10999999940395355,0.3076511323451996,1.3494465351104736,283.1239929199219,0.0058786142617464066,250.41990661621094,230.22705078125,0.44708502292633057,2.163774013519287,300.0,0.317124995092551
20160317.0,1.409999966621399,40.0,12.0,0.05999999865889549,0.1080000028014183,0.10999999940395355,0.3076511323451996,1.3494465351104736,278.2411804199219,0.007633604574948549,251.00592041015625,231.83102416992188,5.729644775390625,1.2943065166473389,300.0,0.31552174039509
20160323.0,1.409999966621399,40.0,12.0,0.05999999865889549,0.1080000028014183,0.10999999940395355,0.3076511323451996,1.3494465351104736,281.66595458984375,0.0,249.54931640625,230.48257446289062,0.10191527009010315,2.1736626625061035,300.0,0.318041668583949
20160325.0,1.409999966621399,40.0,12.0,0.05999999865889549,0.1080000028014183,0.10999999940395355,0.3076511323451996,1.3494465351104736,280.6661682128906,0.0,256.4793701171875,237.2686767578125,0.1788589209318161,0.9836127161979675,300.0,0.297958331803481
20160326.0,1.409999966621399,40.0,12.0,0.05999999865889549,0.1080000028014183,0.10999999940395355,0.3076511323451996,1.3494465351104736,286.8018798828125,0.0,256.2469482421875,236.8424530029297,0.013413959182798862,2.6435399055480957,300.0,0.289833335826794
20160328.0,1.409999966621399,40.0,12.0,0.05999999865889549,0.1080000028014183,0.10999999940395355,0.3076511323451996,1.3494465351104736,284.67352294921875,0.0,257.7762451171875,235.43893432617188,0.061366692185401917,2.520617723464966,300.0,0.295166665067275
20160331.0,1.409999966621399,40.0,12.0,0.05999999865889549,0.1080000028014183,0.10999999940395355,0.3076511323451996,1.3494465351104736,284.4725036621094,0.0,262.9598693847656,243.78134155273438,9.545052528381348,2.1298279762268066,300.0,0.278416665891806
20160402.0,1.409999966621399,40.0,12.0,0.05999999865889549,0.1080000028014183,0.10999999940395355,0.3076511323451996,1.3494465351104736,284.0863952636719,0.0,253.527099609375,232.956787109375,1.343248724937439,2.27866792678833,300.0,0.310333332667748
20160403.0,1.409999966621399,40.0,12.0,0.05999999865889549,0.1080000028014183,0.10999999940395355,0.3076511323451996,1.3494465351104736,287.2426452636719,0.0,257.0249938964844,238.55577087402344,0.03260645642876625,3.2500245571136475,300.0,0.299500000973543
20160408.0,1.409999966621399,40.0,12.0,0.05999999865889549,0.1080000028014183,0.10999999940395355,0.3076511323451996,1.3494465351104736,280.9574890136719,0.0,253.3168487548828,234.9429168701172,5.725862979888916,3.051640510559082,300.0,0.319875004390876
20160410.0,1.409999966621399,40.0,12.0,0.05999999865889549,0.1080000028014183,0.10999999940395355,0.3076511323451996,1.3494465351104736,285.0944519042969,0.0,256.0706481933594,235.7774200439453,0.04031804949045181,3.469437837600708,300.0,0.311375005791585
20160411.0,1.409999966621399,40.0,12.0,0.05999999865889549,0.1080000028014183,0.10999999940395355,0.3076511323451996,1.3494465351104736,286.98992919921875,0.0,260.48687744140625,239.0230712890625,0.45113325119018555,3.0004873275756836,300.0,0.298124998807907
20160413.0,1.409999966621399,40.0,12.0,0.05999999865889549,0.1080000028014183,0.10999999940395355,0.3076511323451996,1.3494465351104736,286.4835205078125,0.0,262.73175048828125,244.36917114257812,1.592132329940796,2.7695155143737793,300.0,0.27508333325386
20160416.0,1.409999966621399,40.0,12.0,0.05999999865889549,0.1080000028014183,0.10999999940395355,0.3076511323451996,1.3494465351104736,288.53802490234375,0.0,266.14935302734375,250.84426879882812,2.5437872409820557,3.5432066917419434,300.0,0.232041666284204
20160418.0,1.409999966621399,40.0,12.0,0.05999999865889549,0.1080000028014183,0.10999999940395355,0.3076511323451996,1.3494465351104736,283.8699645996094,0.0,256.4968566894531,235.083984375,0.0008523463038727641,2.9673683643341064,300.0,0.270374998450279
20160419.0,1.409999966621399,40.0,12.0,0.05999999865889549,0.1080000028014183,0.10999999940395355,0.3076511323451996,1.3494465351104736,284.7046813964844,0.0,258.6641845703125,237.7118682861328,0.0,4.144445419311523,300.0,0.253958332041899
20160421.0,1.409999966621399,40.0,12.0,0.05999999865889549,0.1080000028014183,0.10999999940395355,0.3076511323451996,1.3494465351104736,285.95782470703125,0.0,266.031494140625,248.8376007080078,7.718177795410156,2.3266820907592773,300.0,0.260708337028821
20160424.0,1.409999966621399,40.0,12.0,0.05999999865889549,0.1080000028014183,0.10999999940395355,0.3076511323451996,1.3494465351104736,282.44866943359375,0.0,257.1211242675781,234.18605041503906,3.4299774169921875,3.39627742767334,300.0,0.319208335131407
20160426.0,1.409999966621399,40.0,12.0,0.05999999865889549,0.1080000028014183,0.10999999940395355,0.3076511323451996,1.3494465351104736,283.1864318847656,0.0,261.136474609375,238.32769775390625,0.20659735798835754,2.233567714691162,300.0,0.292041665563981
20160427.0,1.409999966621399,40.0,12.0,0.05999999865889549,0.1080000028014183,0.10999999940395355,0.3076511323451996,1.3494465351104736,283.1292724609375,0.0,262.22705078125,241.82717895507812,0.243599072098732,2.3314316272735596,300.0,0.284125003963709
20160429.0,1.409999966621399,40.0,12.0,0.05999999865889549,0.1080000028014183,0.10999999940395355,0.3076511323451996,1.3494465351104736,283.99700927734375,0.0,263.336669921875,244.55587768554688,0.0,3.3756396770477295,300.0,0.259874997039636
20160504.0,1.409999966621399,40.0,12.0,0.05999999865889549,0.1080000028014183,0.10999999940395355,0.3076511323451996,1.3494465351104736,286.64874267578125,0.0,266.7666931152344,250.74282836914062,0.000858306884765625,4.17101526260376,300.0,0.209041664997737
20160505.0,1.409999966621399,40.0,12.0,0.05999999865889549,0.1080000028014183,0.10999999940395355,0.3076511323451996,1.3494465351104736,288.11553955078125,0.0,270.2445068359375,254.6812744140625,0.001699268352240324,5.314967632293701,300.0,0.196875000372529
20160507.0,1.409999966621399,40.0,12.0,0.05999999865889549,0.1080000028014183,0.10999999940395355,0.3076511323451996,1.3494465351104736,288.76849365234375,0.0,271.59478759765625,255.7103271484375,0.0,4.311376094818115,300.0,0.179875000069539
20160510.0,1.409999966621399,40.0,12.0,0.05999999865889549,0.1080000028014183,0.10999999940395355,0.3076511323451996,1.3494465351104736,290.0263671875,0.0,269.28875732421875,253.0444793701172,0.6529921889305115,3.589111804962158,300.0,0.174499996006489
20160512.0,1.409999966621399,40.0,12.0,0.05999999865889549,0.1080000028014183,0.10999999940395355,0.3076511323451996,1.3494465351104736,287.1354675292969,0.0,259.3685302734375,239.48361206054688,1.4544428586959839,3.4763951301574707,300.0,0.218333332488934
20160513.0,1.409999966621399,40.0,12.0,0.05999999865889549,0.1080000028014183,0.10999999940395355,0.3076511323451996,1.3494465351104736,285.937744140625,0.0,259.4017028808594,238.002197265625,7.141854286193848,2.8467440605163574,300.0,0.301249999552965
20160515.0,1.409999966621399,40.0,12.0,0.05999999865889549,0.1080000028014183,0.10999999940395355,0.3076511323451996,1.3494465351104736,287.0317077636719,0.0,256.23358154296875,233.900390625,6.117720127105713,3.6999595165252686,300.0,0.306999995062749
20160518.0,1.409999966621399,40.0,12.0,0.05999999865889549,0.1080000028014183,0.10999999940395355,0.3076511323451996,1.3494465351104736,288.1433410644531,0.0,264.9742126464844,245.6832275390625,4.12335729598999,3.589676856994629,300.0,0.25587499824663
20160520.0,1.409999966621399,40.0,12.0,0.05999999865889549,0.1080000028014183,0.10999999940395355,0.3076511323451996,1.3494465351104736,288.69256591796875,0.0,266.7305908203125,245.9402313232422,0.0017839007778093219,3.6645662784576416,300.0,0.232958334187667
20160521.0,1.409999966621399,40.0,12.0,0.05999999865889549,0.1080000028014183,0.10999999940395355,0.3076511323451996,1.3494465351104736,290.5956726074219,0.0,270.270263671875,250.97906494140625,0.0012577925808727741,4.889512538909912,300.0,0.218125002458692
20160523.0,1.409999966621399,40.0,12.0,0.05999999865889549,0.1080000028014183,0.10999999940395355,0.3076511323451996,1.3494465351104736,285.4278259277344,0.0,253.1201629638672,229.08837890625,2.954439401626587,3.838498115539551,300.0,0.294750000039736
20160526.0,1.409999966621399,40.0,12.0,0.05999999865889549,0.1080000028014183,0.10999999940395355,0.3076511323451996,1.3494465351104736,290.2573547363281,0.0,266.7889709472656,243.85040283203125,0.21451790630817413,4.0386433601379395,300.0,0.242374998827775
20160528.0,1.409999966621399,40.0,12.0,0.05999999865889549,0.1080000028014183,0.10999999940395355,0.3076511323451996,1.3494465351104736,291.8050537109375,0.003938306123018265,272.0523986816406,252.9467315673828,16.59231948852539,3.501521348953247,300.0,0.222916664555669
20160529.0,1.409999966621399,40.0,12.0,0.05999999865889549,0.1080000028014183,0.10999999940395355,0.3076511323451996,1.3494465351104736,288.9335021972656,0.013203168287873268,250.96713256835938,227.97482299804688,13.155359268188477,4.188168525695801,300.0,0.304791666567326
20160531.0,1.409999966621399,40.0,12.0,0.05999999865889549,0.1080000028014183,0.10999999940395355,0.3076511323451996,1.3494465351104736,286.3157653808594,0.03212684020400047,256.93402099609375,229.87799072265625,13.463510513305664,3.095170021057129,300.0,0.296666668107112
20160603.0,1.409999966621399,40.0,12.0,0.05999999865889549,0.1080000028014183,0.10999999940395355,0.3076511323451996,1.3494465351104736,290.8451232910156,0.05546033754944801,254.77078247070312,227.79806518554688,0.2619432806968689,2.76709246635437,300.0,0.289874996989965
20160605.0,1.409999966621399,40.0,12.0,0.05999999865889549,0.1080000028014183,0.10999999940395355,0.3076511323451996,1.3494465351104736,291.7672119140625,0.06984573602676392,264.0113525390625,239.96595764160156,0.12284337729215622,3.5415825843811035,300.0,0.252749998743335
20160606.0,1.409999966621399,40.0,12.0,0.05999999865889549,0.1080000028014183,0.10999999940395355,0.3076511323451996,1.3494465351104736,292.813232421875,0.07704585045576096,267.7142028808594,245.89797973632812,0.21685215830802917,4.293186664581299,300.0,0.233375001077851
20160608.0,1.409999966621399,40.0,12.0,0.05999999865889549,0.1080000028014183,0.10999999940395355,0.3076511323451996,1.3494465351104736,294.3678283691406,0.0913972482085228,269.3766784667969,247.59848022460938,0.0060584149323403835,4.920602321624756,300.0,0.216500000407298
20160611.0,1.409999966621399,40.0,12.0,0.05999999865889549,0.1080000028014183,0.10999999940395355,0.3076511323451996,1.3494465351104736,291.0550231933594,0.11931054294109344,260.2865295410156,238.2196044921875,0.8901757597923279,3.9626564979553223,300.0,0.220000000670552
20160613.0,1.409999966621399,40.0,12.0,0.05999999865889549,0.1080000028014183,0.10999999940395355,0.3076511323451996,1.3494465351104736,289.9268493652344,0.13980016112327576,267.2891540527344,245.87252807617188,6.486909866333008,2.922466993331909,300.0,0.255791669711471
20160614.0,1.409999966621399,40.0,12.0,0.05999999865889549,0.1080000028014183,0.10999999940395355,0.3076511323451996,1.3494465351104736,289.0626220703125,0.15027622878551483,259.4300842285156,235.60159301757812,2.879267692565918,3.934157609939575,300.0,0.26104166607062
20160616.0,1.409999966621399,40.0,12.0,0.05999999865889549,0.1080000028014183,0.10999999940395355,0.3076511323451996,1.3494465351104736,289.3079528808594,0.172308087348938,258.52001953125,235.19955444335938,3.0256922245025635,3.893132448196411,300.0,0.287791665643454
20160619.0,1.409999966621399,40.0,12.0,0.05999999865889549,0.1080000028014183,0.10999999940395355,0.3076511323451996,1.3494465351104736,287.7403564453125,0.17689035832881927,257.23980712890625,236.22677612304688,4.833596706390381,3.208587646484375,300.0,0.266250000645717
20160621.0,1.409999966621399,40.0,12.0,0.05999999865889549,0.1080000028014183,0.10999999940395355,0.3076511323451996,1.3494465351104736,295.39129638671875,0.17274050414562225,265.20294189453125,244.52491760253906,0.0008612871170043945,5.049339294433594,300.0,0.222291667635242
20160622.0,1.409999966621399,40.0,12.0,0.05999999865889549,0.1080000028014183,0.10999999940395355,0.3076511323451996,1.3494465351104736,295.52142333984375,0.17044658958911896,269.24017333984375,250.21182250976562,0.00043511379044502974,6.639752388000488,300.0,0.200541666398446
20160624.0,1.409999966621399,40.0,12.0,0.05999999865889549,0.1080000028014183,0.10999999940395355,0.3076511323451996,1.3494465351104736,295.3558044433594,0.16571010649204254,275.888671875,256.369140625,0.0752822533249855,3.478120803833008,300.0,0.181083333368103
20160627.0,1.409999966621399,40.0,12.0,0.05999999865889549,0.1080000028014183,0.10999999940395355,0.3076511323451996,1.3494465351104736,292.1559143066406,0.16406966745853424,268.50616455078125,251.03631591796875,0.002276897430419922,4.376925945281982,300.0,0.17691666757067
20160629.0,1.409999966621399,40.0,12.0,0.05999999865889549,0.1080000028014183,0.10999999940395355,0.3076511323451996,1.3494465351104736,295.4209899902344,0.16433991491794586,275.3663330078125,257.70306396484375,0.5445050001144409,3.752027750015259,300.0,0.168249998241663
20160630.0,1.409999966621399,40.0,12.0,0.05999999865889549,0.1080000028014183,0.10999999940395355,0.3076511323451996,1.3494465351104736,295.2837219238281,0.1645190566778183,270.7344970703125,255.7276153564453,0.006884402595460415,3.6358861923217773,300.0,0.165333334356546
20160702.0,1.409999966621399,40.0,12.0,0.05999999865889549,0.1080000028014183,0.10999999940395355,0.3076511323451996,1.3494465351104736,293.55755615234375,0.16492724418640137,274.67645263671875,258.19512939453125,0.32997554540634155,2.350651502609253,300.0,0.159749997158845
20160705.0,1.409999966621399,40.0,12.0,0.05999999865889549,0.1080000028014183,0.10999999940395355,0.3076511323451996,1.3494465351104736,296.2027893066406,0.16384226083755493,270.24688720703125,255.2632598876953,1.2117717266082764,3.484449625015259,300.0,0.176823531003559
20160707.0,1.409999966621399,40.0,12.0,0.05999999865889549,0.1080000028014183,0.10999999940395355,0.3076511323451996,1.3494465351104736,296.8048400878906,0.16269496083259583,273.01519775390625,256.71484375,0.002129416447132826,4.060465335845947,300.0,0.15933333337307
20160708.0,1.409999966621399,40.0,12.0,0.05999999865889549,0.1080000028014183,0.10999999940395355,0.3076511323451996,1.3494465351104736,298.2043762207031,0.16207118332386017,276.99432373046875,262.50750732421875,0.7896178364753723,3.648019552230835,300.0,0.155791666979591
20160710.0,1.409999966621399,40.0,12.0,0.05999999865889549,0.1080000028014183,0.10999999940395355,0.3076511323451996,1.3494465351104736,299.9384765625,0.16036748886108398,277.29766845703125,262.154541015625,0.0,4.25367546081543,300.0,0.150625001018246
20160713.0,1.409999966621399,40.0,12.0,0.05999999865889549,0.1080000028014183,0.10999999940395355,0.3076511323451996,1.3494465351104736,290.65203857421875,0.17347019910812378,263.86529541015625,245.86859130859375,1.6489710807800293,2.8433778285980225,300.0,0.153750001142422
20160715.0,1.409999966621399,40.0,12.0,0.05999999865889549,0.1080000028014183,0.10999999940395355,0.3076511323451996,1.3494465351104736,291.96527099609375,0.18624235689640045,266.25604248046875,248.17266845703125,0.0,3.6799752712249756,300.0,0.143916668991248
20160716.0,1.409999966621399,40.0,12.0,0.05999999865889549,0.1080000028014183,0.10999999940395355,0.3076511323451996,1.3494465351104736,293.6193542480469,0.1927971988916397,269.1485595703125,254.99258422851562,0.0,3.754631280899048,300.0,0.141666666294138
20160718.0,1.409999966621399,40.0,12.0,0.05999999865889549,0.1080000028014183,0.10999999940395355,0.3076511323451996,1.3494465351104736,298.0948791503906,0.20611286163330078,277.6338195800781,260.97113037109375,0.0008523463038727641,4.006916046142578,300.0,0.137291669845581
20160721.0,1.409999966621399,40.0,12.0,0.05999999865889549,0.1080000028014183,0.10999999940395355,0.3076511323451996,1.3494465351104736,299.8937072753906,0.22221967577934265,277.19573974609375,263.74847412109375,0.3007223904132843,2.615887403488159,300.0,0.13224999854962
20160723.0,1.409999966621399,40.0,12.0,0.05999999865889549,0.1080000028014183,0.10999999940395355,0.3076511323451996,1.3494465351104736,293.9037170410156,0.2320229411125183,261.39520263671875,245.78683471679688,2.1892733573913574,3.108638048171997,300.0,0.256291663895051
20160724.0,1.409999966621399,40.0,12.0,0.05999999865889549,0.1080000028014183,0.10999999940395355,0.3076511323451996,1.3494465351104736,295.43505859375,0.23687304556369781,263.58355712890625,245.60040283203125,0.12033899873495102,3.318073272705078,300.0,0.222250000263254
20160726.0,1.409999966621399,40.0,12.0,0.05999999865889549,0.1080000028014183,0.10999999940395355,0.3076511323451996,1.3494465351104736,296.7464904785156,0.24607840180397034,274.35211181640625,256.771240234375,0.010725259780883789,3.0938918590545654,300.0,0.169249999026457
20160729.0,1.409999966621399,40.0,12.0,0.05999999865889549,0.1080000028014183,0.10999999940395355,0.3076511323451996,1.3494465351104736,298.07000732421875,0.2786910831928253,277.77197265625,263.42352294921875,0.0012784866848960519,3.303903341293335,300.0,0.140958332146207
20160731.0,1.409999966621399,40.0,12.0,0.05999999865889549,0.1080000028014183,0.10999999940395355,0.3076511323451996,1.3494465351104736,294.8002624511719,0.30557748675346375,277.7756042480469,264.5567626953125,0.7736961245536804,2.146301031112671,300.0,0.13241666679581
20160801.0,1.409999966621399,40.0,12.0,0.05999999865889549,0.1080000028014183,0.10999999940395355,0.3076511323451996,1.3494465351104736,294.55194091796875,0.31937098503112793,271.28802490234375,253.6773681640625,0.04184679314494133,2.8548800945281982,300.0,0.131166664262613
20160803.0,1.409999966621399,40.0,12.0,0.05999999865889549,0.1080000028014183,0.10999999940395355,0.3076511323451996,1.3494465351104736,297.8959045410156,0.34786760807037354,275.422607421875,262.5504150390625,0.0012906801421195269,3.6173486709594727,300.0,0.12962500192225
20160806.0,1.409999966621399,40.0,12.0,0.05999999865889549,0.1080000028014183,0.10999999940395355,0.3076511323451996,1.3494465351104736,294.7191467285156,0.3714074194431305,273.1949462890625,258.996337890625,0.004848771262913942,2.9754347801208496,300.0,0.125208333755533
20160808.0,1.409999966621399,40.0,12.0,0.05999999865889549,0.1080000028014183,0.10999999940395355,0.3076511323451996,1.3494465351104736,298.2254638671875,0.38223686814308167,276.46160888671875,264.5088806152344,0.0008611339144408703,3.012951612472534,300.0,0.124374999354283
20160809.0,1.409999966621399,40.0,12.0,0.05999999865889549,0.1080000028014183,0.10999999940395355,0.3076511323451996,1.3494465351104736,294.7994384765625,0.38745930790901184,277.46954345703125,265.66259765625,1.7754855155944824,1.7154241800308228,300.0,0.121083333157003
20160811.0,1.409999966621399,40.0,12.0,0.05999999865889549,0.1080000028014183,0.10999999940395355,0.3076511323451996,1.3494465351104736,293.12750244140625,0.39712026715278625,274.8778381347656,264.5206298828125,0.0,2.225573778152466,300.0,0.118000000094374
20160814.0,1.409999966621399,40.0,12.0,0.05999999865889549,0.1080000028014183,0.10999999940395355,0.3076511323451996,1.3494465351104736,298.81610107421875,0.44039973616600037,278.427001953125,266.307373046875,0.0008670523529872298,2.4032833576202393,300.0,0.116666667163372
20160816.0,1.409999966621399,40.0,12.0,0.05999999865889549,0.1080000028014183,0.10999999940395355,0.3076511323451996,1.3494465351104736,300.884521484375,0.4771496057510376,279.48529052734375,267.35113525390625,0.389421671628952,2.343012571334839,300.0,0.115791666942338
20160817.0,1.409999966621399,40.0,12.0,0.05999999865889549,0.1080000028014183,0.10999999940395355,0.3076511323451996,1.3494465351104736,299.6229553222656,0.49607425928115845,279.2029113769531,268.26025390625,3.7030935287475586,2.005589485168457,300.0,0.114708333586653
20160819.0,1.409999966621399,40.0,12.0,0.05999999865889549,0.1080000028014183,0.10999999940395355,0.3076511323451996,1.3494465351104736,298.6922607421875,0.5354207754135132,276.3660888671875,265.8631896972656,0.00042617321014404297,2.5984394550323486,300.0,0.11421739148057
20160822.0,1.409999966621399,40.0,12.0,0.05999999865889549,0.1080000028014183,0.10999999940395355,0.3076511323451996,1.3494465351104736,295.5834045410156,0.561789333820343,272.53277587890625,255.02920532226562,0.0013050511479377747,2.8012163639068604,300.0,0.116375000216067
20160824.0,1.409999966621399,40.0,12.0,0.05999999865889549,0.1080000028014183,0.10999999940395355,0.3076511323451996,1.3494465351104736,299.0312805175781,0.571041464805603,277.03302001953125,266.61456298828125,0.0008523463038727641,2.7980055809020996,300.0,0.115875000444551
20160825.0,1.409999966621399,40.0,12.0,0.05999999865889549,0.1080000028014183,0.10999999940395355,0.3076511323451996,1.3494465351104736,299.3429870605469,0.5754163265228271,279.7996826171875,266.3775634765625,0.0008608131902292371,2.509828567504883,300.0,0.114333334068457
20160827.0,1.409999966621399,40.0,12.0,0.05999999865889549,0.1080000028014183,0.10999999940395355,0.3076511323451996,1.3494465351104736,299.2281188964844,0.5839887857437134,279.04876708984375,266.5045166015625,0.000858306884765625,1.8705201148986816,300.0,0.11233333311975
20160830.0,1.409999966621399,40.0,12.0,0.05999999865889549,0.1080000028014183,0.10999999940395355,0.3076511323451996,1.3494465351104736,296.4289855957031,0.6038873195648193,278.0133056640625,265.2047119140625,0.0021531267557293177,1.6290823221206665,300.0,0.110166667339702
20160901.0,1.409999966621399,40.0,12.0,0.05999999865889549,0.1080000028014183,0.10999999940395355,0.3076511323451996,1.3494465351104736,298.41229248046875,0.6190102100372314,278.6719970703125,266.52032470703125,0.000858306884765625,1.737867832183838,300.0,0.109916667764386
20160902.0,1.409999966621399,40.0,12.0,0.05999999865889549,0.1080000028014183,0.10999999940395355,0.3076511323451996,1.3494465351104736,298.9812927246094,0.6267261505126953,278.4507751464844,267.05694580078125,0.0008523463038727641,1.8492120504379272,300.0,0.109458334123095
20160904.0,1.409999966621399,40.0,12.0,0.05999999865889549,0.1080000028014183,0.10999999940395355,0.3076511323451996,1.3494465351104736,299.5723571777344,0.6430302262306213,281.8648681640625,269.06048583984375,0.000858306884765625,1.4871572256088257,300.0,0.10812500026077
20160907.0,1.409999966621399,40.0,12.0,0.05999999865889549,0.1080000028014183,0.10999999940395355,0.3076511323451996,1.3494465351104736,297.9660339355469,0.6404048800468445,281.3747863769531,265.6229248046875,0.0008491133921779692,1.278982400894165,300.0,0.106916666341325
20160909.0,1.409999966621399,40.0,12.0,0.05999999865889549,0.1080000028014183,0.10999999940395355,0.3076511323451996,1.3494465351104736,297.9086608886719,0.6318771243095398,276.0483703613281,264.2203674316406,0.0012822679709643126,1.2207610607147217,300.0,0.105749999793867
20160910.0,1.409999966621399,40.0,12.0,0.05999999865889549,0.1080000028014183,0.10999999940395355,0.3076511323451996,1.3494465351104736,297.1755065917969,0.6273432970046997,279.5896301269531,266.272705078125,0.7819288372993469,1.4374198913574219,300.0,0.105874999736746
20160912.0,1.409999966621399,40.0,12.0,0.05999999865889549,0.1080000028014183,0.10999999940395355,0.3076511323451996,1.3494465351104736,298.94207763671875,0.6172993183135986,279.11785888671875,265.016357421875,0.002116390038281679,1.1309571266174316,300.0,0.105541666038334
20160915.0,1.409999966621399,40.0,12.0,0.05999999865889549,0.1080000028014183,0.10999999940395355,0.3076511323451996,1.3494465351104736,291.0846252441406,0.6365700364112854,260.883056640625,242.56161499023438,0.18833047151565552,2.4706194400787354,300.0,0.158933335542679
20160917.0,1.409999966621399,40.0,12.0,0.05999999865889549,0.1080000028014183,0.10999999940395355,0.3076511323451996,1.3494465351104736,288.43890380859375,0.6582070589065552,266.1214599609375,246.48431396484375,5.026517391204834,2.516622304916382,300.0,0.145499999324481
20160918.0,1.409999966621399,40.0,12.0,0.05999999865889549,0.1080000028014183,0.10999999940395355,0.3076511323451996,1.3494465351104736,287.38287353515625,0.6694004535675049,266.04852294921875,247.49166870117188,1.798809289932251,1.3266512155532837,300.0,0.138291665663322
20160920.0,1.409999966621399,40.0,12.0,0.05999999865889549,0.1080000028014183,0.10999999940395355,0.3076511323451996,1.3494465351104736,290.3893737792969,0.6924906373023987,269.9347229003906,251.71209716796875,0.14487384259700775,1.5222153663635254,300.0,0.132500000298023
20160923.0,1.409999966621399,40.0,12.0,0.05999999865889549,0.1080000028014183,0.10999999940395355,0.3076511323451996,1.3494465351104736,292.3073425292969,0.7086365818977356,272.4234313964844,258.9713134765625,0.027604766190052032,1.8509256839752197,300.0,0.12237499995778
20160925.0,1.409999966621399,40.0,12.0,0.05999999865889549,0.1080000028014183,0.10999999940395355,0.3076511323451996,1.3494465351104736,290.973388671875,0.7147296667098999,275.4034729003906,261.79742431640625,12.441244125366211,1.6722673177719116,300.0,0.116666665611168
20160926.0,1.409999966621399,40.0,12.0,0.05999999865889549,0.1080000028014183,0.10999999940395355,0.3076511323451996,1.3494465351104736,290.8801574707031,0.7176318168640137,271.62322998046875,260.2835693359375,0.031528275460004807,1.9669246673583984,300.0,0.115666666689018
20161001.0,1.409999966621399,40.0,12.0,0.05999999865889549,0.1080000028014183,0.10999999940395355,0.3076511323451996,1.3494465351104736,292.393310546875,0.7366625666618347,277.39007568359375,263.58380126953125,2.5815269947052,1.565682053565979,300.0,0.111833334279557
20161003.0,1.409999966621399,40.0,12.0,0.05999999865889549,0.1080000028014183,0.10999999940395355,0.3076511323451996,1.3494465351104736,291.0206604003906,0.7468194365501404,272.9832458496094,261.7190246582031,0.0012936410494148731,1.8744560480117798,300.0,0.108958334041138
20161004.0,1.409999966621399,40.0,12.0,0.05999999865889549,0.1080000028014183,0.10999999940395355,0.3076511323451996,1.3494465351104736,292.180419921875,0.7520328164100647,273.298828125,263.5928955078125,0.1075306236743927,2.187277317047119,300.0,0.10837500076741
20161006.0,1.409999966621399,40.0,12.0,0.05999999865889549,0.1080000028014183,0.10999999940395355,0.3076511323451996,1.3494465351104736,289.02850341796875,0.7635074853897095,276.1012268066406,264.235107421875,9.303459167480469,1.3871687650680542,300.0,0.106666666145126
20161009.0,1.409999966621399,40.0,12.0,0.05999999865889549,0.1080000028014183,0.10999999940395355,0.3076511323451996,1.3494465351104736,285.66412353515625,0.7461087107658386,270.04766845703125,257.160888671875,0.0029870534781366587,1.401147484779358,300.0,0.103208332632979
20161011.0,1.409999966621399,40.0,12.0,0.05999999865889549,0.1080000028014183,0.10999999940395355,0.3076511323451996,1.3494465351104736,283.491943359375,0.7259965538978577,271.36212158203125,258.44366455078125,0.002570434007793665,1.388289451599121,300.0,0.101291667359571
20161012.0,1.409999966621399,40.0,12.0,0.05999999865889549,0.1080000028014183,0.10999999940395355,0.3076511323451996,1.3494465351104736,285.9479064941406,0.7157378196716309,271.1678466796875,260.8006591796875,5.348714828491211,1.4692524671554565,300.0,0.1009583339716
20161014.0,1.409999966621399,40.0,12.0,0.05999999865889549,0.1080000028014183,0.10999999940395355,0.3076511323451996,1.3494465351104736,285.91552734375,0.6951972246170044,250.5076446533203,228.6741943359375,27.257701873779297,0.8699154257774353,300.0,0.214041666748623
20161017.0,1.409999966621399,40.0,12.0,0.05999999865889549,0.1080000028014183,0.10999999940395355,0.3076511323451996,1.3494465351104736,290.6435852050781,0.6696900129318237,259.1590881347656,239.242919921875,1.5796453952789307,1.4199837446212769,300.0,0.227416665603717
20161019.0,1.409999966621399,40.0,12.0,0.05999999865889549,0.1080000028014183,0.10999999940395355,0.3076511323451996,1.3494465351104736,285.6035461425781,0.6540740132331848,256.62884521484375,234.33404541015625,0.02731402777135372,1.1796016693115234,300.0,0.236958332980673
20161020.0,1.409999966621399,40.0,12.0,0.05999999865889549,0.1080000028014183,0.10999999940395355,0.3076511323451996,1.3494465351104736,284.734130859375,0.6462739109992981,259.0693054199219,239.31185913085938,0.001536938943900168,1.3020167350769043,300.0,0.228166668365399
20161022.0,1.409999966621399,40.0,12.0,0.05999999865889549,0.1080000028014183,0.10999999940395355,0.3076511323451996,1.3494465351104736,283.4972839355469,0.6299624443054199,260.3381042480469,244.53897094726562,0.008359617553651333,1.2221155166625977,300.0,0.213833334545294
20161025.0,1.409999966621399,40.0,12.0,0.05999999865889549,0.1080000028014183,0.10999999940395355,0.3076511323451996,1.3494465351104736,291.1370849609375,0.632470428943634,258.45526123046875,238.86672973632812,0.11342909932136536,0.8582218885421753,300.0,0.235708332931002
20161027.0,1.409999966621399,40.0,12.0,0.05999999865889549,0.1080000028014183,0.10999999940395355,0.3076511323451996,1.3494465351104736,286.8537902832031,0.6408971548080444,260.285888671875,242.4172821044922,0.05083461478352547,1.0836273431777954,300.0,0.22683333295087
20161028.0,1.409999966621399,40.0,12.0,0.05999999865889549,0.1080000028014183,0.10999999940395355,0.3076511323451996,1.3494465351104736,285.03759765625,0.6454280614852905,258.38531494140625,241.46127319335938,0.008069565519690514,1.2684131860733032,300.0,0.222416668509444
20161030.0,1.409999966621399,40.0,12.0,0.05999999865889549,0.1080000028014183,0.10999999940395355,0.3076511323451996,1.3494465351104736,285.6302490234375,0.6558176279067993,259.56011962890625,244.555419921875,0.0029981357511132956,1.3449357748031616,300.0,0.213375000283122
20161102.0,1.409999966621399,40.0,12.0,0.05999999865889549,0.1080000028014183,0.10999999940395355,0.3076511323451996,1.3494465351104736,286.5481872558594,0.6271469593048096,264.3157958984375,250.5824432373047,0.006134907249361277,1.003116250038147,300.0,0.200000002980232
20161104.0,1.409999966621399,40.0,12.0,0.05999999865889549,0.1080000028014183,0.10999999940395355,0.3076511323451996,1.3494465351104736,285.40887451171875,0.5973430871963501,264.15948486328125,250.539794921875,1.5590465068817139,0.832220196723938,300.0,0.193375004455447
20161105.0,1.409999966621399,40.0,12.0,0.05999999865889549,0.1080000028014183,0.10999999940395355,0.3076511323451996,1.3494465351104736,284.5228576660156,0.582209587097168,266.455078125,253.12718200683594,9.595351219177246,0.9262372255325317,300.0,0.224125001579523
20161107.0,1.409999966621399,40.0,12.0,0.05999999865889549,0.1080000028014183,0.10999999940395355,0.3076511323451996,1.3494465351104736,279.0735778808594,0.5515354871749878,250.75433349609375,232.66043090820312,4.766519069671631,1.156082034111023,300.0,0.252083331967394
20161110.0,1.409999966621399,40.0,12.0,0.05999999865889549,0.1080000028014183,0.10999999940395355,0.3076511323451996,1.3494465351104736,282.39971923828125,0.5301773548126221,247.69766235351562,226.85446166992188,15.560975074768066,1.4539161920547485,300.0,0.275708335141341
20161112.0,1.409999966621399,40.0,12.0,0.05999999865889549,0.1080000028014183,0.10999999940395355,0.3076511323451996,1.3494465351104736,281.8224792480469,0.5220309495925903,248.20590209960938,227.75784301757812,0.007801982574164867,0.7587336301803589,300.0,0.261666662991047
20161113.0,1.409999966621399,40.0,12.0,0.05999999865889549,0.1080000028014183,0.10999999940395355,0.3076511323451996,1.3494465351104736,283.05419921875,0.5181378126144409,248.14833068847656,228.031494140625,10.608659744262695,0.517670214176178,300.0,0.27825000261267
20161115.0,1.409999966621399,40.0,12.0,0.05999999865889549,0.1080000028014183,0.10999999940395355,0.3076511323451996,1.3494465351104736,280.7428894042969,0.5102998614311218,248.77688598632812,226.5055389404297,0.0066958945244550705,0.6575198769569397,300.0,0.259374999751647
20161118.0,1.409999966621399,40.0,12.0,0.05999999865889549,0.1080000028014183,0.10999999940395355,0.3076511323451996,1.3494465351104736,282.71319580078125,0.5010830760002136,252.22238159179688,233.67041015625,1.6573569774627686,0.2924071252346039,300.0,0.249249998480082
20161120.0,1.409999966621399,40.0,12.0,0.05999999865889549,0.1080000028014183,0.10999999940395355,0.3076511323451996,1.3494465351104736,284.51531982421875,0.4955820143222809,253.35227966308594,230.53549194335938,0.0,0.9616848230361938,300.0,0.244541670506199
20161121.0,1.409999966621399,40.0,12.0,0.05999999865889549,0.1080000028014183,0.10999999940395355,0.3076511323451996,1.3494465351104736,285.2474365234375,0.49282675981521606,257.1983947753906,236.3651580810547,2.1555588245391846,0.5609267354011536,300.0,0.241333330670993
20161123.0,1.409999966621399,40.0,12.0,0.05999999865889549,0.1080000028014183,0.10999999940395355,0.3076511323451996,1.3494465351104736,286.0521545410156,0.48699021339416504,256.84014892578125,237.9023895263672,9.524439811706543,1.4740997552871704,300.0,0.241130438187848
20161126.0,1.409999966621399,40.0,12.0,0.05999999865889549,0.1080000028014183,0.10999999940395355,0.3076511323451996,1.3494465351104736,282.6195068359375,0.4897618591785431,245.1996612548828,220.8881378173828,0.015136665664613247,0.8648037910461426,300.0,0.256291670103868
20161128.0,1.409999966621399,40.0,12.0,0.05999999865889549,0.1080000028014183,0.10999999940395355,0.3076511323451996,1.3494465351104736,280.8260803222656,0.4945022463798523,248.12283325195312,225.09915161132812,0.09671006351709366,0.3661714196205139,300.0,0.249666665991147
20161129.0,1.409999966621399,40.0,12.0,0.05999999865889549,0.1080000028014183,0.10999999940395355,0.3076511323451996,1.3494465351104736,281.8959655761719,0.49696362018585205,248.48773193359375,227.7865447998047,0.012509624473750591,0.6792472004890442,300.0,0.249478259812231
20161201.0,1.409999966621399,40.0,12.0,0.05999999865889549,0.1080000028014183,0.10999999940395355,0.3076511323451996,1.3494465351104736,278.85968017578125,0.5019237995147705,247.9984130859375,225.58663940429688,0.0004291534423828125,0.6882928609848022,300.0,0.243416668226322
20161204.0,1.409999966621399,40.0,12.0,0.05999999865889549,0.1080000028014183,0.10999999940395355,0.3076511323451996,1.3494465351104736,283.9794616699219,0.5083995461463928,253.64413452148438,232.8323211669922,0.14039914309978485,0.6030766367912292,300.0,0.240391299776409
20161206.0,1.409999966621399,40.0,12.0,0.05999999865889549,0.1080000028014183,0.10999999940395355,0.3076511323451996,1.3494465351104736,282.4652099609375,0.5124803185462952,253.5408935546875,236.38497924804688,0.000852346362080425,0.5675258040428162,300.0,0.237291670714815
20161207.0,1.409999966621399,40.0,12.0,0.05999999865889549,0.1080000028014183,0.10999999940395355,0.3076511323451996,1.3494465351104736,280.22113037109375,0.5146273374557495,252.18080139160156,235.01829528808594,0.0012848341139033437,0.784385085105896,300.0,0.235208333159486
20161209.0,1.409999966621399,40.0,12.0,0.05999999865889549,0.1080000028014183,0.10999999940395355,0.3076511323451996,1.3494465351104736,283.3130187988281,0.5202615857124329,254.72946166992188,236.91903686523438,0.0030146704521030188,0.3794538676738739,300.0,0.232749994844198
20161212.0,1.409999966621399,40.0,12.0,0.05999999865889549,0.1080000028014183,0.10999999940395355,0.3076511323451996,1.3494465351104736,280.2985534667969,0.48349517583847046,254.38308715820312,237.77536010742188,0.04233264923095703,0.4607982635498047,300.0,0.229833337167899
20161214.0,1.409999966621399,40.0,12.0,0.05999999865889549,0.1080000028014183,0.10999999940395355,0.3076511323451996,1.3494465351104736,282.9880676269531,0.448300302028656,255.4290771484375,240.3573760986328,0.002429485321044922,0.6092579364776611,300.0,0.228478261957998
20161215.0,1.409999966621399,40.0,12.0,0.05999999865889549,0.1080000028014183,0.10999999940395355,0.3076511323451996,1.3494465351104736,282.7542724609375,0.43047335743904114,257.43182373046875,238.83340454101562,0.112153559923172,0.40159872174263,300.0,0.228478261957998
20161217.0,1.409999966621399,40.0,12.0,0.05999999865889549,0.1080000028014183,0.10999999940395355,0.3076511323451996,1.3494465351104736,281.6090393066406,0.393656462430954,258.2183837890625,240.4574737548828,0.0,0.6280733346939087,300.0,0.225749997422099
20161220.0,1.409999966621399,40.0,12.0,0.05999999865889549,0.1080000028014183,0.10999999940395355,0.3076511323451996,1.3494465351104736,277.9125671386719,0.3951803743839264,256.43145751953125,238.42913818359375,2.3705966472625732,0.4101901650428772,300.0,0.223916667203108
20161222.0,1.409999966621399,40.0,12.0,0.05999999865889549,0.1080000028014183,0.10999999940395355,0.3076511323451996,1.3494465351104736,278.1905822753906,0.41034287214279175,249.41580200195312,229.45791625976562,0.3293951451778412,0.48738208413124084,300.0,0.249124995122353
20161223.0,1.409999966621399,40.0,12.0,0.05999999865889549,0.1080000028014183,0.10999999940395355,0.3076511323451996,1.3494465351104736,282.1295166015625,0.4184888005256653,248.17239379882812,229.58837890625,2.8309385776519775,0.11103830486536026,300.0,0.279500002662341
20161225.0,1.409999966621399,40.0,12.0,0.05999999865889549,0.1080000028014183,0.10999999940395355,0.3076511323451996,1.3494465351104736,282.8170166015625,0.4361225664615631,250.35829162597656,230.4376220703125,0.708693265914917,0.42948198318481445,300.0,0.272958332051833
20161228.0,1.409999966621399,40.0,12.0,0.05999999865889549,0.1080000028014183,0.10999999940395355,0.3076511323451996,1.3494465351104736,276.9482727050781,0.4204685389995575,249.8462677001953,229.40029907226562,0.0008523463038727641,0.7265760898590088,300.0,0.259874995797873
20161230.0,1.409999966621399,40.0,12.0,0.05999999865889549,0.1080000028014183,0.10999999940395355,0.3076511323451996,1.3494465351104736,276.6892395019531,0.40007978677749634,251.21478271484375,231.27171325683594,0.0014779301127418876,0.2826065719127655,300.0,0.25456521951634
20161231.0,1.409999966621399,40.0,12.0,0.05999999865889549,0.1080000028014183,0.10999999940395355,0.3076511323451996,1.3494465351104736,280.05682373046875,0.3880971372127533,250.50660705566406,232.0977783203125,0.0024949179496616125,0.3710068166255951,300.0,0.255956522796465
20170102.0,1.409999966621399,40.0,12.0,0.05999999865889549,0.1080000028014183,0.10999999940395355,0.3076511323451996,1.3494465351104736,277.6351318359375,0.1826179027557373,250.60995483398438,231.41262817382812,0.001923516858369112,0.29564911127090454,300.0,0.255083334942659
20170110.0,1.409999966621399,40.0,12.0,0.05999999865889549,0.1080000028014183,0.10999999940395355,0.3076511323451996,1.3494465351104736,277.70904541015625,0.19250962138175964,244.87071228027344,224.70236206054688,13.9850492477417,0.6106316447257996,300.0,0.281500002199953
20170113.0,1.409999966621399,40.0,12.0,0.05999999865889549,0.1080000028014183,0.10999999940395355,0.3076511323451996,1.3494465351104736,277.08929443359375,0.18837633728981018,240.2369842529297,218.8878936767578,8.502382278442383,1.596229910850525,300.0,0.290666665881872
20170115.0,1.409999966621399,40.0,12.0,0.05999999865889549,0.1080000028014183,0.10999999940395355,0.3076511323451996,1.3494465351104736,275.40277099609375,0.18559622764587402,242.27354431152344,218.6282196044922,4.673714637756348,0.7104560136795044,300.0,0.270125004152457
20170116.0,1.409999966621399,40.0,12.0,0.05999999865889549,0.1080000028014183,0.10999999940395355,0.3076511323451996,1.3494465351104736,277.398681640625,0.18491925299167633,242.10287475585938,219.90219116210938,7.2747416496276855,0.834869921207428,300.0,0.288541668405135
20170123.0,1.409999966621399,40.0,12.0,0.05999999865889549,0.1080000028014183,0.10999999940395355,0.3076511323451996,1.3494465351104736,276.3858642578125,0.14309725165367126,245.01272583007812,223.24630737304688,2.8113276958465576,0.46020689606666565,300.0,0.292333332200845
20170124.0,1.409999966621399,40.0,12.0,0.05999999865889549,0.1080000028014183,0.10999999940395355,0.3076511323451996,1.3494465351104736,274.4724426269531,0.1366870105266571,244.29953002929688,224.17843627929688,0.0008025433635339141,0.6891173124313354,300.0,0.276916669060787
20170129.0,1.409999966621399,40.0,12.0,0.05999999865889549,0.1080000028014183,0.10999999940395355,0.3076511323451996,1.3494465351104736,278.46917724609375,0.09800604730844498,247.1894989013672,227.02554321289062,0.0009096331195905805,0.9260629415512085,300.0,0.270541667938232
20170131.0,1.409999966621399,40.0,12.0,0.05999999865889549,0.1080000028014183,0.10999999940395355,0.3076511323451996,1.3494465351104736,282.11260986328125,0.08274909108877182,252.81497192382812,231.89913940429688,0.0027038652915507555,0.6051473021507263,300.0,0.264708324025075
20170201.0,1.409999966621399,40.0,12.0,0.05999999865889549,0.1080000028014183,0.10999999940395355,0.3076511323451996,1.3494465351104736,283.5614318847656,0.0731177106499672,253.52882385253906,233.48634338378906,0.002140684984624386,0.7614943981170654,300.0,0.26358333354195
20170203.0,1.409999966621399,40.0,12.0,0.05999999865889549,0.1080000028014183,0.10999999940395355,0.3076511323451996,1.3494465351104736,279.0735168457031,0.0732417106628418,250.2701873779297,227.95236206054688,1.5418198108673096,0.8385868668556213,300.0,0.280833336214225
20170206.0,1.409999966621399,40.0,12.0,0.05999999865889549,0.1080000028014183,0.10999999940395355,0.3076511323451996,1.3494465351104736,279.1355895996094,0.09850969910621643,241.56411743164062,216.4824676513672,4.611667633056641,1.7991392612457275,300.0,0.278875002016624
20170208.0,1.409999966621399,40.0,12.0,0.05999999865889549,0.1080000028014183,0.10999999940395355,0.3076511323451996,1.3494465351104736,277.4670715332031,0.11379901319742203,240.57980346679688,218.00204467773438,11.827110290527344,1.108512282371521,300.0,0.293999999761581
20170209.0,1.409999966621399,40.0,12.0,0.05999999865889549,0.1080000028014183,0.10999999940395355,0.3076511323451996,1.3494465351104736,277.37481689453125,0.1250848025083542,241.63992309570312,218.40521240234375,0.02718607522547245,1.0978484153747559,300.0,0.280666666726271
20170214.0,1.409999966621399,40.0,12.0,0.05999999865889549,0.1080000028014183,0.10999999940395355,0.3076511323451996,1.3494465351104736,283.8055419921875,0.0550985261797905,247.0229949951172,225.8921356201172,15.534411430358887,0.902043879032135,300.0,0.277791666487853
20170216.0,1.409999966621399,40.0,12.0,0.05999999865889549,0.1080000028014183,0.10999999940395355,0.3076511323451996,1.3494465351104736,284.7509460449219,0.018868327140808105,249.77105712890625,228.45816040039062,0.007879924960434437,1.1244322061538696,300.0,0.270458335677783
20170217.0,1.409999966621399,40.0,12.0,0.05999999865889549,0.1080000028014183,0.10999999940395355,0.3076511323451996,1.3494465351104736,282.3919677734375,0.0,249.9789276123047,229.9971466064453,0.0025749204214662313,1.3225547075271606,300.0,0.265833328167597
20170219.0,1.409999966621399,40.0,12.0,0.05999999865889549,0.1080000028014183,0.10999999940395355,0.3076511323451996,1.3494465351104736,281.85675048828125,0.0,250.76885986328125,231.99440002441406,0.0029161900747567415,1.2539923191070557,300.0,0.259291662524144
20170222.0,1.409999966621399,40.0,12.0,0.05999999865889549,0.1080000028014183,0.10999999940395355,0.3076511323451996,1.3494465351104736,283.1925964355469,0.0,254.74261474609375,236.79095458984375,0.05222638323903084,1.0558485984802246,300.0,0.250708332285285
20170224.0,1.409999966621399,40.0,12.0,0.05999999865889549,0.1080000028014183,0.10999999940395355,0.3076511323451996,1.3494465351104736,281.2439880371094,0.0,260.0643310546875,241.73785400390625,1.0165166854858398,1.3673876523971558,300.0,0.243708335484068
20170225.0,1.409999966621399,40.0,12.0,0.05999999865889549,0.1080000028014183,0.10999999940395355,0.3076511323451996,1.3494465351104736,279.8085021972656,0.0,253.46441650390625,236.559326171875,0.002571940189227462,1.6318060159683228,300.0,0.239458330596487
20170227.0,1.409999966621399,40.0,12.0,0.05999999865889549,0.1080000028014183,0.10999999940395355,0.3076511323451996,1.3494465351104736,282.0522155761719,0.0,257.3379821777344,241.65603637695312,0.22309455275535583,1.5364471673965454,300.0,0.232708330576619
20170302.0,1.409999966621399,40.0,12.0,0.05999999865889549,0.1080000028014183,0.10999999940395355,0.3076511323451996,1.3494465351104736,282.4698791503906,0.0,253.384033203125,235.82131958007812,0.04700727015733719,0.7843366265296936,300.0,0.264041660974423
20170304.0,1.409999966621399,40.0,12.0,0.05999999865889549,0.1080000028014183,0.10999999940395355,0.3076511323451996,1.3494465351104736,280.41326904296875,0.0,231.78587341308594,207.39944458007812,30.807710647583008,1.9254086017608643,300.0,0.29408695516379
20170305.0,1.409999966621399,40.0,12.0,0.05999999865889549,0.1080000028014183,0.10999999940395355,0.3076511323451996,1.3494465351104736,279.7679748535156,0.0,237.20130920410156,214.50222778320312,2.1624250411987305,0.9604669809341431,300.0,0.279416671643655
20170307.0,1.409999966621399,40.0,12.0,0.05999999865889549,0.1080000028014183,0.10999999940395355,0.3076511323451996,1.3494465351104736,280.5698547363281,0.0,239.45648193359375,215.10821533203125,23.151016235351562,1.6552995443344116,300.0,0.298791668067376
20170310.0,1.409999966621399,40.0,12.0,0.05999999865889549,0.1080000028014183,0.10999999940395355,0.3076511323451996,1.3494465351104736,283.7411804199219,0.0,242.5194854736328,219.82427978515625,0.0017120924312621355,2.050747871398926,300.0,0.279541663825512
20170312.0,1.409999966621399,40.0,12.0,0.05999999865889549,0.1080000028014183,0.10999999940395355,0.3076511323451996,1.3494465351104736,283.25390625,0.0,255.58364868164062,234.07199096679688,8.0298490524292,1.3509376049041748,300.0,0.266708326836427
20170313.0,1.409999966621399,40.0,12.0,0.05999999865889549,0.1080000028014183,0.10999999940395355,0.3076511323451996,1.3494465351104736,283.0438232421875,0.0,251.549072265625,228.34027099609375,1.8759511709213257,0.8847895860671997,300.0,0.268708330889543
20170315.0,1.409999966621399,40.0,12.0,0.05999999865889549,0.1080000028014183,0.10999999940395355,0.3076511323451996,1.3494465351104736,284.23193359375,0.0,251.84449768066406,232.12889099121094,0.0021494310349226,2.131641149520874,300.0,0.262375003347794
20170318.0,1.409999966621399,40.0,12.0,0.05999999865889549,0.1080000028014183,0.10999999940395355,0.3076511323451996,1.3494465351104736,283.2207946777344,0.0,258.9472961425781,239.2354278564453,0.1808629035949707,1.6526321172714233,300.0,0.240999998524785
20170320.0,1.409999966621399,40.0,12.0,0.05999999865889549,0.1080000028014183,0.10999999940395355,0.3076511323451996,1.3494465351104736,284.9682312011719,0.0,260.60882568359375,245.1973876953125,0.049724843353033066,1.5006687641143799,300.0,0.230333337560296
20170321.0,1.409999966621399,40.0,12.0,0.05999999865889549,0.1080000028014183,0.10999999940395355,0.3076511323451996,1.3494465351104736,283.49371337890625,0.0,260.306640625,246.39456176757812,1.3283175230026245,1.3395618200302124,300.0,0.227666666110357
20170323.0,1.409999966621399,40.0,12.0,0.05999999865889549,0.1080000028014183,0.10999999940395355,0.3076511323451996,1.3494465351104736,280.4875793457031,0.0,259.12591552734375,241.2979736328125,2.7295174598693848,1.5023976564407349,300.0,0.225124999259909
20170326.0,1.409999966621399,40.0,12.0,0.05999999865889549,0.1080000028014183,0.10999999940395355,0.3076511323451996,1.3494465351104736,284.5012512207031,0.0,243.78848266601562,220.8326416015625,0.003416789462789893,2.7312533855438232,300.0,0.278666665156682
20170328.0,1.409999966621399,40.0,12.0,0.05999999865889549,0.1080000028014183,0.10999999940395355,0.3076511323451996,1.3494465351104736,285.3334045410156,0.0,253.14163208007812,232.05746459960938,0.2116960883140564,2.4892396926879883,300.0,0.260291670759519
20170329.0,1.409999966621399,40.0,12.0,0.05999999865889549,0.1080000028014183,0.10999999940395355,0.3076511323451996,1.3494465351104736,285.6360778808594,0.0,256.6409912109375,237.524169921875,0.001722574234008789,2.8680381774902344,300.0,0.249874997884035
20170331.0,1.409999966621399,40.0,12.0,0.05999999865889549,0.1080000028014183,0.10999999940395355,0.3076511323451996,1.3494465351104736,287.01458740234375,0.0,262.58782958984375,244.40658569335938,4.66339111328125,2.555739402770996,300.0,0.236391305923462
20170403.0,1.409999966621399,40.0,12.0,0.05999999865889549,0.1080000028014183,0.10999999940395355,0.3076511323451996,1.3494465351104736,284.8395080566406,0.0,246.9212646484375,221.70668029785156,0.034629520028829575,2.3928403854370117,300.0,0.277583335836728
20170405.0,1.409999966621399,40.0,12.0,0.05999999865889549,0.1080000028014183,0.10999999940395355,0.3076511323451996,1.3494465351104736,284.41632080078125,0.0,256.37091064453125,233.75125122070312,1.2002794742584229,2.193380355834961,300.0,0.256708331406116
20170406.0,1.409999966621399,40.0,12.0,0.05999999865889549,0.1080000028014183,0.10999999940395355,0.3076511323451996,1.3494465351104736,284.22283935546875,0.0,255.98614501953125,235.77784729003906,0.0,2.8760743141174316,300.0,0.248374996706843
20170408.0,1.409999966621399,40.0,12.0,0.05999999865889549,0.1080000028014183,0.10999999940395355,0.3076511323451996,1.3494465351104736,287.2423095703125,0.0,260.41851806640625,241.58905029296875,0.0012814997462555766,3.701556921005249,300.0,0.225166666631897
20170411.0,1.409999966621399,40.0,12.0,0.05999999865889549,0.1080000028014183,0.10999999940395355,0.3076511323451996,1.3494465351104736,286.0057373046875,0.0,266.6005554199219,249.7186279296875,0.383752703666687,2.4560234546661377,300.0,0.191500000655651
20170413.0,1.409999966621399,40.0,12.0,0.05999999865889549,0.1080000028014183,0.10999999940395355,0.3076511323451996,1.3494465351104736,286.97589111328125,0.0,266.34130859375,251.59716796875,0.0008553265361115336,3.6158103942871094,300.0,0.175791668395201
20170414.0,1.409999966621399,40.0,12.0,0.05999999865889549,0.1080000028014183,0.10999999940395355,0.3076511323451996,1.3494465351104736,286.4201354980469,0.0,267.8764343261719,253.26849365234375,0.0017101491102948785,3.653149366378784,300.0,0.166791665678223
20170416.0,1.409999966621399,40.0,12.0,0.05999999865889549,0.1080000028014183,0.10999999940395355,0.3076511323451996,1.3494465351104736,285.97650146484375,0.0,269.87078857421875,253.70452880859375,0.0405706949532032,2.5158865451812744,300.0,0.158833331738909
20170419.0,1.409999966621399,40.0,12.0,0.05999999865889549,0.1080000028014183,0.10999999940395355,0.3076511323451996,1.3494465351104736,282.93853759765625,0.0,265.9360656738281,253.315673828125,0.0008523463038727641,3.5888867378234863,300.0,0.146208332230647
20170421.0,1.409999966621399,40.0,12.0,0.05999999865889549,0.1080000028014183,0.10999999940395355,0.3076511323451996,1.3494465351104736,283.94586181640625,0.0,268.6715393066406,253.93533325195312,0.0017246679635718465,3.755450963973999,300.0,0.141333332906167
20170422.0,1.409999966621399,40.0,12.0,0.05999999865889549,0.1080000028014183,0.10999999940395355,0.3076511323451996,1.3494465351104736,286.87652587890625,0.0,268.61248779296875,256.96539306640625,0.0,3.8717525005340576,300.0,0.139333331957459
20170424.0,1.409999966621399,40.0,12.0,0.05999999865889549,0.1080000028014183,0.10999999940395355,0.3076511323451996,1.3494465351104736,288.601318359375,0.0,272.3695068359375,258.3988342285156,0.001722574234008789,3.8218023777008057,300.0,0.136000002423922
20170427.0,1.409999966621399,40.0,12.0,0.05999999865889549,0.1080000028014183,0.10999999940395355,0.3076511323451996,1.3494465351104736,281.53857421875,0.0,255.89657592773438,233.06692504882812,1.159083366394043,3.0078532695770264,300.0,0.246999998266498
20170429.0,1.409999966621399,40.0,12.0,0.05999999865889549,0.1080000028014183,0.10999999940395355,0.3076511323451996,1.3494465351104736,283.4203186035156,0.0,260.0256042480469,240.71536254882812,0.0,3.7409169673919678,300.0,0.217791667828957
20170430.0,1.409999966621399,40.0,12.0,0.05999999865889549,0.1080000028014183,0.10999999940395355,0.3076511323451996,1.3494465351104736,286.17333984375,0.0,266.0932312011719,249.06607055664062,6.62933874130249,3.485109567642212,300.0,0.232130434849988
20170502.0,1.409999966621399,40.0,12.0,0.05999999865889549,0.1080000028014183,0.10999999940395355,0.3076511323451996,1.3494465351104736,284.4117736816406,0.0,254.4666748046875,229.22406005859375,19.403745651245117,1.977150321006775,300.0,0.288916668544213
20170505.0,1.409999966621399,40.0,12.0,0.05999999865889549,0.1080000028014183,0.10999999940395355,0.3076511323451996,1.3494465351104736,287.7965087890625,0.0,263.29241943359375,239.26795959472656,0.3596908450126648,3.106574058532715,300.0,0.251541664203008
20170507.0,1.409999966621399,40.0,12.0,0.05999999865889549,0.1080000028014183,0.10999999940395355,0.3076511323451996,1.3494465351104736,285.57440185546875,0.0,254.22039794921875,227.66763305664062,0.07951530814170837,2.944606065750122,300.0,0.271083333839973
20170508.0,1.409999966621399,40.0,12.0,0.05999999865889549,0.1080000028014183,0.10999999940395355,0.3076511323451996,1.3494465351104736,287.1281433105469,0.0,260.80206298828125,237.25782775878906,0.020920833572745323,3.767942190170288,300.0,0.257208331177632
20170510.0,1.409999966621399,40.0,12.0,0.05999999865889549,0.1080000028014183,0.10999999940395355,0.3076511323451996,1.3494465351104736,288.32525634765625,0.0,266.7198486328125,246.97271728515625,1.4716991186141968,3.3145575523376465,300.0,0.231791665156682
20170513.0,1.409999966621399,40.0,12.0,0.05999999865889549,0.1080000028014183,0.10999999940395355,0.3076511323451996,1.3494465351104736,289.55810546875,0.0,254.70071411132812,231.8301239013672,2.4589810371398926,3.5150296688079834,300.0,0.278916671872139
20170515.0,1.409999966621399,40.0,12.0,0.05999999865889549,0.1080000028014183,0.10999999940395355,0.3076511323451996,1.3494465351104736,291.88055419921875,0.0,265.00054931640625,242.7100067138672,0.0,4.701510429382324,300.0,0.248874997099241
20170516.0,1.409999966621399,40.0,12.0,0.05999999865889549,0.1080000028014183,0.10999999940395355,0.3076511323451996,1.3494465351104736,293.0437927246094,0.0,269.11468505859375,250.4774932861328,0.000852346362080425,5.051952362060547,300.0,0.232083334277074
20170518.0,1.409999966621399,40.0,12.0,0.05999999865889549,0.1080000028014183,0.10999999940395355,0.3076511323451996,1.3494465351104736,288.91741943359375,0.0,272.7861022949219,254.6392822265625,28.283649444580078,3.1368017196655273,300.0,0.244041668251157
20170521.0,1.409999966621399,40.0,12.0,0.05999999865889549,0.1080000028014183,0.10999999940395355,0.3076511323451996,1.3494465351104736,289.272216796875,0.0,262.93048095703125,240.90811157226562,0.0,5.068996429443359,300.0,0.250571426181566
20170523.0,1.409999966621399,40.0,12.0,0.05999999865889549,0.1080000028014183,0.10999999940395355,0.3076511323451996,1.3494465351104736,290.176513671875,0.0,264.10198974609375,241.26443481445312,0.6335543990135193,2.572371244430542,300.0,0.242428570985794
20170524.0,1.409999966621399,40.0,12.0,0.05999999865889549,0.1080000028014183,0.10999999940395355,0.3076511323451996,1.3494465351104736,293.2666320800781,0.0,266.26226806640625,246.62835693359375,0.0008746649255044758,4.585193157196045,300.0,0.236208330839872
20170526.0,1.409999966621399,40.0,12.0,0.05999999865889549,0.1080000028014183,0.10999999940395355,0.3076511323451996,1.3494465351104736,294.2591552734375,0.0,274.455322265625,255.14154052734375,0.0,5.367679595947266,300.0,0.199083331972361
20170529.0,1.409999966621399,40.0,12.0,0.05999999865889549,0.1080000028014183,0.10999999940395355,0.3076511323451996,1.3494465351104736,294.87567138671875,0.0,277.20703125,261.430419921875,1.0142533779144287,4.251751899719238,300.0,0.16220833423237
20170531.0,1.409999966621399,40.0,12.0,0.05999999865889549,0.1080000028014183,0.10999999940395355,0.3076511323451996,1.3494465351104736,293.0201110839844,0.0,258.2495422363281,237.2828369140625,2.781909465789795,3.13423752784729,300.0,0.253590910272165
20170601.0,1.409999966621399,40.0,12.0,0.05999999865889549,0.1080000028014183,0.10999999940395355,0.3076511323451996,1.3494465351104736,294.3203430175781,0.0,263.2389221191406,239.7395782470703,0.06207413226366043,4.530453681945801,300.0,0.249944443504016
20170603.0,1.409999966621399,40.0,12.0,0.05999999865889549,0.1080000028014183,0.10999999940395355,0.3076511323451996,1.3494465351104736,291.04534912109375,0.0,273.5006103515625,253.4169921875,12.27939510345459,1.7569262981414795,300.0,0.220150001347065
20170614.0,1.409999966621399,40.0,12.0,0.05999999865889549,0.1080000028014183,0.10999999940395355,0.3076511323451996,1.3494465351104736,301.034912109375,0.0,280.1728820800781,265.3587341308594,0.9662379622459412,4.526760578155518,300.0,0.142916668206453
20170616.0,1.409999966621399,40.0,12.0,0.05999999865889549,0.1080000028014183,0.10999999940395355,0.3076511323451996,1.3494465351104736,297.2769775390625,0.0,279.56695556640625,264.41650390625,0.08088680356740952,3.8918557167053223,300.0,0.137291668603818
20170617.0,1.409999966621399,40.0,12.0,0.05999999865889549,0.1080000028014183,0.10999999940395355,0.3076511323451996,1.3494465351104736,297.3125305175781,0.0,280.4351806640625,264.720947265625,0.000858306884765625,4.45094633102417,300.0,0.135250001524886
20170619.0,1.409999966621399,40.0,12.0,0.05999999865889549,0.1080000028014183,0.10999999940395355,0.3076511323451996,1.3494465351104736,299.5216064453125,0.0,281.8453674316406,266.2857360839844,0.001927376608364284,3.7384119033813477,300.0,0.131666665275892
20170622.0,1.409999966621399,40.0,12.0,0.05999999865889549,0.1080000028014183,0.10999999940395355,0.3076511323451996,1.3494465351104736,303.4366455078125,0.0,282.86932373046875,269.0557556152344,0.00958310253918171,4.1984124183654785,300.0,0.128125000745058
20170624.0,1.409999966621399,40.0,12.0,0.05999999865889549,0.1080000028014183,0.10999999940395355,0.3076511323451996,1.3494465351104736,298.205810546875,0.0,279.75762939453125,266.0421142578125,0.885352373123169,2.5979092121124268,300.0,0.123500001616776
20170625.0,1.409999966621399,40.0,12.0,0.05999999865889549,0.1080000028014183,0.10999999940395355,0.3076511323451996,1.3494465351104736,298.1648864746094,0.0,279.0435791015625,265.82830810546875,0.10805302113294601,2.9645094871520996,300.0,0.12333333461235
20170627.0,1.409999966621399,40.0,12.0,0.05999999865889549,0.1080000028014183,0.10999999940395355,0.3076511323451996,1.3494465351104736,296.5218505859375,0.0,274.8103332519531,260.3248291015625,38.98521041870117,3.788304328918457,300.0,0.157708331632117
20170630.0,1.409999966621399,40.0,12.0,0.05999999865889549,0.1080000028014183,0.10999999940395355,0.3076511323451996,1.3494465351104736,288.25738525390625,0.0,256.9257507324219,234.47003173828125,4.511605739593506,3.4633724689483643,300.0,0.248874997720122
20170702.0,1.409999966621399,40.0,12.0,0.05999999865889549,0.1080000028014183,0.10999999940395355,0.3076511323451996,1.3494465351104736,289.1265869140625,0.0,257.06744384765625,234.40478515625,2.064683198928833,2.8474206924438477,300.0,0.257374998182058
20170703.0,1.409999966621399,40.0,12.0,0.05999999865889549,0.1080000028014183,0.10999999940395355,0.3076511323451996,1.3494465351104736,292.9628601074219,0.0,257.19189453125,233.28732299804688,0.37490883469581604,3.605516195297241,300.0,0.2454583303382
20170705.0,1.409999966621399,40.0,12.0,0.05999999865889549,0.1080000028014183,0.10999999940395355,0.3076511323451996,1.3494465351104736,295.9035339355469,0.0,267.5157470703125,245.41738891601562,0.001718048588372767,5.384963035583496,300.0,0.213833332061768
20170708.0,1.409999966621399,40.0,12.0,0.05999999865889549,0.1080000028014183,0.10999999940395355,0.3076511323451996,1.3494465351104736,297.8546142578125,0.0,275.52056884765625,258.6737060546875,0.38546302914619446,4.104043960571289,300.0,0.173124998187025
20170710.0,1.409999966621399,40.0,12.0,0.05999999865889549,0.1080000028014183,0.10999999940395355,0.3076511323451996,1.3494465351104736,293.09490966796875,0.0,261.6788330078125,245.3658447265625,9.269122123718262,2.448621988296509,300.0,0.248375001053015
20170711.0,1.409999966621399,40.0,12.0,0.05999999865889549,0.1080000028014183,0.10999999940395355,0.3076511323451996,1.3494465351104736,294.1199035644531,0.0,264.1026306152344,246.186767578125,1.3907647132873535,2.534069299697876,300.0,0.238541665797432
20170713.0,1.409999966621399,40.0,12.0,0.05999999865889549,0.1080000028014183,0.10999999940395355,0.3076511323451996,1.3494465351104736,294.09722900390625,0.0,270.037109375,251.19918823242188,0.03242431581020355,3.3919155597686768,300.0,0.207916666443149
20170716.0,1.409999966621399,40.0,12.0,0.05999999865889549,0.1080000028014183,0.10999999940395355,0.3076511323451996,1.3494465351104736,296.86224365234375,0.0,274.5947265625,260.6671447753906,0.0008523463038727641,4.538562297821045,300.0,0.159541666507721
20170718.0,1.409999966621399,40.0,12.0,0.05999999865889549,0.1080000028014183,0.10999999940395355,0.3076511323451996,1.3494465351104736,297.8920593261719,0.0,277.0815124511719,263.031005859375,0.0021338455844670534,4.031241416931152,300.0,0.143916664024194
20170719.0,1.409999966621399,40.0,12.0,0.05999999865889549,0.1080000028014183,0.10999999940395355,0.3076511323451996,1.3494465351104736,298.2059631347656,0.0,280.81268310546875,266.1527099609375,27.172513961791992,3.0834059715270996,300.0,0.139782608851143
20170721.0,1.409999966621399,40.0,12.0,0.05999999865889549,0.1080000028014183,0.10999999940395355,0.3076511323451996,1.3494465351104736,295.12872314453125,0.0,262.08209228515625,244.5750732421875,0.269011914730072,2.9262073040008545,300.0,0.22245833153526
20170724.0,1.409999966621399,40.0,12.0,0.05999999865889549,0.1080000028014183,0.10999999940395355,0.3076511323451996,1.3494465351104736,291.5623474121094,0.0,264.13525390625,249.87640380859375,7.7087554931640625,3.349231481552124,300.0,0.211333335687717
20170726.0,1.409999966621399,40.0,12.0,0.05999999865889549,0.1080000028014183,0.10999999940395355,0.3076511323451996,1.3494465351104736,291.7491149902344,0.0,266.3994140625,245.5579833984375,0.6465385556221008,3.1220972537994385,300.0,0.211624998599291
20170727.0,1.409999966621399,40.0,12.0,0.05999999865889549,0.1080000028014183,0.10999999940395355,0.3076511323451996,1.3494465351104736,294.751220703125,0.0,268.515869140625,254.1584014892578,0.0013493166770786047,4.295394420623779,300.0,0.191416666532556
20170729.0,1.409999966621399,40.0,12.0,0.05999999865889549,0.1080000028014183,0.10999999940395355,0.3076511323451996,1.3494465351104736,297.8335876464844,0.0,274.0633850097656,260.7112731933594,0.3630627393722534,4.481085777282715,300.0,0.16145833581686
20170801.0,1.409999966621399,40.0,12.0,0.05999999865889549,0.1080000028014183,0.10999999940395355,0.3076511323451996,1.3494465351104736,297.017578125,0.0,277.3418884277344,265.4527893066406,0.5383918881416321,2.179271936416626,300.0,0.139583333084981
20170803.0,1.409999966621399,40.0,12.0,0.05999999865889549,0.1080000028014183,0.10999999940395355,0.3076511323451996,1.3494465351104736,298.9823913574219,0.0,278.2730712890625,266.13494873046875,0.0025249188765883446,3.7297427654266357,300.0,0.134375001614292
20170804.0,1.409999966621399,40.0,12.0,0.05999999865889549,0.1080000028014183,0.10999999940395355,0.3076511323451996,1.3494465351104736,299.09088134765625,0.0,279.069580078125,269.44122314453125,0.0,4.047603130340576,300.0,0.131374998018146
20170806.0,1.409999966621399,40.0,12.0,0.05999999865889549,0.1080000028014183,0.10999999940395355,0.3076511323451996,1.3494465351104736,295.7560729980469,0.0,265.6019287109375,248.80145263671875,0.26313385367393494,3.81901478767395,300.0,0.157666666433215
20170809.0,1.409999966621399,40.0,12.0,0.05999999865889549,0.1080000028014183,0.10999999940395355,0.3076511323451996,1.3494465351104736,290.604736328125,0.0,273.11761474609375,263.0106201171875,1.5652464628219604,2.195842742919922,300.0,0.126666670044263
20170811.0,1.409999966621399,40.0,12.0,0.05999999865889549,0.1080000028014183,0.10999999940395355,0.3076511323451996,1.3494465351104736,289.3089294433594,0.01017889566719532,266.8233337402344,251.60670471191406,2.2630763053894043,3.0218605995178223,300.0,0.125416667511066
20170812.0,1.409999966621399,40.0,12.0,0.05999999865889549,0.1080000028014183,0.10999999940395355,0.3076511323451996,1.3494465351104736,292.03094482421875,0.014048129320144653,269.1051330566406,254.65371704101562,0.00019404622435104102,3.3937385082244873,300.0,0.125416666269302
20170814.0,1.409999966621399,40.0,12.0,0.05999999865889549,0.1080000028014183,0.10999999940395355,0.3076511323451996,1.3494465351104736,296.25933837890625,0.03371436148881912,276.48541259765625,264.9036865234375,0.0,3.907207489013672,300.0,0.123708335372309
20170817.0,1.409999966621399,40.0,12.0,0.05999999865889549,0.1080000028014183,0.10999999940395355,0.3076511323451996,1.3494465351104736,298.41925048828125,0.07943538576364517,276.98944091796875,263.2410888671875,0.00043511384865269065,3.300818681716919,300.0,0.121833333124717
20170819.0,1.409999966621399,40.0,12.0,0.05999999865889549,0.1080000028014183,0.10999999940395355,0.3076511323451996,1.3494465351104736,294.1770324707031,0.11005181819200516,278.15374755859375,264.99713134765625,0.02333693951368332,2.625331401824951,300.0,0.118541666306555
20170820.0,1.409999966621399,40.0,12.0,0.05999999865889549,0.1080000028014183,0.10999999940395355,0.3076511323451996,1.3494465351104736,292.8236389160156,0.12572135031223297,276.87518310546875,264.0463562011719,0.0,2.8455209732055664,300.0,0.116166666460534
20170822.0,1.409999966621399,40.0,12.0,0.05999999865889549,0.1080000028014183,0.10999999940395355,0.3076511323451996,1.3494465351104736,298.8948669433594,0.15604078769683838,278.52545166015625,268.02496337890625,0.00046047900104895234,3.4096078872680664,300.0,0.11508333341529
20170825.0,1.409999966621399,40.0,12.0,0.05999999865889549,0.1080000028014183,0.10999999940395355,0.3076511323451996,1.3494465351104736,299.23291015625,0.20058628916740417,279.1341552734375,267.2460632324219,0.28425654768943787,2.117835283279419,300.0,0.114041667121152
20170827.0,1.409999966621399,40.0,12.0,0.05999999865889549,0.1080000028014183,0.10999999940395355,0.3076511323451996,1.3494465351104736,299.5060119628906,0.230618417263031,279.9507751464844,267.3556823730469,0.051512520760297775,1.8789910078048706,300.0,0.113333334214985
20170828.0,1.409999966621399,40.0,12.0,0.05999999865889549,0.1080000028014183,0.10999999940395355,0.3076511323451996,1.3494465351104736,301.8779296875,0.24714502692222595,279.71661376953125,265.5584716796875,0.006887515541166067,2.6403088569641113,300.0,0.112750000009934
20170830.0,1.409999966621399,40.0,12.0,0.05999999865889549,0.1080000028014183,0.10999999940395355,0.3076511323451996,1.3494465351104736,297.9391784667969,0.2678876221179962,280.34674072265625,269.10321044921875,15.59583568572998,2.1099843978881836,300.0,0.111958333291113
20170902.0,1.409999966621399,40.0,12.0,0.05999999865889549,0.1080000028014183,0.10999999940395355,0.3076511323451996,1.3494465351104736,288.8203430175781,0.2828819751739502,266.24578857421875,249.77464294433594,2.7354323863983154,2.8213014602661133,300.0,0.134500003730257
20170904.0,1.409999966621399,40.0,12.0,0.05999999865889549,0.1080000028014183,0.10999999940395355,0.3076511323451996,1.3494465351104736,292.4988708496094,0.2932537794113159,262.9564208984375,243.4021453857422,1.1726099252700806,2.1831462383270264,300.0,0.126833334565163
20170905.0,1.409999966621399,40.0,12.0,0.05999999865889549,0.1080000028014183,0.10999999940395355,0.3076511323451996,1.3494465351104736,295.0658264160156,0.299480676651001,270.49420166015625,253.13079833984375,0.0416678860783577,2.728255033493042,300.0,0.124000001077851
20170907.0,1.409999966621399,40.0,12.0,0.05999999865889549,0.1080000028014183,0.10999999940395355,0.3076511323451996,1.3494465351104736,289.9564208984375,0.30234065651893616,272.99896240234375,257.4090270996094,0.03376596421003342,1.925244927406311,300.0,0.114250000566244
20170910.0,1.409999966621399,40.0,12.0,0.05999999865889549,0.1080000028014183,0.10999999940395355,0.3076511323451996,1.3494465351104736,287.5751953125,0.29425403475761414,254.21844482421875,233.31924438476562,8.967432975769043,2.508218288421631,300.0,0.186791665231188
20170912.0,1.409999966621399,40.0,12.0,0.05999999865889549,0.1080000028014183,0.10999999940395355,0.3076511323451996,1.3494465351104736,289.0000305175781,0.2893019914627075,261.26385498046875,242.62123107910156,1.7829080820083618,2.433983087539673,300.0,0.197750000904004
20170913.0,1.409999966621399,40.0,12.0,0.05999999865889549,0.1080000028014183,0.10999999940395355,0.3076511323451996,1.3494465351104736,291.3796691894531,0.2868381142616272,264.55352783203125,246.02420043945312,0.008418957702815533,2.3444344997406006,300.0,0.18900000055631
20170915.0,1.409999966621399,40.0,12.0,0.05999999865889549,0.1080000028014183,0.10999999940395355,0.3076511323451996,1.3494465351104736,287.57415771484375,0.28184711933135986,264.8623962402344,248.82928466796875,1.6006171703338623,1.9731667041778564,300.0,0.172416664039095
20170918.0,1.409999966621399,40.0,12.0,0.05999999865889549,0.1080000028014183,0.10999999940395355,0.3076511323451996,1.3494465351104736,286.3252258300781,0.274291068315506,256.0761413574219,234.74818420410156,8.538928985595703,1.4646480083465576,300.0,0.15699999841551
20170920.0,1.409999966621399,40.0,12.0,0.05999999865889549,0.1080000028014183,0.10999999940395355,0.3076511323451996,1.3494465351104736,287.4366455078125,0.2692548632621765,260.91387939453125,241.12295532226562,0.0,2.3925135135650635,300.0,0.159416666254401
20170921.0,1.409999966621399,40.0,12.0,0.05999999865889549,0.1080000028014183,0.10999999940395355,0.3076511323451996,1.3494465351104736,289.22967529296875,0.26681116223335266,263.07501220703125,245.2161407470703,0.0,2.7405149936676025,300.0,0.151666665449739
20170923.0,1.409999966621399,40.0,12.0,0.05999999865889549,0.1080000028014183,0.10999999940395355,0.3076511323451996,1.3494465351104736,291.29547119140625,0.2612786591053009,268.1734619140625,254.03997802734375,0.003744496265426278,2.404249668121338,300.0,0.137249999369184
20170926.0,1.409999966621399,40.0,12.0,0.05999999865889549,0.1080000028014183,0.10999999940395355,0.3076511323451996,1.3494465351104736,288.48455810546875,0.2521701157093048,259.545166015625,240.850830078125,0.2596210241317749,1.73340904712677,300.0,0.154750000685453
20170928.0,1.409999966621399,40.0,12.0,0.05999999865889549,0.1080000028014183,0.10999999940395355,0.3076511323451996,1.3494465351104736,291.857666015625,0.2465071678161621,269.242919921875,253.60324096679688,0.002576598199084401,2.0167806148529053,300.0,0.149833333368103
20170929.0,1.409999966621399,40.0,12.0,0.05999999865889549,0.1080000028014183,0.10999999940395355,0.3076511323451996,1.3494465351104736,292.4001770019531,0.2422538548707962,269.5331726074219,256.2336730957031,0.0017346276436001062,2.0464420318603516,300.0,0.144999999552965
20171001.0,1.409999966621399,40.0,12.0,0.05999999865889549,0.1080000028014183,0.10999999940395355,0.3076511323451996,1.3494465351104736,289.0380554199219,0.24719519913196564,258.3173522949219,240.26101684570312,1.730245590209961,1.5770784616470337,300.0,0.178375003238519
20171004.0,1.409999966621399,40.0,12.0,0.05999999865889549,0.1080000028014183,0.10999999940395355,0.3076511323451996,1.3494465351104736,291.8839416503906,0.2721090018749237,257.9677734375,238.31246948242188,0.050956275314092636,1.697851300239563,300.0,0.234875001013279
20171006.0,1.409999966621399,40.0,12.0,0.05999999865889549,0.1080000028014183,0.10999999940395355,0.3076511323451996,1.3494465351104736,286.94342041015625,0.28822454810142517,264.36895751953125,245.5634307861328,3.3082261085510254,1.9353764057159424,300.0,0.216416666905085
20171007.0,1.409999966621399,40.0,12.0,0.05999999865889549,0.1080000028014183,0.10999999940395355,0.3076511323451996,1.3494465351104736,285.37921142578125,0.2965601682662964,260.50958251953125,242.30747985839844,0.000858306884765625,1.8784878253936768,300.0,0.20970833239456
20171009.0,1.409999966621399,40.0,12.0,0.05999999865889549,0.1080000028014183,0.10999999940395355,0.3076511323451996,1.3494465351104736,286.9371643066406,0.311149001121521,264.61724853515625,250.17153930664062,0.25351449847221375,1.0852046012878418,300.0,0.18970833470424
20171012.0,1.409999966621399,40.0,12.0,0.05999999865889549,0.1080000028014183,0.10999999940395355,0.3076511323451996,1.3494465351104736,289.1690979003906,0.3303861618041992,270.06640625,258.674072265625,0.014982753433287144,1.6412086486816406,300.0,0.168500001231829
20171014.0,1.409999966621399,40.0,12.0,0.05999999865889549,0.1080000028014183,0.10999999940395355,0.3076511323451996,1.3494465351104736,291.0871887207031,0.34317511320114136,271.26971435546875,258.8277893066406,0.006256633438169956,1.4135478734970093,300.0,0.154583333681027
20171015.0,1.409999966621399,40.0,12.0,0.05999999865889549,0.1080000028014183,0.10999999940395355,0.3076511323451996,1.3494465351104736,292.7066345214844,0.3505239188671112,271.5045166015625,262.66632080078125,0.010045104660093784,1.5124036073684692,300.0,0.149833330263694
20171017.0,1.409999966621399,40.0,12.0,0.05999999865889549,0.1080000028014183,0.10999999940395355,0.3076511323451996,1.3494465351104736,291.5615234375,0.35653865337371826,272.7080383300781,260.99176025390625,0.01931210421025753,1.4269384145736694,300.0,0.140000000596046
20171020.0,1.409999966621399,40.0,12.0,0.05999999865889549,0.1080000028014183,0.10999999940395355,0.3076511323451996,1.3494465351104736,290.1233215332031,0.35432174801826477,264.7161865234375,252.70291137695312,0.23164299130439758,1.3661397695541382,300.0,0.136083335305254
20171022.0,1.409999966621399,40.0,12.0,0.05999999865889549,0.1080000028014183,0.10999999940395355,0.3076511323451996,1.3494465351104736,284.93072509765625,0.3532763123512268,261.515869140625,247.674072265625,3.0367166996002197,1.6470831632614136,300.0,0.135166672368844
20171023.0,1.409999966621399,40.0,12.0,0.05999999865889549,0.1080000028014183,0.10999999940395355,0.3076511323451996,1.3494465351104736,285.5575866699219,0.352573961019516,263.8384704589844,245.52923583984375,0.0929429829120636,1.3191661834716797,300.0,0.134833338359992
20171025.0,1.409999966621399,40.0,12.0,0.05999999865889549,0.1080000028014183,0.10999999940395355,0.3076511323451996,1.3494465351104736,288.5037841796875,0.35286179184913635,270.4786376953125,258.3365478515625,0.0,1.638368844985962,300.0,0.131458331520359
20171028.0,1.409999966621399,40.0,12.0,0.05999999865889549,0.1080000028014183,0.10999999940395355,0.3076511323451996,1.3494465351104736,285.397216796875,0.35547420382499695,269.7391357421875,256.6218566894531,0.04159846529364586,1.0851728916168213,300.0,0.124416667347153
20171030.0,1.409999966621399,40.0,12.0,0.05999999865889549,0.1080000028014183,0.10999999940395355,0.3076511323451996,1.3494465351104736,284.4396667480469,0.35714417695999146,267.8130798339844,255.11602783203125,1.9739089012145996,1.234321117401123,300.0,0.124833333616455
20171102.0,1.409999966621399,40.0,12.0,0.05999999865889549,0.1080000028014183,0.10999999940395355,0.3076511323451996,1.3494465351104736,287.9510803222656,0.35969609022140503,268.7298583984375,254.93524169921875,0.002191397827118635,0.8307318687438965,300.0,0.123083334416151
20171105.0,1.409999966621399,40.0,12.0,0.05999999865889549,0.1080000028014183,0.10999999940395355,0.3076511323451996,1.3494465351104736,283.1936340332031,0.36236828565597534,259.9456787109375,241.79550170898438,20.249563217163086,1.778401255607605,300.0,0.120874999091029
20171108.0,1.409999966621399,40.0,12.0,0.05999999865889549,0.1080000028014183,0.10999999940395355,0.3076511323451996,1.3494465351104736,278.495849609375,0.3644823133945465,256.2240905761719,240.9561767578125,5.3900275230407715,1.2189979553222656,300.0,0.121375000104308
20171110.0,1.409999966621399,40.0,12.0,0.05999999865889549,0.1080000028014183,0.10999999940395355,0.3076511323451996,1.3494465351104736,280.5108947753906,0.37310636043548584,250.2975616455078,231.66259765625,1.031387209892273,0.5116828680038452,300.0,0.217875000089407
20171113.0,1.409999966621399,40.0,12.0,0.05999999865889549,0.1080000028014183,0.10999999940395355,0.3076511323451996,1.3494465351104736,278.8686828613281,0.3970322608947754,250.442626953125,228.741455078125,1.06955087184906,1.2554113864898682,300.0,0.236875000099341
20171115.0,1.409999966621399,40.0,12.0,0.05999999865889549,0.1080000028014183,0.10999999940395355,0.3076511323451996,1.3494465351104736,276.8946228027344,0.41201895475387573,254.4464111328125,235.85662841796875,0.0012934207916259766,0.7474795579910278,300.0,0.218791663646698
20171116.0,1.409999966621399,40.0,12.0,0.05999999865889549,0.1080000028014183,0.10999999940395355,0.3076511323451996,1.3494465351104736,277.05975341796875,0.4224628508090973,254.31320190429688,235.8558807373047,0.0017258170992136002,0.7155498266220093,300.0,0.214500002563
20171118.0,1.409999966621399,40.0,12.0,0.05999999865889549,0.1080000028014183,0.10999999940395355,0.3076511323451996,1.3494465351104736,277.3998107910156,0.4159694015979767,255.5901641845703,237.05062866210938,0.0051590995863080025,0.5353310704231262,300.0,0.207791670536002
20171121.0,1.409999966621399,40.0,12.0,0.05999999865889549,0.1080000028014183,0.10999999940395355,0.3076511323451996,1.3494465351104736,279.62286376953125,0.371453195810318,255.22207641601562,237.49026489257812,0.00043511379044502974,0.6328836679458618,300.0,0.20245833384494
20171123.0,1.409999966621399,40.0,12.0,0.05999999865889549,0.1080000028014183,0.10999999940395355,0.3076511323451996,1.3494465351104736,285.9441833496094,0.34399721026420593,260.2963562011719,239.39120483398438,0.0015159700997173786,0.8339226841926575,300.0,0.199500001966953
20171124.0,1.409999966621399,40.0,12.0,0.05999999865889549,0.1080000028014183,0.10999999940395355,0.3076511323451996,1.3494465351104736,286.3018493652344,0.3281565010547638,261.7437744140625,245.5028076171875,0.19508560001850128,0.6034479141235352,300.0,0.198208332682649
20171126.0,1.409999966621399,40.0,12.0,0.05999999865889549,0.1080000028014183,0.10999999940395355,0.3076511323451996,1.3494465351104736,277.3586730957031,0.31769782304763794,249.5360565185547,230.1572723388672,1.8788670301437378,0.922836184501648,300.0,0.23504166615506
20171129.0,1.409999966621399,40.0,12.0,0.05999999865889549,0.1080000028014183,0.10999999940395355,0.3076511323451996,1.3494465351104736,278.070556640625,0.3290863633155823,252.24673461914062,231.85946655273438,1.9057817459106445,0.5191442966461182,300.0,0.227708332861463
20171201.0,1.409999966621399,40.0,12.0,0.05999999865889549,0.1080000028014183,0.10999999940395355,0.3076511323451996,1.3494465351104736,275.322509765625,0.3355809152126312,253.00991821289062,232.61752319335938,7.602212905883789,0.8871937990188599,300.0,0.22191666935881
20171202.0,1.409999966621399,40.0,12.0,0.05999999865889549,0.1080000028014183,0.10999999940395355,0.3076511323451996,1.3494465351104736,273.9226989746094,0.33961623907089233,251.04165649414062,231.84698486328125,1.1276640892028809,0.8533669710159302,300.0,0.220374999567866
20171207.0,1.409999966621399,40.0,12.0,0.05999999865889549,0.1080000028014183,0.10999999940395355,0.3076511323451996,1.3494465351104736,278.1070861816406,0.33199411630630493,253.9979705810547,239.31057739257812,0.15625117719173431,0.4000767171382904,300.0,0.225333329290152
20171209.0,1.409999966621399,40.0,12.0,0.05999999865889549,0.1080000028014183,0.10999999940395355,0.3076511323451996,1.3494465351104736,276.5650939941406,0.32661858201026917,250.87051391601562,230.09347534179688,4.226881980895996,0.7770376801490784,300.0,0.237083332613111
20171210.0,1.409999966621399,40.0,12.0,0.05999999865889549,0.1080000028014183,0.10999999940395355,0.3076511323451996,1.3494465351104736,279.6747741699219,0.3245302438735962,241.49908447265625,218.04054260253906,15.060546875,0.6630780100822449,300.0,0.260333330680927
20171212.0,1.409999966621399,40.0,12.0,0.05999999865889549,0.1080000028014183,0.10999999940395355,0.3076511323451996,1.3494465351104736,276.4506530761719,0.31478390097618103,241.28189086914062,219.89804077148438,1.1647980213165283,0.6363740563392639,300.0,0.244666667034229
20171215.0,1.409999966621399,40.0,12.0,0.05999999865889549,0.1080000028014183,0.10999999940395355,0.3076511323451996,1.3494465351104736,279.64569091796875,0.293140709400177,237.99072265625,213.52871704101562,17.213272094726562,1.3572512865066528,300.0,0.261416666209698
20171217.0,1.409999966621399,40.0,12.0,0.05999999865889549,0.1080000028014183,0.10999999940395355,0.3076511323451996,1.3494465351104736,275.87908935546875,0.27944865822792053,241.52993774414062,218.2904052734375,2.974184513092041,0.41156911849975586,300.0,0.240624996523062
20171218.0,1.409999966621399,40.0,12.0,0.05999999865889549,0.1080000028014183,0.10999999940395355,0.3076511323451996,1.3494465351104736,278.6192932128906,0.2711624801158905,241.72573852539062,218.91949462890625,15.091050148010254,0.3858685791492462,300.0,0.259708330656091
20171220.0,1.409999966621399,40.0,12.0,0.05999999865889549,0.1080000028014183,0.10999999940395355,0.3076511323451996,1.3494465351104736,276.8970031738281,0.26849445700645447,241.1451416015625,219.01930236816406,0.06803115457296371,0.4195452332496643,300.0,0.240499996269743
20171223.0,1.409999966621399,40.0,12.0,0.05999999865889549,0.1080000028014183,0.10999999940395355,0.3076511323451996,1.3494465351104736,280.198974609375,0.28237462043762207,243.9113311767578,221.68063354492188,0.14787833392620087,0.39936551451683044,300.0,0.250999994575977
20171225.0,1.409999966621399,40.0,12.0,0.05999999865889549,0.1080000028014183,0.10999999940395355,0.3076511323451996,1.3494465351104736,277.4404602050781,0.29115310311317444,243.9920196533203,220.3704833984375,0.005620827432721853,0.4445793628692627,300.0,0.238041668509444
20171226.0,1.409999966621399,40.0,12.0,0.05999999865889549,0.1080000028014183,0.10999999940395355,0.3076511323451996,1.3494465351104736,279.816650390625,0.2951853275299072,240.9638671875,218.9334259033203,1.4027488231658936,0.7020018100738525,300.0,0.241125001261632
20171228.0,1.409999966621399,40.0,12.0,0.05999999865889549,0.1080000028014183,0.10999999940395355,0.3076511323451996,1.3494465351104736,276.3912658691406,0.30678102374076843,237.06881713867188,213.7623291015625,2.0830695629119873,0.5487938523292542,300.0,0.251124999175469
20180102.0,1.409999966621399,40.0,12.0,0.05999999865889549,0.1080000028014183,0.10999999940395355,0.3076511323451996,1.3494465351104736,281.70263671875,0.11981657892465591,239.82839965820312,211.36094665527344,9.83452320098877,0.5600754022598267,300.0,0.265999996413787
20180103.0,1.409999966621399,40.0,12.0,0.05999999865889549,0.1080000028014183,0.10999999940395355,0.3076511323451996,1.3494465351104736,284.9396667480469,0.12478908896446228,239.722412109375,217.71328735351562,9.569769859313965,1.7300159931182861,300.0,0.26404166718324
20180105.0,1.409999966621399,40.0,12.0,0.05999999865889549,0.1080000028014183,0.10999999940395355,0.3076511323451996,1.3494465351104736,283.916748046875,0.12177947163581848,242.2314453125,215.5526123046875,1.671790361404419,0.5910709500312805,300.0,0.244625000904004
20180111.0,1.409999966621399,40.0,12.0,0.05999999865889549,0.1080000028014183,0.10999999940395355,0.3076511323451996,1.3494465351104736,278.8783264160156,0.03524157032370567,230.89508056640625,206.0771484375,2.5009710788726807,1.0492894649505615,300.0,0.261875001092752
20180113.0,1.409999966621399,40.0,12.0,0.05999999865889549,0.1080000028014183,0.10999999940395355,0.3076511323451996,1.3494465351104736,277.6098327636719,0.0,234.4005126953125,208.857421875,0.006217823829501867,0.6822687983512878,300.0,0.24258333320419
20180116.0,1.409999966621399,40.0,12.0,0.05999999865889549,0.1080000028014183,0.10999999940395355,0.3076511323451996,1.3494465351104736,282.4758605957031,0.0,239.09190368652344,211.87362670898438,6.516809463500977,1.6107255220413208,300.0,0.245791669314106
20180118.0,1.409999966621399,40.0,12.0,0.05999999865889549,0.1080000028014183,0.10999999940395355,0.3076511323451996,1.3494465351104736,280.45263671875,0.0,235.0408935546875,208.13272094726562,0.15493187308311462,0.712961733341217,300.0,0.250291662290692
20180119.0,1.409999966621399,40.0,12.0,0.05999999865889549,0.1080000028014183,0.10999999940395355,0.3076511323451996,1.3494465351104736,281.5724792480469,0.0,233.77084350585938,210.41751098632812,7.013006687164307,1.3999648094177246,300.0,0.261375001321236
20180124.0,1.409999966621399,40.0,12.0,0.05999999865889549,0.1080000028014183,0.10999999940395355,0.3076511323451996,1.3494465351104736,282.90374755859375,0.0,235.94134521484375,209.4040985107422,0.011711467988789082,0.9482966065406799,300.0,0.254000003139178
20180126.0,1.409999966621399,40.0,12.0,0.05999999865889549,0.1080000028014183,0.10999999940395355,0.3076511323451996,1.3494465351104736,279.2237243652344,0.0,230.34780883789062,206.86709594726562,13.951927185058594,1.2084569931030273,300.0,0.285250003139178
20180127.0,1.409999966621399,40.0,12.0,0.05999999865889549,0.1080000028014183,0.10999999940395355,0.3076511323451996,1.3494465351104736,277.57537841796875,0.0,232.04843139648438,208.995849609375,2.329728364944458,0.851731538772583,300.0,0.271666667113702
20180129.0,1.409999966621399,40.0,12.0,0.05999999865889549,0.1080000028014183,0.10999999940395355,0.3076511323451996,1.3494465351104736,278.9698486328125,0.0,234.5646209716797,208.35304260253906,0.00419391505420208,0.58734130859375,300.0,0.254874999324481
20180201.0,1.409999966621399,40.0,12.0,0.05999999865889549,0.1080000028014183,0.10999999940395355,0.3076511323451996,1.3494465351104736,278.3599548339844,0.0,233.04989624023438,206.32186889648438,10.085693359375,1.01160728931427,300.0,0.269583332662781
20180203.0,1.409999966621399,40.0,12.0,0.05999999865889549,0.1080000028014183,0.10999999940395355,0.3076511323451996,1.3494465351104736,275.8048400878906,0.0,232.105712890625,206.17697143554688,7.631227493286133,0.9647985100746155,300.0,0.254749998450279
20180204.0,1.409999966621399,40.0,12.0,0.05999999865889549,0.1080000028014183,0.10999999940395355,0.3076511323451996,1.3494465351104736,278.1767883300781,0.0,232.37075805664062,208.444091796875,2.625645637512207,0.6928398013114929,300.0,0.259458330770334
20180206.0,1.409999966621399,40.0,12.0,0.05999999865889549,0.1080000028014183,0.10999999940395355,0.3076511323451996,1.3494465351104736,275.0424499511719,0.0,229.16989135742188,203.70423889160156,4.092487335205078,0.929325520992279,300.0,0.276875000447035
20180211.0,1.409999966621399,40.0,12.0,0.05999999865889549,0.1080000028014183,0.10999999940395355,0.3076511323451996,1.3494465351104736,276.9475402832031,0.0,237.13232421875,213.8571014404297,10.27143383026123,0.3213955760002136,300.0,0.262208335101604
20180212.0,1.409999966621399,40.0,12.0,0.05999999865889549,0.1080000028014183,0.10999999940395355,0.3076511323451996,1.3494465351104736,276.8037109375,0.0,232.87869262695312,208.15994262695312,2.500459909439087,1.2348066568374634,300.0,0.270541664212942
20180214.0,1.409999966621399,40.0,12.0,0.05999999865889549,0.1080000028014183,0.10999999940395355,0.3076511323451996,1.3494465351104736,276.48468017578125,0.0,234.7369842529297,209.34422302246094,9.919119834899902,0.4019940495491028,300.0,0.277666666855415
20180217.0,1.409999966621399,40.0,12.0,0.05999999865889549,0.1080000028014183,0.10999999940395355,0.3076511323451996,1.3494465351104736,281.724853515625,0.0,236.3052520751953,212.02706909179688,12.12137508392334,1.4275736808776855,300.0,0.275124999384085
20180219.0,1.409999966621399,40.0,12.0,0.05999999865889549,0.1080000028014183,0.10999999940395355,0.3076511323451996,1.3494465351104736,280.0559997558594,0.0,236.5111541748047,211.5037841796875,0.8124587535858154,0.8694486618041992,300.0,0.263249998291333
20180220.0,1.409999966621399,40.0,12.0,0.05999999865889549,0.1080000028014183,0.10999999940395355,0.3076511323451996,1.3494465351104736,280.6147766113281,0.00047397069283761084,233.821044921875,210.3832550048828,16.359928131103516,0.5159137845039368,300.0,0.288625000665585
20180222.0,1.409999966621399,40.0,12.0,0.05999999865889549,0.1080000028014183,0.10999999940395355,0.3076511323451996,1.3494465351104736,275.4285583496094,0.030041905120015144,233.73196411132812,208.36529541015625,0.24533827602863312,1.000281572341919,300.0,0.264499999582767
20180225.0,1.409999966621399,40.0,12.0,0.05999999865889549,0.1080000028014183,0.10999999940395355,0.3076511323451996,1.3494465351104736,277.3672790527344,0.07860264182090759,238.683837890625,215.39453125,0.009409586898982525,1.2858469486236572,300.0,0.246666664878527
20180302.0,1.409999966621399,40.0,12.0,0.05999999865889549,0.1080000028014183,0.10999999940395355,0.3076511323451996,1.3494465351104736,281.6397705078125,0.0157992672175169,230.22702026367188,205.80667114257812,8.115899085998535,2.4197940826416016,300.0,0.265041666726271
20180305.0,1.409999966621399,40.0,12.0,0.05999999865889549,0.1080000028014183,0.10999999940395355,0.3076511323451996,1.3494465351104736,280.78155517578125,0.0,241.3658447265625,217.20547485351562,2.861816167831421,1.0001490116119385,300.0,0.245083338270585
20180307.0,1.409999966621399,40.0,12.0,0.05999999865889549,0.1080000028014183,0.10999999940395355,0.3076511323451996,1.3494465351104736,279.4775390625,0.0,238.59927368164062,214.23370361328125,1.007991909980774,1.6312994956970215,300.0,0.251333329205712
20180308.0,1.409999966621399,40.0,12.0,0.05999999865889549,0.1080000028014183,0.10999999940395355,0.3076511323451996,1.3494465351104736,280.07928466796875,0.0,237.00143432617188,212.88760375976562,0.0017106530722230673,1.3383883237838745,300.0,0.245874999711911
20180310.0,1.409999966621399,40.0,12.0,0.05999999865889549,0.1080000028014183,0.10999999940395355,0.3076511323451996,1.3494465351104736,286.75048828125,0.0,246.40646362304688,225.497802734375,0.8102195858955383,2.018838882446289,300.0,0.237291670093934
20180313.0,1.409999966621399,40.0,12.0,0.05999999865889549,0.1080000028014183,0.10999999940395355,0.3076511323451996,1.3494465351104736,281.7582702636719,0.0,244.88519287109375,224.12600708007812,0.6418237686157227,1.5738524198532104,300.0,0.243916666756074
20180315.0,1.409999966621399,40.0,12.0,0.05999999865889549,0.1080000028014183,0.10999999940395355,0.3076511323451996,1.3494465351104736,284.1900939941406,0.0,253.91531372070312,233.4005126953125,2.2240450382232666,2.0994303226470947,300.0,0.230874997253219
20180316.0,1.409999966621399,40.0,12.0,0.05999999865889549,0.1080000028014183,0.10999999940395355,0.3076511323451996,1.3494465351104736,280.6437683105469,0.0,252.57089233398438,233.95361328125,0.9557791352272034,1.085422396659851,300.0,0.224541665365299
20180318.0,1.409999966621399,40.0,12.0,0.05999999865889549,0.1080000028014183,0.10999999940395355,0.3076511323451996,1.3494465351104736,279.9822082519531,0.0,246.60011291503906,224.77609252929688,7.515752792358398,1.9826059341430664,300.0,0.219291664039095
20180321.0,1.409999966621399,40.0,12.0,0.05999999865889549,0.1080000028014183,0.10999999940395355,0.3076511323451996,1.3494465351104736,276.8314514160156,0.0,243.0584259033203,220.80699157714844,0.15929056704044342,2.2527589797973633,300.0,0.250500001013279
20180323.0,1.409999966621399,40.0,12.0,0.05999999865889549,0.1080000028014183,0.10999999940395355,0.3076511323451996,1.3494465351104736,278.8463134765625,0.0,247.04681396484375,226.60333251953125,0.00011603037273744121,1.8499504327774048,300.0,0.232249998797973
20180324.0,1.409999966621399,40.0,12.0,0.05999999865889549,0.1080000028014183,0.10999999940395355,0.3076511323451996,1.3494465351104736,279.0203552246094,0.0,238.56983947753906,213.11318969726562,11.320738792419434,1.366762399673462,300.0,0.267260870855788
20180326.0,1.409999966621399,40.0,12.0,0.05999999865889549,0.1080000028014183,0.10999999940395355,0.3076511323451996,1.3494465351104736,281.44000244140625,0.0,240.57803344726562,217.04006958007812,7.52576208114624,1.8343214988708496,300.0,0.26941666379571
20180329.0,1.409999966621399,40.0,12.0,0.05999999865889549,0.1080000028014183,0.10999999940395355,0.3076511323451996,1.3494465351104736,283.99920654296875,0.0,239.63058471679688,216.00042724609375,3.8702847957611084,2.5126099586486816,300.0,0.272958332051833
20180331.0,1.409999966621399,40.0,12.0,0.05999999865889549,0.1080000028014183,0.10999999940395355,0.3076511323451996,1.3494465351104736,278.72332763671875,0.0,244.11572265625,222.31893920898438,10.986957550048828,1.9826977252960205,300.0,0.269291665405035
20180401.0,1.409999966621399,40.0,12.0,0.05999999865889549,0.1080000028014183,0.10999999940395355,0.3076511323451996,1.3494465351104736,282.7740478515625,0.0,238.85983276367188,215.23953247070312,0.24202585220336914,2.720980644226074,300.0,0.263791664193074
20180403.0,1.409999966621399,40.0,12.0,0.05999999865889549,0.1080000028014183,0.10999999940395355,0.3076511323451996,1.3494465351104736,286.456787109375,0.0,246.40530395507812,222.9305419921875,0.052198633551597595,2.2100086212158203,300.0,0.245249997203549
20180406.0,1.409999966621399,40.0,12.0,0.05999999865889549,0.1080000028014183,0.10999999940395355,0.3076511323451996,1.3494465351104736,285.8909606933594,0.0,253.6233673095703,232.9377899169922,0.0036478042602539062,3.0071375370025635,300.0,0.230583329995473
20180408.0,1.409999966621399,40.0,12.0,0.05999999865889549,0.1080000028014183,0.10999999940395355,0.3076511323451996,1.3494465351104736,284.0762023925781,0.0,259.88275146484375,239.32635498046875,20.422361373901367,1.5525263547897339,300.0,0.237124999985099
20180409.0,1.409999966621399,40.0,12.0,0.05999999865889549,0.1080000028014183,0.10999999940395355,0.3076511323451996,1.3494465351104736,285.72198486328125,0.0,245.05030822753906,223.26345825195312,16.422101974487305,2.7732415199279785,300.0,0.272541665782531
20180411.0,1.409999966621399,40.0,12.0,0.05999999865889549,0.1080000028014183,0.10999999940395355,0.3076511323451996,1.3494465351104736,283.1882019042969,0.0,246.16522216796875,222.73727416992188,16.13338851928711,2.925520658493042,300.0,0.270833334575097
20180414.0,1.409999966621399,40.0,12.0,0.05999999865889549,0.1080000028014183,0.10999999940395355,0.3076511323451996,1.3494465351104736,284.7355041503906,0.0,250.54896545410156,225.72288513183594,3.3587334156036377,1.6590392589569092,300.0,0.249958326419195
20180416.0,1.409999966621399,40.0,12.0,0.05999999865889549,0.1080000028014183,0.10999999940395355,0.3076511323451996,1.3494465351104736,284.861572265625,0.0,255.04489135742188,230.83447265625,0.5776679515838623,1.5618265867233276,300.0,0.231708332275351
20180417.0,1.409999966621399,40.0,12.0,0.05999999865889549,0.1080000028014183,0.10999999940395355,0.3076511323451996,1.3494465351104736,287.4390563964844,0.0,255.57720947265625,234.92379760742188,0.000858306884765625,3.455935001373291,300.0,0.222583331167698
20180419.0,1.409999966621399,40.0,12.0,0.05999999865889549,0.1080000028014183,0.10999999940395355,0.3076511323451996,1.3494465351104736,290.20159912109375,0.0,263.49859619140625,242.48712158203125,0.00043511384865269065,5.1960554122924805,300.0,0.188375001773238
20180422.0,1.409999966621399,40.0,12.0,0.05999999865889549,0.1080000028014183,0.10999999940395355,0.3076511323451996,1.3494465351104736,291.4725036621094,0.0,266.6622314453125,251.25326538085938,0.0,3.9566385746002197,300.0,0.150333331276973
20180424.0,1.409999966621399,40.0,12.0,0.05999999865889549,0.1080000028014183,0.10999999940395355,0.3076511323451996,1.3494465351104736,292.13995361328125,0.0,268.61578369140625,251.45700073242188,0.0019163555698469281,3.7982919216156006,300.0,0.144666666164994
20180425.0,1.409999966621399,40.0,12.0,0.05999999865889549,0.1080000028014183,0.10999999940395355,0.3076511323451996,1.3494465351104736,287.6028747558594,0.0,272.2164001464844,254.10919189453125,0.25927457213401794,1.3885661363601685,300.0,0.139791666840514
20180427.0,1.409999966621399,40.0,12.0,0.05999999865889549,0.1080000028014183,0.10999999940395355,0.3076511323451996,1.3494465351104736,287.28009033203125,0.0,267.25537109375,250.47413635253906,0.4499179720878601,3.370180130004883,300.0,0.135250002145767
20180430.0,1.409999966621399,40.0,12.0,0.05999999865889549,0.1080000028014183,0.10999999940395355,0.3076511323451996,1.3494465351104736,284.55584716796875,0.0,254.89686584472656,230.22323608398438,3.801175355911255,3.2258822917938232,300.0,0.244500000650684
20180502.0,1.409999966621399,40.0,12.0,0.05999999865889549,0.1080000028014183,0.10999999940395355,0.3076511323451996,1.3494465351104736,285.4345397949219,0.0,253.2072296142578,227.55856323242188,0.32873430848121643,3.731024980545044,300.0,0.233125000571211
20180503.0,1.409999966621399,40.0,12.0,0.05999999865889549,0.1080000028014183,0.10999999940395355,0.3076511323451996,1.3494465351104736,284.1319885253906,0.0,258.6253356933594,235.79290771484375,4.313046932220459,2.02740478515625,300.0,0.218958334997296
20180508.0,1.409999966621399,40.0,12.0,0.05999999865889549,0.1080000028014183,0.10999999940395355,0.3076511323451996,1.3494465351104736,288.8546447753906,0.0,255.51376342773438,231.02081298828125,12.464259147644043,2.3279314041137695,300.0,0.198666666944822
20180510.0,1.409999966621399,40.0,12.0,0.05999999865889549,0.1080000028014183,0.10999999940395355,0.3076511323451996,1.3494465351104736,286.2353820800781,0.0,257.9566650390625,230.54933166503906,0.3454808294773102,2.9469687938690186,300.0,0.188541666915019
20180513.0,1.409999966621399,40.0,12.0,0.05999999865889549,0.1080000028014183,0.10999999940395355,0.3076511323451996,1.3494465351104736,282.71343994140625,0.0,247.14727783203125,223.84231567382812,12.328277587890625,3.359539270401001,300.0,0.267666670183341
20180516.0,1.409999966621399,40.0,12.0,0.05999999865889549,0.1080000028014183,0.10999999940395355,0.3076511323451996,1.3494465351104736,285.9746398925781,0.0,247.90792846679688,222.756591796875,0.8087405562400818,2.1853113174438477,300.0,0.264125000685453
20180518.0,1.409999966621399,40.0,12.0,0.05999999865889549,0.1080000028014183,0.10999999940395355,0.3076511323451996,1.3494465351104736,290.19903564453125,0.0,255.21002197265625,226.92935180664062,0.38331469893455505,3.4393086433410645,300.0,0.242625003059705
20180519.0,1.409999966621399,40.0,12.0,0.05999999865889549,0.1080000028014183,0.10999999940395355,0.3076511323451996,1.3494465351104736,290.85638427734375,0.0,255.68838500976562,231.31829833984375,0.6374128460884094,3.8484199047088623,300.0,0.231458331768711
20180521.0,1.409999966621399,40.0,12.0,0.05999999865889549,0.1080000028014183,0.10999999940395355,0.3076511323451996,1.3494465351104736,290.6894836425781,0.0,262.81317138671875,237.76026916503906,0.2763676941394806,4.154860973358154,300.0,0.204916666572293
20180524.0,1.409999966621399,40.0,12.0,0.05999999865889549,0.1080000028014183,0.10999999940395355,0.3076511323451996,1.3494465351104736,292.810791015625,0.0,269.33038330078125,247.2296600341797,0.1358557492494583,4.037166118621826,300.0,0.16658333192269
20180526.0,1.409999966621399,40.0,12.0,0.05999999865889549,0.1080000028014183,0.10999999940395355,0.3076511323451996,1.3494465351104736,292.1072998046875,0.0,269.64776611328125,249.2095947265625,0.09107408672571182,4.9148101806640625,300.0,0.154125001902382
20180527.0,1.409999966621399,40.0,12.0,0.05999999865889549,0.1080000028014183,0.10999999940395355,0.3076511323451996,1.3494465351104736,292.9238586425781,0.0,272.08416748046875,252.90750122070312,1.0414972305297852,3.654646635055542,300.0,0.14866666868329
20180529.0,1.409999966621399,40.0,12.0,0.05999999865889549,0.1080000028014183,0.10999999940395355,0.3076511323451996,1.3494465351104736,291.52734375,0.0,253.29083251953125,229.94052124023438,15.454628944396973,2.715106248855591,300.0,0.255833332116405
20180601.0,1.409999966621399,40.0,12.0,0.05999999865889549,0.1080000028014183,0.10999999940395355,0.3076511323451996,1.3494465351104736,293.5028381347656,0.0,253.76797485351562,227.6475830078125,0.30406370759010315,4.468664169311523,300.0,0.251166667789221
20180603.0,1.409999966621399,40.0,12.0,0.05999999865889549,0.1080000028014183,0.10999999940395355,0.3076511323451996,1.3494465351104736,292.0164794921875,0.0,262.31988525390625,237.07989501953125,0.19018223881721497,3.6317057609558105,300.0,0.224249998728434
20180604.0,1.409999966621399,40.0,12.0,0.05999999865889549,0.1080000028014183,0.10999999940395355,0.3076511323451996,1.3494465351104736,292.91619873046875,0.0,263.72601318359375,242.45541381835938,1.0787931680679321,4.043319225311279,300.0,0.223333330204089
20180606.0,1.409999966621399,40.0,12.0,0.05999999865889549,0.1080000028014183,0.10999999940395355,0.3076511323451996,1.3494465351104736,289.5719299316406,0.0,248.7729949951172,223.693359375,2.7829785346984863,2.742631435394287,300.0,0.272416667391856
20180609.0,1.409999966621399,40.0,12.0,0.05999999865889549,0.1080000028014183,0.10999999940395355,0.3076511323451996,1.3494465351104736,294.78253173828125,0.0,260.70050048828125,235.9717559814453,0.010381009429693222,4.73505973815918,300.0,0.236124997958541
20180611.0,1.409999966621399,40.0,12.0,0.05999999865889549,0.1080000028014183,0.10999999940395355,0.3076511323451996,1.3494465351104736,291.4117736816406,0.0,247.29544067382812,218.75588989257812,19.936504364013672,2.9018118381500244,300.0,0.305708332608144
20180612.0,1.409999966621399,40.0,12.0,0.05999999865889549,0.1080000028014183,0.10999999940395355,0.3076511323451996,1.3494465351104736,289.6066589355469,0.0,249.96481323242188,223.1434326171875,11.755645751953125,2.827608585357666,300.0,0.29008333136638
20180614.0,1.409999966621399,40.0,12.0,0.05999999865889549,0.1080000028014183,0.10999999940395355,0.3076511323451996,1.3494465351104736,290.3355712890625,0.0,252.77078247070312,222.74343872070312,0.14488990604877472,4.020778179168701,300.0,0.269083333512147
20180617.0,1.409999966621399,40.0,12.0,0.05999999865889549,0.1080000028014183,0.10999999940395355,0.3076511323451996,1.3494465351104736,290.0765686035156,0.0,260.2582702636719,233.59512329101562,0.1332527995109558,3.069175958633423,300.0,0.242333334560196
20180619.0,1.409999966621399,40.0,12.0,0.05999999865889549,0.1080000028014183,0.10999999940395355,0.3076511323451996,1.3494465351104736,294.3460388183594,0.0,264.302001953125,241.97265625,0.02479807287454605,4.591431140899658,300.0,0.216125000889103
20180620.0,1.409999966621399,40.0,12.0,0.05999999865889549,0.1080000028014183,0.10999999940395355,0.3076511323451996,1.3494465351104736,296.366943359375,0.0,269.60101318359375,243.34039306640625,0.001352760591544211,5.474358558654785,300.0,0.19645833534499
20180622.0,1.409999966621399,40.0,12.0,0.05999999865889549,0.1080000028014183,0.10999999940395355,0.3076511323451996,1.3494465351104736,295.00311279296875,0.0,271.834716796875,251.1272430419922,0.0422845296561718,5.1028642654418945,300.0,0.167125000307957
20180625.0,1.409999966621399,40.0,12.0,0.05999999865889549,0.1080000028014183,0.10999999940395355,0.3076511323451996,1.3494465351104736,294.6550598144531,0.0,273.9774475097656,254.46319580078125,0.00170469272416085,5.227168083190918,300.0,0.142458334565163
20180627.0,1.409999966621399,40.0,12.0,0.05999999865889549,0.1080000028014183,0.10999999940395355,0.3076511323451996,1.3494465351104736,297.2528991699219,0.0,275.62896728515625,257.95806884765625,0.00043511379044502974,5.321391582489014,300.0,0.135708335787058
20180628.0,1.409999966621399,40.0,12.0,0.05999999865889549,0.1080000028014183,0.10999999940395355,0.3076511323451996,1.3494465351104736,295.3455810546875,0.0,274.497802734375,260.4504089355469,0.03765615075826645,3.8861827850341797,300.0,0.133416668822368
20180630.0,1.409999966621399,40.0,12.0,0.05999999865889549,0.1080000028014183,0.10999999940395355,0.3076511323451996,1.3494465351104736,297.03814697265625,0.0,276.8673095703125,259.9553527832031,0.002145766280591488,5.569429874420166,300.0,0.130874997625748
20180703.0,1.409999966621399,40.0,12.0,0.05999999865889549,0.1080000028014183,0.10999999940395355,0.3076511323451996,1.3494465351104736,297.7080383300781,0.0,279.16790771484375,261.7381286621094,2.1917564868927,4.286895751953125,300.0,0.127625000352661
20180705.0,1.409999966621399,40.0,12.0,0.05999999865889549,0.1080000028014183,0.10999999940395355,0.3076511323451996,1.3494465351104736,293.31475830078125,0.0,258.6224670410156,235.19590759277344,3.3773884773254395,3.817150592803955,300.0,0.219291666522622
20180706.0,1.409999966621399,40.0,12.0,0.05999999865889549,0.1080000028014183,0.10999999940395355,0.3076511323451996,1.3494465351104736,293.16656494140625,0.0,258.3966369628906,235.2989959716797,1.5626927614212036,4.088717460632324,300.0,0.224500000476837
20180708.0,1.409999966621399,40.0,12.0,0.05999999865889549,0.1080000028014183,0.10999999940395355,0.3076511323451996,1.3494465351104736,296.49005126953125,0.0,269.0719909667969,247.80227661132812,0.0,5.416406154632568,300.0,0.161791667963068
20180711.0,1.409999966621399,40.0,12.0,0.05999999865889549,0.1080000028014183,0.10999999940395355,0.3076511323451996,1.3494465351104736,295.5286865234375,0.0,276.2181396484375,260.2342529296875,0.00042617321014404297,5.094960689544678,300.0,0.127250000834465
20180713.0,1.409999966621399,40.0,12.0,0.05999999865889549,0.1080000028014183,0.10999999940395355,0.3076511323451996,1.3494465351104736,297.4394836425781,0.0,277.20977783203125,262.5097961425781,0.04726381227374077,4.341567039489746,300.0,0.124304350303567
20180714.0,1.409999966621399,40.0,12.0,0.05999999865889549,0.1080000028014183,0.10999999940395355,0.3076511323451996,1.3494465351104736,297.812744140625,0.0,265.47015380859375,245.75152587890625,3.3550572395324707,3.931269645690918,300.0,0.226523810199329
20180716.0,1.409999966621399,40.0,12.0,0.05999999865889549,0.1080000028014183,0.10999999940395355,0.3076511323451996,1.3494465351104736,292.70794677734375,0.0,254.3762969970703,235.64389038085938,22.65106964111328,2.8772382736206055,300.0,0.277166666463017
20180719.0,1.409999966621399,40.0,12.0,0.05999999865889549,0.1080000028014183,0.10999999940395355,0.3076511323451996,1.3494465351104736,297.3680114746094,0.0,258.1423645019531,237.5945281982422,0.000565437541808933,4.916764259338379,300.0,0.249166663736105
20180721.0,1.409999966621399,40.0,12.0,0.05999999865889549,0.1080000028014183,0.10999999940395355,0.3076511323451996,1.3494465351104736,292.5549621582031,0.0,254.14329528808594,233.1275634765625,0.16474081575870514,3.7358744144439697,300.0,0.258624999473492
20180722.0,1.409999966621399,40.0,12.0,0.05999999865889549,0.1080000028014183,0.10999999940395355,0.3076511323451996,1.3494465351104736,293.6529846191406,0.0,255.94284057617188,235.35601806640625,0.018080435693264008,4.127481460571289,300.0,0.246791663269202
20180724.0,1.409999966621399,40.0,12.0,0.05999999865889549,0.1080000028014183,0.10999999940395355,0.3076511323451996,1.3494465351104736,297.1911315917969,0.0,268.0218505859375,247.80914306640625,0.128436878323555,4.754048824310303,300.0,0.216333333402872
20180727.0,1.409999966621399,40.0,12.0,0.05999999865889549,0.1080000028014183,0.10999999940395355,0.3076511323451996,1.3494465351104736,299.9259338378906,0.0,274.46307373046875,257.3169250488281,9.580455780029297,4.5577826499938965,300.0,0.171499996756514
20180729.0,1.409999966621399,40.0,12.0,0.05999999865889549,0.1080000028014183,0.10999999940395355,0.3076511323451996,1.3494465351104736,297.78997802734375,0.0,274.0101318359375,259.4097900390625,0.12104855477809906,4.055706024169922,300.0,0.157041667650143
20180730.0,1.409999966621399,40.0,12.0,0.05999999865889549,0.1080000028014183,0.10999999940395355,0.3076511323451996,1.3494465351104736,298.949951171875,0.0,275.94024658203125,260.8131103515625,0.0,4.792603015899658,300.0,0.150291665146748
20180801.0,1.409999966621399,40.0,12.0,0.05999999865889549,0.1080000028014183,0.10999999940395355,0.3076511323451996,1.3494465351104736,299.3559265136719,0.0,278.18182373046875,264.06915283203125,0.05922509729862213,4.55841064453125,300.0,0.14158333465457
20180804.0,1.409999966621399,40.0,12.0,0.05999999865889549,0.1080000028014183,0.10999999940395355,0.3076511323451996,1.3494465351104736,300.9487609863281,0.0,280.41119384765625,266.61083984375,0.0025862455368041992,4.328649044036865,300.0,0.134416668986281
20180806.0,1.409999966621399,40.0,12.0,0.05999999865889549,0.1080000028014183,0.10999999940395355,0.3076511323451996,1.3494465351104736,301.376708984375,0.0,278.55255126953125,267.41680908203125,0.01641101762652397,4.09481954574585,300.0,0.13241666679581
20180807.0,1.409999966621399,40.0,12.0,0.05999999865889549,0.1080000028014183,0.10999999940395355,0.3076511323451996,1.3494465351104736,301.3017578125,0.0,279.2222900390625,268.8782958984375,2.295877695083618,3.8489785194396973,300.0,0.13024999635915
20180809.0,1.409999966621399,40.0,12.0,0.05999999865889549,0.1080000028014183,0.10999999940395355,0.3076511323451996,1.3494465351104736,294.87774658203125,0.0,277.76544189453125,266.88116455078125,1.1295613050460815,1.4889572858810425,300.0,0.127083336313566
20180812.0,1.409999966621399,40.0,12.0,0.05999999865889549,0.1080000028014183,0.10999999940395355,0.3076511323451996,1.3494465351104736,297.9999084472656,0.0,278.525146484375,264.71917724609375,1.1812922954559326,3.370650291442871,300.0,0.12591666697214
20180814.0,1.409999966621399,40.0,12.0,0.05999999865889549,0.1080000028014183,0.10999999940395355,0.3076511323451996,1.3494465351104736,293.3670349121094,0.0,269.843994140625,253.22149658203125,2.3234188556671143,2.5834219455718994,300.0,0.126958336681128
20180815.0,1.409999966621399,40.0,12.0,0.05999999865889549,0.1080000028014183,0.10999999940395355,0.3076511323451996,1.3494465351104736,296.37646484375,0.0,270.12493896484375,255.29489135742188,0.0012945618946105242,3.3161606788635254,300.0,0.126541666686535
20180817.0,1.409999966621399,40.0,12.0,0.05999999865889549,0.1080000028014183,0.10999999940395355,0.3076511323451996,1.3494465351104736,294.122802734375,0.0,263.89398193359375,248.43511962890625,3.353756904602051,2.531073570251465,300.0,0.12525000081708
20180820.0,1.409999966621399,40.0,12.0,0.05999999865889549,0.1080000028014183,0.10999999940395355,0.3076511323451996,1.3494465351104736,297.2102355957031,0.0,274.4471130371094,260.0388488769531,0.0,3.1448497772216797,300.0,0.125083334123095
20180822.0,1.409999966621399,40.0,12.0,0.05999999865889549,0.1080000028014183,0.10999999940395355,0.3076511323451996,1.3494465351104736,300.1761779785156,0.0,277.92120361328125,266.6891784667969,0.0023370978888124228,3.343442678451538,300.0,0.124000002009173
20180823.0,1.409999966621399,40.0,12.0,0.05999999865889549,0.1080000028014183,0.10999999940395355,0.3076511323451996,1.3494465351104736,297.9122314453125,0.0,278.8028564453125,267.2930908203125,5.780227184295654,2.629852294921875,300.0,0.122333333517114
20180825.0,1.409999966621399,40.0,12.0,0.05999999865889549,0.1080000028014183,0.10999999940395355,0.3076511323451996,1.3494465351104736,290.387939453125,0.0,271.5648193359375,257.5283508300781,3.358945608139038,1.8101500272750854,300.0,0.117916666902602
20180828.0,1.409999966621399,40.0,12.0,0.05999999865889549,0.1080000028014183,0.10999999940395355,0.3076511323451996,1.3494465351104736,297.02301025390625,0.0,275.6785888671875,263.652099609375,0.4278033971786499,2.878532648086548,300.0,0.117833332779507
20180830.0,1.409999966621399,40.0,12.0,0.05999999865889549,0.1080000028014183,0.10999999940395355,0.3076511323451996,1.3494465351104736,295.0190734863281,0.017926925793290138,276.30865478515625,263.2998352050781,0.0008523463038727641,2.4398014545440674,300.0,0.11554166674614
20180831.0,1.409999966621399,40.0,12.0,0.05999999865889549,0.1080000028014183,0.10999999940395355,0.3076511323451996,1.3494465351104736,294.6510925292969,0.019974783062934875,278.0574035644531,262.30474853515625,0.07374677062034607,2.010274648666382,300.0,0.114333333137135
20180902.0,1.409999966621399,40.0,12.0,0.05999999865889549,0.1080000028014183,0.10999999940395355,0.3076511323451996,1.3494465351104736,293.6337890625,0.028936954215168953,275.2016296386719,264.89141845703125,0.0,2.4794888496398926,300.0,0.112208333797753
20180905.0,1.409999966621399,40.0,12.0,0.05999999865889549,0.1080000028014183,0.10999999940395355,0.3076511323451996,1.3494465351104736,296.6308898925781,0.04108908027410507,276.28546142578125,266.21221923828125,1.8670228719711304,1.980841875076294,300.0,0.111958333291113
20180907.0,1.409999966621399,40.0,12.0,0.05999999865889549,0.1080000028014183,0.10999999940395355,0.3076511323451996,1.3494465351104736,292.6717224121094,0.055074118077754974,258.428466796875,237.97853088378906,1.9427441358566284,1.9959526062011719,300.0,0.168958335494002
20180908.0,1.409999966621399,40.0,12.0,0.05999999865889549,0.1080000028014183,0.10999999940395355,0.3076511323451996,1.3494465351104736,294.785888671875,0.06552620977163315,262.0089416503906,243.10610961914062,0.0,2.6581151485443115,300.0,0.189142855150359
20180910.0,1.409999966621399,40.0,12.0,0.05999999865889549,0.1080000028014183,0.10999999940395355,0.3076511323451996,1.3494465351104736,295.2534484863281,0.08512113243341446,271.3978576660156,253.56185913085938,0.394509494304657,2.1079843044281006,300.0,0.177166669939955
20180913.0,1.409999966621399,40.0,12.0,0.05999999865889549,0.1080000028014183,0.10999999940395355,0.3076511323451996,1.3494465351104736,294.90869140625,0.11580868810415268,267.6754455566406,252.6851806640625,0.5135325789451599,1.8085588216781616,300.0,0.150041669607162
20180915.0,1.409999966621399,40.0,12.0,0.05999999865889549,0.1080000028014183,0.10999999940395355,0.3076511323451996,1.3494465351104736,294.8345947265625,0.12783998250961304,272.4720458984375,255.61309814453125,0.0004410743713378906,1.843399167060852,300.0,0.14337499688069
20180916.0,1.409999966621399,40.0,12.0,0.05999999865889549,0.1080000028014183,0.10999999940395355,0.3076511323451996,1.3494465351104736,295.6933288574219,0.12882937490940094,274.12261962890625,259.01153564453125,0.0,2.171368360519409,300.0,0.137291666120291
20180918.0,1.409999966621399,40.0,12.0,0.05999999865889549,0.1080000028014183,0.10999999940395355,0.3076511323451996,1.3494465351104736,296.74627685546875,0.13295698165893555,276.90631103515625,262.92822265625,0.355602890253067,1.5129234790802002,300.0,0.127208335325122
20180921.0,1.409999966621399,40.0,12.0,0.05999999865889549,0.1080000028014183,0.10999999940395355,0.3076511323451996,1.3494465351104736,295.7268981933594,0.13769055902957916,277.82720947265625,265.36077880859375,0.01250810083001852,1.2855746746063232,300.0,0.118333333792786
20180923.0,1.409999966621399,40.0,12.0,0.05999999865889549,0.1080000028014183,0.10999999940395355,0.3076511323451996,1.3494465351104736,296.87384033203125,0.15472394227981567,275.63311767578125,264.0948181152344,0.2575750946998596,1.4368419647216797,300.0,0.115375000362595
20180924.0,1.409999966621399,40.0,12.0,0.05999999865889549,0.1080000028014183,0.10999999940395355,0.3076511323451996,1.3494465351104736,291.8667907714844,0.17144238948822021,269.95648193359375,257.4154052734375,2.6324665546417236,1.6882154941558838,300.0,0.113583334100743
20180926.0,1.409999966621399,40.0,12.0,0.05999999865889549,0.1080000028014183,0.10999999940395355,0.3076511323451996,1.3494465351104736,292.90325927734375,0.20173384249210358,274.1349182128906,261.74676513671875,0.00043511384865269065,1.1864527463912964,300.0,0.112208335039516
20180929.0,1.409999966621399,40.0,12.0,0.05999999865889549,0.1080000028014183,0.10999999940395355,0.3076511323451996,1.3494465351104736,294.2344970703125,0.25141361355781555,275.0108642578125,263.12713623046875,0.002934832591563463,1.140093207359314,300.0,0.109875000081956
20181002.0,1.409999966621399,40.0,12.0,0.05999999865889549,0.1080000028014183,0.10999999940395355,0.3076511323451996,1.3494465351104736,287.5835876464844,0.2259158194065094,272.7943420410156,259.31072998046875,0.0017074019415304065,0.9348938465118408,300.0,0.103624999523163
20181004.0,1.409999966621399,40.0,12.0,0.05999999865889549,0.1080000028014183,0.10999999940395355,0.3076511323451996,1.3494465351104736,291.6612548828125,0.1902191936969757,273.75390625,260.2087707519531,0.0,1.0631951093673706,300.0,0.10458333324641
20181007.0,1.409999966621399,40.0,12.0,0.05999999865889549,0.1080000028014183,0.10999999940395355,0.3076511323451996,1.3494465351104736,285.4538879394531,0.13631154596805573,253.8332977294922,231.42343139648438,6.443138122558594,2.0768399238586426,300.0,0.126916667136053
20181009.0,1.409999966621399,40.0,12.0,0.05999999865889549,0.1080000028014183,0.10999999940395355,0.3076511323451996,1.3494465351104736,289.2915344238281,0.09832298755645752,251.62640380859375,230.1395263671875,4.1819167137146,1.2010776996612549,300.0,0.226541666934888
20181010.0,1.409999966621399,40.0,12.0,0.05999999865889549,0.1080000028014183,0.10999999940395355,0.3076511323451996,1.3494465351104736,291.52117919921875,0.07798237353563309,248.0019989013672,225.33798217773438,2.498110771179199,1.8423653841018677,300.0,0.245304346084595
20181012.0,1.409999966621399,40.0,12.0,0.05999999865889549,0.1080000028014183,0.10999999940395355,0.3076511323451996,1.3494465351104736,293.9197082519531,0.038562312722206116,256.59478759765625,233.70687866210938,0.06221181899309158,1.4792572259902954,300.0,0.226166667416692
20181015.0,1.409999966621399,40.0,12.0,0.05999999865889549,0.1080000028014183,0.10999999940395355,0.3076511323451996,1.3494465351104736,287.78717041015625,0.0,238.40789794921875,216.02969360351562,37.82029342651367,1.3341953754425049,300.0,0.270208332687616
20181017.0,1.409999966621399,40.0,12.0,0.05999999865889549,0.1080000028014183,0.10999999940395355,0.3076511323451996,1.3494465351104736,289.9005126953125,0.0,248.14739990234375,226.87448120117188,1.0685443878173828,1.3058398962020874,300.0,0.248374997948607
20181018.0,1.409999966621399,40.0,12.0,0.05999999865889549,0.1080000028014183,0.10999999940395355,0.3076511323451996,1.3494465351104736,288.9187927246094,0.0,245.17483520507812,222.45635986328125,5.057501792907715,0.8334704041481018,300.0,0.26033333564798
20181020.0,1.409999966621399,40.0,12.0,0.05999999865889549,0.1080000028014183,0.10999999940395355,0.3076511323451996,1.3494465351104736,289.46539306640625,0.029519574716687202,248.24649047851562,227.78921508789062,0.9770699143409729,1.0712743997573853,300.0,0.244250003248453
20181023.0,1.409999966621399,40.0,12.0,0.05999999865889549,0.1080000028014183,0.10999999940395355,0.3076511323451996,1.3494465351104736,285.3578796386719,0.08424299955368042,250.00927734375,231.36605834960938,0.0008612871170043945,1.6035014390945435,300.0,0.229250002031525
20181025.0,1.409999966621399,40.0,12.0,0.05999999865889549,0.1080000028014183,0.10999999940395355,0.3076511323451996,1.3494465351104736,286.0539855957031,0.09018667042255402,255.6656494140625,237.71353149414062,0.0012836421374231577,1.1552581787109375,300.0,0.221083334336678
20181026.0,1.409999966621399,40.0,12.0,0.05999999865889549,0.1080000028014183,0.10999999940395355,0.3076511323451996,1.3494465351104736,285.5834655761719,0.07508379220962524,259.17633056640625,241.28912353515625,0.20775821805000305,0.9551430940628052,300.0,0.219499997794628
20181028.0,1.409999966621399,40.0,12.0,0.05999999865889549,0.1080000028014183,0.10999999940395355,0.3076511323451996,1.3494465351104736,278.19720458984375,0.05276218801736832,246.06625366210938,227.33074951171875,2.381420612335205,1.1884195804595947,300.0,0.254083331674337
20181031.0,1.409999966621399,40.0,12.0,0.05999999865889549,0.1080000028014183,0.10999999940395355,0.3076511323451996,1.3494465351104736,283.9842834472656,0.01680132746696472,250.7938995361328,227.89085388183594,1.626086711883545,1.0144280195236206,300.0,0.255499998107553
20181102.0,1.409999966621399,40.0,12.0,0.05999999865889549,0.1080000028014183,0.10999999940395355,0.3076511323451996,1.3494465351104736,282.01513671875,0.012968769297003746,253.23699951171875,233.92901611328125,1.077775239944458,0.8010417222976685,300.0,0.258291659255822
20181103.0,1.409999966621399,40.0,12.0,0.05999999865889549,0.1080000028014183,0.10999999940395355,0.3076511323451996,1.3494465351104736,281.6986999511719,0.022659650072455406,252.57904052734375,233.37234497070312,0.003770589828491211,0.9628212451934814,300.0,0.255875005076329
20181105.0,1.409999966621399,40.0,12.0,0.05999999865889549,0.1080000028014183,0.10999999940395355,0.3076511323451996,1.3494465351104736,287.8935241699219,0.03719613701105118,256.9751892089844,238.8113555908203,11.50842571258545,1.4364756345748901,300.0,0.251727272163738
20181108.0,1.409999966621399,40.0,12.0,0.05999999865889549,0.1080000028014183,0.10999999940395355,0.3076511323451996,1.3494465351104736,283.93511962890625,0.06122596189379692,243.70396423339844,224.63131713867188,0.000852346362080425,1.2238218784332275,300.0,0.27983333170414
20181110.0,1.409999966621399,40.0,12.0,0.05999999865889549,0.1080000028014183,0.10999999940395355,0.3076511323451996,1.3494465351104736,284.6152038574219,0.06339550018310547,246.2572021484375,227.39251708984375,0.01557244174182415,1.0905390977859497,300.0,0.276666669795911
20181111.0,1.409999966621399,40.0,12.0,0.05999999865889549,0.1080000028014183,0.10999999940395355,0.3076511323451996,1.3494465351104736,285.8109436035156,0.056359533220529556,246.9353485107422,227.77003479003906,0.008972485549747944,0.9893363118171692,300.0,0.271791672954957
20181113.0,1.409999966621399,40.0,12.0,0.05999999865889549,0.1080000028014183,0.10999999940395355,0.3076511323451996,1.3494465351104736,287.0283508300781,0.04578489810228348,255.41368103027344,236.15560913085938,0.6482126116752625,0.48247867822647095,300.0,0.266869561827701
20181116.0,1.409999966621399,40.0,12.0,0.05999999865889549,0.1080000028014183,0.10999999940395355,0.3076511323451996,1.3494465351104736,287.4510803222656,0.0292446818202734,257.1656799316406,239.532958984375,0.007001426536589861,1.0305860042572021,300.0,0.258249996850888
20181118.0,1.409999966621399,40.0,12.0,0.05999999865889549,0.1080000028014183,0.10999999940395355,0.3076511323451996,1.3494465351104736,282.3216857910156,0.020158831030130386,255.60226440429688,238.94454956054688,2.194944143295288,1.5452401638031006,300.0,0.250041663646698
20181119.0,1.409999966621399,40.0,12.0,0.05999999865889549,0.1080000028014183,0.10999999940395355,0.3076511323451996,1.3494465351104736,281.1128845214844,0.0167160015553236,256.35491943359375,238.5308074951172,2.899930715560913,0.6645740270614624,300.0,0.245416669795911
20181121.0,1.409999966621399,40.0,12.0,0.05999999865889549,0.1080000028014183,0.10999999940395355,0.3076511323451996,1.3494465351104736,280.96148681640625,0.00938938558101654,255.27499389648438,237.22463989257812,0.0005088250036351383,0.7034174799919128,300.0,0.240541662399968
20181124.0,1.409999966621399,40.0,12.0,0.05999999865889549,0.1080000028014183,0.10999999940395355,0.3076511323451996,1.3494465351104736,280.234619140625,0.0,255.49298095703125,240.99749755859375,0.0003527270455379039,0.8908063769340515,300.0,0.237166669840614
20181126.0,1.409999966621399,40.0,12.0,0.05999999865889549,0.1080000028014183,0.10999999940395355,0.3076511323451996,1.3494465351104736,279.3790283203125,0.0,251.0113983154297,230.6475830078125,5.930051803588867,0.9712469577789307,300.0,0.282708333184322
20181127.0,1.409999966621399,40.0,12.0,0.05999999865889549,0.1080000028014183,0.10999999940395355,0.3076511323451996,1.3494465351104736,279.61395263671875,0.0,249.3883056640625,229.59921264648438,0.646045982837677,0.998869776725769,300.0,0.278833334644635
20181129.0,1.409999966621399,40.0,12.0,0.05999999865889549,0.1080000028014183,0.10999999940395355,0.3076511323451996,1.3494465351104736,283.44146728515625,0.0,253.77919006347656,233.87481689453125,0.0019639728125184774,0.8361803889274597,300.0,0.266249996920427
20181202.0,1.409999966621399,40.0,12.0,0.05999999865889549,0.1080000028014183,0.10999999940395355,0.3076511323451996,1.3494465351104736,283.4970703125,0.0,248.8870849609375,228.06805419921875,4.206201076507568,0.28424638509750366,300.0,0.287791666885217
20181204.0,1.409999966621399,40.0,12.0,0.05999999865889549,0.1080000028014183,0.10999999940395355,0.3076511323451996,1.3494465351104736,284.9992980957031,0.0,250.31747436523438,231.8461151123047,0.9113248586654663,0.5270234942436218,300.0,0.276541670163472
20181205.0,1.409999966621399,40.0,12.0,0.05999999865889549,0.1080000028014183,0.10999999940395355,0.3076511323451996,1.3494465351104736,283.67816162109375,0.0,249.4752197265625,228.78097534179688,0.053676433861255646,0.7246828079223633,300.0,0.272083338350058
20181207.0,1.409999966621399,40.0,12.0,0.05999999865889549,0.1080000028014183,0.10999999940395355,0.3076511323451996,1.3494465351104736,283.892333984375,0.0,252.26748657226562,230.86468505859375,2.252004384994507,1.1452656984329224,300.0,0.267333329965671
20181210.0,1.409999966621399,40.0,12.0,0.05999999865889549,0.1080000028014183,0.10999999940395355,0.3076511323451996,1.3494465351104736,281.2611999511719,0.0,249.22763061523438,229.1807098388672,1.3561772108078003,1.0595842599868774,300.0,0.284375000745058
20181212.0,1.409999966621399,40.0,12.0,0.05999999865889549,0.1080000028014183,0.10999999940395355,0.3076511323451996,1.3494465351104736,278.2046203613281,0.0,248.2341766357422,229.31224060058594,1.588336706161499,0.20296770334243774,300.0,0.275541673103968
20181213.0,1.409999966621399,40.0,12.0,0.05999999865889549,0.1080000028014183,0.10999999940395355,0.3076511323451996,1.3494465351104736,279.41156005859375,0.0,247.73878479003906,229.27943420410156,9.476628303527832,0.5121803879737854,300.0,0.292333332200845
20181215.0,1.409999966621399,40.0,12.0,0.05999999865889549,0.1080000028014183,0.10999999940395355,0.3076511323451996,1.3494465351104736,278.2330627441406,0.0,245.25897216796875,225.21881103515625,2.3599560260772705,0.36312752962112427,300.0,0.284375000745058
20181218.0,1.409999966621399,40.0,12.0,0.05999999865889549,0.1080000028014183,0.10999999940395355,0.3076511323451996,1.3494465351104736,279.9178771972656,0.0,244.13067626953125,222.23785400390625,0.0008642672910355031,0.6987147927284241,300.0,0.284666668623686
20181220.0,1.409999966621399,40.0,12.0,0.05999999865889549,0.1080000028014183,0.10999999940395355,0.3076511323451996,1.3494465351104736,279.04766845703125,0.0,245.20611572265625,224.1901092529297,0.4686523675918579,0.5706980228424072,300.0,0.27499999726812
20181221.0,1.409999966621399,40.0,12.0,0.05999999865889549,0.1080000028014183,0.10999999940395355,0.3076511323451996,1.3494465351104736,280.618896484375,0.0,245.69461059570312,226.46463012695312,0.34880030155181885,0.501975417137146,300.0,0.272958335777124
20181223.0,1.409999966621399,40.0,12.0,0.05999999865889549,0.1080000028014183,0.10999999940395355,0.3076511323451996,1.3494465351104736,285.48211669921875,0.0,248.6293487548828,229.52574157714844,0.19423756003379822,0.4810022711753845,300.0,0.272869568804036
20181226.0,1.409999966621399,40.0,12.0,0.05999999865889549,0.1080000028014183,0.10999999940395355,0.3076511323451996,1.3494465351104736,279.3494873046875,0.0,247.822265625,224.99957275390625,0.00042617321014404297,0.8722291588783264,300.0,0.267541664342086
20181228.0,1.409999966621399,40.0,12.0,0.05999999865889549,0.1080000028014183,0.10999999940395355,0.3076511323451996,1.3494465351104736,280.06085205078125,0.0,249.7118682861328,232.04193115234375,0.5930883884429932,0.46883338689804077,300.0,0.263750001788139
20181229.0,1.409999966621399,40.0,12.0,0.05999999865889549,0.1080000028014183,0.10999999940395355,0.3076511323451996,1.3494465351104736,278.6881408691406,0.0,249.72799682617188,231.46148681640625,0.10804625600576401,0.43267497420310974,300.0,0.262250001231829
20181231.0,1.409999966621399,40.0,12.0,0.05999999865889549,0.1080000028014183,0.10999999940395355,0.3076511323451996,1.3494465351104736,275.9835510253906,0.0,248.11346435546875,227.8419952392578,0.005459868349134922,0.4341767728328705,300.0,0.25908333559831
20190103.0,1.409999966621399,40.0,12.0,0.05999999865889549,0.1080000028014183,0.10999999940395355,0.3076511323451996,1.3494465351104736,273.023681640625,0.23844453692436218,248.066162109375,231.92025756835938,0.0,0.5260933637619019,300.0,0.261625003069639
20190108.0,1.409999966621399,40.0,12.0,0.05999999865889549,0.1080000028014183,0.10999999940395355,0.3076511323451996,1.3494465351104736,276.25494384765625,0.23531843721866608,250.03469848632812,232.5603485107422,5.146702289581299,0.33897602558135986,300.0,0.255238093080975
20190111.0,1.409999966621399,40.0,12.0,0.05999999865889549,0.1080000028014183,0.10999999940395355,0.3076511323451996,1.3494465351104736,273.06683349609375,0.2524300217628479,250.14956665039062,234.77633666992188,0.39494121074676514,0.5619452595710754,300.0,0.25945832952857
20190113.0,1.409999966621399,40.0,12.0,0.05999999865889549,0.1080000028014183,0.10999999940395355,0.3076511323451996,1.3494465351104736,279.01422119140625,0.2689802944660187,251.9708709716797,233.0318603515625,3.451359272003174,0.6219276189804077,300.0,0.26466665789485
20190114.0,1.409999966621399,40.0,12.0,0.05999999865889549,0.1080000028014183,0.10999999940395355,0.3076511323451996,1.3494465351104736,280.7011413574219,0.27756622433662415,248.99925231933594,232.69859313964844,4.630268573760986,0.6845622658729553,300.0,0.291666665424903
20190116.0,1.409999966621399,40.0,12.0,0.05999999865889549,0.1080000028014183,0.10999999940395355,0.3076511323451996,1.3494465351104736,277.4714660644531,0.2960923910140991,246.47784423828125,231.00631713867188,0.029399195685982704,0.6488104462623596,300.0,0.278333336114883
20190119.0,1.409999966621399,40.0,12.0,0.05999999865889549,0.1080000028014183,0.10999999940395355,0.3076511323451996,1.3494465351104736,277.28302001953125,0.28225934505462646,247.09988403320312,229.21157836914062,0.021741125732660294,0.6272310614585876,300.0,0.280666663000981
20190121.0,1.409999966621399,40.0,12.0,0.05999999865889549,0.1080000028014183,0.10999999940395355,0.3076511323451996,1.3494465351104736,276.874755859375,0.26279741525650024,247.701171875,227.91256713867188,2.773082733154297,0.7825185656547546,300.0,0.274666668226322
20190122.0,1.409999966621399,40.0,12.0,0.05999999865889549,0.1080000028014183,0.10999999940395355,0.3076511323451996,1.3494465351104736,276.3115539550781,0.252779483795166,247.065185546875,228.44900512695312,5.075942516326904,0.6098251342773438,300.0,0.279125007490317
20190124.0,1.409999966621399,40.0,12.0,0.05999999865889549,0.1080000028014183,0.10999999940395355,0.3076511323451996,1.3494465351104736,274.35845947265625,0.23207364976406097,243.05960083007812,224.57809448242188,1.2366582155227661,1.060800552368164,300.0,0.286291671295961
20190127.0,1.409999966621399,40.0,12.0,0.05999999865889549,0.1080000028014183,0.10999999940395355,0.3076511323451996,1.3494465351104736,278.5231018066406,0.23023326694965363,243.6546173095703,224.62294006347656,9.542479515075684,1.7676855325698853,300.0,0.298166669905186
20190129.0,1.409999966621399,40.0,12.0,0.05999999865889549,0.1080000028014183,0.10999999940395355,0.3076511323451996,1.3494465351104736,277.5556335449219,0.2362755686044693,241.13307189941406,217.19256591796875,10.757875442504883,0.7566580772399902,300.0,0.295874999215205
20190130.0,1.409999966621399,40.0,12.0,0.05999999865889549,0.1080000028014183,0.10999999940395355,0.3076511323451996,1.3494465351104736,276.7257385253906,0.23948125541210175,236.51943969726562,213.95413208007812,8.706398963928223,0.9878279566764832,300.0,0.302500000844399
20190201.0,1.409999966621399,40.0,12.0,0.05999999865889549,0.1080000028014183,0.10999999940395355,0.3076511323451996,1.3494465351104736,280.3311767578125,0.24546067416667938,234.62322998046875,212.35108947753906,4.4910078048706055,0.9070016741752625,300.0,0.313583333045244
20190204.0,1.409999966621399,40.0,12.0,0.05999999865889549,0.1080000028014183,0.10999999940395355,0.3076511323451996,1.3494465351104736,275.6719665527344,0.27001237869262695,243.50201416015625,227.02670288085938,1.962751865386963,0.8436521291732788,300.0,0.284833334386349
20190206.0,1.409999966621399,40.0,12.0,0.05999999865889549,0.1080000028014183,0.10999999940395355,0.3076511323451996,1.3494465351104736,282.334228515625,0.290531724691391,240.73045349121094,217.05206298828125,0.39122474193573,0.6384613513946533,300.0,0.31345833465457
20190207.0,1.409999966621399,40.0,12.0,0.05999999865889549,0.1080000028014183,0.10999999940395355,0.3076511323451996,1.3494465351104736,279.83489990234375,0.301066517829895,239.49386596679688,220.28286743164062,2.2120044231414795,0.5466030240058899,300.0,0.29829166457057
20190209.0,1.409999966621399,40.0,12.0,0.05999999865889549,0.1080000028014183,0.10999999940395355,0.3076511323451996,1.3494465351104736,281.1432189941406,0.32313740253448486,238.1153564453125,217.36676025390625,0.000858306884765625,0.9253758788108826,300.0,0.283666669080655
20190212.0,1.409999966621399,40.0,12.0,0.05999999865889549,0.1080000028014183,0.10999999940395355,0.3076511323451996,1.3494465351104736,278.6305236816406,0.32876721024513245,240.68028259277344,216.7063751220703,0.009539525024592876,0.8312928676605225,300.0,0.277458334962527
20190214.0,1.409999966621399,40.0,12.0,0.05999999865889549,0.1080000028014183,0.10999999940395355,0.3076511323451996,1.3494465351104736,281.68463134765625,0.3255751430988312,247.40252685546875,225.6485595703125,0.0008553265361115336,1.2053288221359253,300.0,0.268958335121473
20190215.0,1.409999966621399,40.0,12.0,0.05999999865889549,0.1080000028014183,0.10999999940395355,0.3076511323451996,1.3494465351104736,282.3466796875,0.32384827733039856,246.4264373779297,227.7838134765625,0.0008523463038727641,1.4616822004318237,300.0,0.264708331475655
20190217.0,1.409999966621399,40.0,12.0,0.05999999865889549,0.1080000028014183,0.10999999940395355,0.3076511323451996,1.3494465351104736,283.0679931640625,0.32123613357543945,250.19699096679688,229.94725036621094,0.0048581757582724094,1.5285903215408325,300.0,0.257749998321136
20190220.0,1.409999966621399,40.0,12.0,0.05999999865889549,0.1080000028014183,0.10999999940395355,0.3076511323451996,1.3494465351104736,282.0004577636719,0.2890399992465973,251.686767578125,235.1573486328125,0.0025663513224571943,1.3756872415542603,300.0,0.248458330209057
20190222.0,1.409999966621399,40.0,12.0,0.05999999865889549,0.1080000028014183,0.10999999940395355,0.3076511323451996,1.3494465351104736,281.5356750488281,0.26097795367240906,255.46719360351562,235.74713134765625,0.001722823828458786,1.632918119430542,300.0,0.241291666403413
20190223.0,1.409999966621399,40.0,12.0,0.05999999865889549,0.1080000028014183,0.10999999940395355,0.3076511323451996,1.3494465351104736,282.3418273925781,0.24694615602493286,254.24740600585938,236.9937744140625,0.0030017681419849396,1.5918927192687988,300.0,0.234125000735124
20190225.0,1.409999966621399,40.0,12.0,0.05999999865889549,0.1080000028014183,0.10999999940395355,0.3076511323451996,1.3494465351104736,282.4627990722656,0.21955084800720215,255.5946044921875,241.29464721679688,0.0008523463038727641,1.7403085231781006,300.0,0.222916671385368
20190228.0,1.409999966621399,40.0,12.0,0.05999999865889549,0.1080000028014183,0.10999999940395355,0.3076511323451996,1.3494465351104736,283.0418395996094,0.1689293533563614,260.63555908203125,244.92367553710938,0.00587483262643218,1.2876436710357666,300.0,0.204791667560736
20190302.0,1.409999966621399,40.0,12.0,0.05999999865889549,0.1080000028014183,0.10999999940395355,0.3076511323451996,1.3494465351104736,282.4884338378906,0.13356971740722656,259.69036865234375,245.01333618164062,1.0924636125564575,1.3919423818588257,300.0,0.195208330328266
20190303.0,1.409999966621399,40.0,12.0,0.05999999865889549,0.1080000028014183,0.10999999940395355,0.3076511323451996,1.3494465351104736,283.1556396484375,0.11598475277423859,257.85400390625,243.17605590820312,0.0,1.894845962524414,300.0,0.190375000238419
20190305.0,1.409999966621399,40.0,12.0,0.05999999865889549,0.1080000028014183,0.10999999940395355,0.3076511323451996,1.3494465351104736,283.5949401855469,0.07968203723430634,258.6795654296875,244.73703002929688,0.012429092079401016,1.9953012466430664,300.0,0.182625000675519
20190308.0,1.409999966621399,40.0,12.0,0.05999999865889549,0.1080000028014183,0.10999999940395355,0.3076511323451996,1.3494465351104736,280.8866882324219,0.08714237809181213,259.7132568359375,248.16134643554688,0.20902349054813385,1.2546665668487549,300.0,0.167791663979491
20190310.0,1.409999966621399,40.0,12.0,0.05999999865889549,0.1080000028014183,0.10999999940395355,0.3076511323451996,1.3494465351104736,282.9614562988281,0.10768464207649231,263.77423095703125,249.3460693359375,2.8405683040618896,1.1662484407424927,300.0,0.165166666110357
20190311.0,1.409999966621399,40.0,12.0,0.05999999865889549,0.1080000028014183,0.10999999940395355,0.3076511323451996,1.3494465351104736,281.7124328613281,0.11862265318632126,259.6385498046875,244.5096435546875,0.49467095732688904,1.8287783861160278,300.0,0.16645832794408
20190313.0,1.409999966621399,40.0,12.0,0.05999999865889549,0.1080000028014183,0.10999999940395355,0.3076511323451996,1.3494465351104736,281.03173828125,0.14184270799160004,257.9029541015625,240.15289306640625,8.52263355255127,2.467989206314087,300.0,0.194208330164353
20190316.0,1.409999966621399,40.0,12.0,0.05999999865889549,0.1080000028014183,0.10999999940395355,0.3076511323451996,1.3494465351104736,284.1951904296875,0.13991591334342957,255.47274780273438,238.36013793945312,0.0035806496161967516,2.2099318504333496,300.0,0.213916668047508
20190318.0,1.409999966621399,40.0,12.0,0.05999999865889549,0.1080000028014183,0.10999999940395355,0.3076511323451996,1.3494465351104736,280.11199951171875,0.129409521818161,259.891357421875,243.49917602539062,3.491908073425293,2.2169859409332275,300.0,0.195166664818923
20190319.0,1.409999966621399,40.0,12.0,0.05999999865889549,0.1080000028014183,0.10999999940395355,0.3076511323451996,1.3494465351104736,279.7413330078125,0.1239737719297409,254.7474365234375,237.0748291015625,1.8903576135635376,1.6370940208435059,300.0,0.195749999955297
20190321.0,1.409999966621399,40.0,12.0,0.05999999865889549,0.1080000028014183,0.10999999940395355,0.3076511323451996,1.3494465351104736,280.963623046875,0.11383521556854248,255.01414489746094,241.17144775390625,0.0,2.3043506145477295,300.0,0.193666663020849
20190324.0,1.409999966621399,40.0,12.0,0.05999999865889549,0.1080000028014183,0.10999999940395355,0.3076511323451996,1.3494465351104736,285.21099853515625,0.076319620013237,261.836669921875,248.34347534179688,0.0,2.725770950317383,300.0,0.166541665792465
20190326.0,1.409999966621399,40.0,12.0,0.05999999865889549,0.1080000028014183,0.10999999940395355,0.3076511323451996,1.3494465351104736,281.59197998046875,0.046434711664915085,262.7848815917969,247.39859008789062,0.0,2.629035472869873,300.0,0.151791664461295
20190327.0,1.409999966621399,40.0,12.0,0.05999999865889549,0.1080000028014183,0.10999999940395355,0.3076511323451996,1.3494465351104736,281.2781066894531,0.0316152386367321,262.4647216796875,249.52847290039062,0.0012814997462555766,2.5192341804504395,300.0,0.147208333636324
20190329.0,1.409999966621399,40.0,12.0,0.05999999865889549,0.1080000028014183,0.10999999940395355,0.3076511323451996,1.3494465351104736,283.5074462890625,0.002726611215621233,263.659423828125,252.51092529296875,0.0016960689099505544,3.0409398078918457,300.0,0.140333334604899
20190401.0,1.409999966621399,40.0,12.0,0.05999999865889549,0.1080000028014183,0.10999999940395355,0.3076511323451996,1.3494465351104736,286.0362243652344,0.0,266.31011962890625,255.15145874023438,0.0017229340737685561,2.882516384124756,300.0,0.135291668896874
20190403.0,1.409999966621399,40.0,12.0,0.05999999865889549,0.1080000028014183,0.10999999940395355,0.3076511323451996,1.3494465351104736,280.86480712890625,0.0,250.493896484375,229.045166015625,8.0736665725708,1.6570683717727661,300.0,0.263958332439264
20190404.0,1.409999966621399,40.0,12.0,0.05999999865889549,0.1080000028014183,0.10999999940395355,0.3076511323451996,1.3494465351104736,280.1510925292969,0.0,249.36277770996094,228.3912353515625,1.6227315664291382,2.803368330001831,300.0,0.262166666487853
20190406.0,1.409999966621399,40.0,12.0,0.05999999865889549,0.1080000028014183,0.10999999940395355,0.3076511323451996,1.3494465351104736,281.8072204589844,0.0,253.36843872070312,232.43829345703125,10.129976272583008,1.4259676933288574,300.0,0.25087499866883
20190409.0,1.409999966621399,40.0,12.0,0.05999999865889549,0.1080000028014183,0.10999999940395355,0.3076511323451996,1.3494465351104736,285.12847900390625,0.0,255.48605346679688,237.07357788085938,2.3149759769439697,2.6002299785614014,300.0,0.235625000670552
20190411.0,1.409999966621399,40.0,12.0,0.05999999865889549,0.1080000028014183,0.10999999940395355,0.3076511323451996,1.3494465351104736,282.73699951171875,0.0,250.38018798828125,229.08663940429688,8.85705280303955,2.077641487121582,300.0,0.290208330998818
20190412.0,1.409999966621399,40.0,12.0,0.05999999865889549,0.1080000028014183,0.10999999940395355,0.3076511323451996,1.3494465351104736,283.7900085449219,0.0,248.46884155273438,227.05963134765625,0.1898050308227539,3.5674641132354736,300.0,0.274333334217469
20190414.0,1.409999966621399,40.0,12.0,0.05999999865889549,0.1080000028014183,0.10999999940395355,0.3076511323451996,1.3494465351104736,281.409423828125,0.0,257.32421875,236.32342529296875,0.000852346362080425,1.981803297996521,300.0,0.242291667188207
20190417.0,1.409999966621399,40.0,12.0,0.05999999865889549,0.1080000028014183,0.10999999940395355,0.3076511323451996,1.3494465351104736,285.47955322265625,0.0,256.13330078125,235.22718811035156,0.002072056056931615,2.580641269683838,300.0,0.262083330502113
20190419.0,1.409999966621399,40.0,12.0,0.05999999865889549,0.1080000028014183,0.10999999940395355,0.3076511323451996,1.3494465351104736,287.569580078125,0.0,262.5194091796875,244.13027954101562,0.07861030101776123,4.259181499481201,300.0,0.238833334296942
20190420.0,1.409999966621399,40.0,12.0,0.05999999865889549,0.1080000028014183,0.10999999940395355,0.3076511323451996,1.3494465351104736,287.7338562011719,0.0,265.05059814453125,248.54751586914062,0.09563028812408447,4.477856159210205,300.0,0.223916665961345
20190422.0,1.409999966621399,40.0,12.0,0.05999999865889549,0.1080000028014183,0.10999999940395355,0.3076511323451996,1.3494465351104736,287.2167663574219,0.0,264.45330810546875,248.53994750976562,3.5217134952545166,4.186489582061768,300.0,0.209291664883494
20190425.0,1.409999966621399,40.0,12.0,0.05999999865889549,0.1080000028014183,0.10999999940395355,0.3076511323451996,1.3494465351104736,287.5007019042969,0.0,262.3571472167969,242.92474365234375,0.7642496824264526,2.915538787841797,300.0,0.252708332613111
20190427.0,1.409999966621399,40.0,12.0,0.05999999865889549,0.1080000028014183,0.10999999940395355,0.3076511323451996,1.3494465351104736,283.6416931152344,0.0,256.25079345703125,232.3993682861328,0.8809497356414795,1.3700101375579834,300.0,0.272916664679845
20190428.0,1.409999966621399,40.0,12.0,0.05999999865889549,0.1080000028014183,0.10999999940395355,0.3076511323451996,1.3494465351104736,284.0632629394531,0.0,257.12774658203125,236.1837158203125,0.04131433367729187,2.423872232437134,300.0,0.256750001882513
20190430.0,1.409999966621399,40.0,12.0,0.05999999865889549,0.1080000028014183,0.10999999940395355,0.3076511323451996,1.3494465351104736,285.7359313964844,0.0,262.831298828125,247.09701538085938,0.0008523463038727641,3.5537564754486084,300.0,0.226958332583308
20190503.0,1.409999966621399,40.0,12.0,0.05999999865889549,0.1080000028014183,0.10999999940395355,0.3076511323451996,1.3494465351104736,284.058837890625,0.0,262.5638427734375,242.5962677001953,6.436704158782959,2.320127248764038,300.0,0.226708332076669
20190505.0,1.409999966621399,40.0,12.0,0.05999999865889549,0.1080000028014183,0.10999999940395355,0.3076511323451996,1.3494465351104736,280.77264404296875,0.0,254.51034545898438,235.0810546875,0.3302428424358368,3.254662275314331,300.0,0.268083333969116
20190506.0,1.409999966621399,40.0,12.0,0.05999999865889549,0.1080000028014183,0.10999999940395355,0.3076511323451996,1.3494465351104736,283.51629638671875,0.0,257.5627746582031,237.60733032226562,0.000852346362080425,3.7691245079040527,300.0,0.247999999051293
20190508.0,1.409999966621399,40.0,12.0,0.05999999865889549,0.1080000028014183,0.10999999940395355,0.3076511323451996,1.3494465351104736,287.911865234375,0.0,268.5357666015625,251.99569702148438,7.598626136779785,2.3165783882141113,300.0,0.247916669895252
20190511.0,1.409999966621399,40.0,12.0,0.05999999865889549,0.1080000028014183,0.10999999940395355,0.3076511323451996,1.3494465351104736,287.56341552734375,0.0,255.8055419921875,233.97003173828125,6.431535243988037,3.197478771209717,300.0,0.279625001053015
20190513.0,1.409999966621399,40.0,12.0,0.05999999865889549,0.1080000028014183,0.10999999940395355,0.3076511323451996,1.3494465351104736,286.359130859375,0.0,263.4981689453125,243.3505859375,0.0008523463038727641,4.5415568351745605,300.0,0.254249999920527
20190514.0,1.409999966621399,40.0,12.0,0.05999999865889549,0.1080000028014183,0.10999999940395355,0.3076511323451996,1.3494465351104736,287.6875915527344,0.0,266.9969482421875,247.55776977539062,0.000858306884765625,4.256412029266357,300.0,0.234666665395101
20190516.0,1.409999966621399,40.0,12.0,0.05999999865889549,0.1080000028014183,0.10999999940395355,0.3076511323451996,1.3494465351104736,287.9101257324219,0.0,268.51995849609375,252.665771484375,1.2822589874267578,3.936204433441162,300.0,0.197625001892447
20190519.0,1.409999966621399,40.0,12.0,0.05999999865889549,0.1080000028014183,0.10999999940395355,0.3076511323451996,1.3494465351104736,285.3628234863281,0.0,255.44573974609375,232.5174102783203,6.8075852394104,3.0837693214416504,300.0,0.266124999771516
20190521.0,1.409999966621399,40.0,12.0,0.05999999865889549,0.1080000028014183,0.10999999940395355,0.3076511323451996,1.3494465351104736,287.4073486328125,0.0,260.87823486328125,239.18453979492188,1.6593163013458252,3.083859920501709,300.0,0.244333332404494
20190522.0,1.409999966621399,40.0,12.0,0.05999999865889549,0.1080000028014183,0.10999999940395355,0.3076511323451996,1.3494465351104736,289.22100830078125,0.0,263.9625244140625,246.85726928710938,0.3309100866317749,4.130282878875732,300.0,0.228583332151175
20190524.0,1.409999966621399,40.0,12.0,0.05999999865889549,0.1080000028014183,0.10999999940395355,0.3076511323451996,1.3494465351104736,286.8616943359375,0.0,264.67626953125,246.4371337890625,17.54240608215332,1.2802175283432007,300.0,0.242208334306876
20190527.0,1.409999966621399,40.0,12.0,0.05999999865889549,0.1080000028014183,0.10999999940395355,0.3076511323451996,1.3494465351104736,286.9968566894531,0.0,255.7705078125,232.0865020751953,4.312005996704102,1.9872087240219116,300.0,0.271166664858659
20190529.0,1.409999966621399,40.0,12.0,0.05999999865889549,0.1080000028014183,0.10999999940395355,0.3076511323451996,1.3494465351104736,286.58245849609375,0.0,255.08047485351562,232.35617065429688,4.5886383056640625,3.253848075866699,300.0,0.282791667928298
20190530.0,1.409999966621399,40.0,12.0,0.05999999865889549,0.1080000028014183,0.10999999940395355,0.3076511323451996,1.3494465351104736,288.77874755859375,0.0,259.472412109375,235.4730682373047,0.1003788635134697,3.1674225330352783,300.0,0.266208332031965
20190601.0,1.409999966621399,40.0,12.0,0.05999999865889549,0.1080000028014183,0.10999999940395355,0.3076511323451996,1.3494465351104736,292.486083984375,0.0,268.1791687011719,247.28012084960938,0.0012874602107331157,5.645979881286621,300.0,0.227458333596587
20190604.0,1.409999966621399,40.0,12.0,0.05999999865889549,0.1080000028014183,0.10999999940395355,0.3076511323451996,1.3494465351104736,293.9962158203125,0.0,274.42547607421875,256.6625671386719,0.002444320358335972,5.606358051300049,300.0,0.180333333089948
20190606.0,1.409999966621399,40.0,12.0,0.05999999865889549,0.1080000028014183,0.10999999940395355,0.3076511323451996,1.3494465351104736,289.72210693359375,0.0,257.962890625,235.41940307617188,0.03963898494839668,4.650920867919922,300.0,0.265333332121372
20190607.0,1.409999966621399,40.0,12.0,0.05999999865889549,0.1080000028014183,0.10999999940395355,0.3076511323451996,1.3494465351104736,289.6125183105469,0.0,267.0927734375,243.85952758789062,0.4597187042236328,3.546264410018921,300.0,0.245124997571111
20190609.0,1.409999966621399,40.0,12.0,0.05999999865889549,0.1080000028014183,0.10999999940395355,0.3076511323451996,1.3494465351104736,292.5299987792969,0.0,269.71978759765625,253.70223999023438,7.857490062713623,4.413902759552002,300.0,0.204791665698091
20190612.0,1.409999966621399,40.0,12.0,0.05999999865889549,0.1080000028014183,0.10999999940395355,0.3076511323451996,1.3494465351104736,288.153564453125,0.0,260.06829833984375,239.14260864257812,0.0018767641158774495,4.029207229614258,300.0,0.251708332449198
20190614.0,1.409999966621399,40.0,12.0,0.05999999865889549,0.1080000028014183,0.10999999940395355,0.3076511323451996,1.3494465351104736,290.9789733886719,0.012601430527865887,271.1463623046875,252.82797241210938,3.9147579669952393,2.990940570831299,300.0,0.208208330596487
20190615.0,1.409999966621399,40.0,12.0,0.05999999865889549,0.1080000028014183,0.10999999940395355,0.3076511323451996,1.3494465351104736,288.6625671386719,0.01956181973218918,270.78369140625,252.98312377929688,1.7417395114898682,1.9103128910064697,300.0,0.200583334391316
20190617.0,1.409999966621399,40.0,12.0,0.05999999865889549,0.1080000028014183,0.10999999940395355,0.3076511323451996,1.3494465351104736,293.90618896484375,0.032971158623695374,272.1142578125,255.79562377929688,0.0017086340812966228,5.006235599517822,300.0,0.171541667232911
20190724.0,1.409999966621399,40.0,12.0,0.05999999865889549,0.1080000028014183,0.10999999940395355,0.3076511323451996,1.3494465351104736,303.3634033203125,0.3014262318611145,282.8559265136719,270.10308837890625,0.00044139474630355835,3.1979141235351562,300.0,0.111791666286687
20190725.0,1.409999966621399,40.0,12.0,0.05999999865889549,0.1080000028014183,0.10999999940395355,0.3076511323451996,1.3494465351104736,302.0351257324219,0.28451859951019287,283.5081787109375,270.698486328125,0.0012755393981933594,2.3208985328674316,300.0,0.110541667168339
20190727.0,1.409999966621399,40.0,12.0,0.05999999865889549,0.1080000028014183,0.10999999940395355,0.3076511323451996,1.3494465351104736,291.2417297363281,0.24937506020069122,262.61456298828125,246.84475708007812,27.384355545043945,2.3988945484161377,300.0,0.230791668097178
20190730.0,1.409999966621399,40.0,12.0,0.05999999865889549,0.1080000028014183,0.10999999940395355,0.3076511323451996,1.3494465351104736,293.56915283203125,0.25936359167099,268.40301513671875,248.1768798828125,0.37027814984321594,2.9221644401550293,300.0,0.233208332831661
20190801.0,1.409999966621399,40.0,12.0,0.05999999865889549,0.1080000028014183,0.10999999940395355,0.3076511323451996,1.3494465351104736,294.50689697265625,0.28183797001838684,272.23651123046875,255.97186279296875,0.3073853850364685,2.8626580238342285,300.0,0.214083335051934
20190802.0,1.409999966621399,40.0,12.0,0.05999999865889549,0.1080000028014183,0.10999999940395355,0.3076511323451996,1.3494465351104736,295.7973327636719,0.29374825954437256,274.3616943359375,259.18585205078125,0.000858306884765625,3.528348207473755,300.0,0.204249999796351
20190804.0,1.409999966621399,40.0,12.0,0.05999999865889549,0.1080000028014183,0.10999999940395355,0.3076511323451996,1.3494465351104736,299.81573486328125,0.31896644830703735,276.78680419921875,263.36669921875,0.0,3.9705657958984375,300.0,0.179583332190911
20190807.0,1.409999966621399,40.0,12.0,0.05999999865889549,0.1080000028014183,0.10999999940395355,0.3076511323451996,1.3494465351104736,297.8580017089844,0.31772157549858093,281.906982421875,266.82586669921875,3.327277421951294,2.94000506401062,300.0,0.147375001882513
20190809.0,1.409999966621399,40.0,12.0,0.05999999865889549,0.1080000028014183,0.10999999940395355,0.3076511323451996,1.3494465351104736,301.68572998046875,0.307081401348114,283.2598876953125,267.45904541015625,9.716346740722656,3.3825221061706543,300.0,0.134458336979151
20190810.0,1.409999966621399,40.0,12.0,0.05999999865889549,0.1080000028014183,0.10999999940395355,0.3076511323451996,1.3494465351104736,296.1078186035156,0.30144980549812317,266.6092529296875,248.5117950439453,14.776077270507812,3.6443305015563965,300.0,0.135333334406217
20190812.0,1.409999966621399,40.0,12.0,0.05999999865889549,0.1080000028014183,0.10999999940395355,0.3076511323451996,1.3494465351104736,291.2300720214844,0.2896444797515869,271.3863525390625,255.43795776367188,2.7890024185180664,2.0162153244018555,300.0,0.133500002324581
20190815.0,1.409999966621399,40.0,12.0,0.05999999865889549,0.1080000028014183,0.10999999940395355,0.3076511323451996,1.3494465351104736,292.72247314453125,0.2923462986946106,277.0218505859375,265.5066223144531,0.6359191536903381,2.400454521179199,300.0,0.12658333654205
20190817.0,1.409999966621399,40.0,12.0,0.05999999865889549,0.1080000028014183,0.10999999940395355,0.3076511323451996,1.3494465351104736,297.8489074707031,0.2992646396160126,277.3233642578125,265.26861572265625,0.0,3.4637086391448975,300.0,0.122333333206673
20190818.0,1.409999966621399,40.0,12.0,0.05999999865889549,0.1080000028014183,0.10999999940395355,0.3076511323451996,1.3494465351104736,299.7099609375,0.30290111899375916,280.95477294921875,269.45819091796875,21.75627326965332,3.214747667312622,300.0,0.120250000928839
20190820.0,1.409999966621399,40.0,12.0,0.05999999865889549,0.1080000028014183,0.10999999940395355,0.3076511323451996,1.3494465351104736,289.5828857421875,0.31040066480636597,250.37844848632812,230.15513610839844,22.607093811035156,1.792004942893982,300.0,0.228541663226982
20190823.0,1.409999966621399,40.0,12.0,0.05999999865889549,0.1080000028014183,0.10999999940395355,0.3076511323451996,1.3494465351104736,295.73419189453125,0.31471291184425354,269.12603759765625,248.90890502929688,0.0012993812561035156,4.087280750274658,300.0,0.215958332642913
20190825.0,1.409999966621399,40.0,12.0,0.05999999865889549,0.1080000028014183,0.10999999940395355,0.3076511323451996,1.3494465351104736,297.0794982910156,0.315843403339386,274.082763671875,260.11956787109375,0.006027046591043472,3.720226764678955,300.0,0.184624999761581
20190826.0,1.409999966621399,40.0,12.0,0.05999999865889549,0.1080000028014183,0.10999999940395355,0.3076511323451996,1.3494465351104736,296.82958984375,0.3163074254989624,277.87176513671875,263.50750732421875,0.0008697168668732047,4.158679962158203,300.0,0.169374999279777
20190828.0,1.409999966621399,40.0,12.0,0.05999999865889549,0.1080000028014183,0.10999999940395355,0.3076511323451996,1.3494465351104736,297.01727294921875,0.31663161516189575,276.883056640625,263.951171875,0.7605506777763367,3.1529083251953125,300.0,0.147583336258928
20190831.0,1.409999966621399,40.0,12.0,0.05999999865889549,0.1080000028014183,0.10999999940395355,0.3076511323451996,1.3494465351104736,298.1221618652344,0.337865948677063,280.98541259765625,267.59234619140625,0.07777425646781921,3.5590457916259766,300.0,0.125125001495083
20190902.0,1.409999966621399,40.0,12.0,0.05999999865889549,0.1080000028014183,0.10999999940395355,0.3076511323451996,1.3494465351104736,293.2737121582031,0.35743236541748047,278.4659118652344,264.60137939453125,0.040298834443092346,2.159600257873535,300.0,0.117958333343267
20190903.0,1.409999966621399,40.0,12.0,0.05999999865889549,0.1080000028014183,0.10999999940395355,0.3076511323451996,1.3494465351104736,293.0111999511719,0.36747848987579346,275.7657470703125,266.2987365722656,0.0,2.873541831970215,300.0,0.115166666917503
20190905.0,1.409999966621399,40.0,12.0,0.05999999865889549,0.1080000028014183,0.10999999940395355,0.3076511323451996,1.3494465351104736,291.7596130371094,0.38809704780578613,266.129150390625,248.45777893066406,2.725318193435669,2.748837471008301,300.0,0.111000001430511
20190908.0,1.409999966621399,40.0,12.0,0.05999999865889549,0.1080000028014183,0.10999999940395355,0.3076511323451996,1.3494465351104736,290.9286193847656,0.40680381655693054,275.4359436035156,262.1318054199219,3.280749559402466,2.4386916160583496,300.0,0.109291666497787
20190910.0,1.409999966621399,40.0,12.0,0.05999999865889549,0.1080000028014183,0.10999999940395355,0.3076511323451996,1.3494465351104736,288.8457946777344,0.41620326042175293,255.67205810546875,235.5863037109375,8.831740379333496,2.123873710632324,300.0,0.110375000163913
20190911.0,1.409999966621399,40.0,12.0,0.05999999865889549,0.1080000028014183,0.10999999940395355,0.3076511323451996,1.3494465351104736,290.72802734375,0.4208517074584961,261.7961730957031,242.15306091308594,0.0018033715896308422,2.21366548538208,300.0,0.117130435031393
20190913.0,1.409999966621399,40.0,12.0,0.05999999865889549,0.1080000028014183,0.10999999940395355,0.3076511323451996,1.3494465351104736,294.29608154296875,0.43048009276390076,268.69354248046875,254.76922607421875,0.0,2.874969005584717,300.0,0.120291667679946
20190916.0,1.409999966621399,40.0,12.0,0.05999999865889549,0.1080000028014183,0.10999999940395355,0.3076511323451996,1.3494465351104736,297.6763610839844,0.43474799394607544,276.57537841796875,262.9306640625,0.033106472343206406,2.5657780170440674,300.0,0.113250001023213
20190918.0,1.409999966621399,40.0,12.0,0.05999999865889549,0.1080000028014183,0.10999999940395355,0.3076511323451996,1.3494465351104736,296.17340087890625,0.4350338876247406,278.3685302734375,267.37908935546875,6.6202802658081055,1.7921777963638306,300.0,0.109583333445092
20190919.0,1.409999966621399,40.0,12.0,0.05999999865889549,0.1080000028014183,0.10999999940395355,0.3076511323451996,1.3494465351104736,295.2861328125,0.4350139796733856,260.4444580078125,241.5885772705078,0.0635993480682373,2.343295097351074,300.0,0.107958333877226
20190921.0,1.409999966621399,40.0,12.0,0.05999999865889549,0.1080000028014183,0.10999999940395355,0.3076511323451996,1.3494465351104736,293.8129577636719,0.433919221162796,271.9134216308594,253.49888610839844,0.5640219449996948,1.1790094375610352,300.0,0.105374998102585
20190924.0,1.409999966621399,40.0,12.0,0.05999999865889549,0.1080000028014183,0.10999999940395355,0.3076511323451996,1.3494465351104736,292.7033996582031,0.46857622265815735,263.90960693359375,245.45657348632812,1.8055622577667236,1.6982871294021606,300.0,0.106374999197821
20190926.0,1.409999966621399,40.0,12.0,0.05999999865889549,0.1080000028014183,0.10999999940395355,0.3076511323451996,1.3494465351104736,292.9955139160156,0.5012944340705872,266.4657287597656,247.4055633544922,0.19945025444030762,1.7761118412017822,300.0,0.106416665638487
20190927.0,1.409999966621399,40.0,12.0,0.05999999865889549,0.1080000028014183,0.10999999940395355,0.3076511323451996,1.3494465351104736,292.45281982421875,0.5182932615280151,266.94500732421875,253.64210510253906,0.01427098922431469,1.1896055936813354,300.0,0.106208332503835
20190929.0,1.409999966621399,40.0,12.0,0.05999999865889549,0.1080000028014183,0.10999999940395355,0.3076511323451996,1.3494465351104736,294.4461364746094,0.5548416376113892,274.05450439453125,257.32696533203125,0.0,2.2486014366149902,300.0,0.10504166657726
20191002.0,1.409999966621399,40.0,12.0,0.05999999865889549,0.1080000028014183,0.10999999940395355,0.3076511323451996,1.3494465351104736,289.091796875,0.5366623997688293,270.3013916015625,253.13394165039062,5.093444347381592,2.5168251991271973,300.0,0.102291665660838
20191004.0,1.409999966621399,40.0,12.0,0.05999999865889549,0.1080000028014183,0.10999999940395355,0.3076511323451996,1.3494465351104736,287.8039855957031,0.506539523601532,269.62432861328125,260.373046875,1.606427550315857,0.8544545769691467,300.0,0.102458333907028
20191005.0,1.409999966621399,40.0,12.0,0.05999999865889549,0.1080000028014183,0.10999999940395355,0.3076511323451996,1.3494465351104736,289.4217529296875,0.4910210072994232,268.1239013671875,253.6717071533203,0.22430211305618286,1.1902495622634888,300.0,0.102874999555449
20191007.0,1.409999966621399,40.0,12.0,0.05999999865889549,0.1080000028014183,0.10999999940395355,0.3076511323451996,1.3494465351104736,286.98651123046875,0.45926931500434875,271.46014404296875,257.40771484375,1.114006519317627,1.4135075807571411,300.0,0.101958334445953
20191012.0,1.409999966621399,40.0,12.0,0.05999999865889549,0.1080000028014183,0.10999999940395355,0.3076511323451996,1.3494465351104736,293.2379455566406,0.44921228289604187,274.034423828125,259.3028564453125,0.04879998788237572,0.9446940422058105,300.0,0.101565218166165
20191013.0,1.409999966621399,40.0,12.0,0.05999999865889549,0.1080000028014183,0.10999999940395355,0.3076511323451996,1.3494465351104736,293.52545166015625,0.45008599758148193,274.83184814453125,262.1590576171875,0.13328392803668976,1.1230405569076538,300.0,0.102130435407162
20191015.0,1.409999966621399,40.0,12.0,0.05999999865889549,0.1080000028014183,0.10999999940395355,0.3076511323451996,1.3494465351104736,286.6806335449219,0.4511193633079529,254.14071655273438,233.06298828125,7.804724216461182,2.1709747314453125,300.0,0.10483333406349
20191018.0,1.409999966621399,40.0,12.0,0.05999999865889549,0.1080000028014183,0.10999999940395355,0.3076511323451996,1.3494465351104736,288.85028076171875,0.4772496521472931,267.54840087890625,253.63763427734375,0.03640572354197502,0.7644283175468445,300.0,0.110130434450896
20191020.0,1.409999966621399,40.0,12.0,0.05999999865889549,0.1080000028014183,0.10999999940395355,0.3076511323451996,1.3494465351104736,289.0174255371094,0.5011018514633179,272.8594055175781,255.835205078125,9.347458839416504,1.4312480688095093,300.0,0.114090909334746
20191021.0,1.409999966621399,40.0,12.0,0.05999999865889549,0.1080000028014183,0.10999999940395355,0.3076511323451996,1.3494465351104736,286.8779296875,0.5134981870651245,267.96124267578125,252.68862915039062,0.08262792974710464,1.1140409708023071,300.0,0.118875000625849
20191023.0,1.409999966621399,40.0,12.0,0.05999999865889549,0.1080000028014183,0.10999999940395355,0.3076511323451996,1.3494465351104736,289.0707702636719,0.540763258934021,242.50001525878906,220.9886474609375,9.970658302307129,1.745665431022644,300.0,0.258166665832202
20191026.0,1.409999966621399,40.0,12.0,0.05999999865889549,0.1080000028014183,0.10999999940395355,0.3076511323451996,1.3494465351104736,288.3193359375,0.5049964189529419,248.96218872070312,224.96189880371094,0.0,1.629453420639038,300.0,0.230000002930562
20191028.0,1.409999966621399,40.0,12.0,0.05999999865889549,0.1080000028014183,0.10999999940395355,0.3076511323451996,1.3494465351104736,289.2893371582031,0.46274837851524353,255.90621948242188,235.47235107421875,0.7435808181762695,0.9467716813087463,300.0,0.222708337629835
20191029.0,1.409999966621399,40.0,12.0,0.05999999865889549,0.1080000028014183,0.10999999940395355,0.3076511323451996,1.3494465351104736,289.5458984375,0.44123852252960205,255.3997802734375,237.5489501953125,0.000858306884765625,1.3767931461334229,300.0,0.220124999061227
20191031.0,1.409999966621399,40.0,12.0,0.05999999865889549,0.1080000028014183,0.10999999940395355,0.3076511323451996,1.3494465351104736,287.31085205078125,0.3970000445842743,248.72726440429688,225.86663818359375,18.438201904296875,1.217981219291687,300.0,0.253913043633751
20191103.0,1.409999966621399,40.0,12.0,0.05999999865889549,0.1080000028014183,0.10999999940395355,0.3076511323451996,1.3494465351104736,284.3375244140625,0.3959624171257019,240.9346466064453,218.15283203125,9.793519973754883,2.349158763885498,300.0,0.270041666924953
20191105.0,1.409999966621399,40.0,12.0,0.05999999865889549,0.1080000028014183,0.10999999940395355,0.3076511323451996,1.3494465351104736,283.2820739746094,0.41149216890335083,242.29237365722656,219.6125030517578,6.338598251342773,1.7217135429382324,300.0,0.266749999175469
20191106.0,1.409999966621399,40.0,12.0,0.05999999865889549,0.1080000028014183,0.10999999940395355,0.3076511323451996,1.3494465351104736,282.4933166503906,0.4198227822780609,241.3596649169922,220.15867614746094,12.023064613342285,1.1521002054214478,300.0,0.261333335191011
20191108.0,1.409999966621399,40.0,12.0,0.05999999865889549,0.1080000028014183,0.10999999940395355,0.3076511323451996,1.3494465351104736,278.72369384765625,0.437088280916214,238.6736602783203,218.4464111328125,11.00202465057373,1.3388967514038086,300.0,0.270041666924953
20191111.0,1.409999966621399,40.0,12.0,0.05999999865889549,0.1080000028014183,0.10999999940395355,0.3076511323451996,1.3494465351104736,280.8674011230469,0.4460534155368805,238.4862823486328,216.69610595703125,1.9550113677978516,1.1032778024673462,300.0,0.263090909882025
20191113.0,1.409999966621399,40.0,12.0,0.05999999865889549,0.1080000028014183,0.10999999940395355,0.3076511323451996,1.3494465351104736,280.6233825683594,0.4477531909942627,242.2901153564453,218.57498168945312,0.49594295024871826,0.8936951756477356,300.0,0.266208333273729
20191114.0,1.409999966621399,40.0,12.0,0.05999999865889549,0.1080000028014183,0.10999999940395355,0.3076511323451996,1.3494465351104736,278.1228942871094,0.4484296143054962,235.5240020751953,212.9573974609375,6.522946834564209,0.7936539649963379,300.0,0.269999997771305
20191116.0,1.409999966621399,40.0,12.0,0.05999999865889549,0.1080000028014183,0.10999999940395355,0.3076511323451996,1.3494465351104736,278.59857177734375,0.44920235872268677,237.12286376953125,214.3529510498047,6.406833648681641,0.9888830184936523,300.0,0.265166668842236
20191119.0,1.409999966621399,40.0,12.0,0.05999999865889549,0.1080000028014183,0.10999999940395355,0.3076511323451996,1.3494465351104736,277.95794677734375,0.4702942371368408,238.75094604492188,216.59515380859375,0.009370380081236362,0.6690146923065186,300.0,0.254999997715155
20191121.0,1.409999966621399,40.0,12.0,0.05999999865889549,0.1080000028014183,0.10999999940395355,0.3076511323451996,1.3494465351104736,279.4208984375,0.48952820897102356,241.4984893798828,219.30282592773438,0.0012814998626708984,0.6788907051086426,300.0,0.24695833089451
20191122.0,1.409999966621399,40.0,12.0,0.05999999865889549,0.1080000028014183,0.10999999940395355,0.3076511323451996,1.3494465351104736,281.60784912109375,0.4994816184043884,241.6532745361328,221.11749267578125,3.3567421436309814,0.9393712282180786,300.0,0.244583337257306
20191124.0,1.409999966621399,40.0,12.0,0.05999999865889549,0.1080000028014183,0.10999999940395355,0.3076511323451996,1.3494465351104736,280.7536315917969,0.521008312702179,241.29977416992188,217.97018432617188,3.1325833797454834,0.9533394575119019,300.0,0.269125002125899
20191127.0,1.409999966621399,40.0,12.0,0.05999999865889549,0.1080000028014183,0.10999999940395355,0.3076511323451996,1.3494465351104736,283.96307373046875,0.5029441714286804,243.31544494628906,220.177978515625,2.306776762008667,1.0017040967941284,300.0,0.252333329369624
20191129.0,1.409999966621399,40.0,12.0,0.05999999865889549,0.1080000028014183,0.10999999940395355,0.3076511323451996,1.3494465351104736,282.7726135253906,0.47853049635887146,243.85888671875,220.91531372070312,2.290616512298584,0.5645248293876648,300.0,0.259999997913837
20191130.0,1.409999966621399,40.0,12.0,0.05999999865889549,0.1080000028014183,0.10999999940395355,0.3076511323451996,1.3494465351104736,281.1285095214844,0.4658164381980896,240.47125244140625,221.79483032226562,4.087717056274414,0.724486231803894,300.0,0.257304352262746
20191202.0,1.409999966621399,40.0,12.0,0.05999999865889549,0.1080000028014183,0.10999999940395355,0.3076511323451996,1.3494465351104736,279.57305908203125,0.43765005469322205,242.95187377929688,218.0221710205078,0.019771257415413857,0.5667641162872314,300.0,0.259999997913837
20191205.0,1.409999966621399,40.0,12.0,0.05999999865889549,0.1080000028014183,0.10999999940395355,0.3076511323451996,1.3494465351104736,280.4647216796875,0.4978553354740143,240.73382568359375,220.5176239013672,0.8142738938331604,0.5370965003967285,300.0,0.249208331108093
20191207.0,1.409999966621399,40.0,12.0,0.05999999865889549,0.1080000028014183,0.10999999940395355,0.3076511323451996,1.3494465351104736,279.38470458984375,0.5657076239585876,243.13900756835938,220.80914306640625,0.026721226051449776,0.23887470364570618,300.0,0.243916669239601
20191208.0,1.409999966621399,40.0,12.0,0.05999999865889549,0.1080000028014183,0.10999999940395355,0.3076511323451996,1.3494465351104736,282.7622375488281,0.6015994548797607,245.5426483154297,223.8161163330078,9.438567161560059,0.6548579931259155,300.0,0.250636364248666
20191210.0,1.409999966621399,40.0,12.0,0.05999999865889549,0.1080000028014183,0.10999999940395355,0.3076511323451996,1.3494465351104736,277.9433288574219,0.6798604130744934,239.19044494628906,218.62100219726562,0.14221131801605225,0.7471975684165955,300.0,0.264791667461395
20191213.0,1.409999966621399,40.0,12.0,0.05999999865889549,0.1080000028014183,0.10999999940395355,0.3076511323451996,1.3494465351104736,282.8787841796875,0.6350194811820984,235.37625122070312,213.80157470703125,45.295536041259766,1.6099315881729126,300.0,0.308499999344349
20191215.0,1.409999966621399,40.0,12.0,0.05999999865889549,0.1080000028014183,0.10999999940395355,0.3076511323451996,1.3494465351104736,282.0688171386719,0.565960705280304,236.35821533203125,211.9131317138672,0.001722574234008789,0.5941988229751587,300.0,0.280333336442709
20191216.0,1.409999966621399,40.0,12.0,0.05999999865889549,0.1080000028014183,0.10999999940395355,0.3076511323451996,1.3494465351104736,284.39398193359375,0.5308448672294617,238.14633178710938,215.37411499023438,0.03996875509619713,0.5444624423980713,300.0,0.270916666835546
20191218.0,1.409999966621399,40.0,12.0,0.05999999865889549,0.1080000028014183,0.10999999940395355,0.3076511323451996,1.3494465351104736,285.3766784667969,0.4597718119621277,242.8329620361328,217.27224731445312,0.09165310859680176,0.6952713131904602,300.0,0.260166664918264
20191221.0,1.409999966621399,40.0,12.0,0.05999999865889549,0.1080000028014183,0.10999999940395355,0.3076511323451996,1.3494465351104736,282.3009948730469,0.43975022435188293,238.197998046875,213.58358764648438,10.486029624938965,1.0701411962509155,300.0,0.28662500406305
20191223.0,1.409999966621399,40.0,12.0,0.05999999865889549,0.1080000028014183,0.10999999940395355,0.3076511323451996,1.3494465351104736,281.1813659667969,0.4474874436855316,235.7631378173828,210.61264038085938,4.7925214767456055,1.1154402494430542,300.0,0.303208331267039
20191224.0,1.409999966621399,40.0,12.0,0.05999999865889549,0.1080000028014183,0.10999999940395355,0.3076511323451996,1.3494465351104736,284.64105224609375,0.4520563781261444,236.91912841796875,214.048828125,1.1046507358551025,0.9976826906204224,300.0,0.287541667620341
20191226.0,1.409999966621399,40.0,12.0,0.05999999865889549,0.1080000028014183,0.10999999940395355,0.3076511323451996,1.3494465351104736,280.59344482421875,0.46208423376083374,238.09573364257812,213.85472106933594,0.4849835932254791,0.7107024788856506,300.0,0.265208331247171
20191229.0,1.409999966621399,40.0,12.0,0.05999999865889549,0.1080000028014183,0.10999999940395355,0.3076511323451996,1.3494465351104736,279.369384765625,0.4477701485157013,238.36129760742188,214.74624633789062,0.0025447015650570393,0.6039391160011292,300.0,0.255208337058624
20191231.0,1.409999966621399,40.0,12.0,0.05999999865889549,0.1080000028014183,0.10999999940395355,0.3076511323451996,1.3494465351104736,280.84814453125,0.4299549460411072,238.8154296875,215.1809539794922,0.03990868851542473,0.5342544913291931,300.0,0.250583325823148
20200101.0,1.409999966621399,40.0,12.0,0.05999999865889549,0.1080000028014183,0.10999999940395355,0.3076511323451996,1.3494465351104736,279.4568786621094,0.15004204213619232,237.1417236328125,215.89256286621094,0.08242428302764893,0.48528823256492615,300.0,0.249083331475655
20200103.0,1.409999966621399,40.0,12.0,0.05999999865889549,0.1080000028014183,0.10999999940395355,0.3076511323451996,1.3494465351104736,279.7855224609375,0.16151314973831177,241.2860107421875,217.5128173828125,0.9077375531196594,0.3144199252128601,300.0,0.246000004311403
20200106.0,1.409999966621399,40.0,12.0,0.05999999865889549,0.1080000028014183,0.10999999940395355,0.3076511323451996,1.3494465351104736,278.61572265625,0.18012022972106934,240.56552124023438,217.42349243164062,0.015044476836919785,0.39575326442718506,300.0,0.241749998182058
20200108.0,1.409999966621399,40.0,12.0,0.05999999865889549,0.1080000028014183,0.10999999940395355,0.3076511323451996,1.3494465351104736,281.7638244628906,0.19368894398212433,244.24037170410156,223.0117950439453,0.10999520868062973,0.4335058033466339,300.0,0.24112499691546
20200109.0,1.409999966621399,40.0,12.0,0.05999999865889549,0.1080000028014183,0.10999999940395355,0.3076511323451996,1.3494465351104736,281.7092590332031,0.19816318154335022,243.6403350830078,222.24327087402344,0.8802447319030762,0.8080710768699646,300.0,0.239458326871196
20200111.0,1.409999966621399,40.0,12.0,0.05999999865889549,0.1080000028014183,0.10999999940395355,0.3076511323451996,1.3494465351104736,277.8685607910156,0.191311776638031,241.8125762939453,220.45346069335938,0.012973414734005928,0.7797841429710388,300.0,0.243791668986281
20200114.0,1.409999966621399,40.0,12.0,0.05999999865889549,0.1080000028014183,0.10999999940395355,0.3076511323451996,1.3494465351104736,279.8648986816406,0.18030430376529694,244.489990234375,224.30349731445312,0.0,0.5935795903205872,300.0,0.237666671474775
20200116.0,1.409999966621399,40.0,12.0,0.05999999865889549,0.1080000028014183,0.10999999940395355,0.3076511323451996,1.3494465351104736,281.88348388671875,0.17353610694408417,247.2721710205078,228.49517822265625,0.0016966223483905196,0.7048196792602539,300.0,0.234708332146207
20200117.0,1.409999966621399,40.0,12.0,0.05999999865889549,0.1080000028014183,0.10999999940395355,0.3076511323451996,1.3494465351104736,281.1138610839844,0.16777729988098145,248.44607543945312,230.02517700195312,4.375567436218262,0.791033923625946,300.0,0.256000001145446
20200119.0,1.409999966621399,40.0,12.0,0.05999999865889549,0.1080000028014183,0.10999999940395355,0.3076511323451996,1.3494465351104736,277.3591003417969,0.1403738409280777,240.78280639648438,217.8112030029297,0.18268360197544098,1.019139051437378,300.0,0.260208333532016
20200122.0,1.409999966621399,40.0,12.0,0.05999999865889549,0.1080000028014183,0.10999999940395355,0.3076511323451996,1.3494465351104736,281.166748046875,0.09909151494503021,241.20733642578125,220.40724182128906,8.86469841003418,1.7295008897781372,300.0,0.276833332454165
20200124.0,1.409999966621399,40.0,12.0,0.05999999865889549,0.1080000028014183,0.10999999940395355,0.3076511323451996,1.3494465351104736,283.0819396972656,0.07111864537000656,231.61264038085938,211.12867736816406,0.1382168084383011,0.7824950218200684,300.0,0.288000001261632
20200125.0,1.409999966621399,40.0,12.0,0.05999999865889549,0.1080000028014183,0.10999999940395355,0.3076511323451996,1.3494465351104736,282.5363464355469,0.059547871351242065,233.536376953125,211.44125366210938,0.0029763909988105297,0.7551476359367371,300.0,0.273416668176651
20200127.0,1.409999966621399,40.0,12.0,0.05999999865889549,0.1080000028014183,0.10999999940395355,0.3076511323451996,1.3494465351104736,278.6264953613281,0.051766883581876755,232.75732421875,209.0567169189453,0.21872831881046295,0.5398450493812561,300.0,0.268708332131306
20200130.0,1.409999966621399,40.0,12.0,0.05999999865889549,0.1080000028014183,0.10999999940395355,0.3076511323451996,1.3494465351104736,282.30780029296875,0.04092487320303917,238.71859741210938,212.66357421875,3.600125551223755,0.45659181475639343,300.0,0.262458336850007
20200202.0,1.409999966621399,40.0,12.0,0.05999999865889549,0.1080000028014183,0.10999999940395355,0.3076511323451996,1.3494465351104736,283.75830078125,0.03116646409034729,238.60433959960938,214.32034301757812,0.002148747444152832,0.567399799823761,300.0,0.269791666418314
20200204.0,1.409999966621399,40.0,12.0,0.05999999865889549,0.1080000028014183,0.10999999940395355,0.3076511323451996,1.3494465351104736,281.2921447753906,0.03550414368510246,240.79934692382812,216.8889617919922,1.3455986976623535,1.0538132190704346,300.0,0.26749999685721
20200207.0,1.409999966621399,40.0,12.0,0.05999999865889549,0.1080000028014183,0.10999999940395355,0.3076511323451996,1.3494465351104736,281.9286193847656,0.042536865919828415,241.58041381835938,220.05337524414062,0.0,0.9772453904151917,300.0,0.251874999453624
20200209.0,1.409999966621399,40.0,12.0,0.05999999865889549,0.1080000028014183,0.10999999940395355,0.3076511323451996,1.3494465351104736,283.1759948730469,0.04770946502685547,245.19638061523438,222.8906707763672,0.0004657109675463289,0.9793713688850403,300.0,0.246000001827876
20200210.0,1.409999966621399,40.0,12.0,0.05999999865889549,0.1080000028014183,0.10999999940395355,0.3076511323451996,1.3494465351104736,284.79998779296875,0.049228519201278687,247.74163818359375,226.84054565429688,2.405608654022217,1.0777262449264526,300.0,0.243708335484068
20200212.0,1.409999966621399,40.0,12.0,0.05999999865889549,0.1080000028014183,0.10999999940395355,0.3076511323451996,1.3494465351104736,281.1993408203125,0.04502854123711586,244.19583129882812,224.20375061035156,0.013098911382257938,1.0603611469268799,300.0,0.247374999026457
20200215.0,1.409999966621399,40.0,12.0,0.05999999865889549,0.1080000028014183,0.10999999940395355,0.3076511323451996,1.3494465351104736,280.56884765625,0.038464974611997604,248.3798828125,225.915283203125,0.0013240178814157844,1.362529993057251,300.0,0.236166668434938
20200217.0,1.409999966621399,40.0,12.0,0.05999999865889549,0.1080000028014183,0.10999999940395355,0.3076511323451996,1.3494465351104736,283.4681396484375,0.03531504049897194,252.18618774414062,232.32818603515625,1.0886355638504028,0.6878888010978699,300.0,0.231041671708226
20200218.0,1.409999966621399,40.0,12.0,0.05999999865889549,0.1080000028014183,0.10999999940395355,0.3076511323451996,1.3494465351104736,280.5375061035156,0.029610900208353996,248.19992065429688,229.06398010253906,0.5847864151000977,1.1366653442382812,300.0,0.232374994705121
20200220.0,1.409999966621399,40.0,12.0,0.05999999865889549,0.1080000028014183,0.10999999940395355,0.3076511323451996,1.3494465351104736,280.5099182128906,0.0,247.70535278320312,228.4551239013672,0.0,1.4435700178146362,300.0,0.22624999905626
20200223.0,1.409999966621399,40.0,12.0,0.05999999865889549,0.1080000028014183,0.10999999940395355,0.3076511323451996,1.3494465351104736,280.9867858886719,0.0,249.59530639648438,232.3670654296875,0.000852346362080425,1.4233447313308716,300.0,0.213333333532015
20200225.0,1.409999966621399,40.0,12.0,0.05999999865889549,0.1080000028014183,0.10999999940395355,0.3076511323451996,1.3494465351104736,280.029296875,0.0,253.46527099609375,236.21096801757812,5.097435474395752,1.0687838792800903,300.0,0.203249999632438
20200226.0,1.409999966621399,40.0,12.0,0.05999999865889549,0.1080000028014183,0.10999999940395355,0.3076511323451996,1.3494465351104736,279.3878479003906,0.0,245.49746704101562,223.8594512939453,10.753204345703125,1.8176515102386475,300.0,0.236928574740887
20200228.0,1.409999966621399,40.0,12.0,0.05999999865889549,0.1080000028014183,0.10999999940395355,0.3076511323451996,1.3494465351104736,282.1159973144531,0.0,242.5391082763672,220.1763916015625,0.35132500529289246,0.8413489460945129,300.0,0.272208337982496
20200302.0,1.409999966621399,40.0,12.0,0.05999999865889549,0.1080000028014183,0.10999999940395355,0.3076511323451996,1.3494465351104736,280.50396728515625,0.0,243.5666961669922,221.68862915039062,18.081401824951172,2.1817500591278076,300.0,0.277272728356448
20200304.0,1.409999966621399,40.0,12.0,0.05999999865889549,0.1080000028014183,0.10999999940395355,0.3076511323451996,1.3494465351104736,280.5791931152344,0.0,237.0898895263672,211.943603515625,10.04585075378418,0.5799086689949036,300.0,0.295958332717419
20200305.0,1.409999966621399,40.0,12.0,0.05999999865889549,0.1080000028014183,0.10999999940395355,0.3076511323451996,1.3494465351104736,282.6065368652344,0.0,239.553955078125,219.23876953125,7.627462863922119,1.581365704536438,300.0,0.291791666299105
20200307.0,1.409999966621399,40.0,12.0,0.05999999865889549,0.1080000028014183,0.10999999940395355,0.3076511323451996,1.3494465351104736,279.6555480957031,0.0,235.10287475585938,212.69049072265625,2.55908203125,1.8603891134262085,300.0,0.282666667054097
20200310.0,1.409999966621399,40.0,12.0,0.05999999865889549,0.1080000028014183,0.10999999940395355,0.3076511323451996,1.3494465351104736,282.8160095214844,0.0,240.0631866455078,216.97592163085938,1.0062566995620728,1.416766881942749,300.0,0.272833333661159
20200312.0,1.409999966621399,40.0,12.0,0.05999999865889549,0.1080000028014183,0.10999999940395355,0.3076511323451996,1.3494465351104736,284.5480651855469,0.0,243.88040161132812,224.2625732421875,0.6796770691871643,1.5784924030303955,300.0,0.257791666934888
20200313.0,1.409999966621399,40.0,12.0,0.05999999865889549,0.1080000028014183,0.10999999940395355,0.3076511323451996,1.3494465351104736,283.1768798828125,0.0,243.0574951171875,221.61090087890625,0.7263808846473694,2.079197645187378,300.0,0.277260871037193
20200315.0,1.409999966621399,40.0,12.0,0.05999999865889549,0.1080000028014183,0.10999999940395355,0.3076511323451996,1.3494465351104736,281.7416687011719,0.0,246.54833984375,227.1180419921875,0.018708042800426483,2.081745147705078,300.0,0.252499997615814
20200318.0,1.409999966621399,40.0,12.0,0.05999999865889549,0.1080000028014183,0.10999999940395355,0.3076511323451996,1.3494465351104736,286.1534118652344,0.0,250.76559448242188,230.20986938476562,0.0008551529026590288,2.3965516090393066,300.0,0.241875001539787
20200320.0,1.409999966621399,40.0,12.0,0.05999999865889549,0.1080000028014183,0.10999999940395355,0.3076511323451996,1.3494465351104736,284.7532653808594,0.0,254.3828125,236.93812561035156,0.0008523463038727641,3.1080713272094727,300.0,0.21937500188748
20200321.0,1.409999966621399,40.0,12.0,0.05999999865889549,0.1080000028014183,0.10999999940395355,0.3076511323451996,1.3494465351104736,284.60546875,0.0,255.7169189453125,239.08163452148438,0.0017155226087197661,2.586353302001953,300.0,0.205458336199323
20200323.0,1.409999966621399,40.0,12.0,0.05999999865889549,0.1080000028014183,0.10999999940395355,0.3076511323451996,1.3494465351104736,284.75775146484375,0.0,257.9705810546875,242.28952026367188,0.2696821391582489,2.0513534545898438,300.0,0.188374999289711
20200326.0,1.409999966621399,40.0,12.0,0.05999999865889549,0.1080000028014183,0.10999999940395355,0.3076511323451996,1.3494465351104736,277.9623107910156,0.0,257.8046875,241.46823120117188,11.92758560180664,1.5038460493087769,300.0,0.167083329210679
20200328.0,1.409999966621399,40.0,12.0,0.05999999865889549,0.1080000028014183,0.10999999940395355,0.3076511323451996,1.3494465351104736,282.7667541503906,0.0,258.59808349609375,242.04920959472656,0.0008702277555130422,2.6870620250701904,300.0,0.160208333904545
20200329.0,1.409999966621399,40.0,12.0,0.05999999865889549,0.1080000028014183,0.10999999940395355,0.3076511323451996,1.3494465351104736,283.0247802734375,0.0,258.5817565917969,244.49363708496094,0.5943200588226318,2.3082401752471924,300.0,0.153291665638487
20200331.0,1.409999966621399,40.0,12.0,0.05999999865889549,0.1080000028014183,0.10999999940395355,0.3076511323451996,1.3494465351104736,282.361083984375,0.0,256.93695068359375,241.11993408203125,0.0380590483546257,2.2445027828216553,300.0,0.152625002587835
20200403.0,1.409999966621399,40.0,12.0,0.05999999865889549,0.1080000028014183,0.10999999940395355,0.3076511323451996,1.3494465351104736,283.21685791015625,0.0,261.3309326171875,246.25332641601562,0.16690370440483093,2.553189992904663,300.0,0.146249999602636
20200405.0,1.409999966621399,40.0,12.0,0.05999999865889549,0.1080000028014183,0.10999999940395355,0.3076511323451996,1.3494465351104736,285.7897644042969,0.0,264.819580078125,248.70970153808594,0.0008523463038727641,4.027688980102539,300.0,0.1377499991407
20200406.0,1.409999966621399,40.0,12.0,0.05999999865889549,0.1080000028014183,0.10999999940395355,0.3076511323451996,1.3494465351104736,285.8838195800781,0.0,265.524169921875,252.62741088867188,0.088041290640831,3.730398654937744,300.0,0.133916669835647
20200408.0,1.409999966621399,40.0,12.0,0.05999999865889549,0.1080000028014183,0.10999999940395355,0.3076511323451996,1.3494465351104736,286.5850524902344,0.0,267.8749084472656,253.41616821289062,1.2950273752212524,3.1453452110290527,300.0,0.130499996244907
20200411.0,1.409999966621399,40.0,12.0,0.05999999865889549,0.1080000028014183,0.10999999940395355,0.3076511323451996,1.3494465351104736,287.2506408691406,0.0,267.43768310546875,254.1577606201172,0.0,3.244696855545044,300.0,0.125000001552204
20200413.0,1.409999966621399,40.0,12.0,0.05999999865889549,0.1080000028014183,0.10999999940395355,0.3076511323451996,1.3494465351104736,285.1675720214844,0.0,269.6614990234375,256.7384033203125,7.383616924285889,2.012906789779663,300.0,0.122500002073745
20200414.0,1.409999966621399,40.0,12.0,0.05999999865889549,0.1080000028014183,0.10999999940395355,0.3076511323451996,1.3494465351104736,287.56866455078125,0.0,258.94622802734375,241.41162109375,0.019207531586289406,3.4140448570251465,300.0,0.126208333919446
20200416.0,1.409999966621399,40.0,12.0,0.05999999865889549,0.1080000028014183,0.10999999940395355,0.3076511323451996,1.3494465351104736,288.2189636230469,0.0,269.2038269042969,251.58273315429688,0.000858306884765625,3.0779013633728027,300.0,0.12887499978145
20200419.0,1.409999966621399,40.0,12.0,0.05999999865889549,0.1080000028014183,0.10999999940395355,0.3076511323451996,1.3494465351104736,287.50390625,0.0,267.8919677734375,251.8726043701172,1.4915555715560913,1.1725386381149292,300.0,0.127250003938874
20200421.0,1.409999966621399,40.0,12.0,0.05999999865889549,0.1080000028014183,0.10999999940395355,0.3076511323451996,1.3494465351104736,287.0314636230469,0.0,257.28289794921875,235.59954833984375,23.064525604248047,1.0866825580596924,300.0,0.286624999095996
20200422.0,1.409999966621399,40.0,12.0,0.05999999865889549,0.1080000028014183,0.10999999940395355,0.3076511323451996,1.3494465351104736,286.5085754394531,0.0,256.73382568359375,235.76904296875,3.404223918914795,1.0724248886108398,300.0,0.27541666974624
20200424.0,1.409999966621399,40.0,12.0,0.05999999865889549,0.1080000028014183,0.10999999940395355,0.3076511323451996,1.3494465351104736,289.2943115234375,0.0,257.58807373046875,237.38818359375,0.037259526550769806,3.8035128116607666,300.0,0.254041668648521
20200427.0,1.409999966621399,40.0,12.0,0.05999999865889549,0.1080000028014183,0.10999999940395355,0.3076511323451996,1.3494465351104736,288.3885192871094,0.0,263.4020080566406,243.36758422851562,14.08420181274414,2.645714044570923,300.0,0.246681818907911
20200429.0,1.409999966621399,40.0,12.0,0.05999999865889549,0.1080000028014183,0.10999999940395355,0.3076511323451996,1.3494465351104736,288.37432861328125,0.0,256.263916015625,230.8214111328125,0.02684076689183712,3.75642728805542,300.0,0.257708330949148
20200430.0,1.409999966621399,40.0,12.0,0.05999999865889549,0.1080000028014183,0.10999999940395355,0.3076511323451996,1.3494465351104736,286.6986083984375,0.0,258.999755859375,237.3055419921875,4.173571586608887,2.2670822143554688,300.0,0.25383333178858
20200502.0,1.409999966621399,40.0,12.0,0.05999999865889549,0.1080000028014183,0.10999999940395355,0.3076511323451996,1.3494465351104736,288.3492126464844,0.0,255.63900756835938,230.763916015625,9.402189254760742,2.304070472717285,300.0,0.280750000228484
20200505.0,1.409999966621399,40.0,12.0,0.05999999865889549,0.1080000028014183,0.10999999940395355,0.3076511323451996,1.3494465351104736,291.49603271484375,0.0,267.65594482421875,244.55319213867188,0.35109254717826843,2.421405553817749,300.0,0.232333332921068
20200507.0,1.409999966621399,40.0,12.0,0.05999999865889549,0.1080000028014183,0.10999999940395355,0.3076511323451996,1.3494465351104736,290.4455261230469,0.0,267.41888427734375,251.42474365234375,0.0,4.739382743835449,300.0,0.201874998708566
20200508.0,1.409999966621399,40.0,12.0,0.05999999865889549,0.1080000028014183,0.10999999940395355,0.3076511323451996,1.3494465351104736,291.917236328125,0.0,271.17633056640625,254.39498901367188,0.0008285045623779297,4.775472164154053,300.0,0.190208335096637
20200510.0,1.409999966621399,40.0,12.0,0.05999999865889549,0.1080000028014183,0.10999999940395355,0.3076511323451996,1.3494465351104736,289.0957946777344,0.0,271.38726806640625,255.29556274414062,28.976316452026367,2.1533150672912598,300.0,0.227041667948167
20200513.0,1.409999966621399,40.0,12.0,0.05999999865889549,0.1080000028014183,0.10999999940395355,0.3076511323451996,1.3494465351104736,288.83447265625,0.0,251.6358642578125,227.87881469726562,5.158639907836914,3.286282539367676,300.0,0.280791670084
20200515.0,1.409999966621399,40.0,12.0,0.05999999865889549,0.1080000028014183,0.10999999940395355,0.3076511323451996,1.3494465351104736,287.8416442871094,0.0,252.30325317382812,227.04779052734375,4.528060436248779,2.1498866081237793,300.0,0.291608696398528
20200516.0,1.409999966621399,40.0,12.0,0.05999999865889549,0.1080000028014183,0.10999999940395355,0.3076511323451996,1.3494465351104736,288.5181884765625,0.0,252.18312072753906,228.8645782470703,2.077399492263794,2.9807140827178955,300.0,0.284458336730798
20200518.0,1.409999966621399,40.0,12.0,0.05999999865889549,0.1080000028014183,0.10999999940395355,0.3076511323451996,1.3494465351104736,289.79962158203125,0.0,259.3014221191406,234.7904052734375,0.0,4.7472662925720215,300.0,0.262958332896233
20200521.0,1.409999966621399,40.0,12.0,0.05999999865889549,0.1080000028014183,0.10999999940395355,0.3076511323451996,1.3494465351104736,293.01092529296875,0.0,270.92572021484375,250.9029998779297,0.0,4.659367084503174,300.0,0.220458333690961
20200523.0,1.409999966621399,40.0,12.0,0.05999999865889549,0.1080000028014183,0.10999999940395355,0.3076511323451996,1.3494465351104736,289.54595947265625,0.0,273.1204833984375,255.61170959472656,0.24486243724822998,1.76837956905365,300.0,0.191458334525426
20200524.0,1.409999966621399,40.0,12.0,0.05999999865889549,0.1080000028014183,0.10999999940395355,0.3076511323451996,1.3494465351104736,289.6771240234375,0.0,268.58721923828125,254.61105346679688,0.00086229108273983,4.6220197677612305,300.0,0.181375000004967
20200526.0,1.409999966621399,40.0,12.0,0.05999999865889549,0.1080000028014183,0.10999999940395355,0.3076511323451996,1.3494465351104736,292.16461181640625,0.0,273.2730712890625,256.9101867675781,0.0017267087241634727,4.864499092102051,300.0,0.158958331992229
20200529.0,1.409999966621399,40.0,12.0,0.05999999865889549,0.1080000028014183,0.10999999940395355,0.3076511323451996,1.3494465351104736,294.4757080078125,0.0,275.6747741699219,261.279296875,0.02169463410973549,4.770901679992676,300.0,0.139125000685453
20200531.0,1.409999966621399,40.0,12.0,0.05999999865889549,0.1080000028014183,0.10999999940395355,0.3076511323451996,1.3494465351104736,293.73138427734375,0.0,276.4876708984375,260.124267578125,0.06315615773200989,4.220682621002197,300.0,0.132333333293597
20200601.0,1.409999966621399,40.0,12.0,0.05999999865889549,0.1080000028014183,0.10999999940395355,0.3076511323451996,1.3494465351104736,293.55828857421875,0.0,276.3341979980469,263.0137634277344,3.951469659805298,3.105137586593628,300.0,0.129916661729415
20200603.0,1.409999966621399,40.0,12.0,0.05999999865889549,0.1080000028014183,0.10999999940395355,0.3076511323451996,1.3494465351104736,292.72491455078125,0.0,278.8770446777344,265.1302490234375,9.95009994506836,3.0794239044189453,300.0,0.128000000491738
20200606.0,1.409999966621399,40.0,12.0,0.05999999865889549,0.1080000028014183,0.10999999940395355,0.3076511323451996,1.3494465351104736,290.084716796875,0.0,265.036376953125,243.40460205078125,8.468708038330078,2.7124624252319336,300.0,0.127529410754933
20200608.0,1.409999966621399,40.0,12.0,0.05999999865889549,0.1080000028014183,0.10999999940395355,0.3076511323451996,1.3494465351104736,288.1327819824219,0.0,259.4816589355469,234.7555389404297,10.404178619384766,3.832061529159546,300.0,0.23737500111262
20200609.0,1.409999966621399,40.0,12.0,0.05999999865889549,0.1080000028014183,0.10999999940395355,0.3076511323451996,1.3494465351104736,288.03802490234375,0.0,257.8768310546875,235.50735473632812,13.678911209106445,3.3915326595306396,300.0,0.253208333005508
20200614.0,1.409999966621399,40.0,12.0,0.05999999865889549,0.1080000028014183,0.10999999940395355,0.3076511323451996,1.3494465351104736,290.3934631347656,0.0,262.668701171875,236.771728515625,0.22223393619060516,4.261493682861328,300.0,0.235624998807907
20200616.0,1.409999966621399,40.0,12.0,0.05999999865889549,0.1080000028014183,0.10999999940395355,0.3076511323451996,1.3494465351104736,289.92620849609375,0.0,268.3831481933594,247.126953125,1.4553378820419312,2.8238930702209473,300.0,0.216708334783713
20200617.0,1.409999966621399,40.0,12.0,0.05999999865889549,0.1080000028014183,0.10999999940395355,0.3076511323451996,1.3494465351104736,289.29412841796875,0.0,258.6250305175781,236.80398559570312,2.8727757930755615,4.1694536209106445,300.0,0.250041665509343
20200619.0,1.409999966621399,40.0,12.0,0.05999999865889549,0.1080000028014183,0.10999999940395355,0.3076511323451996,1.3494465351104736,291.2673645019531,0.0,265.280517578125,243.71385192871094,0.0017119223484769464,4.517584800720215,300.0,0.21637500077486
20200622.0,1.409999966621399,40.0,12.0,0.05999999865889549,0.1080000028014183,0.10999999940395355,0.3076511323451996,1.3494465351104736,292.66204833984375,0.0,273.3323059082031,255.76510620117188,0.1380382627248764,3.1162972450256348,300.0,0.155958332742254
20200624.0,1.409999966621399,40.0,12.0,0.05999999865889549,0.1080000028014183,0.10999999940395355,0.3076511323451996,1.3494465351104736,296.70166015625,0.0,276.083251953125,260.52154541015625,0.0,5.369769096374512,300.0,0.133782611592956
20200625.0,1.409999966621399,40.0,12.0,0.05999999865889549,0.1080000028014183,0.10999999940395355,0.3076511323451996,1.3494465351104736,297.9736328125,0.0,278.09527587890625,263.5460510253906,0.7405291199684143,5.33689546585083,300.0,0.128791665037473
20200627.0,1.409999966621399,40.0,12.0,0.05999999865889549,0.1080000028014183,0.10999999940395355,0.3076511323451996,1.3494465351104736,297.67474365234375,0.0,271.50860595703125,256.43499755859375,5.4923014640808105,4.39819860458374,300.0,0.133416668822368
20200630.0,1.409999966621399,40.0,12.0,0.05999999865889549,0.1080000028014183,0.10999999940395355,0.3076511323451996,1.3494465351104736,295.5324401855469,0.0,275.5390625,259.95538330078125,0.000858306884765625,4.480536460876465,300.0,0.124000001698732
20200702.0,1.409999966621399,40.0,12.0,0.05999999865889549,0.1080000028014183,0.10999999940395355,0.3076511323451996,1.3494465351104736,293.5501708984375,0.0,276.81640625,261.5884704589844,0.19474850594997406,2.1336421966552734,300.0,0.120083332372208
20200703.0,1.409999966621399,40.0,12.0,0.05999999865889549,0.1080000028014183,0.10999999940395355,0.3076511323451996,1.3494465351104736,292.28887939453125,0.0,273.4071350097656,259.715576171875,0.15163064002990723,3.710930824279785,300.0,0.118291667041679
20200705.0,1.409999966621399,40.0,12.0,0.05999999865889549,0.1080000028014183,0.10999999940395355,0.3076511323451996,1.3494465351104736,296.1701354980469,0.0,278.37359619140625,264.5338439941406,0.001690017874352634,4.49002742767334,300.0,0.116000000697871
20200708.0,1.409999966621399,40.0,12.0,0.05999999865889549,0.1080000028014183,0.10999999940395355,0.3076511323451996,1.3494465351104736,295.7738037109375,0.0,277.58935546875,264.64935302734375,0.0,4.360806465148926,300.0,0.112041666793327
20200710.0,1.409999966621399,40.0,12.0,0.05999999865889549,0.1080000028014183,0.10999999940395355,0.3076511323451996,1.3494465351104736,298.3294372558594,0.0,281.14459228515625,266.8424072265625,0.023463301360607147,3.6106207370758057,300.0,0.109541667625308
20200711.0,1.409999966621399,40.0,12.0,0.05999999865889549,0.1080000028014183,0.10999999940395355,0.3076511323451996,1.3494465351104736,297.0704650878906,0.0,279.73260498046875,266.91241455078125,0.018207430839538574,3.270160675048828,300.0,0.108333334637185
20200713.0,1.409999966621399,40.0,12.0,0.05999999865889549,0.1080000028014183,0.10999999940395355,0.3076511323451996,1.3494465351104736,297.017333984375,0.0,279.5348815917969,264.43707275390625,0.001722574234008789,3.7974846363067627,300.0,0.106374998266498
20200716.0,1.409999966621399,40.0,12.0,0.05999999865889549,0.1080000028014183,0.10999999940395355,0.3076511323451996,1.3494465351104736,293.4761047363281,0.0,276.40618896484375,261.852294921875,0.0505574531853199,1.8173223733901978,300.0,0.101083334224919
20200718.0,1.409999966621399,40.0,12.0,0.05999999865889549,0.1080000028014183,0.10999999940395355,0.3076511323451996,1.3494465351104736,297.040771484375,0.0,275.9612731933594,264.57489013671875,0.0,3.4033255577087402,300.0,0.101782608615315
20200719.0,1.409999966621399,40.0,12.0,0.05999999865889549,0.1080000028014183,0.10999999940395355,0.3076511323451996,1.3494465351104736,298.93328857421875,0.0,278.75262451171875,265.0580139160156,0.0,3.8067166805267334,300.0,0.102291667213043
20200721.0,1.409999966621399,40.0,12.0,0.05999999865889549,0.1080000028014183,0.10999999940395355,0.3076511323451996,1.3494465351104736,301.61065673828125,0.0,283.28790283203125,267.14520263671875,0.000858306884765625,3.6238608360290527,300.0,0.10162500012666
20200724.0,1.409999966621399,40.0,12.0,0.05999999865889549,0.1080000028014183,0.10999999940395355,0.3076511323451996,1.3494465351104736,297.9764099121094,0.009967422112822533,280.41510009765625,265.0592956542969,0.0005352497100830078,3.7589328289031982,300.0,0.0988333340113362
20200726.0,1.409999966621399,40.0,12.0,0.05999999865889549,0.1080000028014183,0.10999999940395355,0.3076511323451996,1.3494465351104736,298.1197814941406,0.021573640406131744,280.11480712890625,267.93695068359375,0.0023543834686279297,3.0113139152526855,300.0,0.0969583333159486
20200727.0,1.409999966621399,40.0,12.0,0.05999999865889549,0.1080000028014183,0.10999999940395355,0.3076511323451996,1.3494465351104736,301.1993713378906,0.02784310095012188,280.44757080078125,267.508056640625,0.000858306884765625,3.5801656246185303,300.0,0.0967499998708566
20200729.0,1.409999966621399,40.0,12.0,0.05999999865889549,0.1080000028014183,0.10999999940395355,0.3076511323451996,1.3494465351104736,301.8513488769531,0.04342632368206978,279.00616455078125,268.71746826171875,0.0013935565948486328,2.9763283729553223,300.0,0.0963043473337008
20200801.0,1.409999966621399,40.0,12.0,0.05999999865889549,0.1080000028014183,0.10999999940395355,0.3076511323451996,1.3494465351104736,301.4548645019531,0.06724223494529724,283.21832275390625,269.357421875,0.04361404478549957,2.2174365520477295,300.0,0.0950416658694545
20200803.0,1.409999966621399,40.0,12.0,0.05999999865889549,0.1080000028014183,0.10999999940395355,0.3076511323451996,1.3494465351104736,295.4102478027344,0.08367189764976501,279.26568603515625,266.0574645996094,0.7701075077056885,1.6339987516403198,300.0,0.0918333331743876
20200804.0,1.409999966621399,40.0,12.0,0.05999999865889549,0.1080000028014183,0.10999999940395355,0.3076511323451996,1.3494465351104736,295.4881896972656,0.09087852388620377,279.78082275390625,267.2186584472656,0.5407383441925049,2.4136362075805664,300.0,0.0912916672726472
20200806.0,1.409999966621399,40.0,12.0,0.05999999865889549,0.1080000028014183,0.10999999940395355,0.3076511323451996,1.3494465351104736,300.0057067871094,0.09815642982721329,280.7568359375,265.600341796875,0.000856842496432364,2.9536831378936768,300.0,0.0916250006606181
20200809.0,1.409999966621399,40.0,12.0,0.05999999865889549,0.1080000028014183,0.10999999940395355,0.3076511323451996,1.3494465351104736,304.21484375,0.10871891677379608,282.3165588378906,270.8719482421875,0.5368149280548096,2.5858352184295654,300.0,0.0911250008891026
20200811.0,1.409999966621399,40.0,12.0,0.05999999865889549,0.1080000028014183,0.10999999940395355,0.3076511323451996,1.3494465351104736,302.1996765136719,0.11537241190671921,281.8202209472656,267.0282287597656,0.5180873870849609,2.2559869289398193,300.0,0.0904166679829359
20200812.0,1.409999966621399,40.0,12.0,0.05999999865889549,0.1080000028014183,0.10999999940395355,0.3076511323451996,1.3494465351104736,300.2204284667969,0.11971164494752884,282.333251953125,267.9420471191406,4.51496696472168,2.039299964904785,300.0,0.0897500008965532
20200814.0,1.409999966621399,40.0,12.0,0.05999999865889549,0.1080000028014183,0.10999999940395355,0.3076511323451996,1.3494465351104736,298.58306884765625,0.13524450361728668,273.83514404296875,258.64739990234375,0.0008523463038727641,2.4312946796417236,300.0,0.0904705883825526
20200817.0,1.409999966621399,40.0,12.0,0.05999999865889549,0.1080000028014183,0.10999999940395355,0.3076511323451996,1.3494465351104736,297.4618835449219,0.15916413068771362,276.3621520996094,263.8017883300781,1.4004082679748535,2.233527421951294,300.0,0.0931739123619121
20200819.0,1.409999966621399,40.0,12.0,0.05999999865889549,0.1080000028014183,0.10999999940395355,0.3076511323451996,1.3494465351104736,299.8230285644531,0.17568711936473846,274.3802490234375,259.5316162109375,0.002159585477784276,2.8214027881622314,300.0,0.0945416667188207
20200820.0,1.409999966621399,40.0,12.0,0.05999999865889549,0.1080000028014183,0.10999999940395355,0.3076511323451996,1.3494465351104736,301.12225341796875,0.1834699511528015,278.85968017578125,265.929931640625,0.009028029628098011,2.0211074352264404,300.0,0.0959166654696067
20200822.0,1.409999966621399,40.0,12.0,0.05999999865889549,0.1080000028014183,0.10999999940395355,0.3076511323451996,1.3494465351104736,296.591796875,0.1909606158733368,280.8945617675781,267.3919677734375,0.37853920459747314,1.5141419172286987,300.0,0.0949166656161348
20200825.0,1.409999966621399,40.0,12.0,0.05999999865889549,0.1080000028014183,0.10999999940395355,0.3076511323451996,1.3494465351104736,298.98016357421875,0.20223481953144073,278.48736572265625,264.77471923828125,0.0,2.2459921836853027,300.0,0.0915416668479641
20200827.0,1.409999966621399,40.0,12.0,0.05999999865889549,0.1080000028014183,0.10999999940395355,0.3076511323451996,1.3494465351104736,300.20172119140625,0.20961911976337433,277.9105224609375,267.7707824707031,0.00136454903986305,1.7109265327453613,300.0,0.090666667247812
20200828.0,1.409999966621399,40.0,12.0,0.05999999865889549,0.1080000028014183,0.10999999940395355,0.3076511323451996,1.3494465351104736,292.83837890625,0.21384330093860626,282.1688232421875,267.6915588378906,3.3507142066955566,1.479161262512207,300.0,0.0889166680475076
20200830.0,1.409999966621399,40.0,12.0,0.05999999865889549,0.1080000028014183,0.10999999940395355,0.3076511323451996,1.3494465351104736,289.2163391113281,0.22586265206336975,260.211669921875,237.92953491210938,8.64719009399414,2.447831869125366,300.0,0.103652175029983
20200902.0,1.409999966621399,40.0,12.0,0.05999999865889549,0.1080000028014183,0.10999999940395355,0.3076511323451996,1.3494465351104736,291.3998718261719,0.24423855543136597,269.2611083984375,252.4347381591797,0.0,2.3562417030334473,300.0,0.12045833406349
20200904.0,1.409999966621399,40.0,12.0,0.05999999865889549,0.1080000028014183,0.10999999940395355,0.3076511323451996,1.3494465351104736,295.0190124511719,0.2570476233959198,274.6783447265625,259.30279541015625,0.0008570413338020444,2.656677007675171,300.0,0.118458333735665
20200905.0,1.409999966621399,40.0,12.0,0.05999999865889549,0.1080000028014183,0.10999999940395355,0.3076511323451996,1.3494465351104736,297.1103820800781,0.26214879751205444,275.14013671875,263.7659912109375,0.009508577175438404,2.270433187484741,300.0,0.118750000062088
20200907.0,1.409999966621399,40.0,12.0,0.05999999865889549,0.1080000028014183,0.10999999940395355,0.3076511323451996,1.3494465351104736,292.2866516113281,0.2633732855319977,275.4188232421875,262.7606201171875,0.010881821624934673,1.3413457870483398,300.0,0.111958334843318
20200910.0,1.409999966621399,40.0,12.0,0.05999999865889549,0.1080000028014183,0.10999999940395355,0.3076511323451996,1.3494465351104736,294.9193420410156,0.2647685706615448,262.0781555175781,242.6284637451172,0.8564549684524536,2.0735387802124023,300.0,0.122250000325342
20200912.0,1.409999966621399,40.0,12.0,0.05999999865889549,0.1080000028014183,0.10999999940395355,0.3076511323451996,1.3494465351104736,296.4825439453125,0.26601481437683105,271.78533935546875,254.31045532226562,0.0,2.256331205368042,300.0,0.12895454601808
20200913.0,1.409999966621399,40.0,12.0,0.05999999865889549,0.1080000028014183,0.10999999940395355,0.3076511323451996,1.3494465351104736,297.2984619140625,0.2652443051338196,271.8162841796875,258.6535949707031,0.0,2.459794044494629,300.0,0.128583334386349
20200915.0,1.409999966621399,40.0,12.0,0.05999999865889549,0.1080000028014183,0.10999999940395355,0.3076511323451996,1.3494465351104736,298.9541015625,0.2543172240257263,278.15240478515625,265.78118896484375,0.05694442242383957,1.7517472505569458,300.0,0.124291667093833
20200918.0,1.409999966621399,40.0,12.0,0.05999999865889549,0.1080000028014183,0.10999999940395355,0.3076511323451996,1.3494465351104736,297.9076232910156,0.23753869533538818,279.40496826171875,267.00439453125,0.0030278563499450684,1.0456186532974243,300.0,0.114583333022892
20200920.0,1.409999966621399,40.0,12.0,0.05999999865889549,0.1080000028014183,0.10999999940395355,0.3076511323451996,1.3494465351104736,294.2151184082031,0.22633394598960876,257.5595397949219,235.54119873046875,1.383958339691162,2.299190044403076,300.0,0.11562499931703
20200921.0,1.409999966621399,40.0,12.0,0.05999999865889549,0.1080000028014183,0.10999999940395355,0.3076511323451996,1.3494465351104736,293.5648498535156,0.22062745690345764,263.4739074707031,241.09130859375,1.1470085382461548,1.934899091720581,300.0,0.127333332385336
20200923.0,1.409999966621399,40.0,12.0,0.05999999865889549,0.1080000028014183,0.10999999940395355,0.3076511323451996,1.3494465351104736,293.6001281738281,0.20841464400291443,256.8372497558594,235.75125122070312,0.652707040309906,2.6188440322875977,300.0,0.208958334599932
20200926.0,1.409999966621399,40.0,12.0,0.05999999865889549,0.1080000028014183,0.10999999940395355,0.3076511323451996,1.3494465351104736,283.8636169433594,0.1901998072862625,246.07553100585938,220.92604064941406,17.08601951599121,1.9067469835281372,300.0,0.243958332886299
20200928.0,1.409999966621399,40.0,12.0,0.05999999865889549,0.1080000028014183,0.10999999940395355,0.3076511323451996,1.3494465351104736,285.4015197753906,0.17836728692054749,243.74644470214844,220.86666870117188,4.13173770904541,2.0224835872650146,300.0,0.257333333293597
20200929.0,1.409999966621399,40.0,12.0,0.05999999865889549,0.1080000028014183,0.10999999940395355,0.3076511323451996,1.3494465351104736,286.2983703613281,0.17209011316299438,244.77915954589844,222.18045043945312,0.0012809094041585922,1.6468546390533447,300.0,0.23587500055631
20201001.0,1.409999966621399,40.0,12.0,0.05999999865889549,0.1080000028014183,0.10999999940395355,0.3076511323451996,1.3494465351104736,287.0148010253906,0.15370967984199524,255.95315551757812,233.22607421875,0.16165952384471893,0.811959981918335,300.0,0.223000003645817
20201004.0,1.409999966621399,40.0,12.0,0.05999999865889549,0.1080000028014183,0.10999999940395355,0.3076511323451996,1.3494465351104736,285.38983154296875,0.12640555202960968,245.83346557617188,222.40936279296875,2.097381353378296,1.799629807472229,300.0,0.248750000571211
20201006.0,1.409999966621399,40.0,12.0,0.05999999865889549,0.1080000028014183,0.10999999940395355,0.3076511323451996,1.3494465351104736,286.9720764160156,0.10781311988830566,249.15745544433594,228.712890625,21.67809295654297,1.1461774110794067,300.0,0.240666664515932
20201007.0,1.409999966621399,40.0,12.0,0.05999999865889549,0.1080000028014183,0.10999999940395355,0.3076511323451996,1.3494465351104736,287.9455871582031,0.10046028345823288,246.5977783203125,224.40121459960938,7.751204013824463,1.562637448310852,300.0,0.261416666209698
20201012.0,1.409999966621399,40.0,12.0,0.05999999865889549,0.1080000028014183,0.10999999940395355,0.3076511323451996,1.3494465351104736,283.0560302734375,0.09614652395248413,250.58102416992188,228.64480590820312,0.31946849822998047,1.4297184944152832,300.0,0.244590908966281
20201014.0,1.409999966621399,40.0,12.0,0.05999999865889549,0.1080000028014183,0.10999999940395355,0.3076511323451996,1.3494465351104736,282.7872619628906,0.09476505219936371,246.6319580078125,223.73333740234375,10.760004043579102,1.6277443170547485,300.0,0.25520833581686
20201015.0,1.409999966621399,40.0,12.0,0.05999999865889549,0.1080000028014183,0.10999999940395355,0.3076511323451996,1.3494465351104736,281.6224365234375,0.09412174671888351,245.11053466796875,223.52700805664062,3.893460512161255,1.3951743841171265,300.0,0.257208328694105
20201017.0,1.409999966621399,40.0,12.0,0.05999999865889549,0.1080000028014183,0.10999999940395355,0.3076511323451996,1.3494465351104736,283.355712890625,0.09315317869186401,245.18182373046875,226.080322265625,0.0012814997462555766,1.4756050109863281,300.0,0.242083332811793
20201020.0,1.409999966621399,40.0,12.0,0.05999999865889549,0.1080000028014183,0.10999999940395355,0.3076511323451996,1.3494465351104736,288.1784362792969,0.09170394390821457,255.13856506347656,235.89288330078125,0.19730369746685028,0.959959864616394,300.0,0.229708336914579
20201022.0,1.409999966621399,40.0,12.0,0.05999999865889549,0.1080000028014183,0.10999999940395355,0.3076511323451996,1.3494465351104736,290.34246826171875,0.09055525809526443,260.97784423828125,242.70819091796875,1.2511327266693115,1.226531744003296,300.0,0.226083329568307
20201023.0,1.409999966621399,40.0,12.0,0.05999999865889549,0.1080000028014183,0.10999999940395355,0.3076511323451996,1.3494465351104736,287.8544006347656,0.09057207405567169,262.5141906738281,246.86761474609375,9.178293228149414,1.092033863067627,300.0,0.225000003352761
20201025.0,1.409999966621399,40.0,12.0,0.05999999865889549,0.1080000028014183,0.10999999940395355,0.3076511323451996,1.3494465351104736,286.12890625,0.0946023240685463,255.44351196289062,242.24166870117188,5.109637260437012,1.475350022315979,300.0,0.227208329985539
20201028.0,1.409999966621399,40.0,12.0,0.05999999865889549,0.1080000028014183,0.10999999940395355,0.3076511323451996,1.3494465351104736,285.8323059082031,0.10092177242040634,250.86419677734375,230.4006805419922,1.2750732898712158,0.5145061016082764,300.0,0.251041662568847
20201030.0,1.409999966621399,40.0,12.0,0.05999999865889549,0.1080000028014183,0.10999999940395355,0.3076511323451996,1.3494465351104736,284.4262390136719,0.10581321269273758,252.66087341308594,234.7064208984375,0.0034405547194182873,1.245007872581482,300.0,0.239583329608043
20201031.0,1.409999966621399,40.0,12.0,0.05999999865889549,0.1080000028014183,0.10999999940395355,0.3076511323451996,1.3494465351104736,284.57769775390625,0.1063399389386177,253.43783569335938,237.44345092773438,0.0008523463038727641,1.0962040424346924,300.0,0.235500000417233
20201102.0,1.409999966621399,40.0,12.0,0.05999999865889549,0.1080000028014183,0.10999999940395355,0.3076511323451996,1.3494465351104736,287.3304138183594,0.09444248676300049,259.7860412597656,242.02210998535156,0.018359819427132607,1.1777170896530151,300.0,0.230083337674538
20201105.0,1.409999966621399,40.0,12.0,0.05999999865889549,0.1080000028014183,0.10999999940395355,0.3076511323451996,1.3494465351104736,283.0491027832031,0.07603148370981216,255.07192993164062,237.93722534179688,0.0,1.1371145248413086,300.0,0.22991667004923
20201107.0,1.409999966621399,40.0,12.0,0.05999999865889549,0.1080000028014183,0.10999999940395355,0.3076511323451996,1.3494465351104736,287.5677795410156,0.06330476701259613,262.015380859375,244.83367919921875,4.250918388366699,0.952870786190033,300.0,0.226916664590438
20201110.0,1.409999966621399,40.0,12.0,0.05999999865889549,0.1080000028014183,0.10999999940395355,0.3076511323451996,1.3494465351104736,285.3108215332031,0.05562056601047516,261.53155517578125,244.6398162841797,2.081596612930298,0.8343109488487244,300.0,0.220625000074506
20201113.0,1.409999966621399,40.0,12.0,0.05999999865889549,0.1080000028014183,0.10999999940395355,0.3076511323451996,1.3494465351104736,286.498046875,0.052609458565711975,261.116943359375,246.43409729003906,0.0017733044223859906,0.88587486743927,300.0,0.213833334545294
20201115.0,1.409999966621399,40.0,12.0,0.05999999865889549,0.1080000028014183,0.10999999940395355,0.3076511323451996,1.3494465351104736,288.3426513671875,0.049781911075115204,262.47296142578125,247.72850036621094,7.756518363952637,1.0661098957061768,300.0,0.209590909155932
20201116.0,1.409999966621399,40.0,12.0,0.05999999865889549,0.1080000028014183,0.10999999940395355,0.3076511323451996,1.3494465351104736,284.7568359375,0.05096130073070526,254.77178955078125,237.50466918945312,1.414692997932434,1.0439445972442627,300.0,0.265434784733731
20201118.0,1.409999966621399,40.0,12.0,0.05999999865889549,0.1080000028014183,0.10999999940395355,0.3076511323451996,1.3494465351104736,285.0318298339844,0.07094836980104446,255.35775756835938,236.82369995117188,0.000852346362080425,0.9849551320075989,300.0,0.244583335394661
20201121.0,1.409999966621399,40.0,12.0,0.05999999865889549,0.1080000028014183,0.10999999940395355,0.3076511323451996,1.3494465351104736,277.7923278808594,0.10239183902740479,250.6816864013672,234.0404052734375,0.00043511379044502974,0.7878580689430237,300.0,0.241583331177632
20201123.0,1.409999966621399,40.0,12.0,0.05999999865889549,0.1080000028014183,0.10999999940395355,0.3076511323451996,1.3494465351104736,278.2317810058594,0.12526561319828033,252.53802490234375,236.73594665527344,0.0,0.6938729286193848,300.0,0.234458331639568
20201124.0,1.409999966621399,40.0,12.0,0.05999999865889549,0.1080000028014183,0.10999999940395355,0.3076511323451996,1.3494465351104736,279.3646240234375,0.1324908435344696,254.1089630126953,236.17063903808594,0.0017252847319468856,0.7029938101768494,300.0,0.231708331033587
20201126.0,1.409999966621399,40.0,12.0,0.05999999865889549,0.1080000028014183,0.10999999940395355,0.3076511323451996,1.3494465351104736,285.129638671875,0.11791817843914032,258.90301513671875,244.62271118164062,0.13271695375442505,0.6940004825592041,300.0,0.229958337421219
20201129.0,1.409999966621399,40.0,12.0,0.05999999865889549,0.1080000028014183,0.10999999940395355,0.3076511323451996,1.3494465351104736,282.2279052734375,0.09474868327379227,256.16766357421875,242.70590209960938,0.0,0.6953001022338867,300.0,0.228000000119209
20201201.0,1.409999966621399,40.0,12.0,0.05999999865889549,0.1080000028014183,0.10999999940395355,0.3076511323451996,1.3494465351104736,278.21124267578125,0.07899890094995499,259.85821533203125,242.4801025390625,5.309354305267334,0.5466700792312622,300.0,0.232000004677545
20201202.0,1.409999966621399,40.0,12.0,0.05999999865889549,0.1080000028014183,0.10999999940395355,0.3076511323451996,1.3494465351104736,276.7362060546875,0.07136153429746628,251.15328979492188,232.56494140625,3.3494722843170166,1.0275954008102417,300.0,0.26890909129923
20201204.0,1.409999966621399,40.0,12.0,0.05999999865889549,0.1080000028014183,0.10999999940395355,0.3076511323451996,1.3494465351104736,277.57781982421875,0.057441346347332,244.65386962890625,223.73294067382812,6.836819648742676,0.729050874710083,300.0,0.269190477473395
20201207.0,1.409999966621399,40.0,12.0,0.05999999865889549,0.1080000028014183,0.10999999940395355,0.3076511323451996,1.3494465351104736,276.5596618652344,0.036818474531173706,247.61041259765625,227.05592346191406,8.820011138916016,0.32511448860168457,300.0,0.272043478229771
20201210.0,1.409999966621399,40.0,12.0,0.05999999865889549,0.1080000028014183,0.10999999940395355,0.3076511323451996,1.3494465351104736,279.5633850097656,0.01660384051501751,242.57003784179688,222.67123413085938,21.35361671447754,0.5790207386016846,300.0,0.274181815710935
20201212.0,1.409999966621399,40.0,12.0,0.05999999865889549,0.1080000028014183,0.10999999940395355,0.3076511323451996,1.3494465351104736,280.8492431640625,0.005492686294019222,239.158447265625,216.31698608398438,15.773415565490723,1.3697216510772705,300.0,0.283333334184828
20201215.0,1.409999966621399,40.0,12.0,0.05999999865889549,0.1080000028014183,0.10999999940395355,0.3076511323451996,1.3494465351104736,283.0546875,0.22492633759975433,245.0184783935547,223.7059783935547,2.591913938522339,0.1712242215871811,300.0,0.261142855598813
20201217.0,1.409999966621399,40.0,12.0,0.05999999865889549,0.1080000028014183,0.10999999940395355,0.3076511323451996,1.3494465351104736,281.1284484863281,0.21456782519817352,245.7333526611328,223.50527954101562,0.07670872658491135,0.3187739849090576,300.0,0.257291664679845
20201218.0,1.409999966621399,40.0,12.0,0.05999999865889549,0.1080000028014183,0.10999999940395355,0.3076511323451996,1.3494465351104736,282.40826416015625,0.20865431427955627,244.44212341308594,223.78306579589844,0.023014280945062637,0.3339534401893616,300.0,0.254625001301368
20201220.0,1.409999966621399,40.0,12.0,0.05999999865889549,0.1080000028014183,0.10999999940395355,0.3076511323451996,1.3494465351104736,281.3432922363281,0.18537674844264984,246.15231323242188,226.1569366455078,7.0975341796875,0.490608811378479,300.0,0.262611112660832
20201223.0,1.409999966621399,40.0,12.0,0.05999999865889549,0.1080000028014183,0.10999999940395355,0.3076511323451996,1.3494465351104736,284.1771545410156,0.15098115801811218,247.43780517578125,226.7469940185547,1.6593385934829712,0.5710340738296509,300.0,0.25945833325386
20201225.0,1.409999966621399,40.0,12.0,0.05999999865889549,0.1080000028014183,0.10999999940395355,0.3076511323451996,1.3494465351104736,275.6818542480469,0.12711189687252045,242.63494873046875,222.2880859375,5.346043109893799,1.3900254964828491,300.0,0.26087499782443
20201226.0,1.409999966621399,40.0,12.0,0.05999999865889549,0.1080000028014183,0.10999999940395355,0.3076511323451996,1.3494465351104736,274.33770751953125,0.11956549435853958,241.31739807128906,222.4191436767578,0.9474577307701111,0.7266935110092163,300.0,0.254833333194256
20201228.0,1.409999966621399,40.0,12.0,0.05999999865889549,0.1080000028014183,0.10999999940395355,0.3076511323451996,1.3494465351104736,277.04803466796875,0.1333044171333313,240.70526123046875,216.36636352539062,17.824426651000977,1.4122986793518066,300.0,0.283999998779858
20201231.0,1.409999966621399,40.0,12.0,0.05999999865889549,0.1080000028014183,0.10999999940395355,0.3076511323451996,1.3494465351104736,278.5204772949219,0.1563572883605957,237.21182250976562,216.7032012939453,10.827228546142578,0.8965334296226501,300.0,0.269238097327096
20210102.0,1.409999966621399,40.0,12.0,0.05999999865889549,0.1080000028014183,0.10999999940395355,0.3076511323451996,1.3494465351104736,273.64935302734375,0.26121973991394043,238.4376220703125,218.91116333007812,0.421755850315094,0.523514986038208,300.0,0.262458331882954
20210103.0,1.409999966621399,40.0,12.0,0.05999999865889549,0.1080000028014183,0.10999999940395355,0.3076511323451996,1.3494465351104736,273.2607421875,0.26004937291145325,242.21925354003906,222.758056640625,0.4451366364955902,0.5416913628578186,300.0,0.25687500089407
20210105.0,1.409999966621399,40.0,12.0,0.05999999865889549,0.1080000028014183,0.10999999940395355,0.3076511323451996,1.3494465351104736,272.59332275390625,0.25980284810066223,240.4552001953125,221.3442840576172,0.9507583379745483,0.3432352542877197,300.0,0.253578946778649
20210111.0,1.409999966621399,40.0,12.0,0.05999999865889549,0.1080000028014183,0.10999999940395355,0.3076511323451996,1.3494465351104736,271.49749755859375,0.26173022389411926,252.86582946777344,238.3135986328125,0.00977410189807415,0.4147263765335083,300.0,0.245875003437201
20210113.0,1.409999966621399,40.0,12.0,0.05999999865889549,0.1080000028014183,0.10999999940395355,0.3076511323451996,1.3494465351104736,279.2263488769531,0.264568030834198,244.49423217773438,225.22483825683594,2.9648802280426025,0.290658175945282,300.0,0.245380957921346
20210116.0,1.409999966621399,40.0,12.0,0.05999999865889549,0.1080000028014183,0.10999999940395355,0.3076511323451996,1.3494465351104736,275.85736083984375,0.2694750130176544,244.82528686523438,224.177001953125,0.030539432540535927,0.6504429578781128,300.0,0.263833332806826
20210118.0,1.409999966621399,40.0,12.0,0.05999999865889549,0.1080000028014183,0.10999999940395355,0.3076511323451996,1.3494465351104736,276.0699768066406,0.2655563950538635,243.32992553710938,224.84756469726562,0.0013097127666696906,0.5849944353103638,300.0,0.267333332449198
20210119.0,1.409999966621399,40.0,12.0,0.05999999865889549,0.1080000028014183,0.10999999940395355,0.3076511323451996,1.3494465351104736,275.15875244140625,0.2594277262687683,247.31417846679688,235.23629760742188,0.0,0.6523802876472473,300.0,0.260333330680927
20210121.0,1.409999966621399,40.0,12.0,0.05999999865889549,0.1080000028014183,0.10999999940395355,0.3076511323451996,1.3494465351104736,280.7546691894531,0.2490009069442749,247.34799194335938,229.36209106445312,0.07393413037061691,0.7043391466140747,300.0,0.255708338071903
20210124.0,1.409999966621399,40.0,12.0,0.05999999865889549,0.1080000028014183,0.10999999940395355,0.3076511323451996,1.3494465351104736,278.0792236328125,0.23209340870380402,234.8919677734375,213.21546936035156,9.490880012512207,1.2443859577178955,300.0,0.284458334247271
20210126.0,1.409999966621399,40.0,12.0,0.05999999865889549,0.1080000028014183,0.10999999940395355,0.3076511323451996,1.3494465351104736,276.1861267089844,0.23581735789775848,235.55203247070312,211.068115234375,1.966643214225769,0.9034482836723328,300.0,0.275666669011116
20210127.0,1.409999966621399,40.0,12.0,0.05999999865889549,0.1080000028014183,0.10999999940395355,0.3076511323451996,1.3494465351104736,281.7291564941406,0.24375194311141968,237.96725463867188,217.1267547607422,14.029281616210938,0.42924997210502625,300.0,0.284222225348155
20210129.0,1.409999966621399,40.0,12.0,0.05999999865889549,0.1080000028014183,0.10999999940395355,0.3076511323451996,1.3494465351104736,283.7429504394531,0.25974544882774353,235.39434814453125,212.12503051757812,4.953084945678711,0.6676980257034302,300.0,0.294958334416151
20210201.0,1.409999966621399,40.0,12.0,0.05999999865889549,0.1080000028014183,0.10999999940395355,0.3076511323451996,1.3494465351104736,282.08221435546875,0.28537437319755554,229.16177368164062,206.89212036132812,32.28713607788086,1.4692718982696533,300.0,0.34049999838074
20210203.0,1.409999966621399,40.0,12.0,0.05999999865889549,0.1080000028014183,0.10999999940395355,0.3076511323451996,1.3494465351104736,284.19879150390625,0.28543412685394287,236.8253936767578,213.9744415283203,0.013774707913398743,0.9373676776885986,300.0,0.286666666467984
20210204.0,1.409999966621399,40.0,12.0,0.05999999865889549,0.1080000028014183,0.10999999940395355,0.3076511323451996,1.3494465351104736,283.7613830566406,0.27549561858177185,237.53829956054688,215.19985961914062,0.031611520797014236,0.6973376870155334,300.0,0.272666669140259
20210206.0,1.409999966621399,40.0,12.0,0.05999999865889549,0.1080000028014183,0.10999999940395355,0.3076511323451996,1.3494465351104736,284.6524658203125,0.25998058915138245,240.3736572265625,217.17556762695312,5.073921203613281,1.1522777080535889,300.0,0.261500002195438
20210209.0,1.409999966621399,40.0,12.0,0.05999999865889549,0.1080000028014183,0.10999999940395355,0.3076511323451996,1.3494465351104736,281.9409484863281,0.2358352690935135,237.02633666992188,211.8426513671875,1.9419288635253906,1.0190939903259277,300.0,0.276333335787058
20210212.0,1.409999966621399,40.0,12.0,0.05999999865889549,0.1080000028014183,0.10999999940395355,0.3076511323451996,1.3494465351104736,280.8936767578125,0.22236064076423645,238.70321655273438,217.48121643066406,9.334606170654297,0.8169760704040527,300.0,0.271458333358169
20210214.0,1.409999966621399,40.0,12.0,0.05999999865889549,0.1080000028014183,0.10999999940395355,0.3076511323451996,1.3494465351104736,278.75555419921875,0.21605516970157623,235.6925048828125,212.71185302734375,0.05973891168832779,1.0834615230560303,300.0,0.265833329409361
20210217.0,1.409999966621399,40.0,12.0,0.05999999865889549,0.1080000028014183,0.10999999940395355,0.3076511323451996,1.3494465351104736,283.32989501953125,0.2073277086019516,243.09352111816406,221.4951171875,0.00170469272416085,1.3638087511062622,300.0,0.251124997933706
20210219.0,1.409999966621399,40.0,12.0,0.05999999865889549,0.1080000028014183,0.10999999940395355,0.3076511323451996,1.3494465351104736,284.2478942871094,0.19572481513023376,246.76036071777344,225.892333984375,0.002625452121719718,1.3055509328842163,300.0,0.246291665981213
20210220.0,1.409999966621399,40.0,12.0,0.05999999865889549,0.1080000028014183,0.10999999940395355,0.3076511323451996,1.3494465351104736,284.4867248535156,0.18659630417823792,247.45013427734375,229.16732788085938,0.010342465713620186,1.4488050937652588,300.0,0.241791664933165
20210222.0,1.409999966621399,40.0,12.0,0.05999999865889549,0.1080000028014183,0.10999999940395355,0.3076511323451996,1.3494465351104736,285.1830749511719,0.16992488503456116,252.56640625,233.63304138183594,5.3645339012146,1.4153170585632324,300.0,0.249826086604077
20210225.0,1.409999966621399,40.0,12.0,0.05999999865889549,0.1080000028014183,0.10999999940395355,0.3076511323451996,1.3494465351104736,284.47418212890625,0.1456431895494461,247.18443298339844,227.74166870117188,0.004242592491209507,1.5333576202392578,300.0,0.257250001033147
20210227.0,1.409999966621399,40.0,12.0,0.05999999865889549,0.1080000028014183,0.10999999940395355,0.3076511323451996,1.3494465351104736,282.8603515625,0.12191203981637955,251.40682983398438,232.7821807861328,0.04725857451558113,1.4838590621948242,300.0,0.249833328649402
20210228.0,1.409999966621399,40.0,12.0,0.05999999865889549,0.1080000028014183,0.10999999940395355,0.3076511323451996,1.3494465351104736,281.39056396484375,0.10573609173297882,251.48333740234375,232.79730224609375,0.012663072906434536,1.5371997356414795,300.0,0.243458334977428
20210302.0,1.409999966621399,40.0,12.0,0.05999999865889549,0.1080000028014183,0.10999999940395355,0.3076511323451996,1.3494465351104736,283.92138671875,0.07585429400205612,255.30126953125,236.32745361328125,0.018603404983878136,1.8546745777130127,300.0,0.232166665916642
20210305.0,1.409999966621399,40.0,12.0,0.05999999865889549,0.1080000028014183,0.10999999940395355,0.3076511323451996,1.3494465351104736,284.01068115234375,0.030233265832066536,256.5120544433594,239.69638061523438,0.2733217477798462,1.4520727396011353,300.0,0.221625002101064
20210307.0,1.409999966621399,40.0,12.0,0.05999999865889549,0.1080000028014183,0.10999999940395355,0.3076511323451996,1.3494465351104736,282.9909362792969,0.025981571525335312,256.4187316894531,238.5361328125,6.762166976928711,1.4791054725646973,300.0,0.217857139451163
20210308.0,1.409999966621399,40.0,12.0,0.05999999865889549,0.1080000028014183,0.10999999940395355,0.3076511323451996,1.3494465351104736,282.2319641113281,0.03417794406414032,256.9669189453125,238.22857666015625,2.0393717288970947,1.6449167728424072,300.0,0.218857139348984
20210310.0,1.409999966621399,40.0,12.0,0.05999999865889549,0.1080000028014183,0.10999999940395355,0.3076511323451996,1.3494465351104736,280.6754150390625,0.050754040479660034,251.98556518554688,234.1351776123047,0.0012934207916259766,1.8755042552947998,300.0,0.20891666598618
20210313.0,1.409999966621399,40.0,12.0,0.05999999865889549,0.1080000028014183,0.10999999940395355,0.3076511323451996,1.3494465351104736,281.81646728515625,0.07712220400571823,257.05242919921875,242.27700805664062,1.4862223863601685,2.004132032394409,300.0,0.18691666610539
20210315.0,1.409999966621399,40.0,12.0,0.05999999865889549,0.1080000028014183,0.10999999940395355,0.3076511323451996,1.3494465351104736,280.19317626953125,0.08139126002788544,250.94879150390625,230.01611328125,5.886870861053467,1.9905567169189453,300.0,0.263954541899941
20210316.0,1.409999966621399,40.0,12.0,0.05999999865889549,0.1080000028014183,0.10999999940395355,0.3076511323451996,1.3494465351104736,281.8912048339844,0.07564160227775574,249.5873260498047,231.67190551757812,2.1022496223449707,1.9001048803329468,300.0,0.257125000158946
20210318.0,1.409999966621399,40.0,12.0,0.05999999865889549,0.1080000028014183,0.10999999940395355,0.3076511323451996,1.3494465351104736,279.2027893066406,0.06754057854413986,253.17095947265625,230.9228515625,0.13040992617607117,1.6698334217071533,300.0,0.255666664491097
20210321.0,1.409999966621399,40.0,12.0,0.05999999865889549,0.1080000028014183,0.10999999940395355,0.3076511323451996,1.3494465351104736,278.992919921875,0.0544753260910511,249.3184814453125,229.88365173339844,0.030345650389790535,2.002819538116455,300.0,0.255999996016423
20210323.0,1.409999966621399,40.0,12.0,0.05999999865889549,0.1080000028014183,0.10999999940395355,0.3076511323451996,1.3494465351104736,281.3162536621094,0.0510096475481987,255.5382080078125,238.54920959472656,0.00043511379044502974,2.290754556655884,300.0,0.237541665633519
20210324.0,1.409999966621399,40.0,12.0,0.05999999865889549,0.1080000028014183,0.10999999940395355,0.3076511323451996,1.3494465351104736,282.7110900878906,0.05229446291923523,256.8850402832031,241.11431884765625,0.0008523463038727641,2.523510456085205,300.0,0.228458335002263
20210326.0,1.409999966621399,40.0,12.0,0.05999999865889549,0.1080000028014183,0.10999999940395355,0.3076511323451996,1.3494465351104736,283.35601806640625,0.053583402186632156,258.6407470703125,243.61570739746094,8.185705184936523,2.099426507949829,300.0,0.212291669100523
20210329.0,1.409999966621399,40.0,12.0,0.05999999865889549,0.1080000028014183,0.10999999940395355,0.3076511323451996,1.3494465351104736,285.35211181640625,0.05617111548781395,261.333251953125,246.32066345214844,0.001709257485345006,2.9930408000946045,300.0,0.19499999905626
20210331.0,1.409999966621399,40.0,12.0,0.05999999865889549,0.1080000028014183,0.10999999940395355,0.3076511323451996,1.3494465351104736,286.3778991699219,0.05260103940963745,264.3404846191406,248.46249389648438,0.0017077277880162,3.584169626235962,300.0,0.172791664799054
20210401.0,1.409999966621399,40.0,12.0,0.05999999865889549,0.1080000028014183,0.10999999940395355,0.3076511323451996,1.3494465351104736,286.4172668457031,0.04774980992078781,264.4404296875,251.34808349609375,0.001723997644148767,3.2476606369018555,300.0,0.162833334257205
20210403.0,1.409999966621399,40.0,12.0,0.05999999865889549,0.1080000028014183,0.10999999940395355,0.3076511323451996,1.3494465351104736,286.43603515625,0.0394020676612854,269.2084655761719,252.4896240234375,0.010697577148675919,2.8272509574890137,300.0,0.148125001539787
20210406.0,1.409999966621399,40.0,12.0,0.05999999865889549,0.1080000028014183,0.10999999940395355,0.3076511323451996,1.3494465351104736,281.6622314453125,0.026583192870020866,267.2998046875,251.752685546875,1.0778011083602905,2.3638112545013428,300.0,0.130374997233351
20210408.0,1.409999966621399,40.0,12.0,0.05999999865889549,0.1080000028014183,0.10999999940395355,0.3076511323451996,1.3494465351104736,282.1192321777344,0.02034841477870941,262.92193603515625,250.24673461914062,0.0,2.9061946868896484,300.0,0.124708333363136
20210409.0,1.409999966621399,40.0,12.0,0.05999999865889549,0.1080000028014183,0.10999999940395355,0.3076511323451996,1.3494465351104736,284.3900146484375,0.018540922552347183,267.522216796875,253.97401428222656,1.0260330438613892,2.5884547233581543,300.0,0.123125000856817
20210411.0,1.409999966621399,40.0,12.0,0.05999999865889549,0.1080000028014183,0.10999999940395355,0.3076511323451996,1.3494465351104736,283.38616943359375,0.014385865069925785,268.99127197265625,255.13949584960938,8.73409652709961,1.3586819171905518,300.0,0.125416667511066
20210414.0,1.409999966621399,40.0,12.0,0.05999999865889549,0.1080000028014183,0.10999999940395355,0.3076511323451996,1.3494465351104736,282.9981384277344,0.008181090466678143,260.0064697265625,242.1715087890625,0.00043511384865269065,3.1220786571502686,300.0,0.147583334396283
20210416.0,1.409999966621399,40.0,12.0,0.05999999865889549,0.1080000028014183,0.10999999940395355,0.3076511323451996,1.3494465351104736,280.9979248046875,0.005517271347343922,262.2291259765625,247.00457763671875,0.08715669810771942,2.763413906097412,300.0,0.137208331997196
20210417.0,1.409999966621399,40.0,12.0,0.05999999865889549,0.1080000028014183,0.10999999940395355,0.3076511323451996,1.3494465351104736,280.79351806640625,0.004774950444698334,263.62286376953125,250.16598510742188,0.09384340792894363,2.3772406578063965,300.0,0.131749998778105
20210419.0,1.409999966621399,40.0,12.0,0.05999999865889549,0.1080000028014183,0.10999999940395355,0.3076511323451996,1.3494465351104736,285.35784912109375,0.003291797824203968,266.7349853515625,251.96826171875,0.0,3.097905158996582,300.0,0.124458333477378
20210422.0,1.409999966621399,40.0,12.0,0.05999999865889549,0.1080000028014183,0.10999999940395355,0.3076511323451996,1.3494465351104736,286.45513916015625,0.0007552385213784873,269.70794677734375,256.1146240234375,0.0021412225905805826,2.876304864883423,300.0,0.118791666813195
20210424.0,1.409999966621399,40.0,12.0,0.05999999865889549,0.1080000028014183,0.10999999940395355,0.3076511323451996,1.3494465351104736,289.1575927734375,0.0031474116258323193,270.3590087890625,257.80462646484375,0.0012940415181219578,3.769073247909546,300.0,0.114791666157544
20210425.0,1.409999966621399,40.0,12.0,0.05999999865889549,0.1080000028014183,0.10999999940395355,0.3076511323451996,1.3494465351104736,287.9189758300781,0.006732198875397444,271.23406982421875,259.0197448730469,0.16527745127677917,2.1133248805999756,300.0,0.112666666818162
20210427.0,1.409999966621399,40.0,12.0,0.05999999865889549,0.1080000028014183,0.10999999940395355,0.3076511323451996,1.3494465351104736,287.4632568359375,0.012916594743728638,263.112548828125,243.99671936035156,2.4677114486694336,1.634372353553772,300.0,0.11258333362639
20210430.0,1.409999966621399,40.0,12.0,0.05999999865889549,0.1080000028014183,0.10999999940395355,0.3076511323451996,1.3494465351104736,286.0035705566406,0.024417132139205933,258.698974609375,240.38465881347656,2.1640539169311523,1.986250877380371,300.0,0.115749999259909
20210502.0,1.409999966621399,40.0,12.0,0.05999999865889549,0.1080000028014183,0.10999999940395355,0.3076511323451996,1.3494465351104736,284.0107116699219,0.006876361556351185,256.7922058105469,237.19342041015625,0.3494715094566345,2.9780611991882324,300.0,0.228500000511607
20210503.0,1.409999966621399,40.0,12.0,0.05999999865889549,0.1080000028014183,0.10999999940395355,0.3076511323451996,1.3494465351104736,285.2773742675781,0.0,260.0533142089844,236.5992431640625,0.000858306884765625,3.4729983806610107,300.0,0.212541666502754
20210505.0,1.409999966621399,40.0,12.0,0.05999999865889549,0.1080000028014183,0.10999999940395355,0.3076511323451996,1.3494465351104736,287.3500671386719,0.0,266.30792236328125,248.25674438476562,1.2165639400482178,2.918674945831299,300.0,0.18099999986589
20210508.0,1.409999966621399,40.0,12.0,0.05999999865889549,0.1080000028014183,0.10999999940395355,0.3076511323451996,1.3494465351104736,290.71868896484375,0.0,264.25946044921875,243.68377685546875,0.0008523463038727641,4.07218074798584,300.0,0.201041667411725
20210510.0,1.409999966621399,40.0,12.0,0.05999999865889549,0.1080000028014183,0.10999999940395355,0.3076511323451996,1.3494465351104736,288.8706359863281,0.0,264.99627685546875,246.66461181640625,5.010194301605225,2.5403149127960205,300.0,0.175208334500591
20210511.0,1.409999966621399,40.0,12.0,0.05999999865889549,0.1080000028014183,0.10999999940395355,0.3076511323451996,1.3494465351104736,283.8379211425781,0.0,264.79913330078125,244.7738037109375,7.519964218139648,3.157877206802368,300.0,0.192111109693845
20210513.0,1.409999966621399,40.0,12.0,0.05999999865889549,0.1080000028014183,0.10999999940395355,0.3076511323451996,1.3494465351104736,286.3267517089844,0.0,256.22601318359375,233.11868286132812,8.587102890014648,3.4778997898101807,300.0,0.234260868767033
20210516.0,1.409999966621399,40.0,12.0,0.05999999865889549,0.1080000028014183,0.10999999940395355,0.3076511323451996,1.3494465351104736,286.1966552734375,0.0,257.1748046875,234.8843994140625,6.324871063232422,1.2826868295669556,300.0,0.270416668305794
20210518.0,1.409999966621399,40.0,12.0,0.05999999865889549,0.1080000028014183,0.10999999940395355,0.3076511323451996,1.3494465351104736,286.329345703125,0.0,259.5496826171875,234.62550354003906,1.5060170888900757,3.046143054962158,300.0,0.238874998564521
20210519.0,1.409999966621399,40.0,12.0,0.05999999865889549,0.1080000028014183,0.10999999940395355,0.3076511323451996,1.3494465351104736,285.8168640136719,0.0,260.4329833984375,238.87405395507812,1.6131324768066406,3.1233818531036377,300.0,0.229958332454165
20210521.0,1.409999966621399,40.0,12.0,0.05999999865889549,0.1080000028014183,0.10999999940395355,0.3076511323451996,1.3494465351104736,288.7244873046875,0.0,264.09674072265625,241.9884033203125,4.247408390045166,3.6505134105682373,300.0,0.207041665911674
20210524.0,1.409999966621399,40.0,12.0,0.05999999865889549,0.1080000028014183,0.10999999940395355,0.3076511323451996,1.3494465351104736,285.912109375,0.0,265.24249267578125,245.80538940429688,1.007681131362915,2.0854592323303223,300.0,0.18104166785876
20210526.0,1.409999966621399,40.0,12.0,0.05999999865889549,0.1080000028014183,0.10999999940395355,0.3076511323451996,1.3494465351104736,287.7225646972656,0.030752835795283318,268.04510498046875,249.7705535888672,0.0017150634666904807,3.2349765300750732,300.0,0.160958334803581
20210527.0,1.409999966621399,40.0,12.0,0.05999999865889549,0.1080000028014183,0.10999999940395355,0.3076511323451996,1.3494465351104736,290.3652648925781,0.03301161155104637,271.578125,253.51315307617188,0.0,4.199397563934326,300.0,0.149833330884576
20210529.0,1.409999966621399,40.0,12.0,0.05999999865889549,0.1080000028014183,0.10999999940395355,0.3076511323451996,1.3494465351104736,292.76873779296875,0.03754314035177231,273.41571044921875,257.2926025390625,1.4929475784301758,3.1869399547576904,300.0,0.132958334560196
20210601.0,1.409999966621399,40.0,12.0,0.05999999865889549,0.1080000028014183,0.10999999940395355,0.3076511323451996,1.3494465351104736,292.2214660644531,0.043132584542036057,277.095947265625,259.70831298828125,4.450349807739258,2.8256893157958984,300.0,0.121625000610948
20210603.0,1.409999966621399,40.0,12.0,0.05999999865889549,0.1080000028014183,0.10999999940395355,0.3076511323451996,1.3494465351104736,293.4906005859375,0.06309466063976288,275.60015869140625,257.72039794921875,0.0012771693291142583,3.5601158142089844,300.0,0.119291666895151
20210604.0,1.409999966621399,40.0,12.0,0.05999999865889549,0.1080000028014183,0.10999999940395355,0.3076511323451996,1.3494465351104736,291.2744445800781,0.08284325152635574,273.842529296875,261.08856201171875,13.853020668029785,1.8153852224349976,300.0,0.140000000596046
20210606.0,1.409999966621399,40.0,12.0,0.05999999865889549,0.1080000028014183,0.10999999940395355,0.3076511323451996,1.3494465351104736,290.1425476074219,0.11908619105815887,264.80181884765625,240.83489990234375,0.07359928637742996,3.0086512565612793,300.0,0.18675000158449
20210609.0,1.409999966621399,40.0,12.0,0.05999999865889549,0.1080000028014183,0.10999999940395355,0.3076511323451996,1.3494465351104736,294.4277648925781,0.17818883061408997,274.0426025390625,258.62432861328125,0.0,4.826007843017578,300.0,0.130499999970198
20210611.0,1.409999966621399,40.0,12.0,0.05999999865889549,0.1080000028014183,0.10999999940395355,0.3076511323451996,1.3494465351104736,296.02490234375,0.1936665028333664,278.92449951171875,261.6715087890625,0.033549997955560684,3.894217014312744,300.0,0.120083332682649
20210612.0,1.409999966621399,40.0,12.0,0.05999999865889549,0.1080000028014183,0.10999999940395355,0.3076511323451996,1.3494465351104736,297.2854919433594,0.18681029975414276,277.7239990234375,264.2349853515625,0.06328986585140228,3.8571438789367676,300.0,0.117624999955297
20210614.0,1.409999966621399,40.0,12.0,0.05999999865889549,0.1080000028014183,0.10999999940395355,0.3076511323451996,1.3494465351104736,299.3752746582031,0.1793496012687683,279.3902587890625,266.10888671875,0.0,4.589126110076904,300.0,0.114499999210238
20210617.0,1.409999966621399,40.0,12.0,0.05999999865889549,0.1080000028014183,0.10999999940395355,0.3076511323451996,1.3494465351104736,296.9473571777344,0.1678667515516281,280.68695068359375,266.117431640625,1.1225595474243164,2.468010187149048,300.0,0.125652173938959
20210619.0,1.409999966621399,40.0,12.0,0.05999999865889549,0.1080000028014183,0.10999999940395355,0.3076511323451996,1.3494465351104736,298.323974609375,0.15026937425136566,263.3550109863281,234.96035766601562,1.2448166608810425,2.391005754470825,300.0,0.167124995961785
20210620.0,1.409999966621399,40.0,12.0,0.05999999865889549,0.1080000028014183,0.10999999940395355,0.3076511323451996,1.3494465351104736,296.0521545410156,0.13580599427223206,265.0732421875,241.64749145507812,17.388961791992188,3.089214324951172,300.0,0.173999998880469
20210622.0,1.409999966621399,40.0,12.0,0.05999999865889549,0.1080000028014183,0.10999999940395355,0.3076511323451996,1.3494465351104736,291.8557434082031,0.10974043607711792,257.46624755859375,232.48843383789062,1.5200419425964355,3.5400054454803467,300.0,0.243916666135192
20210625.0,1.409999966621399,40.0,12.0,0.05999999865889549,0.1080000028014183,0.10999999940395355,0.3076511323451996,1.3494465351104736,292.99200439453125,0.07108046859502792,256.44970703125,232.20375061035156,0.001105666160583496,3.7302019596099854,300.0,0.23195833278199
20210627.0,1.409999966621399,40.0,12.0,0.05999999865889549,0.1080000028014183,0.10999999940395355,0.3076511323451996,1.3494465351104736,295.7786865234375,0.0474989078938961,263.75518798828125,241.93861389160156,4.559948444366455,2.991427421569824,300.0,0.212333331505458
20210628.0,1.409999966621399,40.0,12.0,0.05999999865889549,0.1080000028014183,0.10999999940395355,0.3076511323451996,1.3494465351104736,291.86273193359375,0.036760054528713226,259.7261962890625,237.75210571289062,1.9950941801071167,3.1305134296417236,300.0,0.23208333303531
20210630.0,1.409999966621399,40.0,12.0,0.05999999865889549,0.1080000028014183,0.10999999940395355,0.3076511323451996,1.3494465351104736,292.309326171875,0.015227219089865685,262.19097900390625,241.04632568359375,0.04262460768222809,3.267969846725464,300.0,0.214499999458591
20210703.0,1.409999966621399,40.0,12.0,0.05999999865889549,0.1080000028014183,0.10999999940395355,0.3076511323451996,1.3494465351104736,296.2059020996094,0.0,272.19586181640625,255.50624084472656,2.8733372688293457,2.7867634296417236,300.0,0.169083334505558
20210705.0,1.409999966621399,40.0,12.0,0.05999999865889549,0.1080000028014183,0.10999999940395355,0.3076511323451996,1.3494465351104736,296.80047607421875,0.0,259.8958435058594,238.12744140625,0.0,4.476984977722168,300.0,0.211458334699273
20210706.0,1.409999966621399,40.0,12.0,0.05999999865889549,0.1080000028014183,0.10999999940395355,0.3076511323451996,1.3494465351104736,293.7634582519531,0.0,265.4991760253906,245.31341552734375,6.8489766120910645,2.7762155532836914,300.0,0.199916666994492
20210708.0,1.409999966621399,40.0,12.0,0.05999999865889549,0.1080000028014183,0.10999999940395355,0.3076511323451996,1.3494465351104736,290.81689453125,0.0,264.1551818847656,244.65948486328125,1.407192587852478,2.9397809505462646,300.0,0.178000001236796
20210711.0,1.409999966621399,40.0,12.0,0.05999999865889549,0.1080000028014183,0.10999999940395355,0.3076511323451996,1.3494465351104736,297.4646301269531,0.0004862760251853615,271.971923828125,252.45013427734375,0.0008523463038727641,4.251871585845947,300.0,0.141749998554587
20210713.0,1.409999966621399,40.0,12.0,0.05999999865889549,0.1080000028014183,0.10999999940395355,0.3076511323451996,1.3494465351104736,288.27655029296875,0.013361806981265545,263.352294921875,247.6492462158203,16.85891342163086,3.5700783729553223,300.0,0.131624998524785
20210714.0,1.409999966621399,40.0,12.0,0.05999999865889549,0.1080000028014183,0.10999999940395355,0.3076511323451996,1.3494465351104736,288.8537292480469,0.02291364222764969,259.1029052734375,241.27182006835938,7.150890827178955,2.2779452800750732,300.0,0.145578947506453
20210716.0,1.409999966621399,40.0,12.0,0.05999999865889549,0.1080000028014183,0.10999999940395355,0.3076511323451996,1.3494465351104736,292.9765930175781,0.04094954580068588,263.0920104980469,243.4010467529297,0.41886329650878906,3.0525918006896973,300.0,0.16204166598618
20210719.0,1.409999966621399,40.0,12.0,0.05999999865889549,0.1080000028014183,0.10999999940395355,0.3076511323451996,1.3494465351104736,297.7642822265625,0.07017158716917038,271.1173400878906,258.11883544921875,0.0,4.444929122924805,300.0,0.125458335814377
20210721.0,1.409999966621399,40.0,12.0,0.05999999865889549,0.1080000028014183,0.10999999940395355,0.3076511323451996,1.3494465351104736,299.67559814453125,0.0723036453127861,275.73974609375,262.109619140625,0.05384233221411705,4.009812831878662,300.0,0.115958332705001
20210722.0,1.409999966621399,40.0,12.0,0.05999999865889549,0.1080000028014183,0.10999999940395355,0.3076511323451996,1.3494465351104736,300.7105712890625,0.06313619017601013,277.57855224609375,262.81048583984375,0.0,4.567821979522705,300.0,0.113708332801859
20210724.0,1.409999966621399,40.0,12.0,0.05999999865889549,0.1080000028014183,0.10999999940395355,0.3076511323451996,1.3494465351104736,296.6106262207031,0.04928741231560707,277.459228515625,262.75146484375,0.46500006318092346,2.416168451309204,300.0,0.108666667404274
20210729.0,1.409999966621399,40.0,12.0,0.05999999865889549,0.1080000028014183,0.10999999940395355,0.3076511323451996,1.3494465351104736,297.5587158203125,0.019765648990869522,266.8447265625,247.65896606445312,0.32270801067352295,3.4991605281829834,300.0,0.112555554757516
20210730.0,1.409999966621399,40.0,12.0,0.05999999865889549,0.1080000028014183,0.10999999940395355,0.3076511323451996,1.3494465351104736,295.39727783203125,0.019697124138474464,271.25128173828125,256.70928955078125,2.488483428955078,1.842308759689331,300.0,0.114500001072884
20210801.0,1.409999966621399,40.0,12.0,0.05999999865889549,0.1080000028014183,0.10999999940395355,0.3076511323451996,1.3494465351104736,291.03973388671875,0.017946476116776466,265.0080261230469,248.33949279785156,2.9313783645629883,2.7961251735687256,300.0,0.113458333847423
20210804.0,1.409999966621399,40.0,12.0,0.05999999865889549,0.1080000028014183,0.10999999940395355,0.3076511323451996,1.3494465351104736,292.80706787109375,0.013366620987653732,261.1789245605469,242.8640899658203,13.472349166870117,2.749358892440796,300.0,0.11837499961257
20210806.0,1.409999966621399,40.0,12.0,0.05999999865889549,0.1080000028014183,0.10999999940395355,0.3076511323451996,1.3494465351104736,295.0085144042969,0.039826899766922,267.2596435546875,248.60787963867188,0.2075035721063614,2.8065946102142334,300.0,0.136409093033184
20210807.0,1.409999966621399,40.0,12.0,0.05999999865889549,0.1080000028014183,0.10999999940395355,0.3076511323451996,1.3494465351104736,292.37310791015625,0.07106095552444458,268.2022399902344,251.18890380859375,2.9958479404449463,2.0908422470092773,300.0,0.134750004857779
20210809.0,1.409999966621399,40.0,12.0,0.05999999865889549,0.1080000028014183,0.10999999940395355,0.3076511323451996,1.3494465351104736,295.66741943359375,0.12808389961719513,269.24969482421875,255.38619995117188,0.000852346362080425,3.6321656703948975,300.0,0.12541666906327
20210812.0,1.409999966621399,40.0,12.0,0.05999999865889549,0.1080000028014183,0.10999999940395355,0.3076511323451996,1.3494465351104736,301.8249816894531,0.2219824492931366,277.0968017578125,266.4041442871094,2.726444959640503,3.600900173187256,300.0,0.110749999992549
20210814.0,1.409999966621399,40.0,12.0,0.05999999865889549,0.1080000028014183,0.10999999940395355,0.3076511323451996,1.3494465351104736,303.0291748046875,0.26157233119010925,277.10955810546875,266.80682373046875,0.0022817153949290514,3.621530532836914,300.0,0.10741666611284
20210815.0,1.409999966621399,40.0,12.0,0.05999999865889549,0.1080000028014183,0.10999999940395355,0.3076511323451996,1.3494465351104736,299.3563232421875,0.2710139751434326,277.1600646972656,267.84918212890625,0.1613013595342636,2.0018508434295654,300.0,0.105499998355905
20210817.0,1.409999966621399,40.0,12.0,0.05999999865889549,0.1080000028014183,0.10999999940395355,0.3076511323451996,1.3494465351104736,292.873291015625,0.29006752371788025,275.13018798828125,263.314208984375,0.05365060269832611,1.2770540714263916,300.0,0.102125000208616
20210820.0,1.409999966621399,40.0,12.0,0.05999999865889549,0.1080000028014183,0.10999999940395355,0.3076511323451996,1.3494465351104736,298.7630310058594,0.31909430027008057,276.198486328125,265.71685791015625,0.001722574234008789,2.4105894565582275,300.0,0.100583333211641
20210822.0,1.409999966621399,40.0,12.0,0.05999999865889549,0.1080000028014183,0.10999999940395355,0.3076511323451996,1.3494465351104736,298.0654296875,0.3384566605091095,280.1873779296875,268.4979553222656,0.015429986640810966,1.4059672355651855,300.0,0.0989583327124516
20210823.0,1.409999966621399,40.0,12.0,0.05999999865889549,0.1080000028014183,0.10999999940395355,0.3076511323451996,1.3494465351104736,296.5305480957031,0.34806081652641296,276.6080627441406,267.18768310546875,0.0008327430114150047,1.5900168418884277,300.0,0.0979583341007431
20210825.0,1.409999966621399,40.0,12.0,0.05999999865889549,0.1080000028014183,0.10999999940395355,0.3076511323451996,1.3494465351104736,297.7522888183594,0.3674981892108917,276.137939453125,265.12384033203125,0.002596150618046522,1.901333212852478,300.0,0.0968333330626289
20210828.0,1.409999966621399,40.0,12.0,0.05999999865889549,0.1080000028014183,0.10999999940395355,0.3076511323451996,1.3494465351104736,294.8569641113281,0.397388219833374,275.5361328125,264.7664794921875,0.00042617321014404297,1.446285367012024,300.0,0.0939583340659738
20210830.0,1.409999966621399,40.0,12.0,0.05999999865889549,0.1080000028014183,0.10999999940395355,0.3076511323451996,1.3494465351104736,295.7066650390625,0.41311314702033997,277.11572265625,266.98077392578125,0.0004410743713378906,1.4660208225250244,300.0,0.0920909091152928
20210831.0,1.409999966621399,40.0,12.0,0.05999999865889549,0.1080000028014183,0.10999999940395355,0.3076511323451996,1.3494465351104736,296.38519287109375,0.4184117317199707,275.887939453125,265.26641845703125,0.00043511379044502974,1.4838309288024902,300.0,0.0928181816231121
20210902.0,1.409999966621399,40.0,12.0,0.05999999865889549,0.1080000028014183,0.10999999940395355,0.3076511323451996,1.3494465351104736,294.185546875,0.4301708936691284,275.6795654296875,263.1858825683594,1.0459930896759033,0.9733417630195618,300.0,0.0903888903558254
20210905.0,1.409999966621399,40.0,12.0,0.05999999865889549,0.1080000028014183,0.10999999940395355,0.3076511323451996,1.3494465351104736,297.9779968261719,0.4495311677455902,267.5728454589844,252.60781860351562,0.0013434224529191852,2.457183361053467,300.0,0.102944444037146
20210907.0,1.409999966621399,40.0,12.0,0.05999999865889549,0.1080000028014183,0.10999999940395355,0.3076511323451996,1.3494465351104736,298.4229736328125,0.43931424617767334,275.60931396484375,261.0042724609375,0.05641261860728264,1.384689450263977,300.0,0.10720833328863
20210908.0,1.409999966621399,40.0,12.0,0.05999999865889549,0.1080000028014183,0.10999999940395355,0.3076511323451996,1.3494465351104736,297.3891906738281,0.42085644602775574,277.89691162109375,262.5797119140625,6.270678520202637,1.5924969911575317,300.0,0.106916666962206
20210910.0,1.409999966621399,40.0,12.0,0.05999999865889549,0.1080000028014183,0.10999999940395355,0.3076511323451996,1.3494465351104736,294.2569885253906,0.39003968238830566,249.7064208984375,228.89727783203125,6.742705345153809,2.669502019882202,300.0,0.156916664913297
20210913.0,1.409999966621399,40.0,12.0,0.05999999865889549,0.1080000028014183,0.10999999940395355,0.3076511323451996,1.3494465351104736,295.6257629394531,0.3425971567630768,264.8249206542969,243.5342254638672,0.0054910448379814625,2.8684756755828857,300.0,0.173458330333233
20210915.0,1.409999966621399,40.0,12.0,0.05999999865889549,0.1080000028014183,0.10999999940395355,0.3076511323451996,1.3494465351104736,295.9791259765625,0.32648858428001404,268.0828857421875,248.033447265625,9.057099342346191,2.7823946475982666,300.0,0.170999999468525
20210916.0,1.409999966621399,40.0,12.0,0.05999999865889549,0.1080000028014183,0.10999999940395355,0.3076511323451996,1.3494465351104736,291.9745788574219,0.32714006304740906,260.11077880859375,243.61868286132812,9.763093948364258,1.5737934112548828,300.0,0.204166667535901
20210918.0,1.409999966621399,40.0,12.0,0.05999999865889549,0.1080000028014183,0.10999999940395355,0.3076511323451996,1.3494465351104736,289.716796875,0.3247593939304352,259.94854736328125,241.81590270996094,8.368989944458008,1.5590928792953491,300.0,0.225739127267962
20210923.0,1.409999966621399,40.0,12.0,0.05999999865889549,0.1080000028014183,0.10999999940395355,0.3076511323451996,1.3494465351104736,291.21514892578125,0.3300885856151581,255.37046813964844,235.15724182128906,0.0058149732649326324,2.2293014526367188,300.0,0.227041667327285
20210924.0,1.409999966621399,40.0,12.0,0.05999999865889549,0.1080000028014183,0.10999999940395355,0.3076511323451996,1.3494465351104736,291.6770324707031,0.3393010199069977,258.9576416015625,242.29071044921875,0.0006339284591376781,2.89017653465271,300.0,0.219541667029262
20210926.0,1.409999966621399,40.0,12.0,0.05999999865889549,0.1080000028014183,0.10999999940395355,0.3076511323451996,1.3494465351104736,292.4770812988281,0.35787490010261536,264.17291259765625,245.38238525390625,0.0902022272348404,2.041412115097046,300.0,0.218249998365839
20210929.0,1.409999966621399,40.0,12.0,0.05999999865889549,0.1080000028014183,0.10999999940395355,0.3076511323451996,1.3494465351104736,290.01019287109375,0.38724273443222046,264.11224365234375,247.18035888671875,2.515300989151001,1.9628363847732544,300.0,0.20254166610539
20211001.0,1.409999966621399,40.0,12.0,0.05999999865889549,0.1080000028014183,0.10999999940395355,0.3076511323451996,1.3494465351104736,288.96697998046875,0.3923255205154419,263.5260925292969,250.10501098632812,0.7887171506881714,1.9958117008209229,300.0,0.190666666875283
20211002.0,1.409999966621399,40.0,12.0,0.05999999865889549,0.1080000028014183,0.10999999940395355,0.3076511323451996,1.3494465351104736,290.4674987792969,0.3863142728805542,265.4322509765625,251.13137817382812,0.003873803187161684,2.4082388877868652,300.0,0.183250003183881
20211004.0,1.409999966621399,40.0,12.0,0.05999999865889549,0.1080000028014183,0.10999999940395355,0.3076511323451996,1.3494465351104736,286.4751281738281,0.3779599964618683,253.03872680664062,236.1383819580078,6.648805141448975,2.0458920001983643,300.0,0.244416665285826
20211007.0,1.409999966621399,40.0,12.0,0.05999999865889549,0.1080000028014183,0.10999999940395355,0.3076511323451996,1.3494465351104736,286.3094787597656,0.36373409628868103,255.4615936279297,235.03378295898438,0.0,2.1135880947113037,300.0,0.22825000124673
20211009.0,1.409999966621399,40.0,12.0,0.05999999865889549,0.1080000028014183,0.10999999940395355,0.3076511323451996,1.3494465351104736,286.20458984375,0.36843615770339966,260.9105529785156,242.81298828125,0.045890673995018005,1.1386630535125732,300.0,0.213458333785335
20211010.0,1.409999966621399,40.0,12.0,0.05999999865889549,0.1080000028014183,0.10999999940395355,0.3076511323451996,1.3494465351104736,287.5898132324219,0.3790820837020874,262.1206359863281,244.356689453125,0.005638533271849155,1.1809011697769165,300.0,0.207666666557391
20211012.0,1.409999966621399,40.0,12.0,0.05999999865889549,0.1080000028014183,0.10999999940395355,0.3076511323451996,1.3494465351104736,284.5757141113281,0.3969939351081848,262.73077392578125,246.14251708984375,0.0008523463038727641,1.701906681060791,300.0,0.192583333080014
20211015.0,1.409999966621399,40.0,12.0,0.05999999865889549,0.1080000028014183,0.10999999940395355,0.3076511323451996,1.3494465351104736,287.117431640625,0.4253028333187103,264.93756103515625,253.17529296875,0.0008523463038727641,1.5093423128128052,300.0,0.172749997427066
20211017.0,1.409999966621399,40.0,12.0,0.05999999865889549,0.1080000028014183,0.10999999940395355,0.3076511323451996,1.3494465351104736,286.7994079589844,0.43879806995391846,264.88446044921875,253.8406524658203,0.001710653305053711,1.5550894737243652,300.0,0.16137499983112
20211018.0,1.409999966621399,40.0,12.0,0.05999999865889549,0.1080000028014183,0.10999999940395355,0.3076511323451996,1.3494465351104736,288.0992736816406,0.4423057734966278,266.68841552734375,256.6943664550781,0.0010934140300378203,1.5394389629364014,300.0,0.157250004510085
20211020.0,1.409999966621399,40.0,12.0,0.05999999865889549,0.1080000028014183,0.10999999940395355,0.3076511323451996,1.3494465351104736,291.6827392578125,0.45073723793029785,269.9426574707031,261.11767578125,0.8358927369117737,1.423762321472168,300.0,0.151124997685353
20211023.0,1.409999966621399,40.0,12.0,0.05999999865889549,0.1080000028014183,0.10999999940395355,0.3076511323451996,1.3494465351104736,283.8193054199219,0.4654701352119446,264.24725341796875,248.43447875976562,0.000858306884765625,1.3387210369110107,300.0,0.160349997133017
20211025.0,1.409999966621399,40.0,12.0,0.05999999865889549,0.1080000028014183,0.10999999940395355,0.3076511323451996,1.3494465351104736,285.8093566894531,0.4459388852119446,264.48577880859375,252.77786254882812,0.004292810335755348,1.1778587102890015,300.0,0.15625000372529
20211026.0,1.409999966621399,40.0,12.0,0.05999999865889549,0.1080000028014183,0.10999999940395355,0.3076511323451996,1.3494465351104736,284.8128967285156,0.41940051317214966,267.1573486328125,253.22589111328125,0.555526614189148,0.7533942461013794,300.0,0.153833332161109
20211028.0,1.409999966621399,40.0,12.0,0.05999999865889549,0.1080000028014183,0.10999999940395355,0.3076511323451996,1.3494465351104736,287.1283874511719,0.3743754029273987,267.93499755859375,255.87106323242188,0.0013717678375542164,1.1603972911834717,300.0,0.147166666885217
20211031.0,1.409999966621399,40.0,12.0,0.05999999865889549,0.1080000028014183,0.10999999940395355,0.3076511323451996,1.3494465351104736,289.54327392578125,0.30553877353668213,269.90081787109375,258.170166015625,7.605775356292725,1.3006858825683594,300.0,0.140166665737828
20211102.0,1.409999966621399,40.0,12.0,0.05999999865889549,0.1080000028014183,0.10999999940395355,0.3076511323451996,1.3494465351104736,284.2552490234375,0.2901206314563751,255.34873962402344,238.211669921875,6.175440311431885,1.4482667446136475,300.0,0.23587500055631
20211103.0,1.409999966621399,40.0,12.0,0.05999999865889549,0.1080000028014183,0.10999999940395355,0.3076511323451996,1.3494465351104736,281.3522644042969,0.29425865411758423,254.5377197265625,236.20704650878906,6.871589183807373,1.258735179901123,300.0,0.255124996726712
20211105.0,1.409999966621399,40.0,12.0,0.05999999865889549,0.1080000028014183,0.10999999940395355,0.3076511323451996,1.3494465351104736,280.0143737792969,0.3025663197040558,253.67791748046875,233.00404357910156,2.377458095550537,1.068541169166565,300.0,0.238624999299645
20211110.0,1.409999966621399,40.0,12.0,0.05999999865889549,0.1080000028014183,0.10999999940395355,0.3076511323451996,1.3494465351104736,279.1238708496094,0.3275867700576782,253.15814208984375,235.28041076660156,5.593786716461182,0.2836672067642212,300.0,0.238636367022991
20211111.0,1.409999966621399,40.0,12.0,0.05999999865889549,0.1080000028014183,0.10999999940395355,0.3076511323451996,1.3494465351104736,283.1877136230469,0.33677834272384644,248.49700927734375,230.22470092773438,4.9188456535339355,0.6728543639183044,300.0,0.256583334257205
20211113.0,1.409999966621399,40.0,12.0,0.05999999865889549,0.1080000028014183,0.10999999940395355,0.3076511323451996,1.3494465351104736,283.2821350097656,0.35413452982902527,254.33326721191406,234.65545654296875,1.2263556718826294,0.37228575348854065,300.0,0.240208328391115
20211116.0,1.409999966621399,40.0,12.0,0.05999999865889549,0.1080000028014183,0.10999999940395355,0.3076511323451996,1.3494465351104736,281.50140380859375,0.38170918822288513,251.180419921875,232.6103057861328,0.059678688645362854,0.63904869556427,300.0,0.244333333646258
20211118.0,1.409999966621399,40.0,12.0,0.05999999865889549,0.1080000028014183,0.10999999940395355,0.3076511323451996,1.3494465351104736,281.20697021484375,0.38744598627090454,252.65274047851562,233.0498046875,0.1514902412891388,0.775098979473114,300.0,0.234999999403954
20211119.0,1.409999966621399,40.0,12.0,0.05999999865889549,0.1080000028014183,0.10999999940395355,0.3076511323451996,1.3494465351104736,279.7455139160156,0.3828456997871399,250.64920043945312,231.79733276367188,0.000852346362080425,0.8190571069717407,300.0,0.231416668122013
20211121.0,1.409999966621399,40.0,12.0,0.05999999865889549,0.1080000028014183,0.10999999940395355,0.3076511323451996,1.3494465351104736,282.1658020019531,0.37683773040771484,253.05978393554688,236.18368530273438,2.227479934692383,0.68055659532547,300.0,0.229208334659537
20211126.0,1.409999966621399,40.0,12.0,0.05999999865889549,0.1080000028014183,0.10999999940395355,0.3076511323451996,1.3494465351104736,277.9491882324219,0.3765309154987335,241.7635498046875,222.94952392578125,4.674539566040039,1.3081167936325073,300.0,0.264624999215205
20211127.0,1.409999966621399,40.0,12.0,0.05999999865889549,0.1080000028014183,0.10999999940395355,0.3076511323451996,1.3494465351104736,278.1939392089844,0.39241912961006165,242.0582275390625,222.40618896484375,18.599491119384766,1.2847561836242676,300.0,0.263333335518837
20211129.0,1.409999966621399,40.0,12.0,0.05999999865889549,0.1080000028014183,0.10999999940395355,0.3076511323451996,1.3494465351104736,273.8720703125,0.42004677653312683,240.99435424804688,221.30409240722656,1.6101332902908325,0.45122331380844116,300.0,0.250249998023113
20211202.0,1.409999966621399,40.0,12.0,0.05999999865889549,0.1080000028014183,0.10999999940395355,0.3076511323451996,1.3494465351104736,278.03692626953125,0.4640938937664032,241.9659881591797,220.84332275390625,8.158474922180176,1.0451184511184692,300.0,0.264190475145976
20211204.0,1.409999966621399,40.0,12.0,0.05999999865889549,0.1080000028014183,0.10999999940395355,0.3076511323451996,1.3494465351104736,281.3681945800781,0.48149022459983826,246.37918090820312,223.37234497070312,17.80272102355957,1.0899033546447754,300.0,0.265350000560284
20211205.0,1.409999966621399,40.0,12.0,0.05999999865889549,0.1080000028014183,0.10999999940395355,0.3076511323451996,1.3494465351104736,277.55792236328125,0.4829511344432831,236.54226684570312,218.01376342773438,18.999509811401367,0.8285751342773438,300.0,0.273666668505896
20211207.0,1.409999966621399,40.0,12.0,0.05999999865889549,0.1080000028014183,0.10999999940395355,0.3076511323451996,1.3494465351104736,280.1780090332031,0.4889778792858124,242.14981079101562,221.69931030273438,5.170332908630371,0.6845694780349731,300.0,0.257249999791384
20211210.0,1.409999966621399,40.0,12.0,0.05999999865889549,0.1080000028014183,0.10999999940395355,0.3076511323451996,1.3494465351104736,279.6390075683594,0.497806191444397,236.4016571044922,214.5310516357422,35.14607620239258,1.2050964832305908,300.0,0.301583331078291
20211212.0,1.409999966621399,40.0,12.0,0.05999999865889549,0.1080000028014183,0.10999999940395355,0.3076511323451996,1.3494465351104736,279.0889587402344,0.4989874064922333,236.7615509033203,215.4466094970703,0.004452069755643606,0.36809641122817993,300.0,0.263666664560636
20211213.0,1.409999966621399,40.0,12.0,0.05999999865889549,0.1080000028014183,0.10999999940395355,0.3076511323451996,1.3494465351104736,279.04217529296875,0.4976705014705658,236.7548828125,216.74957275390625,0.0008702277555130422,0.7002773880958557,300.0,0.256874999652306
20211215.0,1.409999966621399,40.0,12.0,0.05999999865889549,0.1080000028014183,0.10999999940395355,0.3076511323451996,1.3494465351104736,277.8106994628906,0.4950393736362457,238.79263305664062,216.26295471191406,0.012067556381225586,0.3476852476596832,300.0,0.249583331247171
20211218.0,1.409999966621399,40.0,12.0,0.05999999865889549,0.1080000028014183,0.10999999940395355,0.3076511323451996,1.3494465351104736,279.6816711425781,0.49201419949531555,240.4254608154297,217.58929443359375,0.0,0.7567592859268188,300.0,0.243000000715256
20211220.0,1.409999966621399,40.0,12.0,0.05999999865889549,0.1080000028014183,0.10999999940395355,0.3076511323451996,1.3494465351104736,277.5829772949219,0.47821447253227234,241.69671630859375,220.20327758789062,0.0012934207916259766,0.4766562283039093,300.0,0.240249995142221
20211221.0,1.409999966621399,40.0,12.0,0.05999999865889549,0.1080000028014183,0.10999999940395355,0.3076511323451996,1.3494465351104736,276.7602233886719,0.4645402133464813,245.15823364257812,226.58517456054688,0.0013947486877441406,0.5946144461631775,300.0,0.238874994839231
20211223.0,1.409999966621399,40.0,12.0,0.05999999865889549,0.1080000028014183,0.10999999940395355,0.3076511323451996,1.3494465351104736,282.720703125,0.44032639265060425,246.10443115234375,225.27828979492188,0.0025460454635322094,0.42033395171165466,300.0,0.237652178691781
20211226.0,1.409999966621399,40.0,12.0,0.05999999865889549,0.1080000028014183,0.10999999940395355,0.3076511323451996,1.3494465351104736,281.2746276855469,0.4024396538734436,246.71958923339844,229.51828002929688,0.09552531689405441,0.39892786741256714,300.0,0.234958332652847
20211228.0,1.409999966621399,40.0,12.0,0.05999999865889549,0.1080000028014183,0.10999999940395355,0.3076511323451996,1.3494465351104736,283.78363037109375,0.3981967568397522,243.22964477539062,219.89505004882812,6.859395980834961,1.071025013923645,300.0,0.268208331118027
20211229.0,1.409999966621399,40.0,12.0,0.05999999865889549,0.1080000028014183,0.10999999940395355,0.3076511323451996,1.3494465351104736,285.52130126953125,0.4082622230052948,243.34063720703125,223.1115264892578,2.8123362064361572,1.0308665037155151,300.0,0.260791663080454
20211231.0,1.409999966621399,40.0,12.0,0.05999999865889549,0.1080000028014183,0.10999999940395355,0.3076511323451996,1.3494465351104736,282.9130554199219,0.4244956374168396,242.01751708984375,222.61984252929688,0.0008523463038727641,0.5492632985115051,300.0,0.250999994575977
20220103.0,1.409999966621399,40.0,12.0,0.05999999865889549,0.1080000028014183,0.10999999940395355,0.3076511323451996,1.3494465351104736,281.8088684082031,0.155003160238266,243.47528076171875,222.83583068847656,0.0018391268095001578,0.4348887801170349,300.0,0.244500003755093
20220105.0,1.409999966621399,40.0,12.0,0.05999999865889549,0.1080000028014183,0.10999999940395355,0.3076511323451996,1.3494465351104736,277.5860900878906,0.13641305267810822,240.66558837890625,218.56515502929688,3.3472700119018555,1.119749903678894,300.0,0.268304349287697
20220106.0,1.409999966621399,40.0,12.0,0.05999999865889549,0.1080000028014183,0.10999999940395355,0.3076511323451996,1.3494465351104736,274.9797058105469,0.12687689065933228,238.8331756591797,215.0576934814453,0.0014968713512644172,0.6303306818008423,300.0,0.253041664759318
20220108.0,1.409999966621399,40.0,12.0,0.05999999865889549,0.1080000028014183,0.10999999940395355,0.3076511323451996,1.3494465351104736,279.556640625,0.10757314413785934,239.56512451171875,217.4787139892578,10.948006629943848,1.0931217670440674,300.0,0.267111110190551
20220111.0,1.409999966621399,40.0,12.0,0.05999999865889549,0.1080000028014183,0.10999999940395355,0.3076511323451996,1.3494465351104736,276.3500671386719,0.09187992662191391,234.79307556152344,214.4196319580078,0.0012904404429718852,0.6804133653640747,300.0,0.289478261833606
20220113.0,1.409999966621399,40.0,12.0,0.05999999865889549,0.1080000028014183,0.10999999940395355,0.3076511323451996,1.3494465351104736,273.2335205078125,0.08471395075321198,246.8482666015625,229.1559295654297,0.0012851718347519636,0.5175261497497559,300.0,0.257166667530934
20220114.0,1.409999966621399,40.0,12.0,0.05999999865889549,0.1080000028014183,0.10999999940395355,0.3076511323451996,1.3494465351104736,274.1208190917969,0.08115755766630173,243.0225830078125,226.22731018066406,0.0021485057659447193,0.7067904472351074,300.0,0.252583332359791
20220116.0,1.409999966621399,40.0,12.0,0.05999999865889549,0.1080000028014183,0.10999999940395355,0.3076511323451996,1.3494465351104736,272.8283386230469,0.07312917709350586,249.14962768554688,232.64324951171875,0.001902977586723864,0.2882564663887024,300.0,0.246541667108734
20220119.0,1.409999966621399,40.0,12.0,0.05999999865889549,0.1080000028014183,0.10999999940395355,0.3076511323451996,1.3494465351104736,276.4608154296875,0.09276848286390305,242.22317504882812,223.55453491210938,0.7852997183799744,0.36540651321411133,300.0,0.245347831560218
20220121.0,1.409999966621399,40.0,12.0,0.05999999865889549,0.1080000028014183,0.10999999940395355,0.3076511323451996,1.3494465351104736,274.4334716796875,0.11497262865304947,242.95465087890625,220.36288452148438,0.008789708837866783,0.644767701625824,300.0,0.242499999701977
20220122.0,1.409999966621399,40.0,12.0,0.05999999865889549,0.1080000028014183,0.10999999940395355,0.3076511323451996,1.3494465351104736,272.8402404785156,0.12630882859230042,249.28866577148438,233.80039978027344,0.001290440559387207,0.5714101791381836,300.0,0.23920832760632
20220124.0,1.409999966621399,40.0,12.0,0.05999999865889549,0.1080000028014183,0.10999999940395355,0.3076511323451996,1.3494465351104736,278.1673889160156,0.15076406300067902,249.32115173339844,231.34921264648438,0.0008523463038727641,0.6501487493515015,300.0,0.236375002190471
20220127.0,1.409999966621399,40.0,12.0,0.05999999865889549,0.1080000028014183,0.10999999940395355,0.3076511323451996,1.3494465351104736,274.5215148925781,0.1342187374830246,250.2305908203125,233.80615234375,0.021076474338769913,0.461536169052124,300.0,0.234083330879609
20220129.0,1.409999966621399,40.0,12.0,0.05999999865889549,0.1080000028014183,0.10999999940395355,0.3076511323451996,1.3494465351104736,275.38494873046875,0.11011473834514618,248.12313842773438,232.7364959716797,0.02797914855182171,0.5851635932922363,300.0,0.231958329677582
20220130.0,1.409999966621399,40.0,12.0,0.05999999865889549,0.1080000028014183,0.10999999940395355,0.3076511323451996,1.3494465351104736,275.2297668457031,0.09765748679637909,249.30813598632812,231.47833251953125,0.19612723588943481,0.29271504282951355,300.0,0.231666664282481
20220201.0,1.409999966621399,40.0,12.0,0.05999999865889549,0.1080000028014183,0.10999999940395355,0.3076511323451996,1.3494465351104736,277.2096862792969,0.07128391414880753,244.7358856201172,225.4276123046875,2.135545492172241,1.0678993463516235,300.0,0.264500000824531
20220204.0,1.409999966621399,40.0,12.0,0.05999999865889549,0.1080000028014183,0.10999999940395355,0.3076511323451996,1.3494465351104736,281.4031677246094,0.09096972644329071,249.5794219970703,230.43408203125,0.41728323698043823,0.5032858848571777,300.0,0.256333334992329
20220207.0,1.409999966621399,40.0,12.0,0.05999999865889549,0.1080000028014183,0.10999999940395355,0.3076511323451996,1.3494465351104736,280.41351318359375,0.13420537114143372,250.46803283691406,232.77096557617188,4.156279563903809,1.0354042053222656,300.0,0.252826081669849
20220209.0,1.409999966621399,40.0,12.0,0.05999999865889549,0.1080000028014183,0.10999999940395355,0.3076511323451996,1.3494465351104736,280.4516296386719,0.16598859429359436,247.03143310546875,228.07034301757812,0.003866016399115324,1.0958586931228638,300.0,0.250458328674237
20220212.0,1.409999966621399,40.0,12.0,0.05999999865889549,0.1080000028014183,0.10999999940395355,0.3076511323451996,1.3494465351104736,278.83941650390625,0.1596819907426834,247.74774169921875,230.2872314453125,9.940729796653613e-05,1.1649256944656372,300.0,0.240208328391115
20220214.0,1.409999966621399,40.0,12.0,0.05999999865889549,0.1080000028014183,0.10999999940395355,0.3076511323451996,1.3494465351104736,280.5641784667969,0.14199547469615936,247.37359619140625,227.22378540039062,12.292941093444824,1.6103575229644775,300.0,0.267166669170062
20220215.0,1.409999966621399,40.0,12.0,0.05999999865889549,0.1080000028014183,0.10999999940395355,0.3076511323451996,1.3494465351104736,280.2216796875,0.13282562792301178,242.38035583496094,222.4439239501953,6.3503031730651855,1.5224145650863647,300.0,0.272083334624767
20220217.0,1.409999966621399,40.0,12.0,0.05999999865889549,0.1080000028014183,0.10999999940395355,0.3076511323451996,1.3494465351104736,283.119140625,0.11464086920022964,246.10406494140625,224.9725799560547,1.9389680624008179,0.7231775522232056,300.0,0.262541670352221
20220220.0,1.409999966621399,40.0,12.0,0.05999999865889549,0.1080000028014183,0.10999999940395355,0.3076511323451996,1.3494465351104736,280.3788757324219,0.08714956045150757,246.3059539794922,225.51779174804688,0.3032093048095703,0.7515767812728882,300.0,0.249874998504917
20220222.0,1.409999966621399,40.0,12.0,0.05999999865889549,0.1080000028014183,0.10999999940395355,0.3076511323451996,1.3494465351104736,281.23162841796875,0.06892332434654236,248.8477020263672,229.73526000976562,0.6176676750183105,1.252894639968872,300.0,0.247374998405576
20220223.0,1.409999966621399,40.0,12.0,0.05999999865889549,0.1080000028014183,0.10999999940395355,0.3076511323451996,1.3494465351104736,282.54522705078125,0.05992068722844124,248.8619384765625,230.24053955078125,0.018402205780148506,1.5777195692062378,300.0,0.242624999955297
20220225.0,1.409999966621399,40.0,12.0,0.05999999865889549,0.1080000028014183,0.10999999940395355,0.3076511323451996,1.3494465351104736,280.4183044433594,0.042553722858428955,253.51019287109375,235.63951110839844,0.5969377160072327,1.545058012008667,300.0,0.233333332464099
20220228.0,1.409999966621399,40.0,12.0,0.05999999865889549,0.1080000028014183,0.10999999940395355,0.3076511323451996,1.3494465351104736,282.8316955566406,0.0005870304303243756,252.75567626953125,235.83908081054688,0.1563774198293686,1.5958495140075684,300.0,0.221250001341105
20220302.0,1.409999966621399,40.0,12.0,0.05999999865889549,0.1080000028014183,0.10999999940395355,0.3076511323451996,1.3494465351104736,282.2568359375,0.0,255.9501495361328,240.57891845703125,7.317734718322754,0.9898308515548706,300.0,0.212833332518737
20220308.0,1.409999966621399,40.0,12.0,0.05999999865889549,0.1080000028014183,0.10999999940395355,0.3076511323451996,1.3494465351104736,281.531494140625,0.0,250.20968627929688,232.10140991210938,6.043606281280518,1.7569185495376587,300.0,0.246791665752729
20220310.0,1.409999966621399,40.0,12.0,0.05999999865889549,0.1080000028014183,0.10999999940395355,0.3076511323451996,1.3494465351104736,283.8221130371094,0.0,251.94683837890625,234.77716064453125,0.5146563649177551,1.632663369178772,300.0,0.243333334724108
20220311.0,1.409999966621399,40.0,12.0,0.05999999865889549,0.1080000028014183,0.10999999940395355,0.3076511323451996,1.3494465351104736,283.953369140625,0.0,254.2743682861328,234.556396484375,1.9447946548461914,1.616075038909912,300.0,0.238791664441427
20220313.0,1.409999966621399,40.0,12.0,0.05999999865889549,0.1080000028014183,0.10999999940395355,0.3076511323451996,1.3494465351104736,280.77960205078125,0.0,247.01321411132812,227.13958740234375,12.671807289123535,1.0773944854736328,300.0,0.27312500278155
20220316.0,1.409999966621399,40.0,12.0,0.05999999865889549,0.1080000028014183,0.10999999940395355,0.3076511323451996,1.3494465351104736,285.80377197265625,0.0,250.6895751953125,231.00624084472656,0.5726011395454407,1.6856811046600342,300.0,0.251749997958541
20220318.0,1.409999966621399,40.0,12.0,0.05999999865889549,0.1080000028014183,0.10999999940395355,0.3076511323451996,1.3494465351104736,283.56988525390625,0.0,249.465576171875,233.37936401367188,3.777500867843628,1.1489369869232178,300.0,0.254291668534279
20220319.0,1.409999966621399,40.0,12.0,0.05999999865889549,0.1080000028014183,0.10999999940395355,0.3076511323451996,1.3494465351104736,283.7951965332031,0.0,249.96644592285156,231.18368530273438,0.0008523463038727641,2.800971031188965,300.0,0.249583330626289
20220321.0,1.409999966621399,40.0,12.0,0.05999999865889549,0.1080000028014183,0.10999999940395355,0.3076511323451996,1.3494465351104736,283.9668884277344,0.0,254.38616943359375,237.09307861328125,0.2657029628753662,2.357668161392212,300.0,0.236999999110897
20220324.0,1.409999966621399,40.0,12.0,0.05999999865889549,0.1080000028014183,0.10999999940395355,0.3076511323451996,1.3494465351104736,283.3970947265625,0.0,257.19769287109375,241.94515991210938,0.0017144891899079084,3.0001564025878906,300.0,0.21262500124673
20220326.0,1.409999966621399,40.0,12.0,0.05999999865889549,0.1080000028014183,0.10999999940395355,0.3076511323451996,1.3494465351104736,283.84686279296875,0.0,259.4238586425781,245.5977783203125,0.0,3.1477088928222656,300.0,0.193916663527489
20220327.0,1.409999966621399,40.0,12.0,0.05999999865889549,0.1080000028014183,0.10999999940395355,0.3076511323451996,1.3494465351104736,284.9967956542969,0.0,262.35955810546875,247.00408935546875,0.0021338462829589844,3.347822904586792,300.0,0.185166666905085
20220329.0,1.409999966621399,40.0,12.0,0.05999999865889549,0.1080000028014183,0.10999999940395355,0.3076511323451996,1.3494465351104736,285.6212463378906,0.0,263.9568176269531,249.45555114746094,1.5495167970657349,2.598517417907715,300.0,0.168374998494983
20220401.0,1.409999966621399,40.0,12.0,0.05999999865889549,0.1080000028014183,0.10999999940395355,0.3076511323451996,1.3494465351104736,277.57269287109375,0.0,249.55723571777344,231.80882263183594,5.542844295501709,3.0811100006103516,300.0,0.267727270722389
20220403.0,1.409999966621399,40.0,12.0,0.05999999865889549,0.1080000028014183,0.10999999940395355,0.3076511323451996,1.3494465351104736,275.8614196777344,0.0,249.5663604736328,235.15682983398438,1.0247974395751953,2.026934862136841,300.0,0.256750000019868
20220404.0,1.409999966621399,40.0,12.0,0.05999999865889549,0.1080000028014183,0.10999999940395355,0.3076511323451996,1.3494465351104736,276.841552734375,0.0,253.00880432128906,233.14309692382812,0.001728532835841179,1.9294798374176025,300.0,0.248416664078832
20220406.0,1.409999966621399,40.0,12.0,0.05999999865889549,0.1080000028014183,0.10999999940395355,0.3076511323451996,1.3494465351104736,280.3711853027344,0.0,257.89422607421875,241.17465209960938,1.9832395315170288,0.7049264311790466,300.0,0.234083330879609
20220409.0,1.409999966621399,40.0,12.0,0.05999999865889549,0.1080000028014183,0.10999999940395355,0.3076511323451996,1.3494465351104736,282.5101318359375,0.0,259.8661804199219,243.51324462890625,2.122755765914917,2.885666608810425,300.0,0.226375000551343
20220411.0,1.409999966621399,40.0,12.0,0.05999999865889549,0.1080000028014183,0.10999999940395355,0.3076511323451996,1.3494465351104736,285.47760009765625,0.0,263.0579833984375,247.82765197753906,0.00905606523156166,2.4356284141540527,300.0,0.207083331421018
20220412.0,1.409999966621399,40.0,12.0,0.05999999865889549,0.1080000028014183,0.10999999940395355,0.3076511323451996,1.3494465351104736,285.31304931640625,0.0,265.00445556640625,249.47955322265625,1.0234284400939941,2.5484800338745117,300.0,0.196875000993411
20220414.0,1.409999966621399,40.0,12.0,0.05999999865889549,0.1080000028014183,0.10999999940395355,0.3076511323451996,1.3494465351104736,286.744873046875,0.0,264.514892578125,248.4543914794922,0.20717422664165497,2.824878454208374,300.0,0.188874999061227
20220417.0,1.409999966621399,40.0,12.0,0.05999999865889549,0.1080000028014183,0.10999999940395355,0.3076511323451996,1.3494465351104736,289.1724853515625,0.0,268.467529296875,253.49327087402344,0.0008523463038727641,3.718738317489624,300.0,0.165166664247712
20220419.0,1.409999966621399,40.0,12.0,0.05999999865889549,0.1080000028014183,0.10999999940395355,0.3076511323451996,1.3494465351104736,285.9493408203125,0.0,268.8857421875,255.7842254638672,7.654886722564697,1.8958426713943481,300.0,0.150666664044062
20220420.0,1.409999966621399,40.0,12.0,0.05999999865889549,0.1080000028014183,0.10999999940395355,0.3076511323451996,1.3494465351104736,284.1486511230469,0.0,255.98126220703125,237.4132080078125,19.344425201416016,1.586074948310852,300.0,0.245857142976352
20220422.0,1.409999966621399,40.0,12.0,0.05999999865889549,0.1080000028014183,0.10999999940395355,0.3076511323451996,1.3494465351104736,287.5184020996094,0.0,257.6386413574219,236.89598083496094,0.050719864666461945,2.742164373397827,300.0,0.257291664679845
20220425.0,1.409999966621399,40.0,12.0,0.05999999865889549,0.1080000028014183,0.10999999940395355,0.3076511323451996,1.3494465351104736,285.5601501464844,0.0,252.041748046875,229.2161865234375,0.273124098777771,3.130582809448242,300.0,0.251833333944281
20220427.0,1.409999966621399,40.0,12.0,0.05999999865889549,0.1080000028014183,0.10999999940395355,0.3076511323451996,1.3494465351104736,288.5369567871094,0.0,259.1858215332031,238.79998779296875,0.8668737411499023,3.9563117027282715,300.0,0.226875001564622
20220430.0,1.409999966621399,40.0,12.0,0.05999999865889549,0.1080000028014183,0.10999999940395355,0.3076511323451996,1.3494465351104736,288.21746826171875,0.0,267.2227783203125,247.24697875976562,2.0081324577331543,2.7132492065429688,300.0,0.19412500038743
20220503.0,1.409999966621399,40.0,12.0,0.05999999865889549,0.1080000028014183,0.10999999940395355,0.3076511323451996,1.3494465351104736,288.20703125,0.0,268.8804931640625,252.35372924804688,0.8111966848373413,2.559051990509033,300.0,0.161000000933806
20220505.0,1.409999966621399,40.0,12.0,0.05999999865889549,0.1080000028014183,0.10999999940395355,0.3076511323451996,1.3494465351104736,287.3740234375,0.0,258.95977783203125,239.85260009765625,1.8804024457931519,3.6248486042022705,300.0,0.160649997740984
20220506.0,1.409999966621399,40.0,12.0,0.05999999865889549,0.1080000028014183,0.10999999940395355,0.3076511323451996,1.3494465351104736,287.2525329589844,0.0,263.30169677734375,244.42742919921875,1.7267615795135498,3.818291187286377,300.0,0.160521736611491
20220508.0,1.409999966621399,40.0,12.0,0.05999999865889549,0.1080000028014183,0.10999999940395355,0.3076511323451996,1.3494465351104736,289.6153259277344,0.0,269.09979248046875,250.73904418945312,0.08125987648963928,4.288666725158691,300.0,0.153749999900659
20220511.0,1.409999966621399,40.0,12.0,0.05999999865889549,0.1080000028014183,0.10999999940395355,0.3076511323451996,1.3494465351104736,292.3498229980469,0.0,272.739990234375,257.4797058105469,0.00171661376953125,4.96140193939209,300.0,0.135541670024395
20220513.0,1.409999966621399,40.0,12.0,0.05999999865889549,0.1080000028014183,0.10999999940395355,0.3076511323451996,1.3494465351104736,292.0756530761719,0.0,274.557373046875,258.09063720703125,0.07400062680244446,2.154866933822632,300.0,0.129291663567225
20220514.0,1.409999966621399,40.0,12.0,0.05999999865889549,0.1080000028014183,0.10999999940395355,0.3076511323451996,1.3494465351104736,293.7682800292969,0.0,276.38201904296875,259.3504638671875,0.0017195938853546977,4.32047176361084,300.0,0.127541668092211
20220516.0,1.409999966621399,40.0,12.0,0.05999999865889549,0.1080000028014183,0.10999999940395355,0.3076511323451996,1.3494465351104736,294.7685852050781,0.0,276.71343994140625,262.2291259765625,0.03664930537343025,4.162827968597412,300.0,0.123291667550802
20220519.0,1.409999966621399,40.0,12.0,0.05999999865889549,0.1080000028014183,0.10999999940395355,0.3076511323451996,1.3494465351104736,295.4553527832031,0.0,279.15899658203125,265.10552978515625,0.011634958907961845,4.4291181564331055,300.0,0.118458334356546
20220521.0,1.409999966621399,40.0,12.0,0.05999999865889549,0.1080000028014183,0.10999999940395355,0.3076511323451996,1.3494465351104736,296.9163818359375,0.0,279.0098876953125,267.5173034667969,0.0017106531886383891,4.890521049499512,300.0,0.116708332672715
20220522.0,1.409999966621399,40.0,12.0,0.05999999865889549,0.1080000028014183,0.10999999940395355,0.3076511323451996,1.3494465351104736,297.84002685546875,0.0,278.23760986328125,265.37445068359375,0.005192822311073542,4.342033386230469,300.0,0.115874999513229
20220524.0,1.409999966621399,40.0,12.0,0.05999999865889549,0.1080000028014183,0.10999999940395355,0.3076511323451996,1.3494465351104736,288.8197326660156,0.0,276.25933837890625,264.4617919921875,1.4195393323898315,2.1409480571746826,300.0,0.114083332940936
20220527.0,1.409999966621399,40.0,12.0,0.05999999865889549,0.1080000028014183,0.10999999940395355,0.3076511323451996,1.3494465351104736,292.08587646484375,0.0,272.97943115234375,257.9949951171875,0.023895105347037315,3.4112391471862793,300.0,0.119478261665158
20220529.0,1.409999966621399,40.0,12.0,0.05999999865889549,0.1080000028014183,0.10999999940395355,0.3076511323451996,1.3494465351104736,291.7674865722656,0.0,274.9266357421875,260.461669921875,0.0012895952677354217,4.491968631744385,300.0,0.115458333243926
20220530.0,1.409999966621399,40.0,12.0,0.05999999865889549,0.1080000028014183,0.10999999940395355,0.3076511323451996,1.3494465351104736,292.1939697265625,0.0,277.2984924316406,264.059814453125,0.19886146485805511,3.6807749271392822,300.0,0.113958332687616
20220601.0,1.409999966621399,40.0,12.0,0.05999999865889549,0.1080000028014183,0.10999999940395355,0.3076511323451996,1.3494465351104736,296.139404296875,0.0,276.1216735839844,261.3270263671875,0.0,4.336429595947266,300.0,0.113458334468305
20220604.0,1.409999966621399,40.0,12.0,0.05999999865889549,0.1080000028014183,0.10999999940395355,0.3076511323451996,1.3494465351104736,297.34295654296875,0.0,278.0655517578125,263.16949462890625,17.132152557373047,3.3100574016571045,300.0,0.111541667332252
20220606.0,1.409999966621399,40.0,12.0,0.05999999865889549,0.1080000028014183,0.10999999940395355,0.3076511323451996,1.3494465351104736,294.7417297363281,0.017295055091381073,275.10186767578125,256.4354553222656,0.5997931957244873,4.137837886810303,300.0,0.109583334065974
20220607.0,1.409999966621399,40.0,12.0,0.05999999865889549,0.1080000028014183,0.10999999940395355,0.3076511323451996,1.3494465351104736,292.2629089355469,0.02792675420641899,274.57769775390625,260.1483154296875,0.03660407289862633,2.618833303451538,300.0,0.108250001445413
20220609.0,1.409999966621399,40.0,12.0,0.05999999865889549,0.1080000028014183,0.10999999940395355,0.3076511323451996,1.3494465351104736,289.9952087402344,0.048693813383579254,269.4747314453125,253.30691528320312,0.7372156381607056,3.355898857116699,300.0,0.106083332250516
20220612.0,1.409999966621399,40.0,12.0,0.05999999865889549,0.1080000028014183,0.10999999940395355,0.3076511323451996,1.3494465351104736,297.9767761230469,0.10516972839832306,278.6024169921875,263.9697265625,0.0006339284591376781,4.229668617248535,300.0,0.105791665613651
20220614.0,1.409999966621399,40.0,12.0,0.05999999865889549,0.1080000028014183,0.10999999940395355,0.3076511323451996,1.3494465351104736,299.7564392089844,0.1502676159143448,279.65655517578125,262.07940673828125,0.18112315237522125,5.228360652923584,300.0,0.105708332421879
20220615.0,1.409999966621399,40.0,12.0,0.05999999865889549,0.1080000028014183,0.10999999940395355,0.3076511323451996,1.3494465351104736,300.4178161621094,0.1736723780632019,279.5174255371094,266.1475830078125,0.4949159026145935,4.871277332305908,300.0,0.105125000389914
20220617.0,1.409999966621399,40.0,12.0,0.05999999865889549,0.1080000028014183,0.10999999940395355,0.3076511323451996,1.3494465351104736,301.8705139160156,0.2243543267250061,282.79974365234375,269.1462707519531,0.0008702277555130422,4.853376388549805,300.0,0.103416666388512
20220620.0,1.409999966621399,40.0,12.0,0.05999999865889549,0.1080000028014183,0.10999999940395355,0.3076511323451996,1.3494465351104736,299.41143798828125,0.1991657018661499,282.9693603515625,271.115966796875,0.06037063151597977,3.102097988128662,300.0,0.0988749992102385
20220622.0,1.409999966621399,40.0,12.0,0.05999999865889549,0.1080000028014183,0.10999999940395355,0.3076511323451996,1.3494465351104736,297.06585693359375,0.15763168036937714,269.4349060058594,251.379638671875,2.2679429054260254,3.798633575439453,300.0,0.0989166678239902
20220623.0,1.409999966621399,40.0,12.0,0.05999999865889549,0.1080000028014183,0.10999999940395355,0.3076511323451996,1.3494465351104736,295.8017578125,0.13635188341140747,274.4754638671875,258.20391845703125,22.944793701171875,3.906273603439331,300.0,0.0996249994883935
20220625.0,1.409999966621399,40.0,12.0,0.05999999865889549,0.1080000028014183,0.10999999940395355,0.3076511323451996,1.3494465351104736,294.62890625,0.09293610602617264,266.2593078613281,246.09188842773438,15.840861320495605,4.515140056610107,300.0,0.111791667838891
20220628.0,1.409999966621399,40.0,12.0,0.05999999865889549,0.1080000028014183,0.10999999940395355,0.3076511323451996,1.3494465351104736,292.4724426269531,0.08220230042934418,259.9448547363281,239.74378967285156,1.1781926155090332,5.249292373657227,300.0,0.115125000787278
20220630.0,1.409999966621399,40.0,12.0,0.05999999865889549,0.1080000028014183,0.10999999940395355,0.3076511323451996,1.3494465351104736,290.02130126953125,0.08992863446474075,268.0435791015625,249.7239227294922,1.5434273481369019,1.748018503189087,300.0,0.116083331716557
20220701.0,1.409999966621399,40.0,12.0,0.05999999865889549,0.1080000028014183,0.10999999940395355,0.3076511323451996,1.3494465351104736,291.5451965332031,0.09376832097768784,266.91357421875,248.68170166015625,0.0737202912569046,4.382000923156738,300.0,0.114500000141561
20220703.0,1.409999966621399,40.0,12.0,0.05999999865889549,0.1080000028014183,0.10999999940395355,0.3076511323451996,1.3494465351104736,296.6888122558594,0.1010332778096199,274.7334899902344,257.2059326171875,0.0008523463038727641,4.695123672485352,300.0,0.10695833278199
20220706.0,1.409999966621399,40.0,12.0,0.05999999865889549,0.1080000028014183,0.10999999940395355,0.3076511323451996,1.3494465351104736,294.6822814941406,0.1271616518497467,277.70831298828125,263.7213134765625,0.00043511379044502974,3.4692747592926025,300.0,0.10108333453536
20220708.0,1.409999966621399,40.0,12.0,0.05999999865889549,0.1080000028014183,0.10999999940395355,0.3076511323451996,1.3494465351104736,296.2449951171875,0.14864985644817352,277.1173400878906,264.9256591796875,0.0021510652732104063,4.319118022918701,300.0,0.0990000000844399
20220709.0,1.409999966621399,40.0,12.0,0.05999999865889549,0.1080000028014183,0.10999999940395355,0.3076511323451996,1.3494465351104736,296.8444519042969,0.15960028767585754,278.7381591796875,267.95355224609375,0.0030063483864068985,4.723202228546143,300.0,0.0983333342398206
20220711.0,1.409999966621399,40.0,12.0,0.05999999865889549,0.1080000028014183,0.10999999940395355,0.3076511323451996,1.3494465351104736,299.66632080078125,0.18166853487491608,279.1236572265625,267.73480224609375,0.0,4.755887985229492,300.0,0.0972500002632539
20220714.0,1.409999966621399,40.0,12.0,0.05999999865889549,0.1080000028014183,0.10999999940395355,0.3076511323451996,1.3494465351104736,302.8055419921875,0.21615521609783173,280.88140869140625,271.2479553222656,0.0008627870120108128,4.173205852508545,300.0,0.094624999910593
20220716.0,1.409999966621399,40.0,12.0,0.05999999865889549,0.1080000028014183,0.10999999940395355,0.3076511323451996,1.3494465351104736,302.4048156738281,0.2397138774394989,283.0389099121094,268.81646728515625,0.0008553265943191946,3.9600679874420166,300.0,0.0921250007425745
20220717.0,1.409999966621399,40.0,12.0,0.05999999865889549,0.1080000028014183,0.10999999940395355,0.3076511323451996,1.3494465351104736,303.0516357421875,0.2516583800315857,282.87322998046875,272.33551025390625,0.001722574234008789,3.975203514099121,300.0,0.0913333343341947
20220719.0,1.409999966621399,40.0,12.0,0.05999999865889549,0.1080000028014183,0.10999999940395355,0.3076511323451996,1.3494465351104736,303.11474609375,0.27642032504081726,284.84588623046875,271.97381591796875,0.02641277201473713,2.8492114543914795,300.0,0.089458333949248
20220722.0,1.409999966621399,40.0,12.0,0.05999999865889549,0.1080000028014183,0.10999999940395355,0.3076511323451996,1.3494465351104736,301.8603210449219,0.2911786139011383,283.78521728515625,270.40093994140625,0.027148526161909103,2.440244197845459,300.0,0.0872500007972121
20220724.0,1.409999966621399,40.0,12.0,0.05999999865889549,0.1080000028014183,0.10999999940395355,0.3076511323451996,1.3494465351104736,303.2889099121094,0.29534387588500977,282.32958984375,268.7884521484375,0.0008669470553286374,2.949800491333008,300.0,0.0871666666741173
20220725.0,1.409999966621399,40.0,12.0,0.05999999865889549,0.1080000028014183,0.10999999940395355,0.3076511323451996,1.3494465351104736,299.8843994140625,0.2972218990325928,281.9569396972656,271.1274108886719,0.12738293409347534,1.7085734605789185,300.0,0.0855000019073486
20220727.0,1.409999966621399,40.0,12.0,0.05999999865889549,0.1080000028014183,0.10999999940395355,0.3076511323451996,1.3494465351104736,298.0558776855469,0.30049988627433777,281.2063903808594,268.87066650390625,0.001293420558795333,2.1941754817962646,300.0,0.0844583325088024
20220730.0,1.409999966621399,40.0,12.0,0.05999999865889549,0.1080000028014183,0.10999999940395355,0.3076511323451996,1.3494465351104736,298.296142578125,0.32201051712036133,274.05108642578125,258.19720458984375,0.009031449444591999,2.9351768493652344,300.0,0.0846249998236696
20220801.0,1.409999966621399,40.0,12.0,0.05999999865889549,0.1080000028014183,0.10999999940395355,0.3076511323451996,1.3494465351104736,301.1420593261719,0.34066811203956604,281.1971435546875,264.552978515625,0.0017195215914398432,3.2619893550872803,300.0,0.0885833337282141
20220802.0,1.409999966621399,40.0,12.0,0.05999999865889549,0.1080000028014183,0.10999999940395355,0.3076511323451996,1.3494465351104736,302.09405517578125,0.35020241141319275,282.04296875,268.6140441894531,0.0012814998626708984,3.179535388946533,300.0,0.0890833331892888
20220804.0,1.409999966621399,40.0,12.0,0.05999999865889549,0.1080000028014183,0.10999999940395355,0.3076511323451996,1.3494465351104736,303.81048583984375,0.3696713149547577,283.33404541015625,272.6215515136719,0.4898565709590912,2.52070689201355,300.0,0.0876666673769553
20220924.0,1.409999966621399,40.0,12.0,0.05999999865889549,0.1080000028014183,0.10999999940395355,0.3076511323451996,1.3494465351104736,289.6705322265625,0.46541401743888855,249.78018188476562,228.33499145507812,8.184803009033203,1.9870578050613403,300.0,0.124624999705702
20220929.0,1.409999966621399,40.0,12.0,0.05999999865889549,0.1080000028014183,0.10999999940395355,0.3076511323451996,1.3494465351104736,285.987060546875,0.4125349223613739,247.1175994873047,221.03282165527344,23.060705184936523,2.180819034576416,300.0,0.215565214986387
20220930.0,1.409999966621399,40.0,12.0,0.05999999865889549,0.1080000028014183,0.10999999940395355,0.3076511323451996,1.3494465351104736,285.59161376953125,0.4030033349990845,242.02810668945312,217.76991271972656,5.815262317657471,2.2317075729370117,300.0,0.213833333303531
20221002.0,1.409999966621399,40.0,12.0,0.05999999865889549,0.1080000028014183,0.10999999940395355,0.3076511323451996,1.3494465351104736,289.8258361816406,0.3914301097393036,253.95150756835938,232.327880859375,0.0005513429641723633,1.7155407667160034,300.0,0.20362499790887
20221005.0,1.409999966621399,40.0,12.0,0.05999999865889549,0.1080000028014183,0.10999999940395355,0.3076511323451996,1.3494465351104736,290.640625,0.37457582354545593,264.0788269042969,245.58999633789062,0.03893691301345825,1.9784070253372192,300.0,0.192333332573374
20221007.0,1.409999966621399,40.0,12.0,0.05999999865889549,0.1080000028014183,0.10999999940395355,0.3076511323451996,1.3494465351104736,289.80279541015625,0.36365431547164917,267.1376953125,249.60806274414062,3.137665033340454,1.7121999263763428,300.0,0.191541667406758
20221008.0,1.409999966621399,40.0,12.0,0.05999999865889549,0.1080000028014183,0.10999999940395355,0.3076511323451996,1.3494465351104736,290.1470947265625,0.35776156187057495,269.9871520996094,252.946044921875,5.695994853973389,1.7006170749664307,300.0,0.190624998882413
20221010.0,1.409999966621399,40.0,12.0,0.05999999865889549,0.1080000028014183,0.10999999940395355,0.3076511323451996,1.3494465351104736,290.86199951171875,0.3429897129535675,269.519775390625,254.3756103515625,0.0008583068265579641,2.0665483474731445,300.0,0.185583336899678
20221023.0,1.409999966621399,40.0,12.0,0.05999999865889549,0.1080000028014183,0.10999999940395355,0.3076511323451996,1.3494465351104736,292.31463623046875,0.24587759375572205,272.7470397949219,260.74334716796875,0.00042617321014404297,1.2214666604995728,300.0,0.16062499769032
20221024.0,1.409999966621399,40.0,12.0,0.05999999865889549,0.1080000028014183,0.10999999940395355,0.3076511323451996,1.3494465351104736,290.8077087402344,0.23835662007331848,274.1058654785156,262.1761169433594,0.030665330588817596,1.4804686307907104,300.0,0.15779166854918
20221026.0,1.409999966621399,40.0,12.0,0.05999999865889549,0.1080000028014183,0.10999999940395355,0.3076511323451996,1.3494465351104736,291.3746643066406,0.22224760055541992,274.0209045410156,262.17144775390625,0.05140860751271248,1.213753342628479,300.0,0.151833328107993
20221029.0,1.409999966621399,40.0,12.0,0.05999999865889549,0.1080000028014183,0.10999999940395355,0.3076511323451996,1.3494465351104736,291.7476501464844,0.19824004173278809,273.94561767578125,262.45074462890625,0.0017441239906474948,1.448808193206787,300.0,0.145291663085421
20221031.0,1.409999966621399,40.0,12.0,0.05999999865889549,0.1080000028014183,0.10999999940395355,0.3076511323451996,1.3494465351104736,292.3458557128906,0.18126103281974792,275.401611328125,262.56451416015625,1.5443596839904785,1.284700870513916,300.0,0.13995833384494
20221101.0,1.409999966621399,40.0,12.0,0.05999999865889549,0.1080000028014183,0.10999999940395355,0.3076511323451996,1.3494465351104736,290.20513916015625,0.17639388144016266,256.78167724609375,234.93563842773438,1.4707832336425781,1.3466300964355469,300.0,0.194409088654952
20221103.0,1.409999966621399,40.0,12.0,0.05999999865889549,0.1080000028014183,0.10999999940395355,0.3076511323451996,1.3494465351104736,287.7445373535156,0.190839946269989,264.42156982421875,247.00674438476562,1.7445907592773438,1.2291054725646973,300.0,0.190727270462296
20221106.0,1.409999966621399,40.0,12.0,0.05999999865889549,0.1080000028014183,0.10999999940395355,0.3076511323451996,1.3494465351104736,283.1974182128906,0.21414120495319366,248.8507080078125,225.783935546875,0.0008522930438630283,1.248070478439331,300.0,0.208500002200405
20221108.0,1.409999966621399,40.0,12.0,0.05999999865889549,0.1080000028014183,0.10999999940395355,0.3076511323451996,1.3494465351104736,289.1563720703125,0.2319098263978958,259.6537780761719,238.823486328125,0.17568224668502808,0.9925175309181213,300.0,0.200833338002364
20221109.0,1.409999966621399,40.0,12.0,0.05999999865889549,0.1080000028014183,0.10999999940395355,0.3076511323451996,1.3494465351104736,286.8812561035156,0.2353823333978653,258.7210693359375,240.85801696777344,6.847259521484375,1.0506653785705566,300.0,0.204208334907889
20221111.0,1.409999966621399,40.0,12.0,0.05999999865889549,0.1080000028014183,0.10999999940395355,0.3076511323451996,1.3494465351104736,287.331787109375,0.2056475430727005,258.35675048828125,237.89418029785156,0.007228189148008823,1.0203355550765991,300.0,0.208583337565263
20221114.0,1.409999966621399,40.0,12.0,0.05999999865889549,0.1080000028014183,0.10999999940395355,0.3076511323451996,1.3494465351104736,287.51251220703125,0.16005036234855652,264.59259033203125,247.65557861328125,1.2431669235229492,0.8677155375480652,300.0,0.196458329136173
20221116.0,1.409999966621399,40.0,12.0,0.05999999865889549,0.1080000028014183,0.10999999940395355,0.3076511323451996,1.3494465351104736,286.7623596191406,0.1304263472557068,252.05540466308594,230.1803436279297,0.32013651728630066,1.1951918601989746,300.0,0.221916666875283
20221119.0,1.409999966621399,40.0,12.0,0.05999999865889549,0.1080000028014183,0.10999999940395355,0.3076511323451996,1.3494465351104736,280.467529296875,0.06709452718496323,245.51266479492188,223.9413299560547,8.831735610961914,1.0726872682571411,300.0,0.236318181861531
20221122.0,1.409999966621399,40.0,12.0,0.05999999865889549,0.1080000028014183,0.10999999940395355,0.3076511323451996,1.3494465351104736,280.5619812011719,0.0,238.42295837402344,215.09300231933594,10.769905090332031,1.433672547340393,300.0,0.244749997432033
20221124.0,1.409999966621399,40.0,12.0,0.05999999865889549,0.1080000028014183,0.10999999940395355,0.3076511323451996,1.3494465351104736,282.2379455566406,0.0,241.55535888671875,217.46664428710938,0.0032268629875034094,0.8989949822425842,300.0,0.236624999592702
20221125.0,1.409999966621399,40.0,12.0,0.05999999865889549,0.1080000028014183,0.10999999940395355,0.3076511323451996,1.3494465351104736,280.5816955566406,0.0,242.37391662597656,220.48028564453125,10.563970565795898,0.5124312043190002,300.0,0.242450001090765
20221127.0,1.409999966621399,40.0,12.0,0.05999999865889549,0.1080000028014183,0.10999999940395355,0.3076511323451996,1.3494465351104736,281.4029846191406,0.0,239.93057250976562,218.25872802734375,0.0008716846932657063,0.7372223734855652,300.0,0.229166668529312
20221130.0,1.409999966621399,40.0,12.0,0.05999999865889549,0.1080000028014183,0.10999999940395355,0.3076511323451996,1.3494465351104736,279.188720703125,0.0,240.87310791015625,217.31289672851562,0.0008716846932657063,0.624197244644165,300.0,0.235541665926576
20221202.0,1.409999966621399,40.0,12.0,0.05999999865889549,0.1080000028014183,0.10999999940395355,0.3076511323451996,1.3494465351104736,278.22308349609375,0.0,241.90719604492188,217.55101013183594,0.006713602226227522,0.49183785915374756,300.0,0.225249998271465
20221203.0,1.409999966621399,40.0,12.0,0.05999999865889549,0.1080000028014183,0.10999999940395355,0.3076511323451996,1.3494465351104736,278.0008544921875,0.0,241.12440490722656,218.65341186523438,0.4886486828327179,0.2598799467086792,300.0,0.22179166910549
20221205.0,1.409999966621399,40.0,12.0,0.05999999865889549,0.1080000028014183,0.10999999940395355,0.3076511323451996,1.3494465351104736,276.5016174316406,0.0,245.81622314453125,225.0877227783203,0.0012934206752106547,0.7150741219520569,300.0,0.215500004589558
20221208.0,1.409999966621399,40.0,12.0,0.05999999865889549,0.1080000028014183,0.10999999940395355,0.3076511323451996,1.3494465351104736,279.7518310546875,0.0,246.71905517578125,224.78733825683594,1.0211474895477295,0.45179224014282227,300.0,0.210374994203448
20221210.0,1.409999966621399,40.0,12.0,0.05999999865889549,0.1080000028014183,0.10999999940395355,0.3076511323451996,1.3494465351104736,275.8966369628906,0.008663158863782883,245.27413940429688,224.77212524414062,0.19793371856212616,0.6891809105873108,300.0,0.211043477058411
20221211.0,1.409999966621399,40.0,12.0,0.05999999865889549,0.1080000028014183,0.10999999940395355,0.3076511323451996,1.3494465351104736,273.5432434082031,0.012761550024151802,251.9020233154297,233.5752716064453,0.0012826918391510844,0.6140080094337463,300.0,0.20695833551387
20221213.0,1.409999966621399,40.0,12.0,0.05999999865889549,0.1080000028014183,0.10999999940395355,0.3076511323451996,1.3494465351104736,280.8963928222656,0.0,239.21575927734375,219.7772216796875,3.164285659790039,0.38606223464012146,300.0,0.24199999930958
20221216.0,1.409999966621399,40.0,12.0,0.05999999865889549,0.1080000028014183,0.10999999940395355,0.3076511323451996,1.3494465351104736,282.22650146484375,0.0,245.01199340820312,223.71011352539062,3.354161500930786,0.42063000798225403,300.0,0.243583332747221
20221218.0,1.409999966621399,40.0,12.0,0.05999999865889549,0.1080000028014183,0.10999999940395355,0.3076511323451996,1.3494465351104736,280.8150329589844,0.0,241.1202850341797,219.16290283203125,0.019228855147957802,0.5294120907783508,300.0,0.23358332986633
20221219.0,1.409999966621399,40.0,12.0,0.05999999865889549,0.1080000028014183,0.10999999940395355,0.3076511323451996,1.3494465351104736,284.5540771484375,0.0,245.40216064453125,224.2023468017578,0.004003975074738264,0.605624258518219,300.0,0.230458335950971
20221221.0,1.409999966621399,40.0,12.0,0.05999999865889549,0.1080000028014183,0.10999999940395355,0.3076511323451996,1.3494465351104736,284.02734375,0.0,247.11624145507812,225.17393493652344,2.45996356010437,0.5713065266609192,300.0,0.227333332101504
20221224.0,1.409999966621399,40.0,12.0,0.05999999865889549,0.1080000028014183,0.10999999940395355,0.3076511323451996,1.3494465351104736,282.83074951171875,0.0,247.40689086914062,228.01483154296875,0.0015180639456957579,0.5681418180465698,300.0,0.221125001087785
20221226.0,1.409999966621399,40.0,12.0,0.05999999865889549,0.1080000028014183,0.10999999940395355,0.3076511323451996,1.3494465351104736,284.81536865234375,0.0,249.33563232421875,228.6798553466797,0.055984124541282654,0.5545942187309265,300.0,0.218391299895618
20221227.0,1.409999966621399,40.0,12.0,0.05999999865889549,0.1080000028014183,0.10999999940395355,0.3076511323451996,1.3494465351104736,283.8577880859375,0.0,249.43289184570312,230.44012451171875,0.03702110797166824,0.4200708270072937,300.0,0.217499993741512
20221229.0,1.409999966621399,40.0,12.0,0.05999999865889549,0.1080000028014183,0.10999999940395355,0.3076511323451996,1.3494465351104736,283.6835021972656,0.0,248.95379638671875,229.85269165039062,2.2738139629364014,0.5838404297828674,300.0,0.215791669363777
20230101.0,1.409999966621399,40.0,12.0,0.05999999865889549,0.1080000028014183,0.10999999940395355,0.3076511323451996,1.3494465351104736,285.9654846191406,0.3030439615249634,251.42379760742188,231.93670654296875,0.0019550323486328125,0.8397374749183655,300.0,0.218124995008111
20230103.0,1.409999966621399,40.0,12.0,0.05999999865889549,0.1080000028014183,0.10999999940395355,0.3076511323451996,1.3494465351104736,282.62933349609375,0.27858829498291016,252.77308654785156,231.48794555664062,0.3061123490333557,0.722102701663971,300.0,0.215500004589558
20230104.0,1.409999966621399,40.0,12.0,0.05999999865889549,0.1080000028014183,0.10999999940395355,0.3076511323451996,1.3494465351104736,280.5866394042969,0.26652103662490845,248.743408203125,230.13360595703125,0.10951930284500122,0.6236140727996826,300.0,0.213625000789762
20230106.0,1.409999966621399,40.0,12.0,0.05999999865889549,0.1080000028014183,0.10999999940395355,0.3076511323451996,1.3494465351104736,281.6938781738281,0.24065887928009033,250.7713623046875,231.0905303955078,0.016072988510131836,0.3472371995449066,300.0,0.211416662981113
20230109.0,1.409999966621399,40.0,12.0,0.05999999865889549,0.1080000028014183,0.10999999940395355,0.3076511323451996,1.3494465351104736,279.8641662597656,0.20308628678321838,244.41033935546875,223.46200561523438,12.171812057495117,1.6110388040542603,300.0,0.259916668136915
20230111.0,1.409999966621399,40.0,12.0,0.05999999865889549,0.1080000028014183,0.10999999940395355,0.3076511323451996,1.3494465351104736,278.84674072265625,0.18976016342639923,242.46719360351562,222.65737915039062,4.3628621101379395,0.2999294698238373,300.0,0.241333334396283
20230112.0,1.409999966621399,40.0,12.0,0.05999999865889549,0.1080000028014183,0.10999999940395355,0.3076511323451996,1.3494465351104736,280.20458984375,0.1831522136926651,243.07289123535156,219.80245971679688,0.004474321845918894,0.5356019139289856,300.0,0.241458331545194
20230114.0,1.409999966621399,40.0,12.0,0.05999999865889549,0.1080000028014183,0.10999999940395355,0.3076511323451996,1.3494465351104736,282.10009765625,0.16995404660701752,242.8306427001953,223.5897674560547,0.0015143553027883172,0.7799906134605408,300.0,0.231458334252238
20230117.0,1.409999966621399,40.0,12.0,0.05999999865889549,0.1080000028014183,0.10999999940395355,0.3076511323451996,1.3494465351104736,277.94073486328125,0.1524847000837326,239.63265991210938,216.67906188964844,13.222902297973633,1.605808138847351,300.0,0.266541667282581
20230119.0,1.409999966621399,40.0,12.0,0.05999999865889549,0.1080000028014183,0.10999999940395355,0.3076511323451996,1.3494465351104736,274.9046936035156,0.1720505952835083,238.70291137695312,219.84927368164062,20.174715042114258,0.44323766231536865,300.0,0.259958334267139
20230120.0,1.409999966621399,40.0,12.0,0.05999999865889549,0.1080000028014183,0.10999999940395355,0.3076511323451996,1.3494465351104736,273.2528076171875,0.18195942044258118,238.59677124023438,218.96847534179688,1.0968397855758667,0.7934777140617371,300.0,0.264083333313465
20230122.0,1.409999966621399,40.0,12.0,0.05999999865889549,0.1080000028014183,0.10999999940395355,0.3076511323451996,1.3494465351104736,271.2672119140625,0.20351320505142212,248.04879760742188,232.17581176757812,0.3768002986907959,0.8422322869300842,300.0,0.242041664818923
20230128.0,1.409999966621399,40.0,12.0,0.05999999865889549,0.1080000028014183,0.10999999940395355,0.3076511323451996,1.3494465351104736,274.03314208984375,0.23711031675338745,241.7373046875,222.4639892578125,0.2814604938030243,0.681194007396698,300.0,0.229708336914579
20230130.0,1.409999966621399,40.0,12.0,0.05999999865889549,0.1080000028014183,0.10999999940395355,0.3076511323451996,1.3494465351104736,273.2720947265625,0.23754948377609253,244.88079833984375,222.17813110351562,0.004000001586973667,0.6097697019577026,300.0,0.224000001326203
20230202.0,1.409999966621399,40.0,12.0,0.05999999865889549,0.1080000028014183,0.10999999940395355,0.3076511323451996,1.3494465351104736,276.84332275390625,0.23873434960842133,246.8980255126953,225.69776916503906,0.003879202762618661,0.7631962299346924,300.0,0.217458330094814
20230204.0,1.409999966621399,40.0,12.0,0.05999999865889549,0.1080000028014183,0.10999999940395355,0.3076511323451996,1.3494465351104736,275.6777038574219,0.24615052342414856,248.78948974609375,230.2086181640625,0.0034817722626030445,0.5936918258666992,300.0,0.212166664501031
20230207.0,1.409999966621399,40.0,12.0,0.05999999865889549,0.1080000028014183,0.10999999940395355,0.3076511323451996,1.3494465351104736,275.89093017578125,0.2576673924922943,249.87754821777344,232.9031219482422,5.490032196044922,1.4724769592285156,300.0,0.205874999985099
20230210.0,1.409999966621399,40.0,12.0,0.05999999865889549,0.1080000028014183,0.10999999940395355,0.3076511323451996,1.3494465351104736,275.85052490234375,0.26901891827583313,248.46717834472656,230.365966796875,0.0008523463038727641,1.0233975648880005,300.0,0.200458337242405
20230212.0,1.409999966621399,40.0,12.0,0.05999999865889549,0.1080000028014183,0.10999999940395355,0.3076511323451996,1.3494465351104736,278.0238952636719,0.2706732451915741,251.55918884277344,234.46987915039062,0.0,1.3271198272705078,300.0,0.196041661625107
20230213.0,1.409999966621399,40.0,12.0,0.05999999865889549,0.1080000028014183,0.10999999940395355,0.3076511323451996,1.3494465351104736,279.44091796875,0.2715010344982147,251.88604736328125,236.9302978515625,0.0,1.2676689624786377,300.0,0.1943333329012
20230215.0,1.409999966621399,40.0,12.0,0.05999999865889549,0.1080000028014183,0.10999999940395355,0.3076511323451996,1.3494465351104736,282.6820373535156,0.27296778559684753,255.47308349609375,239.27732849121094,0.011179298162460327,1.1157820224761963,300.0,0.190874999389052
20230218.0,1.409999966621399,40.0,12.0,0.05999999865889549,0.1080000028014183,0.10999999940395355,0.3076511323451996,1.3494465351104736,281.88348388671875,0.2750149369239807,255.37152099609375,242.12692260742188,0.002152815693989396,1.2508209943771362,300.0,0.186208337545395
20230220.0,1.409999966621399,40.0,12.0,0.05999999865889549,0.1080000028014183,0.10999999940395355,0.3076511323451996,1.3494465351104736,282.8070983886719,0.249874547123909,257.66094970703125,245.02362060546875,0.020181603729724884,1.4013651609420776,300.0,0.182458330566684
20230221.0,1.409999966621399,40.0,12.0,0.05999999865889549,0.1080000028014183,0.10999999940395355,0.3076511323451996,1.3494465351104736,283.4936218261719,0.23748113214969635,259.080078125,247.88040161132812,3.1523163318634033,1.1469528675079346,300.0,0.180291670064131
20230223.0,1.409999966621399,40.0,12.0,0.05999999865889549,0.1080000028014183,0.10999999940395355,0.3076511323451996,1.3494465351104736,281.8198547363281,0.21305319666862488,257.7257080078125,242.34063720703125,3.145331859588623,0.9472346305847168,300.0,0.181874996051192
20230226.0,1.409999966621399,40.0,12.0,0.05999999865889549,0.1080000028014183,0.10999999940395355,0.3076511323451996,1.3494465351104736,277.07183837890625,0.1771845519542694,250.78343200683594,232.36434936523438,0.12668663263320923,1.7143261432647705,300.0,0.229291666299105
20230228.0,1.409999966621399,40.0,12.0,0.05999999865889549,0.1080000028014183,0.10999999940395355,0.3076511323451996,1.3494465351104736,275.04815673828125,0.15223196148872375,253.69473266601562,234.71023559570312,0.009677325375378132,1.0971359014511108,300.0,0.217416663964589
20230301.0,1.409999966621399,40.0,12.0,0.05999999865889549,0.1080000028014183,0.10999999940395355,0.3076511323451996,1.3494465351104736,275.01947021484375,0.13995963335037231,254.1468505859375,236.1219940185547,0.000858306884765625,1.3452184200286865,300.0,0.213416667034229
20230303.0,1.409999966621399,40.0,12.0,0.05999999865889549,0.1080000028014183,0.10999999940395355,0.3076511323451996,1.3494465351104736,277.2021484375,0.1156691163778305,254.30613708496094,239.21414184570312,0.001998080173507333,1.2492119073867798,300.0,0.206791668509444
20230306.0,1.409999966621399,40.0,12.0,0.05999999865889549,0.1080000028014183,0.10999999940395355,0.3076511323451996,1.3494465351104736,277.1202697753906,0.08210129290819168,254.51705932617188,239.09976196289062,0.003928897902369499,1.158239722251892,300.0,0.195874995862444
20230308.0,1.409999966621399,40.0,12.0,0.05999999865889549,0.1080000028014183,0.10999999940395355,0.3076511323451996,1.3494465351104736,283.5731201171875,0.08773743361234665,250.37649536132812,231.76272583007812,3.4379220008850098,1.4541481733322144,300.0,0.217499998087684
20230309.0,1.409999966621399,40.0,12.0,0.05999999865889549,0.1080000028014183,0.10999999940395355,0.3076511323451996,1.3494465351104736,285.8057556152344,0.09056753665208817,253.0240478515625,235.1029510498047,7.897851467132568,1.8503741025924683,300.0,0.220947369148857
20230311.0,1.409999966621399,40.0,12.0,0.05999999865889549,0.1080000028014183,0.10999999940395355,0.3076511323451996,1.3494465351104736,285.0309143066406,0.09751218557357788,251.9033203125,230.1015625,23.300243377685547,1.4659169912338257,300.0,0.249500002712011
20230314.0,1.409999966621399,40.0,12.0,0.05999999865889549,0.1080000028014183,0.10999999940395355,0.3076511323451996,1.3494465351104736,282.2760925292969,0.10739342123270035,244.54367065429688,222.31680297851562,10.592156410217285,2.675828218460083,300.0,0.25961904724439
20230316.0,1.409999966621399,40.0,12.0,0.05999999865889549,0.1080000028014183,0.10999999940395355,0.3076511323451996,1.3494465351104736,283.16522216796875,0.10645510256290436,244.5550079345703,221.6990509033203,0.002225637435913086,2.6211800575256348,300.0,0.239833333219091
20230317.0,1.409999966621399,40.0,12.0,0.05999999865889549,0.1080000028014183,0.10999999940395355,0.3076511323451996,1.3494465351104736,284.9169616699219,0.10598625987768173,252.085205078125,231.875244140625,0.016952356323599815,1.5158401727676392,300.0,0.232541666676601
20230319.0,1.409999966621399,40.0,12.0,0.05999999865889549,0.1080000028014183,0.10999999940395355,0.3076511323451996,1.3494465351104736,284.2001953125,0.10475216805934906,244.95790100097656,225.0149688720703,5.555701732635498,1.8279567956924438,300.0,0.250733331839244
20230322.0,1.409999966621399,40.0,12.0,0.05999999865889549,0.1080000028014183,0.10999999940395355,0.3076511323451996,1.3494465351104736,285.0703430175781,0.10212936252355576,251.70521545410156,232.42410278320312,0.001291795982979238,2.7608258724212646,300.0,0.231541665270925
20230324.0,1.409999966621399,40.0,12.0,0.05999999865889549,0.1080000028014183,0.10999999940395355,0.3076511323451996,1.3494465351104736,286.6308288574219,0.08828706294298172,260.98419189453125,243.21844482421875,0.30660757422447205,1.789749264717102,300.0,0.217666665092111
20230325.0,1.409999966621399,40.0,12.0,0.05999999865889549,0.1080000028014183,0.10999999940395355,0.3076511323451996,1.3494465351104736,285.3398742675781,0.08143734931945801,256.60443115234375,240.55532836914062,0.002822279930114746,2.6063177585601807,300.0,0.211291666453083
20230327.0,1.409999966621399,40.0,12.0,0.05999999865889549,0.1080000028014183,0.10999999940395355,0.3076511323451996,1.3494465351104736,282.71319580078125,0.06732531636953354,255.59271240234375,235.71893310546875,3.534635543823242,2.148390769958496,300.0,0.20884999781847
20230330.0,1.409999966621399,40.0,12.0,0.05999999865889549,0.1080000028014183,0.10999999940395355,0.3076511323451996,1.3494465351104736,288.3780212402344,0.046682607382535934,262.85980224609375,246.66445922851562,0.1394418179988861,2.8017497062683105,300.0,0.1924999995778
20230401.0,1.409999966621399,40.0,12.0,0.05999999865889549,0.1080000028014183,0.10999999940395355,0.3076511323451996,1.3494465351104736,282.30322265625,0.04586874693632126,263.59259033203125,248.1546173095703,9.11959457397461,2.4718472957611084,300.0,0.179947371545591
20230402.0,1.409999966621399,40.0,12.0,0.05999999865889549,0.1080000028014183,0.10999999940395355,0.3076511323451996,1.3494465351104736,281.8826599121094,0.045462142676115036,251.63214111328125,233.9711151123047,7.636003017425537,2.501669406890869,300.0,0.199133336544037
20230404.0,1.409999966621399,40.0,12.0,0.05999999865889549,0.1080000028014183,0.10999999940395355,0.3076511323451996,1.3494465351104736,281.64471435546875,0.04472768306732178,256.6097106933594,236.92617797851562,0.0,2.6306166648864746,300.0,0.195874997725089
20230407.0,1.409999966621399,40.0,12.0,0.05999999865889549,0.1080000028014183,0.10999999940395355,0.3076511323451996,1.3494465351104736,283.9907531738281,0.04186953231692314,261.754638671875,244.10415649414062,0.0008573618251830339,3.0781137943267822,300.0,0.169333333770434
20230409.0,1.409999966621399,40.0,12.0,0.05999999865889549,0.1080000028014183,0.10999999940395355,0.3076511323451996,1.3494465351104736,285.708740234375,0.013905715197324753,264.216064453125,252.07742309570312,0.0012814997462555766,3.2443389892578125,300.0,0.148625001311302
20230410.0,1.409999966621399,40.0,12.0,0.05999999865889549,0.1080000028014183,0.10999999940395355,0.3076511323451996,1.3494465351104736,286.725341796875,0.00026045588310807943,265.64703369140625,250.6392364501953,0.0008523463038727641,3.01932430267334,300.0,0.140958335871498
20230412.0,1.409999966621399,40.0,12.0,0.05999999865889549,0.1080000028014183,0.10999999940395355,0.3076511323451996,1.3494465351104736,282.9399108886719,0.0,268.67236328125,251.95736694335938,5.815581321716309,1.4230799674987793,300.0,0.132458333546917
20230415.0,1.409999966621399,40.0,12.0,0.05999999865889549,0.1080000028014183,0.10999999940395355,0.3076511323451996,1.3494465351104736,283.26055908203125,0.0,253.065185546875,232.77589416503906,4.185939788818359,3.0916078090667725,300.0,0.250434779602548
20230417.0,1.409999966621399,40.0,12.0,0.05999999865889549,0.1080000028014183,0.10999999940395355,0.3076511323451996,1.3494465351104736,283.3357849121094,0.0,259.47198486328125,238.78492736816406,0.025876019150018692,2.334996223449707,300.0,0.220041667421659
20230418.0,1.409999966621399,40.0,12.0,0.05999999865889549,0.1080000028014183,0.10999999940395355,0.3076511323451996,1.3494465351104736,284.492431640625,0.0,261.0708312988281,242.32945251464844,0.3056579828262329,2.821748733520508,300.0,0.210625000298023
20230420.0,1.409999966621399,40.0,12.0,0.05999999865889549,0.1080000028014183,0.10999999940395355,0.3076511323451996,1.3494465351104736,287.473876953125,0.0,265.4696044921875,246.88320922851562,0.006982485298067331,3.591911554336548,300.0,0.187166666612029
20230423.0,1.409999966621399,40.0,12.0,0.05999999865889549,0.1080000028014183,0.10999999940395355,0.3076511323451996,1.3494465351104736,285.8114013671875,0.006218740250915289,263.31610107421875,244.369140625,4.869892120361328,2.448201894760132,300.0,0.164250005036592
20230426.0,1.409999966621399,40.0,12.0,0.05999999865889549,0.1080000028014183,0.10999999940395355,0.3076511323451996,1.3494465351104736,287.5740051269531,0.0023685076739639044,258.67041015625,238.6733856201172,1.0061105489730835,1.3079975843429565,300.0,0.247791666537523
20230428.0,1.409999966621399,40.0,12.0,0.05999999865889549,0.1080000028014183,0.10999999940395355,0.3076511323451996,1.3494465351104736,291.0307312011719,0.0,266.25482177734375,243.83685302734375,0.052759844809770584,3.762899875640869,300.0,0.221416667103767
20230501.0,1.409999966621399,40.0,12.0,0.05999999865889549,0.1080000028014183,0.10999999940395355,0.3076511323451996,1.3494465351104736,287.1940002441406,0.0,259.737060546875,236.075439453125,5.711524963378906,2.8760228157043457,300.0,0.247166664650043
20230504.0,1.409999966621399,40.0,12.0,0.05999999865889549,0.1080000028014183,0.10999999940395355,0.3076511323451996,1.3494465351104736,291.81109619140625,0.0,268.10516357421875,248.81243896484375,0.036146242171525955,3.9003875255584717,300.0,0.20537500269711
20230506.0,1.409999966621399,40.0,12.0,0.05999999865889549,0.1080000028014183,0.10999999940395355,0.3076511323451996,1.3494465351104736,291.77294921875,0.0,271.89703369140625,255.4693145751953,1.2949275970458984,4.413090229034424,300.0,0.178791667024295
20230509.0,1.409999966621399,40.0,12.0,0.05999999865889549,0.1080000028014183,0.10999999940395355,0.3076511323451996,1.3494465351104736,286.7367858886719,0.0,267.52020263671875,248.3354034423828,11.510181427001953,1.3880956172943115,300.0,0.224375001465281
20230511.0,1.409999966621399,40.0,12.0,0.05999999865889549,0.1080000028014183,0.10999999940395355,0.3076511323451996,1.3494465351104736,285.6483459472656,0.0,260.04193115234375,237.63449096679688,8.059666633605957,3.467719793319702,300.0,0.244625001524886
20230512.0,1.409999966621399,40.0,12.0,0.05999999865889549,0.1080000028014183,0.10999999940395355,0.3076511323451996,1.3494465351104736,285.49444580078125,0.0006208961131051183,255.71401977539062,234.33123779296875,9.810565948486328,3.202181100845337,300.0,0.268526318826174
20230514.0,1.409999966621399,40.0,12.0,0.05999999865889549,0.1080000028014183,0.10999999940395355,0.3076511323451996,1.3494465351104736,286.3734130859375,0.009288686327636242,254.48876953125,231.48577880859375,12.412618637084961,2.616870641708374,300.0,0.27339130251304
20230517.0,1.409999966621399,40.0,12.0,0.05999999865889549,0.1080000028014183,0.10999999940395355,0.3076511323451996,1.3494465351104736,285.0799255371094,0.02295735478401184,257.3896484375,233.46400451660156,0.2258557826280594,3.304202079772949,300.0,0.239083332940936
20230519.0,1.409999966621399,40.0,12.0,0.05999999865889549,0.1080000028014183,0.10999999940395355,0.3076511323451996,1.3494465351104736,285.2839660644531,0.03979978710412979,263.20855712890625,240.7989044189453,2.3451249599456787,1.9590555429458618,300.0,0.220416666318973
20230520.0,1.409999966621399,40.0,12.0,0.05999999865889549,0.1080000028014183,0.10999999940395355,0.3076511323451996,1.3494465351104736,286.9776306152344,0.04834213852882385,263.00860595703125,242.7353515625,0.44002360105514526,2.6021854877471924,300.0,0.2140416658173
20230522.0,1.409999966621399,40.0,12.0,0.05999999865889549,0.1080000028014183,0.10999999940395355,0.3076511323451996,1.3494465351104736,290.40618896484375,0.06604155898094177,263.2425537109375,242.91091918945312,3.1762521266937256,3.380857467651367,300.0,0.242999998231729
20230525.0,1.409999966621399,40.0,12.0,0.05999999865889549,0.1080000028014183,0.10999999940395355,0.3076511323451996,1.3494465351104736,290.2905578613281,0.09260161966085434,259.07562255859375,237.54278564453125,0.7096282839775085,3.9444308280944824,300.0,0.229041666413347
20230527.0,1.409999966621399,40.0,12.0,0.05999999865889549,0.1080000028014183,0.10999999940395355,0.3076511323451996,1.3494465351104736,293.27838134765625,0.1017618328332901,266.9464111328125,246.63409423828125,0.005815492942929268,4.82249116897583,300.0,0.20366666590174
20230528.0,1.409999966621399,40.0,12.0,0.05999999865889549,0.1080000028014183,0.10999999940395355,0.3076511323451996,1.3494465351104736,293.82708740234375,0.10637316107749939,269.18682861328125,250.3139190673828,1.7234129905700684,4.785980224609375,300.0,0.185750000178814
20230530.0,1.409999966621399,40.0,12.0,0.05999999865889549,0.1080000028014183,0.10999999940395355,0.3076511323451996,1.3494465351104736,293.9416809082031,0.11529161036014557,271.9580993652344,252.71131896972656,2.739253282546997,4.775318145751953,300.0,0.157458330815037
20230602.0,1.409999966621399,40.0,12.0,0.05999999865889549,0.1080000028014183,0.10999999940395355,0.3076511323451996,1.3494465351104736,293.2507629394531,0.1281202882528305,266.6630859375,246.2327880859375,5.399294376373291,4.603251934051514,300.0,0.184416667868694
20230604.0,1.409999966621399,40.0,12.0,0.05999999865889549,0.1080000028014183,0.10999999940395355,0.3076511323451996,1.3494465351104736,293.5896301269531,0.12566334009170532,270.5331115722656,251.85009765625,1.5158931016921997,4.2888383865356445,300.0,0.171541664128502
20230605.0,1.409999966621399,40.0,12.0,0.05999999865889549,0.1080000028014183,0.10999999940395355,0.3076511323451996,1.3494465351104736,294.2948303222656,0.12443698197603226,272.56634521484375,256.5736999511719,0.7190885543823242,4.840099334716797,300.0,0.162875001629194
20230607.0,1.409999966621399,40.0,12.0,0.05999999865889549,0.1080000028014183,0.10999999940395355,0.3076511323451996,1.3494465351104736,293.94122314453125,0.12147855758666992,267.22833251953125,248.42324829101562,0.1695403754711151,4.561380386352539,300.0,0.148333335916201
20230610.0,1.409999966621399,40.0,12.0,0.05999999865889549,0.1080000028014183,0.10999999940395355,0.3076511323451996,1.3494465351104736,294.75115966796875,0.1176508367061615,262.0119934082031,241.85821533203125,0.5973045229911804,4.302767276763916,300.0,0.229708333189289
20230612.0,1.409999966621399,40.0,12.0,0.05999999865889549,0.1080000028014183,0.10999999940395355,0.3076511323451996,1.3494465351104736,293.4596252441406,0.12336848676204681,264.5479736328125,243.32289123535156,4.67594575881958,2.9168033599853516,300.0,0.208291670928399
20230613.0,1.409999966621399,40.0,12.0,0.05999999865889549,0.1080000028014183,0.10999999940395355,0.3076511323451996,1.3494465351104736,293.5635681152344,0.12623879313468933,262.2528076171875,241.553466796875,20.432403564453125,3.6674704551696777,300.0,0.223782608690469
20230615.0,1.409999966621399,40.0,12.0,0.05999999865889549,0.1080000028014183,0.10999999940395355,0.3076511323451996,1.3494465351104736,292.5322570800781,0.1323583573102951,258.3075256347656,231.833984375,0.5490592122077942,4.03779935836792,300.0,0.242666667327285
20230618.0,1.409999966621399,40.0,12.0,0.05999999865889549,0.1080000028014183,0.10999999940395355,0.3076511323451996,1.3494465351104736,296.4874267578125,0.1416003704071045,264.3973083496094,245.21966552734375,0.0,5.286818504333496,300.0,0.211624996736646
20230620.0,1.409999966621399,40.0,12.0,0.05999999865889549,0.1080000028014183,0.10999999940395355,0.3076511323451996,1.3494465351104736,296.39892578125,0.15291143953800201,267.3898620605469,245.85781860351562,0.05487364903092384,4.175325870513916,300.0,0.202958332995574
20230621.0,1.409999966621399,40.0,12.0,0.05999999865889549,0.1080000028014183,0.10999999940395355,0.3076511323451996,1.3494465351104736,296.0773620605469,0.15861020982265472,265.58551025390625,243.57955932617188,0.8728561401367188,2.987943649291992,300.0,0.211434784790744
20230623.0,1.409999966621399,40.0,12.0,0.05999999865889549,0.1080000028014183,0.10999999940395355,0.3076511323451996,1.3494465351104736,294.5981750488281,0.1701311469078064,266.406005859375,244.61740112304688,0.7461581230163574,4.437171459197998,300.0,0.211708334585031
20230626.0,1.409999966621399,40.0,12.0,0.05999999865889549,0.1080000028014183,0.10999999940395355,0.3076511323451996,1.3494465351104736,295.75177001953125,0.18678472936153412,274.754150390625,256.1206970214844,0.052469898015260696,4.201890468597412,300.0,0.164291664337118
20230628.0,1.409999966621399,40.0,12.0,0.05999999865889549,0.1080000028014183,0.10999999940395355,0.3076511323451996,1.3494465351104736,295.9372253417969,0.18520867824554443,271.43341064453125,256.28271484375,0.000858306884765625,5.469669818878174,300.0,0.14508333367606
20230629.0,1.409999966621399,40.0,12.0,0.05999999865889549,0.1080000028014183,0.10999999940395355,0.3076511323451996,1.3494465351104736,295.1317443847656,0.18442144989967346,273.8446350097656,259.25958251953125,9.494349479675293,4.256494045257568,300.0,0.139428570866585
20230701.0,1.409999966621399,40.0,12.0,0.05999999865889549,0.1080000028014183,0.10999999940395355,0.3076511323451996,1.3494465351104736,291.36614990234375,0.18223422765731812,260.3365478515625,237.35693359375,1.9722135066986084,2.0554826259613037,300.0,0.220458334311843
20230704.0,1.409999966621399,40.0,12.0,0.05999999865889549,0.1080000028014183,0.10999999940395355,0.3076511323451996,1.3494465351104736,294.9109802246094,0.18020442128181458,267.1629638671875,247.86865234375,0.5911011695861816,4.090364933013916,300.0,0.186083333566785
20230706.0,1.409999966621399,40.0,12.0,0.05999999865889549,0.1080000028014183,0.10999999940395355,0.3076511323451996,1.3494465351104736,296.48480224609375,0.19690634310245514,270.1468505859375,251.5899658203125,0.22997114062309265,4.254152774810791,300.0,0.158875000973543
20230707.0,1.409999966621399,40.0,12.0,0.05999999865889549,0.1080000028014183,0.10999999940395355,0.3076511323451996,1.3494465351104736,296.45489501953125,0.20534497499465942,271.89007568359375,255.04544067382812,0.1776885986328125,5.36794376373291,300.0,0.14650000197192
20230709.0,1.409999966621399,40.0,12.0,0.05999999865889549,0.1080000028014183,0.10999999940395355,0.3076511323451996,1.3494465351104736,299.82257080078125,0.2232551872730255,266.43292236328125,247.5375213623047,0.001774111413396895,4.75632381439209,300.0,0.157166664799054
20230712.0,1.409999966621399,40.0,12.0,0.05999999865889549,0.1080000028014183,0.10999999940395355,0.3076511323451996,1.3494465351104736,295.4439697265625,0.2496650218963623,274.0721740722656,259.83807373046875,0.24502801895141602,3.144667863845825,300.0,0.133625002577901
20230714.0,1.409999966621399,40.0,12.0,0.05999999865889549,0.1080000028014183,0.10999999940395355,0.3076511323451996,1.3494465351104736,296.7861328125,0.2545555531978607,271.309326171875,258.89483642578125,0.000858306884765625,5.1274285316467285,300.0,0.126250002533197
20230715.0,1.409999966621399,40.0,12.0,0.05999999865889549,0.1080000028014183,0.10999999940395355,0.3076511323451996,1.3494465351104736,297.23712158203125,0.2570076584815979,275.287109375,261.8615417480469,6.680372714996338,3.034276247024536,300.0,0.123416666562359
20230717.0,1.409999966621399,40.0,12.0,0.05999999865889549,0.1080000028014183,0.10999999940395355,0.3076511323451996,1.3494465351104736,297.6239929199219,0.2613525390625,274.13848876953125,260.7895202636719,0.0017733044223859906,4.449558258056641,300.0,0.119875000789762
20230720.0,1.409999966621399,40.0,12.0,0.05999999865889549,0.1080000028014183,0.10999999940395355,0.3076511323451996,1.3494465351104736,297.35211181640625,0.26790282130241394,278.574951171875,263.0559387207031,0.28182268142700195,4.331300735473633,300.0,0.114874999349316
20230722.0,1.409999966621399,40.0,12.0,0.05999999865889549,0.1080000028014183,0.10999999940395355,0.3076511323451996,1.3494465351104736,296.4029541015625,0.2715080976486206,276.14593505859375,263.4960632324219,0.001480314414948225,3.6572086811065674,300.0,0.112500001676381
20230723.0,1.409999966621399,40.0,12.0,0.05999999865889549,0.1080000028014183,0.10999999940395355,0.3076511323451996,1.3494465351104736,299.199462890625,0.27331435680389404,278.0133056640625,264.3974609375,1.120408296585083,4.171423435211182,300.0,0.112041667724649
20230725.0,1.409999966621399,40.0,12.0,0.05999999865889549,0.1080000028014183,0.10999999940395355,0.3076511323451996,1.3494465351104736,292.4200134277344,0.2767873704433441,273.36346435546875,261.2671203613281,1.3925573825836182,3.1013331413269043,300.0,0.108291667575638
20230730.0,1.409999966621399,40.0,12.0,0.05999999865889549,0.1080000028014183,0.10999999940395355,0.3076511323451996,1.3494465351104736,296.1107482910156,0.3280176818370819,270.89129638671875,254.64068603515625,0.05894184112548828,3.1186671257019043,300.0,0.130624999602636
20230731.0,1.409999966621399,40.0,12.0,0.05999999865889549,0.1080000028014183,0.10999999940395355,0.3076511323451996,1.3494465351104736,296.23681640625,0.3514273166656494,272.67022705078125,259.8990478515625,0.000852346362080425,3.849381923675537,300.0,0.124708334604899
20230802.0,1.409999966621399,40.0,12.0,0.05999999865889549,0.1080000028014183,0.10999999940395355,0.3076511323451996,1.3494465351104736,297.1510009765625,0.39941009879112244,274.554443359375,261.0700378417969,1.252732515335083,3.5133285522460938,300.0,0.116208331969877
20230805.0,1.409999966621399,40.0,12.0,0.05999999865889549,0.1080000028014183,0.10999999940395355,0.3076511323451996,1.3494465351104736,292.1894226074219,0.47264328598976135,273.2066650390625,258.1434326171875,1.0999481678009033,3.419168710708618,300.0,0.108125000881652
20230807.0,1.409999966621399,40.0,12.0,0.05999999865889549,0.1080000028014183,0.10999999940395355,0.3076511323451996,1.3494465351104736,292.8212890625,0.5001307725906372,272.9112548828125,262.09210205078125,0.0008463859558105469,3.452897548675537,300.0,0.106166665752729
20230808.0,1.409999966621399,40.0,12.0,0.05999999865889549,0.1080000028014183,0.10999999940395355,0.3076511323451996,1.3494465351104736,294.178466796875,0.5140329599380493,273.7584228515625,262.900634765625,0.0008584272000007331,3.8096325397491455,300.0,0.105458333467444
20230810.0,1.409999966621399,40.0,12.0,0.05999999865889549,0.1080000028014183,0.10999999940395355,0.3076511323451996,1.3494465351104736,298.06146240234375,0.5411317944526672,278.95166015625,265.260009765625,0.0,3.463313341140747,300.0,0.103833332347373
20230813.0,1.409999966621399,40.0,12.0,0.05999999865889549,0.1080000028014183,0.10999999940395355,0.3076511323451996,1.3494465351104736,301.3636779785156,0.582298755645752,281.3443603515625,268.92645263671875,0.07965578138828278,2.707643747329712,300.0,0.102791666053236
20230815.0,1.409999966621399,40.0,12.0,0.05999999865889549,0.1080000028014183,0.10999999940395355,0.3076511323451996,1.3494465351104736,300.5977783203125,0.6052857041358948,279.68939208984375,265.79595947265625,0.34130188822746277,2.103848934173584,300.0,0.101541668176651
20230816.0,1.409999966621399,40.0,12.0,0.05999999865889549,0.1080000028014183,0.10999999940395355,0.3076511323451996,1.3494465351104736,301.0389099121094,0.6168781518936157,278.4742431640625,265.06866455078125,0.00019881459593307227,2.588894844055176,300.0,0.100833334339162
20230818.0,1.409999966621399,40.0,12.0,0.05999999865889549,0.1080000028014183,0.10999999940395355,0.3076511323451996,1.3494465351104736,300.4881591796875,0.6399917006492615,279.8705749511719,266.54229736328125,0.0,2.7063910961151123,300.0,0.100583333522081
20230821.0,1.409999966621399,40.0,12.0,0.05999999865889549,0.1080000028014183,0.10999999940395355,0.3076511323451996,1.3494465351104736,305.1418151855469,0.6762513518333435,281.86370849609375,271.166259765625,0.0008702276973053813,2.897704601287842,300.0,0.100708333775401
20230823.0,1.409999966621399,40.0,12.0,0.05999999865889549,0.1080000028014183,0.10999999940395355,0.3076511323451996,1.3494465351104736,305.54571533203125,0.7173759937286377,283.9671630859375,270.89080810546875,1.4499820470809937,3.36228084564209,300.0,0.0999583328763644
20230824.0,1.409999966621399,40.0,12.0,0.05999999865889549,0.1080000028014183,0.10999999940395355,0.3076511323451996,1.3494465351104736,304.3937683105469,0.7382253408432007,284.3382263183594,272.13238525390625,0.000432960077887401,3.0606234073638916,300.0,0.0989583333333333
20230826.0,1.409999966621399,40.0,12.0,0.05999999865889549,0.1080000028014183,0.10999999940395355,0.3076511323451996,1.3494465351104736,296.3792724609375,0.7814810872077942,269.6463623046875,251.73446655273438,4.8954572677612305,1.960633397102356,300.0,0.0955416665722926
20230829.0,1.409999966621399,40.0,12.0,0.05999999865889549,0.1080000028014183,0.10999999940395355,0.3076511323451996,1.3494465351104736,290.7676086425781,0.8425668478012085,263.5582580566406,241.4473876953125,2.914914846420288,2.649582862854004,300.0,0.123333332853185
20230831.0,1.409999966621399,40.0,12.0,0.05999999865889549,0.1080000028014183,0.10999999940395355,0.3076511323451996,1.3494465351104736,293.51715087890625,0.805312991142273,269.4970703125,252.66114807128906,0.20097380876541138,2.7927873134613037,300.0,0.125291667568187
20230901.0,1.409999966621399,40.0,12.0,0.05999999865889549,0.1080000028014183,0.10999999940395355,0.3076511323451996,1.3494465351104736,295.5058288574219,0.7868973612785339,272.8341979980469,257.7252502441406,0.010017753578722477,2.9150278568267822,300.0,0.123041667975485
20230903.0,1.409999966621399,40.0,12.0,0.05999999865889549,0.1080000028014183,0.10999999940395355,0.3076511323451996,1.3494465351104736,296.7040100097656,0.7470366954803467,276.2535705566406,260.67138671875,0.0008523463038727641,2.880358934402466,300.0,0.116083331716557
20230906.0,1.409999966621399,40.0,12.0,0.05999999865889549,0.1080000028014183,0.10999999940395355,0.3076511323451996,1.3494465351104736,298.3764343261719,0.6890999674797058,280.4726257324219,266.5634765625,0.0,2.3934707641601562,300.0,0.106875000521541
20230908.0,1.409999966621399,40.0,12.0,0.05999999865889549,0.1080000028014183,0.10999999940395355,0.3076511323451996,1.3494465351104736,297.8708801269531,0.6892292499542236,279.41387939453125,266.98590087890625,0.0,2.117111921310425,300.0,0.103124999130766
20230909.0,1.409999966621399,40.0,12.0,0.05999999865889549,0.1080000028014183,0.10999999940395355,0.3076511323451996,1.3494465351104736,298.0862121582031,0.6892939805984497,279.8736572265625,268.93560791015625,0.0034362077713012695,1.9900027513504028,300.0,0.101791668062409
20230911.0,1.409999966621399,40.0,12.0,0.05999999865889549,0.1080000028014183,0.10999999940395355,0.3076511323451996,1.3494465351104736,298.4490966796875,0.6893737316131592,282.1722412109375,267.14105224609375,0.9044781923294067,1.2140206098556519,300.0,0.100166667252779
20230914.0,1.409999966621399,40.0,12.0,0.05999999865889549,0.1080000028014183,0.10999999940395355,0.3076511323451996,1.3494465351104736,295.263916015625,0.6906105279922485,266.8232421875,250.14108276367188,0.17514155805110931,2.2549071311950684,300.0,0.104875000193715
20230916.0,1.409999966621399,40.0,12.0,0.05999999865889549,0.1080000028014183,0.10999999940395355,0.3076511323451996,1.3494465351104736,296.1294250488281,0.7083784937858582,271.927978515625,258.08245849609375,0.050619177520275116,2.0477378368377686,300.0,0.104374999801318
20230917.0,1.409999966621399,40.0,12.0,0.05999999865889549,0.1080000028014183,0.10999999940395355,0.3076511323451996,1.3494465351104736,297.6986083984375,0.7173158526420593,276.4491882324219,262.9360656738281,0.2363138049840927,1.5623542070388794,300.0,0.103875001271566
20230919.0,1.409999966621399,40.0,12.0,0.05999999865889549,0.1080000028014183,0.10999999940395355,0.3076511323451996,1.3494465351104736,294.52313232421875,0.7360867261886597,271.69927978515625,257.76898193359375,0.12104935199022293,1.9538545608520508,300.0,0.101916667694847
20230922.0,1.409999966621399,40.0,12.0,0.05999999865889549,0.1080000028014183,0.10999999940395355,0.3076511323451996,1.3494465351104736,289.884521484375,0.7637960314750671,264.7511291503906,246.23995971679688,1.888504147529602,1.9386295080184937,300.0,0.100791669140259
20230924.0,1.409999966621399,40.0,12.0,0.05999999865889549,0.1080000028014183,0.10999999940395355,0.3076511323451996,1.3494465351104736,291.3213195800781,0.772412896156311,269.2958984375,257.7768859863281,0.0,2.090214252471924,300.0,0.100041666378578
20230925.0,1.409999966621399,40.0,12.0,0.05999999865889549,0.1080000028014183,0.10999999940395355,0.3076511323451996,1.3494465351104736,293.1271057128906,0.7767332792282104,272.8211669921875,260.38006591796875,0.00086415238911286,2.104769229888916,300.0,0.100166666631897
20230927.0,1.409999966621399,40.0,12.0,0.05999999865889549,0.1080000028014183,0.10999999940395355,0.3076511323451996,1.3494465351104736,294.3606262207031,0.7849485278129578,274.8894348144531,262.4366455078125,0.0,1.8641544580459595,300.0,0.100000000558794
20230930.0,1.409999966621399,40.0,12.0,0.05999999865889549,0.1080000028014183,0.10999999940395355,0.3076511323451996,1.3494465351104736,296.4157409667969,0.7974648475646973,278.1593017578125,266.8822021484375,0.0017183154122903943,1.5355361700057983,300.0,0.0993749999130766
20231002.0,1.409999966621399,40.0,12.0,0.05999999865889549,0.1080000028014183,0.10999999940395355,0.3076511323451996,1.3494465351104736,295.35223388671875,0.8072918057441711,278.286865234375,268.5406494140625,0.00022318628907669336,1.0140818357467651,300.0,0.0980416663611929
20231003.0,1.409999966621399,40.0,12.0,0.05999999865889549,0.1080000028014183,0.10999999940395355,0.3076511323451996,1.3494465351104736,295.7198486328125,0.8122202754020691,278.9727783203125,267.85955810546875,0.40299347043037415,0.9621224999427795,300.0,0.0974583340187867
20231005.0,1.409999966621399,40.0,12.0,0.05999999865889549,0.1080000028014183,0.10999999940395355,0.3076511323451996,1.3494465351104736,293.7835998535156,0.8222590684890747,274.73468017578125,265.281005859375,0.001710653305053711,1.2781771421432495,300.0,0.095958332841595
20231008.0,1.409999966621399,40.0,12.0,0.05999999865889549,0.1080000028014183,0.10999999940395355,0.3076511323451996,1.3494465351104736,294.0007629394531,0.8354041576385498,275.38946533203125,265.3885803222656,0.0008584349998272955,1.1963790655136108,300.0,0.0947916662941376
20231010.0,1.409999966621399,40.0,12.0,0.05999999865889549,0.1080000028014183,0.10999999940395355,0.3076511323451996,1.3494465351104736,294.3842468261719,0.8143421411514282,276.52490234375,265.74493408203125,0.0017288129311054945,1.0771270990371704,300.0,0.0943749994039536
20231011.0,1.409999966621399,40.0,12.0,0.05999999865889549,0.1080000028014183,0.10999999940395355,0.3076511323451996,1.3494465351104736,294.5704040527344,0.803878664970398,277.0351257324219,266.91748046875,0.0,0.9023691415786743,300.0,0.0941666665797432
20231013.0,1.409999966621399,40.0,12.0,0.05999999865889549,0.1080000028014183,0.10999999940395355,0.3076511323451996,1.3494465351104736,295.5932922363281,0.7818257808685303,279.2247619628906,267.23309326171875,0.009916217066347599,0.6905249953269958,300.0,0.0943333323424061
20231016.0,1.409999966621399,40.0,12.0,0.05999999865889549,0.1080000028014183,0.10999999940395355,0.3076511323451996,1.3494465351104736,289.0262145996094,0.7491732835769653,274.2967224121094,261.22125244140625,0.05587150156497955,0.4435328245162964,300.0,0.0922916665052374
20231018.0,1.409999966621399,40.0,12.0,0.05999999865889549,0.1080000028014183,0.10999999940395355,0.3076511323451996,1.3494465351104736,294.5612487792969,0.71599280834198,279.7239074707031,267.7835693359375,0.48133373260498047,0.5663397908210754,300.0,0.09375
20231019.0,1.409999966621399,40.0,12.0,0.05999999865889549,0.1080000028014183,0.10999999940395355,0.3076511323451996,1.3494465351104736,292.7020568847656,0.6995837092399597,271.570068359375,257.06829833984375,5.207362174987793,1.081659197807312,300.0,0.0940833333879709
20231021.0,1.409999966621399,40.0,12.0,0.05999999865889549,0.1080000028014183,0.10999999940395355,0.3076511323451996,1.3494465351104736,287.4029235839844,0.6670472025871277,260.864013671875,238.89877319335938,0.00411728722974658,1.1809453964233398,300.0,0.0987826077186543
20231024.0,1.409999966621399,40.0,12.0,0.05999999865889549,0.1080000028014183,0.10999999940395355,0.3076511323451996,1.3494465351104736,287.3089904785156,0.6209182739257812,258.1531982421875,239.81246948242188,5.506575107574463,1.39307701587677,300.0,0.104083332543572
20231026.0,1.409999966621399,40.0,12.0,0.05999999865889549,0.1080000028014183,0.10999999940395355,0.3076511323451996,1.3494465351104736,288.11846923828125,0.6171842813491821,255.9339141845703,235.20053100585938,22.41365623474121,1.010683536529541,300.0,0.127874999617537
20231027.0,1.409999966621399,40.0,12.0,0.05999999865889549,0.1080000028014183,0.10999999940395355,0.3076511323451996,1.3494465351104736,286.6681213378906,0.6153199672698975,253.86956787109375,235.90032958984375,2.3879849910736084,1.4630178213119507,300.0,0.1773333363235
20231029.0,1.409999966621399,40.0,12.0,0.05999999865889549,0.1080000028014183,0.10999999940395355,0.3076511323451996,1.3494465351104736,288.6747131347656,0.6128361225128174,261.81219482421875,243.11868286132812,0.0012646933319047093,1.2180194854736328,300.0,0.173708328977227
20231101.0,1.409999966621399,40.0,12.0,0.05999999865889549,0.1080000028014183,0.10999999940395355,0.3076511323451996,1.3494465351104736,285.0676574707031,0.6074939370155334,257.5506286621094,236.66334533691406,0.22464235126972198,0.7203834652900696,300.0,0.186750003447135
20231103.0,1.409999966621399,40.0,12.0,0.05999999865889549,0.1080000028014183,0.10999999940395355,0.3076511323451996,1.3494465351104736,280.9085693359375,0.5813883543014526,246.66864013671875,226.7030792236328,9.094989776611328,1.8994064331054688,300.0,0.238874999185403
20231104.0,1.409999966621399,40.0,12.0,0.05999999865889549,0.1080000028014183,0.10999999940395355,0.3076511323451996,1.3494465351104736,282.74200439453125,0.568463146686554,243.55987548828125,224.10116577148438,9.854873657226562,1.0801303386688232,300.0,0.244916668782632
20231106.0,1.409999966621399,40.0,12.0,0.05999999865889549,0.1080000028014183,0.10999999940395355,0.3076511323451996,1.3494465351104736,281.9451904296875,0.5417904257774353,249.3817138671875,229.713623046875,3.510451316833496,1.170816421508789,300.0,0.222166669244568
20231109.0,1.409999966621399,40.0,12.0,0.05999999865889549,0.1080000028014183,0.10999999940395355,0.3076511323451996,1.3494465351104736,283.27105712890625,0.504923939704895,245.1001434326172,224.11801147460938,8.164859771728516,1.0783368349075317,300.0,0.237541667496165
20231111.0,1.409999966621399,40.0,12.0,0.05999999865889549,0.1080000028014183,0.10999999940395355,0.3076511323451996,1.3494465351104736,283.72344970703125,0.5162015557289124,247.58998107910156,227.9547576904297,5.5876054763793945,0.5656227469444275,300.0,0.236666665722926
20231114.0,1.409999966621399,40.0,12.0,0.05999999865889549,0.1080000028014183,0.10999999940395355,0.3076511323451996,1.3494465351104736,289.1976013183594,0.534944474697113,251.9527130126953,229.74374389648438,0.32581356167793274,1.1766694784164429,300.0,0.22395833581686
20231117.0,1.409999966621399,40.0,12.0,0.05999999865889549,0.1080000028014183,0.10999999940395355,0.3076511323451996,1.3494465351104736,284.434326171875,0.5522799491882324,253.81442260742188,232.1449737548828,1.216647982597351,1.1245979070663452,300.0,0.220434782297715
20231120.0,1.409999966621399,40.0,12.0,0.05999999865889549,0.1080000028014183,0.10999999940395355,0.3076511323451996,1.3494465351104736,284.5407409667969,0.5181331634521484,255.83203125,236.86830139160156,2.2294561862945557,0.5319127440452576,300.0,0.214458335811893
20231122.0,1.409999966621399,40.0,12.0,0.05999999865889549,0.1080000028014183,0.10999999940395355,0.3076511323451996,1.3494465351104736,281.55322265625,0.49417874217033386,252.66973876953125,232.79086303710938,1.785778284072876,1.453100323677063,300.0,0.245666665956378
20231125.0,1.409999966621399,40.0,12.0,0.05999999865889549,0.1080000028014183,0.10999999940395355,0.3076511323451996,1.3494465351104736,279.51934814453125,0.45911020040512085,248.48460388183594,230.00320434570312,0.7108349204063416,1.0299304723739624,300.0,0.243291664868593
20231127.0,1.409999966621399,40.0,12.0,0.05999999865889549,0.1080000028014183,0.10999999940395355,0.3076511323451996,1.3494465351104736,279.3275451660156,0.454963356256485,250.38949584960938,233.50335693359375,15.346466064453125,0.4866350293159485,300.0,0.243333334103227
20231128.0,1.409999966621399,40.0,12.0,0.05999999865889549,0.1080000028014183,0.10999999940395355,0.3076511323451996,1.3494465351104736,281.3978271484375,0.4528936743736267,248.00784301757812,227.03199768066406,6.4915361404418945,0.9063768982887268,300.0,0.266227273778482
20231130.0,1.409999966621399,40.0,12.0,0.05999999865889549,0.1080000028014183,0.10999999940395355,0.3076511323451996,1.3494465351104736,282.3113098144531,0.4487432837486267,250.35882568359375,227.944580078125,6.082632064819336,0.5005438923835754,300.0,0.240833329657714
20231203.0,1.409999966621399,40.0,12.0,0.05999999865889549,0.1080000028014183,0.10999999940395355,0.3076511323451996,1.3494465351104736,275.84063720703125,0.4429500699043274,248.6535186767578,231.465087890625,0.0,0.8496238589286804,300.0,0.242624999955297
20231205.0,1.409999966621399,40.0,12.0,0.05999999865889549,0.1080000028014183,0.10999999940395355,0.3076511323451996,1.3494465351104736,279.37744140625,0.4453398287296295,249.67477416992188,226.21397399902344,3.0506811141967773,0.8096674084663391,300.0,0.239333328480522
20231206.0,1.409999966621399,40.0,12.0,0.05999999865889549,0.1080000028014183,0.10999999940395355,0.3076511323451996,1.3494465351104736,278.4059143066406,0.44653597474098206,248.81060791015625,229.22132873535156,0.07500290870666504,0.5710535645484924,300.0,0.236583335946004
20231208.0,1.409999966621399,40.0,12.0,0.05999999865889549,0.1080000028014183,0.10999999940395355,0.3076511323451996,1.3494465351104736,281.268798828125,0.4492424726486206,242.8525848388672,223.03921508789062,16.446542739868164,0.6020392775535583,300.0,0.265238094897497
20231211.0,1.409999966621399,40.0,12.0,0.05999999865889549,0.1080000028014183,0.10999999940395355,0.3076511323451996,1.3494465351104736,284.4263916015625,0.4524933099746704,248.50064086914062,227.05142211914062,0.8017117381095886,0.5268628001213074,300.0,0.246125000839432
20231213.0,1.409999966621399,40.0,12.0,0.05999999865889549,0.1080000028014183,0.10999999940395355,0.3076511323451996,1.3494465351104736,282.05889892578125,0.4427773952484131,247.16937255859375,225.43382263183594,11.38234806060791,1.4537917375564575,300.0,0.26195832900703
20231214.0,1.409999966621399,40.0,12.0,0.05999999865889549,0.1080000028014183,0.10999999940395355,0.3076511323451996,1.3494465351104736,278.932373046875,0.43794015049934387,243.42178344726562,222.7584228515625,6.39072322845459,1.2001454830169678,300.0,0.259666663904985
20231216.0,1.409999966621399,40.0,12.0,0.05999999865889549,0.1080000028014183,0.10999999940395355,0.3076511323451996,1.3494465351104736,278.7179260253906,0.42775842547416687,244.6822509765625,223.821533203125,0.0077692666091024876,0.5384967923164368,300.0,0.245541669428349
20231219.0,1.409999966621399,40.0,12.0,0.05999999865889549,0.1080000028014183,0.10999999940395355,0.3076511323451996,1.3494465351104736,277.14605712890625,0.4133249819278717,245.9687042236328,227.63406372070312,0.15855491161346436,0.4029873013496399,300.0,0.236708336199323
20231221.0,1.409999966621399,40.0,12.0,0.05999999865889549,0.1080000028014183,0.10999999940395355,0.3076511323451996,1.3494465351104736,281.3171691894531,0.41389569640159607,247.03713989257812,227.33811950683594,9.702133178710938,0.726375162601471,300.0,0.26463636349548
20231222.0,1.409999966621399,40.0,12.0,0.05999999865889549,0.1080000028014183,0.10999999940395355,0.3076511323451996,1.3494465351104736,282.5045471191406,0.414181113243103,244.82168579101562,226.3368377685547,11.052632331848145,0.9202831983566284,300.0,0.275473685641038
20231224.0,1.409999966621399,40.0,12.0,0.05999999865889549,0.1080000028014183,0.10999999940395355,0.3076511323451996,1.3494465351104736,281.1737060546875,0.4153866469860077,248.87350463867188,226.66433715820312,0.10283815115690231,0.3519970178604126,300.0,0.253791670004527
20231227.0,1.409999966621399,40.0,12.0,0.05999999865889549,0.1080000028014183,0.10999999940395355,0.3076511323451996,1.3494465351104736,277.5938415527344,0.4129711985588074,245.22872924804688,223.71591186523438,0.0022083520889282227,0.6967642903327942,300.0,0.24112499691546
20231229.0,1.409999966621399,40.0,12.0,0.05999999865889549,0.1080000028014183,0.10999999940395355,0.3076511323451996,1.3494465351104736,281.6308898925781,0.34934666752815247,248.68687438964844,228.8333740234375,0.0013180573005229235,0.31246066093444824,300.0,0.239916661133369
20231230.0,1.409999966621399,40.0,12.0,0.05999999865889549,0.1080000028014183,0.10999999940395355,0.3076511323451996,1.3494465351104736,280.7088928222656,0.32033583521842957,248.34884643554688,233.1710205078125,0.0008642673492431641,0.46827152371406555,300.0,0.238624996195237
