date,smap_freq,smap_theta,mcd12c1_IGBP_land_cover,omega_land_cover,roughness_land_cover,b_land_cover,soilgrid_clay_fraction,soilgrid_bulk_density,era5_surface_temperature,vwc_mcd13_sf_land,smap_tb_v_corrected,smap_tb_h_corrected,era5_prep,era5_evap,koppen_climate_5_types,insitu_sm
20150401.0,1.409999966621399,40.0,12.0,0.05999999865889549,0.1080000028014183,0.10999999940395355,0.2090281844139099,1.1893571615219116,278.8718566894531,0.43875300884246826,232.98165893554688,208.65797424316406,3.5392227172851562,2.2383453845977783,300.0,0.323670833061139
20150403.0,1.409999966621399,40.0,12.0,0.05999999865889549,0.1080000028014183,0.10999999940395355,0.2090281844139099,1.1893571615219116,279.192138671875,0.43686413764953613,234.05287170410156,210.09127807617188,0.00472585204988718,1.3683491945266724,300.0,0.268876924824256
20150411.0,1.409999966621399,40.0,12.0,0.05999999865889549,0.1080000028014183,0.10999999940395355,0.2090281844139099,1.1893571615219116,284.47052001953125,0.412035197019577,246.78123474121094,224.60446166992188,0.7978313565254211,1.933335304260254,300.0,0.04875384679494
20150413.0,1.409999966621399,40.0,12.0,0.05999999865889549,0.1080000028014183,0.10999999940395355,0.2090281844139099,1.1893571615219116,283.2314147949219,0.4014799892902374,248.87547302246094,226.36717224121094,0.007197642233222723,1.9278391599655151,300.0,0.11130909122188
20150414.0,1.409999966621399,40.0,12.0,0.05999999865889549,0.1080000028014183,0.10999999940395355,0.2090281844139099,1.1893571615219116,285.5269470214844,0.39657342433929443,248.83306884765625,229.98944091796875,0.0008553265361115336,2.6864449977874756,300.0,0.212448388818772
20150416.0,1.409999966621399,40.0,12.0,0.05999999865889549,0.1080000028014183,0.10999999940395355,0.2090281844139099,1.1893571615219116,284.9957275390625,0.3837653398513794,256.51666259765625,238.60052490234375,0.46568185091018677,2.4904704093933105,300.0,0.245439584677418
20150417.0,1.409999966621399,40.0,12.0,0.05999999865889549,0.1080000028014183,0.10999999940395355,0.2090281844139099,1.1893571615219116,282.68597412109375,0.3759041428565979,255.32635498046875,237.33233642578125,0.0008523463038727641,2.224789619445801,300.0,0.242858333513141
20150419.0,1.409999966621399,40.0,12.0,0.05999999865889549,0.1080000028014183,0.10999999940395355,0.2090281844139099,1.1893571615219116,282.7546691894531,0.36101073026657104,254.21896362304688,239.61550903320312,0.0,2.2234506607055664,300.0,0.236964580913385
20150421.0,1.409999966621399,40.0,12.0,0.05999999865889549,0.1080000028014183,0.10999999940395355,0.2090281844139099,1.1893571615219116,285.6129455566406,0.34610217809677124,258.2066650390625,240.7271728515625,0.0030063914600759745,2.6954193115234375,300.0,0.23042083128045
20150422.0,1.409999966621399,40.0,12.0,0.05999999865889549,0.1080000028014183,0.10999999940395355,0.2090281844139099,1.1893571615219116,283.2744140625,0.33943164348602295,261.6627502441406,244.42645263671875,0.0016200249083340168,1.8052738904953003,300.0,0.226816666312516
20150424.0,1.409999966621399,40.0,12.0,0.05999999865889549,0.1080000028014183,0.10999999940395355,0.2090281844139099,1.1893571615219116,286.4917907714844,0.31985411047935486,262.1031494140625,244.63385009765625,0.002006144728511572,2.875014543533325,300.0,0.226434092291377
20150425.0,1.409999966621399,40.0,12.0,0.05999999865889549,0.1080000028014183,0.10999999940395355,0.2090281844139099,1.1893571615219116,285.6834716796875,0.30709418654441833,262.363525390625,246.84078979492188,8.14560604095459,1.7717901468276978,300.0,0.26234166448315
20150427.0,1.409999966621399,40.0,12.0,0.05999999865889549,0.1080000028014183,0.10999999940395355,0.2090281844139099,1.1893571615219116,282.806396484375,0.2834579646587372,248.3905029296875,228.82595825195312,3.3873116970062256,1.9548795223236084,300.0,0.246037498116493
20150429.0,1.409999966621399,40.0,12.0,0.05999999865889549,0.1080000028014183,0.10999999940395355,0.2090281844139099,1.1893571615219116,281.32330322265625,0.2607196271419525,252.98550415039062,230.27882385253906,0.7673134803771973,2.199002742767334,300.0,0.229414583183825
20150430.0,1.409999966621399,40.0,12.0,0.05999999865889549,0.1080000028014183,0.10999999940395355,0.2090281844139099,1.1893571615219116,282.25152587890625,0.24825219810009003,255.25741577148438,236.32901000976562,5.040877342224121,2.508434295654297,300.0,0.224152378383137
20150502.0,1.409999966621399,40.0,12.0,0.05999999865889549,0.1080000028014183,0.10999999940395355,0.2090281844139099,1.1893571615219116,284.13763427734375,0.23642310500144958,255.64273071289062,237.65504455566406,0.004599910229444504,2.203214406967163,300.0,0.225224999090036
20150503.0,1.409999966621399,40.0,12.0,0.05999999865889549,0.1080000028014183,0.10999999940395355,0.2090281844139099,1.1893571615219116,285.5025939941406,0.2368418127298355,259.8670654296875,241.03009033203125,5.6823039054870605,0.9374184012413025,300.0,0.228243749588728
20150505.0,1.409999966621399,40.0,12.0,0.05999999865889549,0.1080000028014183,0.10999999940395355,0.2090281844139099,1.1893571615219116,289.72039794921875,0.23501020669937134,251.68258666992188,229.37118530273438,3.232560634613037,3.7621796131134033,300.0,0.261237837575577
20150507.0,1.409999966621399,40.0,12.0,0.05999999865889549,0.1080000028014183,0.10999999940395355,0.2090281844139099,1.1893571615219116,285.2584533691406,0.23336131870746613,253.38331604003906,231.36669921875,0.6738712191581726,2.788335084915161,300.0,0.247900000462929
20150508.0,1.409999966621399,40.0,12.0,0.05999999865889549,0.1080000028014183,0.10999999940395355,0.2090281844139099,1.1893571615219116,287.3436279296875,0.23315559327602386,258.0526123046875,238.2873992919922,0.017167124897241592,2.409346103668213,300.0,0.239964582957327
20150510.0,1.409999966621399,40.0,12.0,0.05999999865889549,0.1080000028014183,0.10999999940395355,0.2090281844139099,1.1893571615219116,287.756591796875,0.22696298360824585,258.96527099609375,241.09478759765625,0.1822672039270401,2.7363853454589844,300.0,0.227214586300155
20150511.0,1.409999966621399,40.0,12.0,0.05999999865889549,0.1080000028014183,0.10999999940395355,0.2090281844139099,1.1893571615219116,291.0104064941406,0.2210305631160736,265.7237548828125,245.2293243408203,0.017155975103378296,3.546935558319092,300.0,0.220987500001987
20150515.0,1.409999966621399,40.0,12.0,0.05999999865889549,0.1080000028014183,0.10999999940395355,0.2090281844139099,1.1893571615219116,286.86370849609375,0.20020514726638794,265.29290771484375,249.25579833984375,0.04047525301575661,3.0521647930145264,300.0,0.194502085447311
20150516.0,1.409999966621399,40.0,12.0,0.05999999865889549,0.1080000028014183,0.10999999940395355,0.2090281844139099,1.1893571615219116,283.4007873535156,0.19445385038852692,263.84930419921875,248.2551727294922,0.7417646646499634,0.9600107669830322,300.0,0.194497780005137
20150518.0,1.409999966621399,40.0,12.0,0.05999999865889549,0.1080000028014183,0.10999999940395355,0.2090281844139099,1.1893571615219116,286.32244873046875,0.18923240900039673,265.54833984375,249.36495971679688,2.586418867111206,3.0171215534210205,300.0,0.184933335209886
20150519.0,1.409999966621399,40.0,12.0,0.05999999865889549,0.1080000028014183,0.10999999940395355,0.2090281844139099,1.1893571615219116,284.58428955078125,0.1897067129611969,263.11004638671875,246.72250366210938,2.2746689319610596,3.508517026901245,300.0,0.178797917440534
20150521.0,1.409999966621399,40.0,12.0,0.05999999865889549,0.1080000028014183,0.10999999940395355,0.2090281844139099,1.1893571615219116,285.1084899902344,0.18934853374958038,262.3794250488281,247.763671875,0.3734869956970215,2.548154354095459,300.0,0.171591666527092
20150523.0,1.409999966621399,40.0,12.0,0.05999999865889549,0.1080000028014183,0.10999999940395355,0.2090281844139099,1.1893571615219116,288.1240234375,0.1891040951013565,265.45220947265625,250.3573760986328,0.5379828214645386,2.3454718589782715,300.0,0.159779166647544
20150524.0,1.409999966621399,40.0,12.0,0.05999999865889549,0.1080000028014183,0.10999999940395355,0.2090281844139099,1.1893571615219116,288.48095703125,0.18918080627918243,267.4561462402344,250.87130737304688,0.0019795908592641354,2.7838969230651855,300.0,0.153091666909556
20150526.0,1.409999966621399,40.0,12.0,0.05999999865889549,0.1080000028014183,0.10999999940395355,0.2090281844139099,1.1893571615219116,285.1942138671875,0.18746425211429596,266.21710205078125,247.91021728515625,0.687615692615509,2.3732388019561768,300.0,0.144112501293421
20150527.0,1.409999966621399,40.0,12.0,0.05999999865889549,0.1080000028014183,0.10999999940395355,0.2090281844139099,1.1893571615219116,286.0728454589844,0.18567657470703125,267.8351135253906,250.51507568359375,0.009651025757193565,2.363020181655884,300.0,0.13657708450531
20150529.0,1.409999966621399,40.0,12.0,0.05999999865889549,0.1080000028014183,0.10999999940395355,0.2090281844139099,1.1893571615219116,286.1091613769531,0.18251103162765503,264.9761657714844,247.92218017578125,4.759161949157715,2.6457359790802,300.0,0.131120832171291
20150531.0,1.409999966621399,40.0,12.0,0.05999999865889549,0.1080000028014183,0.10999999940395355,0.2090281844139099,1.1893571615219116,286.4805603027344,0.17948880791664124,260.71868896484375,238.96591186523438,8.69046401977539,2.768932342529297,300.0,0.136655555334356
20150601.0,1.409999966621399,40.0,12.0,0.05999999865889549,0.1080000028014183,0.10999999940395355,0.2090281844139099,1.1893571615219116,287.2627868652344,0.1772879809141159,256.07830810546875,236.82508850097656,0.49480557441711426,3.1002466678619385,300.0,0.140114583385487
20150603.0,1.409999966621399,40.0,12.0,0.05999999865889549,0.1080000028014183,0.10999999940395355,0.2090281844139099,1.1893571615219116,289.248779296875,0.179443821310997,264.15716552734375,245.2947540283203,0.2975422143936157,2.588351249694824,300.0,0.13531875036036
20150604.0,1.409999966621399,40.0,12.0,0.05999999865889549,0.1080000028014183,0.10999999940395355,0.2090281844139099,1.1893571615219116,291.04571533203125,0.18382586538791656,266.1669921875,247.9628448486328,0.0,3.7601962089538574,300.0,0.128931251199295
20150606.0,1.409999966621399,40.0,12.0,0.05999999865889549,0.1080000028014183,0.10999999940395355,0.2090281844139099,1.1893571615219116,292.5813903808594,0.19126541912555695,265.91351318359375,251.66665649414062,0.12842319905757904,3.646716356277466,300.0,0.111362502134095
20150608.0,1.409999966621399,40.0,12.0,0.05999999865889549,0.1080000028014183,0.10999999940395355,0.2090281844139099,1.1893571615219116,288.07867431640625,0.1990378499031067,268.7704772949219,251.87149047851562,0.000852346362080425,3.2059874534606934,300.0,0.0986895842167238
20150609.0,1.409999966621399,40.0,12.0,0.05999999865889549,0.1080000028014183,0.10999999940395355,0.2090281844139099,1.1893571615219116,286.8895263671875,0.20273828506469727,269.87640380859375,254.80374145507812,0.025638876482844353,2.529484510421753,300.0,0.092747916157047
20150612.0,1.409999966621399,40.0,12.0,0.05999999865889549,0.1080000028014183,0.10999999940395355,0.2090281844139099,1.1893571615219116,295.18463134765625,0.21829091012477875,273.2945251464844,259.5638427734375,0.430419385433197,3.406018018722534,300.0,0.074114582190911
20150614.0,1.409999966621399,40.0,12.0,0.05999999865889549,0.1080000028014183,0.10999999940395355,0.2090281844139099,1.1893571615219116,292.01434326171875,0.2298765629529953,269.02813720703125,251.91004943847656,0.007826417684555054,2.8703534603118896,300.0,0.0684562493115664
20150616.0,1.409999966621399,40.0,12.0,0.05999999865889549,0.1080000028014183,0.10999999940395355,0.2090281844139099,1.1893571615219116,287.7890930175781,0.2415633648633957,269.8836669921875,254.6842041015625,0.0030451081693172455,2.4605305194854736,300.0,0.0642020838956038
20150619.0,1.409999966621399,40.0,12.0,0.05999999865889549,0.1080000028014183,0.10999999940395355,0.2090281844139099,1.1893571615219116,287.3945617675781,0.2551153004169464,264.86114501953125,248.09266662597656,1.6280896663665771,2.157707691192627,300.0,0.0690229160245508
20150620.0,1.409999966621399,40.0,12.0,0.05999999865889549,0.1080000028014183,0.10999999940395355,0.2090281844139099,1.1893571615219116,287.47607421875,0.2554219365119934,263.62335205078125,244.85946655273438,1.2701468467712402,2.2315762042999268,300.0,0.0666622220642037
20150625.0,1.409999966621399,40.0,12.0,0.05999999865889549,0.1080000028014183,0.10999999940395355,0.2090281844139099,1.1893571615219116,292.31671142578125,0.2598836123943329,262.65606689453125,242.12106323242188,0.027536652982234955,3.6161117553710938,300.0,0.0906812497414649
20150627.0,1.409999966621399,40.0,12.0,0.05999999865889549,0.1080000028014183,0.10999999940395355,0.2090281844139099,1.1893571615219116,292.2198791503906,0.26446765661239624,268.7569580078125,250.30038452148438,1.7612199783325195,3.577592134475708,300.0,0.0802208337311943
20150628.0,1.409999966621399,40.0,12.0,0.05999999865889549,0.1080000028014183,0.10999999940395355,0.2090281844139099,1.1893571615219116,292.1128234863281,0.268482506275177,267.6212463378906,251.92852783203125,0.007381301373243332,3.015187978744507,300.0,0.0741729160460333
20150630.0,1.409999966621399,40.0,12.0,0.05999999865889549,0.1080000028014183,0.10999999940395355,0.2090281844139099,1.1893571615219116,295.57763671875,0.2758421301841736,272.53131103515625,257.83050537109375,0.000858306884765625,4.005087375640869,300.0,0.0640458326476316
20150702.0,1.409999966621399,40.0,12.0,0.05999999865889549,0.1080000028014183,0.10999999940395355,0.2090281844139099,1.1893571615219116,301.98468017578125,0.28316909074783325,276.210205078125,261.4476013183594,1.971557378768921,4.7919020652771,300.0,0.0555104170925915
20150703.0,1.409999966621399,40.0,12.0,0.05999999865889549,0.1080000028014183,0.10999999940395355,0.2090281844139099,1.1893571615219116,299.77642822265625,0.2876579463481903,276.35467529296875,263.3677978515625,0.06329786032438278,3.4288439750671387,300.0,0.0522125002462417
20150705.0,1.409999966621399,40.0,12.0,0.05999999865889549,0.1080000028014183,0.10999999940395355,0.2090281844139099,1.1893571615219116,296.8614807128906,0.28914201259613037,272.96234130859375,259.010009765625,9.716636657714844,3.320024013519287,300.0,0.047706249402836
20150706.0,1.409999966621399,40.0,12.0,0.05999999865889549,0.1080000028014183,0.10999999940395355,0.2090281844139099,1.1893571615219116,293.74346923828125,0.2861226797103882,273.19659423828125,257.185546875,0.0008559238631278276,3.9766416549682617,300.0,0.0460666667980452
20150708.0,1.409999966621399,40.0,12.0,0.05999999865889549,0.1080000028014183,0.10999999940395355,0.2090281844139099,1.1893571615219116,289.88201904296875,0.28170400857925415,270.24664306640625,258.2342834472656,9.22554874420166,3.2286620140075684,300.0,0.0481212768465915
20150710.0,1.409999966621399,40.0,12.0,0.05999999865889549,0.1080000028014183,0.10999999940395355,0.2090281844139099,1.1893571615219116,290.87774658203125,0.2773192524909973,267.82305908203125,251.53134155273438,0.000858306884765625,3.6156766414642334,300.0,0.0523416668487092
20150711.0,1.409999966621399,40.0,12.0,0.05999999865889549,0.1080000028014183,0.10999999940395355,0.2090281844139099,1.1893571615219116,295.6496276855469,0.2743169665336609,271.2751159667969,256.25701904296875,0.002586841583251953,4.278007984161377,300.0,0.0494063833451017
20150713.0,1.409999966621399,40.0,12.0,0.05999999865889549,0.1080000028014183,0.10999999940395355,0.2090281844139099,1.1893571615219116,289.6665344238281,0.27603384852409363,272.99749755859375,259.4769592285156,4.9321794509887695,1.3854326009750366,300.0,0.0464625004678965
20150714.0,1.409999966621399,40.0,12.0,0.05999999865889549,0.1080000028014183,0.10999999940395355,0.2090281844139099,1.1893571615219116,290.7378845214844,0.2807706892490387,265.4088134765625,249.88311767578125,3.082179069519043,2.044358968734741,300.0,0.0489291667472571
20150716.0,1.409999966621399,40.0,12.0,0.05999999865889549,0.1080000028014183,0.10999999940395355,0.2090281844139099,1.1893571615219116,294.9881286621094,0.28866270184516907,269.97088623046875,252.974365234375,0.12945932149887085,2.6615893840789795,300.0,0.047941666872551
20150718.0,1.409999966621399,40.0,12.0,0.05999999865889549,0.1080000028014183,0.10999999940395355,0.2090281844139099,1.1893571615219116,294.7593688964844,0.2964746654033661,272.8255310058594,259.41192626953125,0.4565454423427582,3.51345157623291,300.0,0.0449062505504116
20150719.0,1.409999966621399,40.0,12.0,0.05999999865889549,0.1080000028014183,0.10999999940395355,0.2090281844139099,1.1893571615219116,291.6402893066406,0.30190643668174744,258.8262634277344,240.38890075683594,11.56737232208252,2.477609157562256,300.0,0.0576104165520519
20150721.0,1.409999966621399,40.0,12.0,0.05999999865889549,0.1080000028014183,0.10999999940395355,0.2090281844139099,1.1893571615219116,294.61627197265625,0.2987165153026581,264.71343994140625,247.94967651367188,0.21369057893753052,2.5773985385894775,300.0,0.0583975607665574
20150722.0,1.409999966621399,40.0,12.0,0.05999999865889549,0.1080000028014183,0.10999999940395355,0.2090281844139099,1.1893571615219116,294.8066711425781,0.2901509702205658,267.321044921875,247.766845703125,0.12918035686016083,3.4016854763031006,300.0,0.0558229171050092
20150724.0,1.409999966621399,40.0,12.0,0.05999999865889549,0.1080000028014183,0.10999999940395355,0.2090281844139099,1.1893571615219116,294.29559326171875,0.27619245648384094,271.308349609375,254.32064819335938,5.003808498382568,3.001288890838623,300.0,0.0487416667553286
20150726.0,1.409999966621399,40.0,12.0,0.05999999865889549,0.1080000028014183,0.10999999940395355,0.2090281844139099,1.1893571615219116,288.61956787109375,0.26244252920150757,260.76458740234375,244.0597381591797,5.054042339324951,2.7553954124450684,300.0,0.0462170211162339
20150727.0,1.409999966621399,40.0,12.0,0.05999999865889549,0.1080000028014183,0.10999999940395355,0.2090281844139099,1.1893571615219116,289.96612548828125,0.25443968176841736,261.8203125,243.5892333984375,5.719094753265381,3.5276005268096924,300.0,0.0499904769517127
20150729.0,1.409999966621399,40.0,12.0,0.05999999865889549,0.1080000028014183,0.10999999940395355,0.2090281844139099,1.1893571615219116,288.7091369628906,0.2500479519367218,264.4197082519531,244.70803833007812,0.8236279487609863,3.1563634872436523,300.0,0.046438298564642
20150730.0,1.409999966621399,40.0,12.0,0.05999999865889549,0.1080000028014183,0.10999999940395355,0.2090281844139099,1.1893571615219116,288.1126403808594,0.25358715653419495,263.32061767578125,244.7068634033203,8.449967384338379,2.5905675888061523,300.0,0.0455812499858439
20150801.0,1.409999966621399,40.0,12.0,0.05999999865889549,0.1080000028014183,0.10999999940395355,0.2090281844139099,1.1893571615219116,291.6166687011719,0.2582554221153259,262.22216796875,246.6490478515625,0.0,3.643873453140259,300.0,0.0434479167064031
20150803.0,1.409999966621399,40.0,12.0,0.05999999865889549,0.1080000028014183,0.10999999940395355,0.2090281844139099,1.1893571615219116,297.0108642578125,0.26275500655174255,268.6865539550781,254.0424041748047,0.0004410743713378906,4.2944111824035645,300.0,0.0415874998240421
20150804.0,1.409999966621399,40.0,12.0,0.05999999865889549,0.1080000028014183,0.10999999940395355,0.2090281844139099,1.1893571615219116,291.7103576660156,0.26706016063690186,272.352294921875,258.94940185546875,6.550185680389404,1.878589153289795,300.0,0.0422416666212181
20150806.0,1.409999966621399,40.0,12.0,0.05999999865889549,0.1080000028014183,0.10999999940395355,0.2090281844139099,1.1893571615219116,297.0898742675781,0.25650274753570557,270.2197570800781,253.62863159179688,0.024571845307946205,3.9506468772888184,300.0,0.0441916663742935
20150807.0,1.409999966621399,40.0,12.0,0.05999999865889549,0.1080000028014183,0.10999999940395355,0.2090281844139099,1.1893571615219116,296.9651794433594,0.2419200986623764,261.552001953125,242.72447204589844,3.613621950149536,3.8045597076416016,300.0,0.0529949998948723
20150809.0,1.409999966621399,40.0,12.0,0.05999999865889549,0.1080000028014183,0.10999999940395355,0.2090281844139099,1.1893571615219116,291.8995666503906,0.21746796369552612,263.20086669921875,246.2058868408203,3.223158836364746,2.2153470516204834,300.0,0.0642729168757796
20150811.0,1.409999966621399,40.0,12.0,0.05999999865889549,0.1080000028014183,0.10999999940395355,0.2090281844139099,1.1893571615219116,294.0433349609375,0.19390152394771576,262.37774658203125,247.6400146484375,0.030802352353930473,2.5835888385772705,300.0,0.0575062495966752
20150812.0,1.409999966621399,40.0,12.0,0.05999999865889549,0.1080000028014183,0.10999999940395355,0.2090281844139099,1.1893571615219116,294.94854736328125,0.1807636171579361,267.8260498046875,254.3939208984375,0.21762236952781677,2.1999404430389404,300.0,0.0536562506264696
20150814.0,1.409999966621399,40.0,12.0,0.05999999865889549,0.1080000028014183,0.10999999940395355,0.2090281844139099,1.1893571615219116,296.68475341796875,0.17082373797893524,267.6597595214844,249.19654846191406,3.2253077030181885,3.116394281387329,300.0,0.0758363639258526
20150815.0,1.409999966621399,40.0,12.0,0.05999999865889549,0.1080000028014183,0.10999999940395355,0.2090281844139099,1.1893571615219116,292.6050720214844,0.1737358272075653,268.6199645996094,251.84609985351562,24.064651489257812,2.9521358013153076,300.0,0.0795895839110017
20150817.0,1.409999966621399,40.0,12.0,0.05999999865889549,0.1080000028014183,0.10999999940395355,0.2090281844139099,1.1893571615219116,286.8747863769531,0.17623545229434967,253.63742065429688,237.68051147460938,6.308460712432861,1.5438696146011353,300.0,0.111158334650099
20150819.0,1.409999966621399,40.0,12.0,0.05999999865889549,0.1080000028014183,0.10999999940395355,0.2090281844139099,1.1893571615219116,289.94677734375,0.17916877567768097,255.28134155273438,237.74952697753906,0.03324788436293602,2.706550359725952,300.0,0.111367440847463
20150820.0,1.409999966621399,40.0,12.0,0.05999999865889549,0.1080000028014183,0.10999999940395355,0.2090281844139099,1.1893571615219116,291.7115478515625,0.1806417852640152,259.27227783203125,241.28140258789062,0.0021457672119140625,3.08845591545105,300.0,0.109335136171934
20150822.0,1.409999966621399,40.0,12.0,0.05999999865889549,0.1080000028014183,0.10999999940395355,0.2090281844139099,1.1893571615219116,293.5434265136719,0.1835942268371582,263.8536376953125,248.89393615722656,0.0,3.7198495864868164,300.0,0.0974916665193935
20150823.0,1.409999966621399,40.0,12.0,0.05999999865889549,0.1080000028014183,0.10999999940395355,0.2090281844139099,1.1893571615219116,293.2962341308594,0.18507376313209534,265.47430419921875,251.93170166015625,5.145114898681641,3.8770365715026855,300.0,0.0918375000668069
20150825.0,1.409999966621399,40.0,12.0,0.05999999865889549,0.1080000028014183,0.10999999940395355,0.2090281844139099,1.1893571615219116,290.0260314941406,0.18804548680782318,259.2545166015625,242.43894958496094,3.0160412788391113,3.5538136959075928,300.0,0.095730950967187
20150827.0,1.409999966621399,40.0,12.0,0.05999999865889549,0.1080000028014183,0.10999999940395355,0.2090281844139099,1.1893571615219116,289.47930908203125,0.19083093106746674,268.1654968261719,252.4512939453125,16.51760482788086,1.8420699834823608,300.0,0.105818750957648
20150828.0,1.409999966621399,40.0,12.0,0.05999999865889549,0.1080000028014183,0.10999999940395355,0.2090281844139099,1.1893571615219116,289.2550964355469,0.19303730130195618,256.1746826171875,239.91897583007812,0.058503229171037674,2.01405930519104,300.0,0.141935415565968
20150830.0,1.409999966621399,40.0,12.0,0.05999999865889549,0.1080000028014183,0.10999999940395355,0.2090281844139099,1.1893571615219116,297.3143310546875,0.18985243141651154,263.68255615234375,246.16351318359375,0.5047796964645386,3.1443161964416504,300.0,0.130102083242188
20150831.0,1.409999966621399,40.0,12.0,0.05999999865889549,0.1080000028014183,0.10999999940395355,0.2090281844139099,1.1893571615219116,296.89190673828125,0.18450278043746948,267.547119140625,250.29312133789062,0.22202572226524353,3.4823265075683594,300.0,0.1227458336701
20150902.0,1.409999966621399,40.0,12.0,0.05999999865889549,0.1080000028014183,0.10999999940395355,0.2090281844139099,1.1893571615219116,288.43170166015625,0.17552043497562408,261.0534362792969,243.059814453125,1.724840521812439,2.0594773292541504,300.0,0.144539475440979
20150904.0,1.409999966621399,40.0,12.0,0.05999999865889549,0.1080000028014183,0.10999999940395355,0.2090281844139099,1.1893571615219116,286.785888671875,0.1666788011789322,258.9340515136719,243.5401611328125,1.3962798118591309,2.3749847412109375,300.0,0.138965219259262
20150905.0,1.409999966621399,40.0,12.0,0.05999999865889549,0.1080000028014183,0.10999999940395355,0.2090281844139099,1.1893571615219116,286.3588562011719,0.16156284511089325,257.5029602050781,241.78768920898438,5.739887714385986,2.6047959327697754,300.0,0.142351221384072
20150907.0,1.409999966621399,40.0,12.0,0.05999999865889549,0.1080000028014183,0.10999999940395355,0.2090281844139099,1.1893571615219116,287.5210876464844,0.15843811631202698,260.19390869140625,243.8089599609375,1.7543174028396606,1.8401027917861938,300.0,0.143091668064396
20150908.0,1.409999966621399,40.0,12.0,0.05999999865889549,0.1080000028014183,0.10999999940395355,0.2090281844139099,1.1893571615219116,287.0076904296875,0.16038687527179718,259.3874816894531,244.17288208007812,1.0792005062103271,1.2235621213912964,300.0,0.142745833533506
20150910.0,1.409999966621399,40.0,12.0,0.05999999865889549,0.1080000028014183,0.10999999940395355,0.2090281844139099,1.1893571615219116,287.46856689453125,0.16280297935009003,261.3164367675781,246.5230712890625,0.0063889045268297195,2.3571200370788574,300.0,0.132785415587326
20150912.0,1.409999966621399,40.0,12.0,0.05999999865889549,0.1080000028014183,0.10999999940395355,0.2090281844139099,1.1893571615219116,288.95654296875,0.16528204083442688,264.9893493652344,250.457763671875,7.15714168548584,1.6385881900787354,300.0,0.121262501614789
20150913.0,1.409999966621399,40.0,12.0,0.05999999865889549,0.1080000028014183,0.10999999940395355,0.2090281844139099,1.1893571615219116,289.710693359375,0.16707518696784973,260.93682861328125,244.41006469726562,0.9901163578033447,1.2605700492858887,300.0,0.122514584722618
20150915.0,1.409999966621399,40.0,12.0,0.05999999865889549,0.1080000028014183,0.10999999940395355,0.2090281844139099,1.1893571615219116,286.6239318847656,0.16549767553806305,259.7015075683594,242.03102111816406,3.121908664703369,2.722041606903076,300.0,0.13730967717786
20150916.0,1.409999966621399,40.0,12.0,0.05999999865889549,0.1080000028014183,0.10999999940395355,0.2090281844139099,1.1893571615219116,288.35321044921875,0.16214224696159363,257.9395751953125,240.73175048828125,17.026782989501953,2.7849628925323486,300.0,0.158056249842048
20150918.0,1.409999966621399,40.0,12.0,0.05999999865889549,0.1080000028014183,0.10999999940395355,0.2090281844139099,1.1893571615219116,287.27618408203125,0.15657193958759308,253.03509521484375,236.30615234375,1.8854286670684814,2.198763847351074,300.0,0.175227083265781
20150920.0,1.409999966621399,40.0,12.0,0.05999999865889549,0.1080000028014183,0.10999999940395355,0.2090281844139099,1.1893571615219116,286.0614929199219,0.15115512907505035,255.1825714111328,238.01522827148438,0.4378797113895416,1.486357569694519,300.0,0.16656250320375
20150921.0,1.409999966621399,40.0,12.0,0.05999999865889549,0.1080000028014183,0.10999999940395355,0.2090281844139099,1.1893571615219116,286.8603820800781,0.14756736159324646,257.51800537109375,241.1470947265625,1.7971901893615723,1.7470591068267822,300.0,0.162531252019107
20150923.0,1.409999966621399,40.0,12.0,0.05999999865889549,0.1080000028014183,0.10999999940395355,0.2090281844139099,1.1893571615219116,285.20697021484375,0.14889252185821533,251.40863037109375,233.70175170898438,5.850280284881592,1.8978465795516968,300.0,0.194341665444275
20150924.0,1.409999966621399,40.0,12.0,0.05999999865889549,0.1080000028014183,0.10999999940395355,0.2090281844139099,1.1893571615219116,287.1891784667969,0.1538282036781311,252.2425537109375,235.17996215820312,0.18192099034786224,1.6190675497055054,300.0,0.192760000295109
20150926.0,1.409999966621399,40.0,12.0,0.05999999865889549,0.1080000028014183,0.10999999940395355,0.2090281844139099,1.1893571615219116,285.25469970703125,0.16198962926864624,254.85202026367188,238.6519012451172,0.0940660685300827,1.4451481103897095,300.0,0.178045833793779
20150928.0,1.409999966621399,40.0,12.0,0.05999999865889549,0.1080000028014183,0.10999999940395355,0.2090281844139099,1.1893571615219116,285.1492004394531,0.17045463621616364,254.35467529296875,238.10606384277344,0.0027404476422816515,1.46224045753479,300.0,0.167631251427035
20150929.0,1.409999966621399,40.0,12.0,0.05999999865889549,0.1080000028014183,0.10999999940395355,0.2090281844139099,1.1893571615219116,284.97674560546875,0.1749858856201172,255.65692138671875,240.29916381835938,0.0008523463038727641,1.9235175848007202,300.0,0.162597917951643
20151001.0,1.409999966621399,40.0,12.0,0.05999999865889549,0.1080000028014183,0.10999999940395355,0.2090281844139099,1.1893571615219116,283.9529113769531,0.1817932426929474,258.1467590332031,242.6504364013672,0.0,1.7597604990005493,300.0,0.151079165438811
20151002.0,1.409999966621399,40.0,12.0,0.05999999865889549,0.1080000028014183,0.10999999940395355,0.2090281844139099,1.1893571615219116,283.6939697265625,0.18404057621955872,260.5586853027344,241.87362670898438,0.0,1.4841951131820679,300.0,0.145070833930125
20151006.0,1.409999966621399,40.0,12.0,0.05999999865889549,0.1080000028014183,0.10999999940395355,0.2090281844139099,1.1893571615219116,288.7790222167969,0.19423742592334747,254.8568115234375,236.44189453125,8.046632766723633,1.221608281135559,300.0,0.167906252046426
20151007.0,1.409999966621399,40.0,12.0,0.05999999865889549,0.1080000028014183,0.10999999940395355,0.2090281844139099,1.1893571615219116,287.3153076171875,0.19620971381664276,257.3490295410156,239.55795288085938,0.5524795055389404,0.9934360384941101,300.0,0.169468752108514
20151009.0,1.409999966621399,40.0,12.0,0.05999999865889549,0.1080000028014183,0.10999999940395355,0.2090281844139099,1.1893571615219116,285.8138732910156,0.2061527967453003,254.19586181640625,238.0352783203125,0.05983711779117584,0.6469177603721619,300.0,0.178353847983556
20151010.0,1.409999966621399,40.0,12.0,0.05999999865889549,0.1080000028014183,0.10999999940395355,0.2090281844139099,1.1893571615219116,285.178955078125,0.21422214806079865,256.45074462890625,238.18841552734375,0.084780752658844,0.9978099465370178,300.0,0.175320836094519
20151012.0,1.409999966621399,40.0,12.0,0.05999999865889549,0.1080000028014183,0.10999999940395355,0.2090281844139099,1.1893571615219116,279.469970703125,0.2293512225151062,252.60693359375,238.27413940429688,0.0008523463038727641,1.057282567024231,300.0,0.165322919065754
20151014.0,1.409999966621399,40.0,12.0,0.05999999865889549,0.1080000028014183,0.10999999940395355,0.2090281844139099,1.1893571615219116,277.1742858886719,0.24461983144283295,250.80459594726562,235.06396484375,3.721344232559204,0.9884871244430542,300.0,0.169227084765832
20151017.0,1.409999966621399,40.0,12.0,0.05999999865889549,0.1080000028014183,0.10999999940395355,0.2090281844139099,1.1893571615219116,280.692138671875,0.25799012184143066,245.7792510986328,226.59266662597656,0.3451476991176605,0.7917113900184631,300.0,0.215572916592161
20151018.0,1.409999966621399,40.0,12.0,0.05999999865889549,0.1080000028014183,0.10999999940395355,0.2090281844139099,1.1893571615219116,281.2621765136719,0.25261390209198,247.34988403320312,228.29544067382812,0.9609943628311157,0.5666210651397705,300.0,0.202162498297791
20151020.0,1.409999966621399,40.0,12.0,0.05999999865889549,0.1080000028014183,0.10999999940395355,0.2090281844139099,1.1893571615219116,281.6309814453125,0.2450740784406662,250.8799285888672,232.66122436523438,0.9483531713485718,0.18959186971187592,300.0,0.197672339829993
20151022.0,1.409999966621399,40.0,12.0,0.05999999865889549,0.1080000028014183,0.10999999940395355,0.2090281844139099,1.1893571615219116,284.1141052246094,0.2375764101743698,252.65428161621094,230.97305297851562,1.1571272611618042,0.6184671521186829,300.0,0.193130432587603
20151026.0,1.409999966621399,40.0,12.0,0.05999999865889549,0.1080000028014183,0.10999999940395355,0.2090281844139099,1.1893571615219116,283.61541748046875,0.24304085969924927,254.0113525390625,234.45162963867188,0.013643089681863785,0.6821533441543579,300.0,0.185908336192369
20151028.0,1.409999966621399,40.0,12.0,0.05999999865889549,0.1080000028014183,0.10999999940395355,0.2090281844139099,1.1893571615219116,283.460693359375,0.2561676502227783,253.25848388671875,235.83123779296875,1.392526388168335,0.5979330539703369,300.0,0.180485417755942
20151030.0,1.409999966621399,40.0,12.0,0.05999999865889549,0.1080000028014183,0.10999999940395355,0.2090281844139099,1.1893571615219116,282.5992431640625,0.26950106024742126,253.1515655517578,234.86851501464844,0.0008523463038727641,0.5954001545906067,300.0,0.17690416953216
20151031.0,1.409999966621399,40.0,12.0,0.05999999865889549,0.1080000028014183,0.10999999940395355,0.2090281844139099,1.1893571615219116,283.1465148925781,0.27787578105926514,254.39892578125,237.63922119140625,0.0008523463038727641,0.7502893805503845,300.0,0.194006451675969
20151102.0,1.409999966621399,40.0,12.0,0.05999999865889549,0.1080000028014183,0.10999999940395355,0.2090281844139099,1.1893571615219116,280.85308837890625,0.2794986665248871,255.03939819335938,235.15797424316406,0.0008603500318713486,0.5974403619766235,300.0,0.205731818621809
20151103.0,1.409999966621399,40.0,12.0,0.05999999865889549,0.1080000028014183,0.10999999940395355,0.2090281844139099,1.1893571615219116,281.23614501953125,0.2727140784263611,253.91140747070312,235.73927307128906,0.0004410743713378906,0.6872760653495789,300.0,0.203900001943111
20151105.0,1.409999966621399,40.0,12.0,0.05999999865889549,0.1080000028014183,0.10999999940395355,0.2090281844139099,1.1893571615219116,285.70599365234375,0.2624906003475189,253.5417022705078,237.44937133789062,2.0311484336853027,0.6488129496574402,300.0,0.159042856948716
20151107.0,1.409999966621399,40.0,12.0,0.05999999865889549,0.1080000028014183,0.10999999940395355,0.2090281844139099,1.1893571615219116,289.7656555175781,0.2521788477897644,256.1588439941406,235.58348083496094,1.1479276418685913,0.9086848497390747,300.0,0.172485106803001
20151108.0,1.409999966621399,40.0,12.0,0.05999999865889549,0.1080000028014183,0.10999999940395355,0.2090281844139099,1.1893571615219116,287.3815612792969,0.24644549190998077,255.46279907226562,236.89895629882812,0.03910238668322563,0.6991023421287537,300.0,0.170474999894698
20151110.0,1.409999966621399,40.0,12.0,0.05999999865889549,0.1080000028014183,0.10999999940395355,0.2090281844139099,1.1893571615219116,286.7281799316406,0.24100598692893982,256.51416015625,237.34234619140625,0.6035650968551636,0.6509449481964111,300.0,0.178841304519902
20151111.0,1.409999966621399,40.0,12.0,0.05999999865889549,0.1080000028014183,0.10999999940395355,0.2090281844139099,1.1893571615219116,284.4787292480469,0.241252601146698,256.32354736328125,235.0430908203125,0.27390986680984497,0.8935624361038208,300.0,0.174929165591796
20151113.0,1.409999966621399,40.0,12.0,0.05999999865889549,0.1080000028014183,0.10999999940395355,0.2090281844139099,1.1893571615219116,284.0202331542969,0.24048978090286255,255.6789093017578,239.07469177246094,0.8507843017578125,0.8787647485733032,300.0,0.170052082277834
20151115.0,1.409999966621399,40.0,12.0,0.05999999865889549,0.1080000028014183,0.10999999940395355,0.2090281844139099,1.1893571615219116,285.3187561035156,0.24004270136356354,251.23553466796875,233.04371643066406,1.9756535291671753,1.4518824815750122,300.0,0.177362498827279
20151116.0,1.409999966621399,40.0,12.0,0.05999999865889549,0.1080000028014183,0.10999999940395355,0.2090281844139099,1.1893571615219116,283.9156799316406,0.2391868233680725,253.09182739257812,234.72109985351562,3.155123233795166,0.7795048952102661,300.0,0.175157445542356
20151118.0,1.409999966621399,40.0,12.0,0.05999999865889549,0.1080000028014183,0.10999999940395355,0.2090281844139099,1.1893571615219116,285.34832763671875,0.24343810975551605,250.35137939453125,228.93020629882812,0.5842739343643188,1.1706476211547852,300.0,0.200660419650376
20151119.0,1.409999966621399,40.0,12.0,0.05999999865889549,0.1080000028014183,0.10999999940395355,0.2090281844139099,1.1893571615219116,283.6868896484375,0.24858257174491882,250.30880737304688,228.3804473876953,11.195208549499512,1.5573561191558838,300.0,0.209118752119442
20151121.0,1.409999966621399,40.0,12.0,0.05999999865889549,0.1080000028014183,0.10999999940395355,0.2090281844139099,1.1893571615219116,276.76275634765625,0.25768691301345825,241.99505615234375,221.23672485351562,2.4621596336364746,0.9301427006721497,300.0,0.20919166598469
20151123.0,1.409999966621399,40.0,12.0,0.05999999865889549,0.1080000028014183,0.10999999940395355,0.2090281844139099,1.1893571615219116,274.6626892089844,0.2669106721878052,241.16180419921875,220.66673278808594,0.04102034866809845,0.38028573989868164,300.0,0.198724999609921
20151124.0,1.409999966621399,40.0,12.0,0.05999999865889549,0.1080000028014183,0.10999999940395355,0.2090281844139099,1.1893571615219116,275.0805358886719,0.2722223401069641,245.5939483642578,222.96852111816406,5.836948871612549,0.8796509504318237,300.0,0.198311903292225
20151126.0,1.409999966621399,40.0,12.0,0.05999999865889549,0.1080000028014183,0.10999999940395355,0.2090281844139099,1.1893571615219116,275.99700927734375,0.27672523260116577,242.4068145751953,221.24237060546875,0.17783474922180176,0.20434626936912537,300.0,0.201552173365717
20151127.0,1.409999966621399,40.0,12.0,0.05999999865889549,0.1080000028014183,0.10999999940395355,0.2090281844139099,1.1893571615219116,275.8901672363281,0.2758791744709015,242.5877685546875,221.1949005126953,0.1628570407629013,0.527860701084137,300.0,0.197685296921169
20151129.0,1.409999966621399,40.0,12.0,0.05999999865889549,0.1080000028014183,0.10999999940395355,0.2090281844139099,1.1893571615219116,281.0454406738281,0.27550631761550903,240.522216796875,219.88970947265625,14.44991683959961,2.5748648643493652,300.0,0.21362916752696
20151201.0,1.409999966621399,40.0,12.0,0.05999999865889549,0.1080000028014183,0.10999999940395355,0.2090281844139099,1.1893571615219116,282.6815185546875,0.2750767469406128,233.32440185546875,209.33383178710938,7.60623836517334,0.5419138073921204,300.0,0.243631251466771
20151202.0,1.409999966621399,40.0,12.0,0.05999999865889549,0.1080000028014183,0.10999999940395355,0.2090281844139099,1.1893571615219116,281.742431640625,0.2744309902191162,239.18997192382812,214.27069091796875,0.10208024829626083,0.668430745601654,300.0,0.218118750490248
20151204.0,1.409999966621399,40.0,12.0,0.05999999865889549,0.1080000028014183,0.10999999940395355,0.2090281844139099,1.1893571615219116,280.936767578125,0.2772008180618286,237.18780517578125,214.5205535888672,2.3595540523529053,1.0054048299789429,300.0,0.21304250061512
20151207.0,1.409999966621399,40.0,12.0,0.05999999865889549,0.1080000028014183,0.10999999940395355,0.2090281844139099,1.1893571615219116,282.8679504394531,0.28666287660598755,243.0958251953125,217.56886291503906,0.10003869235515594,0.4146118462085724,300.0,0.204147914734979
20151209.0,1.409999966621399,40.0,12.0,0.05999999865889549,0.1080000028014183,0.10999999940395355,0.2090281844139099,1.1893571615219116,279.38348388671875,0.29273176193237305,238.40487670898438,216.33529663085938,0.003157694824039936,0.4921775758266449,300.0,0.209814584814012
20151210.0,1.409999966621399,40.0,12.0,0.05999999865889549,0.1080000028014183,0.10999999940395355,0.2090281844139099,1.1893571615219116,277.3101806640625,0.2962677776813507,236.78955078125,215.87583923339844,0.000852346362080425,0.4343760311603546,300.0,0.20496041731288
20151212.0,1.409999966621399,40.0,12.0,0.05999999865889549,0.1080000028014183,0.10999999940395355,0.2090281844139099,1.1893571615219116,279.7463684082031,0.298805832862854,235.15884399414062,215.13720703125,0.33665692806243896,0.555091142654419,300.0,0.223510416845481
20151213.0,1.409999966621399,40.0,12.0,0.05999999865889549,0.1080000028014183,0.10999999940395355,0.2090281844139099,1.1893571615219116,280.5092468261719,0.2977933883666992,237.66195678710938,213.75811767578125,4.43845272064209,0.5102770924568176,300.0,0.227477082982659
20151218.0,1.409999966621399,40.0,12.0,0.05999999865889549,0.1080000028014183,0.10999999940395355,0.2090281844139099,1.1893571615219116,283.6626281738281,0.2947920560836792,240.2351837158203,220.28285217285156,0.6771501898765564,0.3986392319202423,300.0,0.217175002209842
20151220.0,1.409999966621399,40.0,12.0,0.05999999865889549,0.1080000028014183,0.10999999940395355,0.2090281844139099,1.1893571615219116,284.1227722167969,0.2959435284137726,240.9207305908203,217.10845947265625,1.0536736249923706,0.6174297332763672,300.0,0.209304168199499
20151221.0,1.409999966621399,40.0,12.0,0.05999999865889549,0.1080000028014183,0.10999999940395355,0.2090281844139099,1.1893571615219116,282.6976623535156,0.2979501187801361,240.72833251953125,216.516845703125,2.0901451110839844,1.5503877401351929,300.0,0.209166668045024
20151223.0,1.409999966621399,40.0,12.0,0.05999999865889549,0.1080000028014183,0.10999999940395355,0.2090281844139099,1.1893571615219116,283.500244140625,0.30136725306510925,242.57595825195312,219.0123291015625,0.20351670682430267,0.6698613166809082,300.0,0.210156253228585
20151225.0,1.409999966621399,40.0,12.0,0.05999999865889549,0.1080000028014183,0.10999999940395355,0.2090281844139099,1.1893571615219116,281.3296203613281,0.3043302595615387,239.13961791992188,216.51507568359375,2.975649833679199,0.8828669786453247,300.0,0.177490479179791
20151226.0,1.409999966621399,40.0,12.0,0.05999999865889549,0.1080000028014183,0.10999999940395355,0.2090281844139099,1.1893571615219116,284.2384338378906,0.3080042898654938,240.00619506835938,218.57073974609375,0.0015594944125041366,0.6971967220306396,300.0,0.186602127520328
20151228.0,1.409999966621399,40.0,12.0,0.05999999865889549,0.1080000028014183,0.10999999940395355,0.2090281844139099,1.1893571615219116,279.86907958984375,0.29485413432121277,239.50714111328125,219.21148681640625,0.0015155995497480035,0.4458606541156769,300.0,0.179945832118392
20151229.0,1.409999966621399,40.0,12.0,0.05999999865889549,0.1080000028014183,0.10999999940395355,0.2090281844139099,1.1893571615219116,280.47686767578125,0.2782106399536133,238.84535217285156,216.13853454589844,0.008365731686353683,0.33882904052734375,300.0,0.177491665041695
20151231.0,1.409999966621399,40.0,12.0,0.05999999865889549,0.1080000028014183,0.10999999940395355,0.2090281844139099,1.1893571615219116,279.7300109863281,0.24825793504714966,237.95843505859375,216.20791625976562,2.390723705291748,0.9198811650276184,300.0,0.175418749762078
20160102.0,1.409999966621399,40.0,12.0,0.05999999865889549,0.1080000028014183,0.10999999940395355,0.2090281844139099,1.1893571615219116,277.9583435058594,0.6735799312591553,238.1195068359375,216.51611328125,4.040144443511963,0.7069880366325378,300.0,0.181502223511537
20160103.0,1.409999966621399,40.0,12.0,0.05999999865889549,0.1080000028014183,0.10999999940395355,0.2090281844139099,1.1893571615219116,279.418701171875,0.690430223941803,236.234619140625,214.2108917236328,10.497027397155762,1.2580451965332031,300.0,0.195318748243153
20160105.0,1.409999966621399,40.0,12.0,0.05999999865889549,0.1080000028014183,0.10999999940395355,0.2090281844139099,1.1893571615219116,277.58612060546875,0.7177009582519531,236.74691772460938,215.5115203857422,1.4766453504562378,0.44520777463912964,300.0,0.211952084675431
20160106.0,1.409999966621399,40.0,12.0,0.05999999865889549,0.1080000028014183,0.10999999940395355,0.2090281844139099,1.1893571615219116,277.6982421875,0.7322452068328857,238.50186157226562,214.47177124023438,0.8156859874725342,0.28708311915397644,300.0,0.208633332202832
20160108.0,1.409999966621399,40.0,12.0,0.05999999865889549,0.1080000028014183,0.10999999940395355,0.2090281844139099,1.1893571615219116,276.52276611328125,0.7628273367881775,234.34405517578125,212.55747985839844,0.010370531119406223,0.4031101167201996,300.0,0.216388636014678
20160110.0,1.409999966621399,40.0,12.0,0.05999999865889549,0.1080000028014183,0.10999999940395355,0.2090281844139099,1.1893571615219116,279.3458251953125,0.7826967835426331,235.13592529296875,213.57205200195312,6.116751670837402,1.178676962852478,300.0,0.205048935844543
20160111.0,1.409999966621399,40.0,12.0,0.05999999865889549,0.1080000028014183,0.10999999940395355,0.2090281844139099,1.1893571615219116,277.49951171875,0.7860424518585205,234.64251708984375,212.89501953125,6.716246604919434,0.8752593398094177,300.0,0.214058332455655
20160113.0,1.409999966621399,40.0,12.0,0.05999999865889549,0.1080000028014183,0.10999999940395355,0.2090281844139099,1.1893571615219116,276.6466369628906,0.7956567406654358,233.59616088867188,209.91421508789062,4.132147789001465,1.0984375476837158,300.0,0.221093749937912
20160114.0,1.409999966621399,40.0,12.0,0.05999999865889549,0.1080000028014183,0.10999999940395355,0.2090281844139099,1.1893571615219116,274.7529602050781,0.8003499507904053,234.27154541015625,212.38970947265625,6.356851577758789,0.9324876666069031,300.0,0.218037506565452
20160116.0,1.409999966621399,40.0,12.0,0.05999999865889549,0.1080000028014183,0.10999999940395355,0.2090281844139099,1.1893571615219116,273.9296569824219,0.8101735711097717,234.26890563964844,213.9523162841797,3.3876891136169434,0.6818515658378601,300.0,0.210161763517296
20160124.0,1.409999966621399,40.0,12.0,0.05999999865889549,0.1080000028014183,0.10999999940395355,0.2090281844139099,1.1893571615219116,278.5320739746094,0.8085134029388428,233.08636474609375,212.41937255859375,2.011719226837158,0.3626643121242523,300.0,0.239754166454077
20160126.0,1.409999966621399,40.0,12.0,0.05999999865889549,0.1080000028014183,0.10999999940395355,0.2090281844139099,1.1893571615219116,281.93853759765625,0.8019357323646545,238.47653198242188,212.0320587158203,1.188697099685669,0.6123066544532776,300.0,0.232493749819696
20160127.0,1.409999966621399,40.0,12.0,0.05999999865889549,0.1080000028014183,0.10999999940395355,0.2090281844139099,1.1893571615219116,282.5444641113281,0.7957514524459839,237.11236572265625,214.0072021484375,6.147007465362549,1.5997370481491089,300.0,0.231441668855647
20160129.0,1.409999966621399,40.0,12.0,0.05999999865889549,0.1080000028014183,0.10999999940395355,0.2090281844139099,1.1893571615219116,279.209228515625,0.7847250699996948,235.30502319335938,212.21151733398438,0.25376594066619873,0.589017391204834,300.0,0.230756248347461
20160130.0,1.409999966621399,40.0,12.0,0.05999999865889549,0.1080000028014183,0.10999999940395355,0.2090281844139099,1.1893571615219116,279.15533447265625,0.7791378498077393,235.1082763671875,211.02438354492188,16.1588077545166,1.9815984964370728,300.0,0.258924388667432
20160201.0,1.409999966621399,40.0,12.0,0.05999999865889549,0.1080000028014183,0.10999999940395355,0.2090281844139099,1.1893571615219116,283.4225769042969,0.7675058841705322,234.74822998046875,213.35690307617188,1.2767423391342163,0.926266610622406,300.0,0.254791666132708
20160203.0,1.409999966621399,40.0,12.0,0.05999999865889549,0.1080000028014183,0.10999999940395355,0.2090281844139099,1.1893571615219116,276.9846496582031,0.7651907205581665,232.1092529296875,207.06027221679688,1.6686447858810425,0.9464311599731445,300.0,0.260245833856364
20160204.0,1.409999966621399,40.0,12.0,0.05999999865889549,0.1080000028014183,0.10999999940395355,0.2090281844139099,1.1893571615219116,276.5345458984375,0.7693029642105103,233.6544189453125,208.90994262695312,4.660557746887207,0.677196204662323,300.0,0.259781253524125
20160206.0,1.409999966621399,40.0,12.0,0.05999999865889549,0.1080000028014183,0.10999999940395355,0.2090281844139099,1.1893571615219116,281.5191650390625,0.775321364402771,233.744873046875,211.84356689453125,0.1963902711868286,0.8310531377792358,300.0,0.249960418790579
20160207.0,1.409999966621399,40.0,12.0,0.05999999865889549,0.1080000028014183,0.10999999940395355,0.2090281844139099,1.1893571615219116,281.0526123046875,0.7784153819084167,235.17520141601562,209.10455322265625,1.9626168012619019,1.149239182472229,300.0,0.246552082399527
20160209.0,1.409999966621399,40.0,12.0,0.05999999865889549,0.1080000028014183,0.10999999940395355,0.2090281844139099,1.1893571615219116,278.4646301269531,0.783761739730835,232.58157348632812,208.947021484375,15.45768928527832,1.0412229299545288,300.0,0.266295834754904
20160211.0,1.409999966621399,40.0,12.0,0.05999999865889549,0.1080000028014183,0.10999999940395355,0.2090281844139099,1.1893571615219116,276.3251953125,0.8037313222885132,228.30679321289062,208.2196502685547,0.0821998119354248,0.670639157295227,300.0,0.256270834555229
20160212.0,1.409999966621399,40.0,12.0,0.05999999865889549,0.1080000028014183,0.10999999940395355,0.2090281844139099,1.1893571615219116,275.32391357421875,0.8223951458930969,228.48867797851562,205.3681640625,0.33273226022720337,0.6827290058135986,300.0,0.250364583606521
20160214.0,1.409999966621399,40.0,12.0,0.05999999865889549,0.1080000028014183,0.10999999940395355,0.2090281844139099,1.1893571615219116,275.714599609375,0.8570291996002197,229.9263916015625,207.04237365722656,4.371194839477539,0.6575396656990051,300.0,0.255447916996976
20160215.0,1.409999966621399,40.0,12.0,0.05999999865889549,0.1080000028014183,0.10999999940395355,0.2090281844139099,1.1893571615219116,274.33001708984375,0.8751640319824219,232.6397705078125,214.732421875,5.054783821105957,0.9313115477561951,300.0,0.260788888567024
20160228.0,1.409999966621399,40.0,12.0,0.05999999865889549,0.1080000028014183,0.10999999940395355,0.2090281844139099,1.1893571615219116,274.7799072265625,0.8792945146560669,241.61627197265625,219.40554809570312,0.0029986954759806395,0.9638596177101135,300.0,0.243978120852262
20160301.0,1.409999966621399,40.0,12.0,0.05999999865889549,0.1080000028014183,0.10999999940395355,0.2090281844139099,1.1893571615219116,273.1241455078125,0.8892959356307983,245.0439453125,225.92172241210938,4.49429988861084,0.7445008158683777,300.0,0.240033328533173
20160302.0,1.409999966621399,40.0,12.0,0.05999999865889549,0.1080000028014183,0.10999999940395355,0.2090281844139099,1.1893571615219116,278.8163757324219,0.8945634961128235,234.91371154785156,212.247802734375,4.289315700531006,1.8005084991455078,300.0,0.244024998197953
20160304.0,1.409999966621399,40.0,12.0,0.05999999865889549,0.1080000028014183,0.10999999940395355,0.2090281844139099,1.1893571615219116,274.4828186035156,0.9054257869720459,232.92124938964844,211.68154907226562,10.555851936340332,0.6702540516853333,300.0,0.292149996118886
20160306.0,1.409999966621399,40.0,12.0,0.05999999865889549,0.1080000028014183,0.10999999940395355,0.2090281844139099,1.1893571615219116,274.04254150390625,0.9121764898300171,230.89144897460938,204.21725463867188,2.1317780017852783,0.5602582693099976,300.0,0.300676466787563
20160307.0,1.409999966621399,40.0,12.0,0.05999999865889549,0.1080000028014183,0.10999999940395355,0.2090281844139099,1.1893571615219116,274.574462890625,0.9131606817245483,232.77963256835938,212.27032470703125,2.464637517929077,0.7985090017318726,300.0,0.306555000692606
20160309.0,1.409999966621399,40.0,12.0,0.05999999865889549,0.1080000028014183,0.10999999940395355,0.2090281844139099,1.1893571615219116,276.1395568847656,0.9161555767059326,234.66973876953125,209.43142700195312,0.0008523463038727641,1.269044041633606,300.0,0.300165211376937
20160310.0,1.409999966621399,40.0,12.0,0.05999999865889549,0.1080000028014183,0.10999999940395355,0.2090281844139099,1.1893571615219116,276.78399658203125,0.9176098108291626,237.771728515625,212.13427734375,0.0017106531886383891,0.9182270765304565,300.0,0.295276187715076
20160312.0,1.409999966621399,40.0,12.0,0.05999999865889549,0.1080000028014183,0.10999999940395355,0.2090281844139099,1.1893571615219116,276.70379638671875,0.9207425713539124,233.4161376953125,210.41152954101562,0.00213980651460588,1.0301392078399658,300.0,0.287624998018146
20160314.0,1.409999966621399,40.0,12.0,0.05999999865889549,0.1080000028014183,0.10999999940395355,0.2090281844139099,1.1893571615219116,276.8008728027344,0.920272707939148,237.84576416015625,215.51658630371094,0.0017430157167837024,1.263000726699829,300.0,0.281300003591337
20160315.0,1.409999966621399,40.0,12.0,0.05999999865889549,0.1080000028014183,0.10999999940395355,0.2090281844139099,1.1893571615219116,276.4395751953125,0.9179821014404297,238.7026824951172,216.74249267578125,0.09134159982204437,0.5249084830284119,300.0,0.249356756741936
20160317.0,1.409999966621399,40.0,12.0,0.05999999865889549,0.1080000028014183,0.10999999940395355,0.2090281844139099,1.1893571615219116,278.17437744140625,0.9142842292785645,239.51075744628906,218.91641235351562,0.0017145100282505155,1.2993807792663574,300.0,0.26054285466671
20160318.0,1.409999966621399,40.0,12.0,0.05999999865889549,0.1080000028014183,0.10999999940395355,0.2090281844139099,1.1893571615219116,276.9535217285156,0.9124622941017151,244.15426635742188,223.68466186523438,0.24502532184123993,0.6913875341415405,300.0,0.270089475732101
20160320.0,1.409999966621399,40.0,12.0,0.05999999865889549,0.1080000028014183,0.10999999940395355,0.2090281844139099,1.1893571615219116,278.5703430175781,0.9097485542297363,241.18447875976562,220.93325805664062,0.39356157183647156,0.6587334275245667,300.0,0.261803843654119
20160322.0,1.409999966621399,40.0,12.0,0.05999999865889549,0.1080000028014183,0.10999999940395355,0.2090281844139099,1.1893571615219116,279.7646179199219,0.8919744491577148,245.82656860351562,224.3328094482422,2.082444906234741,1.1640459299087524,300.0,0.256903697495107
20160323.0,1.409999966621399,40.0,12.0,0.05999999865889549,0.1080000028014183,0.10999999940395355,0.2090281844139099,1.1893571615219116,279.69464111328125,0.8747466802597046,247.0885009765625,225.6632537841797,1.0137981176376343,1.2184392213821411,300.0,0.224699999516209
20160325.0,1.409999966621399,40.0,12.0,0.05999999865889549,0.1080000028014183,0.10999999940395355,0.2090281844139099,1.1893571615219116,279.395751953125,0.8445607423782349,244.61203002929688,223.29974365234375,7.829028129577637,1.1795567274093628,300.0,0.233745835411052
20160326.0,1.409999966621399,40.0,12.0,0.05999999865889549,0.1080000028014183,0.10999999940395355,0.2090281844139099,1.1893571615219116,281.98486328125,0.8294704556465149,240.52981567382812,220.0252227783203,0.0,1.8369003534317017,300.0,0.239300001491892
20160328.0,1.409999966621399,40.0,12.0,0.05999999865889549,0.1080000028014183,0.10999999940395355,0.2090281844139099,1.1893571615219116,281.8364562988281,0.7987494468688965,241.1458740234375,222.05406188964844,4.952836990356445,2.3263063430786133,300.0,0.239120836990575
20160330.0,1.409999966621399,40.0,12.0,0.05999999865889549,0.1080000028014183,0.10999999940395355,0.2090281844139099,1.1893571615219116,282.0335693359375,0.7885058522224426,242.22921752929688,220.0408935546875,3.9556326866149902,2.2409417629241943,300.0,0.238679164399703
20160331.0,1.409999966621399,40.0,12.0,0.05999999865889549,0.1080000028014183,0.10999999940395355,0.2090281844139099,1.1893571615219116,279.6733703613281,0.7946875095367432,244.5112762451172,222.7220916748047,5.671842098236084,1.4693264961242676,300.0,0.240999999456108
20160402.0,1.409999966621399,40.0,12.0,0.05999999865889549,0.1080000028014183,0.10999999940395355,0.2090281844139099,1.1893571615219116,284.32568359375,0.80230712890625,245.11822509765625,221.22906494140625,0.00370592949911952,1.8005722761154175,300.0,0.236487501611312
20160403.0,1.409999966621399,40.0,12.0,0.05999999865889549,0.1080000028014183,0.10999999940395355,0.2090281844139099,1.1893571615219116,288.02728271484375,0.8064892888069153,247.98521423339844,225.1756591796875,0.729909360408783,2.1114535331726074,300.0,0.233116665544609
20160405.0,1.409999966621399,40.0,12.0,0.05999999865889549,0.1080000028014183,0.10999999940395355,0.2090281844139099,1.1893571615219116,283.519775390625,0.8154476284980774,249.16751098632812,227.37564086914062,4.365467548370361,1.264190435409546,300.0,0.237672912888229
20160407.0,1.409999966621399,40.0,12.0,0.05999999865889549,0.1080000028014183,0.10999999940395355,0.2090281844139099,1.1893571615219116,280.90179443359375,0.8155553936958313,246.6832275390625,223.99227905273438,1.369324803352356,2.1059722900390625,300.0,0.240897917809586
20160408.0,1.409999966621399,40.0,12.0,0.05999999865889549,0.1080000028014183,0.10999999940395355,0.2090281844139099,1.1893571615219116,281.0260009765625,0.8105463981628418,246.83847045898438,225.8622283935547,1.3066006898880005,2.005948066711426,300.0,0.239531250670552
20160410.0,1.409999966621399,40.0,12.0,0.05999999865889549,0.1080000028014183,0.10999999940395355,0.2090281844139099,1.1893571615219116,283.87994384765625,0.8027325868606567,249.30157470703125,229.25411987304688,0.19695621728897095,1.6468474864959717,300.0,0.230095833539963
20160411.0,1.409999966621399,40.0,12.0,0.05999999865889549,0.1080000028014183,0.10999999940395355,0.2090281844139099,1.1893571615219116,285.68060302734375,0.7987269163131714,250.4128875732422,230.68832397460938,0.15766237676143646,2.642758846282959,300.0,0.225087499866883
20160413.0,1.409999966621399,40.0,12.0,0.05999999865889549,0.1080000028014183,0.10999999940395355,0.2090281844139099,1.1893571615219116,282.7522888183594,0.7908844947814941,247.3233642578125,228.7984161376953,0.1521114557981491,1.52043879032135,300.0,0.239234092222019
20160415.0,1.409999966621399,40.0,12.0,0.05999999865889549,0.1080000028014183,0.10999999940395355,0.2090281844139099,1.1893571615219116,284.9393310546875,0.7811771035194397,246.67031860351562,226.57293701171875,4.435733795166016,2.5943686962127686,300.0,0.241699997956554
20160416.0,1.409999966621399,40.0,12.0,0.05999999865889549,0.1080000028014183,0.10999999940395355,0.2090281844139099,1.1893571615219116,283.8786926269531,0.775267481803894,251.39471435546875,231.24380493164062,4.582881450653076,2.576101541519165,300.0,0.237112498221298
20160418.0,1.409999966621399,40.0,12.0,0.05999999865889549,0.1080000028014183,0.10999999940395355,0.2090281844139099,1.1893571615219116,281.225341796875,0.7640233039855957,249.12232971191406,231.78611755371094,0.010651059448719025,2.3212201595306396,300.0,0.227059998735785
20160419.0,1.409999966621399,40.0,12.0,0.05999999865889549,0.1080000028014183,0.10999999940395355,0.2090281844139099,1.1893571615219116,282.7836608886719,0.7583962082862854,255.9354248046875,233.4168701171875,0.37374159693717957,1.9266443252563477,300.0,0.222439583701392
20160421.0,1.409999966621399,40.0,12.0,0.05999999865889549,0.1080000028014183,0.10999999940395355,0.2090281844139099,1.1893571615219116,284.8406677246094,0.7468963861465454,256.42840576171875,236.72906494140625,0.000858306884765625,2.8126466274261475,300.0,0.21311875184377
20160423.0,1.409999966621399,40.0,12.0,0.05999999865889549,0.1080000028014183,0.10999999940395355,0.2090281844139099,1.1893571615219116,280.6952209472656,0.7413450479507446,257.65216064453125,238.65316772460938,1.5992345809936523,2.4451608657836914,300.0,0.20371739209994
20160424.0,1.409999966621399,40.0,12.0,0.05999999865889549,0.1080000028014183,0.10999999940395355,0.2090281844139099,1.1893571615219116,278.7508239746094,0.7418971061706543,254.6494140625,237.8814697265625,3.3523826599121094,2.2856545448303223,300.0,0.202324998988347
20160426.0,1.409999966621399,40.0,12.0,0.05999999865889549,0.1080000028014183,0.10999999940395355,0.2090281844139099,1.1893571615219116,278.0059814453125,0.7415900230407715,247.42820739746094,225.40997314453125,2.7706704139709473,2.5687625408172607,300.0,0.249529164284468
20160427.0,1.409999966621399,40.0,12.0,0.05999999865889549,0.1080000028014183,0.10999999940395355,0.2090281844139099,1.1893571615219116,278.73089599609375,0.7415366768836975,244.36367797851562,223.20037841796875,7.956550598144531,2.5872678756713867,300.0,0.277349998553594
20160429.0,1.409999966621399,40.0,12.0,0.05999999865889549,0.1080000028014183,0.10999999940395355,0.2090281844139099,1.1893571615219116,280.279541015625,0.7415733337402344,246.90516662597656,226.01898193359375,4.112994194030762,2.122185707092285,300.0,0.260297916829586
20160504.0,1.409999966621399,40.0,12.0,0.05999999865889549,0.1080000028014183,0.10999999940395355,0.2090281844139099,1.1893571615219116,283.33404541015625,0.7323309779167175,254.46942138671875,230.14071655273438,0.001872896682471037,2.627474784851074,300.0,0.243212499034901
20160505.0,1.409999966621399,40.0,12.0,0.05999999865889549,0.1080000028014183,0.10999999940395355,0.2090281844139099,1.1893571615219116,285.70928955078125,0.7302179336547852,255.76190185546875,233.70761108398438,0.001699268352240324,3.439790725708008,300.0,0.236277086349825
20160507.0,1.409999966621399,40.0,12.0,0.05999999865889549,0.1080000028014183,0.10999999940395355,0.2090281844139099,1.1893571615219116,290.8615417480469,0.7274534106254578,260.88128662109375,244.11508178710938,0.0,3.671398639678955,300.0,0.220366665783028
20160509.0,1.409999966621399,40.0,12.0,0.05999999865889549,0.1080000028014183,0.10999999940395355,0.2090281844139099,1.1893571615219116,292.0179748535156,0.7012857794761658,264.83642578125,244.850341796875,0.0006894915131852031,4.020595073699951,300.0,0.202235418061415
20160510.0,1.409999966621399,40.0,12.0,0.05999999865889549,0.1080000028014183,0.10999999940395355,0.2090281844139099,1.1893571615219116,290.9125671386719,0.6757146120071411,266.99346923828125,248.68655395507812,2.0316052436828613,2.4884402751922607,300.0,0.195924999192357
20160512.0,1.409999966621399,40.0,12.0,0.05999999865889549,0.1080000028014183,0.10999999940395355,0.2090281844139099,1.1893571615219116,291.7363586425781,0.6323167085647583,265.511474609375,249.4049530029297,0.054638221859931946,3.5167970657348633,300.0,0.183525000077983
20160513.0,1.409999966621399,40.0,12.0,0.05999999865889549,0.1080000028014183,0.10999999940395355,0.2090281844139099,1.1893571615219116,290.8155517578125,0.6112890839576721,267.2578430175781,251.3125,0.7860121130943298,3.678523302078247,300.0,0.18208749871701
20160515.0,1.409999966621399,40.0,12.0,0.05999999865889549,0.1080000028014183,0.10999999940395355,0.2090281844139099,1.1893571615219116,282.73590087890625,0.5703238844871521,263.7933349609375,249.00192260742188,1.237724781036377,2.6273348331451416,300.0,0.174549999957283
20160517.0,1.409999966621399,40.0,12.0,0.05999999865889549,0.1080000028014183,0.10999999940395355,0.2090281844139099,1.1893571615219116,285.3128662109375,0.5504645109176636,263.6491394042969,247.8003692626953,0.2940404415130615,2.006796360015869,300.0,0.168466669817766
20160518.0,1.409999966621399,40.0,12.0,0.05999999865889549,0.1080000028014183,0.10999999940395355,0.2090281844139099,1.1893571615219116,287.5563659667969,0.5511893630027771,266.66357421875,251.622314453125,5.351634979248047,2.3683457374572754,300.0,0.164687502197921
20160520.0,1.409999966621399,40.0,12.0,0.05999999865889549,0.1080000028014183,0.10999999940395355,0.2090281844139099,1.1893571615219116,286.17095947265625,0.5482044219970703,267.21728515625,248.6226806640625,0.07893694937229156,0.9027436375617981,300.0,0.161747917843362
20160521.0,1.409999966621399,40.0,12.0,0.05999999865889549,0.1080000028014183,0.10999999940395355,0.2090281844139099,1.1893571615219116,290.90924072265625,0.5469992756843567,266.51812744140625,248.39218139648438,0.27434229850769043,2.9563350677490234,300.0,0.158777084201574
20160523.0,1.409999966621399,40.0,12.0,0.05999999865889549,0.1080000028014183,0.10999999940395355,0.2090281844139099,1.1893571615219116,285.0375061035156,0.5446537733078003,255.4400634765625,235.3203125,5.3523383140563965,1.3352539539337158,300.0,0.211775001138449
20160525.0,1.409999966621399,40.0,12.0,0.05999999865889549,0.1080000028014183,0.10999999940395355,0.2090281844139099,1.1893571615219116,285.9458923339844,0.541419506072998,255.7401123046875,234.75418090820312,0.6656736731529236,1.6650066375732422,300.0,0.238200000797709
20160526.0,1.409999966621399,40.0,12.0,0.05999999865889549,0.1080000028014183,0.10999999940395355,0.2090281844139099,1.1893571615219116,289.9380798339844,0.5392996668815613,260.1889343261719,240.54669189453125,0.05501403659582138,3.105631113052368,300.0,0.228147915564477
20160528.0,1.409999966621399,40.0,12.0,0.05999999865889549,0.1080000028014183,0.10999999940395355,0.2090281844139099,1.1893571615219116,291.8681945800781,0.535306990146637,261.6900634765625,244.53521728515625,1.5080443620681763,3.3445794582366943,300.0,0.245916665842136
20160529.0,1.409999966621399,40.0,12.0,0.05999999865889549,0.1080000028014183,0.10999999940395355,0.2090281844139099,1.1893571615219116,290.37408447265625,0.5332851409912109,264.76666259765625,245.80181884765625,8.70475959777832,2.581993341445923,300.0,0.240864583911995
20160531.0,1.409999966621399,40.0,12.0,0.05999999865889549,0.1080000028014183,0.10999999940395355,0.2090281844139099,1.1893571615219116,290.2815246582031,0.5289592742919922,252.4672393798828,231.69534301757812,0.2793618440628052,2.694606304168701,300.0,0.26296666637063
20160602.0,1.409999966621399,40.0,12.0,0.05999999865889549,0.1080000028014183,0.10999999940395355,0.2090281844139099,1.1893571615219116,292.5396423339844,0.5297970175743103,250.14425659179688,224.79660034179688,8.092737197875977,3.202362060546875,300.0,0.280362498946488
20160603.0,1.409999966621399,40.0,12.0,0.05999999865889549,0.1080000028014183,0.10999999940395355,0.2090281844139099,1.1893571615219116,292.04998779296875,0.5331698656082153,252.07611083984375,226.96707153320312,2.9619710445404053,2.8651580810546875,300.0,0.26668749935925
20160605.0,1.409999966621399,40.0,12.0,0.05999999865889549,0.1080000028014183,0.10999999940395355,0.2090281844139099,1.1893571615219116,294.2104797363281,0.538720428943634,252.18931579589844,226.78982543945312,0.5955581665039062,3.9181406497955322,300.0,0.258664582545559
20160606.0,1.409999966621399,40.0,12.0,0.05999999865889549,0.1080000028014183,0.10999999940395355,0.2090281844139099,1.1893571615219116,294.7402648925781,0.5416125655174255,256.3731384277344,230.5299530029297,1.2656153440475464,4.133386135101318,300.0,0.24933333384494
20160608.0,1.409999966621399,40.0,12.0,0.05999999865889549,0.1080000028014183,0.10999999940395355,0.2090281844139099,1.1893571615219116,292.1521911621094,0.5475628972053528,254.67266845703125,231.72256469726562,1.5286301374435425,3.7638707160949707,300.0,0.267845833363632
20160610.0,1.409999966621399,40.0,12.0,0.05999999865889549,0.1080000028014183,0.10999999940395355,0.2090281844139099,1.1893571615219116,290.23406982421875,0.5518031120300293,258.99847412109375,235.50059509277344,0.002592539181932807,3.813185930252075,300.0,0.245395832074185
20160611.0,1.409999966621399,40.0,12.0,0.05999999865889549,0.1080000028014183,0.10999999940395355,0.2090281844139099,1.1893571615219116,290.9442443847656,0.5529142022132874,261.310546875,238.97491455078125,0.536716639995575,2.9105732440948486,300.0,0.237035414204001
20160613.0,1.409999966621399,40.0,12.0,0.05999999865889549,0.1080000028014183,0.10999999940395355,0.2090281844139099,1.1893571615219116,288.97833251953125,0.5555817484855652,252.39862060546875,230.97756958007812,8.968724250793457,2.8036534786224365,300.0,0.268372916306059
20160614.0,1.409999966621399,40.0,12.0,0.05999999865889549,0.1080000028014183,0.10999999940395355,0.2090281844139099,1.1893571615219116,288.9407653808594,0.5568861365318298,253.48638916015625,230.68771362304688,2.0306317806243896,3.0324058532714844,300.0,0.265704167075455
20160616.0,1.409999966621399,40.0,12.0,0.05999999865889549,0.1080000028014183,0.10999999940395355,0.2090281844139099,1.1893571615219116,289.3978271484375,0.5594107508659363,252.01661682128906,231.91517639160156,2.0113537311553955,3.149005174636841,300.0,0.256864580636223
20160618.0,1.409999966621399,40.0,12.0,0.05999999865889549,0.1080000028014183,0.10999999940395355,0.2090281844139099,1.1893571615219116,288.2254943847656,0.5635297894477844,252.83612060546875,229.08486938476562,5.769801616668701,3.201903820037842,300.0,0.274925000034273
20160619.0,1.409999966621399,40.0,12.0,0.05999999865889549,0.1080000028014183,0.10999999940395355,0.2090281844139099,1.1893571615219116,288.1756896972656,0.5665113925933838,251.658935546875,230.9652099609375,0.6569972634315491,3.179945230484009,300.0,0.269908333197236
20160621.0,1.409999966621399,40.0,12.0,0.05999999865889549,0.1080000028014183,0.10999999940395355,0.2090281844139099,1.1893571615219116,290.47686767578125,0.572139322757721,254.626708984375,231.91421508789062,1.2771868705749512,1.6161445379257202,300.0,0.269850000118216
20160622.0,1.409999966621399,40.0,12.0,0.05999999865889549,0.1080000028014183,0.10999999940395355,0.2090281844139099,1.1893571615219116,294.3383483886719,0.574982762336731,255.8601531982422,232.34347534179688,0.4218325614929199,2.9944145679473877,300.0,0.260715788132266
20160624.0,1.409999966621399,40.0,12.0,0.05999999865889549,0.1080000028014183,0.10999999940395355,0.2090281844139099,1.1893571615219116,295.4905700683594,0.5804800987243652,253.50930786132812,234.19692993164062,11.993146896362305,3.2998929023742676,300.0,0.280612501005332
20160626.0,1.409999966621399,40.0,12.0,0.05999999865889549,0.1080000028014183,0.10999999940395355,0.2090281844139099,1.1893571615219116,288.9973449707031,0.5900283455848694,252.00816345214844,230.8688201904297,1.813841700553894,3.3966593742370605,300.0,0.273225001680354
20160627.0,1.409999966621399,40.0,12.0,0.05999999865889549,0.1080000028014183,0.10999999940395355,0.2090281844139099,1.1893571615219116,288.4942932128906,0.5971808433532715,254.15280151367188,231.36495971679688,0.7131956219673157,1.5744894742965698,300.0,0.270627083877722
20160629.0,1.409999966621399,40.0,12.0,0.05999999865889549,0.1080000028014183,0.10999999940395355,0.2090281844139099,1.1893571615219116,290.0232849121094,0.6107633113861084,254.0987548828125,231.8584747314453,1.3682154417037964,3.7835071086883545,300.0,0.270952084412177
20160630.0,1.409999966621399,40.0,12.0,0.05999999865889549,0.1080000028014183,0.10999999940395355,0.2090281844139099,1.1893571615219116,290.1631774902344,0.6178072690963745,257.8011474609375,232.47683715820312,2.7001662254333496,2.6681787967681885,300.0,0.262100000865757
20160702.0,1.409999966621399,40.0,12.0,0.05999999865889549,0.1080000028014183,0.10999999940395355,0.2090281844139099,1.1893571615219116,288.8415832519531,0.6329418420791626,255.32797241210938,232.22256469726562,3.9064688682556152,3.9093968868255615,300.0,0.273947917856276
20160704.0,1.409999966621399,40.0,12.0,0.05999999865889549,0.1080000028014183,0.10999999940395355,0.2090281844139099,1.1893571615219116,290.14337158203125,0.6352756023406982,256.08026123046875,234.69078063964844,0.8039877414703369,2.4980955123901367,300.0,0.273995833160977
20160705.0,1.409999966621399,40.0,12.0,0.05999999865889549,0.1080000028014183,0.10999999940395355,0.2090281844139099,1.1893571615219116,290.1912536621094,0.6290301084518433,257.3061218261719,236.1055908203125,0.682069718837738,2.7422633171081543,300.0,0.265383333278199
20160707.0,1.409999966621399,40.0,12.0,0.05999999865889549,0.1080000028014183,0.10999999940395355,0.2090281844139099,1.1893571615219116,291.1587829589844,0.6198074221611023,261.56268310546875,238.16958618164062,0.09240846335887909,3.606675624847412,300.0,0.250935417910417
20160708.0,1.409999966621399,40.0,12.0,0.05999999865889549,0.1080000028014183,0.10999999940395355,0.2090281844139099,1.1893571615219116,292.74932861328125,0.6149978637695312,262.152099609375,239.629150390625,0.22228477895259857,3.5856733322143555,300.0,0.243606249180933
20160710.0,1.409999966621399,40.0,12.0,0.05999999865889549,0.1080000028014183,0.10999999940395355,0.2090281844139099,1.1893571615219116,296.2219543457031,0.6047838926315308,264.67388916015625,243.03819274902344,0.30072450637817383,4.820058822631836,300.0,0.229939584309856
20160712.0,1.409999966621399,40.0,12.0,0.05999999865889549,0.1080000028014183,0.10999999940395355,0.2090281844139099,1.1893571615219116,291.5935363769531,0.6064332723617554,266.4295654296875,245.98980712890625,3.475132465362549,3.471179962158203,300.0,0.215837500368555
20160713.0,1.409999966621399,40.0,12.0,0.05999999865889549,0.1080000028014183,0.10999999940395355,0.2090281844139099,1.1893571615219116,288.5252990722656,0.6140474677085876,263.04473876953125,245.36325073242188,8.478021621704102,3.3799848556518555,300.0,0.218244679113652
20160715.0,1.409999966621399,40.0,12.0,0.05999999865889549,0.1080000028014183,0.10999999940395355,0.2090281844139099,1.1893571615219116,288.98065185546875,0.6266101002693176,261.6329345703125,241.62908935546875,0.5040023922920227,2.749443769454956,300.0,0.210227081241707
20160716.0,1.409999966621399,40.0,12.0,0.05999999865889549,0.1080000028014183,0.10999999940395355,0.2090281844139099,1.1893571615219116,290.8310852050781,0.6332439184188843,263.5174865722656,244.23825073242188,0.24112796783447266,1.9249855279922485,300.0,0.206802083179355
20160718.0,1.409999966621399,40.0,12.0,0.05999999865889549,0.1080000028014183,0.10999999940395355,0.2090281844139099,1.1893571615219116,294.1904602050781,0.6475183963775635,269.6456604003906,249.28445434570312,0.07144985347986221,3.8877620697021484,300.0,0.198345833458006
20160720.0,1.409999966621399,40.0,12.0,0.05999999865889549,0.1080000028014183,0.10999999940395355,0.2090281844139099,1.1893571615219116,297.98553466796875,0.6489389538764954,269.91021728515625,251.99441528320312,0.9430903196334839,4.749602317810059,300.0,0.182087500269214
20160721.0,1.409999966621399,40.0,12.0,0.05999999865889549,0.1080000028014183,0.10999999940395355,0.2090281844139099,1.1893571615219116,297.4333801269531,0.6422386169433594,270.52667236328125,254.87591552734375,0.27719253301620483,3.9954371452331543,300.0,0.174360415898263
20160723.0,1.409999966621399,40.0,12.0,0.05999999865889549,0.1080000028014183,0.10999999940395355,0.2090281844139099,1.1893571615219116,294.27471923828125,0.6321230530738831,271.1859130859375,254.91067504882812,3.175089120864868,2.4441890716552734,300.0,0.165352083742619
20160724.0,1.409999966621399,40.0,12.0,0.05999999865889549,0.1080000028014183,0.10999999940395355,0.2090281844139099,1.1893571615219116,295.0811767578125,0.6269233822822571,268.3509216308594,252.8567352294922,0.6680846214294434,3.3145649433135986,300.0,0.162081251852214
20160726.0,1.409999966621399,40.0,12.0,0.05999999865889549,0.1080000028014183,0.10999999940395355,0.2090281844139099,1.1893571615219116,293.39056396484375,0.6165074706077576,270.474365234375,253.80223083496094,0.02228705585002899,2.617600917816162,300.0,0.153789584214489
20160728.0,1.409999966621399,40.0,12.0,0.05999999865889549,0.1080000028014183,0.10999999940395355,0.2090281844139099,1.1893571615219116,292.3524169921875,0.608717679977417,265.5152282714844,247.14913940429688,6.190759181976318,2.8352510929107666,300.0,0.146993750085433
20160729.0,1.409999966621399,40.0,12.0,0.05999999865889549,0.1080000028014183,0.10999999940395355,0.2090281844139099,1.1893571615219116,292.4843444824219,0.60625159740448,264.96905517578125,248.17047119140625,1.7618566751480103,3.2978641986846924,300.0,0.148387498532732
20160731.0,1.409999966621399,40.0,12.0,0.05999999865889549,0.1080000028014183,0.10999999940395355,0.2090281844139099,1.1893571615219116,290.60626220703125,0.6007664799690247,266.4787292480469,245.3428955078125,2.3464956283569336,2.5974655151367188,300.0,0.147060414776206
20160801.0,1.409999966621399,40.0,12.0,0.05999999865889549,0.1080000028014183,0.10999999940395355,0.2090281844139099,1.1893571615219116,290.1584167480469,0.5980346202850342,264.85394287109375,247.25924682617188,2.3167295455932617,2.88317608833313,300.0,0.145068749785423
20160803.0,1.409999966621399,40.0,12.0,0.05999999865889549,0.1080000028014183,0.10999999940395355,0.2090281844139099,1.1893571615219116,290.6293640136719,0.5920641422271729,258.55615234375,242.3126983642578,14.609533309936523,1.865023136138916,300.0,0.193066666834056
20160805.0,1.409999966621399,40.0,12.0,0.05999999865889549,0.1080000028014183,0.10999999940395355,0.2090281844139099,1.1893571615219116,290.5126037597656,0.5951616764068604,258.15618896484375,239.25132751464844,1.4537243843078613,2.6512696743011475,300.0,0.202483333026369
20160806.0,1.409999966621399,40.0,12.0,0.05999999865889549,0.1080000028014183,0.10999999940395355,0.2090281844139099,1.1893571615219116,290.4570617675781,0.6019386649131775,257.08416748046875,238.646484375,0.35270726680755615,2.4456143379211426,300.0,0.197681250361105
20160808.0,1.409999966621399,40.0,12.0,0.05999999865889549,0.1080000028014183,0.10999999940395355,0.2090281844139099,1.1893571615219116,291.2271423339844,0.6134653091430664,263.26947021484375,243.88841247558594,0.7700831890106201,2.685847282409668,300.0,0.187029165526231
20160809.0,1.409999966621399,40.0,12.0,0.05999999865889549,0.1080000028014183,0.10999999940395355,0.2090281844139099,1.1893571615219116,289.0882568359375,0.6195036768913269,263.5433654785156,244.42967224121094,1.8856226205825806,2.991054058074951,300.0,0.182010418425004
20160811.0,1.409999966621399,40.0,12.0,0.05999999865889549,0.1080000028014183,0.10999999940395355,0.2090281844139099,1.1893571615219116,285.1852111816406,0.6322901844978333,257.3555908203125,242.58692932128906,4.320474624633789,1.6112556457519531,300.0,0.179212501583
20160813.0,1.409999966621399,40.0,12.0,0.05999999865889549,0.1080000028014183,0.10999999940395355,0.2090281844139099,1.1893571615219116,292.392333984375,0.6366328597068787,260.9643249511719,242.02137756347656,0.000858306884765625,3.3371453285217285,300.0,0.196437497064471
20160814.0,1.409999966621399,40.0,12.0,0.05999999865889549,0.1080000028014183,0.10999999940395355,0.2090281844139099,1.1893571615219116,291.7889099121094,0.6338768601417542,262.3067321777344,243.89048767089844,0.40659844875335693,2.190526247024536,300.0,0.189087497691313
20160816.0,1.409999966621399,40.0,12.0,0.05999999865889549,0.1080000028014183,0.10999999940395355,0.2090281844139099,1.1893571615219116,291.4621887207031,0.630477786064148,264.6394348144531,245.82861328125,0.0017141756834462285,3.4904701709747314,300.0,0.17710416795065
20160817.0,1.409999966621399,40.0,12.0,0.05999999865889549,0.1080000028014183,0.10999999940395355,0.2090281844139099,1.1893571615219116,292.146240234375,0.6286241412162781,266.90130615234375,248.740966796875,0.0017136334208771586,3.665161609649658,300.0,0.171110417383413
20160819.0,1.409999966621399,40.0,12.0,0.05999999865889549,0.1080000028014183,0.10999999940395355,0.2090281844139099,1.1893571615219116,292.57647705078125,0.624559223651886,267.9923095703125,253.20045471191406,3.626077651977539,2.9575464725494385,300.0,0.160089584998786
20160821.0,1.409999966621399,40.0,12.0,0.05999999865889549,0.1080000028014183,0.10999999940395355,0.2090281844139099,1.1893571615219116,289.66082763671875,0.6266921162605286,265.72174072265625,251.70928955078125,4.771851539611816,2.5948383808135986,300.0,0.152510416073104
20160822.0,1.409999966621399,40.0,12.0,0.05999999865889549,0.1080000028014183,0.10999999940395355,0.2090281844139099,1.1893571615219116,290.085693359375,0.6313182711601257,261.9095458984375,246.977783203125,5.700791835784912,2.200268507003784,300.0,0.151902083307505
20160824.0,1.409999966621399,40.0,12.0,0.05999999865889549,0.1080000028014183,0.10999999940395355,0.2090281844139099,1.1893571615219116,296.4068603515625,0.6391392350196838,267.8142395019531,252.96588134765625,0.0008523463038727641,3.863687038421631,300.0,0.14272499922663
20160825.0,1.409999966621399,40.0,12.0,0.05999999865889549,0.1080000028014183,0.10999999940395355,0.2090281844139099,1.1893571615219116,297.624267578125,0.643205463886261,270.89910888671875,255.49615478515625,0.0008608131902292371,3.9316935539245605,300.0,0.133185417857021
20160827.0,1.409999966621399,40.0,12.0,0.05999999865889549,0.1080000028014183,0.10999999940395355,0.2090281844139099,1.1893571615219116,298.0438537597656,0.6516820192337036,269.9965515136719,259.38433837890625,0.46839436888694763,3.297011137008667,300.0,0.120291667059064
20160829.0,1.409999966621399,40.0,12.0,0.05999999865889549,0.1080000028014183,0.10999999940395355,0.2090281844139099,1.1893571615219116,292.4572448730469,0.6558507680892944,268.97259521484375,256.2606506347656,1.5516505241394043,2.3491225242614746,300.0,0.110456250607967
20160830.0,1.409999966621399,40.0,12.0,0.05999999865889549,0.1080000028014183,0.10999999940395355,0.2090281844139099,1.1893571615219116,291.7510681152344,0.6554276347160339,266.8568115234375,254.51055908203125,0.001735894475132227,2.8689918518066406,300.0,0.106870833939562
20160901.0,1.409999966621399,40.0,12.0,0.05999999865889549,0.1080000028014183,0.10999999940395355,0.2090281844139099,1.1893571615219116,291.81719970703125,0.6556497812271118,270.5574951171875,257.6263427734375,0.41086721420288086,2.195478677749634,300.0,0.0986541671057542
20160902.0,1.409999966621399,40.0,12.0,0.05999999865889549,0.1080000028014183,0.10999999940395355,0.2090281844139099,1.1893571615219116,292.3807067871094,0.655668318271637,269.6970520019531,257.58123779296875,0.026628900319337845,2.6557605266571045,300.0,0.0954604165938993
20160904.0,1.409999966621399,40.0,12.0,0.05999999865889549,0.1080000028014183,0.10999999940395355,0.2090281844139099,1.1893571615219116,291.4090576171875,0.6553969979286194,271.57568359375,259.1047058105469,10.415244102478027,3.133312463760376,300.0,0.094152082533886
20160907.0,1.409999966621399,40.0,12.0,0.05999999865889549,0.1080000028014183,0.10999999940395355,0.2090281844139099,1.1893571615219116,292.86383056640625,0.6655987501144409,268.65655517578125,251.43116760253906,0.0008491133921779692,2.8099422454833984,300.0,0.0927354171872139
20160909.0,1.409999966621399,40.0,12.0,0.05999999865889549,0.1080000028014183,0.10999999940395355,0.2090281844139099,1.1893571615219116,291.9665222167969,0.6751958727836609,272.25531005859375,258.80047607421875,0.0012822679709643126,2.271749496459961,300.0,0.0879166671074927
20160910.0,1.409999966621399,40.0,12.0,0.05999999865889549,0.1080000028014183,0.10999999940395355,0.2090281844139099,1.1893571615219116,292.38922119140625,0.680167019367218,269.9410400390625,257.3211364746094,0.0,2.438877820968628,300.0,0.0856374994230767
20160912.0,1.409999966621399,40.0,12.0,0.05999999865889549,0.1080000028014183,0.10999999940395355,0.2090281844139099,1.1893571615219116,295.4447021484375,0.6907309889793396,272.269775390625,259.4793701171875,0.009849153459072113,2.463374137878418,300.0,0.082010417090108
20160914.0,1.409999966621399,40.0,12.0,0.05999999865889549,0.1080000028014183,0.10999999940395355,0.2090281844139099,1.1893571615219116,297.640625,0.6928672790527344,274.4072265625,261.21356201171875,0.0,2.9506773948669434,300.0,0.0765708337227504
20160915.0,1.409999966621399,40.0,12.0,0.05999999865889549,0.1080000028014183,0.10999999940395355,0.2090281844139099,1.1893571615219116,296.2306213378906,0.6890762448310852,274.03741455078125,258.90142822265625,4.925013065338135,2.805781364440918,300.0,0.0751291669439524
20160917.0,1.409999966621399,40.0,12.0,0.05999999865889549,0.1080000028014183,0.10999999940395355,0.2090281844139099,1.1893571615219116,291.4558410644531,0.6835944056510925,262.62921142578125,247.91159057617188,2.0626583099365234,1.7727125883102417,300.0,0.0798368426529985
20160918.0,1.409999966621399,40.0,12.0,0.05999999865889549,0.1080000028014183,0.10999999940395355,0.2090281844139099,1.1893571615219116,289.8170471191406,0.6807187795639038,263.80523681640625,248.08041381835938,0.5488685369491577,1.4677730798721313,300.0,0.0817645837863286
20160920.0,1.409999966621399,40.0,12.0,0.05999999865889549,0.1080000028014183,0.10999999940395355,0.2090281844139099,1.1893571615219116,288.1147766113281,0.6747271418571472,267.1136474609375,251.41502380371094,0.017146386206150055,0.7094100713729858,300.0,0.0801145837952693
20160922.0,1.409999966621399,40.0,12.0,0.05999999865889549,0.1080000028014183,0.10999999940395355,0.2090281844139099,1.1893571615219116,288.1880187988281,0.6733009219169617,266.223876953125,252.61752319335938,0.0023465037811547518,1.48428213596344,300.0,0.0775020822572211
20160923.0,1.409999966621399,40.0,12.0,0.05999999865889549,0.1080000028014183,0.10999999940395355,0.2090281844139099,1.1893571615219116,288.8986511230469,0.6751761436462402,267.9395751953125,254.53213500976562,0.5999692678451538,1.3546727895736694,300.0,0.0763604167538385
20160925.0,1.409999966621399,40.0,12.0,0.05999999865889549,0.1080000028014183,0.10999999940395355,0.2090281844139099,1.1893571615219116,291.3989562988281,0.6778347492218018,267.57666015625,255.62974548339844,0.4705680310726166,1.958992838859558,300.0,0.0739666672889143
20160926.0,1.409999966621399,40.0,12.0,0.05999999865889549,0.1080000028014183,0.10999999940395355,0.2090281844139099,1.1893571615219116,288.7008361816406,0.6792467832565308,271.8836364746094,256.6683349609375,0.011589127592742443,1.4601705074310303,300.0,0.0723229178693146
20160930.0,1.409999966621399,40.0,12.0,0.05999999865889549,0.1080000028014183,0.10999999940395355,0.2090281844139099,1.1893571615219116,289.0001525878906,0.6832495927810669,268.6056213378906,256.4996337890625,0.5538548231124878,1.287541151046753,300.0,0.0685065214562675
20161001.0,1.409999966621399,40.0,12.0,0.05999999865889549,0.1080000028014183,0.10999999940395355,0.2090281844139099,1.1893571615219116,287.44134521484375,0.6826920509338379,267.9345703125,257.94818115234375,6.048771858215332,1.5123295783996582,300.0,0.0693478247393732
20161003.0,1.409999966621399,40.0,12.0,0.05999999865889549,0.1080000028014183,0.10999999940395355,0.2090281844139099,1.1893571615219116,287.20367431640625,0.6820389628410339,258.6142578125,243.32855224609375,1.0256234407424927,1.2938456535339355,300.0,0.0724021291479151
20161004.0,1.409999966621399,40.0,12.0,0.05999999865889549,0.1080000028014183,0.10999999940395355,0.2090281844139099,1.1893571615219116,285.8719177246094,0.6816943287849426,262.18994140625,246.4973602294922,0.10789460688829422,1.0526307821273804,300.0,0.0707534884297571
20161006.0,1.409999966621399,40.0,12.0,0.05999999865889549,0.1080000028014183,0.10999999940395355,0.2090281844139099,1.1893571615219116,282.1396484375,0.6811316013336182,263.5445556640625,248.14903259277344,0.02231668122112751,0.5492856502532959,300.0,0.0697586956717398
20161008.0,1.409999966621399,40.0,12.0,0.05999999865889549,0.1080000028014183,0.10999999940395355,0.2090281844139099,1.1893571615219116,283.6754150390625,0.6784969568252563,264.8848876953125,251.9711456298828,0.6548373103141785,1.0836182832717896,300.0,0.0690622231198682
20161009.0,1.409999966621399,40.0,12.0,0.05999999865889549,0.1080000028014183,0.10999999940395355,0.2090281844139099,1.1893571615219116,281.39190673828125,0.6760055422782898,262.42822265625,250.3260040283203,0.1420833021402359,0.8965724110603333,300.0,0.0690333331003785
20161011.0,1.409999966621399,40.0,12.0,0.05999999865889549,0.1080000028014183,0.10999999940395355,0.2090281844139099,1.1893571615219116,281.03668212890625,0.6715461015701294,262.0977783203125,247.94158935546875,0.22652269899845123,0.7017550468444824,300.0,0.0683499984443188
20161012.0,1.409999966621399,40.0,12.0,0.05999999865889549,0.1080000028014183,0.10999999940395355,0.2090281844139099,1.1893571615219116,282.1277160644531,0.6692410707473755,256.6522216796875,242.15472412109375,1.3364531993865967,0.8786505460739136,300.0,0.0717731699710939
20161014.0,1.409999966621399,40.0,12.0,0.05999999865889549,0.1080000028014183,0.10999999940395355,0.2090281844139099,1.1893571615219116,283.70416259765625,0.663997232913971,260.61309814453125,246.60031127929688,3.2642996311187744,0.9225032329559326,300.0,0.0702208334114403
20161016.0,1.409999966621399,40.0,12.0,0.05999999865889549,0.1080000028014183,0.10999999940395355,0.2090281844139099,1.1893571615219116,285.5548095703125,0.669622004032135,257.1652526855469,238.77227783203125,0.0008642672910355031,0.9921680092811584,300.0,0.0776151531573498
20161017.0,1.409999966621399,40.0,12.0,0.05999999865889549,0.1080000028014183,0.10999999940395355,0.2090281844139099,1.1893571615219116,285.9407958984375,0.6787356734275818,261.2259521484375,246.45794677734375,0.24422621726989746,0.7355073094367981,300.0,0.07660555632578
20161019.0,1.409999966621399,40.0,12.0,0.05999999865889549,0.1080000028014183,0.10999999940395355,0.2090281844139099,1.1893571615219116,281.276611328125,0.6945739984512329,249.92918395996094,230.83291625976562,6.618764877319336,1.5241258144378662,300.0,0.0881104168171684
20161020.0,1.409999966621399,40.0,12.0,0.05999999865889549,0.1080000028014183,0.10999999940395355,0.2090281844139099,1.1893571615219116,280.80731201171875,0.7028355598449707,246.6014404296875,227.9112091064453,12.85935115814209,0.5810247659683228,300.0,0.0979354168909291
20161022.0,1.409999966621399,40.0,12.0,0.05999999865889549,0.1080000028014183,0.10999999940395355,0.2090281844139099,1.1893571615219116,280.7128601074219,0.7201058864593506,245.6773681640625,228.4852294921875,0.5019481778144836,0.6871893405914307,300.0,0.113582857804639
20161024.0,1.409999966621399,40.0,12.0,0.05999999865889549,0.1080000028014183,0.10999999940395355,0.2090281844139099,1.1893571615219116,281.86553955078125,0.7298508286476135,249.80303955078125,229.72650146484375,5.482305526733398,0.32363125681877136,300.0,0.131252942716374
20161025.0,1.409999966621399,40.0,12.0,0.05999999865889549,0.1080000028014183,0.10999999940395355,0.2090281844139099,1.1893571615219116,283.0030212402344,0.7302586436271667,249.36624145507812,229.8849639892578,0.574595034122467,0.48972997069358826,300.0,0.136933334006204
20161027.0,1.409999966621399,40.0,12.0,0.05999999865889549,0.1080000028014183,0.10999999940395355,0.2090281844139099,1.1893571615219116,284.3609619140625,0.732990562915802,252.62130737304688,232.0657958984375,0.0913165733218193,0.5012457370758057,300.0,0.138616669178009
20161028.0,1.409999966621399,40.0,12.0,0.05999999865889549,0.1080000028014183,0.10999999940395355,0.2090281844139099,1.1893571615219116,285.7436828613281,0.7342290282249451,252.53878784179688,232.36965942382812,0.15337000787258148,0.5439333915710449,300.0,0.140045716507094
20161030.0,1.409999966621399,40.0,12.0,0.05999999865889549,0.1080000028014183,0.10999999940395355,0.2090281844139099,1.1893571615219116,281.4488830566406,0.7365801930427551,252.2144775390625,232.29637145996094,0.0029981357511132956,0.44004422426223755,300.0,0.14142750389874
20161101.0,1.409999966621399,40.0,12.0,0.05999999865889549,0.1080000028014183,0.10999999940395355,0.2090281844139099,1.1893571615219116,282.36712646484375,0.7411137819290161,251.35406494140625,234.10914611816406,0.23735611140727997,0.4798717796802521,300.0,0.141859088431705
20161102.0,1.409999966621399,40.0,12.0,0.05999999865889549,0.1080000028014183,0.10999999940395355,0.2090281844139099,1.1893571615219116,280.2877197265625,0.744637668132782,253.38186645507812,235.159912109375,1.224625825881958,0.8003300428390503,300.0,0.142494998499751
20161104.0,1.409999966621399,40.0,12.0,0.05999999865889549,0.1080000028014183,0.10999999940395355,0.2090281844139099,1.1893571615219116,280.5975341796875,0.7511951327323914,253.88487243652344,234.29188537597656,2.5229475498199463,0.7899089455604553,300.0,0.145691488968565
20161105.0,1.409999966621399,40.0,12.0,0.05999999865889549,0.1080000028014183,0.10999999940395355,0.2090281844139099,1.1893571615219116,280.40087890625,0.7545655965805054,250.38681030273438,232.5301971435547,0.9626237154006958,0.8634116649627686,300.0,0.147202083840966
20161107.0,1.409999966621399,40.0,12.0,0.05999999865889549,0.1080000028014183,0.10999999940395355,0.2090281844139099,1.1893571615219116,277.456787109375,0.7618190050125122,249.6384735107422,229.7193603515625,5.655887126922607,0.7173166871070862,300.0,0.14994348132092
20161109.0,1.409999966621399,40.0,12.0,0.05999999865889549,0.1080000028014183,0.10999999940395355,0.2090281844139099,1.1893571615219116,275.8202819824219,0.7613121271133423,246.1534423828125,229.744140625,11.625357627868652,0.6953997611999512,300.0,0.158364285670576
20161110.0,1.409999966621399,40.0,12.0,0.05999999865889549,0.1080000028014183,0.10999999940395355,0.2090281844139099,1.1893571615219116,277.0947570800781,0.7566275596618652,244.4355010986328,223.30374145507812,6.108061790466309,0.5208413600921631,300.0,0.175252084620297
20161112.0,1.409999966621399,40.0,12.0,0.05999999865889549,0.1080000028014183,0.10999999940395355,0.2090281844139099,1.1893571615219116,275.7255554199219,0.7491946816444397,241.78619384765625,221.9666290283203,0.02486918866634369,0.469228595495224,300.0,0.185019998252392
20161113.0,1.409999966621399,40.0,12.0,0.05999999865889549,0.1080000028014183,0.10999999940395355,0.2090281844139099,1.1893571615219116,276.4366760253906,0.7453334331512451,242.0504913330078,220.49844360351562,2.403992176055908,0.4430413842201233,300.0,0.183581254134576
20161115.0,1.409999966621399,40.0,12.0,0.05999999865889549,0.1080000028014183,0.10999999940395355,0.2090281844139099,1.1893571615219116,281.21685791015625,0.7370302677154541,242.1077117919922,223.4253692626953,3.150320053100586,0.2600681185722351,300.0,0.18467916858693
20161117.0,1.409999966621399,40.0,12.0,0.05999999865889549,0.1080000028014183,0.10999999940395355,0.2090281844139099,1.1893571615219116,282.5085144042969,0.7392164468765259,239.96319580078125,219.57199096679688,7.617525100708008,1.966404676437378,300.0,0.207122918218374
20161118.0,1.409999966621399,40.0,12.0,0.05999999865889549,0.1080000028014183,0.10999999940395355,0.2090281844139099,1.1893571615219116,280.3432922363281,0.7463186979293823,241.21575927734375,216.82095336914062,8.569713592529297,2.0583953857421875,300.0,0.21264583338052
20161120.0,1.409999966621399,40.0,12.0,0.05999999865889549,0.1080000028014183,0.10999999940395355,0.2090281844139099,1.1893571615219116,281.8457946777344,0.7581030130386353,239.25540161132812,217.06288146972656,2.2466533184051514,1.4145913124084473,300.0,0.205872915995618
20161121.0,1.409999966621399,40.0,12.0,0.05999999865889549,0.1080000028014183,0.10999999940395355,0.2090281844139099,1.1893571615219116,283.8840026855469,0.764276385307312,242.774658203125,220.28680419921875,5.564669609069824,1.837774634361267,300.0,0.204287500741581
20161123.0,1.409999966621399,40.0,12.0,0.05999999865889549,0.1080000028014183,0.10999999940395355,0.2090281844139099,1.1893571615219116,282.095947265625,0.777441143989563,243.3106689453125,220.62197875976562,0.0046407300978899,0.20617103576660156,300.0,0.202635414277514
20161125.0,1.409999966621399,40.0,12.0,0.05999999865889549,0.1080000028014183,0.10999999940395355,0.2090281844139099,1.1893571615219116,278.0047607421875,0.7793816328048706,240.95004272460938,217.7885284423828,0.00043199994252063334,0.5555379986763,300.0,0.19895416436096
20161126.0,1.409999966621399,40.0,12.0,0.05999999865889549,0.1080000028014183,0.10999999940395355,0.2090281844139099,1.1893571615219116,277.18731689453125,0.7738925814628601,240.680419921875,220.329833984375,0.019527846947312355,0.2397277057170868,300.0,0.197361364283345
20161128.0,1.409999966621399,40.0,12.0,0.05999999865889549,0.1080000028014183,0.10999999940395355,0.2090281844139099,1.1893571615219116,273.1808776855469,0.7657219171524048,242.43472290039062,220.73866271972656,0.0017499385867267847,0.37990161776542664,300.0,0.194603701432546
20161201.0,1.409999966621399,40.0,12.0,0.05999999865889549,0.1080000028014183,0.10999999940395355,0.2090281844139099,1.1893571615219116,276.6654357910156,0.7512556910514832,243.67105102539062,221.74481201171875,0.33252447843551636,0.177375927567482,300.0,0.194599999873726
20161209.0,1.409999966621399,40.0,12.0,0.05999999865889549,0.1080000028014183,0.10999999940395355,0.2090281844139099,1.1893571615219116,280.9116516113281,0.8911699652671814,244.37771606445312,221.65728759765625,0.2657971680164337,0.32091599702835083,300.0,0.193489130748355
20161211.0,1.409999966621399,40.0,12.0,0.05999999865889549,0.1080000028014183,0.10999999940395355,0.2090281844139099,1.1893571615219116,280.5278015136719,0.8935753107070923,242.24021911621094,222.73809814453125,2.9587764739990234,0.9437235593795776,300.0,0.195529163815081
20161212.0,1.409999966621399,40.0,12.0,0.05999999865889549,0.1080000028014183,0.10999999940395355,0.2090281844139099,1.1893571615219116,279.1150817871094,0.8702549934387207,244.5423126220703,223.78695678710938,0.3135370910167694,0.2709352374076843,300.0,0.195577080982427
20161214.0,1.409999966621399,40.0,12.0,0.05999999865889549,0.1080000028014183,0.10999999940395355,0.2090281844139099,1.1893571615219116,280.38555908203125,0.8350045084953308,244.01942443847656,224.53262329101562,0.0932183638215065,0.149910569190979,300.0,0.198376921507028
20161215.0,1.409999966621399,40.0,12.0,0.05999999865889549,0.1080000028014183,0.10999999940395355,0.2090281844139099,1.1893571615219116,278.83306884765625,0.8170716762542725,244.01039123535156,222.1798858642578,0.001560238772071898,0.3165016770362854,300.0,0.202914583186309
20161217.0,1.409999966621399,40.0,12.0,0.05999999865889549,0.1080000028014183,0.10999999940395355,0.2090281844139099,1.1893571615219116,277.510009765625,0.7805707454681396,241.7064208984375,219.9786834716797,0.15155093371868134,0.17359010875225067,300.0,0.198979164473712
20161219.0,1.409999966621399,40.0,12.0,0.05999999865889549,0.1080000028014183,0.10999999940395355,0.2090281844139099,1.1893571615219116,277.59161376953125,0.7712069749832153,242.39906311035156,223.7377166748047,0.029171166941523552,0.33732736110687256,300.0,0.19838936087933
20161220.0,1.409999966621399,40.0,12.0,0.05999999865889549,0.1080000028014183,0.10999999940395355,0.2090281844139099,1.1893571615219116,273.80694580078125,0.7815101742744446,244.933349609375,225.8038330078125,0.0,0.22051621973514557,300.0,0.195908825187122
20161222.0,1.409999966621399,40.0,12.0,0.05999999865889549,0.1080000028014183,0.10999999940395355,0.2090281844139099,1.1893571615219116,278.4724426269531,0.7959405183792114,237.18405151367188,214.64285278320312,9.450621604919434,0.3480616509914398,300.0,0.225627083331347
20161223.0,1.409999966621399,40.0,12.0,0.05999999865889549,0.1080000028014183,0.10999999940395355,0.2090281844139099,1.1893571615219116,277.76171875,0.8036532998085022,240.66397094726562,217.982177734375,0.02862442471086979,0.43436452746391296,300.0,0.222562500586112
20161225.0,1.409999966621399,40.0,12.0,0.05999999865889549,0.1080000028014183,0.10999999940395355,0.2090281844139099,1.1893571615219116,281.3304443359375,0.8193047046661377,243.56906127929688,219.63916015625,0.7914149761199951,0.5576658844947815,300.0,0.216070832684636
20161227.0,1.409999966621399,40.0,12.0,0.05999999865889549,0.1080000028014183,0.10999999940395355,0.2090281844139099,1.1893571615219116,277.4554748535156,0.8345844745635986,239.10272216796875,214.94232177734375,0.058212634176015854,0.2026304006576538,300.0,0.214406665828493
20161228.0,1.409999966621399,40.0,12.0,0.05999999865889549,0.1080000028014183,0.10999999940395355,0.2090281844139099,1.1893571615219116,276.9372253417969,0.8419530391693115,241.12701416015625,217.8266143798828,0.06963012367486954,0.19534049928188324,300.0,0.216269444674253
20170104.0,1.409999966621399,40.0,12.0,0.05999999865889549,0.1080000028014183,0.10999999940395355,0.2090281844139099,1.1893571615219116,276.30426025390625,0.4676457345485687,235.45233154296875,212.75726318359375,3.9763967990875244,1.0961476564407349,300.0,0.250766669296556
20170110.0,1.409999966621399,40.0,12.0,0.05999999865889549,0.1080000028014183,0.10999999940395355,0.2090281844139099,1.1893571615219116,276.79052734375,0.5305197238922119,236.0511474609375,215.1886444091797,6.089738368988037,0.44674235582351685,300.0,0.283325000355641
20170112.0,1.409999966621399,40.0,12.0,0.05999999865889549,0.1080000028014183,0.10999999940395355,0.2090281844139099,1.1893571615219116,276.9858093261719,0.523822009563446,236.06112670898438,212.61106872558594,12.852746963500977,0.7170911431312561,300.0,0.301668752605716
20170113.0,1.409999966621399,40.0,12.0,0.05999999865889549,0.1080000028014183,0.10999999940395355,0.2090281844139099,1.1893571615219116,274.7643737792969,0.5210021734237671,235.31222534179688,214.25946044921875,12.44855785369873,1.1096946001052856,300.0,0.319089582189918
20170115.0,1.409999966621399,40.0,12.0,0.05999999865889549,0.1080000028014183,0.10999999940395355,0.2090281844139099,1.1893571615219116,271.9905700683594,0.5159796476364136,236.1429443359375,212.86476135253906,1.394200325012207,0.0962183028459549,300.0,0.319289999206861
20170116.0,1.409999966621399,40.0,12.0,0.05999999865889549,0.1080000028014183,0.10999999940395355,0.2090281844139099,1.1893571615219116,269.1714172363281,0.5117719769477844,236.1260986328125,213.94866943359375,1.0643762350082397,0.19593608379364014,300.0,0.311169562132462
20170203.0,1.409999966621399,40.0,12.0,0.05999999865889549,0.1080000028014183,0.10999999940395355,0.2090281844139099,1.1893571615219116,280.4023132324219,0.5889937281608582,240.13079833984375,215.78602600097656,2.4360194206237793,0.700773298740387,300.0,0.268308335294326
20170205.0,1.409999966621399,40.0,12.0,0.05999999865889549,0.1080000028014183,0.10999999940395355,0.2090281844139099,1.1893571615219116,278.0851135253906,0.5895716547966003,235.37796020507812,211.03521728515625,0.46627914905548096,0.6116775870323181,300.0,0.290224997947613
20170206.0,1.409999966621399,40.0,12.0,0.05999999865889549,0.1080000028014183,0.10999999940395355,0.2090281844139099,1.1893571615219116,275.69696044921875,0.5898257493972778,233.50584411621094,208.99777221679688,0.006221578922122717,0.30008843541145325,300.0,0.282869563154552
20170208.0,1.409999966621399,40.0,12.0,0.05999999865889549,0.1080000028014183,0.10999999940395355,0.2090281844139099,1.1893571615219116,276.6517639160156,0.5899274349212646,237.898193359375,217.72056579589844,1.4030845165252686,0.7416813373565674,300.0,0.286416672170162
20170209.0,1.409999966621399,40.0,12.0,0.05999999865889549,0.1080000028014183,0.10999999940395355,0.2090281844139099,1.1893571615219116,273.9869079589844,0.5915591716766357,239.0211181640625,213.43856811523438,0.0032147737219929695,0.47368577122688293,300.0,0.281688237891478
20170211.0,1.409999966621399,40.0,12.0,0.05999999865889549,0.1080000028014183,0.10999999940395355,0.2090281844139099,1.1893571615219116,274.5704040527344,0.5799869894981384,244.07981872558594,226.72247314453125,6.636457920074463,0.5737850069999695,300.0,0.277827781107691
20170213.0,1.409999966621399,40.0,12.0,0.05999999865889549,0.1080000028014183,0.10999999940395355,0.2090281844139099,1.1893571615219116,276.1452331542969,0.5557450652122498,234.98292541503906,211.4708709716797,0.0021431297063827515,0.7940822243690491,300.0,0.287229164193074
20170214.0,1.409999966621399,40.0,12.0,0.05999999865889549,0.1080000028014183,0.10999999940395355,0.2090281844139099,1.1893571615219116,277.0332946777344,0.5441676378250122,242.9061279296875,219.9812469482422,0.00043511379044502974,0.7802601456642151,300.0,0.282120832552512
20170216.0,1.409999966621399,40.0,12.0,0.05999999865889549,0.1080000028014183,0.10999999940395355,0.2090281844139099,1.1893571615219116,280.21038818359375,0.5217978358268738,241.33779907226562,217.56777954101562,0.38254833221435547,0.44425642490386963,300.0,0.275404166430235
20170217.0,1.409999966621399,40.0,12.0,0.05999999865889549,0.1080000028014183,0.10999999940395355,0.2090281844139099,1.1893571615219116,279.0257263183594,0.5093396902084351,243.0682830810547,219.72125244140625,2.459986686706543,0.6329347491264343,300.0,0.275016666700443
20170219.0,1.409999966621399,40.0,12.0,0.05999999865889549,0.1080000028014183,0.10999999940395355,0.2090281844139099,1.1893571615219116,278.1331787109375,0.4979369342327118,240.65292358398438,216.77218627929688,1.0273734331130981,0.6352474689483643,300.0,0.270886958941169
20170221.0,1.409999966621399,40.0,12.0,0.05999999865889549,0.1080000028014183,0.10999999940395355,0.2090281844139099,1.1893571615219116,282.60504150390625,0.4981638491153717,242.68524169921875,218.61810302734375,3.03078293800354,0.9160011410713196,300.0,0.297604163487752
20170222.0,1.409999966621399,40.0,12.0,0.05999999865889549,0.1080000028014183,0.10999999940395355,0.2090281844139099,1.1893571615219116,282.1170349121094,0.4979262053966522,245.87847900390625,222.08140563964844,9.879127502441406,1.2320092916488647,300.0,0.305166666706403
20170224.0,1.409999966621399,40.0,12.0,0.05999999865889549,0.1080000028014183,0.10999999940395355,0.2090281844139099,1.1893571615219116,277.4901123046875,0.4973878562450409,236.2830810546875,213.08544921875,2.0949108600616455,1.4353996515274048,300.0,0.313709091056477
20170225.0,1.409999966621399,40.0,12.0,0.05999999865889549,0.1080000028014183,0.10999999940395355,0.2090281844139099,1.1893571615219116,277.85955810546875,0.4969033896923065,237.10421752929688,212.32437133789062,0.003104581031948328,0.9648302793502808,300.0,0.298464713727727
20170227.0,1.409999966621399,40.0,12.0,0.05999999865889549,0.1080000028014183,0.10999999940395355,0.2090281844139099,1.1893571615219116,282.49652099609375,0.4979613125324249,238.49200439453125,214.63787841796875,5.28670072555542,1.8449422121047974,300.0,0.288449998944998
20170304.0,1.409999966621399,40.0,12.0,0.05999999865889549,0.1080000028014183,0.10999999940395355,0.2090281844139099,1.1893571615219116,283.14215087890625,0.5048834085464478,236.54653930664062,211.04957580566406,4.549431800842285,1.3953514099121094,300.0,0.304329165567954
20170305.0,1.409999966621399,40.0,12.0,0.05999999865889549,0.1080000028014183,0.10999999940395355,0.2090281844139099,1.1893571615219116,279.9087219238281,0.5062615871429443,235.251220703125,208.88519287109375,6.3807854652404785,1.9076865911483765,300.0,0.32229166974624
20170307.0,1.409999966621399,40.0,12.0,0.05999999865889549,0.1080000028014183,0.10999999940395355,0.2090281844139099,1.1893571615219116,278.77288818359375,0.508857786655426,236.53817749023438,211.736328125,2.4807074069976807,1.1712037324905396,300.0,0.308529168367386
20170309.0,1.409999966621399,40.0,12.0,0.05999999865889549,0.1080000028014183,0.10999999940395355,0.2090281844139099,1.1893571615219116,282.07318115234375,0.5113149881362915,234.3167724609375,208.65176391601562,3.7146286964416504,0.964862585067749,300.0,0.321191667268674
20170310.0,1.409999966621399,40.0,12.0,0.05999999865889549,0.1080000028014183,0.10999999940395355,0.2090281844139099,1.1893571615219116,279.65789794921875,0.5125498175621033,235.64198303222656,207.56344604492188,0.0017120924312621355,1.0799603462219238,300.0,0.308791667222977
20170312.0,1.409999966621399,40.0,12.0,0.05999999865889549,0.1080000028014183,0.10999999940395355,0.2090281844139099,1.1893571615219116,281.4327697753906,0.5146744847297668,235.29116821289062,209.61676025390625,0.00043511379044502974,1.7405816316604614,300.0,0.294770833104849
20170315.0,1.409999966621399,40.0,12.0,0.05999999865889549,0.1080000028014183,0.10999999940395355,0.2090281844139099,1.1893571615219116,283.5792541503906,0.5089042782783508,238.75311279296875,216.70213317871094,0.06815426796674728,1.1788908243179321,300.0,0.280895832926035
20170317.0,1.409999966621399,40.0,12.0,0.05999999865889549,0.1080000028014183,0.10999999940395355,0.2090281844139099,1.1893571615219116,281.6855773925781,0.48936477303504944,242.5382080078125,218.60906982421875,1.9331214427947998,1.2395870685577393,300.0,0.273766661683718
20170318.0,1.409999966621399,40.0,12.0,0.05999999865889549,0.1080000028014183,0.10999999940395355,0.2090281844139099,1.1893571615219116,281.6710510253906,0.4800518751144409,240.2981719970703,216.6400146484375,15.07284164428711,1.1514407396316528,300.0,0.295941665768623
20170320.0,1.409999966621399,40.0,12.0,0.05999999865889549,0.1080000028014183,0.10999999940395355,0.2090281844139099,1.1893571615219116,283.79815673828125,0.46169599890708923,239.1635284423828,215.62786865234375,0.3226507902145386,0.9678536653518677,300.0,0.312041668842236
20170321.0,1.409999966621399,40.0,12.0,0.05999999865889549,0.1080000028014183,0.10999999940395355,0.2090281844139099,1.1893571615219116,281.486572265625,0.45285844802856445,241.37075805664062,217.08914184570312,2.9036498069763184,1.9806705713272095,300.0,0.30819999674956
20170323.0,1.409999966621399,40.0,12.0,0.05999999865889549,0.1080000028014183,0.10999999940395355,0.2090281844139099,1.1893571615219116,281.55181884765625,0.4332372546195984,239.3363037109375,215.05328369140625,0.0,1.6167962551116943,300.0,0.296787499139706
20170325.0,1.409999966621399,40.0,12.0,0.05999999865889549,0.1080000028014183,0.10999999940395355,0.2090281844139099,1.1893571615219116,281.76739501953125,0.4121141731739044,242.34310913085938,217.61900329589844,0.0016963757807388902,2.1336328983306885,300.0,0.284054161359866
20170326.0,1.409999966621399,40.0,12.0,0.05999999865889549,0.1080000028014183,0.10999999940395355,0.2090281844139099,1.1893571615219116,282.1599426269531,0.4017637073993683,242.44195556640625,220.8920440673828,0.0030143256299197674,1.788894772529602,300.0,0.277912497520447
20170328.0,1.409999966621399,40.0,12.0,0.05999999865889549,0.1080000028014183,0.10999999940395355,0.2090281844139099,1.1893571615219116,285.305419921875,0.3816564083099365,246.69430541992188,227.1427001953125,0.006636667065322399,2.29130220413208,300.0,0.266675002872944
20170329.0,1.409999966621399,40.0,12.0,0.05999999865889549,0.1080000028014183,0.10999999940395355,0.2090281844139099,1.1893571615219116,285.0707092285156,0.37069380283355713,253.41943359375,229.05685424804688,0.10008002817630768,1.3200546503067017,300.0,0.261699998130401
20170331.0,1.409999966621399,40.0,12.0,0.05999999865889549,0.1080000028014183,0.10999999940395355,0.2090281844139099,1.1893571615219116,288.5396728515625,0.3589204251766205,254.69125366210938,235.38558959960938,0.29133960604667664,2.5851218700408936,300.0,0.251850000272195
20170402.0,1.409999966621399,40.0,12.0,0.05999999865889549,0.1080000028014183,0.10999999940395355,0.2090281844139099,1.1893571615219116,285.24853515625,0.3558405339717865,250.65155029296875,234.30307006835938,0.13781635463237762,1.934197187423706,300.0,0.252683330327272
20170403.0,1.409999966621399,40.0,12.0,0.05999999865889549,0.1080000028014183,0.10999999940395355,0.2090281844139099,1.1893571615219116,283.6722717285156,0.3540444076061249,255.5291748046875,237.2249755859375,0.011095834895968437,1.6231085062026978,300.0,0.249662501116594
20170405.0,1.409999966621399,40.0,12.0,0.05999999865889549,0.1080000028014183,0.10999999940395355,0.2090281844139099,1.1893571615219116,282.2960510253906,0.350541353225708,256.6080017089844,237.348876953125,0.009916532784700394,1.2794013023376465,300.0,0.243929163863262
20170406.0,1.409999966621399,40.0,12.0,0.05999999865889549,0.1080000028014183,0.10999999940395355,0.2090281844139099,1.1893571615219116,281.2510986328125,0.348135381937027,253.8119659423828,236.94256591796875,0.5249326229095459,1.303406834602356,300.0,0.241345833366116
20170408.0,1.409999966621399,40.0,12.0,0.05999999865889549,0.1080000028014183,0.10999999940395355,0.2090281844139099,1.1893571615219116,284.36395263671875,0.34953367710113525,258.93280029296875,240.18621826171875,0.09595466405153275,1.4594520330429077,300.0,0.235516665503383
20170410.0,1.409999966621399,40.0,12.0,0.05999999865889549,0.1080000028014183,0.10999999940395355,0.2090281844139099,1.1893571615219116,284.30242919921875,0.3564004898071289,257.92950439453125,241.40277099609375,0.0496203787624836,1.645111322402954,300.0,0.227516666675607
20170411.0,1.409999966621399,40.0,12.0,0.05999999865889549,0.1080000028014183,0.10999999940395355,0.2090281844139099,1.1893571615219116,283.22894287109375,0.3596859574317932,258.11260986328125,242.95716857910156,0.07428757846355438,1.8083404302597046,300.0,0.224220834051569
20170413.0,1.409999966621399,40.0,12.0,0.05999999865889549,0.1080000028014183,0.10999999940395355,0.2090281844139099,1.1893571615219116,283.02734375,0.3656732738018036,260.18377685546875,246.16754150390625,1.4548625946044922,2.0950183868408203,300.0,0.216274999082088
20170414.0,1.409999966621399,40.0,12.0,0.05999999865889549,0.1080000028014183,0.10999999940395355,0.2090281844139099,1.1893571615219116,281.5052490234375,0.37093737721443176,259.7706298828125,243.32623291015625,0.3942229151725769,1.1734915971755981,300.0,0.213670828690132
20170416.0,1.409999966621399,40.0,12.0,0.05999999865889549,0.1080000028014183,0.10999999940395355,0.2090281844139099,1.1893571615219116,281.3103332519531,0.360294908285141,258.06719970703125,240.70816040039062,1.7794240713119507,1.8430622816085815,300.0,0.211266666650772
20170418.0,1.409999966621399,40.0,12.0,0.05999999865889549,0.1080000028014183,0.10999999940395355,0.2090281844139099,1.1893571615219116,279.7477111816406,0.33173635601997375,249.71078491210938,228.78594970703125,1.9159811735153198,2.1571695804595947,300.0,0.248139999806881
20170419.0,1.409999966621399,40.0,12.0,0.05999999865889549,0.1080000028014183,0.10999999940395355,0.2090281844139099,1.1893571615219116,277.79913330078125,0.31832224130630493,254.253173828125,234.10818481445312,0.0011083069257438183,2.016796112060547,300.0,0.243436362933029
20170421.0,1.409999966621399,40.0,12.0,0.05999999865889549,0.1080000028014183,0.10999999940395355,0.2090281844139099,1.1893571615219116,281.3642883300781,0.2927711308002472,254.95932006835938,237.69137573242188,0.2717348635196686,1.3970292806625366,300.0,0.233309092169458
20170422.0,1.409999966621399,40.0,12.0,0.05999999865889549,0.1080000028014183,0.10999999940395355,0.2090281844139099,1.1893571615219116,281.9356994628906,0.27835485339164734,255.65774536132812,237.43142700195312,2.000169038772583,2.272751808166504,300.0,0.230491667985916
20170424.0,1.409999966621399,40.0,12.0,0.05999999865889549,0.1080000028014183,0.10999999940395355,0.2090281844139099,1.1893571615219116,281.4608154296875,0.2680106461048126,256.4517822265625,238.48573303222656,0.43392255902290344,2.0816497802734375,300.0,0.222914998233318
20170426.0,1.409999966621399,40.0,12.0,0.05999999865889549,0.1080000028014183,0.10999999940395355,0.2090281844139099,1.1893571615219116,280.1466979980469,0.2734522819519043,255.3421630859375,239.74586486816406,1.9811724424362183,2.247030735015869,300.0,0.220605883528205
20170427.0,1.409999966621399,40.0,12.0,0.05999999865889549,0.1080000028014183,0.10999999940395355,0.2090281844139099,1.1893571615219116,279.9618225097656,0.27570655941963196,257.80133056640625,241.23025512695312,1.4788217544555664,2.609741449356079,300.0,0.217660000920296
20170429.0,1.409999966621399,40.0,12.0,0.05999999865889549,0.1080000028014183,0.10999999940395355,0.2090281844139099,1.1893571615219116,281.9410705566406,0.27983489632606506,258.3196716308594,240.16458129882812,0.036288071423769,2.0891470909118652,300.0,0.211134998500347
20170430.0,1.409999966621399,40.0,12.0,0.05999999865889549,0.1080000028014183,0.10999999940395355,0.2090281844139099,1.1893571615219116,284.6503601074219,0.2828650176525116,258.755126953125,244.58047485351562,0.0,3.4322190284729004,300.0,0.205774997671445
20170502.0,1.409999966621399,40.0,12.0,0.05999999865889549,0.1080000028014183,0.10999999940395355,0.2090281844139099,1.1893571615219116,282.2691955566406,0.27992314100265503,258.8605041503906,242.11444091796875,7.819907188415527,1.8277812004089355,300.0,0.204720832407475
20170504.0,1.409999966621399,40.0,12.0,0.05999999865889549,0.1080000028014183,0.10999999940395355,0.2090281844139099,1.1893571615219116,284.47918701171875,0.2691892683506012,250.23419189453125,227.69918823242188,2.1031363010406494,1.992937684059143,300.0,0.277870836357276
20170505.0,1.409999966621399,40.0,12.0,0.05999999865889549,0.1080000028014183,0.10999999940395355,0.2090281844139099,1.1893571615219116,283.3972473144531,0.26411160826683044,253.07711791992188,233.7384796142578,0.2976192235946655,1.1423890590667725,300.0,0.270924999068181
20170507.0,1.409999966621399,40.0,12.0,0.05999999865889549,0.1080000028014183,0.10999999940395355,0.2090281844139099,1.1893571615219116,286.11383056640625,0.25412213802337646,258.235107421875,240.03514099121094,0.5677603483200073,1.497433066368103,300.0,0.252870834122101
20170508.0,1.409999966621399,40.0,12.0,0.05999999865889549,0.1080000028014183,0.10999999940395355,0.2090281844139099,1.1893571615219116,283.0359191894531,0.24922752380371094,259.2560729980469,239.83425903320312,0.18852944672107697,1.4335551261901855,300.0,0.247333333517114
20170510.0,1.409999966621399,40.0,12.0,0.05999999865889549,0.1080000028014183,0.10999999940395355,0.2090281844139099,1.1893571615219116,284.54327392578125,0.23907126486301422,258.84197998046875,242.89608764648438,0.000858306884765625,3.0456295013427734,300.0,0.231237497801582
20170512.0,1.409999966621399,40.0,12.0,0.05999999865889549,0.1080000028014183,0.10999999940395355,0.2090281844139099,1.1893571615219116,289.9968566894531,0.22865721583366394,257.29058837890625,235.60765075683594,2.796964168548584,3.355459451675415,300.0,0.220983333264788
20170513.0,1.409999966621399,40.0,12.0,0.05999999865889549,0.1080000028014183,0.10999999940395355,0.2090281844139099,1.1893571615219116,289.7307434082031,0.2235206812620163,255.91932678222656,236.25787353515625,0.21754366159439087,3.206423759460449,300.0,0.218175000821551
20170515.0,1.409999966621399,40.0,12.0,0.05999999865889549,0.1080000028014183,0.10999999940395355,0.2090281844139099,1.1893571615219116,289.15423583984375,0.21345779299736023,262.0398254394531,244.30404663085938,0.0,3.809046983718872,300.0,0.205049999058247
20170516.0,1.409999966621399,40.0,12.0,0.05999999865889549,0.1080000028014183,0.10999999940395355,0.2090281844139099,1.1893571615219116,292.8299255371094,0.20812523365020752,266.9641418457031,250.09893798828125,0.000852346362080425,2.9899635314941406,300.0,0.196520833919446
20170518.0,1.409999966621399,40.0,12.0,0.05999999865889549,0.1080000028014183,0.10999999940395355,0.2090281844139099,1.1893571615219116,290.2078857421875,0.20091350376605988,272.14556884765625,253.78244018554688,10.72873592376709,2.093961000442505,300.0,0.180883332776527
20170520.0,1.409999966621399,40.0,12.0,0.05999999865889549,0.1080000028014183,0.10999999940395355,0.2090281844139099,1.1893571615219116,286.68353271484375,0.19667477905750275,255.88746643066406,235.59027099609375,0.4936206042766571,3.282731533050537,300.0,0.170264583391448
20170521.0,1.409999966621399,40.0,12.0,0.05999999865889549,0.1080000028014183,0.10999999940395355,0.2090281844139099,1.1893571615219116,287.5331726074219,0.19447869062423706,263.312255859375,243.91082763671875,0.0003998737665824592,2.718007802963257,300.0,0.165647918979327
20170523.0,1.409999966621399,40.0,12.0,0.05999999865889549,0.1080000028014183,0.10999999940395355,0.2090281844139099,1.1893571615219116,291.5467529296875,0.18981236219406128,270.10992431640625,251.07400512695312,0.00670594023540616,3.8541793823242188,300.0,0.154160417150706
20170524.0,1.409999966621399,40.0,12.0,0.05999999865889549,0.1080000028014183,0.10999999940395355,0.2090281844139099,1.1893571615219116,290.46624755859375,0.18856209516525269,267.46282958984375,252.72232055664062,0.8894723653793335,2.9114859104156494,300.0,0.149647915891061
20170526.0,1.409999966621399,40.0,12.0,0.05999999865889549,0.1080000028014183,0.10999999940395355,0.2090281844139099,1.1893571615219116,293.04620361328125,0.1761205941438675,270.5162353515625,254.79708862304688,0.0,4.143500328063965,300.0,0.133983333439877
20170528.0,1.409999966621399,40.0,12.0,0.05999999865889549,0.1080000028014183,0.10999999940395355,0.2090281844139099,1.1893571615219116,295.1731262207031,0.15554501116275787,269.65936279296875,255.03656005859375,5.562984943389893,3.21701979637146,300.0,0.118008333723992
20170529.0,1.409999966621399,40.0,12.0,0.05999999865889549,0.1080000028014183,0.10999999940395355,0.2090281844139099,1.1893571615219116,298.0163269042969,0.1457882523536682,274.1900939941406,255.6971435546875,0.1560409516096115,4.396913528442383,300.0,0.111949999971936
20170531.0,1.409999966621399,40.0,12.0,0.05999999865889549,0.1080000028014183,0.10999999940395355,0.2090281844139099,1.1893571615219116,292.1726989746094,0.1274421364068985,271.8505859375,257.00701904296875,0.6372151374816895,3.305471420288086,300.0,0.0970770829978089
20170601.0,1.409999966621399,40.0,12.0,0.05999999865889549,0.1080000028014183,0.10999999940395355,0.2090281844139099,1.1893571615219116,293.19342041015625,0.11636590957641602,271.66705322265625,260.33062744140625,0.03817009553313255,3.5465378761291504,300.0,0.092477083671838
20170603.0,1.409999966621399,40.0,12.0,0.05999999865889549,0.1080000028014183,0.10999999940395355,0.2090281844139099,1.1893571615219116,294.1988525390625,0.11470285803079605,274.85467529296875,260.12158203125,6.423205375671387,3.441602945327759,300.0,0.0823291668202728
20170605.0,1.409999966621399,40.0,12.0,0.05999999865889549,0.1080000028014183,0.10999999940395355,0.2090281844139099,1.1893571615219116,290.16802978515625,0.1309773325920105,268.0699157714844,249.28675842285156,0.08136134594678879,3.670344591140747,300.0,0.0813750003774961
20170606.0,1.409999966621399,40.0,12.0,0.05999999865889549,0.1080000028014183,0.10999999940395355,0.2090281844139099,1.1893571615219116,288.19384765625,0.1387605518102646,268.28594970703125,249.48931884765625,4.624200820922852,3.8533337116241455,300.0,0.078566666925326
20170608.0,1.409999966621399,40.0,12.0,0.05999999865889549,0.1080000028014183,0.10999999940395355,0.2090281844139099,1.1893571615219116,291.63623046875,0.15412457287311554,267.6004638671875,253.0183868408203,0.0008861991809681058,3.2807204723358154,300.0,0.0881976185455209
20170609.0,1.409999966621399,40.0,12.0,0.05999999865889549,0.1080000028014183,0.10999999940395355,0.2090281844139099,1.1893571615219116,289.840576171875,0.1634923368692398,273.7408447265625,256.5553283691406,15.281091690063477,3.2303247451782227,300.0,0.0868666664076348
20170611.0,1.409999966621399,40.0,12.0,0.05999999865889549,0.1080000028014183,0.10999999940395355,0.2090281844139099,1.1893571615219116,295.1322937011719,0.168118417263031,271.568603515625,254.94140625,1.4254411458969116,4.182943820953369,300.0,0.0814590911296281
20170613.0,1.409999966621399,40.0,12.0,0.05999999865889549,0.1080000028014183,0.10999999940395355,0.2090281844139099,1.1893571615219116,290.7593688964844,0.16019852459430695,272.03680419921875,256.7327880859375,0.38229289650917053,2.63846755027771,300.0,0.0780088890757826
20170614.0,1.409999966621399,40.0,12.0,0.05999999865889549,0.1080000028014183,0.10999999940395355,0.2090281844139099,1.1893571615219116,292.6701354980469,0.15665556490421295,270.2215576171875,258.50579833984375,0.00043511379044502974,4.0843353271484375,300.0,0.0766250001774593
20170616.0,1.409999966621399,40.0,12.0,0.05999999865889549,0.1080000028014183,0.10999999940395355,0.2090281844139099,1.1893571615219116,290.9877014160156,0.15015403926372528,271.0481262207031,257.0168762207031,0.48173102736473083,3.0926525592803955,300.0,0.0805125002128382
20170617.0,1.409999966621399,40.0,12.0,0.05999999865889549,0.1080000028014183,0.10999999940395355,0.2090281844139099,1.1893571615219116,290.9767761230469,0.14537523686885834,270.37091064453125,257.5760803222656,0.19564339518547058,1.5730113983154297,300.0,0.0748854169311623
20170619.0,1.409999966621399,40.0,12.0,0.05999999865889549,0.1080000028014183,0.10999999940395355,0.2090281844139099,1.1893571615219116,297.03045654296875,0.15052270889282227,273.7992858886719,261.5518798828125,0.0017138594994321465,4.48546838760376,300.0,0.0643571432945984
20170621.0,1.409999966621399,40.0,12.0,0.05999999865889549,0.1080000028014183,0.10999999940395355,0.2090281844139099,1.1893571615219116,298.16033935546875,0.16895294189453125,277.05291748046875,267.3183898925781,0.0008523463038727641,4.251678943634033,300.0,0.0549566668768724
20170622.0,1.409999966621399,40.0,12.0,0.05999999865889549,0.1080000028014183,0.10999999940395355,0.2090281844139099,1.1893571615219116,299.1884765625,0.1779874712228775,279.6090087890625,266.23974609375,6.962301731109619,4.338486194610596,300.0,0.0535666667080174
20170624.0,1.409999966621399,40.0,12.0,0.05999999865889549,0.1080000028014183,0.10999999940395355,0.2090281844139099,1.1893571615219116,291.3973693847656,0.19603607058525085,275.76416015625,264.71270751953125,0.25085577368736267,1.6555850505828857,300.0,0.0498020835996916
20170625.0,1.409999966621399,40.0,12.0,0.05999999865889549,0.1080000028014183,0.10999999940395355,0.2090281844139099,1.1893571615219116,292.6304626464844,0.2064966857433319,271.58056640625,259.4456787109375,0.9384758472442627,2.3768470287323,300.0,0.0494541663210839
20170627.0,1.409999966621399,40.0,12.0,0.05999999865889549,0.1080000028014183,0.10999999940395355,0.2090281844139099,1.1893571615219116,290.79229736328125,0.21603862941265106,275.0570068359375,262.66717529296875,10.486031532287598,1.7965214252471924,300.0,0.0479312499519438
20170629.0,1.409999966621399,40.0,12.0,0.05999999865889549,0.1080000028014183,0.10999999940395355,0.2090281844139099,1.1893571615219116,290.9122619628906,0.21531924605369568,269.53839111328125,253.81393432617188,3.8330910205841064,2.6224844455718994,300.0,0.0477791664501031
20170630.0,1.409999966621399,40.0,12.0,0.05999999865889549,0.1080000028014183,0.10999999940395355,0.2090281844139099,1.1893571615219116,290.84405517578125,0.21527282893657684,271.38916015625,254.96697998046875,0.9931660890579224,2.9562361240386963,300.0,0.0474395831115544
20170702.0,1.409999966621399,40.0,12.0,0.05999999865889549,0.1080000028014183,0.10999999940395355,0.2090281844139099,1.1893571615219116,288.6632385253906,0.2150837928056717,263.5068359375,247.75344848632812,1.8541463613510132,1.7686762809753418,300.0,0.0500624998627851
20170703.0,1.409999966621399,40.0,12.0,0.05999999865889549,0.1080000028014183,0.10999999940395355,0.2090281844139099,1.1893571615219116,290.603271484375,0.21579059958457947,263.72216796875,246.6556854248047,3.494757038424723e-06,3.7950961589813232,300.0,0.050317778189977
20170705.0,1.409999966621399,40.0,12.0,0.05999999865889549,0.1080000028014183,0.10999999940395355,0.2090281844139099,1.1893571615219116,294.635986328125,0.2096882164478302,271.60052490234375,255.46975708007812,0.004912467673420906,3.7268097400665283,300.0,0.0503058831262238
20170707.0,1.409999966621399,40.0,12.0,0.05999999865889549,0.1080000028014183,0.10999999940395355,0.2090281844139099,1.1893571615219116,296.4192810058594,0.19718852639198303,271.6244812011719,257.1812744140625,5.089576244354248,4.647656440734863,300.0,0.0514229161199182
20170708.0,1.409999966621399,40.0,12.0,0.05999999865889549,0.1080000028014183,0.10999999940395355,0.2090281844139099,1.1893571615219116,294.8368835449219,0.191223606467247,272.71759033203125,257.94464111328125,0.19013598561286926,3.466712713241577,300.0,0.0501416668606301
20170710.0,1.409999966621399,40.0,12.0,0.05999999865889549,0.1080000028014183,0.10999999940395355,0.2090281844139099,1.1893571615219116,294.1426696777344,0.17969435453414917,273.76495361328125,261.7781066894531,9.143546104431152,3.7314631938934326,300.0,0.0474875000460694
20170711.0,1.409999966621399,40.0,12.0,0.05999999865889549,0.1080000028014183,0.10999999940395355,0.2090281844139099,1.1893571615219116,292.2091369628906,0.17336003482341766,275.1287841796875,260.58990478515625,3.837780714035034,3.594738721847534,300.0,0.0464770836600413
20170713.0,1.409999966621399,40.0,12.0,0.05999999865889549,0.1080000028014183,0.10999999940395355,0.2090281844139099,1.1893571615219116,290.19873046875,0.16693565249443054,260.8564147949219,240.03208923339844,0.03018328547477722,3.0492331981658936,300.0,0.0775038468149992
20170715.0,1.409999966621399,40.0,12.0,0.05999999865889549,0.1080000028014183,0.10999999940395355,0.2090281844139099,1.1893571615219116,290.1821594238281,0.16586637496948242,262.0003356933594,245.7398681640625,0.4753180146217346,2.845170259475708,300.0,0.0730958338826895
20170716.0,1.409999966621399,40.0,12.0,0.05999999865889549,0.1080000028014183,0.10999999940395355,0.2090281844139099,1.1893571615219116,292.228271484375,0.16517171263694763,265.4366455078125,247.05386352539062,1.919071912765503,2.312357187271118,300.0,0.0716312505925695
20170718.0,1.409999966621399,40.0,12.0,0.05999999865889549,0.1080000028014183,0.10999999940395355,0.2090281844139099,1.1893571615219116,294.3818664550781,0.16372622549533844,265.1099853515625,247.2808380126953,0.0021338455844670534,4.32238245010376,300.0,0.0708790703914886
20170719.0,1.409999966621399,40.0,12.0,0.05999999865889549,0.1080000028014183,0.10999999940395355,0.2090281844139099,1.1893571615219116,297.408447265625,0.16302599012851715,269.821533203125,253.09170532226562,4.521591663360596,4.209625720977783,300.0,0.069383332816263
20170721.0,1.409999966621399,40.0,12.0,0.05999999865889549,0.1080000028014183,0.10999999940395355,0.2090281844139099,1.1893571615219116,293.55340576171875,0.16142983734607697,263.51971435546875,245.919677734375,0.0026947155129164457,4.285126686096191,300.0,0.0640104168560356
20170723.0,1.409999966621399,40.0,12.0,0.05999999865889549,0.1080000028014183,0.10999999940395355,0.2090281844139099,1.1893571615219116,291.1850891113281,0.15966510772705078,259.47503662109375,243.19752502441406,4.5148539543151855,3.790452718734741,300.0,0.0748553193630056
20170724.0,1.409999966621399,40.0,12.0,0.05999999865889549,0.1080000028014183,0.10999999940395355,0.2090281844139099,1.1893571615219116,289.9947204589844,0.15879008173942566,259.67218017578125,243.24774169921875,8.024274826049805,3.413442373275757,300.0,0.0838155556056235
20170726.0,1.409999966621399,40.0,12.0,0.05999999865889549,0.1080000028014183,0.10999999940395355,0.2090281844139099,1.1893571615219116,291.2705383300781,0.1571309119462967,259.05548095703125,241.59774780273438,1.8668936491012573,3.1626033782958984,300.0,0.111050001492626
20170727.0,1.409999966621399,40.0,12.0,0.05999999865889549,0.1080000028014183,0.10999999940395355,0.2090281844139099,1.1893571615219116,292.2327575683594,0.1559641808271408,260.72900390625,245.29074096679688,0.6624699831008911,3.363962411880493,300.0,0.12305161549199
20170729.0,1.409999966621399,40.0,12.0,0.05999999865889549,0.1080000028014183,0.10999999940395355,0.2090281844139099,1.1893571615219116,293.7823181152344,0.15682287514209747,263.3981018066406,246.14425659179688,0.3403814136981964,3.1899054050445557,300.0,0.117919511729624
20170731.0,1.409999966621399,40.0,12.0,0.05999999865889549,0.1080000028014183,0.10999999940395355,0.2090281844139099,1.1893571615219116,293.24713134765625,0.16049249470233917,266.31048583984375,251.66439819335938,0.21290884912014008,3.6280622482299805,300.0,0.107137499998013
20170801.0,1.409999966621399,40.0,12.0,0.05999999865889549,0.1080000028014183,0.10999999940395355,0.2090281844139099,1.1893571615219116,292.38153076171875,0.16225074231624603,269.8134765625,254.30409240722656,3.775031089782715,2.2965569496154785,300.0,0.102297916232298
20170803.0,1.409999966621399,40.0,12.0,0.05999999865889549,0.1080000028014183,0.10999999940395355,0.2090281844139099,1.1893571615219116,293.9492492675781,0.16561126708984375,265.88153076171875,250.0305633544922,0.9808639883995056,3.5923984050750732,300.0,0.101613635535945
20170804.0,1.409999966621399,40.0,12.0,0.05999999865889549,0.1080000028014183,0.10999999940395355,0.2090281844139099,1.1893571615219116,292.4375915527344,0.16787782311439514,267.35931396484375,248.2948760986328,0.5244578719139099,3.1460392475128174,300.0,0.100797058685738
20170816.0,1.409999966621399,40.0,12.0,0.05999999865889549,0.1080000028014183,0.10999999940395355,0.2090281844139099,1.1893571615219116,293.58233642578125,0.1584666222333908,265.3458251953125,249.96168518066406,0.47520679235458374,2.655264377593994,300.0,0.150320833548903
20170817.0,1.409999966621399,40.0,12.0,0.05999999865889549,0.1080000028014183,0.10999999940395355,0.2090281844139099,1.1893571615219116,291.42584228515625,0.16195334494113922,267.79833984375,251.89984130859375,2.1596155166625977,1.8039507865905762,300.0,0.147012500092387
20170819.0,1.409999966621399,40.0,12.0,0.05999999865889549,0.1080000028014183,0.10999999940395355,0.2090281844139099,1.1893571615219116,288.6337585449219,0.1688990741968155,256.38079833984375,243.21450805664062,1.2848743200302124,2.7356770038604736,300.0,0.161458330228925
20170820.0,1.409999966621399,40.0,12.0,0.05999999865889549,0.1080000028014183,0.10999999940395355,0.2090281844139099,1.1893571615219116,288.9223937988281,0.17251256108283997,257.39599609375,243.54507446289062,0.4866845905780792,2.5514581203460693,300.0,0.157208335275451
20170822.0,1.409999966621399,40.0,12.0,0.05999999865889549,0.1080000028014183,0.10999999940395355,0.2090281844139099,1.1893571615219116,292.46343994140625,0.17877620458602905,265.513671875,251.87255859375,0.0023580098059028387,3.165060043334961,300.0,0.147624996180336
20170824.0,1.409999966621399,40.0,12.0,0.05999999865889549,0.1080000028014183,0.10999999940395355,0.2090281844139099,1.1893571615219116,292.29425048828125,0.18419498205184937,268.8423156738281,253.8868865966797,0.23667024075984955,2.436028003692627,300.0,0.1373583295693
20170825.0,1.409999966621399,40.0,12.0,0.05999999865889549,0.1080000028014183,0.10999999940395355,0.2090281844139099,1.1893571615219116,292.7633361816406,0.18695075809955597,268.20660400390625,253.8062744140625,1.2477622032165527,2.717679023742676,300.0,0.131012499332428
20170827.0,1.409999966621399,40.0,12.0,0.05999999865889549,0.1080000028014183,0.10999999940395355,0.2090281844139099,1.1893571615219116,292.7110290527344,0.19193688035011292,270.9334716796875,258.4722900390625,0.005803726613521576,2.681182384490967,300.0,0.117670832512279
20170828.0,1.409999966621399,40.0,12.0,0.05999999865889549,0.1080000028014183,0.10999999940395355,0.2090281844139099,1.1893571615219116,294.28375244140625,0.19674858450889587,271.08160400390625,260.2386474609375,0.00170469272416085,3.0774152278900146,300.0,0.110529166956743
20170830.0,1.409999966621399,40.0,12.0,0.05999999865889549,0.1080000028014183,0.10999999940395355,0.2090281844139099,1.1893571615219116,294.6251525878906,0.1848098635673523,274.73614501953125,263.1143493652344,6.302610874176025,2.3335540294647217,300.0,0.0996375000104308
20171012.0,1.409999966621399,40.0,12.0,0.05999999865889549,0.1080000028014183,0.10999999940395355,0.2090281844139099,1.1893571615219116,287.1747131347656,0.23206529021263123,254.53915405273438,234.68673706054688,0.39516574144363403,1.4522418975830078,300.0,0.186508332689603
20171129.0,1.409999966621399,40.0,12.0,0.05999999865889549,0.1080000028014183,0.10999999940395355,0.2090281844139099,1.1893571615219116,274.3247375488281,0.684605062007904,239.91995239257812,219.83314514160156,0.23723948001861572,0.26278525590896606,300.0,0.217062500305474
20171201.0,1.409999966621399,40.0,12.0,0.05999999865889549,0.1080000028014183,0.10999999940395355,0.2090281844139099,1.1893571615219116,274.59356689453125,0.9151161909103394,238.14895629882812,221.3643341064453,0.5190253257751465,0.4546442925930023,300.0,0.211672224104404
20171204.0,1.409999966621399,40.0,12.0,0.05999999865889549,0.1080000028014183,0.10999999940395355,0.2090281844139099,1.1893571615219116,277.8803405761719,1.1503636837005615,239.03619384765625,220.79290771484375,1.0561532974243164,0.3367098867893219,300.0,0.21664761929285
20171206.0,1.409999966621399,40.0,12.0,0.05999999865889549,0.1080000028014183,0.10999999940395355,0.2090281844139099,1.1893571615219116,278.89862060546875,1.0337803363800049,241.75613403320312,220.15066528320312,0.2068641483783722,0.44213613867759705,300.0,0.209045832355817
20171207.0,1.409999966621399,40.0,12.0,0.05999999865889549,0.1080000028014183,0.10999999940395355,0.2090281844139099,1.1893571615219116,277.89337158203125,0.9834123849868774,242.53602600097656,219.2059783935547,5.675500869750977,0.7132615447044373,300.0,0.206862499316533
20171209.0,1.409999966621399,40.0,12.0,0.05999999865889549,0.1080000028014183,0.10999999940395355,0.2090281844139099,1.1893571615219116,273.5315246582031,0.8887344002723694,243.51931762695312,226.23703002929688,1.7718583345413208,0.5643656849861145,300.0,0.221776190258208
20171210.0,1.409999966621399,40.0,12.0,0.05999999865889549,0.1080000028014183,0.10999999940395355,0.2090281844139099,1.1893571615219116,275.1313781738281,0.8398025035858154,239.69235229492188,219.89028930664062,9.57026195526123,0.5777654647827148,300.0,0.217921740334967
20171212.0,1.409999966621399,40.0,12.0,0.05999999865889549,0.1080000028014183,0.10999999940395355,0.2090281844139099,1.1893571615219116,273.9825744628906,0.7743499279022217,235.8612060546875,219.43777465820312,1.0533437728881836,0.3406972587108612,300.0,0.227572730319066
20171214.0,1.409999966621399,40.0,12.0,0.05999999865889549,0.1080000028014183,0.10999999940395355,0.2090281844139099,1.1893571615219116,275.8553161621094,0.7358711361885071,228.79376220703125,206.5767364501953,7.226505279541016,1.1522737741470337,300.0,0.238308334102233
20171215.0,1.409999966621399,40.0,12.0,0.05999999865889549,0.1080000028014183,0.10999999940395355,0.2090281844139099,1.1893571615219116,275.5493469238281,0.7162066102027893,234.35476684570312,211.94264221191406,0.36652788519859314,0.28401339054107666,300.0,0.226145833730698
20171217.0,1.409999966621399,40.0,12.0,0.05999999865889549,0.1080000028014183,0.10999999940395355,0.2090281844139099,1.1893571615219116,274.358154296875,0.6770414710044861,233.38555908203125,210.64047241210938,2.8731682300567627,0.41131681203842163,300.0,0.212020831803481
20171218.0,1.409999966621399,40.0,12.0,0.05999999865889549,0.1080000028014183,0.10999999940395355,0.2090281844139099,1.1893571615219116,276.7569274902344,0.6589344143867493,229.92495727539062,208.74658203125,4.734246730804443,0.20428405702114105,300.0,0.229075001552701
20171220.0,1.409999966621399,40.0,12.0,0.05999999865889549,0.1080000028014183,0.10999999940395355,0.2090281844139099,1.1893571615219116,278.8915100097656,0.6130768656730652,235.976318359375,215.57489013671875,0.37575432658195496,0.05010212957859039,300.0,0.218037500356634
20171222.0,1.409999966621399,40.0,12.0,0.05999999865889549,0.1080000028014183,0.10999999940395355,0.2090281844139099,1.1893571615219116,281.42138671875,0.5599590539932251,237.8404083251953,215.46226501464844,2.1114389896392822,0.0,300.0,0.226691665748755
20171223.0,1.409999966621399,40.0,12.0,0.05999999865889549,0.1080000028014183,0.10999999940395355,0.2090281844139099,1.1893571615219116,281.3272399902344,0.5344116687774658,237.555908203125,216.27163696289062,0.5964890718460083,0.42043575644493103,300.0,0.212470834453901
20171225.0,1.409999966621399,40.0,12.0,0.05999999865889549,0.1080000028014183,0.10999999940395355,0.2090281844139099,1.1893571615219116,279.8177185058594,0.4849565625190735,238.0104522705078,215.357666015625,0.20070230960845947,0.4733624756336212,300.0,0.202275001133482
20171226.0,1.409999966621399,40.0,12.0,0.05999999865889549,0.1080000028014183,0.10999999940395355,0.2090281844139099,1.1893571615219116,278.0760498046875,0.4606575071811676,233.0944061279297,212.37628173828125,2.973735809326172,0.9422634243965149,300.0,0.201941668366392
20171228.0,1.409999966621399,40.0,12.0,0.05999999865889549,0.1080000028014183,0.10999999940395355,0.2090281844139099,1.1893571615219116,274.9506530761719,0.41633182764053345,234.8626708984375,213.11322021484375,1.1535307168960571,0.69255530834198,300.0,0.204766667137543
20171230.0,1.409999966621399,40.0,12.0,0.05999999865889549,0.1080000028014183,0.10999999940395355,0.2090281844139099,1.1893571615219116,280.17523193359375,0.37691494822502136,231.2075958251953,209.22235107421875,6.4370341300964355,0.9304320216178894,300.0,0.209337500234445
20171231.0,1.409999966621399,40.0,12.0,0.05999999865889549,0.1080000028014183,0.10999999940395355,0.2090281844139099,1.1893571615219116,283.96697998046875,0.3545600473880768,234.2291717529297,212.72283935546875,8.656412124633789,1.8169575929641724,300.0,0.221829167256753
20180102.0,1.409999966621399,40.0,12.0,0.05999999865889549,0.1080000028014183,0.10999999940395355,0.2090281844139099,1.1893571615219116,278.240478515625,0.5216492414474487,233.29183959960938,209.28826904296875,7.458794116973877,1.1771382093429565,300.0,0.233104166885217
20180103.0,1.409999966621399,40.0,12.0,0.05999999865889549,0.1080000028014183,0.10999999940395355,0.2090281844139099,1.1893571615219116,280.08074951171875,0.5134514570236206,231.41867065429688,206.867919921875,11.955324172973633,2.238417387008667,300.0,0.234945833683014
20180105.0,1.409999966621399,40.0,12.0,0.05999999865889549,0.1080000028014183,0.10999999940395355,0.2090281844139099,1.1893571615219116,280.09881591796875,0.5142746567726135,232.28334045410156,210.10055541992188,3.646101713180542,0.9603473544120789,300.0,0.218066668137908
20180111.0,1.409999966621399,40.0,12.0,0.05999999865889549,0.1080000028014183,0.10999999940395355,0.2090281844139099,1.1893571615219116,279.0525207519531,0.6436442136764526,232.76068115234375,211.23751831054688,0.11921347677707672,0.225523442029953,300.0,0.196045832708478
20180113.0,1.409999966621399,40.0,12.0,0.05999999865889549,0.1080000028014183,0.10999999940395355,0.2090281844139099,1.1893571615219116,276.9411926269531,0.7349312901496887,234.6280059814453,214.0712890625,0.0017021092353388667,0.40723752975463867,300.0,0.192795837298036
20180115.0,1.409999966621399,40.0,12.0,0.05999999865889549,0.1080000028014183,0.10999999940395355,0.2090281844139099,1.1893571615219116,277.6119384765625,0.8310208916664124,235.80267333984375,211.98638916015625,8.757917404174805,1.190997838973999,300.0,0.190099999956463
20180116.0,1.409999966621399,40.0,12.0,0.05999999865889549,0.1080000028014183,0.10999999940395355,0.2090281844139099,1.1893571615219116,276.9300231933594,0.895503580570221,233.63746643066406,209.41876220703125,9.062315940856934,1.5415747165679932,300.0,0.202941668530305
20180118.0,1.409999966621399,40.0,12.0,0.05999999865889549,0.1080000028014183,0.10999999940395355,0.2090281844139099,1.1893571615219116,277.09576416015625,0.894604504108429,229.42807006835938,208.97213745117188,7.5215349197387695,1.469626545906067,300.0,0.221024998774131
20180119.0,1.409999966621399,40.0,12.0,0.05999999865889549,0.1080000028014183,0.10999999940395355,0.2090281844139099,1.1893571615219116,275.4264221191406,0.829294741153717,228.4976806640625,207.314208984375,2.3634095191955566,0.7461630702018738,300.0,0.215187499299645
20180123.0,1.409999966621399,40.0,12.0,0.05999999865889549,0.1080000028014183,0.10999999940395355,0.2090281844139099,1.1893571615219116,279.54864501953125,0.6394104361534119,233.93399047851562,209.90345764160156,0.5420835018157959,0.5745625495910645,300.0,0.215412500003974
20180124.0,1.409999966621399,40.0,12.0,0.05999999865889549,0.1080000028014183,0.10999999940395355,0.2090281844139099,1.1893571615219116,284.31744384765625,0.5899451375007629,234.08273315429688,212.30361938476562,0.4135752320289612,0.5405213236808777,300.0,0.210054167235891
20180126.0,1.409999966621399,40.0,12.0,0.05999999865889549,0.1080000028014183,0.10999999940395355,0.2090281844139099,1.1893571615219116,278.2197265625,0.5494621396064758,233.61517333984375,209.47021484375,0.07714233547449112,0.322115957736969,300.0,0.20945416825513
20180127.0,1.409999966621399,40.0,12.0,0.05999999865889549,0.1080000028014183,0.10999999940395355,0.2090281844139099,1.1893571615219116,278.43426513671875,0.5562573075294495,234.10610961914062,213.6145477294922,0.3784429132938385,0.5349802374839783,300.0,0.205637499690056
20180129.0,1.409999966621399,40.0,12.0,0.05999999865889549,0.1080000028014183,0.10999999940395355,0.2090281844139099,1.1893571615219116,281.5370788574219,0.558509886264801,237.0655517578125,213.24899291992188,2.711566686630249,0.897262692451477,300.0,0.202066664894422
20180131.0,1.409999966621399,40.0,12.0,0.05999999865889549,0.1080000028014183,0.10999999940395355,0.2090281844139099,1.1893571615219116,280.03485107421875,0.5621838569641113,237.04373168945312,214.0937042236328,10.996943473815918,1.3427482843399048,300.0,0.210862498730421
20180201.0,1.409999966621399,40.0,12.0,0.05999999865889549,0.1080000028014183,0.10999999940395355,0.2090281844139099,1.1893571615219116,274.7126159667969,0.5640859007835388,230.9669952392578,206.92152404785156,1.0696470737457275,0.7780265212059021,300.0,0.217059091410854
20180203.0,1.409999966621399,40.0,12.0,0.05999999865889549,0.1080000028014183,0.10999999940395355,0.2090281844139099,1.1893571615219116,275.1788330078125,0.5673345327377319,234.07574462890625,209.8774871826172,1.3194531202316284,0.6190784573554993,300.0,0.211610527415025
20180211.0,1.409999966621399,40.0,12.0,0.05999999865889549,0.1080000028014183,0.10999999940395355,0.2090281844139099,1.1893571615219116,276.1690673828125,0.5898726582527161,230.9342041015625,211.05699157714844,4.797720909118652,1.2945510149002075,300.0,0.202533333251874
20180212.0,1.409999966621399,40.0,12.0,0.05999999865889549,0.1080000028014183,0.10999999940395355,0.2090281844139099,1.1893571615219116,273.9372863769531,0.6052469611167908,231.4599609375,208.7940673828125,0.7118986248970032,0.7880003452301025,300.0,0.204110524372051
20180216.0,1.409999966621399,40.0,12.0,0.05999999865889549,0.1080000028014183,0.10999999940395355,0.2090281844139099,1.1893571615219116,275.26416015625,0.6622263193130493,232.27658081054688,206.22335815429688,0.025621559470891953,0.640822172164917,300.0,0.219076922306648
20180217.0,1.409999966621399,40.0,12.0,0.05999999865889549,0.1080000028014183,0.10999999940395355,0.2090281844139099,1.1893571615219116,273.5382080078125,0.6779434084892273,237.13137817382812,213.13192749023438,0.002583669265732169,0.33521348237991333,300.0,0.212724999524653
20180219.0,1.409999966621399,40.0,12.0,0.05999999865889549,0.1080000028014183,0.10999999940395355,0.2090281844139099,1.1893571615219116,273.46075439453125,0.700598955154419,245.96803283691406,226.97491455078125,0.0017195938853546977,0.5285744071006775,300.0,0.20418666601181
20180220.0,1.409999966621399,40.0,12.0,0.05999999865889549,0.1080000028014183,0.10999999940395355,0.2090281844139099,1.1893571615219116,273.1437683105469,0.7073685526847839,237.75421142578125,217.29957580566406,0.001281500095501542,0.4857347905635834,300.0,0.202126669883728
20180222.0,1.409999966621399,40.0,12.0,0.05999999865889549,0.1080000028014183,0.10999999940395355,0.2090281844139099,1.1893571615219116,272.8216247558594,0.7230377793312073,249.2228546142578,231.4913330078125,0.002425551414489746,0.6802905201911926,300.0,0.197508337597052
20180305.0,1.409999966621399,40.0,12.0,0.05999999865889549,0.1080000028014183,0.10999999940395355,0.2090281844139099,1.1893571615219116,279.7604675292969,0.7105889916419983,240.43572998046875,215.75668334960938,0.022786516696214676,1.024707317352295,300.0,0.192804543809457
20180307.0,1.409999966621399,40.0,12.0,0.05999999865889549,0.1080000028014183,0.10999999940395355,0.2090281844139099,1.1893571615219116,277.8746643066406,0.7049835324287415,240.16629028320312,215.84701538085938,2.188993215560913,1.1343135833740234,300.0,0.193591669201851
20180308.0,1.409999966621399,40.0,12.0,0.05999999865889549,0.1080000028014183,0.10999999940395355,0.2090281844139099,1.1893571615219116,277.1951599121094,0.7061922550201416,236.21060180664062,214.36337280273438,4.880906105041504,1.206594467163086,300.0,0.200941665098071
20180411.0,1.409999966621399,40.0,12.0,0.05999999865889549,0.1080000028014183,0.10999999940395355,0.2090281844139099,1.1893571615219116,284.4092712402344,0.5686489939689636,243.91549682617188,221.69309997558594,3.573718309402466,1.463255524635315,300.0,0.220791667699814
20180413.0,1.409999966621399,40.0,12.0,0.05999999865889549,0.1080000028014183,0.10999999940395355,0.2090281844139099,1.1893571615219116,284.8140869140625,0.5399721264839172,245.14169311523438,224.759521484375,0.08047538995742798,1.8433736562728882,300.0,0.208616667737563
20180414.0,1.409999966621399,40.0,12.0,0.05999999865889549,0.1080000028014183,0.10999999940395355,0.2090281844139099,1.1893571615219116,286.0899353027344,0.5251849293708801,246.77566528320312,224.14500427246094,0.6528782248497009,2.008967161178589,300.0,0.20344583503902
20180416.0,1.409999966621399,40.0,12.0,0.05999999865889549,0.1080000028014183,0.10999999940395355,0.2090281844139099,1.1893571615219116,286.0401916503906,0.5033112168312073,250.63807678222656,228.33969116210938,0.22349143028259277,2.1500115394592285,300.0,0.201370832199852
20180417.0,1.409999966621399,40.0,12.0,0.05999999865889549,0.1080000028014183,0.10999999940395355,0.2090281844139099,1.1893571615219116,287.00604248046875,0.4960508942604065,249.70309448242188,229.4268341064453,0.000858306884765625,2.824559450149536,300.0,0.195454167202115
20180419.0,1.409999966621399,40.0,12.0,0.05999999865889549,0.1080000028014183,0.10999999940395355,0.2090281844139099,1.1893571615219116,291.036376953125,0.4802585542201996,257.7689208984375,236.60971069335938,0.00043511384865269065,3.7213592529296875,300.0,0.183083333075047
20180421.0,1.409999966621399,40.0,12.0,0.05999999865889549,0.1080000028014183,0.10999999940395355,0.2090281844139099,1.1893571615219116,290.28875732421875,0.4651699960231781,258.45196533203125,241.04067993164062,0.0012735397322103381,3.0444610118865967,300.0,0.170804165924589
20180422.0,1.409999966621399,40.0,12.0,0.05999999865889549,0.1080000028014183,0.10999999940395355,0.2090281844139099,1.1893571615219116,292.1170654296875,0.45682191848754883,263.79425048828125,243.8200225830078,1.0024573802947998,3.2134690284729004,300.0,0.165445831293861
20180424.0,1.409999966621399,40.0,12.0,0.05999999865889549,0.1080000028014183,0.10999999940395355,0.2090281844139099,1.1893571615219116,285.0306091308594,0.44880566000938416,262.8421630859375,242.9700927734375,0.5882340669631958,1.2193305492401123,300.0,0.15731249935925
20180425.0,1.409999966621399,40.0,12.0,0.05999999865889549,0.1080000028014183,0.10999999940395355,0.2090281844139099,1.1893571615219116,286.06414794921875,0.4490492641925812,260.8170166015625,242.41810607910156,1.4699031114578247,2.503451347351074,300.0,0.155604165047407
20180427.0,1.409999966621399,40.0,12.0,0.05999999865889549,0.1080000028014183,0.10999999940395355,0.2090281844139099,1.1893571615219116,285.28631591796875,0.44773879647254944,259.51153564453125,241.7923583984375,0.008512341417372227,2.6599154472351074,300.0,0.15046666500469
20180429.0,1.409999966621399,40.0,12.0,0.05999999865889549,0.1080000028014183,0.10999999940395355,0.2090281844139099,1.1893571615219116,286.904296875,0.4465610384941101,262.4512939453125,245.42120361328125,5.742690563201904,2.2529385089874268,300.0,0.152025001744429
20180430.0,1.409999966621399,40.0,12.0,0.05999999865889549,0.1080000028014183,0.10999999940395355,0.2090281844139099,1.1893571615219116,285.59661865234375,0.44634678959846497,244.15138244628906,219.67340087890625,4.543881416320801,3.030263662338257,300.0,0.209983333945274
20180502.0,1.409999966621399,40.0,12.0,0.05999999865889549,0.1080000028014183,0.10999999940395355,0.2090281844139099,1.1893571615219116,285.30535888671875,0.44240880012512207,245.41329956054688,223.20574951171875,0.0008523463038727641,3.208199977874756,300.0,0.195775001620253
20180503.0,1.409999966621399,40.0,12.0,0.05999999865889549,0.1080000028014183,0.10999999940395355,0.2090281844139099,1.1893571615219116,286.2197570800781,0.4387032985687256,253.2940673828125,230.01931762695312,0.0027873856015503407,2.899895191192627,300.0,0.190391667187214
20180507.0,1.409999966621399,40.0,12.0,0.05999999865889549,0.1080000028014183,0.10999999940395355,0.2090281844139099,1.1893571615219116,291.52496337890625,0.42551568150520325,262.85626220703125,241.681640625,0.0,3.756824254989624,300.0,0.167512500658631
20180508.0,1.409999966621399,40.0,12.0,0.05999999865889549,0.1080000028014183,0.10999999940395355,0.2090281844139099,1.1893571615219116,292.6063232421875,0.4219036102294922,265.87750244140625,245.4108123779297,0.0,3.9710938930511475,300.0,0.161054166654746
20180510.0,1.409999966621399,40.0,12.0,0.05999999865889549,0.1080000028014183,0.10999999940395355,0.2090281844139099,1.1893571615219116,287.5235290527344,0.4180174469947815,267.92864990234375,247.46279907226562,3.492933511734009,2.5548462867736816,300.0,0.150720834111174
20180513.0,1.409999966621399,40.0,12.0,0.05999999865889549,0.1080000028014183,0.10999999940395355,0.2090281844139099,1.1893571615219116,287.3331298828125,0.4164428114891052,266.2667236328125,247.20217895507812,9.342120170593262,2.1831772327423096,300.0,0.140937502806385
20180515.0,1.409999966621399,40.0,12.0,0.05999999865889549,0.1080000028014183,0.10999999940395355,0.2090281844139099,1.1893571615219116,291.3012390136719,0.41517728567123413,263.1368103027344,242.37469482421875,0.0,3.6974689960479736,300.0,0.136983336880803
20180516.0,1.409999966621399,40.0,12.0,0.05999999865889549,0.1080000028014183,0.10999999940395355,0.2090281844139099,1.1893571615219116,290.64996337890625,0.41483551263809204,268.25653076171875,250.76132202148438,2.9792113304138184,3.017479181289673,300.0,0.140470835690697
20180518.0,1.409999966621399,40.0,12.0,0.05999999865889549,0.1080000028014183,0.10999999940395355,0.2090281844139099,1.1893571615219116,286.52142333984375,0.41143012046813965,262.7878723144531,242.7551727294922,0.0007423674105666578,2.6827552318573,300.0,0.151495837916931
20180519.0,1.409999966621399,40.0,12.0,0.05999999865889549,0.1080000028014183,0.10999999940395355,0.2090281844139099,1.1893571615219116,286.0069274902344,0.40838009119033813,265.46221923828125,245.50344848632812,0.0011484331917017698,2.082453489303589,300.0,0.14800833662351
20180521.0,1.409999966621399,40.0,12.0,0.05999999865889549,0.1080000028014183,0.10999999940395355,0.2090281844139099,1.1893571615219116,292.35992431640625,0.40289050340652466,265.44976806640625,247.3721466064453,0.1845482438802719,3.613353967666626,300.0,0.141341670105855
20180523.0,1.409999966621399,40.0,12.0,0.05999999865889549,0.1080000028014183,0.10999999940395355,0.2090281844139099,1.1893571615219116,291.38006591796875,0.39702633023262024,257.3877868652344,236.17950439453125,1.778586745262146,2.7905125617980957,300.0,0.194320833931367
20180524.0,1.409999966621399,40.0,12.0,0.05999999865889549,0.1080000028014183,0.10999999940395355,0.2090281844139099,1.1893571615219116,291.16986083984375,0.3955020010471344,260.9971008300781,238.73056030273438,6.38001823425293,3.07807993888855,300.0,0.184045831362406
20180526.0,1.409999966621399,40.0,12.0,0.05999999865889549,0.1080000028014183,0.10999999940395355,0.2090281844139099,1.1893571615219116,295.00909423828125,0.379575252532959,266.2457275390625,248.12588500976562,0.014310795813798904,3.9848976135253906,300.0,0.168108331039548
20180527.0,1.409999966621399,40.0,12.0,0.05999999865889549,0.1080000028014183,0.10999999940395355,0.2090281844139099,1.1893571615219116,294.6724853515625,0.3654938042163849,270.582763671875,251.96102905273438,1.3529542684555054,2.982579469680786,300.0,0.161449999238054
20180529.0,1.409999966621399,40.0,12.0,0.05999999865889549,0.1080000028014183,0.10999999940395355,0.2090281844139099,1.1893571615219116,296.20147705078125,0.3408363163471222,272.7654113769531,253.8732452392578,12.424995422363281,3.226816177368164,300.0,0.152591665585836
20180531.0,1.409999966621399,40.0,12.0,0.05999999865889549,0.1080000028014183,0.10999999940395355,0.2090281844139099,1.1893571615219116,295.13427734375,0.3175809383392334,272.09490966796875,256.23309326171875,0.6006484031677246,2.90560245513916,300.0,0.143870830535889
20180601.0,1.409999966621399,40.0,12.0,0.05999999865889549,0.1080000028014183,0.10999999940395355,0.2090281844139099,1.1893571615219116,291.4510803222656,0.30383196473121643,256.96563720703125,234.4644775390625,29.33786964416504,2.266604423522949,300.0,0.164208332076669
20180603.0,1.409999966621399,40.0,12.0,0.05999999865889549,0.1080000028014183,0.10999999940395355,0.2090281844139099,1.1893571615219116,293.3377990722656,0.30027610063552856,259.78228759765625,238.1196746826172,0.7745278477668762,3.2596068382263184,300.0,0.181645834197601
20180604.0,1.409999966621399,40.0,12.0,0.05999999865889549,0.1080000028014183,0.10999999940395355,0.2090281844139099,1.1893571615219116,293.6818542480469,0.3102918565273285,267.065673828125,247.29229736328125,0.48620155453681946,3.596268653869629,300.0,0.173383332788944
20180606.0,1.409999966621399,40.0,12.0,0.05999999865889549,0.1080000028014183,0.10999999940395355,0.2090281844139099,1.1893571615219116,294.7530517578125,0.32569947838783264,268.31884765625,250.3739776611328,0.0008523463038727641,4.4037370681762695,300.0,0.160533332576354
20180608.0,1.409999966621399,40.0,12.0,0.05999999865889549,0.1080000028014183,0.10999999940395355,0.2090281844139099,1.1893571615219116,293.25372314453125,0.3420877456665039,265.7691650390625,247.9353485107422,3.9316563606262207,2.7174487113952637,300.0,0.150375000511607
20180609.0,1.409999966621399,40.0,12.0,0.05999999865889549,0.1080000028014183,0.10999999940395355,0.2090281844139099,1.1893571615219116,294.6083679199219,0.3511449098587036,266.00225830078125,245.05575561523438,1.5552332401275635,3.3033268451690674,300.0,0.147395833084981
20180611.0,1.409999966621399,40.0,12.0,0.05999999865889549,0.1080000028014183,0.10999999940395355,0.2090281844139099,1.1893571615219116,292.29278564453125,0.36318129301071167,270.8617858886719,252.05789184570312,0.15793557465076447,3.1920700073242188,300.0,0.140816666185856
20180612.0,1.409999966621399,40.0,12.0,0.05999999865889549,0.1080000028014183,0.10999999940395355,0.2090281844139099,1.1893571615219116,289.5121154785156,0.3660276234149933,270.5108642578125,251.3778533935547,2.11576247215271,2.5347559452056885,300.0,0.137679167712728
20180614.0,1.409999966621399,40.0,12.0,0.05999999865889549,0.1080000028014183,0.10999999940395355,0.2090281844139099,1.1893571615219116,288.2333984375,0.3731599748134613,270.1441650390625,253.63143920898438,3.662820339202881,2.7633559703826904,300.0,0.132629168530305
20180616.0,1.409999966621399,40.0,12.0,0.05999999865889549,0.1080000028014183,0.10999999940395355,0.2090281844139099,1.1893571615219116,292.4813232421875,0.38021326065063477,269.49285888671875,253.94754028320312,0.5629226565361023,3.1588997840881348,300.0,0.125908334429065
20180617.0,1.409999966621399,40.0,12.0,0.05999999865889549,0.1080000028014183,0.10999999940395355,0.2090281844139099,1.1893571615219116,289.6501159667969,0.3837142288684845,268.24566650390625,253.81674194335938,0.002870062133297324,2.2902767658233643,300.0,0.121762500454982
20180619.0,1.409999966621399,40.0,12.0,0.05999999865889549,0.1080000028014183,0.10999999940395355,0.2090281844139099,1.1893571615219116,291.4598693847656,0.3913053274154663,270.77325439453125,255.96022033691406,0.5911406874656677,1.631479263305664,300.0,0.115050000138581
20180620.0,1.409999966621399,40.0,12.0,0.05999999865889549,0.1080000028014183,0.10999999940395355,0.2090281844139099,1.1893571615219116,295.1620788574219,0.39540180563926697,273.8587646484375,258.0322570800781,0.07348185777664185,3.47269868850708,300.0,0.111895834095776
20180622.0,1.409999966621399,40.0,12.0,0.05999999865889549,0.1080000028014183,0.10999999940395355,0.2090281844139099,1.1893571615219116,286.7815246582031,0.4035567343235016,272.2156982421875,256.4405822753906,0.7226067781448364,2.327467203140259,300.0,0.0997916664928198
20180624.0,1.409999966621399,40.0,12.0,0.05999999865889549,0.1080000028014183,0.10999999940395355,0.2090281844139099,1.1893571615219116,288.458984375,0.41192594170570374,270.4352111816406,257.9542236328125,0.3964371085166931,1.977128028869629,300.0,0.0937624995907148
20180625.0,1.409999966621399,40.0,12.0,0.05999999865889549,0.1080000028014183,0.10999999940395355,0.2090281844139099,1.1893571615219116,290.779052734375,0.41574814915657043,272.75616455078125,256.54736328125,0.11205479502677917,2.3074843883514404,300.0,0.0907499991978208
20180627.0,1.409999966621399,40.0,12.0,0.05999999865889549,0.1080000028014183,0.10999999940395355,0.2090281844139099,1.1893571615219116,293.4460754394531,0.42727896571159363,272.10589599609375,260.3977355957031,0.00043511379044502974,3.615670680999756,300.0,0.0837375003223618
20180628.0,1.409999966621399,40.0,12.0,0.05999999865889549,0.1080000028014183,0.10999999940395355,0.2090281844139099,1.1893571615219116,294.6630859375,0.43504947423934937,274.0290222167969,260.7041015625,0.0008529319893568754,3.6704416275024414,300.0,0.078725000222524
20180630.0,1.409999966621399,40.0,12.0,0.05999999865889549,0.1080000028014183,0.10999999940395355,0.2090281844139099,1.1893571615219116,296.6943664550781,0.4499984383583069,275.36431884765625,263.071533203125,0.002145766280591488,3.8987789154052734,300.0,0.0687500002483527
20180702.0,1.409999966621399,40.0,12.0,0.05999999865889549,0.1080000028014183,0.10999999940395355,0.2090281844139099,1.1893571615219116,295.4347839355469,0.4652893543243408,274.869384765625,264.17718505859375,0.0008642672328278422,3.843106985092163,300.0,0.059316666641583
20180703.0,1.409999966621399,40.0,12.0,0.05999999865889549,0.1080000028014183,0.10999999940395355,0.2090281844139099,1.1893571615219116,297.16473388671875,0.4733005464076996,276.47967529296875,264.4764709472656,0.0017195938853546977,3.7008044719696045,300.0,0.0558499994998177
20180705.0,1.409999966621399,40.0,12.0,0.05999999865889549,0.1080000028014183,0.10999999940395355,0.2090281844139099,1.1893571615219116,296.1091003417969,0.4871324896812439,275.31988525390625,263.28515625,0.16319222748279572,2.879682779312134,300.0,0.0521749999995033
20180706.0,1.409999966621399,40.0,12.0,0.05999999865889549,0.1080000028014183,0.10999999940395355,0.2090281844139099,1.1893571615219116,294.9121398925781,0.4929131269454956,276.8948669433594,262.45196533203125,0.0623910017311573,2.597269058227539,300.0,0.0500083334433536
20180708.0,1.409999966621399,40.0,12.0,0.05999999865889549,0.1080000028014183,0.10999999940395355,0.2090281844139099,1.1893571615219116,294.8087158203125,0.5051191449165344,274.37274169921875,263.7146911621094,0.0,2.880842924118042,300.0,0.0469416660877566
20180710.0,1.409999966621399,40.0,12.0,0.05999999865889549,0.1080000028014183,0.10999999940395355,0.2090281844139099,1.1893571615219116,290.2900695800781,0.5176646113395691,275.501220703125,263.50347900390625,1.2930136919021606,1.6172212362289429,300.0,0.0450416669870416
20180711.0,1.409999966621399,40.0,12.0,0.05999999865889549,0.1080000028014183,0.10999999940395355,0.2090281844139099,1.1893571615219116,291.89495849609375,0.5230627655982971,273.02789306640625,258.689453125,2.488614559173584,1.9856230020523071,300.0,0.0444208327680826
20180713.0,1.409999966621399,40.0,12.0,0.05999999865889549,0.1080000028014183,0.10999999940395355,0.2090281844139099,1.1893571615219116,295.43218994140625,0.5429542660713196,275.45953369140625,260.9219665527344,0.3408094644546509,2.870586395263672,300.0,0.0434250004279117
20180714.0,1.409999966621399,40.0,12.0,0.05999999865889549,0.1080000028014183,0.10999999940395355,0.2090281844139099,1.1893571615219116,296.2624206542969,0.5576386451721191,275.13079833984375,261.6054382324219,0.036646768450737,2.814743995666504,300.0,0.0429500007691483
20180716.0,1.409999966621399,40.0,12.0,0.05999999865889549,0.1080000028014183,0.10999999940395355,0.2090281844139099,1.1893571615219116,298.13629150390625,0.5856686234474182,275.3854675292969,264.7034912109375,0.0008511787164025009,3.0169782638549805,300.0,0.041504165623337
20180913.0,1.409999966621399,40.0,12.0,0.05999999865889549,0.1080000028014183,0.10999999940395355,0.2090281844139099,1.1893571615219116,287.76141357421875,0.5174574255943298,262.4642333984375,247.10171508789062,4.462273120880127,1.2012723684310913,300.0,0.0324785712042025
20180915.0,1.409999966621399,40.0,12.0,0.05999999865889549,0.1080000028014183,0.10999999940395355,0.2090281844139099,1.1893571615219116,288.64727783203125,0.5095815658569336,267.8082275390625,254.43191528320312,0.43462029099464417,1.5786775350570679,300.0,0.03109583312956
20180916.0,1.409999966621399,40.0,12.0,0.05999999865889549,0.1080000028014183,0.10999999940395355,0.2090281844139099,1.1893571615219116,289.1807556152344,0.507789671421051,267.79583740234375,255.3328399658203,0.0,1.6557539701461792,300.0,0.0306875000242144
20180918.0,1.409999966621399,40.0,12.0,0.05999999865889549,0.1080000028014183,0.10999999940395355,0.2090281844139099,1.1893571615219116,294.7996826171875,0.5033188462257385,271.412109375,260.92474365234375,0.0012874602107331157,2.2839620113372803,300.0,0.0296583333207915
20180920.0,1.409999966621399,40.0,12.0,0.05999999865889549,0.1080000028014183,0.10999999940395355,0.2090281844139099,1.1893571615219116,293.99676513671875,0.4989936649799347,273.5445861816406,262.9974365234375,0.0,1.8582979440689087,300.0,0.0289541671518236
20180921.0,1.409999966621399,40.0,12.0,0.05999999865889549,0.1080000028014183,0.10999999940395355,0.2090281844139099,1.1893571615219116,290.49407958984375,0.49679407477378845,276.4334716796875,264.76422119140625,3.014965772628784,2.094136953353882,300.0,0.0289708331692964
20181001.0,1.409999966621399,40.0,12.0,0.05999999865889549,0.1080000028014183,0.10999999940395355,0.2090281844139099,1.1893571615219116,283.6180725097656,0.4824022948741913,262.4105224609375,246.78408813476562,1.8254178762435913,1.5083600282669067,300.0,0.0479083342167238
20181002.0,1.409999966621399,40.0,12.0,0.05999999865889549,0.1080000028014183,0.10999999940395355,0.2090281844139099,1.1893571615219116,283.32135009765625,0.48530450463294983,260.38299560546875,243.9017791748047,0.7562879920005798,0.561747670173645,300.0,0.0469333336999019
20190323.0,1.409999966621399,40.0,12.0,0.05999999865889549,0.1080000028014183,0.10999999940395355,0.2090281844139099,1.1893571615219116,281.7082824707031,0.43326500058174133,243.18234252929688,217.8603515625,0.18842972815036774,0.7140786051750183,300.0,0.242572917913397
20190324.0,1.409999966621399,40.0,12.0,0.05999999865889549,0.1080000028014183,0.10999999940395355,0.2090281844139099,1.1893571615219116,281.6389465332031,0.42285478115081787,240.87594604492188,218.23336791992188,0.4363676607608795,1.4209141731262207,300.0,0.241779165652891
20190326.0,1.409999966621399,40.0,12.0,0.05999999865889549,0.1080000028014183,0.10999999940395355,0.2090281844139099,1.1893571615219116,279.0279541015625,0.40548956394195557,242.8870849609375,218.5372314453125,0.5302112102508545,1.090562105178833,300.0,0.239233332686126
20190327.0,1.409999966621399,40.0,12.0,0.05999999865889549,0.1080000028014183,0.10999999940395355,0.2090281844139099,1.1893571615219116,280.853515625,0.3966619670391083,243.965576171875,221.2216033935547,0.03547587990760803,1.1026313304901123,300.0,0.237483332554499
20190329.0,1.409999966621399,40.0,12.0,0.05999999865889549,0.1080000028014183,0.10999999940395355,0.2090281844139099,1.1893571615219116,283.4112243652344,0.3785426914691925,243.29603576660156,222.61471557617188,0.0016960689099505544,1.8314481973648071,300.0,0.232777082982163
20190331.0,1.409999966621399,40.0,12.0,0.05999999865889549,0.1080000028014183,0.10999999940395355,0.2090281844139099,1.1893571615219116,282.0467224121094,0.3720936179161072,248.34951782226562,229.06298828125,1.0876375436782837,1.9345396757125854,300.0,0.225985416521629
20190401.0,1.409999966621399,40.0,12.0,0.05999999865889549,0.1080000028014183,0.10999999940395355,0.2090281844139099,1.1893571615219116,282.303955078125,0.37539440393447876,245.33023071289062,226.0960693359375,0.0017229340737685561,2.02797532081604,300.0,0.222233333004018
20190403.0,1.409999966621399,40.0,12.0,0.05999999865889549,0.1080000028014183,0.10999999940395355,0.2090281844139099,1.1893571615219116,280.7740173339844,0.3792390525341034,245.3376007080078,225.08432006835938,3.506458282470703,1.5875823497772217,300.0,0.223262498465677
20190404.0,1.409999966621399,40.0,12.0,0.05999999865889549,0.1080000028014183,0.10999999940395355,0.2090281844139099,1.1893571615219116,279.43212890625,0.381367564201355,248.04869079589844,226.40481567382812,0.3724088966846466,1.0659008026123047,300.0,0.224304165691137
20190406.0,1.409999966621399,40.0,12.0,0.05999999865889549,0.1080000028014183,0.10999999940395355,0.2090281844139099,1.1893571615219116,284.36309814453125,0.38595038652420044,250.98562622070312,230.05738830566406,0.1870693564414978,1.9589157104492188,300.0,0.21936458380272
20190408.0,1.409999966621399,40.0,12.0,0.05999999865889549,0.1080000028014183,0.10999999940395355,0.2090281844139099,1.1893571615219116,285.748291015625,0.38540491461753845,254.91116333007812,235.17306518554688,1.2467089891433716,1.9214298725128174,300.0,0.215020833226542
20190409.0,1.409999966621399,40.0,12.0,0.05999999865889549,0.1080000028014183,0.10999999940395355,0.2090281844139099,1.1893571615219116,284.2200622558594,0.3822058439254761,254.85968017578125,235.01611328125,0.3542402684688568,2.0470054149627686,300.0,0.220474999397993
20190411.0,1.409999966621399,40.0,12.0,0.05999999865889549,0.1080000028014183,0.10999999940395355,0.2090281844139099,1.1893571615219116,280.09234619140625,0.3770739436149597,252.83058166503906,232.82888793945312,0.0017271875403821468,2.0250418186187744,300.0,0.213922916911542
20190412.0,1.409999966621399,40.0,12.0,0.05999999865889549,0.1080000028014183,0.10999999940395355,0.2090281844139099,1.1893571615219116,279.09912109375,0.3745112717151642,255.42404174804688,233.822021484375,0.5414543151855469,1.8126012086868286,300.0,0.210627083977064
20190414.0,1.409999966621399,40.0,12.0,0.05999999865889549,0.1080000028014183,0.10999999940395355,0.2090281844139099,1.1893571615219116,278.6731262207031,0.3702428638935089,254.01370239257812,234.83192443847656,0.6178491115570068,2.043039321899414,300.0,0.20575454424728
20190416.0,1.409999966621399,40.0,12.0,0.05999999865889549,0.1080000028014183,0.10999999940395355,0.2090281844139099,1.1893571615219116,284.71466064453125,0.352362722158432,256.89556884765625,239.51092529296875,0.14310337603092194,2.482973098754883,300.0,0.200758334249258
20190417.0,1.409999966621399,40.0,12.0,0.05999999865889549,0.1080000028014183,0.10999999940395355,0.2090281844139099,1.1893571615219116,285.09765625,0.3359377682209015,260.341064453125,244.5240478515625,1.4707818031311035,1.5625172853469849,300.0,0.198435416445136
20190419.0,1.409999966621399,40.0,12.0,0.05999999865889549,0.1080000028014183,0.10999999940395355,0.2090281844139099,1.1893571615219116,288.5876159667969,0.30710369348526,261.85321044921875,245.36538696289062,0.003007840598002076,3.301116704940796,300.0,0.193233333838483
20190420.0,1.409999966621399,40.0,12.0,0.05999999865889549,0.1080000028014183,0.10999999940395355,0.2090281844139099,1.1893571615219116,289.0948791503906,0.29280588030815125,262.63690185546875,247.6844482421875,0.0,3.264529228210449,300.0,0.189718749995033
20190422.0,1.409999966621399,40.0,12.0,0.05999999865889549,0.1080000028014183,0.10999999940395355,0.2090281844139099,1.1893571615219116,289.3711853027344,0.2643064260482788,265.70819091796875,251.30580139160156,0.000852346362080425,3.637307643890381,300.0,0.183204166901608
20190424.0,1.409999966621399,40.0,12.0,0.05999999865889549,0.1080000028014183,0.10999999940395355,0.2090281844139099,1.1893571615219116,289.9705505371094,0.24752718210220337,270.73272705078125,255.41543579101562,4.355555534362793,3.2724432945251465,300.0,0.178049999910096
20190425.0,1.409999966621399,40.0,12.0,0.05999999865889549,0.1080000028014183,0.10999999940395355,0.2090281844139099,1.1893571615219116,286.0602111816406,0.24536636471748352,257.35455322265625,232.84629821777344,7.428527355194092,2.532634973526001,300.0,0.18996041547507
20190427.0,1.409999966621399,40.0,12.0,0.05999999865889549,0.1080000028014183,0.10999999940395355,0.2090281844139099,1.1893571615219116,282.70697021484375,0.2384895384311676,256.0993347167969,236.36073303222656,5.62324857711792,2.6216814517974854,300.0,0.198739583914479
20190428.0,1.409999966621399,40.0,12.0,0.05999999865889549,0.1080000028014183,0.10999999940395355,0.2090281844139099,1.1893571615219116,282.90997314453125,0.23519490659236908,255.16891479492188,233.45782470703125,1.3140445947647095,2.143601417541504,300.0,0.201483332552016
20190430.0,1.409999966621399,40.0,12.0,0.05999999865889549,0.1080000028014183,0.10999999940395355,0.2090281844139099,1.1893571615219116,285.95526123046875,0.22815772891044617,260.06195068359375,241.21905517578125,0.06404975801706314,2.246847629547119,300.0,0.194041667506099
20190502.0,1.409999966621399,40.0,12.0,0.05999999865889549,0.1080000028014183,0.10999999940395355,0.2090281844139099,1.1893571615219116,283.7578430175781,0.22933673858642578,262.28118896484375,243.86463928222656,3.1684863567352295,2.0362231731414795,300.0,0.189125001430511
20190503.0,1.409999966621399,40.0,12.0,0.05999999865889549,0.1080000028014183,0.10999999940395355,0.2090281844139099,1.1893571615219116,282.9630432128906,0.23462381958961487,259.64202880859375,240.39434814453125,2.3938403129577637,2.3641858100891113,300.0,0.193517021676327
20190505.0,1.409999966621399,40.0,12.0,0.05999999865889549,0.1080000028014183,0.10999999940395355,0.2090281844139099,1.1893571615219116,280.7996520996094,0.24329139292240143,252.21478271484375,230.684326171875,1.534111499786377,2.4314024448394775,300.0,0.236397499591112
20190506.0,1.409999966621399,40.0,12.0,0.05999999865889549,0.1080000028014183,0.10999999940395355,0.2090281844139099,1.1893571615219116,281.3240966796875,0.24786622822284698,255.8851318359375,232.61557006835938,1.7412716150283813,2.2145888805389404,300.0,0.237741666535536
20190508.0,1.409999966621399,40.0,12.0,0.05999999865889549,0.1080000028014183,0.10999999940395355,0.2090281844139099,1.1893571615219116,283.0839538574219,0.2579835057258606,258.7816162109375,238.25390625,7.0099334716796875,1.708338737487793,300.0,0.233029165615638
20190510.0,1.409999966621399,40.0,12.0,0.05999999865889549,0.1080000028014183,0.10999999940395355,0.2090281844139099,1.1893571615219116,284.85333251953125,0.25371333956718445,249.32781982421875,225.89320373535156,3.9700446128845215,2.6770548820495605,300.0,0.290606250365575
20190511.0,1.409999966621399,40.0,12.0,0.05999999865889549,0.1080000028014183,0.10999999940395355,0.2090281844139099,1.1893571615219116,284.38970947265625,0.2434486746788025,251.90403747558594,228.03289794921875,3.025820255279541,2.5723915100097656,300.0,0.279616666957736
20190513.0,1.409999966621399,40.0,12.0,0.05999999865889549,0.1080000028014183,0.10999999940395355,0.2090281844139099,1.1893571615219116,283.7315979003906,0.22671669721603394,255.88058471679688,236.24392700195312,0.0008523463038727641,3.257314682006836,300.0,0.252239583681027
20190514.0,1.409999966621399,40.0,12.0,0.05999999865889549,0.1080000028014183,0.10999999940395355,0.2090281844139099,1.1893571615219116,283.8707275390625,0.21825294196605682,261.7247314453125,242.41644287109375,0.000858306884765625,2.8833746910095215,300.0,0.241929166018963
20190516.0,1.409999966621399,40.0,12.0,0.05999999865889549,0.1080000028014183,0.10999999940395355,0.2090281844139099,1.1893571615219116,284.76593017578125,0.20111340284347534,263.08795166015625,245.15267944335938,0.5503872036933899,2.5926971435546875,300.0,0.222797916891674
20190518.0,1.409999966621399,40.0,12.0,0.05999999865889549,0.1080000028014183,0.10999999940395355,0.2090281844139099,1.1893571615219116,289.1233825683594,0.19321396946907043,258.8069763183594,238.7991943359375,1.4622094631195068,2.8477847576141357,300.0,0.220893477616103
20190519.0,1.409999966621399,40.0,12.0,0.05999999865889549,0.1080000028014183,0.10999999940395355,0.2090281844139099,1.1893571615219116,290.1051330566406,0.19433394074440002,261.40484619140625,244.94935607910156,0.23539812862873077,3.0380871295928955,300.0,0.220560416268806
20190521.0,1.409999966621399,40.0,12.0,0.05999999865889549,0.1080000028014183,0.10999999940395355,0.2090281844139099,1.1893571615219116,285.3218078613281,0.19442863762378693,258.1783447265625,238.11671447753906,2.8755877017974854,1.5814119577407837,300.0,0.234641667144994
20190522.0,1.409999966621399,40.0,12.0,0.05999999865889549,0.1080000028014183,0.10999999940395355,0.2090281844139099,1.1893571615219116,286.8724060058594,0.1946427971124649,258.2088623046875,238.9526824951172,0.12389656901359558,2.352154016494751,300.0,0.228920833207667
20190524.0,1.409999966621399,40.0,12.0,0.05999999865889549,0.1080000028014183,0.10999999940395355,0.2090281844139099,1.1893571615219116,290.05230712890625,0.19546249508857727,265.24761962890625,245.62579345703125,0.03754282742738724,3.7205798625946045,300.0,0.208266667090356
20190527.0,1.409999966621399,40.0,12.0,0.05999999865889549,0.1080000028014183,0.10999999940395355,0.2090281844139099,1.1893571615219116,289.3504638671875,0.1834549605846405,260.5740966796875,238.438720703125,1.6673566102981567,2.940134048461914,300.0,0.189904166695972
20190529.0,1.409999966621399,40.0,12.0,0.05999999865889549,0.1080000028014183,0.10999999940395355,0.2090281844139099,1.1893571615219116,287.310791015625,0.17236532270908356,257.15301513671875,237.0450439453125,0.015806498005986214,3.2865169048309326,300.0,0.187833333387971
20190530.0,1.409999966621399,40.0,12.0,0.05999999865889549,0.1080000028014183,0.10999999940395355,0.2090281844139099,1.1893571615219116,288.75396728515625,0.16678601503372192,264.31634521484375,244.41368103027344,0.9079768061637878,1.6858537197113037,300.0,0.185883334216972
20190601.0,1.409999966621399,40.0,12.0,0.05999999865889549,0.1080000028014183,0.10999999940395355,0.2090281844139099,1.1893571615219116,293.66180419921875,0.15551859140396118,266.4078369140625,250.78683471679688,0.0012874602107331157,4.015322685241699,300.0,0.175217856253896
20190607.0,1.409999966621399,40.0,12.0,0.05999999865889549,0.1080000028014183,0.10999999940395355,0.2090281844139099,1.1893571615219116,289.991943359375,0.14496451616287231,260.45025634765625,237.44415283203125,5.1335015296936035,4.251504421234131,300.0,0.174550000291604
20190609.0,1.409999966621399,40.0,12.0,0.05999999865889549,0.1080000028014183,0.10999999940395355,0.2090281844139099,1.1893571615219116,290.0599670410156,0.14201167225837708,261.54913330078125,242.9791259765625,0.45595213770866394,3.177248239517212,300.0,0.167745832974712
20190612.0,1.409999966621399,40.0,12.0,0.05999999865889549,0.1080000028014183,0.10999999940395355,0.2090281844139099,1.1893571615219116,288.7279968261719,0.16088463366031647,265.05438232421875,243.67764282226562,14.007688522338867,3.07576584815979,300.0,0.161497917957604
20190614.0,1.409999966621399,40.0,12.0,0.05999999865889549,0.1080000028014183,0.10999999940395355,0.2090281844139099,1.1893571615219116,292.015869140625,0.17999644577503204,262.2187194824219,242.557861328125,0.5393494963645935,3.2461414337158203,300.0,0.16253333290418
20190615.0,1.409999966621399,40.0,12.0,0.05999999865889549,0.1080000028014183,0.10999999940395355,0.2090281844139099,1.1893571615219116,291.2791748046875,0.19004732370376587,258.28863525390625,237.67022705078125,4.9907145500183105,3.220496654510498,300.0,0.169512499744693
20190617.0,1.409999966621399,40.0,12.0,0.05999999865889549,0.1080000028014183,0.10999999940395355,0.2090281844139099,1.1893571615219116,293.0907897949219,0.21141792833805084,267.5249938964844,247.2872772216797,0.0017086340812966228,3.7358434200286865,300.0,0.166477083538969
20190619.0,1.409999966621399,40.0,12.0,0.05999999865889549,0.1080000028014183,0.10999999940395355,0.2090281844139099,1.1893571615219116,294.7006530761719,0.2210116982460022,270.07452392578125,253.59097290039062,3.7085628509521484,4.1607489585876465,300.0,0.146420833965143
20190724.0,1.409999966621399,40.0,12.0,0.05999999865889549,0.1080000028014183,0.10999999940395355,0.2090281844139099,1.1893571615219116,303.26800537109375,0.31428369879722595,275.1474609375,259.23162841796875,0.00044139474630355835,3.869086742401123,300.0,0.072265217323666
20190725.0,1.409999966621399,40.0,12.0,0.05999999865889549,0.1080000028014183,0.10999999940395355,0.2090281844139099,1.1893571615219116,303.92071533203125,0.3153165280818939,275.68682861328125,261.70556640625,0.48504433035850525,3.772742748260498,300.0,0.0695291666003565
20190727.0,1.409999966621399,40.0,12.0,0.05999999865889549,0.1080000028014183,0.10999999940395355,0.2090281844139099,1.1893571615219116,295.7210693359375,0.3174925744533539,272.1874084472656,257.6440734863281,14.723709106445312,2.486511707305908,300.0,0.0668458332462857
20190729.0,1.409999966621399,40.0,12.0,0.05999999865889549,0.1080000028014183,0.10999999940395355,0.2090281844139099,1.1893571615219116,294.92523193359375,0.31791776418685913,260.64453125,246.98931884765625,0.0012755393981933594,3.4422197341918945,300.0,0.0761854161197941
20190730.0,1.409999966621399,40.0,12.0,0.05999999865889549,0.1080000028014183,0.10999999940395355,0.2090281844139099,1.1893571615219116,294.994873046875,0.31712934374809265,266.51947021484375,249.53341674804688,0.8556503653526306,3.4528868198394775,300.0,0.0748622228701909
20190801.0,1.409999966621399,40.0,12.0,0.05999999865889549,0.1080000028014183,0.10999999940395355,0.2090281844139099,1.1893571615219116,293.3292541503906,0.3159792423248291,270.744384765625,251.9875030517578,0.42654427886009216,2.544095993041992,300.0,0.0696979172838231
20190802.0,1.409999966621399,40.0,12.0,0.05999999865889549,0.1080000028014183,0.10999999940395355,0.2090281844139099,1.1893571615219116,292.6309814453125,0.3153712749481201,269.23883056640625,257.00836181640625,6.837882995605469,2.8614046573638916,300.0,0.0687666681284706
20190804.0,1.409999966621399,40.0,12.0,0.05999999865889549,0.1080000028014183,0.10999999940395355,0.2090281844139099,1.1893571615219116,294.64312744140625,0.3140740394592285,265.88897705078125,249.10446166992188,0.00666668638586998,2.788217782974243,300.0,0.067808333473901
20190806.0,1.409999966621399,40.0,12.0,0.05999999865889549,0.1080000028014183,0.10999999940395355,0.2090281844139099,1.1893571615219116,294.3726806640625,0.31414297223091125,270.6742248535156,256.4320983886719,2.1419851779937744,2.7415459156036377,300.0,0.0663770834604899
20190807.0,1.409999966621399,40.0,12.0,0.05999999865889549,0.1080000028014183,0.10999999940395355,0.2090281844139099,1.1893571615219116,293.6250915527344,0.31495699286460876,272.2335205078125,257.8624267578125,0.3035455048084259,2.766416549682617,300.0,0.0656375004133831
20190809.0,1.409999966621399,40.0,12.0,0.05999999865889549,0.1080000028014183,0.10999999940395355,0.2090281844139099,1.1893571615219116,294.3410949707031,0.31625550985336304,273.920654296875,257.474609375,13.623169898986816,2.401094436645508,300.0,0.0647708338219672
20190810.0,1.409999966621399,40.0,12.0,0.05999999865889549,0.1080000028014183,0.10999999940395355,0.2090281844139099,1.1893571615219116,294.4118957519531,0.3169343173503876,268.29486083984375,251.60498046875,0.10598839074373245,3.3546388149261475,300.0,0.0645291667121152
20190812.0,1.409999966621399,40.0,12.0,0.05999999865889549,0.1080000028014183,0.10999999940395355,0.2090281844139099,1.1893571615219116,291.3677978515625,0.31838953495025635,271.53216552734375,258.0498352050781,5.402787685394287,2.6193625926971436,300.0,0.0633187502001723
20190814.0,1.409999966621399,40.0,12.0,0.05999999865889549,0.1080000028014183,0.10999999940395355,0.2090281844139099,1.1893571615219116,290.1017761230469,0.31826251745224,261.78009033203125,247.07778930664062,3.4965333938598633,2.857867479324341,300.0,0.0631708335131407
20190815.0,1.409999966621399,40.0,12.0,0.05999999865889549,0.1080000028014183,0.10999999940395355,0.2090281844139099,1.1893571615219116,291.30450439453125,0.31729599833488464,260.94207763671875,244.3091583251953,2.2449557781219482,2.62951397895813,300.0,0.0637437504095336
20190817.0,1.409999966621399,40.0,12.0,0.05999999865889549,0.1080000028014183,0.10999999940395355,0.2090281844139099,1.1893571615219116,291.2507019042969,0.3157491087913513,264.9090576171875,249.08233642578125,5.394352912902832,2.1561081409454346,300.0,0.0639045450159095
20190818.0,1.409999966621399,40.0,12.0,0.05999999865889549,0.1080000028014183,0.10999999940395355,0.2090281844139099,1.1893571615219116,290.5258483886719,0.31495198607444763,254.7109375,236.25973510742188,20.59630584716797,1.4029011726379395,300.0,0.0790708335116506
20190820.0,1.409999966621399,40.0,12.0,0.05999999865889549,0.1080000028014183,0.10999999940395355,0.2090281844139099,1.1893571615219116,290.0326843261719,0.31335076689720154,261.2364501953125,244.56710815429688,0.24884724617004395,2.654658317565918,300.0,0.11607000057896
20190822.0,1.409999966621399,40.0,12.0,0.05999999865889549,0.1080000028014183,0.10999999940395355,0.2090281844139099,1.1893571615219116,292.3986511230469,0.31190526485443115,264.5682373046875,250.22247314453125,0.0,3.1196961402893066,300.0,0.105962499665717
20190823.0,1.409999966621399,40.0,12.0,0.05999999865889549,0.1080000028014183,0.10999999940395355,0.2090281844139099,1.1893571615219116,293.327880859375,0.3112703859806061,266.29547119140625,252.2156219482422,0.0012993812561035156,3.073277711868286,300.0,0.100316666532308
20190825.0,1.409999966621399,40.0,12.0,0.05999999865889549,0.1080000028014183,0.10999999940395355,0.2090281844139099,1.1893571615219116,295.9845886230469,0.3099653720855713,270.916259765625,257.25238037109375,0.0017174984095618129,2.9988083839416504,300.0,0.0863124999838571
20190826.0,1.409999966621399,40.0,12.0,0.05999999865889549,0.1080000028014183,0.10999999940395355,0.2090281844139099,1.1893571615219116,297.40264892578125,0.3092898726463318,273.63885498046875,262.20941162109375,0.28016823530197144,2.8727924823760986,300.0,0.0801874996783833
20190828.0,1.409999966621399,40.0,12.0,0.05999999865889549,0.1080000028014183,0.10999999940395355,0.2090281844139099,1.1893571615219116,297.1399841308594,0.3076298236846924,274.6378173828125,260.19500732421875,1.1885018348693848,2.7585909366607666,300.0,0.0707333326960603
20190830.0,1.409999966621399,40.0,12.0,0.05999999865889549,0.1080000028014183,0.10999999940395355,0.2090281844139099,1.1893571615219116,292.8515319824219,0.31110313534736633,265.9445495605469,254.70135498046875,0.0029966917354613543,2.6733734607696533,300.0,0.0764239122686179
20190831.0,1.409999966621399,40.0,12.0,0.05999999865889549,0.1080000028014183,0.10999999940395355,0.2090281844139099,1.1893571615219116,295.18341064453125,0.3157937526702881,268.80621337890625,257.4941101074219,0.2544981837272644,2.8603603839874268,300.0,0.073487500504901
20190902.0,1.409999966621399,40.0,12.0,0.05999999865889549,0.1080000028014183,0.10999999940395355,0.2090281844139099,1.1893571615219116,289.6823425292969,0.3239859640598297,267.9249267578125,257.4416809082031,0.019429702311754227,2.3314669132232666,300.0,0.0677479162501792
20190903.0,1.409999966621399,40.0,12.0,0.05999999865889549,0.1080000028014183,0.10999999940395355,0.2090281844139099,1.1893571615219116,289.6045227050781,0.3282355070114136,270.0730895996094,257.8232116699219,0.11521384865045547,1.3988255262374878,300.0,0.0664395834319293
20190905.0,1.409999966621399,40.0,12.0,0.05999999865889549,0.1080000028014183,0.10999999940395355,0.2090281844139099,1.1893571615219116,288.0330810546875,0.3373311460018158,265.167236328125,250.5939178466797,0.4624840319156647,1.6781940460205078,300.0,0.0650166673585773
20190907.0,1.409999966621399,40.0,12.0,0.05999999865889549,0.1080000028014183,0.10999999940395355,0.2090281844139099,1.1893571615219116,288.27789306640625,0.33767813444137573,267.6893615722656,254.66558837890625,9.414135932922363,2.105114698410034,300.0,0.0637145830163111
20190908.0,1.409999966621399,40.0,12.0,0.05999999865889549,0.1080000028014183,0.10999999940395355,0.2090281844139099,1.1893571615219116,287.1947326660156,0.33284249901771545,267.26483154296875,251.02490234375,2.0800621509552,1.8200736045837402,300.0,0.0635104169292996
20190910.0,1.409999966621399,40.0,12.0,0.05999999865889549,0.1080000028014183,0.10999999940395355,0.2090281844139099,1.1893571615219116,287.7826232910156,0.3253535330295563,265.5941162109375,253.00741577148438,0.00042617321014404297,1.9464613199234009,300.0,0.0625812494351218
20190911.0,1.409999966621399,40.0,12.0,0.05999999865889549,0.1080000028014183,0.10999999940395355,0.2090281844139099,1.1893571615219116,288.143798828125,0.3214346468448639,269.19854736328125,255.34152221679688,2.0094857215881348,1.6336753368377686,300.0,0.0621208340550462
20190913.0,1.409999966621399,40.0,12.0,0.05999999865889549,0.1080000028014183,0.10999999940395355,0.2090281844139099,1.1893571615219116,291.0719909667969,0.3128452003002167,271.9704284667969,257.8860778808594,1.206209659576416,1.1668320894241333,300.0,0.0615708323506018
20190915.0,1.409999966621399,40.0,12.0,0.05999999865889549,0.1080000028014183,0.10999999940395355,0.2090281844139099,1.1893571615219116,289.6340637207031,0.317594051361084,268.39739990234375,255.94851684570312,0.0,2.043038845062256,300.0,0.0601604168768972
20190916.0,1.409999966621399,40.0,12.0,0.05999999865889549,0.1080000028014183,0.10999999940395355,0.2090281844139099,1.1893571615219116,287.7121276855469,0.32765835523605347,272.7562255859375,259.24066162109375,0.7087016701698303,0.46841588616371155,300.0,0.059841666991512
20190918.0,1.409999966621399,40.0,12.0,0.05999999865889549,0.1080000028014183,0.10999999940395355,0.2090281844139099,1.1893571615219116,285.48876953125,0.34479472041130066,268.380615234375,255.79940795898438,0.18944312632083893,1.2290312051773071,300.0,0.0592437500599772
20190919.0,1.409999966621399,40.0,12.0,0.05999999865889549,0.1080000028014183,0.10999999940395355,0.2090281844139099,1.1893571615219116,285.4903564453125,0.35382726788520813,268.5714416503906,254.63888549804688,0.0,1.3675941228866577,300.0,0.0588812507533779
20190921.0,1.409999966621399,40.0,12.0,0.05999999865889549,0.1080000028014183,0.10999999940395355,0.2090281844139099,1.1893571615219116,289.1500244140625,0.37372687458992004,269.13946533203125,255.90728759765625,0.0,2.1366560459136963,300.0,0.0580687501933426
20190923.0,1.409999966621399,40.0,12.0,0.05999999865889549,0.1080000028014183,0.10999999940395355,0.2090281844139099,1.1893571615219116,289.50885009765625,0.36805886030197144,256.00201416015625,236.01278686523438,8.601397514343262,1.7700855731964111,300.0,0.066420833968247
20190924.0,1.409999966621399,40.0,12.0,0.05999999865889549,0.1080000028014183,0.10999999940395355,0.2090281844139099,1.1893571615219116,288.418212890625,0.3507595956325531,260.0052490234375,242.0875244140625,6.820821762084961,1.787451148033142,300.0,0.073454999923706
20190926.0,1.409999966621399,40.0,12.0,0.05999999865889549,0.1080000028014183,0.10999999940395355,0.2090281844139099,1.1893571615219116,288.5865478515625,0.323029100894928,261.4640808105469,243.1590576171875,12.189142227172852,1.8363418579101562,300.0,0.0794968750560656
20190927.0,1.409999966621399,40.0,12.0,0.05999999865889549,0.1080000028014183,0.10999999940395355,0.2090281844139099,1.1893571615219116,289.0674133300781,0.30906879901885986,260.0574645996094,241.76641845703125,2.152972459793091,2.236553192138672,300.0,0.0839291663529972
20191001.0,1.409999966621399,40.0,12.0,0.05999999865889549,0.1080000028014183,0.10999999940395355,0.2090281844139099,1.1893571615219116,287.95758056640625,0.26533856987953186,251.55453491210938,232.5706787109375,27.822067260742188,2.1150903701782227,300.0,0.13689583276088
20191002.0,1.409999966621399,40.0,12.0,0.05999999865889549,0.1080000028014183,0.10999999940395355,0.2090281844139099,1.1893571615219116,284.92547607421875,0.2639111280441284,245.39093017578125,224.5913543701172,3.7661874294281006,2.1524577140808105,300.0,0.153637499548495
20191004.0,1.409999966621399,40.0,12.0,0.05999999865889549,0.1080000028014183,0.10999999940395355,0.2090281844139099,1.1893571615219116,283.5681457519531,0.25836727023124695,248.82559204101562,228.16000366210938,13.875513076782227,1.64976167678833,300.0,0.161166668248673
20191005.0,1.409999966621399,40.0,12.0,0.05999999865889549,0.1080000028014183,0.10999999940395355,0.2090281844139099,1.1893571615219116,283.8002014160156,0.2557590901851654,247.44871520996094,227.1650390625,0.24080915749073029,1.307517409324646,300.0,0.176151110728582
20191007.0,1.409999966621399,40.0,12.0,0.05999999865889549,0.1080000028014183,0.10999999940395355,0.2090281844139099,1.1893571615219116,284.53570556640625,0.25033706426620483,244.23851013183594,224.13580322265625,0.546777606010437,1.2042783498764038,300.0,0.195945833188792
20191009.0,1.409999966621399,40.0,12.0,0.05999999865889549,0.1080000028014183,0.10999999940395355,0.2090281844139099,1.1893571615219116,284.2966003417969,0.24879945814609528,245.83709716796875,226.34994506835938,5.90825080871582,1.7116961479187012,300.0,0.20133333435903
20191012.0,1.409999966621399,40.0,12.0,0.05999999865889549,0.1080000028014183,0.10999999940395355,0.2090281844139099,1.1893571615219116,289.3519287109375,0.2521669864654541,251.0614776611328,231.27883911132812,0.24335134029388428,1.3337571620941162,300.0,0.184752083383501
20191013.0,1.409999966621399,40.0,12.0,0.05999999865889549,0.1080000028014183,0.10999999940395355,0.2090281844139099,1.1893571615219116,291.9526672363281,0.2531662583351135,253.663330078125,231.60305786132812,0.2024775743484497,1.8259973526000977,300.0,0.180643750354648
20191015.0,1.409999966621399,40.0,12.0,0.05999999865889549,0.1080000028014183,0.10999999940395355,0.2090281844139099,1.1893571615219116,288.0317077636719,0.2548230290412903,254.65333557128906,237.6166229248047,11.10739517211914,1.0007518529891968,300.0,0.188620834611356
20191017.0,1.409999966621399,40.0,12.0,0.05999999865889549,0.1080000028014183,0.10999999940395355,0.2090281844139099,1.1893571615219116,287.017333984375,0.26222479343414307,252.68475341796875,230.38430786132812,4.812228679656982,1.472985863685608,300.0,0.209906249617537
20191018.0,1.409999966621399,40.0,12.0,0.05999999865889549,0.1080000028014183,0.10999999940395355,0.2090281844139099,1.1893571615219116,286.1512451171875,0.26926830410957336,249.13992309570312,229.50454711914062,4.420300483703613,2.038452625274658,300.0,0.216960416485866
20191020.0,1.409999966621399,40.0,12.0,0.05999999865889549,0.1080000028014183,0.10999999940395355,0.2090281844139099,1.1893571615219116,284.28619384765625,0.2821201682090759,248.04800415039062,229.8948516845703,27.274883270263672,0.45722463726997375,300.0,0.230575000246366
20191021.0,1.409999966621399,40.0,12.0,0.05999999865889549,0.1080000028014183,0.10999999940395355,0.2090281844139099,1.1893571615219116,286.0655212402344,0.28880295157432556,245.47640991210938,226.56570434570312,1.958082675933838,1.0260380506515503,300.0,0.230920832914611
20191023.0,1.409999966621399,40.0,12.0,0.05999999865889549,0.1080000028014183,0.10999999940395355,0.2090281844139099,1.1893571615219116,286.19805908203125,0.3033705949783325,248.5761260986328,229.23690795898438,0.42744559049606323,1.0577237606048584,300.0,0.215675000411769
20191025.0,1.409999966621399,40.0,12.0,0.05999999865889549,0.1080000028014183,0.10999999940395355,0.2090281844139099,1.1893571615219116,286.9945373535156,0.30109456181526184,251.2535400390625,231.2695770263672,0.0028451071120798588,1.198451280593872,300.0,0.20718124974519
20191026.0,1.409999966621399,40.0,12.0,0.05999999865889549,0.1080000028014183,0.10999999940395355,0.2090281844139099,1.1893571615219116,288.7818603515625,0.29036620259284973,252.61941528320312,232.31051635742188,0.029701147228479385,1.6016095876693726,300.0,0.203702083788812
20191028.0,1.409999966621399,40.0,12.0,0.05999999865889549,0.1080000028014183,0.10999999940395355,0.2090281844139099,1.1893571615219116,281.1991271972656,0.2732967138290405,247.1801300048828,227.07781982421875,0.03396447375416756,0.6332252025604248,300.0,0.214110417291522
20191029.0,1.409999966621399,40.0,12.0,0.05999999865889549,0.1080000028014183,0.10999999940395355,0.2090281844139099,1.1893571615219116,280.7407531738281,0.26458272337913513,248.62503051757812,229.08419799804688,0.003893667133525014,0.7558723092079163,300.0,0.210185416353246
20191031.0,1.409999966621399,40.0,12.0,0.05999999865889549,0.1080000028014183,0.10999999940395355,0.2090281844139099,1.1893571615219116,277.5395812988281,0.24656283855438232,248.06878662109375,227.99154663085938,0.0,0.7915105819702148,300.0,0.203766666352749
20191102.0,1.409999966621399,40.0,12.0,0.05999999865889549,0.1080000028014183,0.10999999940395355,0.2090281844139099,1.1893571615219116,285.8232116699219,0.24358804523944855,243.13662719726562,221.16033935546875,4.553008079528809,1.5156770944595337,300.0,0.219216667115688
20191103.0,1.409999966621399,40.0,12.0,0.05999999865889549,0.1080000028014183,0.10999999940395355,0.2090281844139099,1.1893571615219116,283.76312255859375,0.2505563497543335,244.01480102539062,222.98138427734375,8.743617057800293,0.9243081212043762,300.0,0.227118749481936
20191105.0,1.409999966621399,40.0,12.0,0.05999999865889549,0.1080000028014183,0.10999999940395355,0.2090281844139099,1.1893571615219116,281.2117004394531,0.2610253691673279,245.50518798828125,223.8589324951172,1.889458417892456,0.8067144751548767,300.0,0.238539583049715
20191106.0,1.409999966621399,40.0,12.0,0.05999999865889549,0.1080000028014183,0.10999999940395355,0.2090281844139099,1.1893571615219116,280.7405700683594,0.26654019951820374,242.76937866210938,220.5560302734375,2.7614567279815674,0.598087728023529,300.0,0.239139585445325
20191108.0,1.409999966621399,40.0,12.0,0.05999999865889549,0.1080000028014183,0.10999999940395355,0.2090281844139099,1.1893571615219116,278.0657043457031,0.27759799361228943,240.86355590820312,220.89950561523438,0.016078729182481766,0.46034395694732666,300.0,0.238018748660882
20191110.0,1.409999966621399,40.0,12.0,0.05999999865889549,0.1080000028014183,0.10999999940395355,0.2090281844139099,1.1893571615219116,275.4287414550781,0.29043909907341003,239.76611328125,218.25204467773438,0.000852346362080425,0.3179914057254791,300.0,0.22748214378953
20191111.0,1.409999966621399,40.0,12.0,0.05999999865889549,0.1080000028014183,0.10999999940395355,0.2090281844139099,1.1893571615219116,278.01776123046875,0.29787343740463257,243.72206115722656,222.6859130859375,1.7907081842422485,0.7949566841125488,300.0,0.225250000045413
20191113.0,1.409999966621399,40.0,12.0,0.05999999865889549,0.1080000028014183,0.10999999940395355,0.2090281844139099,1.1893571615219116,277.9782409667969,0.31254690885543823,243.1094970703125,220.94345092773438,1.2418310642242432,0.7526591420173645,300.0,0.224408333500226
20191114.0,1.409999966621399,40.0,12.0,0.05999999865889549,0.1080000028014183,0.10999999940395355,0.2090281844139099,1.1893571615219116,277.5348815917969,0.3200196921825409,243.4385986328125,222.88815307617188,0.2216476947069168,0.39752456545829773,300.0,0.224495833118757
20191116.0,1.409999966621399,40.0,12.0,0.05999999865889549,0.1080000028014183,0.10999999940395355,0.2090281844139099,1.1893571615219116,275.8943786621094,0.3353043496608734,241.16497802734375,219.67547607421875,0.0013660098193213344,0.3448386490345001,300.0,0.219111363657496
20191118.0,1.409999966621399,40.0,12.0,0.05999999865889549,0.1080000028014183,0.10999999940395355,0.2090281844139099,1.1893571615219116,277.4132080078125,0.3485355079174042,235.5985107421875,215.40011596679688,24.478496551513672,0.5271321535110474,300.0,0.266170835432907
20191119.0,1.409999966621399,40.0,12.0,0.05999999865889549,0.1080000028014183,0.10999999940395355,0.2090281844139099,1.1893571615219116,276.7088317871094,0.3538908362388611,236.958984375,214.23098754882812,1.7358537912368774,0.595516562461853,300.0,0.262493748838703
20191121.0,1.409999966621399,40.0,12.0,0.05999999865889549,0.1080000028014183,0.10999999940395355,0.2090281844139099,1.1893571615219116,276.1549987792969,0.36526983976364136,242.3921356201172,222.4037322998047,0.005668974947184324,0.2571435868740082,300.0,0.239111110981968
20191122.0,1.409999966621399,40.0,12.0,0.05999999865889549,0.1080000028014183,0.10999999940395355,0.2090281844139099,1.1893571615219116,278.3732604980469,0.3710394501686096,239.03738403320312,216.17306518554688,0.6690394282341003,0.5214654207229614,300.0,0.234687500012418
20191124.0,1.409999966621399,40.0,12.0,0.05999999865889549,0.1080000028014183,0.10999999940395355,0.2090281844139099,1.1893571615219116,277.8175048828125,0.3834573030471802,239.06932067871094,214.6514129638672,0.020868929103016853,0.20067548751831055,300.0,0.227597915877899
20191126.0,1.409999966621399,40.0,12.0,0.05999999865889549,0.1080000028014183,0.10999999940395355,0.2090281844139099,1.1893571615219116,281.989013671875,0.3832141160964966,241.61737060546875,217.30360412597656,1.6210087537765503,0.6107710003852844,300.0,0.222743748997649
20191127.0,1.409999966621399,40.0,12.0,0.05999999865889549,0.1080000028014183,0.10999999940395355,0.2090281844139099,1.1893571615219116,282.5319519042969,0.37585023045539856,240.4011993408203,218.07260131835938,6.342234134674072,1.8718600273132324,300.0,0.22748125034074
20191129.0,1.409999966621399,40.0,12.0,0.05999999865889549,0.1080000028014183,0.10999999940395355,0.2090281844139099,1.1893571615219116,278.18505859375,0.3643159568309784,236.53419494628906,214.63113403320312,0.6667830944061279,0.7357780337333679,300.0,0.244835417096814
20191130.0,1.409999966621399,40.0,12.0,0.05999999865889549,0.1080000028014183,0.10999999940395355,0.2090281844139099,1.1893571615219116,274.7884521484375,0.3583182096481323,235.25546264648438,210.6221923828125,0.004859251901507378,0.10730261355638504,300.0,0.239296428859234
20191202.0,1.409999966621399,40.0,12.0,0.05999999865889549,0.1080000028014183,0.10999999940395355,0.2090281844139099,1.1893571615219116,275.185546875,0.345312237739563,238.89532470703125,218.65640258789062,0.7696254849433899,0.20517100393772125,300.0,0.231583333512147
20191204.0,1.409999966621399,40.0,12.0,0.05999999865889549,0.1080000028014183,0.10999999940395355,0.2090281844139099,1.1893571615219116,274.4229736328125,0.350988507270813,238.23439025878906,214.92739868164062,0.002944269683212042,0.2988014221191406,300.0,0.226788235499578
20191205.0,1.409999966621399,40.0,12.0,0.05999999865889549,0.1080000028014183,0.10999999940395355,0.2090281844139099,1.1893571615219116,272.882080078125,0.3646031320095062,245.41586303710938,222.3651123046875,0.010944195091724396,0.21154938638210297,300.0,0.224366664886475
20191207.0,1.409999966621399,40.0,12.0,0.05999999865889549,0.1080000028014183,0.10999999940395355,0.2090281844139099,1.1893571615219116,280.4913024902344,0.38771161437034607,237.87075805664062,215.60595703125,0.5514362454414368,0.5856735706329346,300.0,0.235585416356723
20191208.0,1.409999966621399,40.0,12.0,0.05999999865889549,0.1080000028014183,0.10999999940395355,0.2090281844139099,1.1893571615219116,281.2442932128906,0.39987799525260925,240.0876922607422,215.96109008789062,2.697237730026245,1.149279236793518,300.0,0.234822916177412
20191210.0,1.409999966621399,40.0,12.0,0.05999999865889549,0.1080000028014183,0.10999999940395355,0.2090281844139099,1.1893571615219116,276.4886169433594,0.4259430766105652,235.0019989013672,209.81947326660156,0.006887469906359911,0.5001413822174072,300.0,0.246810416691005
20191212.0,1.409999966621399,40.0,12.0,0.05999999865889549,0.1080000028014183,0.10999999940395355,0.2090281844139099,1.1893571615219116,276.7792053222656,0.43115857243537903,236.30563354492188,212.62477111816406,1.4080363512039185,0.8496409058570862,300.0,0.255008332120876
20191213.0,1.409999966621399,40.0,12.0,0.05999999865889549,0.1080000028014183,0.10999999940395355,0.2090281844139099,1.1893571615219116,277.23663330078125,0.42166027426719666,232.82904052734375,210.6207275390625,10.499887466430664,0.968494713306427,300.0,0.260166662434737
20191215.0,1.409999966621399,40.0,12.0,0.05999999865889549,0.1080000028014183,0.10999999940395355,0.2090281844139099,1.1893571615219116,279.7900085449219,0.4079599380493164,230.9160919189453,203.80276489257812,3.073838949203491,1.1524460315704346,300.0,0.265977085878452
20191216.0,1.409999966621399,40.0,12.0,0.05999999865889549,0.1080000028014183,0.10999999940395355,0.2090281844139099,1.1893571615219116,279.5146484375,0.40082255005836487,236.30435180664062,209.707275390625,2.761624336242676,0.10167456418275833,300.0,0.255462500266731
20191218.0,1.409999966621399,40.0,12.0,0.05999999865889549,0.1080000028014183,0.10999999940395355,0.2090281844139099,1.1893571615219116,280.0084533691406,0.38620567321777344,235.2276611328125,212.02354431152344,0.03705975040793419,0.5137656331062317,300.0,0.254247916551928
20191220.0,1.409999966621399,40.0,12.0,0.05999999865889549,0.1080000028014183,0.10999999940395355,0.2090281844139099,1.1893571615219116,282.53363037109375,0.3798454999923706,237.31756591796875,211.18096923828125,3.0419704914093018,1.4068721532821655,300.0,0.243016666732728
20191221.0,1.409999966621399,40.0,12.0,0.05999999865889549,0.1080000028014183,0.10999999940395355,0.2090281844139099,1.1893571615219116,279.5174865722656,0.38128581643104553,236.74929809570312,212.70037841796875,1.3675743341445923,0.5475633144378662,300.0,0.24121458393832
20191223.0,1.409999966621399,40.0,12.0,0.05999999865889549,0.1080000028014183,0.10999999940395355,0.2090281844139099,1.1893571615219116,279.7336730957031,0.38220709562301636,234.598388671875,211.47427368164062,0.9179981350898743,0.7012113928794861,300.0,0.256420833369096
20191224.0,1.409999966621399,40.0,12.0,0.05999999865889549,0.1080000028014183,0.10999999940395355,0.2090281844139099,1.1893571615219116,279.7131652832031,0.38287144899368286,235.8555908203125,213.22705078125,8.906926155090332,1.0210834741592407,300.0,0.250839583575726
20191226.0,1.409999966621399,40.0,12.0,0.05999999865889549,0.1080000028014183,0.10999999940395355,0.2090281844139099,1.1893571615219116,277.75909423828125,0.3851705491542816,232.87481689453125,210.95413208007812,4.150052070617676,0.40351608395576477,300.0,0.253212499121825
20191228.0,1.409999966621399,40.0,12.0,0.05999999865889549,0.1080000028014183,0.10999999940395355,0.2090281844139099,1.1893571615219116,273.22137451171875,0.37158215045928955,230.33047485351562,205.17120361328125,0.0011148735648021102,0.1708066761493683,300.0,0.254317857857261
20191229.0,1.409999966621399,40.0,12.0,0.05999999865889549,0.1080000028014183,0.10999999940395355,0.2090281844139099,1.1893571615219116,272.83111572265625,0.35584619641304016,240.23348999023438,218.24227905273438,0.04658837988972664,0.20912496745586395,300.0,0.246970834831397
20191231.0,1.409999966621399,40.0,12.0,0.05999999865889549,0.1080000028014183,0.10999999940395355,0.2090281844139099,1.1893571615219116,276.5308837890625,0.32736527919769287,239.3001708984375,217.43746948242188,0.03205568343400955,0.1461251825094223,300.0,0.240570832664768
20200103.0,1.409999966621399,40.0,12.0,0.05999999865889549,0.1080000028014183,0.10999999940395355,0.2090281844139099,1.1893571615219116,280.4448547363281,0.5760165452957153,235.8702392578125,211.77223205566406,1.9999672174453735,0.5608325004577637,300.0,0.234466666621821
20200105.0,1.409999966621399,40.0,12.0,0.05999999865889549,0.1080000028014183,0.10999999940395355,0.2090281844139099,1.1893571615219116,278.39715576171875,0.5930638909339905,235.46197509765625,211.6373291015625,0.18683139979839325,0.45816323161125183,300.0,0.235631250155469
20200106.0,1.409999966621399,40.0,12.0,0.05999999865889549,0.1080000028014183,0.10999999940395355,0.2090281844139099,1.1893571615219116,277.5438232421875,0.6021414995193481,236.17376708984375,211.68418884277344,0.10975677520036697,0.42637965083122253,300.0,0.233433332294226
20200108.0,1.409999966621399,40.0,12.0,0.05999999865889549,0.1080000028014183,0.10999999940395355,0.2090281844139099,1.1893571615219116,282.62799072265625,0.62126225233078,240.68861389160156,213.5287628173828,3.6452715396881104,0.2311525046825409,300.0,0.23391041594247
20200109.0,1.409999966621399,40.0,12.0,0.05999999865889549,0.1080000028014183,0.10999999940395355,0.2090281844139099,1.1893571615219116,283.6956787109375,0.628512442111969,238.4996795654297,214.67324829101562,4.683918476104736,1.1191531419754028,300.0,0.2465979186818
20200111.0,1.409999966621399,40.0,12.0,0.05999999865889549,0.1080000028014183,0.10999999940395355,0.2090281844139099,1.1893571615219116,277.2483215332031,0.6265029907226562,232.85472106933594,210.15921020507812,0.004296016413718462,0.3840465843677521,300.0,0.257681251193086
20200113.0,1.409999966621399,40.0,12.0,0.05999999865889549,0.1080000028014183,0.10999999940395355,0.2090281844139099,1.1893571615219116,280.17535400390625,0.6240324974060059,234.677001953125,210.60293579101562,0.30908405780792236,0.48534858226776123,300.0,0.247289583707849
20200114.0,1.409999966621399,40.0,12.0,0.05999999865889549,0.1080000028014183,0.10999999940395355,0.2090281844139099,1.1893571615219116,282.71441650390625,0.6225990056991577,236.9977264404297,211.46200561523438,2.2183997631073,1.339296579360962,300.0,0.243760417215526
20200116.0,1.409999966621399,40.0,12.0,0.05999999865889549,0.1080000028014183,0.10999999940395355,0.2090281844139099,1.1893571615219116,279.3268127441406,0.6194215416908264,234.41648864746094,212.4353790283203,0.0016966223483905196,0.35009825229644775,300.0,0.238379166461527
20200117.0,1.409999966621399,40.0,12.0,0.05999999865889549,0.1080000028014183,0.10999999940395355,0.2090281844139099,1.1893571615219116,280.4118957519531,0.6189444065093994,237.96435546875,213.0916748046875,0.9008511304855347,0.6377480030059814,300.0,0.236322916733722
20200119.0,1.409999966621399,40.0,12.0,0.05999999865889549,0.1080000028014183,0.10999999940395355,0.2090281844139099,1.1893571615219116,275.3167724609375,0.6254985332489014,233.46621704101562,209.08145141601562,1.268306851387024,0.40246596932411194,300.0,0.241335712905441
20200127.0,1.409999966621399,40.0,12.0,0.05999999865889549,0.1080000028014183,0.10999999940395355,0.2090281844139099,1.1893571615219116,279.68096923828125,0.6301447153091431,237.85171508789062,212.87210083007812,8.136748313903809,1.0597257614135742,300.0,0.229535415458182
20200129.0,1.409999966621399,40.0,12.0,0.05999999865889549,0.1080000028014183,0.10999999940395355,0.2090281844139099,1.1893571615219116,276.512451171875,0.6148802638053894,235.74462890625,206.92263793945312,0.3601745367050171,0.6244804859161377,300.0,0.243263638832352
20200130.0,1.409999966621399,40.0,12.0,0.05999999865889549,0.1080000028014183,0.10999999940395355,0.2090281844139099,1.1893571615219116,280.49371337890625,0.6070702075958252,235.96339416503906,210.07470703125,1.4940412044525146,0.605538547039032,300.0,0.24154166597873
20200202.0,1.409999966621399,40.0,12.0,0.05999999865889549,0.1080000028014183,0.10999999940395355,0.2090281844139099,1.1893571615219116,281.5828552246094,0.5860700011253357,233.01129150390625,208.4123992919922,6.686596393585205,0.7819429039955139,300.0,0.273766667271654
20200204.0,1.409999966621399,40.0,12.0,0.05999999865889549,0.1080000028014183,0.10999999940395355,0.2090281844139099,1.1893571615219116,277.08770751953125,0.6012827157974243,230.7732696533203,207.50848388671875,5.4612812995910645,1.3020633459091187,300.0,0.288072727620602
20200206.0,1.409999966621399,40.0,12.0,0.05999999865889549,0.1080000028014183,0.10999999940395355,0.2090281844139099,1.1893571615219116,276.6036682128906,0.6174547672271729,228.78390502929688,204.56680297851562,0.004535742569714785,0.3647266924381256,300.0,0.263723810513814
20200207.0,1.409999966621399,40.0,12.0,0.05999999865889549,0.1080000028014183,0.10999999940395355,0.2090281844139099,1.1893571615219116,275.93023681640625,0.6259677410125732,232.62234497070312,208.3974609375,0.00048707175301387906,0.6903327107429504,300.0,0.255929999798536
20200209.0,1.409999966621399,40.0,12.0,0.05999999865889549,0.1080000028014183,0.10999999940395355,0.2090281844139099,1.1893571615219116,282.21923828125,0.6439000368118286,235.0333251953125,210.36380004882812,8.085227966308594,1.86029851436615,300.0,0.247904166889687
20200210.0,1.409999966621399,40.0,12.0,0.05999999865889549,0.1080000028014183,0.10999999940395355,0.2090281844139099,1.1893571615219116,279.7870178222656,0.6505856513977051,229.86370849609375,204.99844360351562,12.918885231018066,3.357367753982544,300.0,0.263912498640517
20200212.0,1.409999966621399,40.0,12.0,0.05999999865889549,0.1080000028014183,0.10999999940395355,0.2090281844139099,1.1893571615219116,276.8937072753906,0.6477950811386108,228.69589233398438,203.60719299316406,0.926209032535553,1.0125744342803955,300.0,0.262585416436195
20200214.0,1.409999966621399,40.0,12.0,0.05999999865889549,0.1080000028014183,0.10999999940395355,0.2090281844139099,1.1893571615219116,279.57818603515625,0.6445577144622803,229.057373046875,208.71340942382812,0.3078130781650543,0.8666145205497742,300.0,0.263327083239953
20200215.0,1.409999966621399,40.0,12.0,0.05999999865889549,0.1080000028014183,0.10999999940395355,0.2090281844139099,1.1893571615219116,281.7169494628906,0.6427617073059082,230.99252319335938,205.79153442382812,0.08328480273485184,0.9014812707901001,300.0,0.258289584890008
20200217.0,1.409999966621399,40.0,12.0,0.05999999865889549,0.1080000028014183,0.10999999940395355,0.2090281844139099,1.1893571615219116,280.7867431640625,0.6390479207038879,232.81967163085938,205.31015014648438,2.7258880138397217,1.6720929145812988,300.0,0.281568748255571
20200218.0,1.409999966621399,40.0,12.0,0.05999999865889549,0.1080000028014183,0.10999999940395355,0.2090281844139099,1.1893571615219116,279.6458740234375,0.6376559734344482,230.62811279296875,205.34359741210938,1.4398730993270874,1.160590410232544,300.0,0.27008124999702
20200220.0,1.409999966621399,40.0,12.0,0.05999999865889549,0.1080000028014183,0.10999999940395355,0.2090281844139099,1.1893571615219116,280.58941650390625,0.6379808187484741,232.42555236816406,209.74429321289062,4.872631072998047,1.6480319499969482,300.0,0.262868750840425
20200222.0,1.409999966621399,40.0,12.0,0.05999999865889549,0.1080000028014183,0.10999999940395355,0.2090281844139099,1.1893571615219116,280.65093994140625,0.6383935213088989,230.60061645507812,204.19345092773438,2.6370108127593994,1.1220788955688477,300.0,0.264610415324569
20200223.0,1.409999966621399,40.0,12.0,0.05999999865889549,0.1080000028014183,0.10999999940395355,0.2090281844139099,1.1893571615219116,281.4353332519531,0.6386489272117615,227.8323974609375,205.45553588867188,12.213560104370117,2.116515874862671,300.0,0.275329167023301
20200225.0,1.409999966621399,40.0,12.0,0.05999999865889549,0.1080000028014183,0.10999999940395355,0.2090281844139099,1.1893571615219116,280.4952087402344,0.6393545269966125,232.70709228515625,206.09326171875,6.622995853424072,1.7055392265319824,300.0,0.278804167484244
20200226.0,1.409999966621399,40.0,12.0,0.05999999865889549,0.1080000028014183,0.10999999940395355,0.2090281844139099,1.1893571615219116,276.1361389160156,0.6390265822410583,226.5536651611328,204.46759033203125,6.380587577819824,1.3922467231750488,300.0,0.290612499540051
20200228.0,1.409999966621399,40.0,12.0,0.05999999865889549,0.1080000028014183,0.10999999940395355,0.2090281844139099,1.1893571615219116,276.4747619628906,0.6337859630584717,227.81239318847656,204.41201782226562,5.034421920776367,1.3605002164840698,300.0,0.290711111492581
20200301.0,1.409999966621399,40.0,12.0,0.05999999865889549,0.1080000028014183,0.10999999940395355,0.2090281844139099,1.1893571615219116,279.8697814941406,0.6284446716308594,228.89312744140625,202.53436279296875,3.2197105884552,1.3536443710327148,300.0,0.273343751206994
20200302.0,1.409999966621399,40.0,12.0,0.05999999865889549,0.1080000028014183,0.10999999940395355,0.2090281844139099,1.1893571615219116,278.5469055175781,0.6256875395774841,229.85006713867188,205.53933715820312,6.861509323120117,1.0952669382095337,300.0,0.270216667403777
20200304.0,1.409999966621399,40.0,12.0,0.05999999865889549,0.1080000028014183,0.10999999940395355,0.2090281844139099,1.1893571615219116,278.31103515625,0.6196069717407227,228.12835693359375,204.72515869140625,1.4774901866912842,1.2520078420639038,300.0,0.270395835240682
20200305.0,1.409999966621399,40.0,12.0,0.05999999865889549,0.1080000028014183,0.10999999940395355,0.2090281844139099,1.1893571615219116,278.3655090332031,0.6186400055885315,230.4451904296875,205.20663452148438,13.143877983093262,1.0773886442184448,300.0,0.269879167278608
20200307.0,1.409999966621399,40.0,12.0,0.05999999865889549,0.1080000028014183,0.10999999940395355,0.2090281844139099,1.1893571615219116,278.76080322265625,0.6307063698768616,227.26226806640625,203.8309783935547,0.2523362338542938,1.110911250114441,300.0,0.277533333127697
20200309.0,1.409999966621399,40.0,12.0,0.05999999865889549,0.1080000028014183,0.10999999940395355,0.2090281844139099,1.1893571615219116,280.2617492675781,0.6433253884315491,231.0233612060547,206.210693359375,1.0725889205932617,1.5892698764801025,300.0,0.274591667577624
20200310.0,1.409999966621399,40.0,12.0,0.05999999865889549,0.1080000028014183,0.10999999940395355,0.2090281844139099,1.1893571615219116,281.88092041015625,0.649854838848114,228.39932250976562,204.20870971679688,9.740340232849121,1.2581992149353027,300.0,0.278187499692043
20200312.0,1.409999966621399,40.0,12.0,0.05999999865889549,0.1080000028014183,0.10999999940395355,0.2090281844139099,1.1893571615219116,282.3612060546875,0.6631359457969666,232.2639617919922,208.0655975341797,1.426332950592041,2.303682804107666,300.0,0.288687500481804
20200313.0,1.409999966621399,40.0,12.0,0.05999999865889549,0.1080000028014183,0.10999999940395355,0.2090281844139099,1.1893571615219116,279.8975830078125,0.6695025563240051,229.97772216796875,205.68167114257812,0.9807860851287842,1.594089388847351,300.0,0.274139583731691
20200315.0,1.409999966621399,40.0,12.0,0.05999999865889549,0.1080000028014183,0.10999999940395355,0.2090281844139099,1.1893571615219116,282.7156677246094,0.6800442934036255,233.36541748046875,207.05340576171875,0.07040750235319138,1.2908371686935425,300.0,0.25963749922812
20200317.0,1.409999966621399,40.0,12.0,0.05999999865889549,0.1080000028014183,0.10999999940395355,0.2090281844139099,1.1893571615219116,282.4392395019531,0.6906242370605469,238.21145629882812,209.90103149414062,0.06158953160047531,1.871100902557373,300.0,0.250022917054594
20200318.0,1.409999966621399,40.0,12.0,0.05999999865889549,0.1080000028014183,0.10999999940395355,0.2090281844139099,1.1893571615219116,283.4637756347656,0.6959315538406372,238.94680786132812,216.26638793945312,0.0008551529026590288,1.7512738704681396,300.0,0.245812500206133
20200320.0,1.409999966621399,40.0,12.0,0.05999999865889549,0.1080000028014183,0.10999999940395355,0.2090281844139099,1.1893571615219116,280.4710998535156,0.7066649794578552,242.7025146484375,216.44818115234375,3.998293876647949,1.0606117248535156,300.0,0.238860416226089
20200321.0,1.409999966621399,40.0,12.0,0.05999999865889549,0.1080000028014183,0.10999999940395355,0.2090281844139099,1.1893571615219116,278.6506042480469,0.7119203209877014,238.15618896484375,214.4816436767578,0.4812871813774109,1.7948577404022217,300.0,0.243155883077313
20200323.0,1.409999966621399,40.0,12.0,0.05999999865889549,0.1080000028014183,0.10999999940395355,0.2090281844139099,1.1893571615219116,276.9759826660156,0.7214818596839905,242.08596801757812,220.15078735351562,0.00043511379044502974,2.008613109588623,300.0,0.237039583114286
20200325.0,1.409999966621399,40.0,12.0,0.05999999865889549,0.1080000028014183,0.10999999940395355,0.2090281844139099,1.1893571615219116,278.0101013183594,0.7310935854911804,243.519287109375,219.9311065673828,0.0,1.9868141412734985,300.0,0.229533333020906
20200326.0,1.409999966621399,40.0,12.0,0.05999999865889549,0.1080000028014183,0.10999999940395355,0.2090281844139099,1.1893571615219116,278.375244140625,0.7359911799430847,243.4986572265625,223.25299072265625,0.0,1.924852967262268,300.0,0.226339583285153
20200328.0,1.409999966621399,40.0,12.0,0.05999999865889549,0.1080000028014183,0.10999999940395355,0.2090281844139099,1.1893571615219116,281.8326416015625,0.7467310428619385,248.0987548828125,227.25213623046875,0.0008702277555130422,2.0141828060150146,300.0,0.220637499975661
20200329.0,1.409999966621399,40.0,12.0,0.05999999865889549,0.1080000028014183,0.10999999940395355,0.2090281844139099,1.1893571615219116,277.799560546875,0.7490312457084656,248.65054321289062,226.42324829101562,1.5719988346099854,1.800679326057434,300.0,0.218539581944545
20200331.0,1.409999966621399,40.0,12.0,0.05999999865889549,0.1080000028014183,0.10999999940395355,0.2090281844139099,1.1893571615219116,277.921875,0.7327931523323059,247.1945037841797,228.099853515625,0.0038254838436841965,1.6381393671035767,300.0,0.21641041773061
20200402.0,1.409999966621399,40.0,12.0,0.05999999865889549,0.1080000028014183,0.10999999940395355,0.2090281844139099,1.1893571615219116,279.00439453125,0.7161997556686401,247.14675903320312,228.54165649414062,0.041910238564014435,1.3722853660583496,300.0,0.212172223048078
20200403.0,1.409999966621399,40.0,12.0,0.05999999865889549,0.1080000028014183,0.10999999940395355,0.2090281844139099,1.1893571615219116,281.0095520019531,0.7077775597572327,251.96804809570312,232.12014770507812,1.2686299085617065,1.7961442470550537,300.0,0.210331249982119
20200405.0,1.409999966621399,40.0,12.0,0.05999999865889549,0.1080000028014183,0.10999999940395355,0.2090281844139099,1.1893571615219116,284.1708984375,0.6911208629608154,251.04074096679688,233.52960205078125,0.0008523463038727641,2.669114351272583,300.0,0.20587291692694
20200406.0,1.409999966621399,40.0,12.0,0.05999999865889549,0.1080000028014183,0.10999999940395355,0.2090281844139099,1.1893571615219116,287.502685546875,0.6828798651695251,255.4394073486328,237.35972595214844,0.0005174056277610362,2.939699649810791,300.0,0.202779166400433
20200408.0,1.409999966621399,40.0,12.0,0.05999999865889549,0.1080000028014183,0.10999999940395355,0.2090281844139099,1.1893571615219116,288.65985107421875,0.6665467619895935,260.53759765625,242.17999267578125,0.0008523463038727641,2.3113389015197754,300.0,0.197243747611841
20200410.0,1.409999966621399,40.0,12.0,0.05999999865889549,0.1080000028014183,0.10999999940395355,0.2090281844139099,1.1893571615219116,286.7681579589844,0.6504620909690857,261.75811767578125,243.16226196289062,0.0013006433146074414,2.4934401512145996,300.0,0.191487500444055
20200411.0,1.409999966621399,40.0,12.0,0.05999999865889549,0.1080000028014183,0.10999999940395355,0.2090281844139099,1.1893571615219116,286.8118591308594,0.642503559589386,260.9020080566406,243.87979125976562,0.0,2.6662487983703613,300.0,0.188764583629866
20200413.0,1.409999966621399,40.0,12.0,0.05999999865889549,0.1080000028014183,0.10999999940395355,0.2090281844139099,1.1893571615219116,282.17852783203125,0.6266628503799438,262.1638488769531,247.54298400878906,0.15906579792499542,2.136817693710327,300.0,0.183631250324349
20200414.0,1.409999966621399,40.0,12.0,0.05999999865889549,0.1080000028014183,0.10999999940395355,0.2090281844139099,1.1893571615219116,279.8338317871094,0.6192235946655273,261.07427978515625,246.97402954101562,0.02207847684621811,1.3863487243652344,300.0,0.182314583100379
20200416.0,1.409999966621399,40.0,12.0,0.05999999865889549,0.1080000028014183,0.10999999940395355,0.2090281844139099,1.1893571615219116,287.6361389160156,0.6070877909660339,260.580810546875,247.10977172851562,0.000858306884765625,2.588587522506714,300.0,0.178300001037618
20200418.0,1.409999966621399,40.0,12.0,0.05999999865889549,0.1080000028014183,0.10999999940395355,0.2090281844139099,1.1893571615219116,287.1176452636719,0.5951793193817139,264.1622619628906,249.58201599121094,1.3604081869125366,1.620425820350647,300.0,0.172289583211144
20200419.0,1.409999966621399,40.0,12.0,0.05999999865889549,0.1080000028014183,0.10999999940395355,0.2090281844139099,1.1893571615219116,286.36175537109375,0.5893159508705139,263.9171142578125,250.5681610107422,0.18737271428108215,1.643074631690979,300.0,0.170766667773326
20200421.0,1.409999966621399,40.0,12.0,0.05999999865889549,0.1080000028014183,0.10999999940395355,0.2090281844139099,1.1893571615219116,287.12615966796875,0.5777813792228699,264.4273681640625,252.28396606445312,0.0008523463038727641,3.094836473464966,300.0,0.164047916419804
20200422.0,1.409999966621399,40.0,12.0,0.05999999865889549,0.1080000028014183,0.10999999940395355,0.2090281844139099,1.1893571615219116,288.4836120605469,0.5717992186546326,265.62579345703125,252.79217529296875,0.0,3.146573543548584,300.0,0.159433333824078
20200424.0,1.409999966621399,40.0,12.0,0.05999999865889549,0.1080000028014183,0.10999999940395355,0.2090281844139099,1.1893571615219116,288.36468505859375,0.5581545233726501,268.1022644042969,254.68942260742188,0.000858306884765625,2.667806625366211,300.0,0.149219564445641
20200426.0,1.409999966621399,40.0,12.0,0.05999999865889549,0.1080000028014183,0.10999999940395355,0.2090281844139099,1.1893571615219116,286.5633239746094,0.5446789264678955,264.56231689453125,251.5246124267578,0.0,2.2852189540863037,300.0,0.142145834552745
20200427.0,1.409999966621399,40.0,12.0,0.05999999865889549,0.1080000028014183,0.10999999940395355,0.2090281844139099,1.1893571615219116,287.6223449707031,0.537960946559906,268.098388671875,254.33419799804688,0.0,2.334583044052124,300.0,0.138039582408965
20200429.0,1.409999966621399,40.0,12.0,0.05999999865889549,0.1080000028014183,0.10999999940395355,0.2090281844139099,1.1893571615219116,286.7691955566406,0.5241698622703552,255.68231201171875,232.0348663330078,4.3163228034973145,2.516644239425659,300.0,0.154960464252982
20200430.0,1.409999966621399,40.0,12.0,0.05999999865889549,0.1080000028014183,0.10999999940395355,0.2090281844139099,1.1893571615219116,285.42681884765625,0.5191838145256042,255.79359436035156,235.46133422851562,5.521853923797607,3.325958728790283,300.0,0.159772972400124
20200504.0,1.409999966621399,40.0,12.0,0.05999999865889549,0.1080000028014183,0.10999999940395355,0.2090281844139099,1.1893571615219116,285.5543212890625,0.5242648720741272,251.99874877929688,228.87567138671875,1.5721287727355957,2.3335137367248535,300.0,0.228037499512235
20200505.0,1.409999966621399,40.0,12.0,0.05999999865889549,0.1080000028014183,0.10999999940395355,0.2090281844139099,1.1893571615219116,284.34014892578125,0.5257605910301208,259.0843505859375,234.81199645996094,0.0,2.7435569763183594,300.0,0.217548780688425
20200507.0,1.409999966621399,40.0,12.0,0.05999999865889549,0.1080000028014183,0.10999999940395355,0.2090281844139099,1.1893571615219116,288.30322265625,0.528778612613678,261.11602783203125,243.57183837890625,0.0,2.917847156524658,300.0,0.201368750383457
20200508.0,1.409999966621399,40.0,12.0,0.05999999865889549,0.1080000028014183,0.10999999940395355,0.2090281844139099,1.1893571615219116,289.7739562988281,0.5302286744117737,264.8013916015625,246.13035583496094,0.0008285045623779297,2.974872589111328,300.0,0.19320833341529
20200510.0,1.409999966621399,40.0,12.0,0.05999999865889549,0.1080000028014183,0.10999999940395355,0.2090281844139099,1.1893571615219116,288.5965270996094,0.532707154750824,268.4675598144531,252.61233520507812,3.763094663619995,1.9297016859054565,300.0,0.177435416417817
20200512.0,1.409999966621399,40.0,12.0,0.05999999865889549,0.1080000028014183,0.10999999940395355,0.2090281844139099,1.1893571615219116,282.3726501464844,0.5351812243461609,263.66998291015625,247.42425537109375,0.007950684055685997,1.6843321323394775,300.0,0.167477499321103
20200513.0,1.409999966621399,40.0,12.0,0.05999999865889549,0.1080000028014183,0.10999999940395355,0.2090281844139099,1.1893571615219116,283.2556457519531,0.536425769329071,265.93572998046875,249.86160278320312,1.0099518299102783,2.177670955657959,300.0,0.163652272725647
20200515.0,1.409999966621399,40.0,12.0,0.05999999865889549,0.1080000028014183,0.10999999940395355,0.2090281844139099,1.1893571615219116,284.7890319824219,0.5390307903289795,267.7301025390625,251.21966552734375,0.0008523463038727641,2.422161102294922,300.0,0.154247916303575
20200516.0,1.409999966621399,40.0,12.0,0.05999999865889549,0.1080000028014183,0.10999999940395355,0.2090281844139099,1.1893571615219116,285.53497314453125,0.5399507880210876,267.8306884765625,252.01998901367188,0.008056885562837124,2.0870540142059326,300.0,0.148564583621919
20200518.0,1.409999966621399,40.0,12.0,0.05999999865889549,0.1080000028014183,0.10999999940395355,0.2090281844139099,1.1893571615219116,289.5573425292969,0.5391874313354492,268.74493408203125,253.68563842773438,0.0,2.710200786590576,300.0,0.135154165948431
20200520.0,1.409999966621399,40.0,12.0,0.05999999865889549,0.1080000028014183,0.10999999940395355,0.2090281844139099,1.1893571615219116,290.7587890625,0.5383514165878296,271.7967529296875,256.3630676269531,0.012262701988220215,2.0876100063323975,300.0,0.120406249693284
20200521.0,1.409999966621399,40.0,12.0,0.05999999865889549,0.1080000028014183,0.10999999940395355,0.2090281844139099,1.1893571615219116,293.74786376953125,0.5379104018211365,271.5167236328125,259.0533142089844,0.000965504499617964,2.9487290382385254,300.0,0.113243750141313
20200523.0,1.409999966621399,40.0,12.0,0.05999999865889549,0.1080000028014183,0.10999999940395355,0.2090281844139099,1.1893571615219116,288.8521423339844,0.5370784997940063,271.241455078125,255.72061157226562,0.938361644744873,2.4380979537963867,300.0,0.102058332879096
20200524.0,1.409999966621399,40.0,12.0,0.05999999865889549,0.1080000028014183,0.10999999940395355,0.2090281844139099,1.1893571615219116,286.9954528808594,0.5364900231361389,269.08453369140625,257.2193908691406,1.5679928064346313,1.652310848236084,300.0,0.097704166546464
20200526.0,1.409999966621399,40.0,12.0,0.05999999865889549,0.1080000028014183,0.10999999940395355,0.2090281844139099,1.1893571615219116,290.3944091796875,0.5341495871543884,267.85418701171875,256.5511474609375,0.0017267087241634727,2.683702230453491,300.0,0.0911270830159386
20200528.0,1.409999966621399,40.0,12.0,0.05999999865889549,0.1080000028014183,0.10999999940395355,0.2090281844139099,1.1893571615219116,290.3092956542969,0.5317832827568054,271.35791015625,259.7524719238281,0.0008600190049037337,2.7867822647094727,300.0,0.0835604167853792
20200529.0,1.409999966621399,40.0,12.0,0.05999999865889549,0.1080000028014183,0.10999999940395355,0.2090281844139099,1.1893571615219116,291.2082214355469,0.5306616425514221,274.3846435546875,259.91058349609375,0.0,2.807523488998413,300.0,0.0808875005071362
20200531.0,1.409999966621399,40.0,12.0,0.05999999865889549,0.1080000028014183,0.10999999940395355,0.2090281844139099,1.1893571615219116,291.4755859375,0.5292730927467346,272.4622497558594,261.0914306640625,0.0004410743713378906,2.5179784297943115,300.0,0.0753208332074185
20200601.0,1.409999966621399,40.0,12.0,0.05999999865889549,0.1080000028014183,0.10999999940395355,0.2090281844139099,1.1893571615219116,293.9411315917969,0.5256112217903137,274.025146484375,260.0702819824219,0.0,2.713912010192871,300.0,0.0732083337691923
20200603.0,1.409999966621399,40.0,12.0,0.05999999865889549,0.1080000028014183,0.10999999940395355,0.2090281844139099,1.1893571615219116,294.6923522949219,0.49877437949180603,277.157470703125,259.70721435546875,0.000852346362080425,2.3748631477355957,300.0,0.0689729168079793
20200605.0,1.409999966621399,40.0,12.0,0.05999999865889549,0.1080000028014183,0.10999999940395355,0.2090281844139099,1.1893571615219116,284.2306213378906,0.4723813831806183,261.4986572265625,240.20181274414062,13.673250198364258,3.1044039726257324,300.0,0.0722937504760921
20200606.0,1.409999966621399,40.0,12.0,0.05999999865889549,0.1080000028014183,0.10999999940395355,0.2090281844139099,1.1893571615219116,286.248779296875,0.45929646492004395,254.2270965576172,233.9829864501953,1.839384913444519,3.1524670124053955,300.0,0.0867249999534
20200608.0,1.409999966621399,40.0,12.0,0.05999999865889549,0.1080000028014183,0.10999999940395355,0.2090281844139099,1.1893571615219116,287.8934631347656,0.4330650269985199,263.009033203125,240.81112670898438,2.9010982513427734,2.2017364501953125,300.0,0.0911651160134826
20200609.0,1.409999966621399,40.0,12.0,0.05999999865889549,0.1080000028014183,0.10999999940395355,0.2090281844139099,1.1893571615219116,288.3261413574219,0.42328619956970215,261.1533203125,242.60794067382812,0.24208563566207886,1.9285763502120972,300.0,0.0919702699458277
20200613.0,1.409999966621399,40.0,12.0,0.05999999865889549,0.1080000028014183,0.10999999940395355,0.2090281844139099,1.1893571615219116,295.02093505859375,0.4245477318763733,256.57830810546875,233.91586303710938,3.006896734237671,3.275893449783325,300.0,0.11159791595613
20200614.0,1.409999966621399,40.0,12.0,0.05999999865889549,0.1080000028014183,0.10999999940395355,0.2090281844139099,1.1893571615219116,292.8856506347656,0.42520883679389954,262.55462646484375,239.30673217773438,0.6298542022705078,2.2515082359313965,300.0,0.121891667445501
20200616.0,1.409999966621399,40.0,12.0,0.05999999865889549,0.1080000028014183,0.10999999940395355,0.2090281844139099,1.1893571615219116,292.274169921875,0.4264887571334839,266.0849609375,244.6761474609375,0.5583025217056274,1.6020652055740356,300.0,0.114914583973587
20200617.0,1.409999966621399,40.0,12.0,0.05999999865889549,0.1080000028014183,0.10999999940395355,0.2090281844139099,1.1893571615219116,292.66680908203125,0.4272860884666443,267.8919677734375,247.75625610351562,18.310529708862305,2.2820441722869873,300.0,0.110308333920936
20200619.0,1.409999966621399,40.0,12.0,0.05999999865889549,0.1080000028014183,0.10999999940395355,0.2090281844139099,1.1893571615219116,291.78460693359375,0.42994430661201477,261.0776062011719,239.92286682128906,0.3830820322036743,3.121713638305664,300.0,0.160702084191144
20200621.0,1.409999966621399,40.0,12.0,0.05999999865889549,0.1080000028014183,0.10999999940395355,0.2090281844139099,1.1893571615219116,292.7921447753906,0.4326447546482086,265.5001220703125,246.2659912109375,0.32011526823043823,3.0064730644226074,300.0,0.145543750220289
20200622.0,1.409999966621399,40.0,12.0,0.05999999865889549,0.1080000028014183,0.10999999940395355,0.2090281844139099,1.1893571615219116,292.26568603515625,0.43404075503349304,261.9549560546875,241.00408935546875,0.26605409383773804,2.843869209289551,300.0,0.140724999674906
20200624.0,1.409999966621399,40.0,12.0,0.05999999865889549,0.1080000028014183,0.10999999940395355,0.2090281844139099,1.1893571615219116,296.63519287109375,0.4372013807296753,270.3206787109375,250.96266174316406,0.0,4.0368123054504395,300.0,0.126445834059268
20200625.0,1.409999966621399,40.0,12.0,0.05999999865889549,0.1080000028014183,0.10999999940395355,0.2090281844139099,1.1893571615219116,297.1198425292969,0.4375302791595459,276.37359619140625,257.1265869140625,0.0025743204168975353,3.557518482208252,300.0,0.114591667273392
20200627.0,1.409999966621399,40.0,12.0,0.05999999865889549,0.1080000028014183,0.10999999940395355,0.2090281844139099,1.1893571615219116,296.70147705078125,0.42975282669067383,271.6949768066406,256.2626647949219,0.19471263885498047,3.3552074432373047,300.0,0.0969208337677022
20200629.0,1.409999966621399,40.0,12.0,0.05999999865889549,0.1080000028014183,0.10999999940395355,0.2090281844139099,1.1893571615219116,290.84088134765625,0.42184552550315857,263.95196533203125,247.7960205078125,0.8354820013046265,2.7170517444610596,300.0,0.0881458326863746
20200630.0,1.409999966621399,40.0,12.0,0.05999999865889549,0.1080000028014183,0.10999999940395355,0.2090281844139099,1.1893571615219116,290.3586730957031,0.41780465841293335,272.49737548828125,253.36996459960938,4.38539981842041,2.5494837760925293,300.0,0.0832416663567225
20200702.0,1.409999966621399,40.0,12.0,0.05999999865889549,0.1080000028014183,0.10999999940395355,0.2090281844139099,1.1893571615219116,290.7825012207031,0.40932127833366394,261.5430908203125,240.0976104736328,0.32811418175697327,2.113849639892578,300.0,0.167504761190642
20200703.0,1.409999966621399,40.0,12.0,0.05999999865889549,0.1080000028014183,0.10999999940395355,0.2090281844139099,1.1893571615219116,290.8075256347656,0.4068303406238556,260.5251770019531,240.91799926757812,0.5945953130722046,2.490739345550537,300.0,0.157019999410425
20200705.0,1.409999966621399,40.0,12.0,0.05999999865889549,0.1080000028014183,0.10999999940395355,0.2090281844139099,1.1893571615219116,292.60906982421875,0.41341227293014526,267.08270263671875,246.50003051757812,0.6068602800369263,2.0647075176239014,300.0,0.137312499185403
20200707.0,1.409999966621399,40.0,12.0,0.05999999865889549,0.1080000028014183,0.10999999940395355,0.2090281844139099,1.1893571615219116,289.5247497558594,0.4204070568084717,265.3992614746094,246.32980346679688,0.8769721388816833,2.5672497749328613,300.0,0.146409375127405
20200708.0,1.409999966621399,40.0,12.0,0.05999999865889549,0.1080000028014183,0.10999999940395355,0.2090281844139099,1.1893571615219116,287.3204040527344,0.4240405559539795,263.5235595703125,245.159423828125,7.010934829711914,1.3225548267364502,300.0,0.143517777489291
20200710.0,1.409999966621399,40.0,12.0,0.05999999865889549,0.1080000028014183,0.10999999940395355,0.2090281844139099,1.1893571615219116,289.912109375,0.4311024248600006,264.08428955078125,243.9576416015625,2.4994587898254395,2.497958183288574,300.0,0.159341664984822
20200711.0,1.409999966621399,40.0,12.0,0.05999999865889549,0.1080000028014183,0.10999999940395355,0.2090281844139099,1.1893571615219116,289.2142333984375,0.4351736009120941,261.6314697265625,242.85858154296875,1.2999976873397827,2.71970272064209,300.0,0.157106250524521
20200713.0,1.409999966621399,40.0,12.0,0.05999999865889549,0.1080000028014183,0.10999999940395355,0.2090281844139099,1.1893571615219116,293.0353088378906,0.4513579308986664,267.0869140625,248.21339416503906,0.001722574234008789,3.402430534362793,300.0,0.143383334235599
20200715.0,1.409999966621399,40.0,12.0,0.05999999865889549,0.1080000028014183,0.10999999940395355,0.2090281844139099,1.1893571615219116,290.5115966796875,0.4679742157459259,267.4976806640625,251.99217224121094,0.31580331921577454,2.513814687728882,300.0,0.130827083562811
20200716.0,1.409999966621399,40.0,12.0,0.05999999865889549,0.1080000028014183,0.10999999940395355,0.2090281844139099,1.1893571615219116,288.48291015625,0.4765040874481201,269.08489990234375,252.10247802734375,2.0598843097686768,1.1127938032150269,300.0,0.126712499652058
20200718.0,1.409999966621399,40.0,12.0,0.05999999865889549,0.1080000028014183,0.10999999940395355,0.2090281844139099,1.1893571615219116,294.4982604980469,0.4946279525756836,269.8481750488281,251.43682861328125,0.03962628170847893,2.97345232963562,300.0,0.121647917975982
20200719.0,1.409999966621399,40.0,12.0,0.05999999865889549,0.1080000028014183,0.10999999940395355,0.2090281844139099,1.1893571615219116,294.90423583984375,0.5012636780738831,269.73846435546875,253.3048095703125,0.001591785461641848,2.996957302093506,300.0,0.116587499777476
20200721.0,1.409999966621399,40.0,12.0,0.05999999865889549,0.1080000028014183,0.10999999940395355,0.2090281844139099,1.1893571615219116,290.8431396484375,0.49704688787460327,268.9576416015625,255.70584106445312,0.0027893963269889355,2.6205263137817383,300.0,0.107677083152036
20200723.0,1.409999966621399,40.0,12.0,0.05999999865889549,0.1080000028014183,0.10999999940395355,0.2090281844139099,1.1893571615219116,293.66845703125,0.49236559867858887,270.49462890625,259.2147216796875,0.0,2.9120371341705322,300.0,0.0983333336189389
20200724.0,1.409999966621399,40.0,12.0,0.05999999865889549,0.1080000028014183,0.10999999940395355,0.2090281844139099,1.1893571615219116,293.05120849609375,0.4897496998310089,270.903564453125,259.71112060546875,0.7046168446540833,2.1265015602111816,300.0,0.0939666667642693
20200726.0,1.409999966621399,40.0,12.0,0.05999999865889549,0.1080000028014183,0.10999999940395355,0.2090281844139099,1.1893571615219116,292.7579650878906,0.48330849409103394,262.9922790527344,246.99853515625,8.671791076660156,3.3278536796569824,300.0,0.0922041662658254
20200727.0,1.409999966621399,40.0,12.0,0.05999999865889549,0.1080000028014183,0.10999999940395355,0.2090281844139099,1.1893571615219116,293.54364013671875,0.4844348430633545,267.3766174316406,251.0877685546875,2.591629981994629,3.3335015773773193,300.0,0.0954229164247711
20200729.0,1.409999966621399,40.0,12.0,0.05999999865889549,0.1080000028014183,0.10999999940395355,0.2090281844139099,1.1893571615219116,291.7974548339844,0.5167173147201538,272.93426513671875,255.84173583984375,0.003108009696006775,2.643962860107422,300.0,0.0981083329146107
20200731.0,1.409999966621399,40.0,12.0,0.05999999865889549,0.1080000028014183,0.10999999940395355,0.2090281844139099,1.1893571615219116,298.378662109375,0.5513482093811035,272.93994140625,260.486572265625,0.00042972335359081626,3.7415120601654053,300.0,0.0898565209430197
20200801.0,1.409999966621399,40.0,12.0,0.05999999865889549,0.1080000028014183,0.10999999940395355,0.2090281844139099,1.1893571615219116,298.966552734375,0.5696821212768555,275.9278564453125,264.14361572265625,0.5258733034133911,3.171461820602417,300.0,0.0850291671231389
20200803.0,1.409999966621399,40.0,12.0,0.05999999865889549,0.1080000028014183,0.10999999940395355,0.2090281844139099,1.1893571615219116,292.6700744628906,0.6088194251060486,271.55877685546875,262.2213439941406,0.2985211908817291,2.1251308917999268,300.0,0.0804958340401451
20210331.0,1.409999966621399,40.0,12.0,0.05999999865889549,0.1080000028014183,0.10999999940395355,0.2090281844139099,1.1893571615219116,286.8206481933594,0.7326558828353882,249.55511474609375,229.45321655273438,0.0017077277880162,2.3999526500701904,300.0,0.204254167464872
20210401.0,1.409999966621399,40.0,12.0,0.05999999865889549,0.1080000028014183,0.10999999940395355,0.2090281844139099,1.1893571615219116,285.14208984375,0.7180227637290955,251.368896484375,233.70260620117188,0.015443824231624603,2.2044742107391357,300.0,0.202922917281588
20210405.0,1.409999966621399,40.0,12.0,0.05999999865889549,0.1080000028014183,0.10999999940395355,0.2090281844139099,1.1893571615219116,277.070068359375,0.666629433631897,251.27774047851562,230.7777099609375,3.6509451866149902,1.8946396112442017,300.0,0.19840625145783
20210416.0,1.409999966621399,40.0,12.0,0.05999999865889549,0.1080000028014183,0.10999999940395355,0.2090281844139099,1.1893571615219116,279.6941833496094,0.6596994996070862,246.17562866210938,222.7076416015625,0.004046974238008261,1.9297298192977905,300.0,0.255563334623973
20210417.0,1.409999966621399,40.0,12.0,0.05999999865889549,0.1080000028014183,0.10999999940395355,0.2090281844139099,1.1893571615219116,280.7535400390625,0.6694082021713257,247.03701782226562,224.66058349609375,0.0004296679690014571,1.8349111080169678,300.0,0.250587501252691
20210419.0,1.409999966621399,40.0,12.0,0.05999999865889549,0.1080000028014183,0.10999999940395355,0.2090281844139099,1.1893571615219116,282.03131103515625,0.689133882522583,249.929931640625,228.53842163085938,3.6198577880859375,1.6220203638076782,300.0,0.244093749051293
20210421.0,1.409999966621399,40.0,12.0,0.05999999865889549,0.1080000028014183,0.10999999940395355,0.2090281844139099,1.1893571615219116,283.545654296875,0.7086434364318848,251.4618682861328,231.1083984375,0.1598249226808548,2.4263174533843994,300.0,0.239352085006734
20210422.0,1.409999966621399,40.0,12.0,0.05999999865889549,0.1080000028014183,0.10999999940395355,0.2090281844139099,1.1893571615219116,280.4651794433594,0.7210777997970581,251.5748291015625,232.3172607421875,0.0021412225905805826,1.9455060958862305,300.0,0.232362500950694
20210424.0,1.409999966621399,40.0,12.0,0.05999999865889549,0.1080000028014183,0.10999999940395355,0.2090281844139099,1.1893571615219116,281.678955078125,0.7222152948379517,254.49949645996094,233.59033203125,0.0012940415181219578,2.386284112930298,300.0,0.221947618893215
20210427.0,1.409999966621399,40.0,12.0,0.05999999865889549,0.1080000028014183,0.10999999940395355,0.2090281844139099,1.1893571615219116,282.8387145996094,0.693548321723938,255.6171112060547,238.53245544433594,0.01219870988279581,2.8905882835388184,300.0,0.204093478296114
20210429.0,1.409999966621399,40.0,12.0,0.05999999865889549,0.1080000028014183,0.10999999940395355,0.2090281844139099,1.1893571615219116,281.934814453125,0.6756448745727539,260.007080078125,239.49520874023438,1.1892046928405762,2.1824820041656494,300.0,0.190756819126281
20210507.0,1.409999966621399,40.0,12.0,0.05999999865889549,0.1080000028014183,0.10999999940395355,0.2090281844139099,1.1893571615219116,280.9150695800781,0.566692054271698,249.93527221679688,229.20924377441406,2.3303263187408447,2.7903032302856445,300.0,0.176596665382385
20210508.0,1.409999966621399,40.0,12.0,0.05999999865889549,0.1080000028014183,0.10999999940395355,0.2090281844139099,1.1893571615219116,282.3888854980469,0.5503076314926147,253.7526397705078,233.567138671875,0.48481059074401855,1.57523512840271,300.0,0.177445832639933
20210510.0,1.409999966621399,40.0,12.0,0.05999999865889549,0.1080000028014183,0.10999999940395355,0.2090281844139099,1.1893571615219116,290.0545959472656,0.5393484234809875,263.2165222167969,244.55645751953125,1.7220972776412964,2.9886996746063232,300.0,0.169039583144089
20210511.0,1.409999966621399,40.0,12.0,0.05999999865889549,0.1080000028014183,0.10999999940395355,0.2090281844139099,1.1893571615219116,286.5785217285156,0.5444316864013672,261.0784912109375,241.5719757080078,9.771830558776855,1.900477409362793,300.0,0.169810417108238
20210513.0,1.409999966621399,40.0,12.0,0.05999999865889549,0.1080000028014183,0.10999999940395355,0.2090281844139099,1.1893571615219116,286.3714904785156,0.5501639246940613,259.646728515625,239.19638061523438,2.408665180206299,3.085012674331665,300.0,0.162662499584258
20210515.0,1.409999966621399,40.0,12.0,0.05999999865889549,0.1080000028014183,0.10999999940395355,0.2090281844139099,1.1893571615219116,284.7935791015625,0.5564147233963013,255.7802734375,233.6701202392578,3.5918798446655273,2.8416337966918945,300.0,0.156502082943916
20210516.0,1.409999966621399,40.0,12.0,0.05999999865889549,0.1080000028014183,0.10999999940395355,0.2090281844139099,1.1893571615219116,285.19281005859375,0.5599687695503235,254.0316162109375,232.5921630859375,4.1521830558776855,2.8714349269866943,300.0,0.172991667563717
20210518.0,1.409999966621399,40.0,12.0,0.05999999865889549,0.1080000028014183,0.10999999940395355,0.2090281844139099,1.1893571615219116,284.67901611328125,0.5632653832435608,249.76174926757812,228.43264770507812,7.5292792320251465,3.0773723125457764,300.0,0.177314582280815
20210519.0,1.409999966621399,40.0,12.0,0.05999999865889549,0.1080000028014183,0.10999999940395355,0.2090281844139099,1.1893571615219116,284.4142150878906,0.5629899501800537,256.0947570800781,232.98472595214844,1.4648189544677734,2.502882719039917,300.0,0.200718182731758
20210521.0,1.409999966621399,40.0,12.0,0.05999999865889549,0.1080000028014183,0.10999999940395355,0.2090281844139099,1.1893571615219116,286.34307861328125,0.5632583498954773,256.8538513183594,234.60797119140625,0.7390956878662109,3.3261590003967285,300.0,0.236443750870725
20210523.0,1.409999966621399,40.0,12.0,0.05999999865889549,0.1080000028014183,0.10999999940395355,0.2090281844139099,1.1893571615219116,284.61175537109375,0.5631923079490662,249.79876708984375,227.50091552734375,0.41667640209198,3.073362350463867,300.0,0.229631249171992
20210524.0,1.409999966621399,40.0,12.0,0.05999999865889549,0.1080000028014183,0.10999999940395355,0.2090281844139099,1.1893571615219116,285.0955505371094,0.5640878677368164,259.1661376953125,235.36245727539062,6.4461212158203125,2.8844852447509766,300.0,0.223889584032198
20210526.0,1.409999966621399,40.0,12.0,0.05999999865889549,0.1080000028014183,0.10999999940395355,0.2090281844139099,1.1893571615219116,284.3157653808594,0.556594729423523,251.4787139892578,227.73973083496094,5.8784332275390625,3.138408660888672,300.0,0.235185417967538
20210527.0,1.409999966621399,40.0,12.0,0.05999999865889549,0.1080000028014183,0.10999999940395355,0.2090281844139099,1.1893571615219116,284.35791015625,0.5496681332588196,251.25054931640625,226.8277587890625,4.875781536102295,2.3981051445007324,300.0,0.236693751066923
20210529.0,1.409999966621399,40.0,12.0,0.05999999865889549,0.1080000028014183,0.10999999940395355,0.2090281844139099,1.1893571615219116,286.5083312988281,0.5360219478607178,257.0583801269531,234.58653259277344,0.025734368711709976,2.862624168395996,300.0,0.220372916199267
20210531.0,1.409999966621399,40.0,12.0,0.05999999865889549,0.1080000028014183,0.10999999940395355,0.2090281844139099,1.1893571615219116,289.9479675292969,0.5227786302566528,264.63134765625,242.80889892578125,0.0025623084511607885,3.625647783279419,300.0,0.195465907793153
20210601.0,1.409999966621399,40.0,12.0,0.05999999865889549,0.1080000028014183,0.10999999940395355,0.2090281844139099,1.1893571615219116,290.8668212890625,0.5157575607299805,263.3619384765625,243.87997436523438,0.0012713478645309806,4.605888366699219,300.0,0.182695831172168
20210603.0,1.409999966621399,40.0,12.0,0.05999999865889549,0.1080000028014183,0.10999999940395355,0.2090281844139099,1.1893571615219116,293.579345703125,0.506576418876648,270.2215576171875,250.15476989746094,7.87961483001709,2.9176971912384033,300.0,0.161468749245008
20210604.0,1.409999966621399,40.0,12.0,0.05999999865889549,0.1080000028014183,0.10999999940395355,0.2090281844139099,1.1893571615219116,293.6191101074219,0.5043460726737976,264.5290222167969,245.63343811035156,17.777606964111328,3.3637502193450928,300.0,0.159860416936378
20210606.0,1.409999966621399,40.0,12.0,0.05999999865889549,0.1080000028014183,0.10999999940395355,0.2090281844139099,1.1893571615219116,289.47210693359375,0.498935341835022,259.35809326171875,237.88900756835938,0.05580267310142517,2.239824056625366,300.0,0.160247916355729
20210608.0,1.409999966621399,40.0,12.0,0.05999999865889549,0.1080000028014183,0.10999999940395355,0.2090281844139099,1.1893571615219116,291.6235046386719,0.4938078820705414,264.4915466308594,243.67605590820312,0.0021960216108709574,3.4975054264068604,300.0,0.147662499298652
20210609.0,1.409999966621399,40.0,12.0,0.05999999865889549,0.1080000028014183,0.10999999940395355,0.2090281844139099,1.1893571615219116,293.0406799316406,0.4908105432987213,267.0130310058594,246.068603515625,0.028161032125353813,3.6102988719940186,300.0,0.13644375000149
20210611.0,1.409999966621399,40.0,12.0,0.05999999865889549,0.1080000028014183,0.10999999940395355,0.2090281844139099,1.1893571615219116,293.80670166015625,0.48907241225242615,268.3681945800781,252.12863159179688,0.039244286715984344,3.690268039703369,300.0,0.110145833188047
20210612.0,1.409999966621399,40.0,12.0,0.05999999865889549,0.1080000028014183,0.10999999940395355,0.2090281844139099,1.1893571615219116,291.0628356933594,0.4903186857700348,272.7583312988281,252.30337524414062,0.41005268692970276,2.6704578399658203,300.0,0.102602083080759
20210614.0,1.409999966621399,40.0,12.0,0.05999999865889549,0.1080000028014183,0.10999999940395355,0.2090281844139099,1.1893571615219116,293.2745056152344,0.491916298866272,270.36553955078125,253.76040649414062,0.0,4.537649631500244,300.0,0.0878229167622824
20210616.0,1.409999966621399,40.0,12.0,0.05999999865889549,0.1080000028014183,0.10999999940395355,0.2090281844139099,1.1893571615219116,296.64190673828125,0.4933331608772278,272.29595947265625,256.5926513671875,0.07053709030151367,4.183009147644043,300.0,0.0737562507080535
20210617.0,1.409999966621399,40.0,12.0,0.05999999865889549,0.1080000028014183,0.10999999940395355,0.2090281844139099,1.1893571615219116,298.7437744140625,0.4952385425567627,274.8860168457031,260.16632080078125,0.14186130464076996,4.604555130004883,300.0,0.0690270837706824
20210619.0,1.409999966621399,40.0,12.0,0.05999999865889549,0.1080000028014183,0.10999999940395355,0.2090281844139099,1.1893571615219116,297.011962890625,0.4878402650356293,276.38555908203125,261.65069580078125,15.229175567626953,4.207140922546387,300.0,0.0622395838145167
20210620.0,1.409999966621399,40.0,12.0,0.05999999865889549,0.1080000028014183,0.10999999940395355,0.2090281844139099,1.1893571615219116,295.2917175292969,0.4786815345287323,265.1136779785156,242.4838409423828,3.9504787921905518,4.542211532592773,300.0,0.0786833331609766
20210622.0,1.409999966621399,40.0,12.0,0.05999999865889549,0.1080000028014183,0.10999999940395355,0.2090281844139099,1.1893571615219116,287.49517822265625,0.46306928992271423,256.0347900390625,236.8893280029297,11.530399322509766,2.518129587173462,300.0,0.108356250294795
20210624.0,1.409999966621399,40.0,12.0,0.05999999865889549,0.1080000028014183,0.10999999940395355,0.2090281844139099,1.1893571615219116,290.3418884277344,0.4481181502342224,257.31005859375,235.7845458984375,0.6906591057777405,2.5032870769500732,300.0,0.171139582681159
20210625.0,1.409999966621399,40.0,12.0,0.05999999865889549,0.1080000028014183,0.10999999940395355,0.2090281844139099,1.1893571615219116,290.7587890625,0.43894198536872864,262.2868347167969,239.91159057617188,0.2679470479488373,3.1809680461883545,300.0,0.170002081741889
20210627.0,1.409999966621399,40.0,12.0,0.05999999865889549,0.1080000028014183,0.10999999940395355,0.2090281844139099,1.1893571615219116,294.1260070800781,0.43831509351730347,268.2925109863281,248.223876953125,2.3063788414001465,3.6299633979797363,300.0,0.151112501199047
20210628.0,1.409999966621399,40.0,12.0,0.05999999865889549,0.1080000028014183,0.10999999940395355,0.2090281844139099,1.1893571615219116,293.7846374511719,0.44684088230133057,266.6931457519531,247.56578063964844,5.7745184898376465,3.0887157917022705,300.0,0.145425000538429
20210630.0,1.409999966621399,40.0,12.0,0.05999999865889549,0.1080000028014183,0.10999999940395355,0.2090281844139099,1.1893571615219116,288.5315246582031,0.46044033765792847,254.78689575195312,235.86270141601562,9.604198455810547,1.8739416599273682,300.0,0.264987499763568
20210702.0,1.409999966621399,40.0,12.0,0.05999999865889549,0.1080000028014183,0.10999999940395355,0.2090281844139099,1.1893571615219116,290.0456237792969,0.4746226370334625,258.43572998046875,236.62054443359375,0.3431621491909027,2.9577486515045166,300.0,0.24589375158151
20210703.0,1.409999966621399,40.0,12.0,0.05999999865889549,0.1080000028014183,0.10999999940395355,0.2090281844139099,1.1893571615219116,292.4361267089844,0.4830377995967865,262.0447998046875,239.7729949951172,3.9204416275024414,3.6027770042419434,300.0,0.235741667449474
20210705.0,1.409999966621399,40.0,12.0,0.05999999865889549,0.1080000028014183,0.10999999940395355,0.2090281844139099,1.1893571615219116,290.54180908203125,0.488167405128479,258.1424560546875,235.37229919433594,1.87979257106781,2.368347406387329,300.0,0.274961702367093
20210706.0,1.409999966621399,40.0,12.0,0.05999999865889549,0.1080000028014183,0.10999999940395355,0.2090281844139099,1.1893571615219116,292.3412170410156,0.48655280470848083,259.91534423828125,238.37008666992188,2.178203582763672,4.141304969787598,300.0,0.258739584436019
20210708.0,1.409999966621399,40.0,12.0,0.05999999865889549,0.1080000028014183,0.10999999940395355,0.2090281844139099,1.1893571615219116,291.0046081542969,0.48333752155303955,260.8515625,241.48654174804688,9.583891868591309,2.289027214050293,300.0,0.234572916602095
20210710.0,1.409999966621399,40.0,12.0,0.05999999865889549,0.1080000028014183,0.10999999940395355,0.2090281844139099,1.1893571615219116,291.4244689941406,0.48021748661994934,261.6395263671875,241.57318115234375,9.614540100097656,2.3655648231506348,300.0,0.23221250064671
20210711.0,1.409999966621399,40.0,12.0,0.05999999865889549,0.1080000028014183,0.10999999940395355,0.2090281844139099,1.1893571615219116,291.5152587890625,0.4783581495285034,259.24493408203125,241.179443359375,2.8950018882751465,2.787529706954956,300.0,0.265360416223605
20210713.0,1.409999966621399,40.0,12.0,0.05999999865889549,0.1080000028014183,0.10999999940395355,0.2090281844139099,1.1893571615219116,291.0932922363281,0.4775252640247345,261.69085693359375,243.47662353515625,30.599830627441406,1.1428539752960205,300.0,0.265847918267051
20210714.0,1.409999966621399,40.0,12.0,0.05999999865889549,0.1080000028014183,0.10999999940395355,0.2090281844139099,1.1893571615219116,290.8616638183594,0.4785473346710205,258.5810852050781,237.33592224121094,48.89482116699219,1.2319509983062744,300.0,0.31023749957482
20210716.0,1.409999966621399,40.0,12.0,0.05999999865889549,0.1080000028014183,0.10999999940395355,0.2090281844139099,1.1893571615219116,290.78546142578125,0.47998324036598206,254.798095703125,236.54559326171875,0.7589187026023865,2.278491258621216,300.0,0.276672917728623
20210718.0,1.409999966621399,40.0,12.0,0.05999999865889549,0.1080000028014183,0.10999999940395355,0.2090281844139099,1.1893571615219116,294.03662109375,0.4814590513706207,259.74322509765625,235.87100219726562,0.0017106531886383891,4.194133758544922,300.0,0.252000000327826
20210719.0,1.409999966621399,40.0,12.0,0.05999999865889549,0.1080000028014183,0.10999999940395355,0.2090281844139099,1.1893571615219116,291.6933288574219,0.4823620915412903,259.31842041015625,239.32861328125,0.11760176718235016,2.839796543121338,300.0,0.241402082455655
20210721.0,1.409999966621399,40.0,12.0,0.05999999865889549,0.1080000028014183,0.10999999940395355,0.2090281844139099,1.1893571615219116,292.28961181640625,0.4826289415359497,261.85858154296875,241.6898193359375,0.0,3.7745935916900635,300.0,0.22149791692694
20210722.0,1.409999966621399,40.0,12.0,0.05999999865889549,0.1080000028014183,0.10999999940395355,0.2090281844139099,1.1893571615219116,292.6441650390625,0.4819919764995575,262.6835021972656,245.54995727539062,0.9523184895515442,3.404557704925537,300.0,0.21219375046591
20210724.0,1.409999966621399,40.0,12.0,0.05999999865889549,0.1080000028014183,0.10999999940395355,0.2090281844139099,1.1893571615219116,291.8941345214844,0.48104679584503174,265.04693603515625,245.947509765625,3.829761266708374,1.98407781124115,300.0,0.197379166260362
20210726.0,1.409999966621399,40.0,12.0,0.05999999865889549,0.1080000028014183,0.10999999940395355,0.2090281844139099,1.1893571615219116,292.49334716796875,0.48016446828842163,263.3027648925781,244.7574005126953,1.2185593843460083,3.388747453689575,300.0,0.20321041593949
20210729.0,1.409999966621399,40.0,12.0,0.05999999865889549,0.1080000028014183,0.10999999940395355,0.2090281844139099,1.1893571615219116,290.5454406738281,0.4814581871032715,260.37396240234375,240.72671508789062,0.662787914276123,3.6325933933258057,300.0,0.239372916830083
20210730.0,1.409999966621399,40.0,12.0,0.05999999865889549,0.1080000028014183,0.10999999940395355,0.2090281844139099,1.1893571615219116,291.3456115722656,0.48446300625801086,261.988525390625,242.7951202392578,2.4352242946624756,3.543428897857666,300.0,0.227127083266775
20210801.0,1.409999966621399,40.0,12.0,0.05999999865889549,0.1080000028014183,0.10999999940395355,0.2090281844139099,1.1893571615219116,289.48223876953125,0.4896910488605499,260.64990234375,245.8017120361328,4.228186130523682,2.6385068893432617,300.0,0.208412500408789
20210803.0,1.409999966621399,40.0,12.0,0.05999999865889549,0.1080000028014183,0.10999999940395355,0.2090281844139099,1.1893571615219116,287.51080322265625,0.4947841167449951,257.9681091308594,243.6409912109375,8.422529220581055,2.221731185913086,300.0,0.200089582862953
20210804.0,1.409999966621399,40.0,12.0,0.05999999865889549,0.1080000028014183,0.10999999940395355,0.2090281844139099,1.1893571615219116,290.208984375,0.49850645661354065,260.449462890625,241.06527709960938,1.117745280265808,2.7665090560913086,300.0,0.19554583573093
20210806.0,1.409999966621399,40.0,12.0,0.05999999865889549,0.1080000028014183,0.10999999940395355,0.2090281844139099,1.1893571615219116,291.14520263671875,0.49506938457489014,262.4130859375,244.66842651367188,8.145405769348145,3.35127329826355,300.0,0.192460417747498
20210807.0,1.409999966621399,40.0,12.0,0.05999999865889549,0.1080000028014183,0.10999999940395355,0.2090281844139099,1.1893571615219116,290.65118408203125,0.48797428607940674,259.10382080078125,243.65579223632812,3.5964910984039307,2.8961448669433594,300.0,0.197304166853428
20210809.0,1.409999966621399,40.0,12.0,0.05999999865889549,0.1080000028014183,0.10999999940395355,0.2090281844139099,1.1893571615219116,290.13140869140625,0.4762737452983856,259.76312255859375,244.0211181640625,3.9066286087036133,2.904548168182373,300.0,0.209104166055719
20210811.0,1.409999966621399,40.0,12.0,0.05999999865889549,0.1080000028014183,0.10999999940395355,0.2090281844139099,1.1893571615219116,291.57012939453125,0.46494224667549133,256.7724609375,240.25375366210938,0.24966314435005188,3.1610054969787598,300.0,0.256752082146704
20210812.0,1.409999966621399,40.0,12.0,0.05999999865889549,0.1080000028014183,0.10999999940395355,0.2090281844139099,1.1893571615219116,293.72088623046875,0.45780980587005615,259.718017578125,243.02609252929688,0.28680601716041565,3.2638258934020996,300.0,0.244406249374151
20210814.0,1.409999966621399,40.0,12.0,0.05999999865889549,0.1080000028014183,0.10999999940395355,0.2090281844139099,1.1893571615219116,291.2919616699219,0.4592542350292206,260.869873046875,244.53036499023438,0.0024007863830775023,3.1762754917144775,300.0,0.222983333903054
20210815.0,1.409999966621399,40.0,12.0,0.05999999865889549,0.1080000028014183,0.10999999940395355,0.2090281844139099,1.1893571615219116,293.1388854980469,0.46550217270851135,262.1233215332031,246.90341186523438,0.1383817046880722,3.3610973358154297,300.0,0.213052083117267
20210817.0,1.409999966621399,40.0,12.0,0.05999999865889549,0.1080000028014183,0.10999999940395355,0.2090281844139099,1.1893571615219116,286.7434997558594,0.4782261550426483,258.75299072265625,244.35479736328125,4.096909999847412,1.7775418758392334,300.0,0.217081250622869
20210819.0,1.409999966621399,40.0,12.0,0.05999999865889549,0.1080000028014183,0.10999999940395355,0.2090281844139099,1.1893571615219116,290.6180114746094,0.491009920835495,260.54254150390625,242.65240478515625,0.7548332810401917,1.817555546760559,300.0,0.235443749465048
20210820.0,1.409999966621399,40.0,12.0,0.05999999865889549,0.1080000028014183,0.10999999940395355,0.2090281844139099,1.1893571615219116,291.1847839355469,0.49850139021873474,260.4832458496094,245.15744018554688,0.7581519484519958,2.3629071712493896,300.0,0.229452083197733
20210822.0,1.409999966621399,40.0,12.0,0.05999999865889549,0.1080000028014183,0.10999999940395355,0.2090281844139099,1.1893571615219116,291.32989501953125,0.504287838935852,259.00909423828125,244.79241943359375,8.344740867614746,2.784126043319702,300.0,0.240381249847511
20210823.0,1.409999966621399,40.0,12.0,0.05999999865889549,0.1080000028014183,0.10999999940395355,0.2090281844139099,1.1893571615219116,290.9128112792969,0.5024910569190979,262.2138366699219,244.75999450683594,0.896223783493042,2.2815492153167725,300.0,0.237206249808272
20210825.0,1.409999966621399,40.0,12.0,0.05999999865889549,0.1080000028014183,0.10999999940395355,0.2090281844139099,1.1893571615219116,290.216552734375,0.5008997321128845,260.9371032714844,245.7740936279297,0.07148206233978271,3.162360191345215,300.0,0.217452083714306
20210827.0,1.409999966621399,40.0,12.0,0.05999999865889549,0.1080000028014183,0.10999999940395355,0.2090281844139099,1.1893571615219116,288.0242919921875,0.4991597831249237,262.0155029296875,245.85809326171875,3.6555733680725098,2.3837194442749023,300.0,0.228879165214797
20210828.0,1.409999966621399,40.0,12.0,0.05999999865889549,0.1080000028014183,0.10999999940395355,0.2090281844139099,1.1893571615219116,288.3918151855469,0.49791228771209717,257.42742919921875,240.64471435546875,7.941465377807617,2.330418109893799,300.0,0.241810416181882
20210830.0,1.409999966621399,40.0,12.0,0.05999999865889549,0.1080000028014183,0.10999999940395355,0.2090281844139099,1.1893571615219116,290.2663269042969,0.4989902675151825,258.35565185546875,240.2919464111328,2.031069278717041,2.479285717010498,300.0,0.286647918323676
20210831.0,1.409999966621399,40.0,12.0,0.05999999865889549,0.1080000028014183,0.10999999940395355,0.2090281844139099,1.1893571615219116,289.4454040527344,0.501322329044342,257.921142578125,240.0472869873047,0.43973639607429504,2.0542895793914795,300.0,0.272910413642724
20210902.0,1.409999966621399,40.0,12.0,0.05999999865889549,0.1080000028014183,0.10999999940395355,0.2090281844139099,1.1893571615219116,290.3016662597656,0.5052456855773926,257.97747802734375,242.57498168945312,0.0017190738581120968,2.61859130859375,300.0,0.256254545328292
20210904.0,1.409999966621399,40.0,12.0,0.05999999865889549,0.1080000028014183,0.10999999940395355,0.2090281844139099,1.1893571615219116,290.72540283203125,0.5091506242752075,260.07037353515625,246.95449829101562,0.0,2.210014581680298,300.0,0.240800000416736
20210905.0,1.409999966621399,40.0,12.0,0.05999999865889549,0.1080000028014183,0.10999999940395355,0.2090281844139099,1.1893571615219116,291.5648193359375,0.5116779804229736,262.07177734375,249.1626739501953,0.013191448524594307,2.588761568069458,300.0,0.234868749665717
20210907.0,1.409999966621399,40.0,12.0,0.05999999865889549,0.1080000028014183,0.10999999940395355,0.2090281844139099,1.1893571615219116,292.1656494140625,0.5114204287528992,264.581298828125,251.2094268798828,0.0,2.7339489459991455,300.0,0.220772915830215
20210908.0,1.409999966621399,40.0,12.0,0.05999999865889549,0.1080000028014183,0.10999999940395355,0.2090281844139099,1.1893571615219116,293.0611572265625,0.5086379051208496,265.88165283203125,253.02349853515625,0.00043511379044502974,3.100878953933716,300.0,0.21227916671584
20210910.0,1.409999966621399,40.0,12.0,0.05999999865889549,0.1080000028014183,0.10999999940395355,0.2090281844139099,1.1893571615219116,292.08258056640625,0.5042272806167603,268.738037109375,255.7243194580078,6.367501258850098,1.6483691930770874,300.0,0.19992291710029
20210912.0,1.409999966621399,40.0,12.0,0.05999999865889549,0.1080000028014183,0.10999999940395355,0.2090281844139099,1.1893571615219116,290.583740234375,0.4995917081832886,262.9422607421875,248.92919921875,0.05021341145038605,1.9796860218048096,300.0,0.194891666993499
20210913.0,1.409999966621399,40.0,12.0,0.05999999865889549,0.1080000028014183,0.10999999940395355,0.2090281844139099,1.1893571615219116,289.0965576171875,0.4977605938911438,262.82843017578125,248.14576721191406,0.004749685060232878,1.7812167406082153,300.0,0.190827083773911
20210915.0,1.409999966621399,40.0,12.0,0.05999999865889549,0.1080000028014183,0.10999999940395355,0.2090281844139099,1.1893571615219116,291.2425537109375,0.4897061586380005,261.46014404296875,246.33181762695312,8.448412895202637,1.3071414232254028,300.0,0.184683333771924
20210916.0,1.409999966621399,40.0,12.0,0.05999999865889549,0.1080000028014183,0.10999999940395355,0.2090281844139099,1.1893571615219116,289.0965576171875,0.48354461789131165,261.73199462890625,245.528564453125,0.4695850610733032,1.986156940460205,300.0,0.184981250825028
20210918.0,1.409999966621399,40.0,12.0,0.05999999865889549,0.1080000028014183,0.10999999940395355,0.2090281844139099,1.1893571615219116,289.2318115234375,0.4723280370235443,261.08502197265625,249.4293212890625,0.10556076467037201,1.9770426750183105,300.0,0.180485415893296
20210920.0,1.409999966621399,40.0,12.0,0.05999999865889549,0.1080000028014183,0.10999999940395355,0.2090281844139099,1.1893571615219116,287.4890441894531,0.4615834057331085,263.8907165527344,249.2955322265625,0.11056027561426163,1.7616448402404785,300.0,0.172520832469066
20210923.0,1.409999966621399,40.0,12.0,0.05999999865889549,0.1080000028014183,0.10999999940395355,0.2090281844139099,1.1893571615219116,287.7955322265625,0.45556581020355225,264.0548400878906,251.86474609375,0.29866671562194824,1.8973766565322876,300.0,0.160714584713181
20210924.0,1.409999966621399,40.0,12.0,0.05999999865889549,0.1080000028014183,0.10999999940395355,0.2090281844139099,1.1893571615219116,290.0751953125,0.46081480383872986,266.79083251953125,252.26747131347656,0.13878017663955688,1.335519552230835,300.0,0.157787500880659
20210926.0,1.409999966621399,40.0,12.0,0.05999999865889549,0.1080000028014183,0.10999999940395355,0.2090281844139099,1.1893571615219116,290.8358154296875,0.471476286649704,267.44415283203125,254.80848693847656,1.5581743717193604,1.5755501985549927,300.0,0.152822916395962
20210928.0,1.409999966621399,40.0,12.0,0.05999999865889549,0.1080000028014183,0.10999999940395355,0.2090281844139099,1.1893571615219116,287.32989501953125,0.48213016986846924,262.5067138671875,244.8560333251953,0.045850951224565506,1.7072725296020508,300.0,0.150589581268529
20210929.0,1.409999966621399,40.0,12.0,0.05999999865889549,0.1080000028014183,0.10999999940395355,0.2090281844139099,1.1893571615219116,285.3614501953125,0.4884488582611084,261.70098876953125,248.0433349609375,6.649616241455078,2.032857656478882,300.0,0.150697917677462
20211001.0,1.409999966621399,40.0,12.0,0.05999999865889549,0.1080000028014183,0.10999999940395355,0.2090281844139099,1.1893571615219116,286.489501953125,0.4925709366798401,258.53790283203125,242.9262237548828,9.020026206970215,2.3406519889831543,300.0,0.151966665871441
20211002.0,1.409999966621399,40.0,12.0,0.05999999865889549,0.1080000028014183,0.10999999940395355,0.2090281844139099,1.1893571615219116,287.46417236328125,0.49031174182891846,259.04510498046875,243.1092071533203,3.136775493621826,2.2886369228363037,300.0,0.152852082935472
20211004.0,1.409999966621399,40.0,12.0,0.05999999865889549,0.1080000028014183,0.10999999940395355,0.2090281844139099,1.1893571615219116,286.5498352050781,0.48764264583587646,255.63998413085938,239.97337341308594,0.0043991790153086185,1.8069522380828857,300.0,0.156637499729792
20211006.0,1.409999966621399,40.0,12.0,0.05999999865889549,0.1080000028014183,0.10999999940395355,0.2090281844139099,1.1893571615219116,283.8733825683594,0.4849114418029785,257.89093017578125,240.19830322265625,3.1712162494659424,1.3699674606323242,300.0,0.158431250291566
20211007.0,1.409999966621399,40.0,12.0,0.05999999865889549,0.1080000028014183,0.10999999940395355,0.2090281844139099,1.1893571615219116,285.0049133300781,0.482943058013916,255.7475128173828,239.52450561523438,0.3192625343799591,0.9492630362510681,300.0,0.173458333127201
20211009.0,1.409999966621399,40.0,12.0,0.05999999865889549,0.1080000028014183,0.10999999940395355,0.2090281844139099,1.1893571615219116,284.8859558105469,0.4847326874732971,255.15451049804688,239.1478271484375,0.0,1.250836968421936,300.0,0.17550208264341
20211010.0,1.409999966621399,40.0,12.0,0.05999999865889549,0.1080000028014183,0.10999999940395355,0.2090281844139099,1.1893571615219116,283.43560791015625,0.4885092079639435,255.86001586914062,239.5909423828125,0.06346768140792847,1.1351289749145508,300.0,0.172997917359074
20211012.0,1.409999966621399,40.0,12.0,0.05999999865889549,0.1080000028014183,0.10999999940395355,0.2090281844139099,1.1893571615219116,282.8182678222656,0.4948960840702057,256.53594970703125,239.2805633544922,6.179347515106201,1.0675852298736572,300.0,0.172885415144265
20211014.0,1.409999966621399,40.0,12.0,0.05999999865889549,0.1080000028014183,0.10999999940395355,0.2090281844139099,1.1893571615219116,285.0245666503906,0.5016978979110718,256.6924743652344,236.69232177734375,0.05504023656249046,0.775797963142395,300.0,0.18533124960959
20211015.0,1.409999966621399,40.0,12.0,0.05999999865889549,0.1080000028014183,0.10999999940395355,0.2090281844139099,1.1893571615219116,283.5753479003906,0.5043778419494629,255.39788818359375,237.42584228515625,0.9399949312210083,0.7034245729446411,300.0,0.185956249944866
20211017.0,1.409999966621399,40.0,12.0,0.05999999865889549,0.1080000028014183,0.10999999940395355,0.2090281844139099,1.1893571615219116,281.7537536621094,0.5169380307197571,252.96514892578125,234.90078735351562,0.6005648970603943,0.9155067205429077,300.0,0.1865208329012
20211018.0,1.409999966621399,40.0,12.0,0.05999999865889549,0.1080000028014183,0.10999999940395355,0.2090281844139099,1.1893571615219116,283.8661804199219,0.5269650220870972,254.6040802001953,239.60897827148438,0.6177403926849365,0.9600187540054321,300.0,0.184116666205227
20211020.0,1.409999966621399,40.0,12.0,0.05999999865889549,0.1080000028014183,0.10999999940395355,0.2090281844139099,1.1893571615219116,288.6864013671875,0.5458931922912598,256.362548828125,237.03456115722656,8.979796409606934,2.0197367668151855,300.0,0.185191666707397
20211022.0,1.409999966621399,40.0,12.0,0.05999999865889549,0.1080000028014183,0.10999999940395355,0.2090281844139099,1.1893571615219116,281.014892578125,0.5651009678840637,246.94476318359375,229.04507446289062,1.4399421215057373,1.0827428102493286,300.0,0.205281249557932
20211023.0,1.409999966621399,40.0,12.0,0.05999999865889549,0.1080000028014183,0.10999999940395355,0.2090281844139099,1.1893571615219116,281.3570861816406,0.576801598072052,249.58782958984375,230.59176635742188,0.017307518050074577,0.8053278923034668,300.0,0.202891665821274
20211025.0,1.409999966621399,40.0,12.0,0.05999999865889549,0.1080000028014183,0.10999999940395355,0.2090281844139099,1.1893571615219116,282.09783935546875,0.5825192332267761,248.63259887695312,232.34182739257812,1.2967345714569092,0.704812228679657,300.0,0.197437500270704
20211026.0,1.409999966621399,40.0,12.0,0.05999999865889549,0.1080000028014183,0.10999999940395355,0.2090281844139099,1.1893571615219116,284.35406494140625,0.5763987898826599,252.64358520507812,233.07388305664062,0.03830120712518692,0.9008274674415588,300.0,0.195345832345386
20211028.0,1.409999966621399,40.0,12.0,0.05999999865889549,0.1080000028014183,0.10999999940395355,0.2090281844139099,1.1893571615219116,283.6610412597656,0.5680563449859619,253.65719604492188,234.53994750976562,0.0007229301263578236,0.9148850440979004,300.0,0.191702083374063
20211030.0,1.409999966621399,40.0,12.0,0.05999999865889549,0.1080000028014183,0.10999999940395355,0.2090281844139099,1.1893571615219116,284.63372802734375,0.559803307056427,255.8585662841797,235.50257873535156,5.432660102844238,1.8415436744689941,300.0,0.208906251005828
20211031.0,1.409999966621399,40.0,12.0,0.05999999865889549,0.1080000028014183,0.10999999940395355,0.2090281844139099,1.1893571615219116,285.4677429199219,0.553889811038971,249.05813598632812,231.19654846191406,14.79833984375,1.282910704612732,300.0,0.226945832682153
20211102.0,1.409999966621399,40.0,12.0,0.05999999865889549,0.1080000028014183,0.10999999940395355,0.2090281844139099,1.1893571615219116,280.3289489746094,0.5604103207588196,244.706298828125,225.26150512695312,3.716818332672119,0.750190794467926,300.0,0.239829166481892
20211103.0,1.409999966621399,40.0,12.0,0.05999999865889549,0.1080000028014183,0.10999999940395355,0.2090281844139099,1.1893571615219116,278.5484619140625,0.5702155232429504,244.81219482421875,225.13685607910156,5.42099666595459,0.38382551074028015,300.0,0.24182083333532
20211105.0,1.409999966621399,40.0,12.0,0.05999999865889549,0.1080000028014183,0.10999999940395355,0.2090281844139099,1.1893571615219116,280.5682678222656,0.590226948261261,244.53038024902344,226.2120819091797,0.4086330235004425,0.6260819435119629,300.0,0.246762498592337
20211107.0,1.409999966621399,40.0,12.0,0.05999999865889549,0.1080000028014183,0.10999999940395355,0.2090281844139099,1.1893571615219116,282.21527099609375,0.6096987724304199,246.10601806640625,227.18426513671875,1.9506078958511353,1.1093318462371826,300.0,0.246054165996611
20211110.0,1.409999966621399,40.0,12.0,0.05999999865889549,0.1080000028014183,0.10999999940395355,0.2090281844139099,1.1893571615219116,276.57916259765625,0.6117339134216309,244.75515747070312,225.76742553710938,0.0016983161913231015,0.3293643891811371,300.0,0.23810454424132
20211111.0,1.409999966621399,40.0,12.0,0.05999999865889549,0.1080000028014183,0.10999999940395355,0.2090281844139099,1.1893571615219116,276.41424560546875,0.585824728012085,244.48284912109375,225.83114624023438,0.004610380623489618,0.24209237098693848,300.0,0.23529999901851
20211113.0,1.409999966621399,40.0,12.0,0.05999999865889549,0.1080000028014183,0.10999999940395355,0.2090281844139099,1.1893571615219116,282.3785095214844,0.5443888902664185,246.87757873535156,225.7967529296875,5.1282958984375,0.6430603265762329,300.0,0.240837500741084
20211115.0,1.409999966621399,40.0,12.0,0.05999999865889549,0.1080000028014183,0.10999999940395355,0.2090281844139099,1.1893571615219116,279.323486328125,0.5059948563575745,246.7344207763672,227.60601806640625,0.04036587104201317,0.29774010181427,300.0,0.245424999855459
20211116.0,1.409999966621399,40.0,12.0,0.05999999865889549,0.1080000028014183,0.10999999940395355,0.2090281844139099,1.1893571615219116,279.14208984375,0.4815833270549774,246.02835083007812,227.83078002929688,0.2930189371109009,0.29516884684562683,300.0,0.243300000205636
20211118.0,1.409999966621399,40.0,12.0,0.05999999865889549,0.1080000028014183,0.10999999940395355,0.2090281844139099,1.1893571615219116,280.4679260253906,0.4907805323600769,246.5721893310547,227.11761474609375,0.010644450783729553,0.4959648847579956,300.0,0.240847915721436
20211119.0,1.409999966621399,40.0,12.0,0.05999999865889549,0.1080000028014183,0.10999999940395355,0.2090281844139099,1.1893571615219116,283.283447265625,0.5253300666809082,249.18209838867188,229.56982421875,0.5321499109268188,0.28026053309440613,300.0,0.239902083141108
20211121.0,1.409999966621399,40.0,12.0,0.05999999865889549,0.1080000028014183,0.10999999940395355,0.2090281844139099,1.1893571615219116,279.83355712890625,0.586023211479187,246.2696533203125,229.42367553710938,1.5078115463256836,0.2900258004665375,300.0,0.242172917351127
20211123.0,1.409999966621399,40.0,12.0,0.05999999865889549,0.1080000028014183,0.10999999940395355,0.2090281844139099,1.1893571615219116,276.4664001464844,0.6529521346092224,246.25054931640625,227.53164672851562,0.20781631767749786,0.15592829883098602,300.0,0.242029412704356
20211126.0,1.409999966621399,40.0,12.0,0.05999999865889549,0.1080000028014183,0.10999999940395355,0.2090281844139099,1.1893571615219116,275.7301330566406,0.736307680606842,245.03611755371094,225.8062744140625,5.537877082824707,0.9895796775817871,300.0,0.239441669546068
20211127.0,1.409999966621399,40.0,12.0,0.05999999865889549,0.1080000028014183,0.10999999940395355,0.2090281844139099,1.1893571615219116,275.70050048828125,0.7389923334121704,243.31443786621094,223.05780029296875,1.897572636604309,0.6156995296478271,300.0,0.244895833233992
20211129.0,1.409999966621399,40.0,12.0,0.05999999865889549,0.1080000028014183,0.10999999940395355,0.2090281844139099,1.1893571615219116,273.86767578125,0.752859354019165,244.00672912597656,226.25885009765625,1.7734582424163818,0.5255680680274963,300.0,0.241999998688698
20211201.0,1.409999966621399,40.0,12.0,0.05999999865889549,0.1080000028014183,0.10999999940395355,0.2090281844139099,1.1893571615219116,280.08148193359375,0.7652286887168884,243.80752563476562,223.1044921875,4.820586204528809,1.3104453086853027,300.0,0.27495208568871
20211202.0,1.409999966621399,40.0,12.0,0.05999999865889549,0.1080000028014183,0.10999999940395355,0.2090281844139099,1.1893571615219116,275.1451721191406,0.773876428604126,239.14254760742188,218.5890655517578,1.6416356563568115,0.5592490434646606,300.0,0.281388889584276
20211204.0,1.409999966621399,40.0,12.0,0.05999999865889549,0.1080000028014183,0.10999999940395355,0.2090281844139099,1.1893571615219116,277.4415283203125,0.7685346603393555,240.34950256347656,217.70687866210938,7.785787582397461,0.4673463702201843,300.0,0.290987499058247
20211207.0,1.409999966621399,40.0,12.0,0.05999999865889549,0.1080000028014183,0.10999999940395355,0.2090281844139099,1.1893571615219116,276.2269287109375,0.732043445110321,235.87423706054688,215.49432373046875,3.923400402069092,0.9300596117973328,300.0,0.306968748569489
20211209.0,1.409999966621399,40.0,12.0,0.05999999865889549,0.1080000028014183,0.10999999940395355,0.2090281844139099,1.1893571615219116,275.36163330078125,0.709669291973114,237.02557373046875,215.5361328125,0.07731324434280396,0.21156452596187592,300.0,0.284707500040531
20211210.0,1.409999966621399,40.0,12.0,0.05999999865889549,0.1080000028014183,0.10999999940395355,0.2090281844139099,1.1893571615219116,275.6395568847656,0.6973699927330017,239.20578002929688,216.6435546875,0.5086991786956787,0.3111182749271393,300.0,0.281477085625132
20211212.0,1.409999966621399,40.0,12.0,0.05999999865889549,0.1080000028014183,0.10999999940395355,0.2090281844139099,1.1893571615219116,279.57080078125,0.6859717965126038,238.1078338623047,215.91688537597656,4.009128570556641,0.48955872654914856,300.0,0.279752081880967
20211213.0,1.409999966621399,40.0,12.0,0.05999999865889549,0.1080000028014183,0.10999999940395355,0.2090281844139099,1.1893571615219116,280.834716796875,0.6848042011260986,243.0246124267578,219.09744262695312,0.44296523928642273,0.32431015372276306,300.0,0.277445833509167
20211215.0,1.409999966621399,40.0,12.0,0.05999999865889549,0.1080000028014183,0.10999999940395355,0.2090281844139099,1.1893571615219116,281.4497375488281,0.682473361492157,241.2126007080078,222.42404174804688,1.0278788805007935,0.2954612374305725,300.0,0.270845832924048
20211217.0,1.409999966621399,40.0,12.0,0.05999999865889549,0.1080000028014183,0.10999999940395355,0.2090281844139099,1.1893571615219116,280.7718505859375,0.6808724999427795,242.87921142578125,221.57052612304688,0.1459137499332428,0.16669103503227234,300.0,0.265795833741625
20211218.0,1.409999966621399,40.0,12.0,0.05999999865889549,0.1080000028014183,0.10999999940395355,0.2090281844139099,1.1893571615219116,279.3375549316406,0.67718106508255,242.79034423828125,222.19961547851562,0.12943726778030396,0.1022220328450203,300.0,0.2639583311975
20211220.0,1.409999966621399,40.0,12.0,0.05999999865889549,0.1080000028014183,0.10999999940395355,0.2090281844139099,1.1893571615219116,276.297607421875,0.6971946358680725,243.00445556640625,221.5326385498047,0.16782885789871216,0.25077497959136963,300.0,0.264929413795471
20211223.0,1.409999966621399,40.0,12.0,0.05999999865889549,0.1080000028014183,0.10999999940395355,0.2090281844139099,1.1893571615219116,273.76849365234375,0.7654668688774109,248.6832275390625,231.427001953125,3.6409213542938232,0.15822488069534302,300.0,0.259492853922503
20211225.0,1.409999966621399,40.0,12.0,0.05999999865889549,0.1080000028014183,0.10999999940395355,0.2090281844139099,1.1893571615219116,274.9598083496094,0.8085444569587708,233.48800659179688,213.00662231445312,7.805389404296875,0.7467845678329468,300.0,0.290957892411634
20211226.0,1.409999966621399,40.0,12.0,0.05999999865889549,0.1080000028014183,0.10999999940395355,0.2090281844139099,1.1893571615219116,275.2743835449219,0.8451535701751709,236.6945037841797,215.6378173828125,1.5972607135772705,0.25379279255867004,300.0,0.292163889441225
20211228.0,1.409999966621399,40.0,12.0,0.05999999865889549,0.1080000028014183,0.10999999940395355,0.2090281844139099,1.1893571615219116,280.9850158691406,0.784018874168396,238.29757690429688,218.60183715820312,11.422348022460938,1.1528937816619873,300.0,0.299312500283122
20211229.0,1.409999966621399,40.0,12.0,0.05999999865889549,0.1080000028014183,0.10999999940395355,0.2090281844139099,1.1893571615219116,282.27996826171875,0.6924534440040588,235.6312255859375,213.0137481689453,4.1830735206604,0.5747149586677551,300.0,0.309243749827147
20211231.0,1.409999966621399,40.0,12.0,0.05999999865889549,0.1080000028014183,0.10999999940395355,0.2090281844139099,1.1893571615219116,285.0008239746094,0.5487416982650757,238.82102966308594,215.91275024414062,0.4703165888786316,0.543783962726593,300.0,0.290110416089495
20220102.0,1.409999966621399,40.0,12.0,0.05999999865889549,0.1080000028014183,0.10999999940395355,0.2090281844139099,1.1893571615219116,283.8927917480469,0.7306959629058838,239.36497497558594,215.37701416015625,7.29166316986084,1.2749383449554443,300.0,0.285060418148835
20220103.0,1.409999966621399,40.0,12.0,0.05999999865889549,0.1080000028014183,0.10999999940395355,0.2090281844139099,1.1893571615219116,281.7117614746094,0.7574281096458435,235.98623657226562,211.408935546875,4.258505821228027,1.1605257987976074,300.0,0.305931251496077
20220105.0,1.409999966621399,40.0,12.0,0.05999999865889549,0.1080000028014183,0.10999999940395355,0.2090281844139099,1.1893571615219116,275.5130920410156,0.7919353246688843,230.9101104736328,209.13270568847656,5.418252468109131,1.0295588970184326,300.0,0.308312817261769
20220106.0,1.409999966621399,40.0,12.0,0.05999999865889549,0.1080000028014183,0.10999999940395355,0.2090281844139099,1.1893571615219116,274.6841125488281,0.8113204836845398,230.0794219970703,205.41146850585938,0.21818378567695618,0.4083710312843323,300.0,0.297463636506688
20220108.0,1.409999966621399,40.0,12.0,0.05999999865889549,0.1080000028014183,0.10999999940395355,0.2090281844139099,1.1893571615219116,274.8957214355469,0.8524655103683472,231.72152709960938,209.782470703125,5.92099666595459,0.8723434805870056,300.0,0.291252940893173
20220113.0,1.409999966621399,40.0,12.0,0.05999999865889549,0.1080000028014183,0.10999999940395355,0.2090281844139099,1.1893571615219116,275.10430908203125,0.9036386609077454,233.09368896484375,210.44422912597656,0.031200921162962914,0.23861239850521088,300.0,0.28289166589578
20220114.0,1.409999966621399,40.0,12.0,0.05999999865889549,0.1080000028014183,0.10999999940395355,0.2090281844139099,1.1893571615219116,275.0958251953125,0.9116093516349792,235.111328125,211.16644287109375,0.027559591457247734,0.13264144957065582,300.0,0.279427273029631
20220116.0,1.409999966621399,40.0,12.0,0.05999999865889549,0.1080000028014183,0.10999999940395355,0.2090281844139099,1.1893571615219116,275.94110107421875,0.9271385669708252,234.78573608398438,213.08547973632812,0.40239259600639343,0.27290183305740356,300.0,0.274535415694118
20220118.0,1.409999966621399,40.0,12.0,0.05999999865889549,0.1080000028014183,0.10999999940395355,0.2090281844139099,1.1893571615219116,278.53594970703125,0.9540042281150818,236.13113403320312,214.19894409179688,0.19312696158885956,0.08324279636144638,300.0,0.271108334263166
20220119.0,1.409999966621399,40.0,12.0,0.05999999865889549,0.1080000028014183,0.10999999940395355,0.2090281844139099,1.1893571615219116,275.11749267578125,0.9721918702125549,236.49029541015625,214.38275146484375,0.8456400036811829,0.28193724155426025,300.0,0.26927619037174
20220121.0,1.409999966621399,40.0,12.0,0.05999999865889549,0.1080000028014183,0.10999999940395355,0.2090281844139099,1.1893571615219116,274.9956359863281,1.0095003843307495,234.2161865234375,212.61227416992188,1.242510199546814,0.37718164920806885,300.0,0.271400003560952
20220122.0,1.409999966621399,40.0,12.0,0.05999999865889549,0.1080000028014183,0.10999999940395355,0.2090281844139099,1.1893571615219116,277.71875,1.028799295425415,235.4266357421875,210.98568725585938,0.7425712943077087,0.46238696575164795,300.0,0.270620834703247
20220124.0,1.409999966621399,40.0,12.0,0.05999999865889549,0.1080000028014183,0.10999999940395355,0.2090281844139099,1.1893571615219116,273.5132141113281,1.0705534219741821,232.82302856445312,210.013671875,0.0008523463038727641,0.2347324937582016,300.0,0.267627779808309
20220126.0,1.409999966621399,40.0,12.0,0.05999999865889549,0.1080000028014183,0.10999999940395355,0.2090281844139099,1.1893571615219116,274.6840515136719,1.0766232013702393,235.67832946777344,212.54751586914062,0.8728402256965637,0.39183899760246277,300.0,0.264612500245372
20220127.0,1.409999966621399,40.0,12.0,0.05999999865889549,0.1080000028014183,0.10999999940395355,0.2090281844139099,1.1893571615219116,277.52783203125,1.0589123964309692,234.85061645507812,212.55615234375,1.841971516609192,0.4952474534511566,300.0,0.263991666957736
20220129.0,1.409999966621399,40.0,12.0,0.05999999865889549,0.1080000028014183,0.10999999940395355,0.2090281844139099,1.1893571615219116,280.5335998535156,1.0327661037445068,238.72134399414062,214.78359985351562,1.28823983669281,0.7241367697715759,300.0,0.263779166465004
20220130.0,1.409999966621399,40.0,12.0,0.05999999865889549,0.1080000028014183,0.10999999940395355,0.2090281844139099,1.1893571615219116,277.8731384277344,1.019299864768982,236.94190979003906,211.2532958984375,0.21515721082687378,0.6843987703323364,300.0,0.262587500115236
20220201.0,1.409999966621399,40.0,12.0,0.05999999865889549,0.1080000028014183,0.10999999940395355,0.2090281844139099,1.1893571615219116,277.2852783203125,0.9919772744178772,231.00958251953125,211.68313598632812,1.8133349418640137,0.9441160559654236,300.0,0.303039581825336
20220203.0,1.409999966621399,40.0,12.0,0.05999999865889549,0.1080000028014183,0.10999999940395355,0.2090281844139099,1.1893571615219116,280.0616455078125,0.9790219068527222,233.7834014892578,211.99356079101562,0.5921370387077332,0.6846705079078674,300.0,0.29476666636765
20220204.0,1.409999966621399,40.0,12.0,0.05999999865889549,0.1080000028014183,0.10999999940395355,0.2090281844139099,1.1893571615219116,279.2501220703125,0.980461835861206,235.01409912109375,211.20462036132812,1.9884047508239746,0.9064195156097412,300.0,0.290022917091846
20220207.0,1.409999966621399,40.0,12.0,0.05999999865889549,0.1080000028014183,0.10999999940395355,0.2090281844139099,1.1893571615219116,277.169677734375,0.9799783229827881,228.90725708007812,204.19241333007812,0.569266676902771,1.1575466394424438,300.0,0.311035416399439
20220209.0,1.409999966621399,40.0,12.0,0.05999999865889549,0.1080000028014183,0.10999999940395355,0.2090281844139099,1.1893571615219116,281.5745544433594,0.9801234006881714,232.96466064453125,209.96713256835938,0.177723690867424,0.6141125559806824,300.0,0.292062499870857
20220211.0,1.409999966621399,40.0,12.0,0.05999999865889549,0.1080000028014183,0.10999999940395355,0.2090281844139099,1.1893571615219116,276.0941162109375,0.9774810671806335,231.5186767578125,208.3134765625,1.134031891822815,1.0823867321014404,300.0,0.297763157831995
20220214.0,1.409999966621399,40.0,12.0,0.05999999865889549,0.1080000028014183,0.10999999940395355,0.2090281844139099,1.1893571615219116,281.5951843261719,0.969460666179657,233.00733947753906,208.0057373046875,0.1017153337597847,0.833933413028717,300.0,0.283918749541044
20220215.0,1.409999966621399,40.0,12.0,0.05999999865889549,0.1080000028014183,0.10999999940395355,0.2090281844139099,1.1893571615219116,279.43878173828125,0.9668378829956055,234.70648193359375,209.97161865234375,5.331457138061523,1.344999074935913,300.0,0.281166667118669
20220217.0,1.409999966621399,40.0,12.0,0.05999999865889549,0.1080000028014183,0.10999999940395355,0.2090281844139099,1.1893571615219116,281.5629577636719,0.9612289071083069,233.20321655273438,210.27859497070312,2.6600677967071533,2.245692014694214,300.0,0.293331249306599
20220219.0,1.409999966621399,40.0,12.0,0.05999999865889549,0.1080000028014183,0.10999999940395355,0.2090281844139099,1.1893571615219116,278.276123046875,0.9619448781013489,232.14141845703125,206.145263671875,3.722301721572876,1.7800371646881104,300.0,0.284687501067917
20220220.0,1.409999966621399,40.0,12.0,0.05999999865889549,0.1080000028014183,0.10999999940395355,0.2090281844139099,1.1893571615219116,280.2679443359375,0.9659141302108765,231.41644287109375,206.67996215820312,12.16959285736084,2.677793025970459,300.0,0.305223401556624
20220222.0,1.409999966621399,40.0,12.0,0.05999999865889549,0.1080000028014183,0.10999999940395355,0.2090281844139099,1.1893571615219116,278.9713439941406,0.9723492860794067,229.41952514648438,206.7706756591797,3.6034469604492188,1.0284340381622314,300.0,0.308873912562495
20220223.0,1.409999966621399,40.0,12.0,0.05999999865889549,0.1080000028014183,0.10999999940395355,0.2090281844139099,1.1893571615219116,279.26129150390625,0.9756588935852051,227.1622314453125,204.08297729492188,0.012400053441524506,1.108823299407959,300.0,0.306437500442068
20220225.0,1.409999966621399,40.0,12.0,0.05999999865889549,0.1080000028014183,0.10999999940395355,0.2090281844139099,1.1893571615219116,276.2041015625,0.982073187828064,229.39990234375,207.58676147460938,3.0335917472839355,1.1096490621566772,300.0,0.302536955994108
20220227.0,1.409999966621399,40.0,12.0,0.05999999865889549,0.1080000028014183,0.10999999940395355,0.2090281844139099,1.1893571615219116,276.5614929199219,0.9927248954772949,232.087646484375,205.83229064941406,0.0008523463038727641,1.1624510288238525,300.0,0.292277779844072
20220228.0,1.409999966621399,40.0,12.0,0.05999999865889549,0.1080000028014183,0.10999999940395355,0.2090281844139099,1.1893571615219116,277.0863342285156,0.9997671842575073,236.07855224609375,210.48788452148438,0.0008702277555130422,1.1536580324172974,300.0,0.2877131582875
20220302.0,1.409999966621399,40.0,12.0,0.05999999865889549,0.1080000028014183,0.10999999940395355,0.2090281844139099,1.1893571615219116,278.1409912109375,1.0139833688735962,233.10400390625,208.5713348388672,0.0008642672328278422,1.262183666229248,300.0,0.279983333001534
20220303.0,1.409999966621399,40.0,12.0,0.05999999865889549,0.1080000028014183,0.10999999940395355,0.2090281844139099,1.1893571615219116,276.9233703613281,1.0211753845214844,237.98748779296875,215.09825134277344,0.0017195926047861576,1.239776372909546,300.0,0.276504762115933
20220305.0,1.409999966621399,40.0,12.0,0.05999999865889549,0.1080000028014183,0.10999999940395355,0.2090281844139099,1.1893571615219116,276.3316650390625,1.0359092950820923,241.31915283203125,217.19479370117188,0.001722574234008789,1.1430953741073608,300.0,0.270813889801502
20220307.0,1.409999966621399,40.0,12.0,0.05999999865889549,0.1080000028014183,0.10999999940395355,0.2090281844139099,1.1893571615219116,274.9071350097656,1.0471951961517334,245.57652282714844,223.03814697265625,0.002157687908038497,1.0805429220199585,300.0,0.265571873635054
20220308.0,1.409999966621399,40.0,12.0,0.05999999865889549,0.1080000028014183,0.10999999940395355,0.2090281844139099,1.1893571615219116,276.35540771484375,1.0508009195327759,246.8217315673828,227.05242919921875,0.0,1.4197739362716675,300.0,0.263854164630175
20220310.0,1.409999966621399,40.0,12.0,0.05999999865889549,0.1080000028014183,0.10999999940395355,0.2090281844139099,1.1893571615219116,279.9116516113281,1.0589311122894287,244.15431213378906,219.00827026367188,0.0008523463038727641,1.627994418144226,300.0,0.2596270814538
20220311.0,1.409999966621399,40.0,12.0,0.05999999865889549,0.1080000028014183,0.10999999940395355,0.2090281844139099,1.1893571615219116,280.84295654296875,1.0629960298538208,243.81118774414062,222.22091674804688,0.000858306884765625,1.7754027843475342,300.0,0.25679791594545
20220313.0,1.409999966621399,40.0,12.0,0.05999999865889549,0.1080000028014183,0.10999999940395355,0.2090281844139099,1.1893571615219116,283.5521545410156,1.0715945959091187,246.09169006347656,226.63800048828125,0.44500088691711426,1.6986016035079956,300.0,0.251083333045244
20220315.0,1.409999966621399,40.0,12.0,0.05999999865889549,0.1080000028014183,0.10999999940395355,0.2090281844139099,1.1893571615219116,279.5888977050781,1.073140263557434,246.7372283935547,224.80569458007812,0.6733278036117554,0.7050368785858154,300.0,0.248285420549413
20220316.0,1.409999966621399,40.0,12.0,0.05999999865889549,0.1080000028014183,0.10999999940395355,0.2090281844139099,1.1893571615219116,280.9076232910156,1.069870114326477,246.4715576171875,227.03826904296875,0.4019780158996582,1.1614331007003784,300.0,0.247725001225869
20220318.0,1.409999966621399,40.0,12.0,0.05999999865889549,0.1080000028014183,0.10999999940395355,0.2090281844139099,1.1893571615219116,279.30987548828125,1.0650634765625,244.81494140625,222.48397827148438,0.0,1.5524429082870483,300.0,0.245622726665302
20220319.0,1.409999966621399,40.0,12.0,0.05999999865889549,0.1080000028014183,0.10999999940395355,0.2090281844139099,1.1893571615219116,280.71038818359375,1.0625585317611694,248.013916015625,228.6481475830078,0.0008663253393024206,1.8044170141220093,300.0,0.243433332381149
20220321.0,1.409999966621399,40.0,12.0,0.05999999865889549,0.1080000028014183,0.10999999940395355,0.2090281844139099,1.1893571615219116,283.94073486328125,1.0575436353683472,246.3699188232422,226.24000549316406,0.3445197343826294,1.7208340167999268,300.0,0.240216665590803
20220323.0,1.409999966621399,40.0,12.0,0.05999999865889549,0.1080000028014183,0.10999999940395355,0.2090281844139099,1.1893571615219116,282.30328369140625,1.0528775453567505,248.3318328857422,228.53286743164062,0.0017195938853546977,1.8338698148727417,300.0,0.236583333772918
20220324.0,1.409999966621399,40.0,12.0,0.05999999865889549,0.1080000028014183,0.10999999940395355,0.2090281844139099,1.1893571615219116,282.31402587890625,1.05073881149292,249.46136474609375,232.6614227294922,0.0017144891899079084,1.9326106309890747,300.0,0.233997916181882
20220326.0,1.409999966621399,40.0,12.0,0.05999999865889549,0.1080000028014183,0.10999999940395355,0.2090281844139099,1.1893571615219116,283.5545654296875,1.046392560005188,250.52316284179688,233.89537048339844,0.0,1.8447306156158447,300.0,0.228477083146572
20220327.0,1.409999966621399,40.0,12.0,0.05999999865889549,0.1080000028014183,0.10999999940395355,0.2090281844139099,1.1893571615219116,284.08367919921875,1.0442709922790527,256.38616943359375,237.50787353515625,0.003781674662604928,1.3359715938568115,300.0,0.22622083251675
20220329.0,1.409999966621399,40.0,12.0,0.05999999865889549,0.1080000028014183,0.10999999940395355,0.2090281844139099,1.1893571615219116,283.4684143066406,1.0405268669128418,256.5805969238281,240.69285583496094,0.045010387897491455,1.5163676738739014,300.0,0.222225000150502
20220331.0,1.409999966621399,40.0,12.0,0.05999999865889549,0.1080000028014183,0.10999999940395355,0.2090281844139099,1.1893571615219116,277.7339172363281,1.0287951231002808,255.31060791015625,234.67703247070312,11.85750961303711,1.1048507690429688,300.0,0.218268748062352
20220401.0,1.409999966621399,40.0,12.0,0.05999999865889549,0.1080000028014183,0.10999999940395355,0.2090281844139099,1.1893571615219116,275.0983581542969,1.0184524059295654,245.18553161621094,225.44105529785156,5.259006977081299,1.2113031148910522,300.0,0.226454166695476
20220403.0,1.409999966621399,40.0,12.0,0.05999999865889549,0.1080000028014183,0.10999999940395355,0.2090281844139099,1.1893571615219116,275.88702392578125,0.9999232292175293,244.85035705566406,225.0271453857422,0.7782770395278931,1.3497430086135864,300.0,0.240973333021005
20220404.0,1.409999966621399,40.0,12.0,0.05999999865889549,0.1080000028014183,0.10999999940395355,0.2090281844139099,1.1893571615219116,276.35516357421875,0.9906342625617981,247.27703857421875,226.71461486816406,8.586074829101562,1.4270377159118652,300.0,0.240082502365112
20220406.0,1.409999966621399,40.0,12.0,0.05999999865889549,0.1080000028014183,0.10999999940395355,0.2090281844139099,1.1893571615219116,282.2102966308594,0.9720627069473267,245.57373046875,223.66445922851562,2.0033118724823,1.4917817115783691,300.0,0.294910414144397
20220408.0,1.409999966621399,40.0,12.0,0.05999999865889549,0.1080000028014183,0.10999999940395355,0.2090281844139099,1.1893571615219116,279.0818786621094,0.9576994776725769,238.16650390625,213.21572875976562,1.333128809928894,1.2658979892730713,300.0,0.31187708551685
20220409.0,1.409999966621399,40.0,12.0,0.05999999865889549,0.1080000028014183,0.10999999940395355,0.2090281844139099,1.1893571615219116,278.9712829589844,0.9521285891532898,241.2210693359375,216.50184631347656,2.840775966644287,2.163701057434082,300.0,0.298641665528218
20220411.0,1.409999966621399,40.0,12.0,0.05999999865889549,0.1080000028014183,0.10999999940395355,0.2090281844139099,1.1893571615219116,282.3235168457031,0.94107586145401,245.07275390625,221.85877990722656,0.000852346362080425,2.5297930240631104,300.0,0.283568748583396
20220412.0,1.409999966621399,40.0,12.0,0.05999999865889549,0.1080000028014183,0.10999999940395355,0.2090281844139099,1.1893571615219116,286.83966064453125,0.9356016516685486,248.3203125,226.8522186279297,0.3260745108127594,2.7860801219940186,300.0,0.276508333782355
20220414.0,1.409999966621399,40.0,12.0,0.05999999865889549,0.1080000028014183,0.10999999940395355,0.2090281844139099,1.1893571615219116,287.3968505859375,0.9248325228691101,250.81463623046875,230.39007568359375,0.1768185943365097,2.363949775695801,300.0,0.268789583196243
20220416.0,1.409999966621399,40.0,12.0,0.05999999865889549,0.1080000028014183,0.10999999940395355,0.2090281844139099,1.1893571615219116,283.961181640625,0.9127005934715271,252.35647583007812,233.0690155029297,0.0011445528361946344,2.4800732135772705,300.0,0.262208334480723
20220417.0,1.409999966621399,40.0,12.0,0.05999999865889549,0.1080000028014183,0.10999999940395355,0.2090281844139099,1.1893571615219116,283.7418212890625,0.9058534502983093,254.07864379882812,232.65139770507812,0.0008523463038727641,2.9898219108581543,300.0,0.257016665923099
20220419.0,1.409999966621399,40.0,12.0,0.05999999865889549,0.1080000028014183,0.10999999940395355,0.2090281844139099,1.1893571615219116,284.6505126953125,0.8926570415496826,257.663818359375,237.3322296142578,0.00043511379044502974,2.857889413833618,300.0,0.245793750820061
20220420.0,1.409999966621399,40.0,12.0,0.05999999865889549,0.1080000028014183,0.10999999940395355,0.2090281844139099,1.1893571615219116,285.1481018066406,0.8861128091812134,259.29205322265625,239.21971130371094,0.000852346362080425,2.8033287525177,300.0,0.240008334318797
20220422.0,1.409999966621399,40.0,12.0,0.05999999865889549,0.1080000028014183,0.10999999940395355,0.2090281844139099,1.1893571615219116,284.8594970703125,0.873234748840332,260.1898193359375,243.74169921875,0.021526815369725227,1.785964846611023,300.0,0.228420832194388
20220424.0,1.409999966621399,40.0,12.0,0.05999999865889549,0.1080000028014183,0.10999999940395355,0.2090281844139099,1.1893571615219116,285.8738708496094,0.8594034314155579,264.1234130859375,246.50030517578125,0.6040794849395752,2.6741299629211426,300.0,0.215720834210515
20220425.0,1.409999966621399,40.0,12.0,0.05999999865889549,0.1080000028014183,0.10999999940395355,0.2090281844139099,1.1893571615219116,283.3100280761719,0.8519266247749329,262.32708740234375,243.37249755859375,3.098025321960449,1.793209433555603,300.0,0.212183333002031
20220427.0,1.409999966621399,40.0,12.0,0.05999999865889549,0.1080000028014183,0.10999999940395355,0.2090281844139099,1.1893571615219116,284.5851745605469,0.8374392986297607,258.40185546875,238.8253173828125,0.004050098359584808,2.2437424659729004,300.0,0.220072917640209
20220430.0,1.409999966621399,40.0,12.0,0.05999999865889549,0.1080000028014183,0.10999999940395355,0.2090281844139099,1.1893571615219116,283.11419677734375,0.8166797757148743,259.4632873535156,242.90570068359375,0.32229629158973694,1.7515865564346313,300.0,0.208750000533958
20220502.0,1.409999966621399,40.0,12.0,0.05999999865889549,0.1080000028014183,0.10999999940395355,0.2090281844139099,1.1893571615219116,286.517578125,0.7962610721588135,262.0058898925781,244.246337890625,0.14545492827892303,2.386812210083008,300.0,0.198120835237205
20220503.0,1.409999966621399,40.0,12.0,0.05999999865889549,0.1080000028014183,0.10999999940395355,0.2090281844139099,1.1893571615219116,287.0543212890625,0.7823361754417419,263.16357421875,249.24932861328125,6.989514076849446e-06,2.642656087875366,300.0,0.191706250111262
20220505.0,1.409999966621399,40.0,12.0,0.05999999865889549,0.1080000028014183,0.10999999940395355,0.2090281844139099,1.1893571615219116,287.2366638183594,0.7568990588188171,264.5654296875,249.6672821044922,0.29048043489456177,2.03232741355896,300.0,0.180545834203561
20220506.0,1.409999966621399,40.0,12.0,0.05999999865889549,0.1080000028014183,0.10999999940395355,0.2090281844139099,1.1893571615219116,288.3810119628906,0.7443404197692871,265.9020690917969,249.989501953125,0.27666816115379333,2.5164506435394287,300.0,0.176404166966677
20220508.0,1.409999966621399,40.0,12.0,0.05999999865889549,0.1080000028014183,0.10999999940395355,0.2090281844139099,1.1893571615219116,287.85052490234375,0.7188063263893127,263.6592102050781,247.61737060546875,0.09431316703557968,3.2441306114196777,300.0,0.166808333868782
20220510.0,1.409999966621399,40.0,12.0,0.05999999865889549,0.1080000028014183,0.10999999940395355,0.2090281844139099,1.1893571615219116,291.97503662109375,0.7129213809967041,271.3331298828125,253.12786865234375,0.41312649846076965,2.3792483806610107,300.0,0.151354168231289
20220511.0,1.409999966621399,40.0,12.0,0.05999999865889549,0.1080000028014183,0.10999999940395355,0.2090281844139099,1.1893571615219116,292.8839416503906,0.7208243012428284,271.244140625,254.215576171875,0.28075215220451355,3.610027551651001,300.0,0.140616667146484
20220513.0,1.409999966621399,40.0,12.0,0.05999999865889549,0.1080000028014183,0.10999999940395355,0.2090281844139099,1.1893571615219116,288.6141052246094,0.7322052121162415,267.89569091796875,253.5545654296875,0.2003786563873291,2.7688210010528564,300.0,0.131947918018947
20220514.0,1.409999966621399,40.0,12.0,0.05999999865889549,0.1080000028014183,0.10999999940395355,0.2090281844139099,1.1893571615219116,290.1719055175781,0.7383381724357605,269.6042175292969,253.12181091308594,0.0027994168922305107,2.8919918537139893,300.0,0.12770624893407
20220516.0,1.409999966621399,40.0,12.0,0.05999999865889549,0.1080000028014183,0.10999999940395355,0.2090281844139099,1.1893571615219116,291.7316589355469,0.7515398263931274,272.6815185546875,258.4591369628906,8.06092643737793,2.40451717376709,300.0,0.115377082644651
20220518.0,1.409999966621399,40.0,12.0,0.05999999865889549,0.1080000028014183,0.10999999940395355,0.2090281844139099,1.1893571615219116,295.2633972167969,0.7515628933906555,272.88763427734375,259.613037109375,0.09819191694259644,3.3222362995147705,300.0,0.104702083704372
20220519.0,1.409999966621399,40.0,12.0,0.05999999865889549,0.1080000028014183,0.10999999940395355,0.2090281844139099,1.1893571615219116,293.686767578125,0.7463135123252869,274.7254333496094,263.133544921875,7.132181644439697,2.6031851768493652,300.0,0.0989937502890825
20220521.0,1.409999966621399,40.0,12.0,0.05999999865889549,0.1080000028014183,0.10999999940395355,0.2090281844139099,1.1893571615219116,288.8219909667969,0.7359451055526733,255.86489868164062,234.72747802734375,0.4657039940357208,2.940109968185425,300.0,0.104404166340828
20220522.0,1.409999966621399,40.0,12.0,0.05999999865889549,0.1080000028014183,0.10999999940395355,0.2090281844139099,1.1893571615219116,291.28350830078125,0.7308152914047241,262.27545166015625,241.60435485839844,0.7021545767784119,3.3007266521453857,300.0,0.102345833710084
20220524.0,1.409999966621399,40.0,12.0,0.05999999865889549,0.1080000028014183,0.10999999940395355,0.2090281844139099,1.1893571615219116,287.6671447753906,0.7205612659454346,258.4640808105469,239.11474609375,2.202852487564087,3.17899751663208,300.0,0.0992840902710503
20220526.0,1.409999966621399,40.0,12.0,0.05999999865889549,0.1080000028014183,0.10999999940395355,0.2090281844139099,1.1893571615219116,289.7981262207031,0.7125172019004822,265.1441345214844,246.23309326171875,0.6577278971672058,2.7249834537506104,300.0,0.0961208334192634
20220527.0,1.409999966621399,40.0,12.0,0.05999999865889549,0.1080000028014183,0.10999999940395355,0.2090281844139099,1.1893571615219116,288.3675842285156,0.7096921801567078,257.3886413574219,236.94467163085938,2.1205198764801025,3.50281023979187,300.0,0.0948999995986621
20220529.0,1.409999966621399,40.0,12.0,0.05999999865889549,0.1080000028014183,0.10999999940395355,0.2090281844139099,1.1893571615219116,284.5052490234375,0.7035988569259644,266.20916748046875,247.68890380859375,5.886735439300537,2.6504766941070557,300.0,0.092768750153482
20220530.0,1.409999966621399,40.0,12.0,0.05999999865889549,0.1080000028014183,0.10999999940395355,0.2090281844139099,1.1893571615219116,285.9394226074219,0.7005613446235657,263.38702392578125,244.92727661132812,0.3728088438510895,2.4175195693969727,300.0,0.0921937501989305
20220601.0,1.409999966621399,40.0,12.0,0.05999999865889549,0.1080000028014183,0.10999999940395355,0.2090281844139099,1.1893571615219116,286.62225341796875,0.6939877867698669,265.62554931640625,247.52239990234375,3.2088403701782227,3.248075246810913,300.0,0.0892645829978089
20220603.0,1.409999966621399,40.0,12.0,0.05999999865889549,0.1080000028014183,0.10999999940395355,0.2090281844139099,1.1893571615219116,291.18218994140625,0.6965190172195435,273.8473815917969,252.51861572265625,0.001089959405362606,3.401254415512085,300.0,0.0838833330199122
20220604.0,1.409999966621399,40.0,12.0,0.05999999865889549,0.1080000028014183,0.10999999940395355,0.2090281844139099,1.1893571615219116,293.1578063964844,0.7030218243598938,270.48345947265625,253.65835571289062,0.08703012019395828,3.6688365936279297,300.0,0.0804125002274911
20220606.0,1.409999966621399,40.0,12.0,0.05999999865889549,0.1080000028014183,0.10999999940395355,0.2090281844139099,1.1893571615219116,289.755859375,0.7139796614646912,258.972412109375,236.8687744140625,0.25047463178634644,3.5185656547546387,300.0,0.0843687501425544
20220607.0,1.409999966621399,40.0,12.0,0.05999999865889549,0.1080000028014183,0.10999999940395355,0.2090281844139099,1.1893571615219116,290.2773742675781,0.7196820378303528,262.75775146484375,241.13369750976562,3.424532413482666,2.985595226287842,300.0,0.0856562505165736
20220609.0,1.409999966621399,40.0,12.0,0.05999999865889549,0.1080000028014183,0.10999999940395355,0.2090281844139099,1.1893571615219116,289.12420654296875,0.7312367558479309,256.4663391113281,236.774169921875,2.157871723175049,3.1107356548309326,300.0,0.115754166307549
20220611.0,1.409999966621399,40.0,12.0,0.05999999865889549,0.1080000028014183,0.10999999940395355,0.2090281844139099,1.1893571615219116,292.1758728027344,0.7433694005012512,262.1864929199219,239.64295959472656,1.0988807678222656,3.434903621673584,300.0,0.141537500234942
20220612.0,1.409999966621399,40.0,12.0,0.05999999865889549,0.1080000028014183,0.10999999940395355,0.2090281844139099,1.1893571615219116,290.6285705566406,0.7497283220291138,263.8584899902344,244.6890106201172,0.00043511384865269065,3.8801188468933105,300.0,0.135710417603453
20220614.0,1.409999966621399,40.0,12.0,0.05999999865889549,0.1080000028014183,0.10999999940395355,0.2090281844139099,1.1893571615219116,289.9615173339844,0.7625508904457092,273.5666198730469,253.22164916992188,0.0017195938853546977,3.7484254837036133,300.0,0.121093750620882
20220615.0,1.409999966621399,40.0,12.0,0.05999999865889549,0.1080000028014183,0.10999999940395355,0.2090281844139099,1.1893571615219116,293.1787109375,0.7691236734390259,271.0140380859375,252.26095581054688,0.00043511384865269065,4.1517863273620605,300.0,0.112708333258828
20220617.0,1.409999966621399,40.0,12.0,0.05999999865889549,0.1080000028014183,0.10999999940395355,0.2090281844139099,1.1893571615219116,294.9916076660156,0.7832103967666626,271.50006103515625,260.8316650390625,0.26908284425735474,4.277040481567383,300.0,0.0958416665283342
20220619.0,1.409999966621399,40.0,12.0,0.05999999865889549,0.1080000028014183,0.10999999940395355,0.2090281844139099,1.1893571615219116,292.05059814453125,0.7851136922836304,275.55450439453125,262.37420654296875,1.3595720529556274,2.831629514694214,300.0,0.0824770838953555
20220620.0,1.409999966621399,40.0,12.0,0.05999999865889549,0.1080000028014183,0.10999999940395355,0.2090281844139099,1.1893571615219116,291.1837158203125,0.7790365815162659,264.49041748046875,245.79998779296875,0.12890900671482086,3.18940806388855,300.0,0.080310416718324
20220622.0,1.409999966621399,40.0,12.0,0.05999999865889549,0.1080000028014183,0.10999999940395355,0.2090281844139099,1.1893571615219116,294.1426696777344,0.7699682712554932,270.59716796875,256.439697265625,0.00042617321014404297,3.7006101608276367,300.0,0.0756958339673777
20220623.0,1.409999966621399,40.0,12.0,0.05999999865889549,0.1080000028014183,0.10999999940395355,0.2090281844139099,1.1893571615219116,297.3214416503906,0.7651786208152771,273.87603759765625,259.6488037109375,3.0547165870666504,3.8447105884552,300.0,0.0729583327968915
20220625.0,1.409999966621399,40.0,12.0,0.05999999865889549,0.1080000028014183,0.10999999940395355,0.2090281844139099,1.1893571615219116,293.510498046875,0.754304826259613,264.10845947265625,246.06964111328125,1.9250836372375488,3.485246181488037,300.0,0.0760354169954856
20220627.0,1.409999966621399,40.0,12.0,0.05999999865889549,0.1080000028014183,0.10999999940395355,0.2090281844139099,1.1893571615219116,290.75311279296875,0.768424391746521,266.6556701660156,245.19271850585938,2.8304507732391357,2.374480724334717,300.0,0.0764312506653368
20220628.0,1.409999966621399,40.0,12.0,0.05999999865889549,0.1080000028014183,0.10999999940395355,0.2090281844139099,1.1893571615219116,292.4857177734375,0.7858085036277771,264.05828857421875,243.46304321289062,0.0019360887818038464,3.6944587230682373,300.0,0.0758604176032047
20220630.0,1.409999966621399,40.0,12.0,0.05999999865889549,0.1080000028014183,0.10999999940395355,0.2090281844139099,1.1893571615219116,293.5495910644531,0.8218880891799927,271.85150146484375,254.21279907226562,20.330669403076172,3.2650938034057617,300.0,0.0733104171231389
20220701.0,1.409999966621399,40.0,12.0,0.05999999865889549,0.1080000028014183,0.10999999940395355,0.2090281844139099,1.1893571615219116,290.1578674316406,0.8406967520713806,260.062744140625,243.6812744140625,0.020057085901498795,3.881216287612915,300.0,0.073100000154227
20220703.0,1.409999966621399,40.0,12.0,0.05999999865889549,0.1080000028014183,0.10999999940395355,0.2090281844139099,1.1893571615219116,292.39630126953125,0.8810631632804871,270.3331298828125,250.0770263671875,0.39008381962776184,3.5675618648529053,300.0,0.0718979164958
20220705.0,1.409999966621399,40.0,12.0,0.05999999865889549,0.1080000028014183,0.10999999940395355,0.2090281844139099,1.1893571615219116,291.552734375,0.8990902900695801,271.11431884765625,255.18655395507812,0.28410255908966064,2.9698431491851807,300.0,0.0692062512971461
20220706.0,1.409999966621399,40.0,12.0,0.05999999865889549,0.1080000028014183,0.10999999940395355,0.2090281844139099,1.1893571615219116,290.0295104980469,0.8945446014404297,270.639404296875,254.96945190429688,1.5040204524993896,3.0600926876068115,300.0,0.0675500005794068
20220708.0,1.409999966621399,40.0,12.0,0.05999999865889549,0.1080000028014183,0.10999999940395355,0.2090281844139099,1.1893571615219116,291.1955871582031,0.8912586569786072,271.2972717285156,254.36361694335938,0.1851012259721756,2.4777333736419678,300.0,0.0657833335765948
20220709.0,1.409999966621399,40.0,12.0,0.05999999865889549,0.1080000028014183,0.10999999940395355,0.2090281844139099,1.1893571615219116,292.29931640625,0.8892684578895569,273.03173828125,258.10498046875,1.0080779790878296,3.0709116458892822,300.0,0.06433125003241
20220711.0,1.409999966621399,40.0,12.0,0.05999999865889549,0.1080000028014183,0.10999999940395355,0.2090281844139099,1.1893571615219116,292.3162536621094,0.885391891002655,273.561279296875,258.55364990234375,0.06988092511892319,2.3850677013397217,300.0,0.0629833330555509
20220713.0,1.409999966621399,40.0,12.0,0.05999999865889549,0.1080000028014183,0.10999999940395355,0.2090281844139099,1.1893571615219116,296.3447265625,0.8800453543663025,272.50714111328125,262.56988525390625,0.1633673459291458,3.673541784286499,300.0,0.0607083338157584
20220714.0,1.409999966621399,40.0,12.0,0.05999999865889549,0.1080000028014183,0.10999999940395355,0.2090281844139099,1.1893571615219116,293.5524597167969,0.8765392303466797,273.9466552734375,259.53814697265625,0.015729162842035294,3.19382381439209,300.0,0.0591812503213684
20220716.0,1.409999966621399,40.0,12.0,0.05999999865889549,0.1080000028014183,0.10999999940395355,0.2090281844139099,1.1893571615219116,292.6406555175781,0.8699243068695068,273.94775390625,261.70892333984375,0.019898533821105957,3.389596939086914,300.0,0.0569791665766388
20220717.0,1.409999966621399,40.0,12.0,0.05999999865889549,0.1080000028014183,0.10999999940395355,0.2090281844139099,1.1893571615219116,293.5636291503906,0.8665962815284729,272.122314453125,261.8454895019531,0.001722574234008789,3.475374460220337,300.0,0.056050000169004
20220719.0,1.409999966621399,40.0,12.0,0.05999999865889549,0.1080000028014183,0.10999999940395355,0.2090281844139099,1.1893571615219116,301.1130676269531,0.859775960445404,274.8475646972656,264.70635986328125,0.0017168454360216856,4.169358253479004,300.0,0.053918750025332
20220721.0,1.409999966621399,40.0,12.0,0.05999999865889549,0.1080000028014183,0.10999999940395355,0.2090281844139099,1.1893571615219116,292.1568908691406,0.8563246726989746,268.25689697265625,253.46896362304688,7.818726539611816,2.5168240070343018,300.0,0.0545916668294619
20220722.0,1.409999966621399,40.0,12.0,0.05999999865889549,0.1080000028014183,0.10999999940395355,0.2090281844139099,1.1893571615219116,293.8087158203125,0.8564985394477844,265.73065185546875,247.72084045410156,1.5326437950134277,2.5775163173675537,300.0,0.0574333332479
20220724.0,1.409999966621399,40.0,12.0,0.05999999865889549,0.1080000028014183,0.10999999940395355,0.2090281844139099,1.1893571615219116,297.7041931152344,0.8560402989387512,267.9497375488281,251.98858642578125,0.0008669470553286374,3.5964763164520264,300.0,0.0573145833332092
20220725.0,1.409999966621399,40.0,12.0,0.05999999865889549,0.1080000028014183,0.10999999940395355,0.2090281844139099,1.1893571615219116,296.1302490234375,0.8558073043823242,272.3323974609375,256.65283203125,0.46632808446884155,2.8958516120910645,300.0,0.0565541668329388
20220727.0,1.409999966621399,40.0,12.0,0.05999999865889549,0.1080000028014183,0.10999999940395355,0.2090281844139099,1.1893571615219116,291.2498474121094,0.85468989610672,271.0941162109375,257.46356201171875,0.13198409974575043,2.1505954265594482,300.0,0.0554187501159807
20220729.0,1.409999966621399,40.0,12.0,0.05999999865889549,0.1080000028014183,0.10999999940395355,0.2090281844139099,1.1893571615219116,293.625244140625,0.8643661141395569,265.5123291015625,251.38677978515625,3.4828124046325684,3.0929033756256104,300.0,0.0566937499679625
20220730.0,1.409999966621399,40.0,12.0,0.05999999865889549,0.1080000028014183,0.10999999940395355,0.2090281844139099,1.1893571615219116,294.17779541015625,0.8755007982254028,270.83575439453125,256.3050842285156,0.024301942437887192,2.7761592864990234,300.0,0.0570937503750126
20220801.0,1.409999966621399,40.0,12.0,0.05999999865889549,0.1080000028014183,0.10999999940395355,0.2090281844139099,1.1893571615219116,294.52960205078125,0.8954625725746155,272.6997985839844,258.4363098144531,1.5228270292282104,2.6931729316711426,300.0,0.0564750003007551
20220802.0,1.409999966621399,40.0,12.0,0.05999999865889549,0.1080000028014183,0.10999999940395355,0.2090281844139099,1.1893571615219116,295.5921936035156,0.9058034420013428,276.7278747558594,257.41241455078125,0.02081160433590412,2.7692790031433105,300.0,0.0556416667532176
20220804.0,1.409999966621399,40.0,12.0,0.05999999865889549,0.1080000028014183,0.10999999940395355,0.2090281844139099,1.1893571615219116,299.0328674316406,0.92710942029953,277.48114013671875,263.8402099609375,4.772286891937256,2.7401089668273926,300.0,0.0539729162895431
20220924.0,1.409999966621399,40.0,12.0,0.05999999865889549,0.1080000028014183,0.10999999940395355,0.2090281844139099,1.1893571615219116,286.05975341796875,0.794878363609314,253.68690490722656,234.06939697265625,4.146547794342041,1.0287458896636963,300.0,0.171781250275671
20220926.0,1.409999966621399,40.0,12.0,0.05999999865889549,0.1080000028014183,0.10999999940395355,0.2090281844139099,1.1893571615219116,283.3725280761719,0.7864354848861694,253.19540405273438,235.13661193847656,11.718762397766113,1.9671101570129395,300.0,0.164754166267812
20220927.0,1.409999966621399,40.0,12.0,0.05999999865889549,0.1080000028014183,0.10999999940395355,0.2090281844139099,1.1893571615219116,282.43707275390625,0.7821874022483826,246.56884765625,227.23495483398438,10.015535354614258,2.1294333934783936,300.0,0.183416667704781
20220929.0,1.409999966621399,40.0,12.0,0.05999999865889549,0.1080000028014183,0.10999999940395355,0.2090281844139099,1.1893571615219116,282.9282531738281,0.7731142640113831,244.23655700683594,224.12045288085938,0.1313459575176239,1.3892825841903687,300.0,0.198604166818162
20220930.0,1.409999966621399,40.0,12.0,0.05999999865889549,0.1080000028014183,0.10999999940395355,0.2090281844139099,1.1893571615219116,283.8186340332031,0.7708977460861206,246.05807495117188,226.0418701171875,0.9670687317848206,1.5095927715301514,300.0,0.191749999920527
20221002.0,1.409999966621399,40.0,12.0,0.05999999865889549,0.1080000028014183,0.10999999940395355,0.2090281844139099,1.1893571615219116,286.0328369140625,0.7819569706916809,247.11741638183594,224.4143524169922,2.152350425720215,1.1486107110977173,300.0,0.208527082577348
20221004.0,1.409999966621399,40.0,12.0,0.05999999865889549,0.1080000028014183,0.10999999940395355,0.2090281844139099,1.1893571615219116,286.28887939453125,0.7936416864395142,248.75148010253906,227.88388061523438,0.007442194037139416,1.503629207611084,300.0,0.195412499519686
20221005.0,1.409999966621399,40.0,12.0,0.05999999865889549,0.1080000028014183,0.10999999940395355,0.2090281844139099,1.1893571615219116,289.75457763671875,0.7997567057609558,252.50543212890625,230.7032470703125,0.24159911274909973,1.9335732460021973,300.0,0.189485416437189
20221007.0,1.409999966621399,40.0,12.0,0.05999999865889549,0.1080000028014183,0.10999999940395355,0.2090281844139099,1.1893571615219116,285.6603088378906,0.8125215768814087,252.51107788085938,232.63531494140625,0.0019461041083559394,1.4991273880004883,300.0,0.180622916979094
20221008.0,1.409999966621399,40.0,12.0,0.05999999865889549,0.1080000028014183,0.10999999940395355,0.2090281844139099,1.1893571615219116,285.2154235839844,0.8176404237747192,254.1015625,232.83053588867188,0.38031256198883057,1.377107858657837,300.0,0.177629166282713
20221010.0,1.409999966621399,40.0,12.0,0.05999999865889549,0.1080000028014183,0.10999999940395355,0.2090281844139099,1.1893571615219116,285.7061767578125,0.8188347816467285,254.43289184570312,234.89450073242188,0.4778544008731842,1.1610294580459595,300.0,0.171304166627427
20221023.0,1.409999966621399,40.0,12.0,0.05999999865889549,0.1080000028014183,0.10999999940395355,0.2090281844139099,1.1893571615219116,287.7008972167969,0.7911465167999268,255.05307006835938,233.53143310546875,6.153496742248535,1.2861707210540771,300.0,0.186191666871309
20221024.0,1.409999966621399,40.0,12.0,0.05999999865889549,0.1080000028014183,0.10999999940395355,0.2090281844139099,1.1893571615219116,288.3212890625,0.7867764830589294,253.41561889648438,232.75711059570312,6.5368828773498535,2.1166794300079346,300.0,0.199466667758922
20221026.0,1.409999966621399,40.0,12.0,0.05999999865889549,0.1080000028014183,0.10999999940395355,0.2090281844139099,1.1893571615219116,288.25689697265625,0.7749056816101074,251.8582305908203,231.04052734375,0.11702722311019897,0.9527616500854492,300.0,0.212852083146572
20221028.0,1.409999966621399,40.0,12.0,0.05999999865889549,0.1080000028014183,0.10999999940395355,0.2090281844139099,1.1893571615219116,290.4425354003906,0.7632365226745605,253.41635131835938,235.55621337890625,1.1340978145599365,1.5236632823944092,300.0,0.203529166678588
20221029.0,1.409999966621399,40.0,12.0,0.05999999865889549,0.1080000028014183,0.10999999940395355,0.2090281844139099,1.1893571615219116,289.631591796875,0.7574282884597778,256.431884765625,235.92800903320312,1.049517273902893,1.0225168466567993,300.0,0.200081250009437
20221031.0,1.409999966621399,40.0,12.0,0.05999999865889549,0.1080000028014183,0.10999999940395355,0.2090281844139099,1.1893571615219116,287.17156982421875,0.7453853487968445,255.64266967773438,238.07655334472656,0.3342876136302948,0.8257688879966736,300.0,0.194602083104352
20221101.0,1.409999966621399,40.0,12.0,0.05999999865889549,0.1080000028014183,0.10999999940395355,0.2090281844139099,1.1893571615219116,287.254150390625,0.7414629459381104,256.3506164550781,237.51913452148438,1.8940062522888184,1.819575309753418,300.0,0.193235417517523
20221103.0,1.409999966621399,40.0,12.0,0.05999999865889549,0.1080000028014183,0.10999999940395355,0.2090281844139099,1.1893571615219116,284.7939453125,0.7472975850105286,257.27099609375,239.3752899169922,8.672785758972168,1.4073668718338013,300.0,0.191693750210106
20221105.0,1.409999966621399,40.0,12.0,0.05999999865889549,0.1080000028014183,0.10999999940395355,0.2090281844139099,1.1893571615219116,280.9234924316406,0.7535781860351562,252.79046630859375,241.78871154785156,0.7187885046005249,1.0120999813079834,300.0,0.19997499914219
20221106.0,1.409999966621399,40.0,12.0,0.05999999865889549,0.1080000028014183,0.10999999940395355,0.2090281844139099,1.1893571615219116,282.7276611328125,0.7569002509117126,257.2400207519531,233.12811279296875,4.721778392791748,1.4791450500488281,300.0,0.197975000366569
20221108.0,1.409999966621399,40.0,12.0,0.05999999865889549,0.1080000028014183,0.10999999940395355,0.2090281844139099,1.1893571615219116,285.6073303222656,0.7637296319007874,254.37820434570312,235.4763946533203,0.36913013458251953,1.0520734786987305,300.0,0.196329167112708
20221109.0,1.409999966621399,40.0,12.0,0.05999999865889549,0.1080000028014183,0.10999999940395355,0.2090281844139099,1.1893571615219116,285.5148620605469,0.7666999101638794,255.67831420898438,235.50088500976562,0.7563658356666565,1.1286150217056274,300.0,0.194418750082453
20221111.0,1.409999966621399,40.0,12.0,0.05999999865889549,0.1080000028014183,0.10999999940395355,0.2090281844139099,1.1893571615219116,282.53546142578125,0.7694783210754395,254.65994262695312,238.02493286132812,0.013864962384104729,0.6410822868347168,300.0,0.190220833135148
20221113.0,1.409999966621399,40.0,12.0,0.05999999865889549,0.1080000028014183,0.10999999940395355,0.2090281844139099,1.1893571615219116,281.67840576171875,0.7721778750419617,253.52511596679688,236.48907470703125,0.00043511379044502974,0.6781806945800781,300.0,0.187341666780412
20221114.0,1.409999966621399,40.0,12.0,0.05999999865889549,0.1080000028014183,0.10999999940395355,0.2090281844139099,1.1893571615219116,279.5835266113281,0.7733870148658752,253.88218688964844,234.36834716796875,1.562785267829895,0.45407289266586304,300.0,0.185818750100831
20221116.0,1.409999966621399,40.0,12.0,0.05999999865889549,0.1080000028014183,0.10999999940395355,0.2090281844139099,1.1893571615219116,283.0868225097656,0.7744809985160828,250.1638946533203,228.68612670898438,13.590274810791016,1.3924938440322876,300.0,0.237531250342727
20221119.0,1.409999966621399,40.0,12.0,0.05999999865889549,0.1080000028014183,0.10999999940395355,0.2090281844139099,1.1893571615219116,277.251953125,0.8231310248374939,242.48455810546875,221.15838623046875,3.6474013328552246,0.9348039031028748,300.0,0.269702084052066
20221121.0,1.409999966621399,40.0,12.0,0.05999999865889549,0.1080000028014183,0.10999999940395355,0.2090281844139099,1.1893571615219116,279.0646667480469,0.8701130151748657,242.15594482421875,223.55673217773438,5.460307598114014,1.1264724731445312,300.0,0.267468750166396
20221122.0,1.409999966621399,40.0,12.0,0.05999999865889549,0.1080000028014183,0.10999999940395355,0.2090281844139099,1.1893571615219116,279.4448547363281,0.8953381180763245,243.51437377929688,224.6878204345703,1.6421924829483032,1.1772730350494385,300.0,0.25800833106041
20221124.0,1.409999966621399,40.0,12.0,0.05999999865889549,0.1080000028014183,0.10999999940395355,0.2090281844139099,1.1893571615219116,280.83758544921875,0.9523488879203796,244.20889282226562,224.14889526367188,0.10599284619092941,0.7015926241874695,300.0,0.258958334413668
20221125.0,1.409999966621399,40.0,12.0,0.05999999865889549,0.1080000028014183,0.10999999940395355,0.2090281844139099,1.1893571615219116,281.435791015625,0.9661780595779419,244.5654754638672,222.82650756835938,3.377411127090454,0.674625813961029,300.0,0.250297917363544
20221127.0,1.409999966621399,40.0,12.0,0.05999999865889549,0.1080000028014183,0.10999999940395355,0.2090281844139099,1.1893571615219116,278.9877624511719,0.8902078866958618,244.72598266601562,225.19638061523438,4.278254508972168,0.8861070871353149,300.0,0.240295833908021
20221129.0,1.409999966621399,40.0,12.0,0.05999999865889549,0.1080000028014183,0.10999999940395355,0.2090281844139099,1.1893571615219116,280.7593994140625,0.8174936771392822,245.79603576660156,222.82275390625,0.19266507029533386,0.3194436728954315,300.0,0.25083958171308
20221130.0,1.409999966621399,40.0,12.0,0.05999999865889549,0.1080000028014183,0.10999999940395355,0.2090281844139099,1.1893571615219116,279.672607421875,0.7822479605674744,244.9911651611328,225.11264038085938,0.5066186785697937,0.387923002243042,300.0,0.24487291680028
20221202.0,1.409999966621399,40.0,12.0,0.05999999865889549,0.1080000028014183,0.10999999940395355,0.2090281844139099,1.1893571615219116,275.7943420410156,0.7133137583732605,245.211181640625,224.5829315185547,1.1075583696365356,0.6013277769088745,300.0,0.236710416773955
20221203.0,1.409999966621399,40.0,12.0,0.05999999865889549,0.1080000028014183,0.10999999940395355,0.2090281844139099,1.1893571615219116,274.5577697753906,0.6877387762069702,242.93955993652344,222.58453369140625,0.03361508622765541,0.39800533652305603,300.0,0.233429166488349
20221205.0,1.409999966621399,40.0,12.0,0.05999999865889549,0.1080000028014183,0.10999999940395355,0.2090281844139099,1.1893571615219116,274.85382080078125,0.7333728075027466,242.4690399169922,225.08566284179688,8.775325775146484,0.26502034068107605,300.0,0.246206251283487
20221207.0,1.409999966621399,40.0,12.0,0.05999999865889549,0.1080000028014183,0.10999999940395355,0.2090281844139099,1.1893571615219116,275.746337890625,0.7827426791191101,242.9737548828125,221.8541259765625,0.9861404895782471,0.23743519186973572,300.0,0.253304165167113
20221208.0,1.409999966621399,40.0,12.0,0.05999999865889549,0.1080000028014183,0.10999999940395355,0.2090281844139099,1.1893571615219116,275.35845947265625,0.8088798522949219,242.42654418945312,222.3138427734375,1.6020711660385132,0.4789941608905792,300.0,0.249199999739294
20221219.0,1.409999966621399,40.0,12.0,0.05999999865889549,0.1080000028014183,0.10999999940395355,0.2090281844139099,1.1893571615219116,279.1149597167969,1.050452709197998,233.0154266357422,212.96829223632812,6.42515230178833,0.9587083458900452,300.0,0.235232608149881
20221221.0,1.409999966621399,40.0,12.0,0.05999999865889549,0.1080000028014183,0.10999999940395355,0.2090281844139099,1.1893571615219116,281.0627136230469,0.9852036237716675,241.07327270507812,220.17149353027344,5.373106002807617,0.4090181887149811,300.0,0.265737499420842
20221223.0,1.409999966621399,40.0,12.0,0.05999999865889549,0.1080000028014183,0.10999999940395355,0.2090281844139099,1.1893571615219116,282.11199951171875,0.9213517308235168,241.1995849609375,220.5154571533203,10.25068187713623,0.6227975487709045,300.0,0.275504167502125
20221224.0,1.409999966621399,40.0,12.0,0.05999999865889549,0.1080000028014183,0.10999999940395355,0.2090281844139099,1.1893571615219116,281.4139404296875,0.8897921442985535,240.49742126464844,218.54257202148438,0.6005825400352478,0.4069894254207611,300.0,0.267514583965143
20221226.0,1.409999966621399,40.0,12.0,0.05999999865889549,0.1080000028014183,0.10999999940395355,0.2090281844139099,1.1893571615219116,280.7257995605469,0.8265954256057739,241.00164794921875,216.02288818359375,6.217855930328369,0.9592264890670776,300.0,0.277610416834553
20221227.0,1.409999966621399,40.0,12.0,0.05999999865889549,0.1080000028014183,0.10999999940395355,0.2090281844139099,1.1893571615219116,277.5022277832031,0.8076794147491455,236.02333068847656,215.61505126953125,0.08162134140729904,0.33585765957832336,300.0,0.260718749215205
20221229.0,1.409999966621399,40.0,12.0,0.05999999865889549,0.1080000028014183,0.10999999940395355,0.2090281844139099,1.1893571615219116,282.0607604980469,0.8457024693489075,239.29690551757812,217.44879150390625,2.425534725189209,1.1788409948349,300.0,0.249020833522081
20221231.0,1.409999966621399,40.0,12.0,0.05999999865889549,0.1080000028014183,0.10999999940395355,0.2090281844139099,1.1893571615219116,286.8607482910156,0.8897213935852051,238.3441619873047,217.4716796875,4.463278770446777,1.9233174324035645,300.0,0.247339585485558
20230101.0,1.409999966621399,40.0,12.0,0.05999999865889549,0.1080000028014183,0.10999999940395355,0.2090281844139099,1.1893571615219116,285.5770263671875,0.4989103078842163,240.3567352294922,215.28634643554688,5.3437676429748535,1.5582375526428223,300.0,0.244347916605572
20230103.0,1.409999966621399,40.0,12.0,0.05999999865889549,0.1080000028014183,0.10999999940395355,0.2090281844139099,1.1893571615219116,279.3400573730469,0.49301332235336304,238.55018615722656,215.48275756835938,0.46393007040023804,0.4861959218978882,300.0,0.256433332959811
20230104.0,1.409999966621399,40.0,12.0,0.05999999865889549,0.1080000028014183,0.10999999940395355,0.2090281844139099,1.1893571615219116,282.96185302734375,0.4900785982608795,238.99143981933594,217.36117553710938,3.381395101547241,1.4601185321807861,300.0,0.251739582667748
20230106.0,1.409999966621399,40.0,12.0,0.05999999865889549,0.1080000028014183,0.10999999940395355,0.2090281844139099,1.1893571615219116,282.7053527832031,0.48194625973701477,240.9459991455078,219.3138427734375,0.7571720480918884,0.6372458934783936,300.0,0.248591669214269
20230108.0,1.409999966621399,40.0,12.0,0.05999999865889549,0.1080000028014183,0.10999999940395355,0.2090281844139099,1.1893571615219116,281.2095031738281,0.4722554087638855,241.1170654296875,216.54150390625,4.827846050262451,1.1157150268554688,300.0,0.243791664640109
20230109.0,1.409999966621399,40.0,12.0,0.05999999865889549,0.1080000028014183,0.10999999940395355,0.2090281844139099,1.1893571615219116,279.13470458984375,0.4704335629940033,239.4738006591797,215.71978759765625,2.9211220741271973,1.2003164291381836,300.0,0.256810416777929
20230111.0,1.409999966621399,40.0,12.0,0.05999999865889549,0.1080000028014183,0.10999999940395355,0.2090281844139099,1.1893571615219116,282.03216552734375,0.5136857628822327,238.87559509277344,216.3275146484375,7.281757354736328,1.411177635192871,300.0,0.260095834111174
20230112.0,1.409999966621399,40.0,12.0,0.05999999865889549,0.1080000028014183,0.10999999940395355,0.2090281844139099,1.1893571615219116,281.46697998046875,0.5360599756240845,235.43124389648438,211.37075805664062,17.78995704650879,3.0183029174804688,300.0,0.280068748941024
20230114.0,1.409999966621399,40.0,12.0,0.05999999865889549,0.1080000028014183,0.10999999940395355,0.2090281844139099,1.1893571615219116,280.7623596191406,0.5825574994087219,235.34573364257812,212.05242919921875,11.980766296386719,1.8349639177322388,300.0,0.271500000109275
20230116.0,1.409999966621399,40.0,12.0,0.05999999865889549,0.1080000028014183,0.10999999940395355,0.2090281844139099,1.1893571615219116,277.0557556152344,0.634501039981842,235.7880859375,210.89768981933594,7.868246078491211,1.56294846534729,300.0,0.265958332767089
20230117.0,1.409999966621399,40.0,12.0,0.05999999865889549,0.1080000028014183,0.10999999940395355,0.2090281844139099,1.1893571615219116,273.32275390625,0.6500518321990967,231.9715118408203,209.06851196289062,0.5169992446899414,0.5907401442527771,300.0,0.268289286111082
20230119.0,1.409999966621399,40.0,12.0,0.05999999865889549,0.1080000028014183,0.10999999940395355,0.2090281844139099,1.1893571615219116,273.6043701171875,0.6062481999397278,245.4582977294922,230.84652709960938,1.7533804178237915,0.3121124804019928,300.0,0.25726750344038
20230120.0,1.409999966621399,40.0,12.0,0.05999999865889549,0.1080000028014183,0.10999999940395355,0.2090281844139099,1.1893571615219116,271.84564208984375,0.5849410891532898,238.22735595703125,216.85958862304688,5.95987606048584,0.11849261075258255,300.0,0.261589998006821
20230122.0,1.409999966621399,40.0,12.0,0.05999999865889549,0.1080000028014183,0.10999999940395355,0.2090281844139099,1.1893571615219116,273.1026916503906,0.5397441387176514,240.61264038085938,228.3200225830078,1.2015928030014038,0.24564050137996674,300.0,0.25594166914622
20230124.0,1.409999966621399,40.0,12.0,0.05999999865889549,0.1080000028014183,0.10999999940395355,0.2090281844139099,1.1893571615219116,273.16888427734375,0.4951494336128235,235.16268920898438,214.87496948242188,0.0013837942387908697,0.22270798683166504,300.0,0.262193748727441
20230127.0,1.409999966621399,40.0,12.0,0.05999999865889549,0.1080000028014183,0.10999999940395355,0.2090281844139099,1.1893571615219116,275.5281066894531,0.4779475927352905,236.13304138183594,216.21603393554688,0.6346985101699829,0.30537062883377075,300.0,0.252506248652935
20230128.0,1.409999966621399,40.0,12.0,0.05999999865889549,0.1080000028014183,0.10999999940395355,0.2090281844139099,1.1893571615219116,273.0613708496094,0.47770726680755615,235.742431640625,213.3911590576172,0.044554371386766434,0.41227689385414124,300.0,0.249712501186877
20230130.0,1.409999966621399,40.0,12.0,0.05999999865889549,0.1080000028014183,0.10999999940395355,0.2090281844139099,1.1893571615219116,277.9659729003906,0.4789310097694397,236.760498046875,215.14041137695312,1.4184331893920898,0.8716725707054138,300.0,0.247041667501132
20230201.0,1.409999966621399,40.0,12.0,0.05999999865889549,0.1080000028014183,0.10999999940395355,0.2090281844139099,1.1893571615219116,278.02044677734375,0.4797562062740326,236.54220581054688,214.97312927246094,2.249476909637451,1.086861252784729,300.0,0.244389583667119
20230202.0,1.409999966621399,40.0,12.0,0.05999999865889549,0.1080000028014183,0.10999999940395355,0.2090281844139099,1.1893571615219116,279.5283203125,0.4810899496078491,239.46133422851562,216.62460327148438,1.765536904335022,0.9911705851554871,300.0,0.243106249409417
20230204.0,1.409999966621399,40.0,12.0,0.05999999865889549,0.1080000028014183,0.10999999940395355,0.2090281844139099,1.1893571615219116,279.6020202636719,0.4900270998477936,239.95724487304688,217.83116149902344,0.37922850251197815,0.32571274042129517,300.0,0.242422916305562
20230205.0,1.409999966621399,40.0,12.0,0.05999999865889549,0.1080000028014183,0.10999999940395355,0.2090281844139099,1.1893571615219116,278.40081787109375,0.4945279359817505,240.78720092773438,219.19679260253906,3.33919095993042,0.8376957774162292,300.0,0.244670833460987
20230209.0,1.409999966621399,40.0,12.0,0.05999999865889549,0.1080000028014183,0.10999999940395355,0.2090281844139099,1.1893571615219116,272.4638977050781,0.5137194991111755,248.45848083496094,229.52487182617188,0.007003724109381437,0.3308027982711792,300.0,0.236642857215234
20230210.0,1.409999966621399,40.0,12.0,0.05999999865889549,0.1080000028014183,0.10999999940395355,0.2090281844139099,1.1893571615219116,277.09698486328125,0.5177565217018127,236.7059326171875,212.03152465820312,0.028028123080730438,0.481320321559906,300.0,0.235773809608959
20230212.0,1.409999966621399,40.0,12.0,0.05999999865889549,0.1080000028014183,0.10999999940395355,0.2090281844139099,1.1893571615219116,280.1636047363281,0.5198838114738464,240.80947875976562,219.5244140625,0.01338206697255373,0.3319012522697449,300.0,0.232818749422828
20230213.0,1.409999966621399,40.0,12.0,0.05999999865889549,0.1080000028014183,0.10999999940395355,0.2090281844139099,1.1893571615219116,279.74310302734375,0.5209492444992065,240.29537963867188,216.03244018554688,0.009172183461487293,0.497668594121933,300.0,0.231216666909556
20230215.0,1.409999966621399,40.0,12.0,0.05999999865889549,0.1080000028014183,0.10999999940395355,0.2090281844139099,1.1893571615219116,278.1834411621094,0.5227805972099304,238.17410278320312,217.12820434570312,0.0030127994250506163,0.7037026882171631,300.0,0.228349999241207
20230217.0,1.409999966621399,40.0,12.0,0.05999999865889549,0.1080000028014183,0.10999999940395355,0.2090281844139099,1.1893571615219116,283.3253173828125,0.5248200297355652,245.87716674804688,220.90838623046875,0.8837295770645142,0.7417349815368652,300.0,0.226333333800236
20230218.0,1.409999966621399,40.0,12.0,0.05999999865889549,0.1080000028014183,0.10999999940395355,0.2090281844139099,1.1893571615219116,282.6476745605469,0.5255302786827087,245.96290588378906,225.7479248046875,1.7542414665222168,0.8281128406524658,300.0,0.22635208380719
20230220.0,1.409999966621399,40.0,12.0,0.05999999865889549,0.1080000028014183,0.10999999940395355,0.2090281844139099,1.1893571615219116,280.0189514160156,0.5221837759017944,243.41433715820312,222.87838745117188,0.07049752026796341,0.5814751386642456,300.0,0.238699999948343
20230221.0,1.409999966621399,40.0,12.0,0.05999999865889549,0.1080000028014183,0.10999999940395355,0.2090281844139099,1.1893571615219116,280.75,0.520514726638794,245.01235961914062,221.44198608398438,0.10791706293821335,0.43346279859542847,300.0,0.236141667080422
20230223.0,1.409999966621399,40.0,12.0,0.05999999865889549,0.1080000028014183,0.10999999940395355,0.2090281844139099,1.1893571615219116,280.5302734375,0.5171460509300232,242.0601806640625,222.55078125,2.791806221008301,0.43553709983825684,300.0,0.245420834360023
20230225.0,1.409999966621399,40.0,12.0,0.05999999865889549,0.1080000028014183,0.10999999940395355,0.2090281844139099,1.1893571615219116,276.44171142578125,0.5132840871810913,242.28973388671875,220.09158325195312,0.4249506890773773,1.1522663831710815,300.0,0.247219047021298
20230226.0,1.409999966621399,40.0,12.0,0.05999999865889549,0.1080000028014183,0.10999999940395355,0.2090281844139099,1.1893571615219116,273.36968994140625,0.5129873156547546,241.14019775390625,220.42587280273438,0.04474330320954323,0.877970814704895,300.0,0.245980769395828
20230301.0,1.409999966621399,40.0,12.0,0.05999999865889549,0.1080000028014183,0.10999999940395355,0.2090281844139099,1.1893571615219116,273.51983642578125,0.5287366509437561,249.37203979492188,231.08694458007812,0.000858306884765625,0.8601770997047424,300.0,0.235566666722298
20230303.0,1.409999966621399,40.0,12.0,0.05999999865889549,0.1080000028014183,0.10999999940395355,0.2090281844139099,1.1893571615219116,274.88470458984375,0.5400881171226501,244.83261108398438,223.92848205566406,0.04025706276297569,0.47266098856925964,300.0,0.231402632437254
20230305.0,1.409999966621399,40.0,12.0,0.05999999865889549,0.1080000028014183,0.10999999940395355,0.2090281844139099,1.1893571615219116,276.3929748535156,0.5530468821525574,245.1333465576172,224.56951904296875,1.969630241394043,0.8730396032333374,300.0,0.22818333376199
20230306.0,1.409999966621399,40.0,12.0,0.05999999865889549,0.1080000028014183,0.10999999940395355,0.2090281844139099,1.1893571615219116,275.96343994140625,0.55464768409729,245.4134979248047,224.9467010498047,2.6349823474884033,1.1651755571365356,300.0,0.226549999167522
20230308.0,1.409999966621399,40.0,12.0,0.05999999865889549,0.1080000028014183,0.10999999940395355,0.2090281844139099,1.1893571615219116,274.2935791015625,0.524992823600769,240.87452697753906,221.65890502929688,13.025496482849121,0.24779686331748962,300.0,0.278442857520921
20230309.0,1.409999966621399,40.0,12.0,0.05999999865889549,0.1080000028014183,0.10999999940395355,0.2090281844139099,1.1893571615219116,277.41510009765625,0.5104844570159912,237.188232421875,214.12783813476562,13.59311294555664,0.2776240110397339,300.0,0.283620831246177
20230311.0,1.409999966621399,40.0,12.0,0.05999999865889549,0.1080000028014183,0.10999999940395355,0.2090281844139099,1.1893571615219116,274.2279357910156,0.48036935925483704,231.88890075683594,207.13888549804688,0.004230570048093796,0.9829075336456299,300.0,0.273312504092852
20230313.0,1.409999966621399,40.0,12.0,0.05999999865889549,0.1080000028014183,0.10999999940395355,0.2090281844139099,1.1893571615219116,285.0600280761719,0.45002907514572144,240.81771850585938,215.99171447753906,2.4698596000671387,1.5660755634307861,300.0,0.25998125039041
20230314.0,1.409999966621399,40.0,12.0,0.05999999865889549,0.1080000028014183,0.10999999940395355,0.2090281844139099,1.1893571615219116,279.85015869140625,0.43935349583625793,241.1696014404297,216.6782989501953,5.8810248374938965,1.7854198217391968,300.0,0.277861362831159
20230316.0,1.409999966621399,40.0,12.0,0.05999999865889549,0.1080000028014183,0.10999999940395355,0.2090281844139099,1.1893571615219116,279.77252197265625,0.44595634937286377,238.77386474609375,214.32504272460938,0.49735045433044434,1.4380556344985962,300.0,0.267700001597404
20230317.0,1.409999966621399,40.0,12.0,0.05999999865889549,0.1080000028014183,0.10999999940395355,0.2090281844139099,1.1893571615219116,283.8602600097656,0.44927728176116943,240.47390747070312,215.35781860351562,1.0872772932052612,1.4735932350158691,300.0,0.260181250050664
20230319.0,1.409999966621399,40.0,12.0,0.05999999865889549,0.1080000028014183,0.10999999940395355,0.2090281844139099,1.1893571615219116,283.91229248046875,0.45747050642967224,243.38470458984375,222.33682250976562,2.953467845916748,1.5285139083862305,300.0,0.252712499350309
20230321.0,1.409999966621399,40.0,12.0,0.05999999865889549,0.1080000028014183,0.10999999940395355,0.2090281844139099,1.1893571615219116,283.825439453125,0.46580809354782104,244.8099365234375,221.20306396484375,2.220856189727783,1.602150797843933,300.0,0.248602083573739
20230322.0,1.409999966621399,40.0,12.0,0.05999999865889549,0.1080000028014183,0.10999999940395355,0.2090281844139099,1.1893571615219116,283.6689147949219,0.46946343779563904,245.18115234375,223.78575134277344,1.7029049396514893,1.378644585609436,300.0,0.246504167094827
20230324.0,1.409999966621399,40.0,12.0,0.05999999865889549,0.1080000028014183,0.10999999940395355,0.2090281844139099,1.1893571615219116,284.8324279785156,0.4731289744377136,245.1974639892578,223.9619903564453,4.233982563018799,2.788318157196045,300.0,0.255820835630099
20230325.0,1.409999966621399,40.0,12.0,0.05999999865889549,0.1080000028014183,0.10999999940395355,0.2090281844139099,1.1893571615219116,282.37933349609375,0.474967360496521,244.3977813720703,221.79507446289062,4.902214050292969,2.3304593563079834,300.0,0.262337497745951
20230327.0,1.409999966621399,40.0,12.0,0.05999999865889549,0.1080000028014183,0.10999999940395355,0.2090281844139099,1.1893571615219116,277.65618896484375,0.47849297523498535,236.98309326171875,214.7364044189453,1.2946842908859253,1.7518187761306763,300.0,0.275399998658233
20230329.0,1.409999966621399,40.0,12.0,0.05999999865889549,0.1080000028014183,0.10999999940395355,0.2090281844139099,1.1893571615219116,282.71368408203125,0.4824830889701843,242.571533203125,220.12454223632812,0.5565422773361206,1.1732982397079468,300.0,0.260183332487941
20230330.0,1.409999966621399,40.0,12.0,0.05999999865889549,0.1080000028014183,0.10999999940395355,0.2090281844139099,1.1893571615219116,285.62646484375,0.48374244570732117,242.34283447265625,219.91836547851562,3.7116193771362305,2.2513461112976074,300.0,0.257614584018787
20230401.0,1.409999966621399,40.0,12.0,0.05999999865889549,0.1080000028014183,0.10999999940395355,0.2090281844139099,1.1893571615219116,282.0533752441406,0.47491759061813354,239.24264526367188,217.3636474609375,14.069164276123047,1.1063498258590698,300.0,0.272410418217381
20230402.0,1.409999966621399,40.0,12.0,0.05999999865889549,0.1080000028014183,0.10999999940395355,0.2090281844139099,1.1893571615219116,279.3302917480469,0.4705371558666229,238.32118225097656,216.29258728027344,0.8032042980194092,1.4840788841247559,300.0,0.283083333323399
20230404.0,1.409999966621399,40.0,12.0,0.05999999865889549,0.1080000028014183,0.10999999940395355,0.2090281844139099,1.1893571615219116,277.9344177246094,0.46180903911590576,237.3479766845703,213.98545837402344,0.0,1.8931156396865845,300.0,0.261371051010333
20230406.0,1.409999966621399,40.0,12.0,0.05999999865889549,0.1080000028014183,0.10999999940395355,0.2090281844139099,1.1893571615219116,277.9250183105469,0.4527636766433716,242.000732421875,219.62673950195312,7.210604190826416,1.3642148971557617,300.0,0.253152500838041
20230407.0,1.409999966621399,40.0,12.0,0.05999999865889549,0.1080000028014183,0.10999999940395355,0.2090281844139099,1.1893571615219116,281.6776428222656,0.44957253336906433,241.16357421875,219.903076171875,1.889785647392273,1.1279854774475098,300.0,0.26474791765213
20230409.0,1.409999966621399,40.0,12.0,0.05999999865889549,0.1080000028014183,0.10999999940395355,0.2090281844139099,1.1893571615219116,283.2237243652344,0.45196810364723206,244.21990966796875,220.71377563476562,0.0058121089823544025,1.75865638256073,300.0,0.252668751093249
20230410.0,1.409999966621399,40.0,12.0,0.05999999865889549,0.1080000028014183,0.10999999940395355,0.2090281844139099,1.1893571615219116,283.9455871582031,0.45316842198371887,246.40245056152344,222.13662719726562,6.9548659324646,2.548043966293335,300.0,0.247379166074097
20230412.0,1.409999966621399,40.0,12.0,0.05999999865889549,0.1080000028014183,0.10999999940395355,0.2090281844139099,1.1893571615219116,281.6019592285156,0.4560604989528656,241.8558349609375,221.6605682373047,9.602802276611328,2.465745449066162,300.0,0.273956251951555
20230414.0,1.409999966621399,40.0,12.0,0.05999999865889549,0.1080000028014183,0.10999999940395355,0.2090281844139099,1.1893571615219116,282.5287780761719,0.45919105410575867,242.29913330078125,220.0801239013672,0.3281956911087036,2.4364428520202637,300.0,0.268508333712816
20230415.0,1.409999966621399,40.0,12.0,0.05999999865889549,0.1080000028014183,0.10999999940395355,0.2090281844139099,1.1893571615219116,281.387939453125,0.45991960167884827,244.9737091064453,223.03335571289062,0.35551854968070984,1.7538114786148071,300.0,0.260016666725278
20230417.0,1.409999966621399,40.0,12.0,0.05999999865889549,0.1080000028014183,0.10999999940395355,0.2090281844139099,1.1893571615219116,283.64312744140625,0.4557107090950012,247.49044799804688,226.62298583984375,1.0486935377120972,2.2472190856933594,300.0,0.250797917445501
20230418.0,1.409999966621399,40.0,12.0,0.05999999865889549,0.1080000028014183,0.10999999940395355,0.2090281844139099,1.1893571615219116,282.42236328125,0.4536137878894806,248.36007690429688,226.52944946289062,0.21615777909755707,1.5289525985717773,300.0,0.245608332566917
20230420.0,1.409999966621399,40.0,12.0,0.05999999865889549,0.1080000028014183,0.10999999940395355,0.2090281844139099,1.1893571615219116,281.795654296875,0.4492087960243225,251.04910278320312,230.48760986328125,3.3423690795898438,2.535749912261963,300.0,0.235618749633431
20230422.0,1.409999966621399,40.0,12.0,0.05999999865889549,0.1080000028014183,0.10999999940395355,0.2090281844139099,1.1893571615219116,285.7737121582031,0.4457515478134155,249.50735473632812,226.0797882080078,3.1533007621765137,2.4369566440582275,300.0,0.243181249747674
20230423.0,1.409999966621399,40.0,12.0,0.05999999865889549,0.1080000028014183,0.10999999940395355,0.2090281844139099,1.1893571615219116,285.69525146484375,0.4411126673221588,250.8141632080078,231.0068359375,2.8093419075012207,2.9505441188812256,300.0,0.244191666133702
20230425.0,1.409999966621399,40.0,12.0,0.05999999865889549,0.1080000028014183,0.10999999940395355,0.2090281844139099,1.1893571615219116,280.98565673828125,0.4127008020877838,247.38198852539062,223.11553955078125,0.9618796110153198,2.3955793380737305,300.0,0.273608333120743
20230426.0,1.409999966621399,40.0,12.0,0.05999999865889549,0.1080000028014183,0.10999999940395355,0.2090281844139099,1.1893571615219116,279.89306640625,0.3988695740699768,246.39071655273438,227.05322265625,0.14789001643657684,1.7164231538772583,300.0,0.263723529437009
20230428.0,1.409999966621399,40.0,12.0,0.05999999865889549,0.1080000028014183,0.10999999940395355,0.2090281844139099,1.1893571615219116,285.7178039550781,0.3709487318992615,255.15440368652344,232.71377563476562,4.888176441192627,2.167091131210327,300.0,0.25160416526099
20230430.0,1.409999966621399,40.0,12.0,0.05999999865889549,0.1080000028014183,0.10999999940395355,0.2090281844139099,1.1893571615219116,285.13592529296875,0.34342435002326965,252.53636169433594,231.28683471679688,0.04660459980368614,2.3697729110717773,300.0,0.243566667661071
20230501.0,1.409999966621399,40.0,12.0,0.05999999865889549,0.1080000028014183,0.10999999940395355,0.2090281844139099,1.1893571615219116,286.697998046875,0.3324359357357025,256.7882080078125,234.62603759765625,4.6671905517578125,2.6408677101135254,300.0,0.23770625051111
20230504.0,1.409999966621399,40.0,12.0,0.05999999865889549,0.1080000028014183,0.10999999940395355,0.2090281844139099,1.1893571615219116,287.7953796386719,0.32366228103637695,257.20562744140625,238.0528564453125,0.0013719702837988734,3.5098469257354736,300.0,0.225683332731326
20230506.0,1.409999966621399,40.0,12.0,0.05999999865889549,0.1080000028014183,0.10999999940395355,0.2090281844139099,1.1893571615219116,288.54046630859375,0.31866782903671265,255.96388244628906,233.64358520507812,2.5535364151000977,2.591331720352173,300.0,0.258531250059605
20230508.0,1.409999966621399,40.0,12.0,0.05999999865889549,0.1080000028014183,0.10999999940395355,0.2090281844139099,1.1893571615219116,290.0264892578125,0.3131921589374542,258.60260009765625,236.17416381835938,5.615483283996582,2.579643964767456,300.0,0.250772917022308
20230509.0,1.409999966621399,40.0,12.0,0.05999999865889549,0.1080000028014183,0.10999999940395355,0.2090281844139099,1.1893571615219116,287.76568603515625,0.3112632930278778,259.55767822265625,237.67343139648438,14.464661598205566,1.9471635818481445,300.0,0.268302085188528
20230511.0,1.409999966621399,40.0,12.0,0.05999999865889549,0.1080000028014183,0.10999999940395355,0.2090281844139099,1.1893571615219116,286.5413513183594,0.31960394978523254,250.0050506591797,228.60763549804688,3.9656453132629395,1.931615948677063,300.0,0.283331252634525
20230512.0,1.409999966621399,40.0,12.0,0.05999999865889549,0.1080000028014183,0.10999999940395355,0.2090281844139099,1.1893571615219116,288.3524169921875,0.3238188922405243,250.53225708007812,226.45864868164062,6.429337978363037,2.845776319503784,300.0,0.299274999648333
20230514.0,1.409999966621399,40.0,12.0,0.05999999865889549,0.1080000028014183,0.10999999940395355,0.2090281844139099,1.1893571615219116,288.81634521484375,0.3323572278022766,254.32879638671875,232.8176727294922,0.09982281178236008,3.0921790599823,300.0,0.270618751024206
20230516.0,1.409999966621399,40.0,12.0,0.05999999865889549,0.1080000028014183,0.10999999940395355,0.2090281844139099,1.1893571615219116,284.818359375,0.3412700891494751,253.11688232421875,228.1204833984375,0.6377912163734436,3.054109573364258,300.0,0.260358331725001
20230517.0,1.409999966621399,40.0,12.0,0.05999999865889549,0.1080000028014183,0.10999999940395355,0.2090281844139099,1.1893571615219116,284.38055419921875,0.3449447453022003,256.4338684082031,235.81207275390625,0.009930438362061977,3.1263699531555176,300.0,0.252777083156009
20230519.0,1.409999966621399,40.0,12.0,0.05999999865889549,0.1080000028014183,0.10999999940395355,0.2090281844139099,1.1893571615219116,286.7247619628906,0.3467196524143219,257.7479248046875,236.504638671875,0.0,3.3494582176208496,300.0,0.234270834053556
20230520.0,1.409999966621399,40.0,12.0,0.05999999865889549,0.1080000028014183,0.10999999940395355,0.2090281844139099,1.1893571615219116,287.7135925292969,0.3476089537143707,259.89422607421875,240.5832977294922,0.045739054679870605,2.5698885917663574,300.0,0.223702083341777
20230522.0,1.409999966621399,40.0,12.0,0.05999999865889549,0.1080000028014183,0.10999999940395355,0.2090281844139099,1.1893571615219116,291.380615234375,0.3491003215312958,264.58819580078125,242.92221069335938,2.4501194953918457,2.7448503971099854,300.0,0.20868333398054
20230524.0,1.409999966621399,40.0,12.0,0.05999999865889549,0.1080000028014183,0.10999999940395355,0.2090281844139099,1.1893571615219116,284.51348876953125,0.3507087826728821,261.0677185058594,241.2022705078125,0.4542519748210907,1.8866301774978638,300.0,0.199989583653708
20230525.0,1.409999966621399,40.0,12.0,0.05999999865889549,0.1080000028014183,0.10999999940395355,0.2090281844139099,1.1893571615219116,287.0125427246094,0.35121163725852966,262.10205078125,243.00152587890625,0.0008523463038727641,2.8496310710906982,300.0,0.195147917295496
20230527.0,1.409999966621399,40.0,12.0,0.05999999865889549,0.1080000028014183,0.10999999940395355,0.2090281844139099,1.1893571615219116,288.7864685058594,0.35017338395118713,263.29241943359375,245.51036071777344,0.0012814997462555766,3.774869918823242,300.0,0.184700000099838
20230528.0,1.409999966621399,40.0,12.0,0.05999999865889549,0.1080000028014183,0.10999999940395355,0.2090281844139099,1.1893571615219116,290.48870849609375,0.34965482354164124,265.3983154296875,246.861328125,0.0008756766910664737,3.939866065979004,300.0,0.178199999655286
20230530.0,1.409999966621399,40.0,12.0,0.05999999865889549,0.1080000028014183,0.10999999940395355,0.2090281844139099,1.1893571615219116,288.25042724609375,0.34849783778190613,264.7333984375,248.43133544921875,0.0008612870587967336,3.4050540924072266,300.0,0.165583333931863
20230601.0,1.409999966621399,40.0,12.0,0.05999999865889549,0.1080000028014183,0.10999999940395355,0.2090281844139099,1.1893571615219116,289.69403076171875,0.3471754193305969,268.9075927734375,251.47303771972656,0.0021542219910770655,3.3897745609283447,300.0,0.152333333157003
20230602.0,1.409999966621399,40.0,12.0,0.05999999865889549,0.1080000028014183,0.10999999940395355,0.2090281844139099,1.1893571615219116,288.21136474609375,0.34707918763160706,268.324462890625,251.692626953125,0.0016969999996945262,2.9916439056396484,300.0,0.147722916677594
20230604.0,1.409999966621399,40.0,12.0,0.05999999865889549,0.1080000028014183,0.10999999940395355,0.2090281844139099,1.1893571615219116,290.86199951171875,0.35070887207984924,269.7165222167969,252.87277221679688,0.0012814998626708984,4.11083459854126,300.0,0.134481251550217
20230605.0,1.409999966621399,40.0,12.0,0.05999999865889549,0.1080000028014183,0.10999999940395355,0.2090281844139099,1.1893571615219116,292.0034484863281,0.3525312840938568,271.1314392089844,255.53277587890625,0.0008523463038727641,3.8919460773468018,300.0,0.127264581931134
20230607.0,1.409999966621399,40.0,12.0,0.05999999865889549,0.1080000028014183,0.10999999940395355,0.2090281844139099,1.1893571615219116,292.4383239746094,0.35638272762298584,270.99566650390625,256.35369873046875,3.7476894855499268,3.134732723236084,300.0,0.116625000722706
20230609.0,1.409999966621399,40.0,12.0,0.05999999865889549,0.1080000028014183,0.10999999940395355,0.2090281844139099,1.1893571615219116,295.3751525878906,0.3600749373435974,269.47259521484375,256.590576171875,0.3967171609401703,3.9524271488189697,300.0,0.106008333154023
20230610.0,1.409999966621399,40.0,12.0,0.05999999865889549,0.1080000028014183,0.10999999940395355,0.2090281844139099,1.1893571615219116,296.52178955078125,0.36247310042381287,274.39202880859375,259.10443115234375,0.02224917709827423,4.140757083892822,300.0,0.0999770830385387
20230612.0,1.409999966621399,40.0,12.0,0.05999999865889549,0.1080000028014183,0.10999999940395355,0.2090281844139099,1.1893571615219116,296.19281005859375,0.37101030349731445,274.22674560546875,260.7398681640625,0.0017345808446407318,3.9195220470428467,300.0,0.0883541661314666
20230613.0,1.409999966621399,40.0,12.0,0.05999999865889549,0.1080000028014183,0.10999999940395355,0.2090281844139099,1.1893571615219116,295.8028869628906,0.37531864643096924,274.97406005859375,260.481689453125,0.0,4.229564666748047,300.0,0.0833833335588376
20230615.0,1.409999966621399,40.0,12.0,0.05999999865889549,0.1080000028014183,0.10999999940395355,0.2090281844139099,1.1893571615219116,294.7010192871094,0.38425976037979126,274.26611328125,260.92877197265625,0.0012854093220084906,3.197253704071045,300.0,0.0765875005163252
20230617.0,1.409999966621399,40.0,12.0,0.05999999865889549,0.1080000028014183,0.10999999940395355,0.2090281844139099,1.1893571615219116,296.1388244628906,0.3938804566860199,272.439697265625,260.1145324707031,0.001704115653410554,3.458554744720459,300.0,0.0714625005299846
20230618.0,1.409999966621399,40.0,12.0,0.05999999865889549,0.1080000028014183,0.10999999940395355,0.2090281844139099,1.1893571615219116,295.8084411621094,0.39774855971336365,274.69183349609375,260.91064453125,0.30495473742485046,2.477437973022461,300.0,0.0697562511389454
20230620.0,1.409999966621399,40.0,12.0,0.05999999865889549,0.1080000028014183,0.10999999940395355,0.2090281844139099,1.1893571615219116,297.3427734375,0.390358567237854,279.2477722167969,265.2022705078125,11.390445709228516,3.5670604705810547,300.0,0.0674708333487312
20230621.0,1.409999966621399,40.0,12.0,0.05999999865889549,0.1080000028014183,0.10999999940395355,0.2090281844139099,1.1893571615219116,296.30535888671875,0.3866911828517914,269.7006530761719,253.7952880859375,0.3721475899219513,3.60467267036438,300.0,0.0682208331612249
20230623.0,1.409999966621399,40.0,12.0,0.05999999865889549,0.1080000028014183,0.10999999940395355,0.2090281844139099,1.1893571615219116,293.2707824707031,0.37939614057540894,257.6063232421875,238.2382049560547,0.38679301738739014,4.038273334503174,300.0,0.208520833713313
20230625.0,1.409999966621399,40.0,12.0,0.05999999865889549,0.1080000028014183,0.10999999940395355,0.2090281844139099,1.1893571615219116,297.0264587402344,0.37197694182395935,266.0880126953125,245.8245086669922,0.0012851288774982095,4.892757415771484,300.0,0.16602708461384
20230626.0,1.409999966621399,40.0,12.0,0.05999999865889549,0.1080000028014183,0.10999999940395355,0.2090281844139099,1.1893571615219116,293.95379638671875,0.36893340945243835,269.67889404296875,248.83987426757812,0.31336143612861633,4.056098937988281,300.0,0.150662500100831
20230628.0,1.409999966621399,40.0,12.0,0.05999999865889549,0.1080000028014183,0.10999999940395355,0.2090281844139099,1.1893571615219116,291.7796325683594,0.3671647012233734,267.09906005859375,251.77029418945312,0.36982497572898865,1.7999364137649536,300.0,0.131860416382551
20230629.0,1.409999966621399,40.0,12.0,0.05999999865889549,0.1080000028014183,0.10999999940395355,0.2090281844139099,1.1893571615219116,293.8099670410156,0.36628204584121704,271.171875,250.95819091796875,2.292672872543335,2.618811845779419,300.0,0.126681250985712
20230701.0,1.409999966621399,40.0,12.0,0.05999999865889549,0.1080000028014183,0.10999999940395355,0.2090281844139099,1.1893571615219116,290.5856628417969,0.3647834360599518,270.36181640625,247.686279296875,3.283263921737671,1.8220593929290771,300.0,0.114466666864852
20230703.0,1.409999966621399,40.0,12.0,0.05999999865889549,0.1080000028014183,0.10999999940395355,0.2090281844139099,1.1893571615219116,290.3135681152344,0.36375606060028076,268.39520263671875,249.52796936035156,0.2752479016780853,2.7641801834106445,300.0,0.102033333542446
20230704.0,1.409999966621399,40.0,12.0,0.05999999865889549,0.1080000028014183,0.10999999940395355,0.2090281844139099,1.1893571615219116,291.2879333496094,0.3616849482059479,268.5243835449219,251.82772827148438,3.251400947570801,3.31337308883667,300.0,0.0945875003623466
20230706.0,1.409999966621399,40.0,12.0,0.05999999865889549,0.1080000028014183,0.10999999940395355,0.2090281844139099,1.1893571615219116,290.4222106933594,0.3471953272819519,263.8408508300781,247.3157958984375,0.12383588403463364,3.0554869174957275,300.0,0.0866124997846782
20230707.0,1.409999966621399,40.0,12.0,0.05999999865889549,0.1080000028014183,0.10999999940395355,0.2090281844139099,1.1893571615219116,294.0676574707031,0.3400692939758301,268.270263671875,250.33724975585938,0.0008523463038727641,4.40472412109375,300.0,0.0813479162752628
20230709.0,1.409999966621399,40.0,12.0,0.05999999865889549,0.1080000028014183,0.10999999940395355,0.2090281844139099,1.1893571615219116,297.9488220214844,0.32545775175094604,274.7166442871094,259.53167724609375,3.6561949253082275,2.985163450241089,300.0,0.0796020831912756
20230711.0,1.409999966621399,40.0,12.0,0.05999999865889549,0.1080000028014183,0.10999999940395355,0.2090281844139099,1.1893571615219116,297.0669860839844,0.31031790375709534,270.5463562011719,249.80661010742188,4.682622909545898,4.383852481842041,300.0,0.0910062498102586
20230712.0,1.409999966621399,40.0,12.0,0.05999999865889549,0.1080000028014183,0.10999999940395355,0.2090281844139099,1.1893571615219116,293.59417724609375,0.3057915270328522,265.76239013671875,249.00970458984375,0.39053961634635925,3.976006031036377,300.0,0.0880958332369725
20230714.0,1.409999966621399,40.0,12.0,0.05999999865889549,0.1080000028014183,0.10999999940395355,0.2090281844139099,1.1893571615219116,294.7798767089844,0.31649917364120483,268.7140808105469,253.87416076660156,0.009012187831103802,3.8439695835113525,300.0,0.080808333431681
20230715.0,1.409999966621399,40.0,12.0,0.05999999865889549,0.1080000028014183,0.10999999940395355,0.2090281844139099,1.1893571615219116,295.9470520019531,0.32192757725715637,273.8936462402344,256.06170654296875,4.538631439208984,3.688206911087036,300.0,0.0758583339241644
20230717.0,1.409999966621399,40.0,12.0,0.05999999865889549,0.1080000028014183,0.10999999940395355,0.2090281844139099,1.1893571615219116,292.12457275390625,0.33408427238464355,267.07568359375,251.80023193359375,0.7886317372322083,2.9459383487701416,300.0,0.0706833337123195
20230719.0,1.409999966621399,40.0,12.0,0.05999999865889549,0.1080000028014183,0.10999999940395355,0.2090281844139099,1.1893571615219116,292.6028137207031,0.3472514748573303,269.23345947265625,254.59024047851562,0.6871877312660217,2.712754249572754,300.0,0.0671875004190952
20230720.0,1.409999966621399,40.0,12.0,0.05999999865889549,0.1080000028014183,0.10999999940395355,0.2090281844139099,1.1893571615219116,292.7782897949219,0.3511924743652344,267.7847900390625,255.73086547851562,0.9157027006149292,2.7189464569091797,300.0,0.0657083327726771
20230722.0,1.409999966621399,40.0,12.0,0.05999999865889549,0.1080000028014183,0.10999999940395355,0.2090281844139099,1.1893571615219116,290.9552307128906,0.3406800925731659,267.0098876953125,253.34613037109375,0.9071980118751526,2.2918648719787598,300.0,0.0637270838487893
20230723.0,1.409999966621399,40.0,12.0,0.05999999865889549,0.1080000028014183,0.10999999940395355,0.2090281844139099,1.1893571615219116,290.0976867675781,0.335487961769104,269.4202575683594,257.3836669921875,11.036367416381836,2.6237776279449463,300.0,0.0632062503912797
20230725.0,1.409999966621399,40.0,12.0,0.05999999865889549,0.1080000028014183,0.10999999940395355,0.2090281844139099,1.1893571615219116,289.254150390625,0.32423850893974304,259.6257019042969,244.23622131347656,1.141403079032898,2.632685899734497,300.0,0.109841666184366
20230727.0,1.409999966621399,40.0,12.0,0.05999999865889549,0.1080000028014183,0.10999999940395355,0.2090281844139099,1.1893571615219116,289.2955322265625,0.31254732608795166,255.367431640625,237.090576171875,13.492452621459961,1.8864985704421997,300.0,0.149360416767498
20230728.0,1.409999966621399,40.0,12.0,0.05999999865889549,0.1080000028014183,0.10999999940395355,0.2090281844139099,1.1893571615219116,292.7160339355469,0.3079773783683777,259.3057861328125,242.3268280029297,2.0578062534332275,2.7190682888031006,300.0,0.18642916623503
20230730.0,1.409999966621399,40.0,12.0,0.05999999865889549,0.1080000028014183,0.10999999940395355,0.2090281844139099,1.1893571615219116,290.44488525390625,0.31721732020378113,256.6368408203125,239.02804565429688,10.275430679321289,3.5777432918548584,300.0,0.174072915688157
20230731.0,1.409999966621399,40.0,12.0,0.05999999865889549,0.1080000028014183,0.10999999940395355,0.2090281844139099,1.1893571615219116,289.47515869140625,0.3218926787376404,257.31005859375,239.1253662109375,19.054920196533203,2.7112574577331543,300.0,0.185343749200304
20230802.0,1.409999966621399,40.0,12.0,0.05999999865889549,0.1080000028014183,0.10999999940395355,0.2090281844139099,1.1893571615219116,290.5951232910156,0.33139166235923767,256.888916015625,237.78704833984375,12.645398139953613,3.4365155696868896,300.0,0.234385416222115
20230804.0,1.409999966621399,40.0,12.0,0.05999999865889549,0.1080000028014183,0.10999999940395355,0.2090281844139099,1.1893571615219116,290.19091796875,0.3415391743183136,255.224609375,239.31826782226562,4.774091720581055,2.796191930770874,300.0,0.246562499552965
20230805.0,1.409999966621399,40.0,12.0,0.05999999865889549,0.1080000028014183,0.10999999940395355,0.2090281844139099,1.1893571615219116,288.9357604980469,0.34504756331443787,255.97247314453125,238.34982299804688,7.550806522369385,2.6079607009887695,300.0,0.23275208255897
20230807.0,1.409999966621399,40.0,12.0,0.05999999865889549,0.1080000028014183,0.10999999940395355,0.2090281844139099,1.1893571615219116,287.6747131347656,0.3411193788051605,254.0376739501953,235.07574462890625,6.30303430557251,3.4679300785064697,300.0,0.261297916062176
20230808.0,1.409999966621399,40.0,12.0,0.05999999865889549,0.1080000028014183,0.10999999940395355,0.2090281844139099,1.1893571615219116,288.90313720703125,0.3391643464565277,254.46054077148438,235.74673461914062,5.2423295974731445,2.7670979499816895,300.0,0.24515208384643
20230810.0,1.409999966621399,40.0,12.0,0.05999999865889549,0.1080000028014183,0.10999999940395355,0.2090281844139099,1.1893571615219116,291.4090576171875,0.3346869945526123,255.55166625976562,239.63006591796875,0.0,3.3798017501831055,300.0,0.238287500416239
20230812.0,1.409999966621399,40.0,12.0,0.05999999865889549,0.1080000028014183,0.10999999940395355,0.2090281844139099,1.1893571615219116,293.5059509277344,0.3300965130329132,258.25726318359375,239.51478576660156,5.955092906951904,2.6922197341918945,300.0,0.243466666589181
20230813.0,1.409999966621399,40.0,12.0,0.05999999865889549,0.1080000028014183,0.10999999940395355,0.2090281844139099,1.1893571615219116,292.9351501464844,0.3284025490283966,257.94708251953125,238.71878051757812,0.041722338646650314,2.9862465858459473,300.0,0.242056249640882
20230815.0,1.409999966621399,40.0,12.0,0.05999999865889549,0.1080000028014183,0.10999999940395355,0.2090281844139099,1.1893571615219116,295.30584716796875,0.3289969265460968,259.54974365234375,243.9654083251953,0.25438064336776733,2.977184295654297,300.0,0.217239583221575
20230816.0,1.409999966621399,40.0,12.0,0.05999999865889549,0.1080000028014183,0.10999999940395355,0.2090281844139099,1.1893571615219116,292.68218994140625,0.329294353723526,262.0816650390625,245.2750701904297,2.7294795513153076,1.9921364784240723,300.0,0.20699999978145
20230818.0,1.409999966621399,40.0,12.0,0.05999999865889549,0.1080000028014183,0.10999999940395355,0.2090281844139099,1.1893571615219116,295.4244079589844,0.3300953209400177,262.1992492675781,244.76307678222656,0.3217456340789795,2.800720453262329,300.0,0.193839583545923
20230820.0,1.409999966621399,40.0,12.0,0.05999999865889549,0.1080000028014183,0.10999999940395355,0.2090281844139099,1.1893571615219116,296.5177917480469,0.3308161199092865,262.750244140625,248.68333435058594,0.40644919872283936,3.4014089107513428,300.0,0.182381250585119
20230821.0,1.409999966621399,40.0,12.0,0.05999999865889549,0.1080000028014183,0.10999999940395355,0.2090281844139099,1.1893571615219116,295.4043273925781,0.33139386773109436,265.3753967285156,248.70501708984375,0.0075752888806164265,3.215301990509033,300.0,0.173547916735212
20230823.0,1.409999966621399,40.0,12.0,0.05999999865889549,0.1080000028014183,0.10999999940395355,0.2090281844139099,1.1893571615219116,293.9820556640625,0.33402135968208313,267.3103942871094,252.63381958007812,0.0023432928137481213,3.154731035232544,300.0,0.157770833621422
20230824.0,1.409999966621399,40.0,12.0,0.05999999865889549,0.1080000028014183,0.10999999940395355,0.2090281844139099,1.1893571615219116,294.6871337890625,0.3353393077850342,268.44659423828125,255.865234375,3.0883712768554688,2.6671504974365234,300.0,0.151816667057574
20230826.0,1.409999966621399,40.0,12.0,0.05999999865889549,0.1080000028014183,0.10999999940395355,0.2090281844139099,1.1893571615219116,290.28857421875,0.3380544185638428,255.08624267578125,236.81402587890625,1.079447627067566,3.252624034881592,300.0,0.247804166128238
20230828.0,1.409999966621399,40.0,12.0,0.05999999865889549,0.1080000028014183,0.10999999940395355,0.2090281844139099,1.1893571615219116,289.2745056152344,0.3406800925731659,256.7944030761719,237.60049438476562,0.9760230183601379,2.0441181659698486,300.0,0.260587500097851
20230829.0,1.409999966621399,40.0,12.0,0.05999999865889549,0.1080000028014183,0.10999999940395355,0.2090281844139099,1.1893571615219116,288.9279479980469,0.3423081040382385,256.8583679199219,242.09385681152344,1.0431814193725586,1.8090581893920898,300.0,0.267164584249258
20230831.0,1.409999966621399,40.0,12.0,0.05999999865889549,0.1080000028014183,0.10999999940395355,0.2090281844139099,1.1893571615219116,288.4115905761719,0.34769245982170105,254.8316650390625,240.75079345703125,0.5452178716659546,2.348536252975464,300.0,0.255537501225869
20230901.0,1.409999966621399,40.0,12.0,0.05999999865889549,0.1080000028014183,0.10999999940395355,0.2090281844139099,1.1893571615219116,288.6113586425781,0.35040149092674255,258.98724365234375,242.24520874023438,17.752840042114258,0.6530762910842896,300.0,0.279131249214212
20230903.0,1.409999966621399,40.0,12.0,0.05999999865889549,0.1080000028014183,0.10999999940395355,0.2090281844139099,1.1893571615219116,291.512451171875,0.35604825615882874,255.8843994140625,239.5749053955078,0.0008523463038727641,2.428992509841919,300.0,0.252193752055367
20230905.0,1.409999966621399,40.0,12.0,0.05999999865889549,0.1080000028014183,0.10999999940395355,0.2090281844139099,1.1893571615219116,294.608154296875,0.3628041446208954,259.4683837890625,240.58294677734375,0.0,3.505239248275757,300.0,0.225387499357263
20230906.0,1.409999966621399,40.0,12.0,0.05999999865889549,0.1080000028014183,0.10999999940395355,0.2090281844139099,1.1893571615219116,294.2986755371094,0.3643912971019745,262.4562072753906,246.39349365234375,0.0,3.2175662517547607,300.0,0.213558334857225
20230908.0,1.409999966621399,40.0,12.0,0.05999999865889549,0.1080000028014183,0.10999999940395355,0.2090281844139099,1.1893571615219116,295.6162414550781,0.34017106890678406,264.36700439453125,250.1807861328125,0.0,2.9025070667266846,300.0,0.194666667530934
20230909.0,1.409999966621399,40.0,12.0,0.05999999865889549,0.1080000028014183,0.10999999940395355,0.2090281844139099,1.1893571615219116,295.5163269042969,0.3283950090408325,267.96588134765625,253.49319458007812,0.0034362077713012695,2.685816764831543,300.0,0.188987500034273
20230911.0,1.409999966621399,40.0,12.0,0.05999999865889549,0.1080000028014183,0.10999999940395355,0.2090281844139099,1.1893571615219116,296.6199951171875,0.30540546774864197,270.2369079589844,255.84718322753906,11.050542831420898,2.908292770385742,300.0,0.177206251459817
20230913.0,1.409999966621399,40.0,12.0,0.05999999865889549,0.1080000028014183,0.10999999940395355,0.2090281844139099,1.1893571615219116,291.1697692871094,0.2819961607456207,256.92547607421875,237.25735473632812,2.180633783340454,2.2195990085601807,300.0,0.273533333092928
20230914.0,1.409999966621399,40.0,12.0,0.05999999865889549,0.1080000028014183,0.10999999940395355,0.2090281844139099,1.1893571615219116,288.8570556640625,0.2748512625694275,254.35870361328125,236.22703552246094,0.07440625131130219,1.829890489578247,300.0,0.257962500055631
20230916.0,1.409999966621399,40.0,12.0,0.05999999865889549,0.1080000028014183,0.10999999940395355,0.2090281844139099,1.1893571615219116,292.93359375,0.28921517729759216,262.30963134765625,244.64889526367188,5.569107532501221,2.134596586227417,300.0,0.234525000055631
20230917.0,1.409999966621399,40.0,12.0,0.05999999865889549,0.1080000028014183,0.10999999940395355,0.2090281844139099,1.1893571615219116,294.0432434082031,0.29654639959335327,258.2364807128906,237.65972900390625,0.4301232099533081,2.4581966400146484,300.0,0.260518750796715
20230919.0,1.409999966621399,40.0,12.0,0.05999999865889549,0.1080000028014183,0.10999999940395355,0.2090281844139099,1.1893571615219116,289.924072265625,0.3131534159183502,255.939697265625,241.1430206298828,0.6445207595825195,2.352562427520752,300.0,0.239908332936466
20230922.0,1.409999966621399,40.0,12.0,0.05999999865889549,0.1080000028014183,0.10999999940395355,0.2090281844139099,1.1893571615219116,287.4027404785156,0.337899774312973,252.86761474609375,234.11546325683594,4.815821647644043,2.113295316696167,300.0,0.262245832011104
20230924.0,1.409999966621399,40.0,12.0,0.05999999865889549,0.1080000028014183,0.10999999940395355,0.2090281844139099,1.1893571615219116,287.3439025878906,0.3409546911716461,248.9697723388672,234.51287841796875,0.0,2.18381404876709,300.0,0.25997499935329
20230925.0,1.409999966621399,40.0,12.0,0.05999999865889549,0.1080000028014183,0.10999999940395355,0.2090281844139099,1.1893571615219116,288.63226318359375,0.3424876928329468,256.14166259765625,234.5170135498047,0.00086415238911286,2.168545722961426,300.0,0.248916667265197
20230927.0,1.409999966621399,40.0,12.0,0.05999999865889549,0.1080000028014183,0.10999999940395355,0.2090281844139099,1.1893571615219116,290.5090637207031,0.34494081139564514,258.5074157714844,242.47946166992188,0.0,1.737308144569397,300.0,0.232745833384494
20230929.0,1.409999966621399,40.0,12.0,0.05999999865889549,0.1080000028014183,0.10999999940395355,0.2090281844139099,1.1893571615219116,290.7051086425781,0.34733954071998596,261.8567199707031,241.87718200683594,0.7198035717010498,1.4329349994659424,300.0,0.224214583945771
20230930.0,1.409999966621399,40.0,12.0,0.05999999865889549,0.1080000028014183,0.10999999940395355,0.2090281844139099,1.1893571615219116,287.4938659667969,0.34888216853141785,256.33648681640625,239.03956604003906,0.002428169595077634,1.5663312673568726,300.0,0.227279167001446
20231002.0,1.409999966621399,40.0,12.0,0.05999999865889549,0.1080000028014183,0.10999999940395355,0.2090281844139099,1.1893571615219116,292.1855773925781,0.35428956151008606,261.6070556640625,244.89633178710938,0.0,1.947034478187561,300.0,0.217793750266234
20231003.0,1.409999966621399,40.0,12.0,0.05999999865889549,0.1080000028014183,0.10999999940395355,0.2090281844139099,1.1893571615219116,289.7196350097656,0.35701000690460205,264.95257568359375,246.6351318359375,1.733107566833496,1.5302150249481201,300.0,0.213533332260946
20231005.0,1.409999966621399,40.0,12.0,0.05999999865889549,0.1080000028014183,0.10999999940395355,0.2090281844139099,1.1893571615219116,287.2269592285156,0.36269065737724304,258.51629638671875,245.10137939453125,0.06706687808036804,1.0921199321746826,300.0,0.207679165837665
20231007.0,1.409999966621399,40.0,12.0,0.05999999865889549,0.1080000028014183,0.10999999940395355,0.2090281844139099,1.1893571615219116,289.8602294921875,0.36949247121810913,276.85223388671875,255.6295928955078,0.004572605714201927,1.5725092887878418,300.0,0.200627083579699
20231008.0,1.409999966621399,40.0,12.0,0.05999999865889549,0.1080000028014183,0.10999999940395355,0.2090281844139099,1.1893571615219116,289.71337890625,0.36941269040107727,260.64373779296875,245.07708740234375,0.0717758759856224,0.9785180687904358,300.0,0.196947916410863
20231010.0,1.409999966621399,40.0,12.0,0.05999999865889549,0.1080000028014183,0.10999999940395355,0.2090281844139099,1.1893571615219116,290.1593933105469,0.3460378348827362,263.84539794921875,247.60426330566406,0.0017288129311054945,1.6508402824401855,300.0,0.19173541602989
20231011.0,1.409999966621399,40.0,12.0,0.05999999865889549,0.1080000028014183,0.10999999940395355,0.2090281844139099,1.1893571615219116,291.5303955078125,0.3346565067768097,264.46527099609375,248.86416625976562,0.070513054728508,1.8209627866744995,300.0,0.188100000532965
20231013.0,1.409999966621399,40.0,12.0,0.05999999865889549,0.1080000028014183,0.10999999940395355,0.2090281844139099,1.1893571615219116,292.4811706542969,0.3112393915653229,257.27716064453125,239.88949584960938,5.784905910491943,3.1065824031829834,300.0,0.190541666001081
20231015.0,1.409999966621399,40.0,12.0,0.05999999865889549,0.1080000028014183,0.10999999940395355,0.2090281844139099,1.1893571615219116,281.75970458984375,0.2872384190559387,251.27914428710938,229.45358276367188,0.5995954871177673,1.1742198467254639,300.0,0.228929165440301
20231016.0,1.409999966621399,40.0,12.0,0.05999999865889549,0.1080000028014183,0.10999999940395355,0.2090281844139099,1.1893571615219116,281.0308837890625,0.2782319486141205,249.77781677246094,230.88125610351562,0.0008606480550952256,0.8507178425788879,300.0,0.225335416694482
20231018.0,1.409999966621399,40.0,12.0,0.05999999865889549,0.1080000028014183,0.10999999940395355,0.2090281844139099,1.1893571615219116,283.1356201171875,0.3009164333343506,255.66207885742188,235.9298858642578,10.010560989379883,1.4790743589401245,300.0,0.216987501208981
20231019.0,1.409999966621399,40.0,12.0,0.05999999865889549,0.1080000028014183,0.10999999940395355,0.2090281844139099,1.1893571615219116,288.49176025390625,0.3126208186149597,249.70269775390625,229.61907958984375,3.240433692932129,1.3264356851577759,300.0,0.242637499856452
20231021.0,1.409999966621399,40.0,12.0,0.05999999865889549,0.1080000028014183,0.10999999940395355,0.2090281844139099,1.1893571615219116,286.42718505859375,0.3368211090564728,246.64129638671875,228.51303100585938,4.002404689788818,1.8990473747253418,300.0,0.264631249631445
20231023.0,1.409999966621399,40.0,12.0,0.05999999865889549,0.1080000028014183,0.10999999940395355,0.2090281844139099,1.1893571615219116,283.6812438964844,0.3629024028778076,247.87335205078125,226.6342315673828,3.263927459716797,1.12978994846344,300.0,0.252520833785335
20231024.0,1.409999966621399,40.0,12.0,0.05999999865889549,0.1080000028014183,0.10999999940395355,0.2090281844139099,1.1893571615219116,284.2275390625,0.37333959341049194,249.1884765625,229.03472900390625,2.0240702629089355,1.043749213218689,300.0,0.259618750462929
20231026.0,1.409999966621399,40.0,12.0,0.05999999865889549,0.1080000028014183,0.10999999940395355,0.2090281844139099,1.1893571615219116,283.49755859375,0.37419208884239197,244.9075164794922,224.4254150390625,2.07253098487854,0.771576464176178,300.0,0.276033334434032
20231027.0,1.409999966621399,40.0,12.0,0.05999999865889549,0.1080000028014183,0.10999999940395355,0.2090281844139099,1.1893571615219116,283.0563659667969,0.374618798494339,243.7727813720703,220.9773406982422,14.82014274597168,0.7435932755470276,300.0,0.27932499969999
20231029.0,1.409999966621399,40.0,12.0,0.05999999865889549,0.1080000028014183,0.10999999940395355,0.2090281844139099,1.1893571615219116,285.96429443359375,0.3743400573730469,246.06723022460938,227.17938232421875,1.9959697723388672,1.8650692701339722,300.0,0.269566666334867
20231031.0,1.409999966621399,40.0,12.0,0.05999999865889549,0.1080000028014183,0.10999999940395355,0.2090281844139099,1.1893571615219116,283.8301696777344,0.3733077943325043,246.47158813476562,223.03759765625,2.3134727478027344,1.2966415882110596,300.0,0.265324998646975
20231101.0,1.409999966621399,40.0,12.0,0.05999999865889549,0.1080000028014183,0.10999999940395355,0.2090281844139099,1.1893571615219116,284.8921203613281,0.37545862793922424,245.66195678710938,223.706298828125,5.233527660369873,1.6608351469039917,300.0,0.274147915964325
20231103.0,1.409999966621399,40.0,12.0,0.05999999865889549,0.1080000028014183,0.10999999940395355,0.2090281844139099,1.1893571615219116,281.8354797363281,0.39816761016845703,242.5823516845703,224.80999755859375,0.2051525115966797,1.3339130878448486,300.0,0.259443750604987
20231104.0,1.409999966621399,40.0,12.0,0.05999999865889549,0.1080000028014183,0.10999999940395355,0.2090281844139099,1.1893571615219116,281.6490783691406,0.4097879230976105,246.65859985351562,226.00662231445312,6.29611873626709,1.3937113285064697,300.0,0.257018751775225
20231106.0,1.409999966621399,40.0,12.0,0.05999999865889549,0.1080000028014183,0.10999999940395355,0.2090281844139099,1.1893571615219116,282.87872314453125,0.43470656871795654,245.6612091064453,224.20578002929688,0.18356746435165405,0.933950662612915,300.0,0.261264582475026
20231108.0,1.409999966621399,40.0,12.0,0.05999999865889549,0.1080000028014183,0.10999999940395355,0.2090281844139099,1.1893571615219116,281.846435546875,0.4618859589099884,246.9578857421875,225.17144775390625,8.394543647766113,1.821825623512268,300.0,0.25406458415091
20231109.0,1.409999966621399,40.0,12.0,0.05999999865889549,0.1080000028014183,0.10999999940395355,0.2090281844139099,1.1893571615219116,282.2793273925781,0.47071224451065063,242.3180694580078,222.3767547607422,8.296982765197754,2.014871597290039,300.0,0.269881250336766
20231111.0,1.409999966621399,40.0,12.0,0.05999999865889549,0.1080000028014183,0.10999999940395355,0.2090281844139099,1.1893571615219116,279.5320129394531,0.4543255567550659,240.8065185546875,219.23001098632812,0.9298197627067566,0.7991153001785278,300.0,0.279323333501816
20231120.0,1.409999966621399,40.0,12.0,0.05999999865889549,0.1080000028014183,0.10999999940395355,0.2090281844139099,1.1893571615219116,282.376953125,0.41970574855804443,241.9336700439453,217.4783935546875,4.446064472198486,0.7918985486030579,300.0,0.269954167306423
20231122.0,1.409999966621399,40.0,12.0,0.05999999865889549,0.1080000028014183,0.10999999940395355,0.2090281844139099,1.1893571615219116,277.4171142578125,0.43108561635017395,238.5387420654297,218.501708984375,0.031497396528720856,0.4050895571708679,300.0,0.264077082276344
20231124.0,1.409999966621399,40.0,12.0,0.05999999865889549,0.1080000028014183,0.10999999940395355,0.2090281844139099,1.1893571615219116,278.2541198730469,0.4412098228931427,239.56002807617188,216.3447723388672,4.169931411743164,1.6336952447891235,300.0,0.263029167428613
20231125.0,1.409999966621399,40.0,12.0,0.05999999865889549,0.1080000028014183,0.10999999940395355,0.2090281844139099,1.1893571615219116,276.8927001953125,0.44859594106674194,236.2377471923828,218.01968383789062,2.4555230140686035,0.856246292591095,300.0,0.270754167189201
20231127.0,1.409999966621399,40.0,12.0,0.05999999865889549,0.1080000028014183,0.10999999940395355,0.2090281844139099,1.1893571615219116,277.1233825683594,0.4999007284641266,234.30126953125,212.424072265625,20.653974533081055,0.9461948275566101,300.0,0.289683335771163
20231128.0,1.409999966621399,40.0,12.0,0.05999999865889549,0.1080000028014183,0.10999999940395355,0.2090281844139099,1.1893571615219116,273.90716552734375,0.526647686958313,234.4603271484375,209.86465454101562,1.5285285711288452,0.7626955509185791,300.0,0.288440627045929
20231130.0,1.409999966621399,40.0,12.0,0.05999999865889549,0.1080000028014183,0.10999999940395355,0.2090281844139099,1.1893571615219116,273.5252990722656,0.5822320580482483,235.1045684814453,214.2153778076172,0.1039009541273117,0.1793145388364792,300.0,0.267313886847761
20231205.0,1.409999966621399,40.0,12.0,0.05999999865889549,0.1080000028014183,0.10999999940395355,0.2090281844139099,1.1893571615219116,277.1554260253906,0.7765293717384338,230.8178253173828,209.77635192871094,7.97017240524292,0.2857987582683563,300.0,0.289633332441251
20231206.0,1.409999966621399,40.0,12.0,0.05999999865889549,0.1080000028014183,0.10999999940395355,0.2090281844139099,1.1893571615219116,275.2496337890625,0.8309075236320496,236.04103088378906,212.13002014160156,1.3214809894561768,0.4097171127796173,300.0,0.280009093609723
20231208.0,1.409999966621399,40.0,12.0,0.05999999865889549,0.1080000028014183,0.10999999940395355,0.2090281844139099,1.1893571615219116,278.27325439453125,0.9481164813041687,233.83673095703125,214.59967041015625,4.29200553894043,0.4970934987068176,300.0,0.268831251189113
20231210.0,1.409999966621399,40.0,12.0,0.05999999865889549,0.1080000028014183,0.10999999940395355,0.2090281844139099,1.1893571615219116,281.1492614746094,1.0851686000823975,234.60687255859375,212.20501708984375,3.348576068878174,1.5175001621246338,300.0,0.273712500929832
20231211.0,1.409999966621399,40.0,12.0,0.05999999865889549,0.1080000028014183,0.10999999940395355,0.2090281844139099,1.1893571615219116,281.5381164550781,1.117282509803772,234.19924926757812,213.2303466796875,2.090529680252075,1.182801365852356,300.0,0.271127085511883
20231213.0,1.409999966621399,40.0,12.0,0.05999999865889549,0.1080000028014183,0.10999999940395355,0.2090281844139099,1.1893571615219116,279.964599609375,0.923867404460907,235.06600952148438,216.93606567382812,4.1128973960876465,0.46145427227020264,300.0,0.276868748789032
20231214.0,1.409999966621399,40.0,12.0,0.05999999865889549,0.1080000028014183,0.10999999940395355,0.2090281844139099,1.1893571615219116,277.9334411621094,0.8342077136039734,237.80474853515625,214.73748779296875,0.3032923936843872,0.43993887305259705,300.0,0.272539583966136
20231216.0,1.409999966621399,40.0,12.0,0.05999999865889549,0.1080000028014183,0.10999999940395355,0.2090281844139099,1.1893571615219116,278.6975402832031,0.6572974324226379,235.47579956054688,215.0548095703125,0.19198058545589447,0.3461286127567291,300.0,0.264406250789762
20231218.0,1.409999966621399,40.0,12.0,0.05999999865889549,0.1080000028014183,0.10999999940395355,0.2090281844139099,1.1893571615219116,277.28265380859375,0.49301353096961975,245.948486328125,219.66355895996094,0.12508630752563477,0.36896997690200806,300.0,0.25856458209455
20231219.0,1.409999966621399,40.0,12.0,0.05999999865889549,0.1080000028014183,0.10999999940395355,0.2090281844139099,1.1893571615219116,278.93896484375,0.4493555426597595,236.03311157226562,214.911376953125,8.025827407836914,0.5317025780677795,300.0,0.260281248018146
20231221.0,1.409999966621399,40.0,12.0,0.05999999865889549,0.1080000028014183,0.10999999940395355,0.2090281844139099,1.1893571615219116,280.9756164550781,0.5732832551002502,234.0992431640625,214.23187255859375,12.884912490844727,1.791748046875,300.0,0.283604164918264
20231222.0,1.409999966621399,40.0,12.0,0.05999999865889549,0.1080000028014183,0.10999999940395355,0.2090281844139099,1.1893571615219116,279.618896484375,0.641167938709259,232.9020538330078,206.19384765625,12.54206371307373,2.1532480716705322,300.0,0.28863958393534
20231224.0,1.409999966621399,40.0,12.0,0.05999999865889549,0.1080000028014183,0.10999999940395355,0.2090281844139099,1.1893571615219116,282.9676208496094,0.8041736483573914,231.4735870361328,211.37591552734375,7.288510799407959,1.4332878589630127,300.0,0.279639583081007
20231226.0,1.409999966621399,40.0,12.0,0.05999999865889549,0.1080000028014183,0.10999999940395355,0.2090281844139099,1.1893571615219116,281.4168701171875,1.0006771087646484,232.90505981445312,206.8371124267578,1.6724754571914673,1.1220269203186035,300.0,0.276689584056536
20231227.0,1.409999966621399,40.0,12.0,0.05999999865889549,0.1080000028014183,0.10999999940395355,0.2090281844139099,1.1893571615219116,280.1098327636719,1.0548526048660278,232.00445556640625,210.6456298828125,2.8074958324432373,0.8638138175010681,300.0,0.272622918089231
20231229.0,1.409999966621399,40.0,12.0,0.05999999865889549,0.1080000028014183,0.10999999940395355,0.2090281844139099,1.1893571615219116,281.9380798339844,0.8286882638931274,234.7301025390625,210.60679626464844,3.674070119857788,1.4845110177993774,300.0,0.276108331978321
20231230.0,1.409999966621399,40.0,12.0,0.05999999865889549,0.1080000028014183,0.10999999940395355,0.2090281844139099,1.1893571615219116,280.699462890625,0.7309973835945129,233.08172607421875,208.47442626953125,0.5835679769515991,0.6439021825790405,300.0,0.281095835069815
20240101.0,1.409999966621399,40.0,12.0,0.05999999865889549,0.1080000028014183,0.10999999940395355,0.2090281844139099,1.1893571615219116,280.19134521484375,0.4674443006515503,233.4651641845703,209.7777099609375,1.9317573308944702,0.8956590890884399,300.0,0.269708334778746
20240103.0,1.409999966621399,40.0,12.0,0.05999999865889549,0.1080000028014183,0.10999999940395355,0.2090281844139099,1.1893571615219116,281.728515625,0.49208053946495056,230.96029663085938,206.36337280273438,7.082616806030273,1.6979303359985352,300.0,0.288345832377672
20240104.0,1.409999966621399,40.0,12.0,0.05999999865889549,0.1080000028014183,0.10999999940395355,0.2090281844139099,1.1893571615219116,279.7943420410156,0.5046177506446838,229.47259521484375,204.8182373046875,7.185405731201172,1.1703728437423706,300.0,0.295343748604258
20240106.0,1.409999966621399,40.0,12.0,0.05999999865889549,0.1080000028014183,0.10999999940395355,0.2090281844139099,1.1893571615219116,277.0143737792969,0.5301951169967651,228.56983947753906,208.34934997558594,1.5555505752563477,0.7620809078216553,300.0,0.278222917889555
20240107.0,1.409999966621399,40.0,12.0,0.05999999865889549,0.1080000028014183,0.10999999940395355,0.2090281844139099,1.1893571615219116,273.52801513671875,0.5427113771438599,228.89376831054688,205.50885009765625,0.6740956902503967,0.6072481274604797,300.0,0.273385712078639
20240112.0,1.409999966621399,40.0,12.0,0.05999999865889549,0.1080000028014183,0.10999999940395355,0.2090281844139099,1.1893571615219116,272.8941345214844,0.572537362575531,250.99313354492188,233.01718139648438,0.4146127998828888,0.0,300.0,0.257299998154243
20240114.0,1.409999966621399,40.0,12.0,0.05999999865889549,0.1080000028014183,0.10999999940395355,0.2090281844139099,1.1893571615219116,273.5218505859375,0.5744675397872925,231.88092041015625,210.75442504882812,1.8632363080978394,0.30997374653816223,300.0,0.257806661725044
20240115.0,1.409999966621399,40.0,12.0,0.05999999865889549,0.1080000028014183,0.10999999940395355,0.2090281844139099,1.1893571615219116,273.02264404296875,0.5753950476646423,239.7369384765625,217.13861083984375,2.451155185699463,0.43728408217430115,300.0,0.260965788050702
20240122.0,1.409999966621399,40.0,12.0,0.05999999865889549,0.1080000028014183,0.10999999940395355,0.2090281844139099,1.1893571615219116,280.6966857910156,0.5734022259712219,228.87635803222656,207.11886596679688,7.835501194000244,1.5764955282211304,300.0,0.283987499773502
20240123.0,1.409999966621399,40.0,12.0,0.05999999865889549,0.1080000028014183,0.10999999940395355,0.2090281844139099,1.1893571615219116,279.2239685058594,0.5734866261482239,228.49398803710938,204.81298828125,2.6073827743530273,1.1542829275131226,300.0,0.277289584899942
20240125.0,1.409999966621399,40.0,12.0,0.05999999865889549,0.1080000028014183,0.10999999940395355,0.2090281844139099,1.1893571615219116,279.2230529785156,0.5736554265022278,229.02415466308594,203.68812561035156,1.3834872245788574,0.24799978733062744,300.0,0.26892083324492
20240127.0,1.409999966621399,40.0,12.0,0.05999999865889549,0.1080000028014183,0.10999999940395355,0.2090281844139099,1.1893571615219116,275.0574645996094,0.6166369915008545,226.24691772460938,197.85635375976562,0.0,0.41716450452804565,300.0,0.273703331748645
20240128.0,1.409999966621399,40.0,12.0,0.05999999865889549,0.1080000028014183,0.10999999940395355,0.2090281844139099,1.1893571615219116,276.4009094238281,0.6386733651161194,228.21157836914062,203.41018676757812,0.00043511379044502974,0.6327676773071289,300.0,0.270065909759565
20240130.0,1.409999966621399,40.0,12.0,0.05999999865889549,0.1080000028014183,0.10999999940395355,0.2090281844139099,1.1893571615219116,281.35736083984375,0.6859422922134399,231.55435180664062,206.8575439453125,0.19420258700847626,0.4460940659046173,300.0,0.263689583788315
20240131.0,1.409999966621399,40.0,12.0,0.05999999865889549,0.1080000028014183,0.10999999940395355,0.2090281844139099,1.1893571615219116,279.3106689453125,0.7094585299491882,231.285400390625,209.57794189453125,0.10523271560668945,0.5308563709259033,300.0,0.261329168453813
20240202.0,1.409999966621399,40.0,12.0,0.05999999865889549,0.1080000028014183,0.10999999940395355,0.2090281844139099,1.1893571615219116,279.27325439453125,0.7576158046722412,231.625244140625,205.14129638671875,0.20877069234848022,0.513221025466919,300.0,0.266835415114959
20240204.0,1.409999966621399,40.0,12.0,0.05999999865889549,0.1080000028014183,0.10999999940395355,0.2090281844139099,1.1893571615219116,282.4886779785156,0.776425302028656,233.96554565429688,208.050537109375,2.3176076412200928,0.826363742351532,300.0,0.277966666966677
20240205.0,1.409999966621399,40.0,12.0,0.05999999865889549,0.1080000028014183,0.10999999940395355,0.2090281844139099,1.1893571615219116,281.8861083984375,0.785912275314331,233.4071044921875,210.102294921875,0.25867560505867004,0.8245201706886292,300.0,0.27488541478912
20240207.0,1.409999966621399,40.0,12.0,0.05999999865889549,0.1080000028014183,0.10999999940395355,0.2090281844139099,1.1893571615219116,278.1407470703125,0.8039658665657043,226.30487060546875,201.22616577148438,17.73421859741211,1.0206645727157593,300.0,0.296483329807719
20240208.0,1.409999966621399,40.0,12.0,0.05999999865889549,0.1080000028014183,0.10999999940395355,0.2090281844139099,1.1893571615219116,277.8813171386719,0.8109449744224548,229.88668823242188,205.62167358398438,12.997333526611328,0.6048773527145386,300.0,0.295879166573286
20240210.0,1.409999966621399,40.0,12.0,0.05999999865889549,0.1080000028014183,0.10999999940395355,0.2090281844139099,1.1893571615219116,282.59466552734375,0.8308212757110596,227.81370544433594,204.02798461914062,2.276271104812622,0.5571848750114441,300.0,0.286202082410455
20240212.0,1.409999966621399,40.0,12.0,0.05999999865889549,0.1080000028014183,0.10999999940395355,0.2090281844139099,1.1893571615219116,279.4119873046875,0.7439427375793457,230.45468139648438,204.99618530273438,1.8927838802337646,0.7803162336349487,300.0,0.276785417770346
20240213.0,1.409999966621399,40.0,12.0,0.05999999865889549,0.1080000028014183,0.10999999940395355,0.2090281844139099,1.1893571615219116,278.18414306640625,0.7022155523300171,230.59671020507812,204.49993896484375,0.949414849281311,0.9489443302154541,300.0,0.272277083868782
20240215.0,1.409999966621399,40.0,12.0,0.05999999865889549,0.1080000028014183,0.10999999940395355,0.2090281844139099,1.1893571615219116,284.44012451171875,0.6219635009765625,232.44692993164062,209.27053833007812,5.791073799133301,0.8981001973152161,300.0,0.278064581876
20240216.0,1.409999966621399,40.0,12.0,0.05999999865889549,0.1080000028014183,0.10999999940395355,0.2090281844139099,1.1893571615219116,283.7237243652344,0.585175633430481,233.42282104492188,206.11456298828125,1.5395110845565796,0.9131365418434143,300.0,0.276393748819828
20240218.0,1.409999966621399,40.0,12.0,0.05999999865889549,0.1080000028014183,0.10999999940395355,0.2090281844139099,1.1893571615219116,281.49114990234375,0.5147559642791748,232.25648498535156,209.8564453125,10.13800048828125,1.5220156908035278,300.0,0.271489582334956
20240220.0,1.409999966621399,40.0,12.0,0.05999999865889549,0.1080000028014183,0.10999999940395355,0.2090281844139099,1.1893571615219116,280.4892272949219,0.5154435634613037,232.45172119140625,205.97216796875,0.7977413535118103,0.9829867482185364,300.0,0.2737479172647
20240221.0,1.409999966621399,40.0,12.0,0.05999999865889549,0.1080000028014183,0.10999999940395355,0.2090281844139099,1.1893571615219116,281.70745849609375,0.5157874226570129,233.19378662109375,205.73081970214844,7.252801418304443,1.3863506317138672,300.0,0.270081247513493
20240223.0,1.409999966621399,40.0,12.0,0.05999999865889549,0.1080000028014183,0.10999999940395355,0.2090281844139099,1.1893571615219116,279.18560791015625,0.5195487141609192,227.4375,203.6702117919922,0.6923841238021851,1.4218158721923828,300.0,0.291618750741084
20240224.0,1.409999966621399,40.0,12.0,0.05999999865889549,0.1080000028014183,0.10999999940395355,0.2090281844139099,1.1893571615219116,277.8714904785156,0.5212017297744751,229.3580322265625,203.0790252685547,3.0264599323272705,1.347460150718689,300.0,0.281752084071438
20240226.0,1.409999966621399,40.0,12.0,0.05999999865889549,0.1080000028014183,0.10999999940395355,0.2090281844139099,1.1893571615219116,278.1578369140625,0.5245152115821838,227.9268798828125,204.8612060546875,16.267393112182617,1.545837163925171,300.0,0.291070831318696
20240228.0,1.409999966621399,40.0,12.0,0.05999999865889549,0.1080000028014183,0.10999999940395355,0.2090281844139099,1.1893571615219116,277.1964416503906,0.5219249725341797,229.96908569335938,203.3238525390625,0.005847531836479902,0.4832548499107361,300.0,0.280883334931873
20240302.0,1.409999966621399,40.0,12.0,0.05999999865889549,0.1080000028014183,0.10999999940395355,0.2090281844139099,1.1893571615219116,282.53289794921875,0.5178278684616089,231.38479614257812,207.50772094726562,0.604508101940155,1.2657232284545898,300.0,0.267070832972725
20240303.0,1.409999966621399,40.0,12.0,0.05999999865889549,0.1080000028014183,0.10999999940395355,0.2090281844139099,1.1893571615219116,283.7900695800781,0.5161631107330322,235.53187561035156,207.08726501464844,0.03289073333144188,1.2469053268432617,300.0,0.263445834318797
20240305.0,1.409999966621399,40.0,12.0,0.05999999865889549,0.1080000028014183,0.10999999940395355,0.2090281844139099,1.1893571615219116,280.47845458984375,0.5128412842750549,236.57083129882812,214.63055419921875,2.443983554840088,0.8834643959999084,300.0,0.258602080866694
20240307.0,1.409999966621399,40.0,12.0,0.05999999865889549,0.1080000028014183,0.10999999940395355,0.2090281844139099,1.1893571615219116,279.50726318359375,0.4972709119319916,234.83096313476562,211.0171661376953,0.018363121896982193,1.0329265594482422,300.0,0.255291668698192
20240308.0,1.409999966621399,40.0,12.0,0.05999999865889549,0.1080000028014183,0.10999999940395355,0.2090281844139099,1.1893571615219116,279.34368896484375,0.48956915736198425,233.35227966308594,208.294921875,0.00043511379044502974,1.4669075012207031,300.0,0.252464584074914
20240310.0,1.409999966621399,40.0,12.0,0.05999999865889549,0.1080000028014183,0.10999999940395355,0.2090281844139099,1.1893571615219116,283.8262939453125,0.4737994372844696,237.09320068359375,211.60032653808594,1.15461003780365,1.5077296495437622,300.0,0.245993749548992
20240311.0,1.409999966621399,40.0,12.0,0.05999999865889549,0.1080000028014183,0.10999999940395355,0.2090281844139099,1.1893571615219116,280.662109375,0.46607083082199097,234.9825439453125,207.51026916503906,22.29806900024414,1.036811351776123,300.0,0.295268748886883
20240313.0,1.409999966621399,40.0,12.0,0.05999999865889549,0.1080000028014183,0.10999999940395355,0.2090281844139099,1.1893571615219116,283.43963623046875,0.45078930258750916,231.18115234375,208.72154235839844,2.572622776031494,0.6546619534492493,300.0,0.296658334011833
20240315.0,1.409999966621399,40.0,12.0,0.05999999865889549,0.1080000028014183,0.10999999940395355,0.2090281844139099,1.1893571615219116,284.89715576171875,0.4379136562347412,234.98233032226562,207.6564178466797,3.5425493717193604,1.603121042251587,300.0,0.280320833747586
20240316.0,1.409999966621399,40.0,12.0,0.05999999865889549,0.1080000028014183,0.10999999940395355,0.2090281844139099,1.1893571615219116,281.60888671875,0.431539922952652,235.34994506835938,210.8448944091797,0.8326455950737,1.2071574926376343,300.0,0.282879167546829
20240318.0,1.409999966621399,40.0,12.0,0.05999999865889549,0.1080000028014183,0.10999999940395355,0.2090281844139099,1.1893571615219116,283.95294189453125,0.41900864243507385,235.50653076171875,212.39794921875,1.0683931112289429,1.2738425731658936,300.0,0.278772918507457
20240319.0,1.409999966621399,40.0,12.0,0.05999999865889549,0.1080000028014183,0.10999999940395355,0.2090281844139099,1.1893571615219116,283.853759765625,0.412851482629776,237.56951904296875,211.60606384277344,0.09819763153791428,1.0264972448349,300.0,0.273597916588187
20240321.0,1.409999966621399,40.0,12.0,0.05999999865889549,0.1080000028014183,0.10999999940395355,0.2090281844139099,1.1893571615219116,283.0514831542969,0.4005350172519684,241.00277709960938,217.14431762695312,0.6000595688819885,0.975700318813324,300.0,0.264329163357615
20240324.0,1.409999966621399,40.0,12.0,0.05999999865889549,0.1080000028014183,0.10999999940395355,0.2090281844139099,1.1893571615219116,278.92022705078125,0.3858672082424164,235.10220336914062,208.21331787109375,6.959252834320068,2.3954062461853027,300.0,0.289281250288089
20240326.0,1.409999966621399,40.0,12.0,0.05999999865889549,0.1080000028014183,0.10999999940395355,0.2090281844139099,1.1893571615219116,282.7602233886719,0.376250684261322,235.0838623046875,211.56753540039062,0.10061121731996536,1.5064517259597778,300.0,0.276341665536165
20240327.0,1.409999966621399,40.0,12.0,0.05999999865889549,0.1080000028014183,0.10999999940395355,0.2090281844139099,1.1893571615219116,281.62713623046875,0.37130436301231384,239.7333984375,215.08377075195312,2.860938310623169,1.361253023147583,300.0,0.271864581853151
20240329.0,1.409999966621399,40.0,12.0,0.05999999865889549,0.1080000028014183,0.10999999940395355,0.2090281844139099,1.1893571615219116,283.23779296875,0.3615003526210785,237.6829833984375,217.39492797851562,6.801887512207031,1.8614028692245483,300.0,0.267258334284027
20240331.0,1.409999966621399,40.0,12.0,0.05999999865889549,0.1080000028014183,0.10999999940395355,0.2090281844139099,1.1893571615219116,284.1410827636719,0.3439275622367859,241.59010314941406,218.39784240722656,2.3391125202178955,1.873896837234497,300.0,0.262649999310573
20240401.0,1.409999966621399,40.0,12.0,0.05999999865889549,0.1080000028014183,0.10999999940395355,0.2090281844139099,1.1893571615219116,282.46484375,0.3352887034416199,237.73764038085938,216.01809692382812,5.620689868927002,1.2528457641601562,300.0,0.276856250440081
20240403.0,1.409999966621399,40.0,12.0,0.05999999865889549,0.1080000028014183,0.10999999940395355,0.2090281844139099,1.1893571615219116,283.3321228027344,0.31790605187416077,241.53639221191406,220.57135009765625,4.981715202331543,1.8511193990707397,300.0,0.274362499515216
20240404.0,1.409999966621399,40.0,12.0,0.05999999865889549,0.1080000028014183,0.10999999940395355,0.2090281844139099,1.1893571615219116,284.7720031738281,0.3098645806312561,242.32040405273438,216.06494140625,9.928224563598633,2.247140407562256,300.0,0.291602084413171
20240406.0,1.409999966621399,40.0,12.0,0.05999999865889549,0.1080000028014183,0.10999999940395355,0.2090281844139099,1.1893571615219116,290.8412170410156,0.2940559983253479,241.24681091308594,220.34857177734375,0.28863412141799927,3.4120802879333496,300.0,0.279749998822808
20240408.0,1.409999966621399,40.0,12.0,0.05999999865889549,0.1080000028014183,0.10999999940395355,0.2090281844139099,1.1893571615219116,290.30853271484375,0.29989326000213623,246.6288299560547,221.97207641601562,1.516412615776062,2.521108388900757,300.0,0.266437498852611
20240409.0,1.409999966621399,40.0,12.0,0.05999999865889549,0.1080000028014183,0.10999999940395355,0.2090281844139099,1.1893571615219116,285.47906494140625,0.30283084511756897,246.54339599609375,224.621337890625,0.9030866026878357,2.3867297172546387,300.0,0.263127081717054
20240411.0,1.409999966621399,40.0,12.0,0.05999999865889549,0.1080000028014183,0.10999999940395355,0.2090281844139099,1.1893571615219116,285.9100036621094,0.30969709157943726,248.45468139648438,223.541015625,0.19824935495853424,1.441030502319336,300.0,0.254974999154607
20240412.0,1.409999966621399,40.0,12.0,0.05999999865889549,0.1080000028014183,0.10999999940395355,0.2090281844139099,1.1893571615219116,289.1705017089844,0.3132344186306,255.36215209960938,228.07537841796875,0.15618059039115906,1.9719303846359253,300.0,0.251383333156506
20240414.0,1.409999966621399,40.0,12.0,0.05999999865889549,0.1080000028014183,0.10999999940395355,0.2090281844139099,1.1893571615219116,287.0950927734375,0.32036253809928894,253.94833374023438,233.58749389648438,2.1322319507598877,2.422708511352539,300.0,0.241114583176871
20240416.0,1.409999966621399,40.0,12.0,0.05999999865889549,0.1080000028014183,0.10999999940395355,0.2090281844139099,1.1893571615219116,280.25970458984375,0.33271491527557373,243.65032958984375,220.1549072265625,12.895049095153809,2.6311471462249756,300.0,0.270502084245284
20240417.0,1.409999966621399,40.0,12.0,0.05999999865889549,0.1080000028014183,0.10999999940395355,0.2090281844139099,1.1893571615219116,279.7725830078125,0.33896929025650024,239.0931396484375,218.48983764648438,6.7813873291015625,2.2617437839508057,300.0,0.295260415722926
20240419.0,1.409999966621399,40.0,12.0,0.05999999865889549,0.1080000028014183,0.10999999940395355,0.2090281844139099,1.1893571615219116,281.0154113769531,0.35194656252861023,239.5552978515625,218.0976104736328,14.273722648620605,2.8881711959838867,300.0,0.291170835494995
20240420.0,1.409999966621399,40.0,12.0,0.05999999865889549,0.1080000028014183,0.10999999940395355,0.2090281844139099,1.1893571615219116,280.8962707519531,0.35791656374931335,242.2288360595703,217.6085205078125,4.817652225494385,2.6373372077941895,300.0,0.293822917466362
20240422.0,1.409999966621399,40.0,12.0,0.05999999865889549,0.1080000028014183,0.10999999940395355,0.2090281844139099,1.1893571615219116,279.5094299316406,0.369992196559906,241.8891143798828,220.4627685546875,3.9381656646728516,2.0504932403564453,300.0,0.290202084928751
20240424.0,1.409999966621399,40.0,12.0,0.05999999865889549,0.1080000028014183,0.10999999940395355,0.2090281844139099,1.1893571615219116,279.9770202636719,0.35505586862564087,243.54989624023438,222.62222290039062,4.328860759735107,2.735755205154419,300.0,0.29412708307306
20240425.0,1.409999966621399,40.0,12.0,0.05999999865889549,0.1080000028014183,0.10999999940395355,0.2090281844139099,1.1893571615219116,280.76690673828125,0.3476916551589966,245.5604248046875,220.4261474609375,1.1195073127746582,2.2633700370788574,300.0,0.299908332526684
20240427.0,1.409999966621399,40.0,12.0,0.05999999865889549,0.1080000028014183,0.10999999940395355,0.2090281844139099,1.1893571615219116,284.9805603027344,0.3320375382900238,248.432373046875,224.87962341308594,2.3059327602386475,2.704535484313965,300.0,0.280222917596499
20240428.0,1.409999966621399,40.0,12.0,0.05999999865889549,0.1080000028014183,0.10999999940395355,0.2090281844139099,1.1893571615219116,287.1881103515625,0.32427430152893066,254.08355712890625,227.20480346679688,0.44489017128944397,2.9690868854522705,300.0,0.273072914530834
20240430.0,1.409999966621399,40.0,12.0,0.05999999865889549,0.1080000028014183,0.10999999940395355,0.2090281844139099,1.1893571615219116,290.52001953125,0.3092414140701294,255.40415954589844,234.3665313720703,1.7463712692260742,3.2048730850219727,300.0,0.256697917357087
20240502.0,1.409999966621399,40.0,12.0,0.05999999865889549,0.1080000028014183,0.10999999940395355,0.2090281844139099,1.1893571615219116,291.9290466308594,0.2900084853172302,258.1733093261719,235.86770629882812,19.220911026000977,3.320589303970337,300.0,0.266097917531927
20240503.0,1.409999966621399,40.0,12.0,0.05999999865889549,0.1080000028014183,0.10999999940395355,0.2090281844139099,1.1893571615219116,284.9133605957031,0.2805964946746826,241.26315307617188,218.22393798828125,10.868185043334961,2.3755881786346436,300.0,0.315160415445765
20240505.0,1.409999966621399,40.0,12.0,0.05999999865889549,0.1080000028014183,0.10999999940395355,0.2090281844139099,1.1893571615219116,285.7554626464844,0.2621591091156006,242.77220153808594,219.28561401367188,0.4751228392124176,2.3566908836364746,300.0,0.297662500292063
20240506.0,1.409999966621399,40.0,12.0,0.05999999865889549,0.1080000028014183,0.10999999940395355,0.2090281844139099,1.1893571615219116,286.96624755859375,0.2533082962036133,250.27288818359375,220.56166076660156,10.930299758911133,1.7216943502426147,300.0,0.29104166602095
20240508.0,1.409999966621399,40.0,12.0,0.05999999865889549,0.1080000028014183,0.10999999940395355,0.2090281844139099,1.1893571615219116,287.0935974121094,0.23600150644779205,247.98739624023438,222.72543334960938,0.805818498134613,2.288459300994873,300.0,0.293047916144133
20240510.0,1.409999966621399,40.0,12.0,0.05999999865889549,0.1080000028014183,0.10999999940395355,0.2090281844139099,1.1893571615219116,289.3740234375,0.2262054979801178,250.64675903320312,223.38958740234375,0.02014828659594059,3.113354444503784,300.0,0.270868748426437
20240511.0,1.409999966621399,40.0,12.0,0.05999999865889549,0.1080000028014183,0.10999999940395355,0.2090281844139099,1.1893571615219116,290.7637634277344,0.22137394547462463,254.28271484375,231.29078674316406,0.0,3.5535852909088135,300.0,0.259227082754175
20240513.0,1.409999966621399,40.0,12.0,0.05999999865889549,0.1080000028014183,0.10999999940395355,0.2090281844139099,1.1893571615219116,292.74346923828125,0.21206794679164886,260.36822509765625,237.4391632080078,0.5661643147468567,3.3221323490142822,300.0,0.234747917701801
20240514.0,1.409999966621399,40.0,12.0,0.05999999865889549,0.1080000028014183,0.10999999940395355,0.2090281844139099,1.1893571615219116,292.8495788574219,0.20804627239704132,262.2137451171875,239.39146423339844,0.4362775981426239,3.926063299179077,300.0,0.223231250730654
20240516.0,1.409999966621399,40.0,12.0,0.05999999865889549,0.1080000028014183,0.10999999940395355,0.2090281844139099,1.1893571615219116,289.96356201171875,0.2000999003648758,253.43505859375,229.99539184570312,8.320694923400879,2.6888492107391357,300.0,0.26499361782632
20240518.0,1.409999966621399,40.0,12.0,0.05999999865889549,0.1080000028014183,0.10999999940395355,0.2090281844139099,1.1893571615219116,290.29345703125,0.21831963956356049,253.11166381835938,227.60987854003906,3.7260587215423584,3.216944694519043,300.0,0.289218749230107
20240519.0,1.409999966621399,40.0,12.0,0.05999999865889549,0.1080000028014183,0.10999999940395355,0.2090281844139099,1.1893571615219116,288.76470947265625,0.22767964005470276,250.50003051757812,226.34515380859375,9.465970993041992,2.8417611122131348,300.0,0.30759166367352
20240521.0,1.409999966621399,40.0,12.0,0.05999999865889549,0.1080000028014183,0.10999999940395355,0.2090281844139099,1.1893571615219116,290.259033203125,0.24821752309799194,254.24411010742188,229.31240844726562,23.909704208374023,2.572319507598877,300.0,0.301489361423127
20240522.0,1.409999966621399,40.0,12.0,0.05999999865889549,0.1080000028014183,0.10999999940395355,0.2090281844139099,1.1893571615219116,289.10552978515625,0.25817424058914185,247.849609375,220.75946044921875,0.7957043647766113,3.181211471557617,300.0,0.310527082532644
20240524.0,1.409999966621399,40.0,12.0,0.05999999865889549,0.1080000028014183,0.10999999940395355,0.2090281844139099,1.1893571615219116,286.8284606933594,0.2785951793193817,250.84376525878906,227.84901428222656,15.545618057250977,1.0980075597763062,300.0,0.334570212567106
20240526.0,1.409999966621399,40.0,12.0,0.05999999865889549,0.1080000028014183,0.10999999940395355,0.2090281844139099,1.1893571615219116,289.8343505859375,0.27340924739837646,248.45672607421875,217.43386840820312,3.026656150817871,3.276836633682251,300.0,0.292174999291698
20240527.0,1.409999966621399,40.0,12.0,0.05999999865889549,0.1080000028014183,0.10999999940395355,0.2090281844139099,1.1893571615219116,288.6159362792969,0.2708321809768677,251.41586303710938,225.07785034179688,10.051959037780762,2.8680155277252197,300.0,0.285383333762487
20240529.0,1.409999966621399,40.0,12.0,0.05999999865889549,0.1080000028014183,0.10999999940395355,0.2090281844139099,1.1893571615219116,287.6927795410156,0.26457929611206055,245.5501708984375,221.3802490234375,8.127055168151855,2.460386276245117,300.0,0.313208334768812
20240530.0,1.409999966621399,40.0,12.0,0.05999999865889549,0.1080000028014183,0.10999999940395355,0.2090281844139099,1.1893571615219116,288.1814270019531,0.26157841086387634,247.77688598632812,221.61343383789062,3.804253578186035,3.1168930530548096,300.0,0.307743749270837
20240601.0,1.409999966621399,40.0,12.0,0.05999999865889549,0.1080000028014183,0.10999999940395355,0.2090281844139099,1.1893571615219116,289.3276062011719,0.2556212246417999,247.6529541015625,224.66079711914062,5.880795478820801,1.954554557800293,300.0,0.28883541872104
20240603.0,1.409999966621399,40.0,12.0,0.05999999865889549,0.1080000028014183,0.10999999940395355,0.2090281844139099,1.1893571615219116,287.3473205566406,0.2525945007801056,251.32192993164062,224.37255859375,0.1873486489057541,2.0307669639587402,300.0,0.275199998791019
20240604.0,1.409999966621399,40.0,12.0,0.05999999865889549,0.1080000028014183,0.10999999940395355,0.2090281844139099,1.1893571615219116,289.98480224609375,0.25108692049980164,253.85064697265625,228.1834716796875,0.4023735821247101,2.878497362136841,300.0,0.268104165171583
20240606.0,1.409999966621399,40.0,12.0,0.05999999865889549,0.1080000028014183,0.10999999940395355,0.2090281844139099,1.1893571615219116,287.3460388183594,0.24815744161605835,252.88232421875,231.39846801757812,0.10192171484231949,3.2916605472564697,300.0,0.257589584216475
20240607.0,1.409999966621399,40.0,12.0,0.05999999865889549,0.1080000028014183,0.10999999940395355,0.2090281844139099,1.1893571615219116,288.27825927734375,0.24708452820777893,261.68212890625,235.91175842285156,0.007053597830235958,3.628878355026245,300.0,0.250229169614613
20240609.0,1.409999966621399,40.0,12.0,0.05999999865889549,0.1080000028014183,0.10999999940395355,0.2090281844139099,1.1893571615219116,288.1998596191406,0.24390800297260284,259.629638671875,237.4630584716797,0.0,4.0397629737854,300.0,0.235024999516706
20240611.0,1.409999966621399,40.0,12.0,0.05999999865889549,0.1080000028014183,0.10999999940395355,0.2090281844139099,1.1893571615219116,286.0036926269531,0.26032528281211853,255.01409912109375,229.11285400390625,1.249467134475708,3.4274768829345703,300.0,0.236091665302714
20240612.0,1.409999966621399,40.0,12.0,0.05999999865889549,0.1080000028014183,0.10999999940395355,0.2090281844139099,1.1893571615219116,286.0145568847656,0.26870712637901306,256.7681579589844,234.37744140625,0.9154115915298462,3.0320868492126465,300.0,0.230949999454121
20240614.0,1.409999966621399,40.0,12.0,0.05999999865889549,0.1080000028014183,0.10999999940395355,0.2090281844139099,1.1893571615219116,288.2275085449219,0.2858778238296509,261.3775634765625,241.93045043945312,2.423903226852417,2.0712969303131104,300.0,0.219043750315905
20240615.0,1.409999966621399,40.0,12.0,0.05999999865889549,0.1080000028014183,0.10999999940395355,0.2090281844139099,1.1893571615219116,287.89215087890625,0.2941760718822479,253.49124145507812,231.9190673828125,4.160250186920166,4.133265495300293,300.0,0.225658333860338
20240617.0,1.409999966621399,40.0,12.0,0.05999999865889549,0.1080000028014183,0.10999999940395355,0.2090281844139099,1.1893571615219116,290.3503112792969,0.3110857307910919,254.6732635498047,233.95632934570312,1.3862515687942505,2.9097907543182373,300.0,0.254370833126207
20240619.0,1.409999966621399,40.0,12.0,0.05999999865889549,0.1080000028014183,0.10999999940395355,0.2090281844139099,1.1893571615219116,290.282470703125,0.3067984879016876,249.18136596679688,226.04156494140625,0.3800344467163086,3.416254758834839,300.0,0.305872915312648
20240620.0,1.409999966621399,40.0,12.0,0.05999999865889549,0.1080000028014183,0.10999999940395355,0.2090281844139099,1.1893571615219116,290.27044677734375,0.30466482043266296,254.13119506835938,228.08995056152344,3.0251879692077637,2.576335906982422,300.0,0.288110418866078
20240622.0,1.409999966621399,40.0,12.0,0.05999999865889549,0.1080000028014183,0.10999999940395355,0.2090281844139099,1.1893571615219116,289.9874572753906,0.2994844615459442,250.69400024414062,230.1995086669922,0.03407038748264313,3.2068264484405518,300.0,0.289854167029262
20240623.0,1.409999966621399,40.0,12.0,0.05999999865889549,0.1080000028014183,0.10999999940395355,0.2090281844139099,1.1893571615219116,291.7086486816406,0.29695549607276917,254.28224182128906,231.05177307128906,0.3211666941642761,3.422194242477417,300.0,0.279202084367474
20240625.0,1.409999966621399,40.0,12.0,0.05999999865889549,0.1080000028014183,0.10999999940395355,0.2090281844139099,1.1893571615219116,295.1963195800781,0.2919260263442993,262.3189392089844,240.117919921875,0.001710653305053711,4.813920497894287,300.0,0.255337499082088
20240627.0,1.409999966621399,40.0,12.0,0.05999999865889549,0.1080000028014183,0.10999999940395355,0.2090281844139099,1.1893571615219116,296.6339111328125,0.28763318061828613,267.70391845703125,244.21572875976562,0.031612031161785126,4.470827102661133,300.0,0.228437501005828
20240628.0,1.409999966621399,40.0,12.0,0.05999999865889549,0.1080000028014183,0.10999999940395355,0.2090281844139099,1.1893571615219116,292.34197998046875,0.2854973077774048,265.6576232910156,242.97293090820312,0.009586196392774582,4.22484016418457,300.0,0.218689582931499
20240630.0,1.409999966621399,40.0,12.0,0.05999999865889549,0.1080000028014183,0.10999999940395355,0.2090281844139099,1.1893571615219116,291.7769775390625,0.2812567949295044,252.1165771484375,231.2580108642578,6.791444301605225,3.3307478427886963,300.0,0.314387500906984
20240703.0,1.409999966621399,40.0,12.0,0.05999999865889549,0.1080000028014183,0.10999999940395355,0.2090281844139099,1.1893571615219116,286.75,0.2753947675228119,255.04470825195312,230.909912109375,4.578713417053223,2.374706268310547,300.0,0.297339582194885
20240705.0,1.409999966621399,40.0,12.0,0.05999999865889549,0.1080000028014183,0.10999999940395355,0.2090281844139099,1.1893571615219116,287.7940368652344,0.2783015966415405,256.1051940917969,229.79991149902344,1.1609268188476562,1.2452327013015747,300.0,0.286608333388964
20240706.0,1.409999966621399,40.0,12.0,0.05999999865889549,0.1080000028014183,0.10999999940395355,0.2090281844139099,1.1893571615219116,291.1015625,0.2797599136829376,257.11102294921875,236.40182495117188,0.1272505521774292,3.775137424468994,300.0,0.279097915316621
20240708.0,1.409999966621399,40.0,12.0,0.05999999865889549,0.1080000028014183,0.10999999940395355,0.2090281844139099,1.1893571615219116,291.3121032714844,0.2830100655555725,259.07598876953125,241.02908325195312,0.09244702011346817,3.075515031814575,300.0,0.258022915571928
20240709.0,1.409999966621399,40.0,12.0,0.05999999865889549,0.1080000028014183,0.10999999940395355,0.2090281844139099,1.1893571615219116,295.63323974609375,0.28448110818862915,267.30865478515625,242.41392517089844,7.208983898162842,4.3491997718811035,300.0,0.247587501071393
20240711.0,1.409999966621399,40.0,12.0,0.05999999865889549,0.1080000028014183,0.10999999940395355,0.2090281844139099,1.1893571615219116,292.88067626953125,0.2874331772327423,260.391845703125,238.99685668945312,0.15332555770874023,4.000599384307861,300.0,0.251368748955429
20240713.0,1.409999966621399,40.0,12.0,0.05999999865889549,0.1080000028014183,0.10999999940395355,0.2090281844139099,1.1893571615219116,288.71282958984375,0.2835777699947357,253.05862426757812,230.41470336914062,1.0969743728637695,2.9918997287750244,300.0,0.305868751058976
20240714.0,1.409999966621399,40.0,12.0,0.05999999865889549,0.1080000028014183,0.10999999940395355,0.2090281844139099,1.1893571615219116,290.5926818847656,0.28165867924690247,256.1927490234375,232.9815673828125,0.05896122381091118,3.6758289337158203,300.0,0.289714585368832
20240716.0,1.409999966621399,40.0,12.0,0.05999999865889549,0.1080000028014183,0.10999999940395355,0.2090281844139099,1.1893571615219116,291.991455078125,0.27751725912094116,260.76153564453125,240.2412109375,5.670783042907715,4.000362873077393,300.0,0.278679167230924
20240717.0,1.409999966621399,40.0,12.0,0.05999999865889549,0.1080000028014183,0.10999999940395355,0.2090281844139099,1.1893571615219116,292.5896301269531,0.27564144134521484,263.74957275390625,238.84942626953125,0.9198655486106873,3.494356632232666,300.0,0.278877081349492
20240719.0,1.409999966621399,40.0,12.0,0.05999999865889549,0.1080000028014183,0.10999999940395355,0.2090281844139099,1.1893571615219116,296.16595458984375,0.2714427709579468,262.876708984375,245.91815185546875,0.017198961228132248,3.8245441913604736,300.0,0.254202084615827
20240721.0,1.409999966621399,40.0,12.0,0.05999999865889549,0.1080000028014183,0.10999999940395355,0.2090281844139099,1.1893571615219116,295.9380187988281,0.2759362757205963,261.71234130859375,241.93447875976562,2.8096671104431152,3.374358892440796,300.0,0.302666666607062
20240722.0,1.409999966621399,40.0,12.0,0.05999999865889549,0.1080000028014183,0.10999999940395355,0.2090281844139099,1.1893571615219116,293.3882141113281,0.2781951129436493,262.06011962890625,243.72836303710938,0.4411923289299011,3.2524726390838623,300.0,0.285106251637141
20240724.0,1.409999966621399,40.0,12.0,0.05999999865889549,0.1080000028014183,0.10999999940395355,0.2090281844139099,1.1893571615219116,291.94537353515625,0.2827608287334442,260.2708740234375,243.951416015625,1.2297024726867676,3.561166763305664,300.0,0.265687500437101
20240725.0,1.409999966621399,40.0,12.0,0.05999999865889549,0.1080000028014183,0.10999999940395355,0.2090281844139099,1.1893571615219116,292.66375732421875,0.28487643599510193,263.7127685546875,244.88845825195312,1.143581748008728,3.372648000717163,300.0,0.256491666349272
20240727.0,1.409999966621399,40.0,12.0,0.05999999865889549,0.1080000028014183,0.10999999940395355,0.2090281844139099,1.1893571615219116,293.1695556640625,0.2891283333301544,262.98028564453125,246.7644805908203,4.05422830581665,2.1085612773895264,300.0,0.255122918014725
20240729.0,1.409999966621399,40.0,12.0,0.05999999865889549,0.1080000028014183,0.10999999940395355,0.2090281844139099,1.1893571615219116,294.022216796875,0.28522399067878723,265.6646728515625,245.9713134765625,0.0021427867468446493,4.216584205627441,300.0,0.239718749808768
20240730.0,1.409999966621399,40.0,12.0,0.05999999865889549,0.1080000028014183,0.10999999940395355,0.2090281844139099,1.1893571615219116,297.1281433105469,0.2832805812358856,265.8418273925781,251.48727416992188,0.000852346362080425,4.3292131423950195,300.0,0.227689582854509
20240801.0,1.409999966621399,40.0,12.0,0.05999999865889549,0.1080000028014183,0.10999999940395355,0.2090281844139099,1.1893571615219116,293.4752502441406,0.2790468633174896,266.47784423828125,249.9803466796875,11.065705299377441,1.746331810951233,300.0,0.232202084114154
20240802.0,1.409999966621399,40.0,12.0,0.05999999865889549,0.1080000028014183,0.10999999940395355,0.2090281844139099,1.1893571615219116,294.6762390136719,0.27701643109321594,262.84014892578125,244.1602325439453,0.2042543888092041,3.200303077697754,300.0,0.240433333752056
20240804.0,1.409999966621399,40.0,12.0,0.05999999865889549,0.1080000028014183,0.10999999940395355,0.2090281844139099,1.1893571615219116,292.01885986328125,0.27297502756118774,259.2265625,245.3705291748047,1.4286272525787354,2.415290355682373,300.0,0.230737498650948
20240806.0,1.409999966621399,40.0,12.0,0.05999999865889549,0.1080000028014183,0.10999999940395355,0.2090281844139099,1.1893571615219116,295.3848571777344,0.27183395624160767,264.58612060546875,248.99038696289062,0.0018251064466312528,3.5319173336029053,300.0,0.217468749731779
20240807.0,1.409999966621399,40.0,12.0,0.05999999865889549,0.1080000028014183,0.10999999940395355,0.2090281844139099,1.1893571615219116,293.0731506347656,0.2712641656398773,268.004638671875,254.91799926757812,5.0156331062316895,2.4828569889068604,300.0,0.213687501226862
20240812.0,1.409999966621399,40.0,12.0,0.05999999865889549,0.1080000028014183,0.10999999940395355,0.2090281844139099,1.1893571615219116,298.548583984375,0.26879915595054626,268.4617919921875,258.060546875,0.0008722859201952815,3.857151508331299,300.0,0.189693748640517
20240814.0,1.409999966621399,40.0,12.0,0.05999999865889549,0.1080000028014183,0.10999999940395355,0.2090281844139099,1.1893571615219116,294.14215087890625,0.26906099915504456,263.19610595703125,245.9390869140625,13.557799339294434,2.168416738510132,300.0,0.282699999089042
20240815.0,1.409999966621399,40.0,12.0,0.05999999865889549,0.1080000028014183,0.10999999940395355,0.2090281844139099,1.1893571615219116,294.8162536621094,0.26919206976890564,261.527099609375,246.40155029296875,0.12276295572519302,3.108609199523926,300.0,0.276820832242568
20240817.0,1.409999966621399,40.0,12.0,0.05999999865889549,0.1080000028014183,0.10999999940395355,0.2090281844139099,1.1893571615219116,294.42547607421875,0.2695121169090271,260.5748291015625,245.29200744628906,7.447196960449219,3.0658981800079346,300.0,0.271704166506728
20240818.0,1.409999966621399,40.0,12.0,0.05999999865889549,0.1080000028014183,0.10999999940395355,0.2090281844139099,1.1893571615219116,293.287109375,0.2696419954299927,258.3034973144531,242.41763305664062,4.336786270141602,2.6358110904693604,300.0,0.282433332254489
20240820.0,1.409999966621399,40.0,12.0,0.05999999865889549,0.1080000028014183,0.10999999940395355,0.2090281844139099,1.1893571615219116,293.8912353515625,0.26990172266960144,262.4603271484375,249.55157470703125,11.023186683654785,3.615725040435791,300.0,0.262177083020409
20240822.0,1.409999966621399,40.0,12.0,0.05999999865889549,0.1080000028014183,0.10999999940395355,0.2090281844139099,1.1893571615219116,292.1423034667969,0.26887252926826477,263.8636474609375,248.51199340820312,0.20430278778076172,3.7612087726593018,300.0,0.2550020829464
20240823.0,1.409999966621399,40.0,12.0,0.05999999865889549,0.1080000028014183,0.10999999940395355,0.2090281844139099,1.1893571615219116,293.3724060058594,0.2683585584163666,269.03240966796875,251.4632110595703,0.9655440449714661,2.6007673740386963,300.0,0.247302082988123
20240825.0,1.409999966621399,40.0,12.0,0.05999999865889549,0.1080000028014183,0.10999999940395355,0.2090281844139099,1.1893571615219116,290.5565490722656,0.26729464530944824,258.04412841796875,242.1680450439453,0.1972113698720932,3.24360990524292,300.0,0.286381249005596
20240826.0,1.409999966621399,40.0,12.0,0.05999999865889549,0.1080000028014183,0.10999999940395355,0.2090281844139099,1.1893571615219116,290.1051330566406,0.266618937253952,263.0643005371094,245.9581298828125,0.04795615375041962,2.401265859603882,300.0,0.270214582482974
20240828.0,1.409999966621399,40.0,12.0,0.05999999865889549,0.1080000028014183,0.10999999940395355,0.2090281844139099,1.1893571615219116,294.8331604003906,0.26565927267074585,267.162841796875,254.22488403320312,0.000858306884765625,3.352574348449707,300.0,0.246139581315219
20240830.0,1.409999966621399,40.0,12.0,0.05999999865889549,0.1080000028014183,0.10999999940395355,0.2090281844139099,1.1893571615219116,291.1403503417969,0.2574707865715027,270.6059265136719,258.678955078125,4.092413902282715,2.097856044769287,300.0,0.231881249385575
20240831.0,1.409999966621399,40.0,12.0,0.05999999865889549,0.1080000028014183,0.10999999940395355,0.2090281844139099,1.1893571615219116,293.7429504394531,0.2534182071685791,268.07110595703125,256.5855712890625,0.4337727129459381,2.877823829650879,300.0,0.224964582982163
20240902.0,1.409999966621399,40.0,12.0,0.05999999865889549,0.1080000028014183,0.10999999940395355,0.2090281844139099,1.1893571615219116,296.9570617675781,0.24534280598163605,271.85107421875,261.12188720703125,2.97149920463562,2.8157424926757812,300.0,0.207552083147069
20240903.0,1.409999966621399,40.0,12.0,0.05999999865889549,0.1080000028014183,0.10999999940395355,0.2090281844139099,1.1893571615219116,295.1811828613281,0.24174875020980835,271.63531494140625,255.029296875,1.5376014709472656,2.34086275100708,300.0,0.203537499842544
20240905.0,1.409999966621399,40.0,12.0,0.05999999865889549,0.1080000028014183,0.10999999940395355,0.2090281844139099,1.1893571615219116,294.5821838378906,0.23462912440299988,262.9361877441406,249.13201904296875,0.1442459672689438,2.5454187393188477,300.0,0.216789583054682
20240907.0,1.409999966621399,40.0,12.0,0.05999999865889549,0.1080000028014183,0.10999999940395355,0.2090281844139099,1.1893571615219116,294.1460876464844,0.24562111496925354,265.9827880859375,251.337890625,0.021615248173475266,2.817450523376465,300.0,0.210724999817709
20240908.0,1.409999966621399,40.0,12.0,0.05999999865889549,0.1080000028014183,0.10999999940395355,0.2090281844139099,1.1893571615219116,292.71734619140625,0.25119808316230774,270.16619873046875,253.80462646484375,1.6237318515777588,2.912790536880493,300.0,0.20462291687727
20240910.0,1.409999966621399,40.0,12.0,0.05999999865889549,0.1080000028014183,0.10999999940395355,0.2090281844139099,1.1893571615219116,288.3445129394531,0.2633926570415497,263.50286865234375,247.7094268798828,5.508609294891357,2.357170581817627,300.0,0.203343750908971
20240911.0,1.409999966621399,40.0,12.0,0.05999999865889549,0.1080000028014183,0.10999999940395355,0.2090281844139099,1.1893571615219116,286.16650390625,0.26920801401138306,254.32467651367188,235.1930389404297,6.475872039794922,2.9769110679626465,300.0,0.251795832378169
20240913.0,1.409999966621399,40.0,12.0,0.05999999865889549,0.1080000028014183,0.10999999940395355,0.2090281844139099,1.1893571615219116,284.93798828125,0.28100448846817017,254.71588134765625,240.07171630859375,2.4323222637176514,1.8540735244750977,300.0,0.250279167667031
20240915.0,1.409999966621399,40.0,12.0,0.05999999865889549,0.1080000028014183,0.10999999940395355,0.2090281844139099,1.1893571615219116,286.5626220703125,0.27688103914260864,256.57659912109375,240.8441162109375,0.02017791196703911,1.8589106798171997,300.0,0.233235416933894
20240916.0,1.409999966621399,40.0,12.0,0.05999999865889549,0.1080000028014183,0.10999999940395355,0.2090281844139099,1.1893571615219116,289.1507873535156,0.27482932806015015,261.1458740234375,245.4930419921875,0.26822012662887573,1.4927994012832642,300.0,0.226341666343311
20240918.0,1.409999966621399,40.0,12.0,0.05999999865889549,0.1080000028014183,0.10999999940395355,0.2090281844139099,1.1893571615219116,290.6795349121094,0.27005526423454285,264.0144958496094,252.18959045410156,0.0008722859201952815,1.975332260131836,300.0,0.214922916765014
20240919.0,1.409999966621399,40.0,12.0,0.05999999865889549,0.1080000028014183,0.10999999940395355,0.2090281844139099,1.1893571615219116,291.2403564453125,0.26766061782836914,267.6524353027344,251.4336700439453,0.17411190271377563,2.1726090908050537,300.0,0.20816875093927
20240921.0,1.409999966621399,40.0,12.0,0.05999999865889549,0.1080000028014183,0.10999999940395355,0.2090281844139099,1.1893571615219116,291.1315612792969,0.26289939880371094,265.2550354003906,254.6106414794922,0.001290440559387207,2.175353527069092,300.0,0.19482500012964
20240923.0,1.409999966621399,40.0,12.0,0.05999999865889549,0.1080000028014183,0.10999999940395355,0.2090281844139099,1.1893571615219116,290.0000915527344,0.256200909614563,267.7925109863281,255.385498046875,0.9573887586593628,1.8650745153427124,300.0,0.185902083603044
20240924.0,1.409999966621399,40.0,12.0,0.05999999865889549,0.1080000028014183,0.10999999940395355,0.2090281844139099,1.1893571615219116,288.0809326171875,0.252879798412323,266.464111328125,252.89376831054688,2.308645725250244,1.760362982749939,300.0,0.186847915562491
20240926.0,1.409999966621399,40.0,12.0,0.05999999865889549,0.1080000028014183,0.10999999940395355,0.2090281844139099,1.1893571615219116,288.8050231933594,0.2461375743150711,255.64028930664062,238.40182495117188,6.875701904296875,2.650991678237915,300.0,0.293449998522798
20240927.0,1.409999966621399,40.0,12.0,0.05999999865889549,0.1080000028014183,0.10999999940395355,0.2090281844139099,1.1893571615219116,286.3607177734375,0.2433253973722458,256.1717834472656,235.71499633789062,4.768308162689209,2.1985251903533936,300.0,0.277304168169697
20240929.0,1.409999966621399,40.0,12.0,0.05999999865889549,0.1080000028014183,0.10999999940395355,0.2090281844139099,1.1893571615219116,283.512451171875,0.23774272203445435,253.8058624267578,237.74517822265625,0.00043511379044502974,1.5929254293441772,300.0,0.267941666767001
20241001.0,1.409999966621399,40.0,12.0,0.05999999865889549,0.1080000028014183,0.10999999940395355,0.2090281844139099,1.1893571615219116,285.8192138671875,0.2561097741127014,261.74493408203125,239.65036010742188,2.4094345569610596,1.4702343940734863,300.0,0.265142308977934
