date,smap_freq,smap_theta,mcd12c1_IGBP_land_cover,omega_land_cover,roughness_land_cover,b_land_cover,soilgrid_clay_fraction,soilgrid_bulk_density,era5_surface_temperature,vwc_mcd13_sf_land,smap_tb_v_corrected,smap_tb_h_corrected,era5_prep,era5_evap,koppen_climate_5_types,insitu_sm
20210801.0,1.409999966621399,40.0,12.0,0.05999999865889549,0.1080000028014183,0.10999999940395355,0.24768154323101044,1.3303834199905396,292.0223388671875,0.3784867227077484,265.82647705078125,251.72569274902344,1.4822732210159302,3.9224464893341064,300.0,0.20091666902105
20210804.0,1.409999966621399,40.0,12.0,0.05999999865889549,0.1080000028014183,0.10999999940395355,0.24768154323101044,1.3303834199905396,293.4750061035156,0.3799903988838196,276.5269775390625,265.16876220703125,2.8637237548828125,3.112588882446289,300.0,0.200583336253961
20210806.0,1.409999966621399,40.0,12.0,0.05999999865889549,0.1080000028014183,0.10999999940395355,0.24768154323101044,1.3303834199905396,294.4312438964844,0.38443729281425476,275.8421630859375,265.81402587890625,1.5662956237792969,2.821017026901245,300.0,0.196916663398345
20210807.0,1.409999966621399,40.0,12.0,0.05999999865889549,0.1080000028014183,0.10999999940395355,0.24768154323101044,1.3303834199905396,295.451904296875,0.3886767625808716,277.581298828125,268.74591064453125,0.8471497297286987,3.3184053897857666,300.0,0.19562499721845
20210809.0,1.409999966621399,40.0,12.0,0.05999999865889549,0.1080000028014183,0.10999999940395355,0.24768154323101044,1.3303834199905396,295.50213623046875,0.39632681012153625,276.4585266113281,266.8007507324219,0.015523092821240425,2.981452703475952,300.0,0.189041663582126
20210812.0,1.409999966621399,40.0,12.0,0.05999999865889549,0.1080000028014183,0.10999999940395355,0.24768154323101044,1.3303834199905396,300.54931640625,0.40820547938346863,280.52081298828125,273.813232421875,1.1655337810516357,3.442359209060669,300.0,0.173999997476737
20210814.0,1.409999966621399,40.0,12.0,0.05999999865889549,0.1080000028014183,0.10999999940395355,0.24768154323101044,1.3303834199905396,301.14019775390625,0.4136623442173004,281.60528564453125,273.2785949707031,0.6873942613601685,2.7658534049987793,300.0,0.156583335250616
20210815.0,1.409999966621399,40.0,12.0,0.05999999865889549,0.1080000028014183,0.10999999940395355,0.24768154323101044,1.3303834199905396,301.2882080078125,0.41538330912590027,283.1925048828125,273.346923828125,1.9755992889404297,2.763613224029541,300.0,0.14716666812698
20210817.0,1.409999966621399,40.0,12.0,0.05999999865889549,0.1080000028014183,0.10999999940395355,0.24768154323101044,1.3303834199905396,296.7498474121094,0.4188302159309387,277.3831787109375,270.7196044921875,0.5260866284370422,2.4977476596832275,300.0,0.125458332709968
20210820.0,1.409999966621399,40.0,12.0,0.05999999865889549,0.1080000028014183,0.10999999940395355,0.24768154323101044,1.3303834199905396,294.71881103515625,0.42445284128189087,270.78857421875,258.20770263671875,2.936569929122925,2.476313352584839,300.0,0.104416666241984
20210822.0,1.409999966621399,40.0,12.0,0.05999999865889549,0.1080000028014183,0.10999999940395355,0.24768154323101044,1.3303834199905396,295.6460876464844,0.4225216805934906,276.56640625,268.5732421875,0.03361191600561142,2.7113113403320312,300.0,0.0969583339368304
20210823.0,1.409999966621399,40.0,12.0,0.05999999865889549,0.1080000028014183,0.10999999940395355,0.24768154323101044,1.3303834199905396,296.46478271484375,0.4182526171207428,278.53350830078125,269.51629638671875,1.1671645641326904,2.365978717803955,300.0,0.0934999998038014
20210825.0,1.409999966621399,40.0,12.0,0.05999999865889549,0.1080000028014183,0.10999999940395355,0.24768154323101044,1.3303834199905396,292.42303466796875,0.4111415445804596,276.7418212890625,266.1005859375,1.554871678352356,2.164517879486084,300.0,0.0866666665921609
20210828.0,1.409999966621399,40.0,12.0,0.05999999865889549,0.1080000028014183,0.10999999940395355,0.24768154323101044,1.3303834199905396,294.7582092285156,0.4000172019004822,275.744140625,267.06842041015625,3.059903621673584,3.3075640201568604,300.0,0.117647059700068
20210830.0,1.409999966621399,40.0,12.0,0.05999999865889549,0.1080000028014183,0.10999999940395355,0.24768154323101044,1.3303834199905396,290.4490661621094,0.3958538770675659,275.89288330078125,266.00213623046875,14.929282188415527,1.8573741912841797,300.0,0.116083332958321
20210831.0,1.409999966621399,40.0,12.0,0.05999999865889549,0.1080000028014183,0.10999999940395355,0.24768154323101044,1.3303834199905396,292.6470947265625,0.3956489861011505,273.7303771972656,263.30841064453125,4.900400638580322,2.5185506343841553,300.0,0.115708333440125
20210902.0,1.409999966621399,40.0,12.0,0.05999999865889549,0.1080000028014183,0.10999999940395355,0.24768154323101044,1.3303834199905396,291.9064025878906,0.39444300532341003,269.7269287109375,257.6785888671875,6.741628646850586,3.0003347396850586,300.0,0.112333334051073
20210905.0,1.409999966621399,40.0,12.0,0.05999999865889549,0.1080000028014183,0.10999999940395355,0.24768154323101044,1.3303834199905396,294.4704895019531,0.39441320300102234,271.0574645996094,261.91314697265625,0.06953680515289307,3.115034580230713,300.0,0.14283333470424
20210907.0,1.409999966621399,40.0,12.0,0.05999999865889549,0.1080000028014183,0.10999999940395355,0.24768154323101044,1.3303834199905396,294.5625,0.3734622895717621,272.39984130859375,261.89892578125,0.18766775727272034,2.453296184539795,300.0,0.135166669264436
20210908.0,1.409999966621399,40.0,12.0,0.05999999865889549,0.1080000028014183,0.10999999940395355,0.24768154323101044,1.3303834199905396,293.7811279296875,0.3510759174823761,270.9816589355469,262.7420349121094,1.4544155597686768,2.6946585178375244,300.0,0.131666665275892
20210910.0,1.409999966621399,40.0,12.0,0.05999999865889549,0.1080000028014183,0.10999999940395355,0.24768154323101044,1.3303834199905396,291.072509765625,0.31214141845703125,264.0257873535156,251.61383056640625,7.473747253417969,2.844985246658325,300.0,0.13422727110711
20210913.0,1.409999966621399,40.0,12.0,0.05999999865889549,0.1080000028014183,0.10999999940395355,0.24768154323101044,1.3303834199905396,293.0309143066406,0.2527514696121216,269.98681640625,257.60186767578125,0.4069826304912567,2.412102699279785,300.0,0.137375000243386
20210915.0,1.409999966621399,40.0,12.0,0.05999999865889549,0.1080000028014183,0.10999999940395355,0.24768154323101044,1.3303834199905396,292.77691650390625,0.23746082186698914,268.0223083496094,255.14227294921875,2.5225112438201904,3.3097994327545166,300.0,0.175130432714587
20210916.0,1.409999966621399,40.0,12.0,0.05999999865889549,0.1080000028014183,0.10999999940395355,0.24768154323101044,1.3303834199905396,290.4161682128906,0.24339458346366882,262.837158203125,248.5712890625,9.455538749694824,2.1241097450256348,300.0,0.278695653962052
20210918.0,1.409999966621399,40.0,12.0,0.05999999865889549,0.1080000028014183,0.10999999940395355,0.24768154323101044,1.3303834199905396,288.49932861328125,0.24952583014965057,263.9176025390625,250.28367614746094,16.302143096923828,2.0952587127685547,300.0,0.30191666384538
20210923.0,1.409999966621399,40.0,12.0,0.05999999865889549,0.1080000028014183,0.10999999940395355,0.24768154323101044,1.3303834199905396,288.09564208984375,0.26094183325767517,267.0329895019531,252.10025024414062,0.1539633572101593,1.9717367887496948,300.0,0.228833333278696
20210924.0,1.409999966621399,40.0,12.0,0.05999999865889549,0.1080000028014183,0.10999999940395355,0.24768154323101044,1.3303834199905396,289.6920471191406,0.25856083631515503,266.43426513671875,253.64944458007812,0.004565149080008268,2.387434720993042,300.0,0.221708334982395
20210926.0,1.409999966621399,40.0,12.0,0.05999999865889549,0.1080000028014183,0.10999999940395355,0.24768154323101044,1.3303834199905396,289.662353515625,0.2538101077079773,267.12628173828125,256.04693603515625,0.14834287762641907,2.592323064804077,300.0,0.201124999051293
20210929.0,1.409999966621399,40.0,12.0,0.05999999865889549,0.1080000028014183,0.10999999940395355,0.24768154323101044,1.3303834199905396,288.3329162597656,0.24639829993247986,271.5174560546875,261.3280334472656,1.1462324857711792,1.9608309268951416,300.0,0.171333330372969
20211001.0,1.409999966621399,40.0,12.0,0.05999999865889549,0.1080000028014183,0.10999999940395355,0.24768154323101044,1.3303834199905396,287.7333679199219,0.24552589654922485,269.6175231933594,259.368408203125,0.10319999605417252,1.887646198272705,300.0,0.158500000834465
20211002.0,1.409999966621399,40.0,12.0,0.05999999865889549,0.1080000028014183,0.10999999940395355,0.24768154323101044,1.3303834199905396,290.1119079589844,0.2474525421857834,272.2727355957031,261.93878173828125,0.9031358361244202,1.958510398864746,300.0,0.153125002359351
20211004.0,1.409999966621399,40.0,12.0,0.05999999865889549,0.1080000028014183,0.10999999940395355,0.24768154323101044,1.3303834199905396,284.59735107421875,0.25030604004859924,252.73458862304688,236.99697875976562,22.183591842651367,2.014242172241211,300.0,0.250761903467632
20211007.0,1.409999966621399,40.0,12.0,0.05999999865889549,0.1080000028014183,0.10999999940395355,0.24768154323101044,1.3303834199905396,286.2962341308594,0.25422340631484985,262.8236389160156,249.90042114257812,0.7155299782752991,2.2183971405029297,300.0,0.235625000049671
20211009.0,1.409999966621399,40.0,12.0,0.05999999865889549,0.1080000028014183,0.10999999940395355,0.24768154323101044,1.3303834199905396,285.9201354980469,0.26414090394973755,263.547119140625,253.52650451660156,1.1289169788360596,1.3155971765518188,300.0,0.21154166944325
20211010.0,1.409999966621399,40.0,12.0,0.05999999865889549,0.1080000028014183,0.10999999940395355,0.24768154323101044,1.3303834199905396,285.70953369140625,0.2734072208404541,266.56048583984375,253.9501953125,2.757350206375122,1.9688612222671509,300.0,0.205041670550903
20211012.0,1.409999966621399,40.0,12.0,0.05999999865889549,0.1080000028014183,0.10999999940395355,0.24768154323101044,1.3303834199905396,284.2411193847656,0.29026511311531067,266.6009521484375,257.7916259765625,0.0008523463038727641,1.9072082042694092,300.0,0.187916667511066
20211015.0,1.409999966621399,40.0,12.0,0.05999999865889549,0.1080000028014183,0.10999999940395355,0.24768154323101044,1.3303834199905396,284.7428283691406,0.3169092535972595,266.7713623046875,258.17535400390625,0.041119690984487534,1.2828571796417236,300.0,0.166166667516033
20211017.0,1.409999966621399,40.0,12.0,0.05999999865889549,0.1080000028014183,0.10999999940395355,0.24768154323101044,1.3303834199905396,284.98919677734375,0.3262937664985657,269.1405029296875,258.15087890625,0.05731312930583954,1.3943818807601929,300.0,0.158041665951411
20211018.0,1.409999966621399,40.0,12.0,0.05999999865889549,0.1080000028014183,0.10999999940395355,0.24768154323101044,1.3303834199905396,286.2124328613281,0.32598769664764404,268.85113525390625,259.8856201171875,0.0078313322737813,1.4347567558288574,300.0,0.154374999925494
20211020.0,1.409999966621399,40.0,12.0,0.05999999865889549,0.1080000028014183,0.10999999940395355,0.24768154323101044,1.3303834199905396,286.8047180175781,0.32750633358955383,270.5784606933594,260.97088623046875,0.9845768809318542,1.4033817052841187,300.0,0.142416665330529
20211023.0,1.409999966621399,40.0,12.0,0.05999999865889549,0.1080000028014183,0.10999999940395355,0.24768154323101044,1.3303834199905396,283.57470703125,0.32926496863365173,265.5323486328125,259.5316162109375,0.004078513476997614,1.769808053970337,300.0,0.129625001301368
20211025.0,1.409999966621399,40.0,12.0,0.05999999865889549,0.1080000028014183,0.10999999940395355,0.24768154323101044,1.3303834199905396,281.6672668457031,0.33201175928115845,268.376953125,259.0439453125,0.004292810335755348,1.63123619556427,300.0,0.119416666527589
20211026.0,1.409999966621399,40.0,12.0,0.05999999865889549,0.1080000028014183,0.10999999940395355,0.24768154323101044,1.3303834199905396,283.1488952636719,0.3343047499656677,267.685546875,257.427001953125,0.003656436689198017,1.5993634462356567,300.0,0.114874998728434
20211028.0,1.409999966621399,40.0,12.0,0.05999999865889549,0.1080000028014183,0.10999999940395355,0.24768154323101044,1.3303834199905396,282.95697021484375,0.33850908279418945,267.86993408203125,259.3702392578125,0.08852545917034149,1.236474633216858,300.0,0.107374998430411
20211031.0,1.409999966621399,40.0,12.0,0.05999999865889549,0.1080000028014183,0.10999999940395355,0.24768154323101044,1.3303834199905396,286.74151611328125,0.3449563682079315,261.7903137207031,247.9177703857422,4.604743957519531,1.3202756643295288,300.0,0.11245000064373
20211102.0,1.409999966621399,40.0,12.0,0.05999999865889549,0.1080000028014183,0.10999999940395355,0.24768154323101044,1.3303834199905396,281.7043151855469,0.3486115634441376,259.96893310546875,246.54718017578125,0.007175459060817957,1.3535499572753906,300.0,0.120666665335496
20211103.0,1.409999966621399,40.0,12.0,0.05999999865889549,0.1080000028014183,0.10999999940395355,0.24768154323101044,1.3303834199905396,279.8123779296875,0.3501763939857483,260.4510803222656,247.92352294921875,4.200741767883301,1.4857944250106812,300.0,0.12272727557204
20211105.0,1.409999966621399,40.0,12.0,0.05999999865889549,0.1080000028014183,0.10999999940395355,0.24768154323101044,1.3303834199905396,277.7964172363281,0.3533104658126831,260.63336181640625,247.73696899414062,0.7165079116821289,1.2892578840255737,300.0,0.121291666602095
20211110.0,1.409999966621399,40.0,12.0,0.05999999865889549,0.1080000028014183,0.10999999940395355,0.24768154323101044,1.3303834199905396,280.2050476074219,0.36003443598747253,262.2851867675781,252.2701416015625,4.2351908683776855,0.6336687207221985,300.0,0.109249997884035
20211111.0,1.409999966621399,40.0,12.0,0.05999999865889549,0.1080000028014183,0.10999999940395355,0.24768154323101044,1.3303834199905396,281.0714111328125,0.36023062467575073,258.677734375,246.85760498046875,3.604285478591919,0.8969685435295105,300.0,0.111000001430511
20211113.0,1.409999966621399,40.0,12.0,0.05999999865889549,0.1080000028014183,0.10999999940395355,0.24768154323101044,1.3303834199905396,282.3664855957031,0.36094629764556885,259.43402099609375,245.82774353027344,0.6226387023925781,1.2878656387329102,300.0,0.114000000059605
20211116.0,1.409999966621399,40.0,12.0,0.05999999865889549,0.1080000028014183,0.10999999940395355,0.24768154323101044,1.3303834199905396,279.24957275390625,0.36273854970932007,259.28338623046875,248.42770385742188,1.4480714797973633,0.7329951524734497,300.0,0.114000000059605
20211118.0,1.409999966621399,40.0,12.0,0.05999999865889549,0.1080000028014183,0.10999999940395355,0.24768154323101044,1.3303834199905396,278.81719970703125,0.35388776659965515,259.30804443359375,247.1628875732422,0.08903119713068008,0.9430713057518005,300.0,0.113499999667207
20211119.0,1.409999966621399,40.0,12.0,0.05999999865889549,0.1080000028014183,0.10999999940395355,0.24768154323101044,1.3303834199905396,278.0557556152344,0.34366974234580994,260.780029296875,248.71925354003906,0.000852346362080425,0.8266872763633728,300.0,0.111583335946004
20211121.0,1.409999966621399,40.0,12.0,0.05999999865889549,0.1080000028014183,0.10999999940395355,0.24768154323101044,1.3303834199905396,279.1596374511719,0.32585686445236206,259.87310791015625,250.971923828125,0.03560680150985718,0.6540756225585938,300.0,0.108750000906487
20211126.0,1.409999966621399,40.0,12.0,0.05999999865889549,0.1080000028014183,0.10999999940395355,0.24768154323101044,1.3303834199905396,277.480224609375,0.2930665910243988,246.78903198242188,231.35159301757812,0.0025786906480789185,0.7544755935668945,300.0,0.332500000794729
20211127.0,1.409999966621399,40.0,12.0,0.05999999865889549,0.1080000028014183,0.10999999940395355,0.24768154323101044,1.3303834199905396,274.84375,0.2984261214733124,247.42459106445312,232.8331298828125,0.06253132224082947,0.9420197010040283,300.0,0.323526314998928
20211129.0,1.409999966621399,40.0,12.0,0.05999999865889549,0.1080000028014183,0.10999999940395355,0.24768154323101044,1.3303834199905396,274.40460205078125,0.30584725737571716,252.4349365234375,242.79595947265625,0.0958469957113266,0.6739168763160706,300.0,0.302555554442936
20211202.0,1.409999966621399,40.0,12.0,0.05999999865889549,0.1080000028014183,0.10999999940395355,0.24768154323101044,1.3303834199905396,275.0597229003906,0.31745702028274536,254.03280639648438,239.0650177001953,0.8158099055290222,1.2035259008407593,300.0,0.283250002811352
20211204.0,1.409999966621399,40.0,12.0,0.05999999865889549,0.1080000028014183,0.10999999940395355,0.24768154323101044,1.3303834199905396,276.2822265625,0.32809484004974365,253.62265014648438,239.17156982421875,0.10541445761919022,0.406398743391037,300.0,0.268958333879709
20211205.0,1.409999966621399,40.0,12.0,0.05999999865889549,0.1080000028014183,0.10999999940395355,0.24768154323101044,1.3303834199905396,274.0567932128906,0.3351084887981415,255.943115234375,241.39178466796875,0.1425413340330124,0.831246018409729,300.0,0.263791665434837
20211207.0,1.409999966621399,40.0,12.0,0.05999999865889549,0.1080000028014183,0.10999999940395355,0.24768154323101044,1.3303834199905396,275.552978515625,0.348509818315506,254.90985107421875,242.13330078125,0.5516987442970276,0.4709658920764923,300.0,0.251291667421659
20211210.0,1.409999966621399,40.0,12.0,0.05999999865889549,0.1080000028014183,0.10999999940395355,0.24768154323101044,1.3303834199905396,278.4281005859375,0.3695182800292969,256.0584716796875,245.08868408203125,5.2169599533081055,1.1093809604644775,300.0,0.239083331699173
20211212.0,1.409999966621399,40.0,12.0,0.05999999865889549,0.1080000028014183,0.10999999940395355,0.24768154323101044,1.3303834199905396,277.58612060546875,0.37570250034332275,256.8433837890625,245.81768798828125,0.08346376568078995,0.594444215297699,300.0,0.232874995097518
20211213.0,1.409999966621399,40.0,12.0,0.05999999865889549,0.1080000028014183,0.10999999940395355,0.24768154323101044,1.3303834199905396,276.2177429199219,0.375587522983551,256.1079406738281,243.40896606445312,0.0024944276083260775,0.5484479665756226,300.0,0.230624998609225
20211215.0,1.409999966621399,40.0,12.0,0.05999999865889549,0.1080000028014183,0.10999999940395355,0.24768154323101044,1.3303834199905396,275.85552978515625,0.3753577172756195,255.75271606445312,246.392333984375,0.0004410743713378906,0.5766497254371643,300.0,0.220875000581145
20211218.0,1.409999966621399,40.0,12.0,0.05999999865889549,0.1080000028014183,0.10999999940395355,0.24768154323101044,1.3303834199905396,274.8017883300781,0.3753393590450287,254.23663330078125,244.57696533203125,0.00046653239405713975,0.5715680122375488,300.0,0.209333333497246
20211220.0,1.409999966621399,40.0,12.0,0.05999999865889549,0.1080000028014183,0.10999999940395355,0.24768154323101044,1.3303834199905396,273.7067565917969,0.37111392617225647,257.5953369140625,246.4378204345703,0.008557794615626335,0.4266276955604553,300.0,0.205666666229566
20211221.0,1.409999966621399,40.0,12.0,0.05999999865889549,0.1080000028014183,0.10999999940395355,0.24768154323101044,1.3303834199905396,274.9606018066406,0.3665585517883301,257.8151550292969,246.735595703125,0.04295751079916954,0.4839208424091339,300.0,0.204458330447475
20211223.0,1.409999966621399,40.0,12.0,0.05999999865889549,0.1080000028014183,0.10999999940395355,0.24768154323101044,1.3303834199905396,277.429443359375,0.3585178256034851,258.45086669921875,248.04791259765625,0.10524863749742508,0.24279077351093292,300.0,0.202391306343286
20211226.0,1.409999966621399,40.0,12.0,0.05999999865889549,0.1080000028014183,0.10999999940395355,0.24768154323101044,1.3303834199905396,277.25323486328125,0.3474307358264923,260.45635986328125,244.67591857910156,0.018142981454730034,0.45648255944252014,300.0,0.202541667347153
20211228.0,1.409999966621399,40.0,12.0,0.05999999865889549,0.1080000028014183,0.10999999940395355,0.24768154323101044,1.3303834199905396,279.8288879394531,0.32603758573532104,259.36663818359375,246.72793579101562,0.14256753027439117,0.5514330863952637,300.0,0.201041671757897
20211229.0,1.409999966621399,40.0,12.0,0.05999999865889549,0.1080000028014183,0.10999999940395355,0.24768154323101044,1.3303834199905396,279.837646484375,0.30720940232276917,259.39910888671875,248.44674682617188,0.0034849420189857483,0.5379447340965271,300.0,0.199208334709207
20211231.0,1.409999966621399,40.0,12.0,0.05999999865889549,0.1080000028014183,0.10999999940395355,0.24768154323101044,1.3303834199905396,278.33245849609375,0.27164238691329956,259.51214599609375,245.3876953125,0.0008523463038727641,0.695104718208313,300.0,0.195666667073965
20220103.0,1.409999966621399,40.0,12.0,0.05999999865889549,0.1080000028014183,0.10999999940395355,0.24768154323101044,1.3303834199905396,277.4851989746094,0.2992208003997803,259.2365417480469,248.01400756835938,0.0016901151975616813,0.5450048446655273,300.0,0.177125001326203
20220105.0,1.409999966621399,40.0,12.0,0.05999999865889549,0.1080000028014183,0.10999999940395355,0.24768154323101044,1.3303834199905396,276.3860778808594,0.32390695810317993,259.098876953125,246.00460815429688,1.8405067920684814,1.2540466785430908,300.0,0.170782612069793
20220111.0,1.409999966621399,40.0,12.0,0.05999999865889549,0.1080000028014183,0.10999999940395355,0.24768154323101044,1.3303834199905396,276.46038818359375,0.37968024611473083,260.0494384765625,249.0806884765625,1.0043138265609741,1.0825883150100708,300.0,0.166208329920967
20220113.0,1.409999966621399,40.0,12.0,0.05999999865889549,0.1080000028014183,0.10999999940395355,0.24768154323101044,1.3303834199905396,273.5500793457031,0.3836638033390045,258.75982666015625,246.75048828125,0.001393209327943623,0.7925431728363037,300.0,0.163333336512248
20220114.0,1.409999966621399,40.0,12.0,0.05999999865889549,0.1080000028014183,0.10999999940395355,0.24768154323101044,1.3303834199905396,272.1109619140625,0.3854560852050781,258.7093505859375,248.50601196289062,0.0021485057659447193,0.5166770219802856,300.0,0.161416665961345
20220116.0,1.409999966621399,40.0,12.0,0.05999999865889549,0.1080000028014183,0.10999999940395355,0.24768154323101044,1.3303834199905396,271.84716796875,0.3888835608959198,259.64520263671875,248.794921875,0.0,0.32057133316993713,300.0,0.158416668574015
20220119.0,1.409999966621399,40.0,12.0,0.05999999865889549,0.1080000028014183,0.10999999940395355,0.24768154323101044,1.3303834199905396,272.48272705078125,0.3995312452316284,258.031494140625,249.34747314453125,0.0,0.1991328001022339,300.0,0.154049999266863
20220124.0,1.409999966621399,40.0,12.0,0.05999999865889549,0.1080000028014183,0.10999999940395355,0.24768154323101044,1.3303834199905396,272.7388916015625,0.4214765429496765,260.11468505859375,250.50241088867188,0.0008523463038727641,0.33673590421676636,300.0,0.149437504820526
20220127.0,1.409999966621399,40.0,12.0,0.05999999865889549,0.1080000028014183,0.10999999940395355,0.24768154323101044,1.3303834199905396,273.4414978027344,0.4300857186317444,257.8399658203125,250.1302947998047,0.00255810609087348,0.4703502953052521,300.0,0.144333330914378
20220129.0,1.409999966621399,40.0,12.0,0.05999999865889549,0.1080000028014183,0.10999999940395355,0.24768154323101044,1.3303834199905396,274.3511657714844,0.4346369802951813,260.4163818359375,249.023193359375,0.0012814998626708984,0.48622339963912964,300.0,0.140875002369285
20220130.0,1.409999966621399,40.0,12.0,0.05999999865889549,0.1080000028014183,0.10999999940395355,0.24768154323101044,1.3303834199905396,274.7198181152344,0.43694373965263367,260.7242736816406,250.83404541015625,0.00043511379044502974,0.7044407725334167,300.0,0.138333330551783
20220201.0,1.409999966621399,40.0,12.0,0.05999999865889549,0.1080000028014183,0.10999999940395355,0.24768154323101044,1.3303834199905396,276.7667236328125,0.44231581687927246,259.9638671875,249.70535278320312,0.0011945494916290045,1.1073402166366577,300.0,0.134476194779078
20220204.0,1.409999966621399,40.0,12.0,0.05999999865889549,0.1080000028014183,0.10999999940395355,0.24768154323101044,1.3303834199905396,276.8531494140625,0.4248639643192291,261.5890197753906,249.6308135986328,0.10333725810050964,0.899726152420044,300.0,0.126791670297583
20220207.0,1.409999966621399,40.0,12.0,0.05999999865889549,0.1080000028014183,0.10999999940395355,0.24768154323101044,1.3303834199905396,276.803955078125,0.397969514131546,261.4037170410156,251.5791015625,0.0008523463038727641,1.0961925983428955,300.0,0.121708334113161
20220209.0,1.409999966621399,40.0,12.0,0.05999999865889549,0.1080000028014183,0.10999999940395355,0.24768154323101044,1.3303834199905396,277.9037780761719,0.37975791096687317,260.9848937988281,250.83657836914062,0.02144763432443142,1.165058970451355,300.0,0.118416668226322
20220212.0,1.409999966621399,40.0,12.0,0.05999999865889549,0.1080000028014183,0.10999999940395355,0.24768154323101044,1.3303834199905396,278.83880615234375,0.3608896732330322,262.92999267578125,252.51956176757812,1.4986292123794556,0.9507516622543335,300.0,0.114166667064031
20220214.0,1.409999966621399,40.0,12.0,0.05999999865889549,0.1080000028014183,0.10999999940395355,0.24768154323101044,1.3303834199905396,279.74664306640625,0.35044389963150024,256.22869873046875,243.9906768798828,1.3497076034545898,1.566237211227417,300.0,0.117181817238981
20220215.0,1.409999966621399,40.0,12.0,0.05999999865889549,0.1080000028014183,0.10999999940395355,0.24768154323101044,1.3303834199905396,276.6086120605469,0.3452759385108948,259.0908508300781,247.2726593017578,0.0049102213233709335,1.4043854475021362,300.0,0.118058824363877
20220217.0,1.409999966621399,40.0,12.0,0.05999999865889549,0.1080000028014183,0.10999999940395355,0.24768154323101044,1.3303834199905396,279.47625732421875,0.3346494436264038,261.35919189453125,248.97618103027344,0.0,1.385982871055603,300.0,0.117739130621371
20220220.0,1.409999966621399,40.0,12.0,0.05999999865889549,0.1080000028014183,0.10999999940395355,0.24768154323101044,1.3303834199905396,277.3121032714844,0.3303481936454773,257.0500183105469,245.99203491210938,0.008174458518624306,1.86237633228302,300.0,0.11599999666214
20220222.0,1.409999966621399,40.0,12.0,0.05999999865889549,0.1080000028014183,0.10999999940395355,0.24768154323101044,1.3303834199905396,278.16436767578125,0.3303760886192322,259.07037353515625,245.59872436523438,0.0017246333882212639,1.7352125644683838,300.0,0.113291667463879
20220223.0,1.409999966621399,40.0,12.0,0.05999999865889549,0.1080000028014183,0.10999999940395355,0.24768154323101044,1.3303834199905396,277.9366149902344,0.33066612482070923,259.8300476074219,247.06344604492188,0.0008702276973053813,1.438012957572937,300.0,0.110958334679405
20220225.0,1.409999966621399,40.0,12.0,0.05999999865889549,0.1080000028014183,0.10999999940395355,0.24768154323101044,1.3303834199905396,279.6424255371094,0.3335469961166382,262.08758544921875,252.67630004882812,0.20331990718841553,0.9060713052749634,300.0,0.107625000799696
20220228.0,1.409999966621399,40.0,12.0,0.05999999865889549,0.1080000028014183,0.10999999940395355,0.24768154323101044,1.3303834199905396,278.79730224609375,0.2620674967765808,262.55914306640625,252.6678924560547,2.110964775085449,1.2638194561004639,300.0,0.1025416670988
20220302.0,1.409999966621399,40.0,12.0,0.05999999865889549,0.1080000028014183,0.10999999940395355,0.24768154323101044,1.3303834199905396,278.8288879394531,0.19642043113708496,264.92620849609375,255.02462768554688,2.5963454246520996,0.8405284881591797,300.0,0.0990833329657714
20220303.0,1.409999966621399,40.0,12.0,0.05999999865889549,0.1080000028014183,0.10999999940395355,0.24768154323101044,1.3303834199905396,280.17266845703125,0.16451193392276764,261.5762023925781,252.67263793945312,0.24151377379894257,1.7188464403152466,300.0,0.098791666328907
20220305.0,1.409999966621399,40.0,12.0,0.05999999865889549,0.1080000028014183,0.10999999940395355,0.24768154323101044,1.3303834199905396,278.834228515625,0.10039050132036209,261.2281799316406,255.3883056640625,0.9839029908180237,1.1445178985595703,300.0,0.0955416665722926
20220308.0,1.409999966621399,40.0,12.0,0.05999999865889549,0.1080000028014183,0.10999999940395355,0.24768154323101044,1.3303834199905396,277.4658203125,0.09644467383623123,261.25244140625,253.39837646484375,6.969635009765625,1.2110925912857056,300.0,0.0925416679431995
20220310.0,1.409999966621399,40.0,12.0,0.05999999865889549,0.1080000028014183,0.10999999940395355,0.24768154323101044,1.3303834199905396,279.0872802734375,0.1163669154047966,262.10870361328125,252.32037353515625,8.010549545288086,1.0567781925201416,300.0,0.0937499981373549
20220311.0,1.409999966621399,40.0,12.0,0.05999999865889549,0.1080000028014183,0.10999999940395355,0.24768154323101044,1.3303834199905396,279.7792053222656,0.12727920711040497,262.15838623046875,251.8861541748047,16.464258193969727,0.8256600499153137,300.0,0.0944999987259507
20220313.0,1.409999966621399,40.0,12.0,0.05999999865889549,0.1080000028014183,0.10999999940395355,0.24768154323101044,1.3303834199905396,278.2269592285156,0.15125811100006104,251.1668701171875,239.35604858398438,5.621476650238037,1.3045151233673096,300.0,0.272833336144686
20220316.0,1.409999966621399,40.0,12.0,0.05999999865889549,0.1080000028014183,0.10999999940395355,0.24768154323101044,1.3303834199905396,283.5152893066406,0.12446226924657822,254.9854736328125,241.49844360351562,0.0025763509329408407,1.8412846326828003,300.0,0.225583332280318
20220318.0,1.409999966621399,40.0,12.0,0.05999999865889549,0.1080000028014183,0.10999999940395355,0.24768154323101044,1.3303834199905396,281.21282958984375,0.09172085672616959,258.25665283203125,244.9790496826172,2.3553292751312256,1.387038230895996,300.0,0.1981250004222
20220319.0,1.409999966621399,40.0,12.0,0.05999999865889549,0.1080000028014183,0.10999999940395355,0.24768154323101044,1.3303834199905396,279.53082275390625,0.07520873099565506,257.33154296875,243.27749633789062,0.04374627768993378,1.2793939113616943,300.0,0.189000002418955
20220324.0,1.409999966621399,40.0,12.0,0.05999999865889549,0.1080000028014183,0.10999999940395355,0.24768154323101044,1.3303834199905396,278.73016357421875,0.014040131121873856,256.7001037597656,242.4073486328125,0.5993528962135315,1.3314602375030518,300.0,0.223374999438723
20220326.0,1.409999966621399,40.0,12.0,0.05999999865889549,0.1080000028014183,0.10999999940395355,0.24768154323101044,1.3303834199905396,280.3267822265625,0.00037504767533391714,258.2928466796875,244.92282104492188,2.228006601333618,1.8064826726913452,300.0,0.188166668017705
20220327.0,1.409999966621399,40.0,12.0,0.05999999865889549,0.1080000028014183,0.10999999940395355,0.24768154323101044,1.3303834199905396,281.8600158691406,0.0,255.25161743164062,242.58306884765625,0.0021338462829589844,2.775703191757202,300.0,0.189083334679405
20220329.0,1.409999966621399,40.0,12.0,0.05999999865889549,0.1080000028014183,0.10999999940395355,0.24768154323101044,1.3303834199905396,280.9024963378906,0.0,259.3612976074219,245.7802734375,2.4739489555358887,1.4374901056289673,300.0,0.169750000660618
20220401.0,1.409999966621399,40.0,12.0,0.05999999865889549,0.1080000028014183,0.10999999940395355,0.24768154323101044,1.3303834199905396,277.38177490234375,0.0,252.09658813476562,239.919189453125,0.018972737714648247,3.3773505687713623,300.0,0.30140909281644
20220403.0,1.409999966621399,40.0,12.0,0.05999999865889549,0.1080000028014183,0.10999999940395355,0.24768154323101044,1.3303834199905396,276.41473388671875,0.010527231730520725,256.74200439453125,241.86404418945312,1.5553799867630005,2.3485350608825684,300.0,0.238666663567225
20220404.0,1.409999966621399,40.0,12.0,0.05999999865889549,0.1080000028014183,0.10999999940395355,0.24768154323101044,1.3303834199905396,277.7846374511719,0.020005879923701286,258.74237060546875,246.1138916015625,0.2268866002559662,2.1904704570770264,300.0,0.220529413398574
20220406.0,1.409999966621399,40.0,12.0,0.05999999865889549,0.1080000028014183,0.10999999940395355,0.24768154323101044,1.3303834199905396,280.62353515625,0.04129328578710556,261.0195617675781,247.6649169921875,0.003066411241889,2.089148998260498,300.0,0.187583332881331
20220409.0,1.409999966621399,40.0,12.0,0.05999999865889549,0.1080000028014183,0.10999999940395355,0.24768154323101044,1.3303834199905396,284.519775390625,0.004983759950846434,264.3685302734375,254.37548828125,0.5667591094970703,2.8991777896881104,300.0,0.141458335022132
20220411.0,1.409999966621399,40.0,12.0,0.05999999865889549,0.1080000028014183,0.10999999940395355,0.24768154323101044,1.3303834199905396,283.61053466796875,0.0,264.4616394042969,253.98974609375,0.06592638790607452,2.543060064315796,300.0,0.12383333624651
20220412.0,1.409999966621399,40.0,12.0,0.05999999865889549,0.1080000028014183,0.10999999940395355,0.24768154323101044,1.3303834199905396,283.7277526855469,0.0,266.2022399902344,254.20803833007812,5.488208293914795,1.885831356048584,300.0,0.116541667220493
20220414.0,1.409999966621399,40.0,12.0,0.05999999865889549,0.1080000028014183,0.10999999940395355,0.24768154323101044,1.3303834199905396,285.61865234375,0.0,262.82696533203125,252.29638671875,0.13643300533294678,3.3872907161712646,300.0,0.109916666212181
20220417.0,1.409999966621399,40.0,12.0,0.05999999865889549,0.1080000028014183,0.10999999940395355,0.24768154323101044,1.3303834199905396,287.0810546875,0.0,264.5132751464844,259.28436279296875,0.3985719084739685,3.3786869049072266,300.0,0.0924999999503295
20220419.0,1.409999966621399,40.0,12.0,0.05999999865889549,0.1080000028014183,0.10999999940395355,0.24768154323101044,1.3303834199905396,283.9731140136719,0.0,268.24005126953125,261.2101745605469,10.867565155029297,2.197793960571289,300.0,0.0852083346496026
20220420.0,1.409999966621399,40.0,12.0,0.05999999865889549,0.1080000028014183,0.10999999940395355,0.24768154323101044,1.3303834199905396,282.8338317871094,0.0,259.50836181640625,246.88560485839844,8.527463912963867,2.71976637840271,300.0,0.0895000007003546
20220422.0,1.409999966621399,40.0,12.0,0.05999999865889549,0.1080000028014183,0.10999999940395355,0.24768154323101044,1.3303834199905396,283.5881652832031,0.0,258.0235595703125,246.4610595703125,0.4103263020515442,3.3697619438171387,300.0,0.106478260911029
20220425.0,1.409999966621399,40.0,12.0,0.05999999865889549,0.1080000028014183,0.10999999940395355,0.24768154323101044,1.3303834199905396,284.2312927246094,0.0,260.8985595703125,248.52847290039062,0.001145714777521789,2.9954867362976074,300.0,0.113869565012662
20220427.0,1.409999966621399,40.0,12.0,0.05999999865889549,0.1080000028014183,0.10999999940395355,0.24768154323101044,1.3303834199905396,284.93292236328125,0.0,266.1456298828125,251.029296875,1.0398622751235962,2.497431755065918,300.0,0.0939166670044263
20220430.0,1.409999966621399,40.0,12.0,0.05999999865889549,0.1080000028014183,0.10999999940395355,0.24768154323101044,1.3303834199905396,286.35577392578125,0.0,266.8526916503906,256.55255126953125,14.802358627319336,2.7486143112182617,300.0,0.0826666668678323
20220503.0,1.409999966621399,40.0,12.0,0.05999999865889549,0.1080000028014183,0.10999999940395355,0.24768154323101044,1.3303834199905396,285.6597595214844,0.0,262.60955810546875,249.3361358642578,4.840958595275879,3.21734881401062,300.0,0.0810833337406317
20220505.0,1.409999966621399,40.0,12.0,0.05999999865889549,0.1080000028014183,0.10999999940395355,0.24768154323101044,1.3303834199905396,286.66326904296875,0.0,261.7303466796875,248.01492309570312,0.07364971935749054,3.7731378078460693,300.0,0.0815000012516975
20220506.0,1.409999966621399,40.0,12.0,0.05999999865889549,0.1080000028014183,0.10999999940395355,0.24768154323101044,1.3303834199905396,286.4012145996094,0.0,263.50299072265625,250.81056213378906,0.036453358829021454,4.139854907989502,300.0,0.0805416665971279
20220508.0,1.409999966621399,40.0,12.0,0.05999999865889549,0.1080000028014183,0.10999999940395355,0.24768154323101044,1.3303834199905396,286.9735107421875,0.0,267.2984924316406,253.47872924804688,2.230300188064575,3.691281318664551,300.0,0.0766249988228083
20220511.0,1.409999966621399,40.0,12.0,0.05999999865889549,0.1080000028014183,0.10999999940395355,0.24768154323101044,1.3303834199905396,289.3208312988281,0.0,268.66693115234375,260.40472412109375,0.00171661376953125,4.3609395027160645,300.0,0.0693750012045105
20220513.0,1.409999966621399,40.0,12.0,0.05999999865889549,0.1080000028014183,0.10999999940395355,0.24768154323101044,1.3303834199905396,289.9191589355469,0.0,271.3856201171875,262.37750244140625,0.0008523463038727641,4.169971466064453,300.0,0.0636250019694368
20220514.0,1.409999966621399,40.0,12.0,0.05999999865889549,0.1080000028014183,0.10999999940395355,0.24768154323101044,1.3303834199905396,291.2710876464844,0.0,274.4136657714844,265.4732666015625,0.00451976852491498,3.914334297180176,300.0,0.0611666667585572
20220516.0,1.409999966621399,40.0,12.0,0.05999999865889549,0.1080000028014183,0.10999999940395355,0.24768154323101044,1.3303834199905396,292.9345703125,0.0,276.676513671875,263.94122314453125,0.0006148863467387855,4.396321773529053,300.0,0.0570833332215746
20220519.0,1.409999966621399,40.0,12.0,0.05999999865889549,0.1080000028014183,0.10999999940395355,0.24768154323101044,1.3303834199905396,293.5821533203125,0.0,277.02960205078125,268.74285888671875,0.01075128372758627,3.859240770339966,300.0,0.0525416672850649
20220521.0,1.409999966621399,40.0,12.0,0.05999999865889549,0.1080000028014183,0.10999999940395355,0.24768154323101044,1.3303834199905396,295.1016540527344,0.0,276.5566711425781,269.143310546875,0.0017106531886383891,4.159849643707275,300.0,0.050374999952813
20220522.0,1.409999966621399,40.0,12.0,0.05999999865889549,0.1080000028014183,0.10999999940395355,0.24768154323101044,1.3303834199905396,296.083984375,0.0,277.53619384765625,268.71868896484375,0.010792342945933342,4.130274772644043,300.0,0.0495416661724448
20220524.0,1.409999966621399,40.0,12.0,0.05999999865889549,0.1080000028014183,0.10999999940395355,0.24768154323101044,1.3303834199905396,288.2511901855469,0.0,277.243896484375,267.2808837890625,21.071435928344727,2.215303897857666,300.0,0.0470833318928877
20220527.0,1.409999966621399,40.0,12.0,0.05999999865889549,0.1080000028014183,0.10999999940395355,0.24768154323101044,1.3303834199905396,292.2938537597656,0.02283041924238205,266.0152587890625,251.50885009765625,0.014511330984532833,4.387251853942871,300.0,0.159708333512147
20220529.0,1.409999966621399,40.0,12.0,0.05999999865889549,0.1080000028014183,0.10999999940395355,0.24768154323101044,1.3303834199905396,292.1182861328125,0.06617659330368042,272.35906982421875,257.320068359375,1.590900182723999,3.51580548286438,300.0,0.127916668231289
20220530.0,1.409999966621399,40.0,12.0,0.05999999865889549,0.1080000028014183,0.10999999940395355,0.24768154323101044,1.3303834199905396,291.4509582519531,0.08890924602746964,273.0284729003906,260.680908203125,2.3403186798095703,3.4753406047821045,300.0,0.115125000166396
20220601.0,1.409999966621399,40.0,12.0,0.05999999865889549,0.1080000028014183,0.10999999940395355,0.24768154323101044,1.3303834199905396,294.2953186035156,0.13644175231456757,273.01177978515625,264.80810546875,0.045632049441337585,4.240501880645752,300.0,0.0946666663512588
20220604.0,1.409999966621399,40.0,12.0,0.05999999865889549,0.1080000028014183,0.10999999940395355,0.24768154323101044,1.3303834199905396,295.19073486328125,0.18739420175552368,278.32818603515625,269.68719482421875,0.002385494066402316,3.9374260902404785,300.0,0.0768750002607703
20220606.0,1.409999966621399,40.0,12.0,0.05999999865889549,0.1080000028014183,0.10999999940395355,0.24768154323101044,1.3303834199905396,295.5616455078125,0.21640968322753906,278.1160888671875,269.427490234375,0.0629444271326065,3.2730536460876465,300.0,0.0708750005190571
20220607.0,1.409999966621399,40.0,12.0,0.05999999865889549,0.1080000028014183,0.10999999940395355,0.24768154323101044,1.3303834199905396,295.21502685546875,0.230913445353508,279.20318603515625,270.76397705078125,0.1350233107805252,3.022561550140381,300.0,0.0685833347961307
20220609.0,1.409999966621399,40.0,12.0,0.05999999865889549,0.1080000028014183,0.10999999940395355,0.24768154323101044,1.3303834199905396,294.4834899902344,0.2596694231033325,275.2846984863281,266.6788330078125,1.5176761150360107,4.054365634918213,300.0,0.0652083323026697
20220612.0,1.409999966621399,40.0,12.0,0.05999999865889549,0.1080000028014183,0.10999999940395355,0.24768154323101044,1.3303834199905396,297.6675109863281,0.32875940203666687,279.3754577636719,272.3547058105469,0.14896231889724731,3.717393636703491,300.0,0.062000000073264
20220614.0,1.409999966621399,40.0,12.0,0.05999999865889549,0.1080000028014183,0.10999999940395355,0.24768154323101044,1.3303834199905396,297.83880615234375,0.3830149173736572,280.3048095703125,272.2013854980469,0.022325055673718452,3.1442816257476807,300.0,0.0599166663984458
20220615.0,1.409999966621399,40.0,12.0,0.05999999865889549,0.1080000028014183,0.10999999940395355,0.24768154323101044,1.3303834199905396,300.0345764160156,0.41121336817741394,281.16204833984375,273.0094909667969,0.1308007836341858,3.1431961059570312,300.0,0.0588749994834264
20220617.0,1.409999966621399,40.0,12.0,0.05999999865889549,0.1080000028014183,0.10999999940395355,0.24768154323101044,1.3303834199905396,300.1576843261719,0.4716340899467468,280.2961730957031,271.3202209472656,0.40165096521377563,2.792987108230591,300.0,0.056625000666827
20220620.0,1.409999966621399,40.0,12.0,0.05999999865889549,0.1080000028014183,0.10999999940395355,0.24768154323101044,1.3303834199905396,297.7771301269531,0.4729343354701996,281.46923828125,272.556884765625,1.0362046957015991,2.542219877243042,300.0,0.0518333340684573
20220622.0,1.409999966621399,40.0,12.0,0.05999999865889549,0.1080000028014183,0.10999999940395355,0.24768154323101044,1.3303834199905396,294.19244384765625,0.4511745572090149,269.5686340332031,254.8153839111328,8.620205879211426,4.1509881019592285,300.0,0.0508333337493241
20220623.0,1.409999966621399,40.0,12.0,0.05999999865889549,0.1080000028014183,0.10999999940395355,0.24768154323101044,1.3303834199905396,293.52947998046875,0.43959787487983704,270.392822265625,256.341796875,1.0059067010879517,4.018056869506836,300.0,0.0525499999523163
20220625.0,1.409999966621399,40.0,12.0,0.05999999865889549,0.1080000028014183,0.10999999940395355,0.24768154323101044,1.3303834199905396,293.6714172363281,0.4150349199771881,278.17034912109375,263.8919372558594,1.4139609336853027,3.6094207763671875,300.0,0.0554583341193696
20220628.0,1.409999966621399,40.0,12.0,0.05999999865889549,0.1080000028014183,0.10999999940395355,0.24768154323101044,1.3303834199905396,292.80181884765625,0.4332752525806427,270.682861328125,260.3543395996094,0.012326948344707489,4.298645973205566,300.0,0.0580454544926232
20220630.0,1.409999966621399,40.0,12.0,0.05999999865889549,0.1080000028014183,0.10999999940395355,0.24768154323101044,1.3303834199905396,294.2784729003906,0.46112677454948425,274.61871337890625,266.1505126953125,4.496703624725342,3.746105909347534,300.0,0.061217390972635
20220701.0,1.409999966621399,40.0,12.0,0.05999999865889549,0.1080000028014183,0.10999999940395355,0.24768154323101044,1.3303834199905396,294.6390075683594,0.4752911329269409,276.12646484375,267.1934814453125,0.5937037467956543,4.863829135894775,300.0,0.0621250007922451
20220703.0,1.409999966621399,40.0,12.0,0.05999999865889549,0.1080000028014183,0.10999999940395355,0.24768154323101044,1.3303834199905396,297.1544189453125,0.504926860332489,279.4674377441406,270.19232177734375,0.02968071773648262,4.056573867797852,300.0,0.065458335292836
20220706.0,1.409999966621399,40.0,12.0,0.05999999865889549,0.1080000028014183,0.10999999940395355,0.24768154323101044,1.3303834199905396,291.7744140625,0.5160002112388611,276.403564453125,268.48052978515625,39.44361877441406,2.0648772716522217,300.0,0.0688750005016724
20220708.0,1.409999966621399,40.0,12.0,0.05999999865889549,0.1080000028014183,0.10999999940395355,0.24768154323101044,1.3303834199905396,294.74090576171875,0.5149061679840088,271.8545227050781,258.66424560546875,0.0012874602107331157,4.929748058319092,300.0,0.0716250004867713
20220709.0,1.409999966621399,40.0,12.0,0.05999999865889549,0.1080000028014183,0.10999999940395355,0.24768154323101044,1.3303834199905396,295.4103088378906,0.5140698552131653,275.81854248046875,264.108154296875,0.0030063483864068985,4.629559516906738,300.0,0.071791666559875
20220711.0,1.409999966621399,40.0,12.0,0.05999999865889549,0.1080000028014183,0.10999999940395355,0.24768154323101044,1.3303834199905396,296.6348876953125,0.5119054913520813,278.90716552734375,268.4942626953125,0.0,4.476110935211182,300.0,0.0729583337282141
20220714.0,1.409999966621399,40.0,12.0,0.05999999865889549,0.1080000028014183,0.10999999940395355,0.24768154323101044,1.3303834199905396,297.9189453125,0.525536835193634,279.8203125,273.5462951660156,0.0008627870120108128,4.121788024902344,300.0,0.0725416665275892
20220716.0,1.409999966621399,40.0,12.0,0.05999999865889549,0.1080000028014183,0.10999999940395355,0.24768154323101044,1.3303834199905396,300.1351318359375,0.5389421582221985,283.41949462890625,276.3993225097656,0.0008553265943191946,3.8955018520355225,300.0,0.0710416669026017
20220717.0,1.409999966621399,40.0,12.0,0.05999999865889549,0.1080000028014183,0.10999999940395355,0.24768154323101044,1.3303834199905396,300.0947265625,0.5459177494049072,283.50042724609375,273.10113525390625,0.001722574234008789,3.603884696960449,300.0,0.0694166670242945
20220719.0,1.409999966621399,40.0,12.0,0.05999999865889549,0.1080000028014183,0.10999999940395355,0.24768154323101044,1.3303834199905396,299.7481994628906,0.5613205432891846,283.1589660644531,274.5416259765625,0.0017168454360216856,3.0271472930908203,300.0,0.0658333329483867
20220722.0,1.409999966621399,40.0,12.0,0.05999999865889549,0.1080000028014183,0.10999999940395355,0.24768154323101044,1.3303834199905396,300.9610595703125,0.5375187397003174,282.77862548828125,273.49945068359375,0.0011831540614366531,2.559704065322876,300.0,0.0593749995653828
20220724.0,1.409999966621399,40.0,12.0,0.05999999865889549,0.1080000028014183,0.10999999940395355,0.24768154323101044,1.3303834199905396,301.2528991699219,0.5102657079696655,282.39776611328125,273.11138916015625,0.007107260171324015,2.3439624309539795,300.0,0.0556666674092412
20220725.0,1.409999966621399,40.0,12.0,0.05999999865889549,0.1080000028014183,0.10999999940395355,0.24768154323101044,1.3303834199905396,300.64056396484375,0.496335506439209,284.0673828125,272.9021301269531,0.12811727821826935,2.2730562686920166,300.0,0.0535000003874302
20220727.0,1.409999966621399,40.0,12.0,0.05999999865889549,0.1080000028014183,0.10999999940395355,0.24768154323101044,1.3303834199905396,299.1989440917969,0.46748653054237366,280.568359375,273.3194580078125,0.5376803278923035,2.2284200191497803,300.0,0.0500833326950669
20220730.0,1.409999966621399,40.0,12.0,0.05999999865889549,0.1080000028014183,0.10999999940395355,0.24768154323101044,1.3303834199905396,296.06842041015625,0.4684199392795563,268.42193603515625,256.48626708984375,1.2448102235794067,2.8984375,300.0,0.0479999990625815
20220801.0,1.409999966621399,40.0,12.0,0.05999999865889549,0.1080000028014183,0.10999999940395355,0.24768154323101044,1.3303834199905396,297.3137512207031,0.48006895184516907,271.6416931152344,259.7689208984375,1.234587550163269,3.825730800628662,300.0,0.0512631582586389
20220802.0,1.409999966621399,40.0,12.0,0.05999999865889549,0.1080000028014183,0.10999999940395355,0.24768154323101044,1.3303834199905396,298.3354187011719,0.4862804114818573,270.9671325683594,258.3714599609375,0.0013329564826563,4.285602569580078,300.0,0.0533157902720727
20220804.0,1.409999966621399,40.0,12.0,0.05999999865889549,0.1080000028014183,0.10999999940395355,0.24768154323101044,1.3303834199905396,298.0530090332031,0.49919432401657104,274.67706298828125,261.25531005859375,0.5240671038627625,3.8674681186676025,300.0,0.057454545728185
20220924.0,1.409999966621399,40.0,12.0,0.05999999865889549,0.1080000028014183,0.10999999940395355,0.24768154323101044,1.3303834199905396,288.8542785644531,0.36350274085998535,254.82476806640625,239.4410400390625,18.223445892333984,2.418886423110962,300.0,0.080958333487312
20220927.0,1.409999966621399,40.0,12.0,0.05999999865889549,0.1080000028014183,0.10999999940395355,0.24768154323101044,1.3303834199905396,286.69451904296875,0.38946014642715454,262.6826171875,249.46170043945312,0.0031560277566313744,2.537128210067749,300.0,0.0858695656061172
20220929.0,1.409999966621399,40.0,12.0,0.05999999865889549,0.1080000028014183,0.10999999940395355,0.24768154323101044,1.3303834199905396,285.28857421875,0.40802904963493347,266.09857177734375,252.79421997070312,3.924129009246826,1.7055922746658325,300.0,0.0866666659712791
20220930.0,1.409999966621399,40.0,12.0,0.05999999865889549,0.1080000028014183,0.10999999940395355,0.24768154323101044,1.3303834199905396,284.5073547363281,0.4145548641681671,266.7593688964844,254.04136657714844,0.3509845435619354,2.60573410987854,300.0,0.0863750002657374
20221002.0,1.409999966621399,40.0,12.0,0.05999999865889549,0.1080000028014183,0.10999999940395355,0.24768154323101044,1.3303834199905396,287.81884765625,0.40852200984954834,266.84228515625,258.21661376953125,0.0,2.532588243484497,300.0,0.0842083326230447
20221005.0,1.409999966621399,40.0,12.0,0.05999999865889549,0.1080000028014183,0.10999999940395355,0.24768154323101044,1.3303834199905396,288.72210693359375,0.3984823226928711,270.87548828125,261.46551513671875,0.8807902336120605,2.0039122104644775,300.0,0.0811250004917383
20221007.0,1.409999966621399,40.0,12.0,0.05999999865889549,0.1080000028014183,0.10999999940395355,0.24768154323101044,1.3303834199905396,287.32501220703125,0.39119771122932434,273.2043151855469,264.22454833984375,17.73590660095215,1.1400455236434937,300.0,0.0787500031292439
20221008.0,1.409999966621399,40.0,12.0,0.05999999865889549,0.1080000028014183,0.10999999940395355,0.24768154323101044,1.3303834199905396,288.6815490722656,0.38868993520736694,270.97357177734375,258.96722412109375,9.236883163452148,2.056041955947876,300.0,0.0781666686137517
20221010.0,1.409999966621399,40.0,12.0,0.05999999865889549,0.1080000028014183,0.10999999940395355,0.24768154323101044,1.3303834199905396,287.469482421875,0.39126890897750854,263.4488220214844,250.63259887695312,0.8338323831558228,1.5180244445800781,300.0,0.0764999985694885
20221023.0,1.409999966621399,40.0,12.0,0.05999999865889549,0.1080000028014183,0.10999999940395355,0.24768154323101044,1.3303834199905396,287.223388671875,0.4535886347293854,265.0166931152344,251.5098876953125,0.07607139647006989,1.3339956998825073,300.0,0.0754782612556997
20221024.0,1.409999966621399,40.0,12.0,0.05999999865889549,0.1080000028014183,0.10999999940395355,0.24768154323101044,1.3303834199905396,286.9748840332031,0.45956602692604065,263.5606689453125,250.79835510253906,0.4152550995349884,1.7989652156829834,300.0,0.0773333335916201
20221026.0,1.409999966621399,40.0,12.0,0.05999999865889549,0.1080000028014183,0.10999999940395355,0.24768154323101044,1.3303834199905396,288.2288818359375,0.43608376383781433,267.9954833984375,254.55142211914062,0.06045452505350113,1.8639328479766846,300.0,0.0803684211875263
20221029.0,1.409999966621399,40.0,12.0,0.05999999865889549,0.1080000028014183,0.10999999940395355,0.24768154323101044,1.3303834199905396,285.7345275878906,0.4013460874557495,268.0482177734375,256.69866943359375,0.001329869613982737,1.835854411125183,300.0,0.0814166677494844
20221031.0,1.409999966621399,40.0,12.0,0.05999999865889549,0.1080000028014183,0.10999999940395355,0.24768154323101044,1.3303834199905396,286.5620422363281,0.37759286165237427,270.4578552246094,262.0794677734375,11.113137245178223,0.8889756798744202,300.0,0.0812500007450581
20221101.0,1.409999966621399,40.0,12.0,0.05999999865889549,0.1080000028014183,0.10999999940395355,0.24768154323101044,1.3303834199905396,286.54803466796875,0.36887237429618835,266.8433837890625,256.41375732421875,0.19874662160873413,1.6610257625579834,300.0,0.080958333487312
20221103.0,1.409999966621399,40.0,12.0,0.05999999865889549,0.1080000028014183,0.10999999940395355,0.24768154323101044,1.3303834199905396,284.907470703125,0.3719915449619293,268.006591796875,257.0983581542969,1.876563310623169,0.6788092255592346,300.0,0.0798333324491978
20221106.0,1.409999966621399,40.0,12.0,0.05999999865889549,0.1080000028014183,0.10999999940395355,0.24768154323101044,1.3303834199905396,281.095703125,0.37776580452919006,264.0619201660156,252.677734375,0.0008522930438630283,1.355884313583374,300.0,0.0770416663338741
20221108.0,1.409999966621399,40.0,12.0,0.05999999865889549,0.1080000028014183,0.10999999940395355,0.24768154323101044,1.3303834199905396,282.73077392578125,0.38184839487075806,267.0048828125,254.0442657470703,0.0009423295850865543,1.1757652759552002,300.0,0.0769583328316609
20221109.0,1.409999966621399,40.0,12.0,0.05999999865889549,0.1080000028014183,0.10999999940395355,0.24768154323101044,1.3303834199905396,283.7902526855469,0.3841114342212677,266.78985595703125,256.7845153808594,0.23488882184028625,1.0561572313308716,300.0,0.0771818181330508
20221111.0,1.409999966621399,40.0,12.0,0.05999999865889549,0.1080000028014183,0.10999999940395355,0.24768154323101044,1.3303834199905396,284.1804504394531,0.39012449979782104,267.1394958496094,255.9417266845703,0.020429639145731926,1.5145148038864136,300.0,0.0766666655739148
20221114.0,1.409999966621399,40.0,12.0,0.05999999865889549,0.1080000028014183,0.10999999940395355,0.24768154323101044,1.3303834199905396,283.86260986328125,0.3993821144104004,267.362548828125,258.4677734375,0.8216043710708618,1.051186442375183,300.0,0.0757499989122152
20221116.0,1.409999966621399,40.0,12.0,0.05999999865889549,0.1080000028014183,0.10999999940395355,0.24768154323101044,1.3303834199905396,283.2137451171875,0.4072108566761017,269.2166748046875,260.2326354980469,0.18248793482780457,1.0787978172302246,300.0,0.0751250023022294
20221119.0,1.409999966621399,40.0,12.0,0.05999999865889549,0.1080000028014183,0.10999999940395355,0.24768154323101044,1.3303834199905396,278.2159729003906,0.36992791295051575,267.0224304199219,256.7107849121094,0.22521914541721344,1.3415995836257935,300.0,0.0729166654249032
20221122.0,1.409999966621399,40.0,12.0,0.05999999865889549,0.1080000028014183,0.10999999940395355,0.24768154323101044,1.3303834199905396,277.76220703125,0.31540241837501526,255.49728393554688,239.2548370361328,0.25597357749938965,1.385880947113037,300.0,0.0839583358416955
20221124.0,1.409999966621399,40.0,12.0,0.05999999865889549,0.1080000028014183,0.10999999940395355,0.24768154323101044,1.3303834199905396,279.27398681640625,0.2793278098106384,262.79876708984375,249.494873046875,0.6431084871292114,0.7981759905815125,300.0,0.0903750009213885
20221125.0,1.409999966621399,40.0,12.0,0.05999999865889549,0.1080000028014183,0.10999999940395355,0.24768154323101044,1.3303834199905396,279.9535827636719,0.2624971568584442,260.9154052734375,248.71383666992188,1.7636891603469849,0.8425029516220093,300.0,0.0909545445306735
20221127.0,1.409999966621399,40.0,12.0,0.05999999865889549,0.1080000028014183,0.10999999940395355,0.24768154323101044,1.3303834199905396,276.4456787109375,0.23530252277851105,261.1127014160156,247.63711547851562,0.0004965074476785958,0.6671679615974426,300.0,0.0893333355585734
20221130.0,1.409999966621399,40.0,12.0,0.05999999865889549,0.1080000028014183,0.10999999940395355,0.24768154323101044,1.3303834199905396,276.141357421875,0.19563797116279602,255.68508911132812,241.013427734375,0.016020869836211205,0.5624030232429504,300.0,0.127999999374151
20221202.0,1.409999966621399,40.0,12.0,0.05999999865889549,0.1080000028014183,0.10999999940395355,0.24768154323101044,1.3303834199905396,275.6300048828125,0.16817960143089294,257.76690673828125,243.13211059570312,0.004327935632318258,0.7175812721252441,300.0,0.130727269432761
20221203.0,1.409999966621399,40.0,12.0,0.05999999865889549,0.1080000028014183,0.10999999940395355,0.24768154323101044,1.3303834199905396,274.1735534667969,0.1574854999780655,257.34210205078125,245.47470092773438,2.129110813140869,0.45763009786605835,300.0,0.13063636015762
20221205.0,1.409999966621399,40.0,12.0,0.05999999865889549,0.1080000028014183,0.10999999940395355,0.24768154323101044,1.3303834199905396,274.5448913574219,0.1797214150428772,256.46881103515625,244.3594512939453,0.15708118677139282,0.44439420104026794,300.0,0.13673913349276
20221208.0,1.409999966621399,40.0,12.0,0.05999999865889549,0.1080000028014183,0.10999999940395355,0.24768154323101044,1.3303834199905396,278.6736755371094,0.2138654589653015,257.3525085449219,245.17977905273438,7.668136119842529,0.317177951335907,300.0,0.141952379828408
20221211.0,1.409999966621399,40.0,12.0,0.05999999865889549,0.1080000028014183,0.10999999940395355,0.24768154323101044,1.3303834199905396,273.0484619140625,0.2472676932811737,256.20562744140625,244.5972137451172,0.8174434304237366,0.31072869896888733,300.0,0.202785714396409
20221213.0,1.409999966621399,40.0,12.0,0.05999999865889549,0.1080000028014183,0.10999999940395355,0.24768154323101044,1.3303834199905396,278.39013671875,0.24498607218265533,246.62693786621094,232.27163696289062,7.269415378570557,0.39705121517181396,300.0,0.278791667272647
20221216.0,1.409999966621399,40.0,12.0,0.05999999865889549,0.1080000028014183,0.10999999940395355,0.24768154323101044,1.3303834199905396,277.6914978027344,0.24046854674816132,246.84051513671875,232.78089904785156,0.39448919892311096,0.36114123463630676,300.0,0.313541668156783
20221218.0,1.409999966621399,40.0,12.0,0.05999999865889549,0.1080000028014183,0.10999999940395355,0.24768154323101044,1.3303834199905396,276.242919921875,0.23702962696552277,246.87966918945312,231.77886962890625,0.009200089611113071,0.48882463574409485,300.0,0.296791666497787
20221219.0,1.409999966621399,40.0,12.0,0.05999999865889549,0.1080000028014183,0.10999999940395355,0.24768154323101044,1.3303834199905396,278.0782470703125,0.23576949536800385,249.57998657226562,233.59359741210938,0.04878966137766838,0.2661583125591278,300.0,0.289583332836628
20221221.0,1.409999966621399,40.0,12.0,0.05999999865889549,0.1080000028014183,0.10999999940395355,0.24768154323101044,1.3303834199905396,278.29486083984375,0.23633238673210144,252.1900634765625,235.70236206054688,0.0019643306732177734,0.4615474343299866,300.0,0.279291668285926
20221224.0,1.409999966621399,40.0,12.0,0.05999999865889549,0.1080000028014183,0.10999999940395355,0.24768154323101044,1.3303834199905396,278.96331787109375,0.23744958639144897,251.9815673828125,238.8114013671875,0.0013012676499783993,0.6577845811843872,300.0,0.266666661947966
20221226.0,1.409999966621399,40.0,12.0,0.05999999865889549,0.1080000028014183,0.10999999940395355,0.24768154323101044,1.3303834199905396,277.898193359375,0.23969778418540955,254.1787109375,238.1968536376953,0.000852346362080425,0.6718564033508301,300.0,0.255208333333333
20221227.0,1.409999966621399,40.0,12.0,0.05999999865889549,0.1080000028014183,0.10999999940395355,0.24768154323101044,1.3303834199905396,277.2125244140625,0.23622764647006989,251.9068603515625,239.22064208984375,0.0013711052015423775,0.5305230617523193,300.0,0.24999999627471
20221229.0,1.409999966621399,40.0,12.0,0.05999999865889549,0.1080000028014183,0.10999999940395355,0.24768154323101044,1.3303834199905396,276.7543640136719,0.19870199263095856,254.3186798095703,239.61044311523438,0.008232430554926395,0.4725516736507416,300.0,0.242416666199764
20230101.0,1.409999966621399,40.0,12.0,0.05999999865889549,0.1080000028014183,0.10999999940395355,0.24768154323101044,1.3303834199905396,277.8576354980469,0.36771589517593384,255.7203369140625,242.14898681640625,0.0008523463038727641,0.5828453302383423,300.0,0.232624997074405
20230103.0,1.409999966621399,40.0,12.0,0.05999999865889549,0.1080000028014183,0.10999999940395355,0.24768154323101044,1.3303834199905396,278.83013916015625,0.3664780259132385,257.84521484375,243.69363403320312,0.5513109564781189,0.7425739169120789,300.0,0.226333330074946
20230104.0,1.409999966621399,40.0,12.0,0.05999999865889549,0.1080000028014183,0.10999999940395355,0.24768154323101044,1.3303834199905396,276.4908752441406,0.36585941910743713,253.43121337890625,243.37347412109375,0.003502847161144018,0.5899410247802734,300.0,0.223833338047067
20230106.0,1.409999966621399,40.0,12.0,0.05999999865889549,0.1080000028014183,0.10999999940395355,0.24768154323101044,1.3303834199905396,275.14508056640625,0.36616289615631104,256.36370849609375,243.38491821289062,0.0010024183429777622,0.5368174910545349,300.0,0.218999996781349
20230109.0,1.409999966621399,40.0,12.0,0.05999999865889549,0.1080000028014183,0.10999999940395355,0.24768154323101044,1.3303834199905396,277.1128234863281,0.3663862347602844,249.7481689453125,234.2314453125,0.09148381650447845,1.1366521120071411,300.0,0.266208336999019
20230111.0,1.409999966621399,40.0,12.0,0.05999999865889549,0.1080000028014183,0.10999999940395355,0.24768154323101044,1.3303834199905396,275.6678161621094,0.3546961545944214,250.02999877929688,234.3583984375,6.139364268165082e-05,0.40980231761932373,300.0,0.268750001986821
20230112.0,1.409999966621399,40.0,12.0,0.05999999865889549,0.1080000028014183,0.10999999940395355,0.24768154323101044,1.3303834199905396,275.56744384765625,0.3488929569721222,252.77053833007812,239.77796936035156,0.006694801617413759,0.7512267231941223,300.0,0.264499995857477
20230114.0,1.409999966621399,40.0,12.0,0.05999999865889549,0.1080000028014183,0.10999999940395355,0.24768154323101044,1.3303834199905396,275.4402770996094,0.33728280663490295,253.32542419433594,240.30435180664062,0.0022944544907659292,0.48820266127586365,300.0,0.255458335081736
20230117.0,1.409999966621399,40.0,12.0,0.05999999865889549,0.1080000028014183,0.10999999940395355,0.24768154323101044,1.3303834199905396,277.17230224609375,0.32200944423675537,247.84609985351562,233.78509521484375,1.1161569356918335,1.1784688234329224,300.0,0.294333335012197
20230119.0,1.409999966621399,40.0,12.0,0.05999999865889549,0.1080000028014183,0.10999999940395355,0.24768154323101044,1.3303834199905396,273.21197509765625,0.341215580701828,254.3466796875,240.53598022460938,1.0177528858184814,0.7450046539306641,300.0,0.289500000576178
20230120.0,1.409999966621399,40.0,12.0,0.05999999865889549,0.1080000028014183,0.10999999940395355,0.24768154323101044,1.3303834199905396,274.15771484375,0.3509369194507599,253.0093994140625,238.9574737548828,0.15543347597122192,1.1297204494476318,300.0,0.287863639268008
20230202.0,1.409999966621399,40.0,12.0,0.05999999865889549,0.1080000028014183,0.10999999940395355,0.24768154323101044,1.3303834199905396,273.4648132324219,0.38846680521965027,258.68231201171875,248.56710815429688,0.001710653305053711,0.5114505290985107,300.0,0.239349993318319
20230204.0,1.409999966621399,40.0,12.0,0.05999999865889549,0.1080000028014183,0.10999999940395355,0.24768154323101044,1.3303834199905396,274.7701110839844,0.39858168363571167,258.36041259765625,247.92803955078125,0.0,0.8365653157234192,300.0,0.237916668256124
20230205.0,1.409999966621399,40.0,12.0,0.05999999865889549,0.1080000028014183,0.10999999940395355,0.24768154323101044,1.3303834199905396,274.7954406738281,0.4036686420440674,259.7821350097656,248.94607543945312,0.0016990106087177992,0.8662359118461609,300.0,0.235684211316862
20230207.0,1.409999966621399,40.0,12.0,0.05999999865889549,0.1080000028014183,0.10999999940395355,0.24768154323101044,1.3303834199905396,273.6825866699219,0.4145296812057495,258.6429443359375,245.35926818847656,15.417027473449707,0.7153646945953369,300.0,0.238958334550261
20230210.0,1.409999966621399,40.0,12.0,0.05999999865889549,0.1080000028014183,0.10999999940395355,0.24768154323101044,1.3303834199905396,273.56854248046875,0.43056073784828186,255.05555725097656,243.30429077148438,0.07899606972932816,0.7821760773658752,300.0,0.271466668446859
20230212.0,1.409999966621399,40.0,12.0,0.05999999865889549,0.1080000028014183,0.10999999940395355,0.24768154323101044,1.3303834199905396,273.7640380859375,0.4358038604259491,257.6302490234375,247.5852813720703,0.0,0.7414203882217407,300.0,0.260750000675519
20230213.0,1.409999966621399,40.0,12.0,0.05999999865889549,0.1080000028014183,0.10999999940395355,0.24768154323101044,1.3303834199905396,274.75762939453125,0.438432902097702,257.9613342285156,250.35549926757812,0.0,0.901081919670105,300.0,0.255541668583949
20230215.0,1.409999966621399,40.0,12.0,0.05999999865889549,0.1080000028014183,0.10999999940395355,0.24768154323101044,1.3303834199905396,275.6907043457031,0.44350963830947876,256.3474426269531,245.41952514648438,0.003021200420334935,0.9864664077758789,300.0,0.246666667982936
20230218.0,1.409999966621399,40.0,12.0,0.05999999865889549,0.1080000028014183,0.10999999940395355,0.24768154323101044,1.3303834199905396,277.7319030761719,0.45105990767478943,257.834716796875,246.78201293945312,0.002152815693989396,1.4912266731262207,300.0,0.235791667674979
20230220.0,1.409999966621399,40.0,12.0,0.05999999865889549,0.1080000028014183,0.10999999940395355,0.24768154323101044,1.3303834199905396,279.69940185546875,0.43793028593063354,260.0698547363281,248.5760498046875,0.0008702276973053813,1.595897912979126,300.0,0.229541669910153
20230221.0,1.409999966621399,40.0,12.0,0.05999999865889549,0.1080000028014183,0.10999999940395355,0.24768154323101044,1.3303834199905396,280.03790283203125,0.4314117133617401,260.21209716796875,249.2690887451172,0.03400183841586113,1.4561461210250854,300.0,0.226541663830479
20230223.0,1.409999966621399,40.0,12.0,0.05999999865889549,0.1080000028014183,0.10999999940395355,0.24768154323101044,1.3303834199905396,280.2139587402344,0.41854801774024963,261.43011474609375,251.80484008789062,15.491095542907715,1.1255189180374146,300.0,0.220750000327826
20230226.0,1.409999966621399,40.0,12.0,0.05999999865889549,0.1080000028014183,0.10999999940395355,0.24768154323101044,1.3303834199905396,277.6419982910156,0.3976938724517822,252.3551025390625,238.64027404785156,2.5042645931243896,1.840590000152588,300.0,0.264777766333686
20230303.0,1.409999966621399,40.0,12.0,0.05999999865889549,0.1080000028014183,0.10999999940395355,0.24768154323101044,1.3303834199905396,276.39678955078125,0.29854506254196167,257.31231689453125,246.4912109375,0.021339435130357742,1.6359513998031616,300.0,0.240176465581445
20230306.0,1.409999966621399,40.0,12.0,0.05999999865889549,0.1080000028014183,0.10999999940395355,0.24768154323101044,1.3303834199905396,277.1120910644531,0.24514181911945343,258.2713623046875,248.49281311035156,0.008803940378129482,1.7485488653182983,300.0,0.231541665270925
20230308.0,1.409999966621399,40.0,12.0,0.05999999865889549,0.1080000028014183,0.10999999940395355,0.24768154323101044,1.3303834199905396,281.16632080078125,0.25761839747428894,261.3983154296875,250.2889862060547,0.003252436174079776,1.8366504907608032,300.0,0.224999999006589
20230309.0,1.409999966621399,40.0,12.0,0.05999999865889549,0.1080000028014183,0.10999999940395355,0.24768154323101044,1.3303834199905396,282.15338134765625,0.263914555311203,263.2841491699219,252.44468688964844,0.9966611862182617,1.6063369512557983,300.0,0.222458337123195
20230311.0,1.409999966621399,40.0,12.0,0.05999999865889549,0.1080000028014183,0.10999999940395355,0.24768154323101044,1.3303834199905396,285.46234130859375,0.27888014912605286,262.95794677734375,253.0106201171875,0.0013002727646380663,2.4088006019592285,300.0,0.215958333263795
20230314.0,1.409999966621399,40.0,12.0,0.05999999865889549,0.1080000028014183,0.10999999940395355,0.24768154323101044,1.3303834199905396,283.3918151855469,0.2989520728588104,264.0550537109375,255.4156951904297,0.03244316205382347,2.804088830947876,300.0,0.201875000571211
20230316.0,1.409999966621399,40.0,12.0,0.05999999865889549,0.1080000028014183,0.10999999940395355,0.24768154323101044,1.3303834199905396,283.6902160644531,0.27418142557144165,264.49078369140625,253.90113830566406,0.016900986433029175,2.0969772338867188,300.0,0.191458333904545
20230317.0,1.409999966621399,40.0,12.0,0.05999999865889549,0.1080000028014183,0.10999999940395355,0.24768154323101044,1.3303834199905396,282.91070556640625,0.2620090842247009,264.632568359375,254.72142028808594,0.02076086215674877,1.9349702596664429,300.0,0.186333332831661
20230319.0,1.409999966621399,40.0,12.0,0.05999999865889549,0.1080000028014183,0.10999999940395355,0.24768154323101044,1.3303834199905396,282.5909423828125,0.23639172315597534,264.4351806640625,255.4726104736328,2.5459115505218506,1.8127111196517944,300.0,0.180208332836628
20230322.0,1.409999966621399,40.0,12.0,0.05999999865889549,0.1080000028014183,0.10999999940395355,0.24768154323101044,1.3303834199905396,285.1133117675781,0.20137615501880646,265.4921569824219,258.35760498046875,0.004599575884640217,2.407371997833252,300.0,0.165083333229025
20230324.0,1.409999966621399,40.0,12.0,0.05999999865889549,0.1080000028014183,0.10999999940395355,0.24768154323101044,1.3303834199905396,285.0287780761719,0.20922334492206573,267.1197509765625,258.4443054199219,0.0025629668962210417,2.0287463665008545,300.0,0.150291666388512
20230325.0,1.409999966621399,40.0,12.0,0.05999999865889549,0.1080000028014183,0.10999999940395355,0.24768154323101044,1.3303834199905396,284.4350280761719,0.21317210793495178,267.9327392578125,258.757080078125,0.03422680124640465,2.2834320068359375,300.0,0.143833334247271
20230327.0,1.409999966621399,40.0,12.0,0.05999999865889549,0.1080000028014183,0.10999999940395355,0.24768154323101044,1.3303834199905396,285.016845703125,0.22249355912208557,266.4375,257.238037109375,0.0015919690486043692,2.4810173511505127,300.0,0.130708334967494
20230330.0,1.409999966621399,40.0,12.0,0.05999999865889549,0.1080000028014183,0.10999999940395355,0.24768154323101044,1.3303834199905396,286.36456298828125,0.23654109239578247,269.50311279296875,261.3011474609375,0.0,2.6633026599884033,300.0,0.112708333879709
20230401.0,1.409999966621399,40.0,12.0,0.05999999865889549,0.1080000028014183,0.10999999940395355,0.24768154323101044,1.3303834199905396,284.62274169921875,0.25099512934684753,269.0575256347656,262.48681640625,0.2625854015350342,1.9701154232025146,300.0,0.103000000740091
20230402.0,1.409999966621399,40.0,12.0,0.05999999865889549,0.1080000028014183,0.10999999940395355,0.24768154323101044,1.3303834199905396,283.8682556152344,0.2583008408546448,269.085693359375,260.49237060546875,0.005813435651361942,2.2324886322021484,300.0,0.0984166668107112
20230404.0,1.409999966621399,40.0,12.0,0.05999999865889549,0.1080000028014183,0.10999999940395355,0.24768154323101044,1.3303834199905396,284.0076599121094,0.27310675382614136,264.636962890625,260.7469787597656,0.4143005907535553,2.1566708087921143,300.0,0.0921666671832403
20230407.0,1.409999966621399,40.0,12.0,0.05999999865889549,0.1080000028014183,0.10999999940395355,0.24768154323101044,1.3303834199905396,285.1670227050781,0.29486244916915894,267.9140319824219,260.26080322265625,0.0008573618251830339,2.1830005645751953,300.0,0.0853750016540289
20230409.0,1.409999966621399,40.0,12.0,0.05999999865889549,0.1080000028014183,0.10999999940395355,0.24768154323101044,1.3303834199905396,285.9789123535156,0.2966998815536499,271.7459716796875,260.456298828125,0.0012814997462555766,2.113480567932129,300.0,0.0808333332339923
20230410.0,1.409999966621399,40.0,12.0,0.05999999865889549,0.1080000028014183,0.10999999940395355,0.24768154323101044,1.3303834199905396,287.9645080566406,0.2976198196411133,272.00762939453125,265.231201171875,0.0008523463038727641,2.0334267616271973,300.0,0.0790833355858922
20230412.0,1.409999966621399,40.0,12.0,0.05999999865889549,0.1080000028014183,0.10999999940395355,0.24768154323101044,1.3303834199905396,287.8379211425781,0.2989259660243988,271.5647277832031,265.56365966796875,0.0014801275683566928,1.9724661111831665,300.0,0.0752500013137857
20230415.0,1.409999966621399,40.0,12.0,0.05999999865889549,0.1080000028014183,0.10999999940395355,0.24768154323101044,1.3303834199905396,286.5417785644531,0.30022433400154114,270.89556884765625,261.69158935546875,0.002114503178745508,1.9079495668411255,300.0,0.0707500005761782
20230417.0,1.409999966621399,40.0,12.0,0.05999999865889549,0.1080000028014183,0.10999999940395355,0.24768154323101044,1.3303834199905396,286.0636291503906,0.2902606725692749,271.28912353515625,264.4538269042969,3.390658378601074,1.9093221426010132,300.0,0.068250000787278
20230418.0,1.409999966621399,40.0,12.0,0.05999999865889549,0.1080000028014183,0.10999999940395355,0.24768154323101044,1.3303834199905396,283.07025146484375,0.28531262278556824,272.8447570800781,262.70904541015625,3.7042346000671387,2.1726818084716797,300.0,0.0672916689266761
20230420.0,1.409999966621399,40.0,12.0,0.05999999865889549,0.1080000028014183,0.10999999940395355,0.24768154323101044,1.3303834199905396,287.1153259277344,0.27495741844177246,267.9483947753906,261.1993408203125,0.9221449494361877,2.3778207302093506,300.0,0.0670000007376075
20230423.0,1.409999966621399,40.0,12.0,0.05999999865889549,0.1080000028014183,0.10999999940395355,0.24768154323101044,1.3303834199905396,288.43994140625,0.2609451115131378,272.38287353515625,263.745849609375,0.48180463910102844,2.248389720916748,300.0,0.0663750004023314
20230425.0,1.409999966621399,40.0,12.0,0.05999999865889549,0.1080000028014183,0.10999999940395355,0.24768154323101044,1.3303834199905396,290.8154602050781,0.271146684885025,271.881103515625,261.25250244140625,1.2255868911743164,1.9911304712295532,300.0,0.0653333328664303
20230426.0,1.409999966621399,40.0,12.0,0.05999999865889549,0.1080000028014183,0.10999999940395355,0.24768154323101044,1.3303834199905396,289.4792785644531,0.27628496289253235,272.1376647949219,264.4306640625,0.35354408621788025,1.7465968132019043,300.0,0.06512500004222
20230428.0,1.409999966621399,40.0,12.0,0.05999999865889549,0.1080000028014183,0.10999999940395355,0.24768154323101044,1.3303834199905396,292.29058837890625,0.28745442628860474,273.5180358886719,265.5614929199219,0.006003315560519695,2.2259984016418457,300.0,0.0635833342870076
20230501.0,1.409999966621399,40.0,12.0,0.05999999865889549,0.1080000028014183,0.10999999940395355,0.24768154323101044,1.3303834199905396,289.5616149902344,0.30574944615364075,266.75042724609375,254.38650512695312,0.4247226417064667,3.7975685596466064,300.0,0.0621666673881312
20230504.0,1.409999966621399,40.0,12.0,0.05999999865889549,0.1080000028014183,0.10999999940395355,0.24768154323101044,1.3303834199905396,289.7736511230469,0.3573286235332489,272.9703369140625,260.2374267578125,0.000858306884765625,2.9017114639282227,300.0,0.0624166674291094
20230506.0,1.409999966621399,40.0,12.0,0.05999999865889549,0.1080000028014183,0.10999999940395355,0.24768154323101044,1.3303834199905396,291.5842590332031,0.3941609561443329,273.87469482421875,267.1338806152344,0.00988830253481865,2.7859838008880615,300.0,0.06158333318308
20230509.0,1.409999966621399,40.0,12.0,0.05999999865889549,0.1080000028014183,0.10999999940395355,0.24768154323101044,1.3303834199905396,289.0677795410156,0.45088231563568115,269.751953125,259.2611999511719,2.6914303302764893,2.1210551261901855,300.0,0.0592083328713973
20230511.0,1.409999966621399,40.0,12.0,0.05999999865889549,0.1080000028014183,0.10999999940395355,0.24768154323101044,1.3303834199905396,285.06097412109375,0.42476320266723633,271.898193359375,263.5012512207031,22.392303466796875,3.9562673568725586,300.0,0.0578333328788479
20230512.0,1.409999966621399,40.0,12.0,0.05999999865889549,0.1080000028014183,0.10999999940395355,0.24768154323101044,1.3303834199905396,283.78424072265625,0.41188862919807434,268.6097412109375,259.84619140625,8.119375228881836,2.9873924255371094,300.0,0.0570833332215746
20230514.0,1.409999966621399,40.0,12.0,0.05999999865889549,0.1080000028014183,0.10999999940395355,0.24768154323101044,1.3303834199905396,286.6099853515625,0.3862977921962738,265.0268859863281,255.10650634765625,2.6154816150665283,3.4266350269317627,300.0,0.0654374994337559
20230517.0,1.409999966621399,40.0,12.0,0.05999999865889549,0.1080000028014183,0.10999999940395355,0.24768154323101044,1.3303834199905396,287.03948974609375,0.3534855842590332,268.94696044921875,258.9999084472656,0.1271197348833084,3.950779438018799,300.0,0.0735416657601794
20230519.0,1.409999966621399,40.0,12.0,0.05999999865889549,0.1080000028014183,0.10999999940395355,0.24768154323101044,1.3303834199905396,285.8641357421875,0.40296027064323425,272.4603576660156,264.2274475097656,6.383993625640869,3.145097017288208,300.0,0.0717916659389933
20230520.0,1.409999966621399,40.0,12.0,0.05999999865889549,0.1080000028014183,0.10999999940395355,0.24768154323101044,1.3303834199905396,286.823974609375,0.42842423915863037,263.14959716796875,251.54769897460938,4.500171184539795,3.553074359893799,300.0,0.0715416666741173
20230522.0,1.409999966621399,40.0,12.0,0.05999999865889549,0.1080000028014183,0.10999999940395355,0.24768154323101044,1.3303834199905396,287.7581481933594,0.48445257544517517,266.97198486328125,256.73785400390625,2.015529155731201,1.9020277261734009,300.0,0.073333332935969
20230525.0,1.409999966621399,40.0,12.0,0.05999999865889549,0.1080000028014183,0.10999999940395355,0.24768154323101044,1.3303834199905396,285.8428955078125,0.5665956735610962,257.0798645019531,243.25579833984375,23.67731285095215,1.9214378595352173,300.0,0.187727273187854
20230527.0,1.409999966621399,40.0,12.0,0.05999999865889549,0.1080000028014183,0.10999999940395355,0.24768154323101044,1.3303834199905396,290.3341369628906,0.5373884439468384,262.0525817871094,248.22702026367188,0.06373967230319977,4.084664821624756,300.0,0.209749997903903
20230528.0,1.409999966621399,40.0,12.0,0.05999999865889549,0.1080000028014183,0.10999999940395355,0.24768154323101044,1.3303834199905396,289.97705078125,0.5229834914207458,266.6405334472656,251.62478637695312,2.7448694705963135,3.585857629776001,300.0,0.197708334152897
20230530.0,1.409999966621399,40.0,12.0,0.05999999865889549,0.1080000028014183,0.10999999940395355,0.24768154323101044,1.3303834199905396,289.3439025878906,0.4908660650253296,269.1012878417969,253.15713500976562,2.447126865386963,2.908397912979126,300.0,0.187624998390675
20230602.0,1.409999966621399,40.0,12.0,0.05999999865889549,0.1080000028014183,0.10999999940395355,0.24768154323101044,1.3303834199905396,288.9013671875,0.4463961124420166,260.7171936035156,245.52345275878906,4.21806526184082,3.2437572479248047,300.0,0.242590907622467
20230604.0,1.409999966621399,40.0,12.0,0.05999999865889549,0.1080000028014183,0.10999999940395355,0.24768154323101044,1.3303834199905396,288.65277099609375,0.4487212598323822,258.882080078125,243.4251708984375,2.787631034851074,3.1514010429382324,300.0,0.303545449267734
20230605.0,1.409999966621399,40.0,12.0,0.05999999865889549,0.1080000028014183,0.10999999940395355,0.24768154323101044,1.3303834199905396,289.7245178222656,0.4498853087425232,262.03759765625,245.9373779296875,15.893820762634277,3.220088243484497,300.0,0.326190477325803
20230607.0,1.409999966621399,40.0,12.0,0.05999999865889549,0.1080000028014183,0.10999999940395355,0.24768154323101044,1.3303834199905396,289.94354248046875,0.4536411464214325,259.684814453125,243.2355499267578,0.06445572525262833,3.0276079177856445,300.0,0.358500000089407
20230610.0,1.409999966621399,40.0,12.0,0.05999999865889549,0.1080000028014183,0.10999999940395355,0.24768154323101044,1.3303834199905396,291.4029235839844,0.4585449993610382,261.34234619140625,249.5369873046875,3.9118359088897705,3.39693284034729,300.0,0.332624999185403
20230612.0,1.409999966621399,40.0,12.0,0.05999999865889549,0.1080000028014183,0.10999999940395355,0.24768154323101044,1.3303834199905396,291.6331787109375,0.45265132188796997,261.66131591796875,243.27105712890625,3.9101951122283936,3.6432387828826904,300.0,0.328500000139077
20230613.0,1.409999966621399,40.0,12.0,0.05999999865889549,0.1080000028014183,0.10999999940395355,0.24768154323101044,1.3303834199905396,290.5472106933594,0.44971367716789246,266.3367614746094,250.19448852539062,20.32440757751465,3.437955617904663,300.0,0.322833330680927
20230615.0,1.409999966621399,40.0,12.0,0.05999999865889549,0.1080000028014183,0.10999999940395355,0.24768154323101044,1.3303834199905396,292.6933288574219,0.4434293508529663,262.98760986328125,245.81646728515625,0.8230928182601929,4.586592674255371,300.0,0.316083338111639
20230618.0,1.409999966621399,40.0,12.0,0.05999999865889549,0.1080000028014183,0.10999999940395355,0.24768154323101044,1.3303834199905396,293.52606201171875,0.4341607987880707,264.4005126953125,250.6461181640625,0.0032527188304811716,3.6807475090026855,300.0,0.273875000576178
20230620.0,1.409999966621399,40.0,12.0,0.05999999865889549,0.1080000028014183,0.10999999940395355,0.24768154323101044,1.3303834199905396,294.54345703125,0.43758517503738403,268.90399169921875,255.1827392578125,0.0017424667021259665,3.5876846313476562,300.0,0.259375000372529
20230621.0,1.409999966621399,40.0,12.0,0.05999999865889549,0.1080000028014183,0.10999999940395355,0.24768154323101044,1.3303834199905396,295.6369323730469,0.4393005669116974,270.81524658203125,259.0948486328125,4.645110130310059,4.274054050445557,300.0,0.24091666440169
20230623.0,1.409999966621399,40.0,12.0,0.05999999865889549,0.1080000028014183,0.10999999940395355,0.24768154323101044,1.3303834199905396,295.2893981933594,0.442770391702652,273.388671875,261.1950988769531,0.31542715430259705,4.418705463409424,300.0,0.201208330069979
20230626.0,1.409999966621399,40.0,12.0,0.05999999865889549,0.1080000028014183,0.10999999940395355,0.24768154323101044,1.3303834199905396,297.1232604980469,0.44725301861763,277.34033203125,266.8496398925781,1.4826925992965698,4.211669445037842,300.0,0.135083336383104
20230628.0,1.409999966621399,40.0,12.0,0.05999999865889549,0.1080000028014183,0.10999999940395355,0.24768154323101044,1.3303834199905396,296.11029052734375,0.4391239881515503,277.1229248046875,267.7559814453125,7.927034854888916,3.4020025730133057,300.0,0.113624998678764
20230629.0,1.409999966621399,40.0,12.0,0.05999999865889549,0.1080000028014183,0.10999999940395355,0.24768154323101044,1.3303834199905396,293.5972595214844,0.43507736921310425,276.8316345214844,267.6650695800781,22.195695877075195,3.0251195430755615,300.0,0.108833331614733
20230701.0,1.409999966621399,40.0,12.0,0.05999999865889549,0.1080000028014183,0.10999999940395355,0.24768154323101044,1.3303834199905396,293.372802734375,0.42638856172561646,263.1768798828125,246.0010528564453,1.6453025341033936,4.5031867027282715,300.0,0.132681818848306
20230704.0,1.409999966621399,40.0,12.0,0.05999999865889549,0.1080000028014183,0.10999999940395355,0.24768154323101044,1.3303834199905396,292.82977294921875,0.41676488518714905,272.07354736328125,262.063720703125,31.416440963745117,3.434967041015625,300.0,0.111041667871177
20230706.0,1.409999966621399,40.0,12.0,0.05999999865889549,0.1080000028014183,0.10999999940395355,0.24768154323101044,1.3303834199905396,292.2150573730469,0.4603085517883301,267.5703125,253.34609985351562,19.738264083862305,3.4483535289764404,300.0,0.107958333256344
20230707.0,1.409999966621399,40.0,12.0,0.05999999865889549,0.1080000028014183,0.10999999940395355,0.24768154323101044,1.3303834199905396,293.8773193359375,0.4825941324234009,266.7455139160156,252.9048309326172,0.039565835148096085,4.580135822296143,300.0,0.105958332307637
20230709.0,1.409999966621399,40.0,12.0,0.05999999865889549,0.1080000028014183,0.10999999940395355,0.24768154323101044,1.3303834199905396,297.8048400878906,0.530678391456604,273.15496826171875,260.89923095703125,0.0009555415599606931,5.255589008331299,300.0,0.0962916662295659
20230712.0,1.409999966621399,40.0,12.0,0.05999999865889549,0.1080000028014183,0.10999999940395355,0.24768154323101044,1.3303834199905396,298.175048828125,0.6022235155105591,280.32305908203125,270.880859375,0.07116423547267914,4.715880393981934,300.0,0.0827083320667346
20230714.0,1.409999966621399,40.0,12.0,0.05999999865889549,0.1080000028014183,0.10999999940395355,0.24768154323101044,1.3303834199905396,296.7765197753906,0.602887749671936,277.2738342285156,269.60723876953125,0.2055727243423462,3.937343120574951,300.0,0.0775000005960464
20230715.0,1.409999966621399,40.0,12.0,0.05999999865889549,0.1080000028014183,0.10999999940395355,0.24768154323101044,1.3303834199905396,297.37310791015625,0.6032199263572693,279.35369873046875,271.375732421875,0.25161898136138916,4.165779113769531,300.0,0.0753333338846763
20230717.0,1.409999966621399,40.0,12.0,0.05999999865889549,0.1080000028014183,0.10999999940395355,0.24768154323101044,1.3303834199905396,298.3292541503906,0.6017555594444275,278.93157958984375,272.87066650390625,0.002319012302905321,4.263511657714844,300.0,0.0723333315302928
20230720.0,1.409999966621399,40.0,12.0,0.05999999865889549,0.1080000028014183,0.10999999940395355,0.24768154323101044,1.3303834199905396,298.7994689941406,0.5998986959457397,281.0594482421875,272.10577392578125,0.24685676395893097,3.8063695430755615,300.0,0.0669166681667169
20230722.0,1.409999966621399,40.0,12.0,0.05999999865889549,0.1080000028014183,0.10999999940395355,0.24768154323101044,1.3303834199905396,295.085205078125,0.6005557179450989,277.67095947265625,268.7723388671875,7.297968864440918,3.562364101409912,300.0,0.0634583352754513
20230723.0,1.409999966621399,40.0,12.0,0.05999999865889549,0.1080000028014183,0.10999999940395355,0.24768154323101044,1.3303834199905396,296.39031982421875,0.600884199142456,280.010986328125,271.39715576171875,0.05328955501317978,4.031530380249023,300.0,0.062291666554908
20230725.0,1.409999966621399,40.0,12.0,0.05999999865889549,0.1080000028014183,0.10999999940395355,0.24768154323101044,1.3303834199905396,295.1510925292969,0.601568877696991,279.14990234375,270.39947509765625,1.918296456336975,4.608512878417969,300.0,0.0599166663984458
20230728.0,1.409999966621399,40.0,12.0,0.05999999865889549,0.1080000028014183,0.10999999940395355,0.24768154323101044,1.3303834199905396,296.0406494140625,0.6027290225028992,262.9664306640625,250.85498046875,0.3733980655670166,4.444471836090088,300.0,0.0565833336052795
20230730.0,1.409999966621399,40.0,12.0,0.05999999865889549,0.1080000028014183,0.10999999940395355,0.24768154323101044,1.3303834199905396,296.4071960449219,0.6243550777435303,277.8511962890625,267.212158203125,1.7193591594696045,3.0393118858337402,300.0,0.0564166676873962
20230731.0,1.409999966621399,40.0,12.0,0.05999999865889549,0.1080000028014183,0.10999999940395355,0.24768154323101044,1.3303834199905396,296.5693664550781,0.635269284248352,279.8787841796875,269.49420166015625,0.2495793253183365,4.0099568367004395,300.0,0.0565000001030664
20230802.0,1.409999966621399,40.0,12.0,0.05999999865889549,0.1080000028014183,0.10999999940395355,0.24768154323101044,1.3303834199905396,298.0042724609375,0.6573619246482849,279.270751953125,270.8644104003906,0.05379907786846161,4.104199409484863,300.0,0.0570416670913498
20230805.0,1.409999966621399,40.0,12.0,0.05999999865889549,0.1080000028014183,0.10999999940395355,0.24768154323101044,1.3303834199905396,292.0719299316406,0.68958580493927,275.87176513671875,268.13818359375,0.000858306884765625,4.313491344451904,300.0,0.054916667441527
20230807.0,1.409999966621399,40.0,12.0,0.05999999865889549,0.1080000028014183,0.10999999940395355,0.24768154323101044,1.3303834199905396,293.36590576171875,0.6897678375244141,278.8170166015625,271.28826904296875,5.306893348693848,4.275849342346191,300.0,0.0540833338163793
20230808.0,1.409999966621399,40.0,12.0,0.05999999865889549,0.1080000028014183,0.10999999940395355,0.24768154323101044,1.3303834199905396,294.41302490234375,0.6898587942123413,279.41357421875,269.79510498046875,0.09298843890428543,3.268723964691162,300.0,0.0537916667138537
20230810.0,1.409999966621399,40.0,12.0,0.05999999865889549,0.1080000028014183,0.10999999940395355,0.24768154323101044,1.3303834199905396,298.9814453125,0.6891065239906311,280.24310302734375,271.0580749511719,0.1659005731344223,3.7643795013427734,300.0,0.0532083335953454
20230813.0,1.409999966621399,40.0,12.0,0.05999999865889549,0.1080000028014183,0.10999999940395355,0.24768154323101044,1.3303834199905396,298.2352294921875,0.6877480745315552,281.84478759765625,271.7981872558594,0.3753897249698639,2.9634883403778076,300.0,0.050625000304232
20230815.0,1.409999966621399,40.0,12.0,0.05999999865889549,0.1080000028014183,0.10999999940395355,0.24768154323101044,1.3303834199905396,297.36334228515625,0.6819393038749695,281.5296936035156,273.0885009765625,3.1504081562161446e-05,3.004730463027954,300.0,0.0492499995355805
20230816.0,1.409999966621399,40.0,12.0,0.05999999865889549,0.1080000028014183,0.10999999940395355,0.24768154323101044,1.3303834199905396,297.36285400390625,0.6790416836738586,281.38372802734375,272.76861572265625,0.03001990169286728,2.6871018409729004,300.0,0.0479999994859099
20230818.0,1.409999966621399,40.0,12.0,0.05999999865889549,0.1080000028014183,0.10999999940395355,0.24768154323101044,1.3303834199905396,299.29486083984375,0.6729275584220886,280.1719970703125,272.98236083984375,0.0,2.3288612365722656,300.0,0.0467499997466803
20230821.0,1.409999966621399,40.0,12.0,0.05999999865889549,0.1080000028014183,0.10999999940395355,0.24768154323101044,1.3303834199905396,301.9371337890625,0.6664379835128784,283.4629821777344,274.72869873046875,0.16583244502544403,2.2032783031463623,300.0,0.0450000003911555
20230823.0,1.409999966621399,40.0,12.0,0.05999999865889549,0.1080000028014183,0.10999999940395355,0.24768154323101044,1.3303834199905396,301.4945068359375,0.7020795941352844,274.92108154296875,263.5152587890625,1.0751245021820068,2.260131359100342,300.0,0.0434583340150615
20230824.0,1.409999966621399,40.0,12.0,0.05999999865889549,0.1080000028014183,0.10999999940395355,0.24768154323101044,1.3303834199905396,301.0500793457031,0.7201544642448425,277.322509765625,266.3551940917969,0.39191004633903503,2.358470916748047,300.0,0.0435833341131608
20230826.0,1.409999966621399,40.0,12.0,0.05999999865889549,0.1080000028014183,0.10999999940395355,0.24768154323101044,1.3303834199905396,294.9537658691406,0.7588452696800232,280.5765380859375,271.927001953125,13.326966285705566,2.5881011486053467,300.0,0.0420833334016303
20230829.0,1.409999966621399,40.0,12.0,0.05999999865889549,0.1080000028014183,0.10999999940395355,0.24768154323101044,1.3303834199905396,290.73919677734375,0.8135019540786743,267.6864318847656,254.54116821289062,8.08988094329834,3.6411726474761963,300.0,0.0560000003560593
20230831.0,1.409999966621399,40.0,12.0,0.05999999865889549,0.1080000028014183,0.10999999940395355,0.24768154323101044,1.3303834199905396,291.7579650878906,0.7812274098396301,273.3404846191406,263.0523681640625,0.5185810923576355,3.410895824432373,300.0,0.0596086951377599
20230901.0,1.409999966621399,40.0,12.0,0.05999999865889549,0.1080000028014183,0.10999999940395355,0.24768154323101044,1.3303834199905396,291.7746276855469,0.7652759552001953,274.246826171875,262.2970275878906,0.9533666968345642,2.452488660812378,300.0,0.060374999884516
20230903.0,1.409999966621399,40.0,12.0,0.05999999865889549,0.1080000028014183,0.10999999940395355,0.24768154323101044,1.3303834199905396,292.8989562988281,0.7307114601135254,275.4573059082031,266.0656433105469,0.0028281237464398146,3.269857883453369,300.0,0.059666666512688
20230906.0,1.409999966621399,40.0,12.0,0.05999999865889549,0.1080000028014183,0.10999999940395355,0.24768154323101044,1.3303834199905396,293.7878112792969,0.680479884147644,278.68524169921875,267.8500061035156,0.00015752042236272246,3.058929681777954,300.0,0.0598749998025596
20230908.0,1.409999966621399,40.0,12.0,0.05999999865889549,0.1080000028014183,0.10999999940395355,0.24768154323101044,1.3303834199905396,293.07281494140625,0.6782900094985962,279.19561767578125,270.854736328125,0.0,2.9010331630706787,300.0,0.0587083323237797
20230909.0,1.409999966621399,40.0,12.0,0.05999999865889549,0.1080000028014183,0.10999999940395355,0.24768154323101044,1.3303834199905396,293.08636474609375,0.6771960258483887,278.2315368652344,269.78375244140625,0.003542534075677395,2.850804090499878,300.0,0.0584166658421357
20230911.0,1.409999966621399,40.0,12.0,0.05999999865889549,0.1080000028014183,0.10999999940395355,0.24768154323101044,1.3303834199905396,294.2818908691406,0.6749794483184814,279.4407043457031,267.337158203125,0.22739554941654205,2.5876309871673584,300.0,0.0579999994176129
20230914.0,1.409999966621399,40.0,12.0,0.05999999865889549,0.1080000028014183,0.10999999940395355,0.24768154323101044,1.3303834199905396,291.5325622558594,0.6723434925079346,272.48785400390625,262.8153076171875,3.952335834503174,2.1395390033721924,300.0,0.0565833340709408
20230916.0,1.409999966621399,40.0,12.0,0.05999999865889549,0.1080000028014183,0.10999999940395355,0.24768154323101044,1.3303834199905396,291.8235778808594,0.6809332370758057,257.41632080078125,241.33438110351562,0.23218365013599396,2.922902822494507,300.0,0.0686250001502534
20230917.0,1.409999966621399,40.0,12.0,0.05999999865889549,0.1080000028014183,0.10999999940395355,0.24768154323101044,1.3303834199905396,292.491943359375,0.6852430701255798,265.6385498046875,248.76547241210938,2.756002426147461,2.6668646335601807,300.0,0.0788421054419718
20230919.0,1.409999966621399,40.0,12.0,0.05999999865889549,0.1080000028014183,0.10999999940395355,0.24768154323101044,1.3303834199905396,290.8470153808594,0.6943463087081909,267.3131103515625,252.51705932617188,1.2897021770477295,2.120936632156372,300.0,0.0801666661476095
20230922.0,1.409999966621399,40.0,12.0,0.05999999865889549,0.1080000028014183,0.10999999940395355,0.24768154323101044,1.3303834199905396,288.92486572265625,0.7082036137580872,268.3455810546875,254.37118530273438,0.20959514379501343,2.442357301712036,300.0,0.0818333346396685
20230924.0,1.409999966621399,40.0,12.0,0.05999999865889549,0.1080000028014183,0.10999999940395355,0.24768154323101044,1.3303834199905396,289.3315734863281,0.7200299501419067,270.2275695800781,257.14093017578125,0.19147725403308868,2.186999559402466,300.0,0.078666669006149
20230925.0,1.409999966621399,40.0,12.0,0.05999999865889549,0.1080000028014183,0.10999999940395355,0.24768154323101044,1.3303834199905396,289.9441223144531,0.7259700894355774,272.61285400390625,261.2958068847656,0.00086415238911286,2.082838535308838,300.0,0.0780000016093254
20230927.0,1.409999966621399,40.0,12.0,0.05999999865889549,0.1080000028014183,0.10999999940395355,0.24768154323101044,1.3303834199905396,291.5328063964844,0.7380397915840149,273.57794189453125,264.91705322265625,0.0,2.149726390838623,300.0,0.0762083319326242
20230930.0,1.409999966621399,40.0,12.0,0.05999999865889549,0.1080000028014183,0.10999999940395355,0.24768154323101044,1.3303834199905396,293.82940673828125,0.7557669281959534,275.35443115234375,265.7836608886719,0.0017183154122903943,2.2082903385162354,300.0,0.0724999979138374
20231002.0,1.409999966621399,40.0,12.0,0.05999999865889549,0.1080000028014183,0.10999999940395355,0.24768154323101044,1.3303834199905396,293.0790710449219,0.7600224018096924,278.9370422363281,269.2348937988281,0.004240097478032112,1.611833930015564,300.0,0.0701666673024495
20231003.0,1.409999966621399,40.0,12.0,0.05999999865889549,0.1080000028014183,0.10999999940395355,0.24768154323101044,1.3303834199905396,293.7273864746094,0.7621535062789917,277.74273681640625,269.403564453125,1.958717703819275,1.5008455514907837,300.0,0.0695833327869574
20231005.0,1.409999966621399,40.0,12.0,0.05999999865889549,0.1080000028014183,0.10999999940395355,0.24768154323101044,1.3303834199905396,292.96771240234375,0.7661978006362915,278.2834167480469,269.5906677246094,0.04098593071103096,1.4915074110031128,300.0,0.0672916689266761
20231008.0,1.409999966621399,40.0,12.0,0.05999999865889549,0.1080000028014183,0.10999999940395355,0.24768154323101044,1.3303834199905396,293.6634826660156,0.7697533369064331,276.54150390625,269.15460205078125,0.020924046635627747,1.6102235317230225,300.0,0.0653749983757734
20231010.0,1.409999966621399,40.0,12.0,0.05999999865889549,0.1080000028014183,0.10999999940395355,0.24768154323101044,1.3303834199905396,292.0131530761719,0.7338210344314575,276.13031005859375,268.8919982910156,0.0017288129311054945,1.5907845497131348,300.0,0.0638750018551946
20231011.0,1.409999966621399,40.0,12.0,0.05999999865889549,0.1080000028014183,0.10999999940395355,0.24768154323101044,1.3303834199905396,291.3763427734375,0.7160958051681519,274.7792663574219,267.01806640625,0.0,1.4564992189407349,300.0,0.0632083347688119
20231013.0,1.409999966621399,40.0,12.0,0.05999999865889549,0.1080000028014183,0.10999999940395355,0.24768154323101044,1.3303834199905396,291.6826477050781,0.6793853640556335,275.0062561035156,268.3162841796875,0.004889306146651506,1.31785249710083,300.0,0.062000000073264
20231016.0,1.409999966621399,40.0,12.0,0.05999999865889549,0.1080000028014183,0.10999999940395355,0.24768154323101044,1.3303834199905396,287.88861083984375,0.6260780096054077,271.287841796875,259.79559326171875,13.009061813354492,1.1717385053634644,300.0,0.0613750000484288
20231018.0,1.409999966621399,40.0,12.0,0.05999999865889549,0.1080000028014183,0.10999999940395355,0.24768154323101044,1.3303834199905396,289.8318786621094,0.6310175061225891,270.6804504394531,258.29827880859375,4.649796962738037,1.6027603149414062,300.0,0.0634782628520675
20231019.0,1.409999966621399,40.0,12.0,0.05999999865889549,0.1080000028014183,0.10999999940395355,0.24768154323101044,1.3303834199905396,286.97467041015625,0.6334924101829529,269.96966552734375,257.75897216796875,27.862957000732422,1.5408016443252563,300.0,0.0636666680996617
20231021.0,1.409999966621399,40.0,12.0,0.05999999865889549,0.1080000028014183,0.10999999940395355,0.24768154323101044,1.3303834199905396,283.8470764160156,0.638477623462677,254.85116577148438,240.0949249267578,0.261752188205719,1.6805049180984497,300.0,0.0935882351854268
20231024.0,1.409999966621399,40.0,12.0,0.05999999865889549,0.1080000028014183,0.10999999940395355,0.24768154323101044,1.3303834199905396,284.80303955078125,0.6454195380210876,256.4316711425781,242.20230102539062,1.4041621685028076,1.9826124906539917,300.0,0.119708333164454
20231026.0,1.409999966621399,40.0,12.0,0.05999999865889549,0.1080000028014183,0.10999999940395355,0.24768154323101044,1.3303834199905396,287.0377502441406,0.6415761113166809,264.07147216796875,250.35952758789062,0.6442101001739502,1.3894845247268677,300.0,0.133761907617251
20231027.0,1.409999966621399,40.0,12.0,0.05999999865889549,0.1080000028014183,0.10999999940395355,0.24768154323101044,1.3303834199905396,284.6354064941406,0.6396575570106506,262.744384765625,250.38954162597656,0.029031885787844658,1.5512824058532715,300.0,0.134260873431745
20231029.0,1.409999966621399,40.0,12.0,0.05999999865889549,0.1080000028014183,0.10999999940395355,0.24768154323101044,1.3303834199905396,284.0841369628906,0.6353957653045654,265.7972717285156,251.45672607421875,0.0019339596619829535,1.2007216215133667,300.0,0.132375000044703
20231101.0,1.409999966621399,40.0,12.0,0.05999999865889549,0.1080000028014183,0.10999999940395355,0.24768154323101044,1.3303834199905396,282.00396728515625,0.630367636680603,261.2616882324219,245.92251586914062,0.8608589768409729,1.1435075998306274,300.0,0.136739128957624
20231103.0,1.409999966621399,40.0,12.0,0.05999999865889549,0.1080000028014183,0.10999999940395355,0.24768154323101044,1.3303834199905396,280.20074462890625,0.6468601226806641,254.86843872070312,239.55868530273438,0.025457467883825302,1.4240121841430664,300.0,0.148368419785249
20231104.0,1.409999966621399,40.0,12.0,0.05999999865889549,0.1080000028014183,0.10999999940395355,0.24768154323101044,1.3303834199905396,281.312255859375,0.6551635265350342,256.372802734375,241.62953186035156,2.530941963195801,1.2586294412612915,300.0,0.155933332443237
20231106.0,1.409999966621399,40.0,12.0,0.05999999865889549,0.1080000028014183,0.10999999940395355,0.24768154323101044,1.3303834199905396,279.103759765625,0.6727955937385559,258.5321044921875,247.1699981689453,0.0008523463038727641,1.0858120918273926,300.0,0.162565219013587
20231109.0,1.409999966621399,40.0,12.0,0.05999999865889549,0.1080000028014183,0.10999999940395355,0.24768154323101044,1.3303834199905396,279.94927978515625,0.6990634799003601,256.1587829589844,242.0218505859375,1.7847801446914673,1.1557412147521973,300.0,0.160375000288089
20231111.0,1.409999966621399,40.0,12.0,0.05999999865889549,0.1080000028014183,0.10999999940395355,0.24768154323101044,1.3303834199905396,282.6268005371094,0.7105831503868103,262.38262939453125,248.9791717529297,0.32482609152793884,0.7987306714057922,300.0,0.162291667734583
20231114.0,1.409999966621399,40.0,12.0,0.05999999865889549,0.1080000028014183,0.10999999940395355,0.24768154323101044,1.3303834199905396,284.75201416015625,0.7277964353561401,264.14794921875,252.67343139648438,0.006297288462519646,0.9631096124649048,300.0,0.15637500397861
20231117.0,1.409999966621399,40.0,12.0,0.05999999865889549,0.1080000028014183,0.10999999940395355,0.24768154323101044,1.3303834199905396,283.1731872558594,0.7432850003242493,263.4632568359375,252.31736755371094,1.5537348985671997,1.1069823503494263,300.0,0.149708337460955
20231120.0,1.409999966621399,40.0,12.0,0.05999999865889549,0.1080000028014183,0.10999999940395355,0.24768154323101044,1.3303834199905396,282.5236511230469,0.7181140184402466,264.41082763671875,253.67703247070312,1.1495872735977173,0.7993351221084595,300.0,0.143208336085081
20231122.0,1.409999966621399,40.0,12.0,0.05999999865889549,0.1080000028014183,0.10999999940395355,0.24768154323101044,1.3303834199905396,279.8529357910156,0.7003414630889893,263.2525634765625,253.72015380859375,0.0022303699515759945,0.9591988921165466,300.0,0.138666664560636
20231125.0,1.409999966621399,40.0,12.0,0.05999999865889549,0.1080000028014183,0.10999999940395355,0.24768154323101044,1.3303834199905396,278.46148681640625,0.6740894317626953,265.3450622558594,253.6267852783203,0.5321251749992371,0.7282071709632874,300.0,0.131999999284744
20231127.0,1.409999966621399,40.0,12.0,0.05999999865889549,0.1080000028014183,0.10999999940395355,0.24768154323101044,1.3303834199905396,278.8637390136719,0.6543698310852051,263.1210021972656,254.649658203125,0.003940123599022627,0.5475263595581055,300.0,0.128916662186384
20231128.0,1.409999966621399,40.0,12.0,0.05999999865889549,0.1080000028014183,0.10999999940395355,0.24768154323101044,1.3303834199905396,279.4898376464844,0.6445894837379456,263.41778564453125,255.38906860351562,0.06669089943170547,0.6555533409118652,300.0,0.127625005319715
20231130.0,1.409999966621399,40.0,12.0,0.05999999865889549,0.1080000028014183,0.10999999940395355,0.24768154323101044,1.3303834199905396,281.75958251953125,0.625067949295044,267.7915344238281,257.1215515136719,1.3869203329086304,0.5873388648033142,300.0,0.126772730865262
20231203.0,1.409999966621399,40.0,12.0,0.05999999865889549,0.1080000028014183,0.10999999940395355,0.24768154323101044,1.3303834199905396,273.33990478515625,0.5988363027572632,258.759765625,246.1222686767578,0.15573547780513763,0.5901186466217041,300.0,0.1476923089761
20231205.0,1.409999966621399,40.0,12.0,0.05999999865889549,0.1080000028014183,0.10999999940395355,0.24768154323101044,1.3303834199905396,275.0226745605469,0.621649444103241,256.45257568359375,245.37796020507812,0.049184780567884445,0.49886447191238403,300.0,0.151043471434842
20231206.0,1.409999966621399,40.0,12.0,0.05999999865889549,0.1080000028014183,0.10999999940395355,0.24768154323101044,1.3303834199905396,275.75677490234375,0.6331691145896912,257.28045654296875,244.62942504882812,0.0,0.5642276406288147,300.0,0.151565211622611
20231208.0,1.409999966621399,40.0,12.0,0.05999999865889549,0.1080000028014183,0.10999999940395355,0.24768154323101044,1.3303834199905396,279.3853454589844,0.6583600640296936,257.33416748046875,241.8485107421875,1.254246711730957,0.9279121160507202,300.0,0.153428569436073
20231211.0,1.409999966621399,40.0,12.0,0.05999999865889549,0.1080000028014183,0.10999999940395355,0.24768154323101044,1.3303834199905396,279.62542724609375,0.6943427324295044,260.42474365234375,247.067138671875,0.002321929670870304,0.43728873133659363,300.0,0.153999999165535
20231213.0,1.409999966621399,40.0,12.0,0.05999999865889549,0.1080000028014183,0.10999999940395355,0.24768154323101044,1.3303834199905396,279.7463684082031,0.6842071413993835,259.1621398925781,246.99996948242188,0.17491579055786133,0.6769551038742065,300.0,0.152999997138977
